event_district_id,state,district,baseline_status,aoi_match_status,aoi_source,geometry_id,aoi_match_method,aoi_boundary_year,aoi_historical_boundary_verified,aoi_match_evidence,aoi_boundary_note,review_reason
E009::anantnag,Jammu and Kashmir,Anantnag,OK,matched,geoBoundaries/gbOpen/IND/ADM2/2021@8bef6929fd65432e7dc775e7c44473e84efff064ebddbfd6b834e6291546db40,76128533B6393836306469,exact_or_spacing,2021.0,False,https://www.geoboundaries.org/api/current/gbOpen/IND/ADM2/,"District identity matched; 2021 reference geometry, NOT event-year boundary equivalence. No parent substitution.","District identity matched; 2021 reference geometry, NOT event-year boundary equivalence. No parent substitution."
E001::srinagar,Jammu and Kashmir,Srinagar,OK,matched,geoBoundaries/gbOpen/IND/ADM2/2021@8bef6929fd65432e7dc775e7c44473e84efff064ebddbfd6b834e6291546db40,76128533B32249045995424,exact_or_spacing,2021.0,False,https://www.geoboundaries.org/api/current/gbOpen/IND/ADM2/,"District identity matched; 2021 reference geometry, NOT event-year boundary equivalence. No parent substitution.","District identity matched; 2021 reference geometry, NOT event-year boundary equivalence. No parent substitution."
E001::bandipora,Jammu and Kashmir,Bandipora,OK,matched,geoBoundaries/gbOpen/IND/ADM2/2021@8bef6929fd65432e7dc775e7c44473e84efff064ebddbfd6b834e6291546db40,76128533B41744580856133,census_label_alias,2021.0,False,https://censusindia.gov.in/nada/index.php/catalog/42557,"District identity matched; 2021 reference geometry, NOT event-year boundary equivalence. No parent substitution.","District identity matched; 2021 reference geometry, NOT event-year boundary equivalence. No parent substitution."
E001::anantnag,Jammu and Kashmir,Anantnag,OK,matched,geoBoundaries/gbOpen/IND/ADM2/2021@8bef6929fd65432e7dc775e7c44473e84efff064ebddbfd6b834e6291546db40,76128533B6393836306469,exact_or_spacing,2021.0,False,https://www.geoboundaries.org/api/current/gbOpen/IND/ADM2/,"District identity matched; 2021 reference geometry, NOT event-year boundary equivalence. No parent substitution.","District identity matched; 2021 reference geometry, NOT event-year boundary equivalence. No parent substitution."
E001::pulwama,Jammu and Kashmir,Pulwama,OK,matched,geoBoundaries/gbOpen/IND/ADM2/2021@8bef6929fd65432e7dc775e7c44473e84efff064ebddbfd6b834e6291546db40,76128533B74958462315105,exact_or_spacing,2021.0,False,https://www.geoboundaries.org/api/current/gbOpen/IND/ADM2/,"District identity matched; 2021 reference geometry, NOT event-year boundary equivalence. No parent substitution.","District identity matched; 2021 reference geometry, NOT event-year boundary equivalence. No parent substitution."
E001::ganderbal,Jammu and Kashmir,Ganderbal,OK,matched,geoBoundaries/gbOpen/IND/ADM2/2021@8bef6929fd65432e7dc775e7c44473e84efff064ebddbfd6b834e6291546db40,76128533B20504715877560,exact_or_spacing,2021.0,False,https://www.geoboundaries.org/api/current/gbOpen/IND/ADM2/,"District identity matched; 2021 reference geometry, NOT event-year boundary equivalence. No parent substitution.","District identity matched; 2021 reference geometry, NOT event-year boundary equivalence. No parent substitution."
E001::shopian,Jammu and Kashmir,Shopian,OK,matched,geoBoundaries/gbOpen/IND/ADM2/2021@8bef6929fd65432e7dc775e7c44473e84efff064ebddbfd6b834e6291546db40,76128533B37825396764028,census_label_alias,2021.0,False,https://censusindia.gov.in/nada/index.php/catalog/42557,"District identity matched; 2021 reference geometry, NOT event-year boundary equivalence. No parent substitution.","District identity matched; 2021 reference geometry, NOT event-year boundary equivalence. No parent substitution."
E001::baramulla,Jammu and Kashmir,Baramulla,OK,matched,geoBoundaries/gbOpen/IND/ADM2/2021@8bef6929fd65432e7dc775e7c44473e84efff064ebddbfd6b834e6291546db40,76128533B15567489974292,census_label_alias,2021.0,False,https://censusindia.gov.in/nada/index.php/catalog/42557,"District identity matched; 2021 reference geometry, NOT event-year boundary equivalence. No parent substitution.","District identity matched; 2021 reference geometry, NOT event-year boundary equivalence. No parent substitution."
E001::budgam,Jammu and Kashmir,Budgam,OK,matched,geoBoundaries/gbOpen/IND/ADM2/2021@8bef6929fd65432e7dc775e7c44473e84efff064ebddbfd6b834e6291546db40,76128533B88214376170788,census_label_alias,2021.0,False,https://censusindia.gov.in/nada/index.php/catalog/42557,"District identity matched; 2021 reference geometry, NOT event-year boundary equivalence. No parent substitution.","District identity matched; 2021 reference geometry, NOT event-year boundary equivalence. No parent substitution."
E014::east%20kameng,Arunachal Pradesh,East Kameng,OK,matched,geoBoundaries/gbOpen/IND/ADM2/2021@8bef6929fd65432e7dc775e7c44473e84efff064ebddbfd6b834e6291546db40,76128533B76129461078086,exact_or_spacing,2021.0,False,https://www.geoboundaries.org/api/current/gbOpen/IND/ADM2/,"District identity matched; 2021 reference geometry, NOT event-year boundary equivalence. No parent substitution.","District identity matched; 2021 reference geometry, NOT event-year boundary equivalence. No parent substitution."
E010::barnala,Punjab,Barnala,OK,matched,geoBoundaries/gbOpen/IND/ADM2/2021@8bef6929fd65432e7dc775e7c44473e84efff064ebddbfd6b834e6291546db40,76128533B39051871473194,exact_or_spacing,2021.0,False,https://www.geoboundaries.org/api/current/gbOpen/IND/ADM2/,"District identity matched; 2021 reference geometry, NOT event-year boundary equivalence. No parent substitution.","District identity matched; 2021 reference geometry, NOT event-year boundary equivalence. No parent substitution."
E004::palghar,Maharashtra,Palghar,NO_IMAGERY,matched,geoBoundaries/gbOpen/IND/ADM2/2021@8bef6929fd65432e7dc775e7c44473e84efff064ebddbfd6b834e6291546db40,76128533B37148244536449,exact_or_spacing,2021.0,False,https://www.geoboundaries.org/api/current/gbOpen/IND/ADM2/,"District identity matched; 2021 reference geometry, NOT event-year boundary equivalence. No parent substitution.","District identity matched; 2021 reference geometry, NOT event-year boundary equivalence. No parent substitution."
E003::tapi,Gujarat,Tapi,NO_IMAGERY,matched,geoBoundaries/gbOpen/IND/ADM2/2021@8bef6929fd65432e7dc775e7c44473e84efff064ebddbfd6b834e6291546db40,76128533B12519626815499,exact_or_spacing,2021.0,False,https://www.geoboundaries.org/api/current/gbOpen/IND/ADM2/,"District identity matched; 2021 reference geometry, NOT event-year boundary equivalence. No parent substitution.","District identity matched; 2021 reference geometry, NOT event-year boundary equivalence. No parent substitution."
E003::morbi,Gujarat,Morbi,OK,matched,geoBoundaries/gbOpen/IND/ADM2/2021@8bef6929fd65432e7dc775e7c44473e84efff064ebddbfd6b834e6291546db40,76128533B2080752988715,exact_or_spacing,2021.0,False,https://www.geoboundaries.org/api/current/gbOpen/IND/ADM2/,"District identity matched; 2021 reference geometry, NOT event-year boundary equivalence. No parent substitution.","District identity matched; 2021 reference geometry, NOT event-year boundary equivalence. No parent substitution."
E005::darjeeling,West Bengal,Darjeeling,OK,matched,geoBoundaries/gbOpen/IND/ADM2/2021@8bef6929fd65432e7dc775e7c44473e84efff064ebddbfd6b834e6291546db40,76128533B17109302371020,reviewed_alias,2021.0,False,https://www.geoboundaries.org/api/current/gbOpen/IND/ADM2/,"District identity matched; 2021 reference geometry, NOT event-year boundary equivalence. No parent substitution.","District identity matched; 2021 reference geometry, NOT event-year boundary equivalence. No parent substitution."
E016::baksa,Assam,Baksa,OK,matched,geoBoundaries/gbOpen/IND/ADM2/2021@8bef6929fd65432e7dc775e7c44473e84efff064ebddbfd6b834e6291546db40,76128533B8221925175605,exact_or_spacing,2021.0,False,https://www.geoboundaries.org/api/current/gbOpen/IND/ADM2/,"District identity matched; 2021 reference geometry, NOT event-year boundary equivalence. No parent substitution.","District identity matched; 2021 reference geometry, NOT event-year boundary equivalence. No parent substitution."
E019::jiribam,Manipur,Jiribam,OK,matched,geoBoundaries/gbOpen/IND/ADM2/2021@8bef6929fd65432e7dc775e7c44473e84efff064ebddbfd6b834e6291546db40,76128533B64881202564500,exact_or_spacing,2021.0,False,https://www.geoboundaries.org/api/current/gbOpen/IND/ADM2/,"District identity matched; 2021 reference geometry, NOT event-year boundary equivalence. No parent substitution.","District identity matched; 2021 reference geometry, NOT event-year boundary equivalence. No parent substitution."
E016::udalguri,Assam,Udalguri,NO_IMAGERY,matched,geoBoundaries/gbOpen/IND/ADM2/2021@8bef6929fd65432e7dc775e7c44473e84efff064ebddbfd6b834e6291546db40,76128533B20307518801538,exact_or_spacing,2021.0,False,https://www.geoboundaries.org/api/current/gbOpen/IND/ADM2/,"District identity matched; 2021 reference geometry, NOT event-year boundary equivalence. No parent substitution.","District identity matched; 2021 reference geometry, NOT event-year boundary equivalence. No parent substitution."
E016::dhubri,Assam,Dhubri,OK,matched,geoBoundaries/gbOpen/IND/ADM2/2021@8bef6929fd65432e7dc775e7c44473e84efff064ebddbfd6b834e6291546db40,76128533B25835998628545,exact_or_spacing,2021.0,False,https://www.geoboundaries.org/api/current/gbOpen/IND/ADM2/,"District identity matched; 2021 reference geometry, NOT event-year boundary equivalence. No parent substitution.","District identity matched; 2021 reference geometry, NOT event-year boundary equivalence. No parent substitution."
E016::morigaon,Assam,Morigaon,NO_IMAGERY,matched,geoBoundaries/gbOpen/IND/ADM2/2021@8bef6929fd65432e7dc775e7c44473e84efff064ebddbfd6b834e6291546db40,76128533B17968019348564,exact_or_spacing,2021.0,False,https://www.geoboundaries.org/api/current/gbOpen/IND/ADM2/,"District identity matched; 2021 reference geometry, NOT event-year boundary equivalence. No parent substitution.","District identity matched; 2021 reference geometry, NOT event-year boundary equivalence. No parent substitution."
E020::balasore,Odisha,Balasore,OK,matched,geoBoundaries/gbOpen/IND/ADM2/2021@8bef6929fd65432e7dc775e7c44473e84efff064ebddbfd6b834e6291546db40,76128533B81147724102706,census_label_alias,2021.0,False,https://censusindia.gov.in/nada/index.php/catalog/42557,"District identity matched; 2021 reference geometry, NOT event-year boundary equivalence. No parent substitution.","District identity matched; 2021 reference geometry, NOT event-year boundary equivalence. No parent substitution."
E021::jalore,Rajasthan,Jalore,NO_IMAGERY,matched,geoBoundaries/gbOpen/IND/ADM2/2021@8bef6929fd65432e7dc775e7c44473e84efff064ebddbfd6b834e6291546db40,76128533B59459156188335,census_label_alias,2021.0,False,https://censusindia.gov.in/nada/index.php/catalog/42557,"District identity matched; 2021 reference geometry, NOT event-year boundary equivalence. No parent substitution.","District identity matched; 2021 reference geometry, NOT event-year boundary equivalence. No parent substitution."
E017::kutch,Gujarat,Kutch,OK,matched,geoBoundaries/gbOpen/IND/ADM2/2021@8bef6929fd65432e7dc775e7c44473e84efff064ebddbfd6b834e6291546db40,76128533B91881382098572,census_label_alias,2021.0,False,https://censusindia.gov.in/nada/index.php/catalog/42557,"District identity matched; 2021 reference geometry, NOT event-year boundary equivalence. No parent substitution.","District identity matched; 2021 reference geometry, NOT event-year boundary equivalence. No parent substitution."
E023::baksa,Assam,Baksa,OK,matched,geoBoundaries/gbOpen/IND/ADM2/2021@8bef6929fd65432e7dc775e7c44473e84efff064ebddbfd6b834e6291546db40,76128533B8221925175605,exact_or_spacing,2021.0,False,https://www.geoboundaries.org/api/current/gbOpen/IND/ADM2/,"District identity matched; 2021 reference geometry, NOT event-year boundary equivalence. No parent substitution.","District identity matched; 2021 reference geometry, NOT event-year boundary equivalence. No parent substitution."
E023::udalguri,Assam,Udalguri,NO_IMAGERY,matched,geoBoundaries/gbOpen/IND/ADM2/2021@8bef6929fd65432e7dc775e7c44473e84efff064ebddbfd6b834e6291546db40,76128533B20307518801538,exact_or_spacing,2021.0,False,https://www.geoboundaries.org/api/current/gbOpen/IND/ADM2/,"District identity matched; 2021 reference geometry, NOT event-year boundary equivalence. No parent substitution.","District identity matched; 2021 reference geometry, NOT event-year boundary equivalence. No parent substitution."
E023::morigaon,Assam,Morigaon,NO_IMAGERY,matched,geoBoundaries/gbOpen/IND/ADM2/2021@8bef6929fd65432e7dc775e7c44473e84efff064ebddbfd6b834e6291546db40,76128533B17968019348564,exact_or_spacing,2021.0,False,https://www.geoboundaries.org/api/current/gbOpen/IND/ADM2/,"District identity matched; 2021 reference geometry, NOT event-year boundary equivalence. No parent substitution.","District identity matched; 2021 reference geometry, NOT event-year boundary equivalence. No parent substitution."
E022::malda,West Bengal,Malda,OK,matched,geoBoundaries/gbOpen/IND/ADM2/2021@8bef6929fd65432e7dc775e7c44473e84efff064ebddbfd6b834e6291546db40,76128533B36734405131975,census_label_alias,2021.0,False,https://censusindia.gov.in/nada/index.php/catalog/42557,"District identity matched; 2021 reference geometry, NOT event-year boundary equivalence. No parent substitution.","District identity matched; 2021 reference geometry, NOT event-year boundary equivalence. No parent substitution."
E022::alipurduar,West Bengal,Alipurduar,OK,matched,geoBoundaries/gbOpen/IND/ADM2/2021@8bef6929fd65432e7dc775e7c44473e84efff064ebddbfd6b834e6291546db40,76128533B23858286755005,exact_or_spacing,2021.0,False,https://www.geoboundaries.org/api/current/gbOpen/IND/ADM2/,"District identity matched; 2021 reference geometry, NOT event-year boundary equivalence. No parent substitution.","District identity matched; 2021 reference geometry, NOT event-year boundary equivalence. No parent substitution."
E024::morigaon,Assam,Morigaon,OK,matched,geoBoundaries/gbOpen/IND/ADM2/2021@8bef6929fd65432e7dc775e7c44473e84efff064ebddbfd6b834e6291546db40,76128533B17968019348564,exact_or_spacing,2021.0,False,https://www.geoboundaries.org/api/current/gbOpen/IND/ADM2/,"District identity matched; 2021 reference geometry, NOT event-year boundary equivalence. No parent substitution.","District identity matched; 2021 reference geometry, NOT event-year boundary equivalence. No parent substitution."
E025::ysr%20kadapa,Andhra Pradesh,YSR Kadapa,NO_IMAGERY,matched,geoBoundaries/gbOpen/IND/ADM2/2021@8bef6929fd65432e7dc775e7c44473e84efff064ebddbfd6b834e6291546db40,76128533B72109128179340,reviewed_alias,2021.0,False,https://www.geoboundaries.org/api/current/gbOpen/IND/ADM2/,"District identity matched; 2021 reference geometry, NOT event-year boundary equivalence. No parent substitution.","District identity matched; 2021 reference geometry, NOT event-year boundary equivalence. No parent substitution."
E024::sivasagar,Assam,Sivasagar,OK,matched,geoBoundaries/gbOpen/IND/ADM2/2021@8bef6929fd65432e7dc775e7c44473e84efff064ebddbfd6b834e6291546db40,76128533B21722277889516,exact_or_spacing,2021.0,False,https://www.geoboundaries.org/api/current/gbOpen/IND/ADM2/,"District identity matched; 2021 reference geometry, NOT event-year boundary equivalence. No parent substitution.","District identity matched; 2021 reference geometry, NOT event-year boundary equivalence. No parent substitution."
E028::tawang,Arunachal Pradesh,Tawang,OK,matched,geoBoundaries/gbOpen/IND/ADM2/2021@8bef6929fd65432e7dc775e7c44473e84efff064ebddbfd6b834e6291546db40,76128533B18668117085772,exact_or_spacing,2021.0,False,https://www.geoboundaries.org/api/current/gbOpen/IND/ADM2/,"District identity matched; 2021 reference geometry, NOT event-year boundary equivalence. No parent substitution.","District identity matched; 2021 reference geometry, NOT event-year boundary equivalence. No parent substitution."
E027::thiruvarur,Tamil Nadu,Thiruvarur,OK,matched,geoBoundaries/gbOpen/IND/ADM2/2021@8bef6929fd65432e7dc775e7c44473e84efff064ebddbfd6b834e6291546db40,76128533B45072089356239,exact_or_spacing,2021.0,False,https://www.geoboundaries.org/api/current/gbOpen/IND/ADM2/,"District identity matched; 2021 reference geometry, NOT event-year boundary equivalence. No parent substitution.","District identity matched; 2021 reference geometry, NOT event-year boundary equivalence. No parent substitution."
E031::namsai,Arunachal Pradesh,Namsai,OK,matched,geoBoundaries/gbOpen/IND/ADM2/2021@8bef6929fd65432e7dc775e7c44473e84efff064ebddbfd6b834e6291546db40,76128533B1875965515331,exact_or_spacing,2021.0,False,https://www.geoboundaries.org/api/current/gbOpen/IND/ADM2/,"District identity matched; 2021 reference geometry, NOT event-year boundary equivalence. No parent substitution.","District identity matched; 2021 reference geometry, NOT event-year boundary equivalence. No parent substitution."
E027::viluppuram,Tamil Nadu,Viluppuram,OK,matched,geoBoundaries/gbOpen/IND/ADM2/2021@8bef6929fd65432e7dc775e7c44473e84efff064ebddbfd6b834e6291546db40,76128533B86430586962522,exact_or_spacing,2021.0,False,https://www.geoboundaries.org/api/current/gbOpen/IND/ADM2/,"District identity matched; 2021 reference geometry, NOT event-year boundary equivalence. No parent substitution.","District identity matched; 2021 reference geometry, NOT event-year boundary equivalence. No parent substitution."
E029::dhubri,Assam,Dhubri,OK,matched,geoBoundaries/gbOpen/IND/ADM2/2021@8bef6929fd65432e7dc775e7c44473e84efff064ebddbfd6b834e6291546db40,76128533B25835998628545,exact_or_spacing,2021.0,False,https://www.geoboundaries.org/api/current/gbOpen/IND/ADM2/,"District identity matched; 2021 reference geometry, NOT event-year boundary equivalence. No parent substitution.","District identity matched; 2021 reference geometry, NOT event-year boundary equivalence. No parent substitution."
E032::dhubri,Assam,Dhubri,OK,matched,geoBoundaries/gbOpen/IND/ADM2/2021@8bef6929fd65432e7dc775e7c44473e84efff064ebddbfd6b834e6291546db40,76128533B25835998628545,exact_or_spacing,2021.0,False,https://www.geoboundaries.org/api/current/gbOpen/IND/ADM2/,"District identity matched; 2021 reference geometry, NOT event-year boundary equivalence. No parent substitution.","District identity matched; 2021 reference geometry, NOT event-year boundary equivalence. No parent substitution."
E032::morigaon,Assam,Morigaon,OK,matched,geoBoundaries/gbOpen/IND/ADM2/2021@8bef6929fd65432e7dc775e7c44473e84efff064ebddbfd6b834e6291546db40,76128533B17968019348564,exact_or_spacing,2021.0,False,https://www.geoboundaries.org/api/current/gbOpen/IND/ADM2/,"District identity matched; 2021 reference geometry, NOT event-year boundary equivalence. No parent substitution.","District identity matched; 2021 reference geometry, NOT event-year boundary equivalence. No parent substitution."
E035::purnea,Bihar,Purnea,NO_IMAGERY,matched,geoBoundaries/gbOpen/IND/ADM2/2021@8bef6929fd65432e7dc775e7c44473e84efff064ebddbfd6b834e6291546db40,76128533B32499449492865,census_label_alias,2021.0,False,https://censusindia.gov.in/nada/index.php/catalog/42557,"District identity matched; 2021 reference geometry, NOT event-year boundary equivalence. No parent substitution.","District identity matched; 2021 reference geometry, NOT event-year boundary equivalence. No parent substitution."
E034::agar%20malwa,Madhya Pradesh,Agar Malwa,NO_IMAGERY,matched,geoBoundaries/gbOpen/IND/ADM2/2021@8bef6929fd65432e7dc775e7c44473e84efff064ebddbfd6b834e6291546db40,76128533B29721759389119,reviewed_alias,2021.0,False,https://www.geoboundaries.org/api/current/gbOpen/IND/ADM2/,"District identity matched; 2021 reference geometry, NOT event-year boundary equivalence. No parent substitution.","District identity matched; 2021 reference geometry, NOT event-year boundary equivalence. No parent substitution."
E036::prayagraj,Uttar Pradesh,Prayagraj,NO_IMAGERY,matched,geoBoundaries/gbOpen/IND/ADM2/2021@8bef6929fd65432e7dc775e7c44473e84efff064ebddbfd6b834e6291546db40,76128533B51368558457506,reviewed_alias,2021.0,False,https://prayagraj.nic.in/history/,"District identity matched; 2021 reference geometry, NOT event-year boundary equivalence. No parent substitution.","District identity matched; 2021 reference geometry, NOT event-year boundary equivalence. No parent substitution."
E038::dhubri,Assam,Dhubri,OK,matched,geoBoundaries/gbOpen/IND/ADM2/2021@8bef6929fd65432e7dc775e7c44473e84efff064ebddbfd6b834e6291546db40,76128533B25835998628545,exact_or_spacing,2021.0,False,https://www.geoboundaries.org/api/current/gbOpen/IND/ADM2/,"District identity matched; 2021 reference geometry, NOT event-year boundary equivalence. No parent substitution.","District identity matched; 2021 reference geometry, NOT event-year boundary equivalence. No parent substitution."
E039::chhota%20udaipur,Gujarat,Chhota Udaipur,NO_IMAGERY,matched,geoBoundaries/gbOpen/IND/ADM2/2021@8bef6929fd65432e7dc775e7c44473e84efff064ebddbfd6b834e6291546db40,76128533B69417260894674,exact_or_spacing,2021.0,False,https://www.geoboundaries.org/api/current/gbOpen/IND/ADM2/,"District identity matched; 2021 reference geometry, NOT event-year boundary equivalence. No parent substitution.","District identity matched; 2021 reference geometry, NOT event-year boundary equivalence. No parent substitution."
E038::morigaon,Assam,Morigaon,OK,matched,geoBoundaries/gbOpen/IND/ADM2/2021@8bef6929fd65432e7dc775e7c44473e84efff064ebddbfd6b834e6291546db40,76128533B17968019348564,exact_or_spacing,2021.0,False,https://www.geoboundaries.org/api/current/gbOpen/IND/ADM2/,"District identity matched; 2021 reference geometry, NOT event-year boundary equivalence. No parent substitution.","District identity matched; 2021 reference geometry, NOT event-year boundary equivalence. No parent substitution."
E039::tapi,Gujarat,Tapi,NO_IMAGERY,matched,geoBoundaries/gbOpen/IND/ADM2/2021@8bef6929fd65432e7dc775e7c44473e84efff064ebddbfd6b834e6291546db40,76128533B12519626815499,exact_or_spacing,2021.0,False,https://www.geoboundaries.org/api/current/gbOpen/IND/ADM2/,"District identity matched; 2021 reference geometry, NOT event-year boundary equivalence. No parent substitution.","District identity matched; 2021 reference geometry, NOT event-year boundary equivalence. No parent substitution."
E040::palghar,Maharashtra,Palghar,NO_IMAGERY,matched,geoBoundaries/gbOpen/IND/ADM2/2021@8bef6929fd65432e7dc775e7c44473e84efff064ebddbfd6b834e6291546db40,76128533B37148244536449,exact_or_spacing,2021.0,False,https://www.geoboundaries.org/api/current/gbOpen/IND/ADM2/,"District identity matched; 2021 reference geometry, NOT event-year boundary equivalence. No parent substitution.","District identity matched; 2021 reference geometry, NOT event-year boundary equivalence. No parent substitution."
E045::jalore,Rajasthan,Jalore,OK,matched,geoBoundaries/gbOpen/IND/ADM2/2021@8bef6929fd65432e7dc775e7c44473e84efff064ebddbfd6b834e6291546db40,76128533B59459156188335,census_label_alias,2021.0,False,https://censusindia.gov.in/nada/index.php/catalog/42557,"District identity matched; 2021 reference geometry, NOT event-year boundary equivalence. No parent substitution.","District identity matched; 2021 reference geometry, NOT event-year boundary equivalence. No parent substitution."
E041::visakhapatnam,Andhra Pradesh,Visakhapatnam,OK,matched,geoBoundaries/gbOpen/IND/ADM2/2021@8bef6929fd65432e7dc775e7c44473e84efff064ebddbfd6b834e6291546db40,76128533B71485440235524,exact_or_spacing,2021.0,False,https://www.geoboundaries.org/api/current/gbOpen/IND/ADM2/,"District identity matched; 2021 reference geometry, NOT event-year boundary equivalence. No parent substitution.","District identity matched; 2021 reference geometry, NOT event-year boundary equivalence. No parent substitution."
E047::chirang,Assam,Chirang,OK,matched,geoBoundaries/gbOpen/IND/ADM2/2021@8bef6929fd65432e7dc775e7c44473e84efff064ebddbfd6b834e6291546db40,76128533B56012535339305,exact_or_spacing,2021.0,False,https://www.geoboundaries.org/api/current/gbOpen/IND/ADM2/,"District identity matched; 2021 reference geometry, NOT event-year boundary equivalence. No parent substitution.","District identity matched; 2021 reference geometry, NOT event-year boundary equivalence. No parent substitution."
E047::charaideo,Assam,Charaideo,OK,matched,geoBoundaries/gbOpen/IND/ADM2/2021@8bef6929fd65432e7dc775e7c44473e84efff064ebddbfd6b834e6291546db40,76128533B89228414823983,exact_or_spacing,2021.0,False,https://www.geoboundaries.org/api/current/gbOpen/IND/ADM2/,"District identity matched; 2021 reference geometry, NOT event-year boundary equivalence. No parent substitution.","District identity matched; 2021 reference geometry, NOT event-year boundary equivalence. No parent substitution."
E047::biswanath,Assam,Biswanath,OK,matched,geoBoundaries/gbOpen/IND/ADM2/2021@8bef6929fd65432e7dc775e7c44473e84efff064ebddbfd6b834e6291546db40,76128533B40714385808093,exact_or_spacing,2021.0,False,https://www.geoboundaries.org/api/current/gbOpen/IND/ADM2/,"District identity matched; 2021 reference geometry, NOT event-year boundary equivalence. No parent substitution.","District identity matched; 2021 reference geometry, NOT event-year boundary equivalence. No parent substitution."
E047::hojai,Assam,Hojai,OK,matched,geoBoundaries/gbOpen/IND/ADM2/2021@8bef6929fd65432e7dc775e7c44473e84efff064ebddbfd6b834e6291546db40,76128533B70315194619807,exact_or_spacing,2021.0,False,https://www.geoboundaries.org/api/current/gbOpen/IND/ADM2/,"District identity matched; 2021 reference geometry, NOT event-year boundary equivalence. No parent substitution.","District identity matched; 2021 reference geometry, NOT event-year boundary equivalence. No parent substitution."
E047::kamrup%20metropolitan,Assam,Kamrup Metropolitan,OK,matched,geoBoundaries/gbOpen/IND/ADM2/2021@8bef6929fd65432e7dc775e7c44473e84efff064ebddbfd6b834e6291546db40,76128533B38230828972906,exact_or_spacing,2021.0,False,https://www.geoboundaries.org/api/current/gbOpen/IND/ADM2/,"District identity matched; 2021 reference geometry, NOT event-year boundary equivalence. No parent substitution.","District identity matched; 2021 reference geometry, NOT event-year boundary equivalence. No parent substitution."
E047::morigaon,Assam,Morigaon,OK,matched,geoBoundaries/gbOpen/IND/ADM2/2021@8bef6929fd65432e7dc775e7c44473e84efff064ebddbfd6b834e6291546db40,76128533B17968019348564,exact_or_spacing,2021.0,False,https://www.geoboundaries.org/api/current/gbOpen/IND/ADM2/,"District identity matched; 2021 reference geometry, NOT event-year boundary equivalence. No parent substitution.","District identity matched; 2021 reference geometry, NOT event-year boundary equivalence. No parent substitution."
E047::dhubri,Assam,Dhubri,OK,matched,geoBoundaries/gbOpen/IND/ADM2/2021@8bef6929fd65432e7dc775e7c44473e84efff064ebddbfd6b834e6291546db40,76128533B25835998628545,exact_or_spacing,2021.0,False,https://www.geoboundaries.org/api/current/gbOpen/IND/ADM2/,"District identity matched; 2021 reference geometry, NOT event-year boundary equivalence. No parent substitution.","District identity matched; 2021 reference geometry, NOT event-year boundary equivalence. No parent substitution."
E047::majuli,Assam,Majuli,OK,matched,geoBoundaries/gbOpen/IND/ADM2/2021@8bef6929fd65432e7dc775e7c44473e84efff064ebddbfd6b834e6291546db40,76128533B15157901669242,exact_or_spacing,2021.0,False,https://www.geoboundaries.org/api/current/gbOpen/IND/ADM2/,"District identity matched; 2021 reference geometry, NOT event-year boundary equivalence. No parent substitution.","District identity matched; 2021 reference geometry, NOT event-year boundary equivalence. No parent substitution."
E047::south%20salmara,Assam,South Salmara,OK,matched,geoBoundaries/gbOpen/IND/ADM2/2021@8bef6929fd65432e7dc775e7c44473e84efff064ebddbfd6b834e6291546db40,76128533B20298037622173,reviewed_alias,2021.0,False,https://www.geoboundaries.org/api/current/gbOpen/IND/ADM2/,"District identity matched; 2021 reference geometry, NOT event-year boundary equivalence. No parent substitution.","District identity matched; 2021 reference geometry, NOT event-year boundary equivalence. No parent substitution."
E047::sivasagar,Assam,Sivasagar,OK,matched,geoBoundaries/gbOpen/IND/ADM2/2021@8bef6929fd65432e7dc775e7c44473e84efff064ebddbfd6b834e6291546db40,76128533B21722277889516,exact_or_spacing,2021.0,False,https://www.geoboundaries.org/api/current/gbOpen/IND/ADM2/,"District identity matched; 2021 reference geometry, NOT event-year boundary equivalence. No parent substitution.","District identity matched; 2021 reference geometry, NOT event-year boundary equivalence. No parent substitution."
E049::imphal%20east,Manipur,Imphal East,OK,matched,geoBoundaries/gbOpen/IND/ADM2/2021@8bef6929fd65432e7dc775e7c44473e84efff064ebddbfd6b834e6291546db40,76128533B30779259886340,exact_or_spacing,2021.0,False,https://www.geoboundaries.org/api/current/gbOpen/IND/ADM2/,"District identity matched; 2021 reference geometry, NOT event-year boundary equivalence. No parent substitution.","District identity matched; 2021 reference geometry, NOT event-year boundary equivalence. No parent substitution."
E049::imphal%20west,Manipur,Imphal West,OK,matched,geoBoundaries/gbOpen/IND/ADM2/2021@8bef6929fd65432e7dc775e7c44473e84efff064ebddbfd6b834e6291546db40,76128533B99807650893733,exact_or_spacing,2021.0,False,https://www.geoboundaries.org/api/current/gbOpen/IND/ADM2/,"District identity matched; 2021 reference geometry, NOT event-year boundary equivalence. No parent substitution.","District identity matched; 2021 reference geometry, NOT event-year boundary equivalence. No parent substitution."
E047::udalguri,Assam,Udalguri,OK,matched,geoBoundaries/gbOpen/IND/ADM2/2021@8bef6929fd65432e7dc775e7c44473e84efff064ebddbfd6b834e6291546db40,76128533B20307518801538,exact_or_spacing,2021.0,False,https://www.geoboundaries.org/api/current/gbOpen/IND/ADM2/,"District identity matched; 2021 reference geometry, NOT event-year boundary equivalence. No parent substitution.","District identity matched; 2021 reference geometry, NOT event-year boundary equivalence. No parent substitution."
E051::charaideo,Assam,Charaideo,OK,matched,geoBoundaries/gbOpen/IND/ADM2/2021@8bef6929fd65432e7dc775e7c44473e84efff064ebddbfd6b834e6291546db40,76128533B89228414823983,exact_or_spacing,2021.0,False,https://www.geoboundaries.org/api/current/gbOpen/IND/ADM2/,"District identity matched; 2021 reference geometry, NOT event-year boundary equivalence. No parent substitution.","District identity matched; 2021 reference geometry, NOT event-year boundary equivalence. No parent substitution."
E051::dhubri,Assam,Dhubri,OK,matched,geoBoundaries/gbOpen/IND/ADM2/2021@8bef6929fd65432e7dc775e7c44473e84efff064ebddbfd6b834e6291546db40,76128533B25835998628545,exact_or_spacing,2021.0,False,https://www.geoboundaries.org/api/current/gbOpen/IND/ADM2/,"District identity matched; 2021 reference geometry, NOT event-year boundary equivalence. No parent substitution.","District identity matched; 2021 reference geometry, NOT event-year boundary equivalence. No parent substitution."
E051::chirang,Assam,Chirang,OK,matched,geoBoundaries/gbOpen/IND/ADM2/2021@8bef6929fd65432e7dc775e7c44473e84efff064ebddbfd6b834e6291546db40,76128533B56012535339305,exact_or_spacing,2021.0,False,https://www.geoboundaries.org/api/current/gbOpen/IND/ADM2/,"District identity matched; 2021 reference geometry, NOT event-year boundary equivalence. No parent substitution.","District identity matched; 2021 reference geometry, NOT event-year boundary equivalence. No parent substitution."
E051::majuli,Assam,Majuli,OK,matched,geoBoundaries/gbOpen/IND/ADM2/2021@8bef6929fd65432e7dc775e7c44473e84efff064ebddbfd6b834e6291546db40,76128533B15157901669242,exact_or_spacing,2021.0,False,https://www.geoboundaries.org/api/current/gbOpen/IND/ADM2/,"District identity matched; 2021 reference geometry, NOT event-year boundary equivalence. No parent substitution.","District identity matched; 2021 reference geometry, NOT event-year boundary equivalence. No parent substitution."
E051::morigaon,Assam,Morigaon,OK,matched,geoBoundaries/gbOpen/IND/ADM2/2021@8bef6929fd65432e7dc775e7c44473e84efff064ebddbfd6b834e6291546db40,76128533B17968019348564,exact_or_spacing,2021.0,False,https://www.geoboundaries.org/api/current/gbOpen/IND/ADM2/,"District identity matched; 2021 reference geometry, NOT event-year boundary equivalence. No parent substitution.","District identity matched; 2021 reference geometry, NOT event-year boundary equivalence. No parent substitution."
E052::imphal%20west,Manipur,Imphal West,OK,matched,geoBoundaries/gbOpen/IND/ADM2/2021@8bef6929fd65432e7dc775e7c44473e84efff064ebddbfd6b834e6291546db40,76128533B99807650893733,exact_or_spacing,2021.0,False,https://www.geoboundaries.org/api/current/gbOpen/IND/ADM2/,"District identity matched; 2021 reference geometry, NOT event-year boundary equivalence. No parent substitution.","District identity matched; 2021 reference geometry, NOT event-year boundary equivalence. No parent substitution."
E052::imphal%20east,Manipur,Imphal East,OK,matched,geoBoundaries/gbOpen/IND/ADM2/2021@8bef6929fd65432e7dc775e7c44473e84efff064ebddbfd6b834e6291546db40,76128533B30779259886340,exact_or_spacing,2021.0,False,https://www.geoboundaries.org/api/current/gbOpen/IND/ADM2/,"District identity matched; 2021 reference geometry, NOT event-year boundary equivalence. No parent substitution.","District identity matched; 2021 reference geometry, NOT event-year boundary equivalence. No parent substitution."
E051::sivasagar,Assam,Sivasagar,OK,matched,geoBoundaries/gbOpen/IND/ADM2/2021@8bef6929fd65432e7dc775e7c44473e84efff064ebddbfd6b834e6291546db40,76128533B21722277889516,exact_or_spacing,2021.0,False,https://www.geoboundaries.org/api/current/gbOpen/IND/ADM2/,"District identity matched; 2021 reference geometry, NOT event-year boundary equivalence. No parent substitution.","District identity matched; 2021 reference geometry, NOT event-year boundary equivalence. No parent substitution."
E051::south%20salmara,Assam,South Salmara,OK,matched,geoBoundaries/gbOpen/IND/ADM2/2021@8bef6929fd65432e7dc775e7c44473e84efff064ebddbfd6b834e6291546db40,76128533B20298037622173,reviewed_alias,2021.0,False,https://www.geoboundaries.org/api/current/gbOpen/IND/ADM2/,"District identity matched; 2021 reference geometry, NOT event-year boundary equivalence. No parent substitution.","District identity matched; 2021 reference geometry, NOT event-year boundary equivalence. No parent substitution."
E053::east%20champaran,Bihar,East Champaran,OK,matched,geoBoundaries/gbOpen/IND/ADM2/2021@8bef6929fd65432e7dc775e7c44473e84efff064ebddbfd6b834e6291546db40,76128533B49017555803526,census_label_alias,2021.0,False,https://censusindia.gov.in/nada/index.php/catalog/42557,"District identity matched; 2021 reference geometry, NOT event-year boundary equivalence. No parent substitution.","District identity matched; 2021 reference geometry, NOT event-year boundary equivalence. No parent substitution."
E053::jogbani,Bihar,Jogbani,ERROR: district AOI match failed for Bihar/Jogbani: 0 exact candidates,failed,FAO/GAUL/2015/level2,,,,,,,"Municipality, not a district; do not substitute Araria district."
E053::purnea,Bihar,Purnea,OK,matched,geoBoundaries/gbOpen/IND/ADM2/2021@8bef6929fd65432e7dc775e7c44473e84efff064ebddbfd6b834e6291546db40,76128533B32499449492865,census_label_alias,2021.0,False,https://censusindia.gov.in/nada/index.php/catalog/42557,"District identity matched; 2021 reference geometry, NOT event-year boundary equivalence. No parent substitution.","District identity matched; 2021 reference geometry, NOT event-year boundary equivalence. No parent substitution."
E053::west%20champaran,Bihar,West Champaran,OK,matched,geoBoundaries/gbOpen/IND/ADM2/2021@8bef6929fd65432e7dc775e7c44473e84efff064ebddbfd6b834e6291546db40,76128533B17762399278073,census_label_alias,2021.0,False,https://censusindia.gov.in/nada/index.php/catalog/42557,"District identity matched; 2021 reference geometry, NOT event-year boundary equivalence. No parent substitution.","District identity matched; 2021 reference geometry, NOT event-year boundary equivalence. No parent substitution."
E054::budaun,Uttar Pradesh,Budaun,OK,matched,geoBoundaries/gbOpen/IND/ADM2/2021@8bef6929fd65432e7dc775e7c44473e84efff064ebddbfd6b834e6291546db40,76128533B84679668760735,exact_or_spacing,2021.0,False,https://www.geoboundaries.org/api/current/gbOpen/IND/ADM2/,"District identity matched; 2021 reference geometry, NOT event-year boundary equivalence. No parent substitution.","District identity matched; 2021 reference geometry, NOT event-year boundary equivalence. No parent substitution."
E055::cooch%20behar,West Bengal,Cooch Behar,OK,matched,geoBoundaries/gbOpen/IND/ADM2/2021@8bef6929fd65432e7dc775e7c44473e84efff064ebddbfd6b834e6291546db40,76128533B64156747739715,census_label_alias,2021.0,False,https://censusindia.gov.in/nada/index.php/catalog/42557,"District identity matched; 2021 reference geometry, NOT event-year boundary equivalence. No parent substitution.","District identity matched; 2021 reference geometry, NOT event-year boundary equivalence. No parent substitution."
E054::ayodhya,Uttar Pradesh,Ayodhya,OK,matched,geoBoundaries/gbOpen/IND/ADM2/2021@8bef6929fd65432e7dc775e7c44473e84efff064ebddbfd6b834e6291546db40,76128533B60320291189162,reviewed_alias,2021.0,False,https://ayodhya.nic.in/,"District identity matched; 2021 reference geometry, NOT event-year boundary equivalence. No parent substitution.","District identity matched; 2021 reference geometry, NOT event-year boundary equivalence. No parent substitution."
E054::shrawasti,Uttar Pradesh,Shrawasti,OK,matched,geoBoundaries/gbOpen/IND/ADM2/2021@8bef6929fd65432e7dc775e7c44473e84efff064ebddbfd6b834e6291546db40,76128533B34832354589031,exact_or_spacing,2021.0,False,https://www.geoboundaries.org/api/current/gbOpen/IND/ADM2/,"District identity matched; 2021 reference geometry, NOT event-year boundary equivalence. No parent substitution.","District identity matched; 2021 reference geometry, NOT event-year boundary equivalence. No parent substitution."
E055::darjeeling,West Bengal,Darjeeling,OK,matched,geoBoundaries/gbOpen/IND/ADM2/2021@8bef6929fd65432e7dc775e7c44473e84efff064ebddbfd6b834e6291546db40,76128533B17109302371020,reviewed_alias,2021.0,False,https://www.geoboundaries.org/api/current/gbOpen/IND/ADM2/,"District identity matched; 2021 reference geometry, NOT event-year boundary equivalence. No parent substitution.","District identity matched; 2021 reference geometry, NOT event-year boundary equivalence. No parent substitution."
E055::alipurduar,West Bengal,Alipurduar,OK,matched,geoBoundaries/gbOpen/IND/ADM2/2021@8bef6929fd65432e7dc775e7c44473e84efff064ebddbfd6b834e6291546db40,76128533B23858286755005,exact_or_spacing,2021.0,False,https://www.geoboundaries.org/api/current/gbOpen/IND/ADM2/,"District identity matched; 2021 reference geometry, NOT event-year boundary equivalence. No parent substitution.","District identity matched; 2021 reference geometry, NOT event-year boundary equivalence. No parent substitution."
E055::east%20medinipur,West Bengal,East Medinipur,OK,matched,geoBoundaries/gbOpen/IND/ADM2/2021@8bef6929fd65432e7dc775e7c44473e84efff064ebddbfd6b834e6291546db40,76128533B25373378863054,census_label_alias,2021.0,False,https://censusindia.gov.in/nada/index.php/catalog/42557,"District identity matched; 2021 reference geometry, NOT event-year boundary equivalence. No parent substitution.","District identity matched; 2021 reference geometry, NOT event-year boundary equivalence. No parent substitution."
E055::hooghly,West Bengal,Hooghly,OK,matched,geoBoundaries/gbOpen/IND/ADM2/2021@8bef6929fd65432e7dc775e7c44473e84efff064ebddbfd6b834e6291546db40,76128533B81857725777974,census_label_alias,2021.0,False,https://censusindia.gov.in/nada/index.php/catalog/42557,"District identity matched; 2021 reference geometry, NOT event-year boundary equivalence. No parent substitution.","District identity matched; 2021 reference geometry, NOT event-year boundary equivalence. No parent substitution."
E055::howrah,West Bengal,Howrah,OK,matched,geoBoundaries/gbOpen/IND/ADM2/2021@8bef6929fd65432e7dc775e7c44473e84efff064ebddbfd6b834e6291546db40,76128533B22077262393417,census_label_alias,2021.0,False,https://censusindia.gov.in/nada/index.php/catalog/42557,"District identity matched; 2021 reference geometry, NOT event-year boundary equivalence. No parent substitution.","District identity matched; 2021 reference geometry, NOT event-year boundary equivalence. No parent substitution."
E055::malda,West Bengal,Malda,OK,matched,geoBoundaries/gbOpen/IND/ADM2/2021@8bef6929fd65432e7dc775e7c44473e84efff064ebddbfd6b834e6291546db40,76128533B36734405131975,census_label_alias,2021.0,False,https://censusindia.gov.in/nada/index.php/catalog/42557,"District identity matched; 2021 reference geometry, NOT event-year boundary equivalence. No parent substitution.","District identity matched; 2021 reference geometry, NOT event-year boundary equivalence. No parent substitution."
E055::jhargram,West Bengal,Jhargram,OK,matched,geoBoundaries/gbOpen/IND/ADM2/2021@8bef6929fd65432e7dc775e7c44473e84efff064ebddbfd6b834e6291546db40,76128533B24861976740713,exact_or_spacing,2021.0,False,https://www.geoboundaries.org/api/current/gbOpen/IND/ADM2/,"District identity matched; 2021 reference geometry, NOT event-year boundary equivalence. No parent substitution.","District identity matched; 2021 reference geometry, NOT event-year boundary equivalence. No parent substitution."
E055::purulia,West Bengal,Purulia,OK,matched,geoBoundaries/gbOpen/IND/ADM2/2021@8bef6929fd65432e7dc775e7c44473e84efff064ebddbfd6b834e6291546db40,76128533B16811573188243,census_label_alias,2021.0,False,https://censusindia.gov.in/nada/index.php/catalog/42557,"District identity matched; 2021 reference geometry, NOT event-year boundary equivalence. No parent substitution.","District identity matched; 2021 reference geometry, NOT event-year boundary equivalence. No parent substitution."
E055::paschim%20bardhaman,West Bengal,Paschim Bardhaman,OK,matched,geoBoundaries/gbOpen/IND/ADM2/2021@8bef6929fd65432e7dc775e7c44473e84efff064ebddbfd6b834e6291546db40,76128533B60845263086042,reviewed_alias,2021.0,False,https://www.geoboundaries.org/api/current/gbOpen/IND/ADM2/,"District identity matched; 2021 reference geometry, NOT event-year boundary equivalence. No parent substitution.","District identity matched; 2021 reference geometry, NOT event-year boundary equivalence. No parent substitution."
E055::purba%20bardhaman,West Bengal,Purba Bardhaman,OK,matched,geoBoundaries/gbOpen/IND/ADM2/2021@8bef6929fd65432e7dc775e7c44473e84efff064ebddbfd6b834e6291546db40,76128533B59121537940607,reviewed_alias,2021.0,False,https://www.geoboundaries.org/api/current/gbOpen/IND/ADM2/,"District identity matched; 2021 reference geometry, NOT event-year boundary equivalence. No parent substitution.","District identity matched; 2021 reference geometry, NOT event-year boundary equivalence. No parent substitution."
E055::west%20medinipur,West Bengal,West Medinipur,OK,matched,geoBoundaries/gbOpen/IND/ADM2/2021@8bef6929fd65432e7dc775e7c44473e84efff064ebddbfd6b834e6291546db40,76128533B88812350838807,reviewed_alias,2021.0,False,https://www.geoboundaries.org/api/current/gbOpen/IND/ADM2/,"District identity matched; 2021 reference geometry, NOT event-year boundary equivalence. No parent substitution.","District identity matched; 2021 reference geometry, NOT event-year boundary equivalence. No parent substitution."
E056::budaun,Uttar Pradesh,Budaun,OK,matched,geoBoundaries/gbOpen/IND/ADM2/2021@8bef6929fd65432e7dc775e7c44473e84efff064ebddbfd6b834e6291546db40,76128533B84679668760735,exact_or_spacing,2021.0,False,https://www.geoboundaries.org/api/current/gbOpen/IND/ADM2/,"District identity matched; 2021 reference geometry, NOT event-year boundary equivalence. No parent substitution.","District identity matched; 2021 reference geometry, NOT event-year boundary equivalence. No parent substitution."
E059::gomati,Tripura,Gomati,OK,matched,geoBoundaries/gbOpen/IND/ADM2/2021@8bef6929fd65432e7dc775e7c44473e84efff064ebddbfd6b834e6291546db40,76128533B94126463611805,exact_or_spacing,2021.0,False,https://www.geoboundaries.org/api/current/gbOpen/IND/ADM2/,"District identity matched; 2021 reference geometry, NOT event-year boundary equivalence. No parent substitution.","District identity matched; 2021 reference geometry, NOT event-year boundary equivalence. No parent substitution."
E056::shamli,Uttar Pradesh,Shamli,OK,matched,geoBoundaries/gbOpen/IND/ADM2/2021@8bef6929fd65432e7dc775e7c44473e84efff064ebddbfd6b834e6291546db40,76128533B35465481868600,reviewed_alias,2021.0,False,https://www.geoboundaries.org/api/current/gbOpen/IND/ADM2/,"District identity matched; 2021 reference geometry, NOT event-year boundary equivalence. No parent substitution.","District identity matched; 2021 reference geometry, NOT event-year boundary equivalence. No parent substitution."
E057::palghar,Maharashtra,Palghar,OK,matched,geoBoundaries/gbOpen/IND/ADM2/2021@8bef6929fd65432e7dc775e7c44473e84efff064ebddbfd6b834e6291546db40,76128533B37148244536449,exact_or_spacing,2021.0,False,https://www.geoboundaries.org/api/current/gbOpen/IND/ADM2/,"District identity matched; 2021 reference geometry, NOT event-year boundary equivalence. No parent substitution.","District identity matched; 2021 reference geometry, NOT event-year boundary equivalence. No parent substitution."
E059::sepahijala,Tripura,Sepahijala,OK,matched,geoBoundaries/gbOpen/IND/ADM2/2021@8bef6929fd65432e7dc775e7c44473e84efff064ebddbfd6b834e6291546db40,76128533B43965372582859,reviewed_alias,2021.0,False,https://www.geoboundaries.org/api/current/gbOpen/IND/ADM2/,"District identity matched; 2021 reference geometry, NOT event-year boundary equivalence. No parent substitution.","District identity matched; 2021 reference geometry, NOT event-year boundary equivalence. No parent substitution."
E059::khowai,Tripura,Khowai,OK,matched,geoBoundaries/gbOpen/IND/ADM2/2021@8bef6929fd65432e7dc775e7c44473e84efff064ebddbfd6b834e6291546db40,76128533B67044589012853,exact_or_spacing,2021.0,False,https://www.geoboundaries.org/api/current/gbOpen/IND/ADM2/,"District identity matched; 2021 reference geometry, NOT event-year boundary equivalence. No parent substitution.","District identity matched; 2021 reference geometry, NOT event-year boundary equivalence. No parent substitution."
E059::unakoti,Tripura,Unakoti,OK,matched,geoBoundaries/gbOpen/IND/ADM2/2021@8bef6929fd65432e7dc775e7c44473e84efff064ebddbfd6b834e6291546db40,76128533B4720703924950,reviewed_alias,2021.0,False,https://www.geoboundaries.org/api/current/gbOpen/IND/ADM2/,"District identity matched; 2021 reference geometry, NOT event-year boundary equivalence. No parent substitution.","District identity matched; 2021 reference geometry, NOT event-year boundary equivalence. No parent substitution."
E060::dakshina%20kannada,Karnataka,Dakshina Kannada,OK,matched,geoBoundaries/gbOpen/IND/ADM2/2021@8bef6929fd65432e7dc775e7c44473e84efff064ebddbfd6b834e6291546db40,76128533B54396396829952,exact_or_spacing,2021.0,False,https://www.geoboundaries.org/api/current/gbOpen/IND/ADM2/,"District identity matched; 2021 reference geometry, NOT event-year boundary equivalence. No parent substitution.","District identity matched; 2021 reference geometry, NOT event-year boundary equivalence. No parent substitution."
E061::east%20karbi%20anglong,Assam,East Karbi Anglong,OK,matched,geoBoundaries/gbOpen/IND/ADM2/2021@8bef6929fd65432e7dc775e7c44473e84efff064ebddbfd6b834e6291546db40,76128533B38548995376745,reviewed_alias,2021.0,False,https://www.geoboundaries.org/api/current/gbOpen/IND/ADM2/,"District identity matched; 2021 reference geometry, NOT event-year boundary equivalence. No parent substitution.","District identity matched; 2021 reference geometry, NOT event-year boundary equivalence. No parent substitution."
E061::west%20karbi%20anglong,Assam,West Karbi Anglong,OK,matched,geoBoundaries/gbOpen/IND/ADM2/2021@8bef6929fd65432e7dc775e7c44473e84efff064ebddbfd6b834e6291546db40,76128533B57995625790051,reviewed_alias,2021.0,False,https://www.geoboundaries.org/api/current/gbOpen/IND/ADM2/,"District identity matched; 2021 reference geometry, NOT event-year boundary equivalence. No parent substitution.","District identity matched; 2021 reference geometry, NOT event-year boundary equivalence. No parent substitution."
E061::biswanath,Assam,Biswanath,OK,matched,geoBoundaries/gbOpen/IND/ADM2/2021@8bef6929fd65432e7dc775e7c44473e84efff064ebddbfd6b834e6291546db40,76128533B40714385808093,exact_or_spacing,2021.0,False,https://www.geoboundaries.org/api/current/gbOpen/IND/ADM2/,"District identity matched; 2021 reference geometry, NOT event-year boundary equivalence. No parent substitution.","District identity matched; 2021 reference geometry, NOT event-year boundary equivalence. No parent substitution."
E061::hojai,Assam,Hojai,OK,matched,geoBoundaries/gbOpen/IND/ADM2/2021@8bef6929fd65432e7dc775e7c44473e84efff064ebddbfd6b834e6291546db40,76128533B70315194619807,exact_or_spacing,2021.0,False,https://www.geoboundaries.org/api/current/gbOpen/IND/ADM2/,"District identity matched; 2021 reference geometry, NOT event-year boundary equivalence. No parent substitution.","District identity matched; 2021 reference geometry, NOT event-year boundary equivalence. No parent substitution."
E066::hapur,Uttar Pradesh,Hapur,OK,matched,geoBoundaries/gbOpen/IND/ADM2/2021@8bef6929fd65432e7dc775e7c44473e84efff064ebddbfd6b834e6291546db40,76128533B87317961648652,exact_or_spacing,2021.0,False,https://www.geoboundaries.org/api/current/gbOpen/IND/ADM2/,"District identity matched; 2021 reference geometry, NOT event-year boundary equivalence. No parent substitution.","District identity matched; 2021 reference geometry, NOT event-year boundary equivalence. No parent substitution."
E066::kasganj,Uttar Pradesh,Kasganj,OK,matched,geoBoundaries/gbOpen/IND/ADM2/2021@8bef6929fd65432e7dc775e7c44473e84efff064ebddbfd6b834e6291546db40,76128533B7643504807381,reviewed_alias,2021.0,False,https://www.geoboundaries.org/api/current/gbOpen/IND/ADM2/,"District identity matched; 2021 reference geometry, NOT event-year boundary equivalence. No parent substitution.","District identity matched; 2021 reference geometry, NOT event-year boundary equivalence. No parent substitution."
E067::sivasagar,Assam,Sivasagar,OK,matched,geoBoundaries/gbOpen/IND/ADM2/2021@8bef6929fd65432e7dc775e7c44473e84efff064ebddbfd6b834e6291546db40,76128533B21722277889516,exact_or_spacing,2021.0,False,https://www.geoboundaries.org/api/current/gbOpen/IND/ADM2/,"District identity matched; 2021 reference geometry, NOT event-year boundary equivalence. No parent substitution.","District identity matched; 2021 reference geometry, NOT event-year boundary equivalence. No parent substitution."
E067::udalguri,Assam,Udalguri,OK,matched,geoBoundaries/gbOpen/IND/ADM2/2021@8bef6929fd65432e7dc775e7c44473e84efff064ebddbfd6b834e6291546db40,76128533B20307518801538,exact_or_spacing,2021.0,False,https://www.geoboundaries.org/api/current/gbOpen/IND/ADM2/,"District identity matched; 2021 reference geometry, NOT event-year boundary equivalence. No parent substitution.","District identity matched; 2021 reference geometry, NOT event-year boundary equivalence. No parent substitution."
E069::charaideo,Assam,Charaideo,OK,matched,geoBoundaries/gbOpen/IND/ADM2/2021@8bef6929fd65432e7dc775e7c44473e84efff064ebddbfd6b834e6291546db40,76128533B89228414823983,exact_or_spacing,2021.0,False,https://www.geoboundaries.org/api/current/gbOpen/IND/ADM2/,"District identity matched; 2021 reference geometry, NOT event-year boundary equivalence. No parent substitution.","District identity matched; 2021 reference geometry, NOT event-year boundary equivalence. No parent substitution."
E069::chirang,Assam,Chirang,OK,matched,geoBoundaries/gbOpen/IND/ADM2/2021@8bef6929fd65432e7dc775e7c44473e84efff064ebddbfd6b834e6291546db40,76128533B56012535339305,exact_or_spacing,2021.0,False,https://www.geoboundaries.org/api/current/gbOpen/IND/ADM2/,"District identity matched; 2021 reference geometry, NOT event-year boundary equivalence. No parent substitution.","District identity matched; 2021 reference geometry, NOT event-year boundary equivalence. No parent substitution."
E069::dima%20hasao,Assam,Dima Hasao,OK,matched,geoBoundaries/gbOpen/IND/ADM2/2021@8bef6929fd65432e7dc775e7c44473e84efff064ebddbfd6b834e6291546db40,76128533B66125202864966,exact_or_spacing,2021.0,False,https://www.geoboundaries.org/api/current/gbOpen/IND/ADM2/,"District identity matched; 2021 reference geometry, NOT event-year boundary equivalence. No parent substitution.","District identity matched; 2021 reference geometry, NOT event-year boundary equivalence. No parent substitution."
E069::biswanath,Assam,Biswanath,OK,matched,geoBoundaries/gbOpen/IND/ADM2/2021@8bef6929fd65432e7dc775e7c44473e84efff064ebddbfd6b834e6291546db40,76128533B40714385808093,exact_or_spacing,2021.0,False,https://www.geoboundaries.org/api/current/gbOpen/IND/ADM2/,"District identity matched; 2021 reference geometry, NOT event-year boundary equivalence. No parent substitution.","District identity matched; 2021 reference geometry, NOT event-year boundary equivalence. No parent substitution."
E069::hojai,Assam,Hojai,OK,matched,geoBoundaries/gbOpen/IND/ADM2/2021@8bef6929fd65432e7dc775e7c44473e84efff064ebddbfd6b834e6291546db40,76128533B70315194619807,exact_or_spacing,2021.0,False,https://www.geoboundaries.org/api/current/gbOpen/IND/ADM2/,"District identity matched; 2021 reference geometry, NOT event-year boundary equivalence. No parent substitution.","District identity matched; 2021 reference geometry, NOT event-year boundary equivalence. No parent substitution."
E069::east%20karbi%20anglong,Assam,East Karbi Anglong,OK,matched,geoBoundaries/gbOpen/IND/ADM2/2021@8bef6929fd65432e7dc775e7c44473e84efff064ebddbfd6b834e6291546db40,76128533B38548995376745,reviewed_alias,2021.0,False,https://www.geoboundaries.org/api/current/gbOpen/IND/ADM2/,"District identity matched; 2021 reference geometry, NOT event-year boundary equivalence. No parent substitution.","District identity matched; 2021 reference geometry, NOT event-year boundary equivalence. No parent substitution."
E069::udalguri,Assam,Udalguri,OK,matched,geoBoundaries/gbOpen/IND/ADM2/2021@8bef6929fd65432e7dc775e7c44473e84efff064ebddbfd6b834e6291546db40,76128533B20307518801538,exact_or_spacing,2021.0,False,https://www.geoboundaries.org/api/current/gbOpen/IND/ADM2/,"District identity matched; 2021 reference geometry, NOT event-year boundary equivalence. No parent substitution.","District identity matched; 2021 reference geometry, NOT event-year boundary equivalence. No parent substitution."
E069::sivasagar,Assam,Sivasagar,OK,matched,geoBoundaries/gbOpen/IND/ADM2/2021@8bef6929fd65432e7dc775e7c44473e84efff064ebddbfd6b834e6291546db40,76128533B21722277889516,exact_or_spacing,2021.0,False,https://www.geoboundaries.org/api/current/gbOpen/IND/ADM2/,"District identity matched; 2021 reference geometry, NOT event-year boundary equivalence. No parent substitution.","District identity matched; 2021 reference geometry, NOT event-year boundary equivalence. No parent substitution."
E071::pathanamthitta,Kerala,Pathanamthitta,OK,matched,geoBoundaries/gbOpen/IND/ADM2/2021@8bef6929fd65432e7dc775e7c44473e84efff064ebddbfd6b834e6291546db40,76128533B29330052395581,exact_or_spacing,2021.0,False,https://www.geoboundaries.org/api/current/gbOpen/IND/ADM2/,"District identity matched; 2021 reference geometry, NOT event-year boundary equivalence. No parent substitution.","District identity matched; 2021 reference geometry, NOT event-year boundary equivalence. No parent substitution."
E069::west%20karbi%20anglong,Assam,West Karbi Anglong,OK,matched,geoBoundaries/gbOpen/IND/ADM2/2021@8bef6929fd65432e7dc775e7c44473e84efff064ebddbfd6b834e6291546db40,76128533B57995625790051,reviewed_alias,2021.0,False,https://www.geoboundaries.org/api/current/gbOpen/IND/ADM2/,"District identity matched; 2021 reference geometry, NOT event-year boundary equivalence. No parent substitution.","District identity matched; 2021 reference geometry, NOT event-year boundary equivalence. No parent substitution."
E069::majuli,Assam,Majuli,OK,matched,geoBoundaries/gbOpen/IND/ADM2/2021@8bef6929fd65432e7dc775e7c44473e84efff064ebddbfd6b834e6291546db40,76128533B15157901669242,exact_or_spacing,2021.0,False,https://www.geoboundaries.org/api/current/gbOpen/IND/ADM2/,"District identity matched; 2021 reference geometry, NOT event-year boundary equivalence. No parent substitution.","District identity matched; 2021 reference geometry, NOT event-year boundary equivalence. No parent substitution."
E071::chengannur,Kerala,Chengannur,ERROR: district AOI match failed for Kerala/Chengannur: 0 exact candidates,failed,FAO/GAUL/2015/level2,,,,,,,"Town/taluk, not a district; do not substitute Alappuzha district."
E073::kiphire,Nagaland,Kiphire,OK,matched,geoBoundaries/gbOpen/IND/ADM2/2021@8bef6929fd65432e7dc775e7c44473e84efff064ebddbfd6b834e6291546db40,76128533B49100243723360,exact_or_spacing,2021.0,False,https://www.geoboundaries.org/api/current/gbOpen/IND/ADM2/,"District identity matched; 2021 reference geometry, NOT event-year boundary equivalence. No parent substitution.","District identity matched; 2021 reference geometry, NOT event-year boundary equivalence. No parent substitution."
E073::longleng,Nagaland,Longleng,OK,matched,geoBoundaries/gbOpen/IND/ADM2/2021@8bef6929fd65432e7dc775e7c44473e84efff064ebddbfd6b834e6291546db40,76128533B66411945144923,exact_or_spacing,2021.0,False,https://www.geoboundaries.org/api/current/gbOpen/IND/ADM2/,"District identity matched; 2021 reference geometry, NOT event-year boundary equivalence. No parent substitution.","District identity matched; 2021 reference geometry, NOT event-year boundary equivalence. No parent substitution."
E072::palghar,Maharashtra,Palghar,OK,matched,geoBoundaries/gbOpen/IND/ADM2/2021@8bef6929fd65432e7dc775e7c44473e84efff064ebddbfd6b834e6291546db40,76128533B37148244536449,exact_or_spacing,2021.0,False,https://www.geoboundaries.org/api/current/gbOpen/IND/ADM2/,"District identity matched; 2021 reference geometry, NOT event-year boundary equivalence. No parent substitution.","District identity matched; 2021 reference geometry, NOT event-year boundary equivalence. No parent substitution."
E072::raigad,Maharashtra,Raigad,OK,matched,geoBoundaries/gbOpen/IND/ADM2/2021@8bef6929fd65432e7dc775e7c44473e84efff064ebddbfd6b834e6291546db40,76128533B99895802074414,census_label_alias,2021.0,False,https://censusindia.gov.in/nada/index.php/catalog/42557,"District identity matched; 2021 reference geometry, NOT event-year boundary equivalence. No parent substitution.","District identity matched; 2021 reference geometry, NOT event-year boundary equivalence. No parent substitution."
E073::peren,Nagaland,Peren,OK,matched,geoBoundaries/gbOpen/IND/ADM2/2021@8bef6929fd65432e7dc775e7c44473e84efff064ebddbfd6b834e6291546db40,76128533B2970909480221,exact_or_spacing,2021.0,False,https://www.geoboundaries.org/api/current/gbOpen/IND/ADM2/,"District identity matched; 2021 reference geometry, NOT event-year boundary equivalence. No parent substitution.","District identity matched; 2021 reference geometry, NOT event-year boundary equivalence. No parent substitution."
E075::kanpur%20nagar,Uttar Pradesh,Kanpur Nagar,OK,matched,geoBoundaries/gbOpen/IND/ADM2/2021@8bef6929fd65432e7dc775e7c44473e84efff064ebddbfd6b834e6291546db40,76128533B23710487943819,exact_or_spacing,2021.0,False,https://www.geoboundaries.org/api/current/gbOpen/IND/ADM2/,"District identity matched; 2021 reference geometry, NOT event-year boundary equivalence. No parent substitution.","District identity matched; 2021 reference geometry, NOT event-year boundary equivalence. No parent substitution."
E075::ayodhya,Uttar Pradesh,Ayodhya,OK,matched,geoBoundaries/gbOpen/IND/ADM2/2021@8bef6929fd65432e7dc775e7c44473e84efff064ebddbfd6b834e6291546db40,76128533B60320291189162,reviewed_alias,2021.0,False,https://ayodhya.nic.in/,"District identity matched; 2021 reference geometry, NOT event-year boundary equivalence. No parent substitution.","District identity matched; 2021 reference geometry, NOT event-year boundary equivalence. No parent substitution."
E076::alipurduar,West Bengal,Alipurduar,OK,matched,geoBoundaries/gbOpen/IND/ADM2/2021@8bef6929fd65432e7dc775e7c44473e84efff064ebddbfd6b834e6291546db40,76128533B23858286755005,exact_or_spacing,2021.0,False,https://www.geoboundaries.org/api/current/gbOpen/IND/ADM2/,"District identity matched; 2021 reference geometry, NOT event-year boundary equivalence. No parent substitution.","District identity matched; 2021 reference geometry, NOT event-year boundary equivalence. No parent substitution."
E076::east%20medinipur,West Bengal,East Medinipur,OK,matched,geoBoundaries/gbOpen/IND/ADM2/2021@8bef6929fd65432e7dc775e7c44473e84efff064ebddbfd6b834e6291546db40,76128533B25373378863054,census_label_alias,2021.0,False,https://censusindia.gov.in/nada/index.php/catalog/42557,"District identity matched; 2021 reference geometry, NOT event-year boundary equivalence. No parent substitution.","District identity matched; 2021 reference geometry, NOT event-year boundary equivalence. No parent substitution."
E076::cooch%20behar,West Bengal,Cooch Behar,OK,matched,geoBoundaries/gbOpen/IND/ADM2/2021@8bef6929fd65432e7dc775e7c44473e84efff064ebddbfd6b834e6291546db40,76128533B64156747739715,census_label_alias,2021.0,False,https://censusindia.gov.in/nada/index.php/catalog/42557,"District identity matched; 2021 reference geometry, NOT event-year boundary equivalence. No parent substitution.","District identity matched; 2021 reference geometry, NOT event-year boundary equivalence. No parent substitution."
E076::darjeeling,West Bengal,Darjeeling,OK,matched,geoBoundaries/gbOpen/IND/ADM2/2021@8bef6929fd65432e7dc775e7c44473e84efff064ebddbfd6b834e6291546db40,76128533B17109302371020,reviewed_alias,2021.0,False,https://www.geoboundaries.org/api/current/gbOpen/IND/ADM2/,"District identity matched; 2021 reference geometry, NOT event-year boundary equivalence. No parent substitution.","District identity matched; 2021 reference geometry, NOT event-year boundary equivalence. No parent substitution."
E076::kalimpong,West Bengal,Kalimpong,OK,matched,geoBoundaries/gbOpen/IND/ADM2/2021@8bef6929fd65432e7dc775e7c44473e84efff064ebddbfd6b834e6291546db40,76128533B78458325839103,exact_or_spacing,2021.0,False,https://www.geoboundaries.org/api/current/gbOpen/IND/ADM2/,"District identity matched; 2021 reference geometry, NOT event-year boundary equivalence. No parent substitution.","District identity matched; 2021 reference geometry, NOT event-year boundary equivalence. No parent substitution."
E076::howrah,West Bengal,Howrah,OK,matched,geoBoundaries/gbOpen/IND/ADM2/2021@8bef6929fd65432e7dc775e7c44473e84efff064ebddbfd6b834e6291546db40,76128533B22077262393417,census_label_alias,2021.0,False,https://censusindia.gov.in/nada/index.php/catalog/42557,"District identity matched; 2021 reference geometry, NOT event-year boundary equivalence. No parent substitution.","District identity matched; 2021 reference geometry, NOT event-year boundary equivalence. No parent substitution."
E076::hooghly,West Bengal,Hooghly,OK,matched,geoBoundaries/gbOpen/IND/ADM2/2021@8bef6929fd65432e7dc775e7c44473e84efff064ebddbfd6b834e6291546db40,76128533B81857725777974,census_label_alias,2021.0,False,https://censusindia.gov.in/nada/index.php/catalog/42557,"District identity matched; 2021 reference geometry, NOT event-year boundary equivalence. No parent substitution.","District identity matched; 2021 reference geometry, NOT event-year boundary equivalence. No parent substitution."
E076::paschim%20bardhaman,West Bengal,Paschim Bardhaman,OK,matched,geoBoundaries/gbOpen/IND/ADM2/2021@8bef6929fd65432e7dc775e7c44473e84efff064ebddbfd6b834e6291546db40,76128533B60845263086042,reviewed_alias,2021.0,False,https://www.geoboundaries.org/api/current/gbOpen/IND/ADM2/,"District identity matched; 2021 reference geometry, NOT event-year boundary equivalence. No parent substitution.","District identity matched; 2021 reference geometry, NOT event-year boundary equivalence. No parent substitution."
E076::jhargram,West Bengal,Jhargram,OK,matched,geoBoundaries/gbOpen/IND/ADM2/2021@8bef6929fd65432e7dc775e7c44473e84efff064ebddbfd6b834e6291546db40,76128533B24861976740713,exact_or_spacing,2021.0,False,https://www.geoboundaries.org/api/current/gbOpen/IND/ADM2/,"District identity matched; 2021 reference geometry, NOT event-year boundary equivalence. No parent substitution.","District identity matched; 2021 reference geometry, NOT event-year boundary equivalence. No parent substitution."
E076::west%20medinipur,West Bengal,West Medinipur,OK,matched,geoBoundaries/gbOpen/IND/ADM2/2021@8bef6929fd65432e7dc775e7c44473e84efff064ebddbfd6b834e6291546db40,76128533B88812350838807,reviewed_alias,2021.0,False,https://www.geoboundaries.org/api/current/gbOpen/IND/ADM2/,"District identity matched; 2021 reference geometry, NOT event-year boundary equivalence. No parent substitution.","District identity matched; 2021 reference geometry, NOT event-year boundary equivalence. No parent substitution."
E076::purulia,West Bengal,Purulia,OK,matched,geoBoundaries/gbOpen/IND/ADM2/2021@8bef6929fd65432e7dc775e7c44473e84efff064ebddbfd6b834e6291546db40,76128533B16811573188243,census_label_alias,2021.0,False,https://censusindia.gov.in/nada/index.php/catalog/42557,"District identity matched; 2021 reference geometry, NOT event-year boundary equivalence. No parent substitution.","District identity matched; 2021 reference geometry, NOT event-year boundary equivalence. No parent substitution."
E077::amethi,Uttar Pradesh,Amethi,OK,matched,geoBoundaries/gbOpen/IND/ADM2/2021@8bef6929fd65432e7dc775e7c44473e84efff064ebddbfd6b834e6291546db40,76128533B13908294104682,exact_or_spacing,2021.0,False,https://www.geoboundaries.org/api/current/gbOpen/IND/ADM2/,"District identity matched; 2021 reference geometry, NOT event-year boundary equivalence. No parent substitution.","District identity matched; 2021 reference geometry, NOT event-year boundary equivalence. No parent substitution."
E076::purba%20bardhaman,West Bengal,Purba Bardhaman,OK,matched,geoBoundaries/gbOpen/IND/ADM2/2021@8bef6929fd65432e7dc775e7c44473e84efff064ebddbfd6b834e6291546db40,76128533B59121537940607,reviewed_alias,2021.0,False,https://www.geoboundaries.org/api/current/gbOpen/IND/ADM2/,"District identity matched; 2021 reference geometry, NOT event-year boundary equivalence. No parent substitution.","District identity matched; 2021 reference geometry, NOT event-year boundary equivalence. No parent substitution."
E077::budaun,Uttar Pradesh,Budaun,OK,matched,geoBoundaries/gbOpen/IND/ADM2/2021@8bef6929fd65432e7dc775e7c44473e84efff064ebddbfd6b834e6291546db40,76128533B84679668760735,exact_or_spacing,2021.0,False,https://www.geoboundaries.org/api/current/gbOpen/IND/ADM2/,"District identity matched; 2021 reference geometry, NOT event-year boundary equivalence. No parent substitution.","District identity matched; 2021 reference geometry, NOT event-year boundary equivalence. No parent substitution."
E077::ayodhya,Uttar Pradesh,Ayodhya,OK,matched,geoBoundaries/gbOpen/IND/ADM2/2021@8bef6929fd65432e7dc775e7c44473e84efff064ebddbfd6b834e6291546db40,76128533B60320291189162,reviewed_alias,2021.0,False,https://ayodhya.nic.in/,"District identity matched; 2021 reference geometry, NOT event-year boundary equivalence. No parent substitution.","District identity matched; 2021 reference geometry, NOT event-year boundary equivalence. No parent substitution."
E077::kanpur%20nagar,Uttar Pradesh,Kanpur Nagar,OK,matched,geoBoundaries/gbOpen/IND/ADM2/2021@8bef6929fd65432e7dc775e7c44473e84efff064ebddbfd6b834e6291546db40,76128533B23710487943819,exact_or_spacing,2021.0,False,https://www.geoboundaries.org/api/current/gbOpen/IND/ADM2/,"District identity matched; 2021 reference geometry, NOT event-year boundary equivalence. No parent substitution.","District identity matched; 2021 reference geometry, NOT event-year boundary equivalence. No parent substitution."
E077::kasganj,Uttar Pradesh,Kasganj,OK,matched,geoBoundaries/gbOpen/IND/ADM2/2021@8bef6929fd65432e7dc775e7c44473e84efff064ebddbfd6b834e6291546db40,76128533B7643504807381,reviewed_alias,2021.0,False,https://www.geoboundaries.org/api/current/gbOpen/IND/ADM2/,"District identity matched; 2021 reference geometry, NOT event-year boundary equivalence. No parent substitution.","District identity matched; 2021 reference geometry, NOT event-year boundary equivalence. No parent substitution."
E079::fazilka,Punjab,Fazilka,OK,matched,geoBoundaries/gbOpen/IND/ADM2/2021@8bef6929fd65432e7dc775e7c44473e84efff064ebddbfd6b834e6291546db40,76128533B7291413308870,exact_or_spacing,2021.0,False,https://www.geoboundaries.org/api/current/gbOpen/IND/ADM2/,"District identity matched; 2021 reference geometry, NOT event-year boundary equivalence. No parent substitution.","District identity matched; 2021 reference geometry, NOT event-year boundary equivalence. No parent substitution."
E079::pathankot,Punjab,Pathankot,OK,matched,geoBoundaries/gbOpen/IND/ADM2/2021@8bef6929fd65432e7dc775e7c44473e84efff064ebddbfd6b834e6291546db40,76128533B19630094725383,exact_or_spacing,2021.0,False,https://www.geoboundaries.org/api/current/gbOpen/IND/ADM2/,"District identity matched; 2021 reference geometry, NOT event-year boundary equivalence. No parent substitution.","District identity matched; 2021 reference geometry, NOT event-year boundary equivalence. No parent substitution."
E079::ferozepur,Punjab,Ferozepur,OK,matched,geoBoundaries/gbOpen/IND/ADM2/2021@8bef6929fd65432e7dc775e7c44473e84efff064ebddbfd6b834e6291546db40,76128533B421757708753,census_label_alias,2021.0,False,https://censusindia.gov.in/nada/index.php/catalog/42557,"District identity matched; 2021 reference geometry, NOT event-year boundary equivalence. No parent substitution.","District identity matched; 2021 reference geometry, NOT event-year boundary equivalence. No parent substitution."
E079::tarn%20taran,Punjab,Tarn Taran,OK,matched,geoBoundaries/gbOpen/IND/ADM2/2021@8bef6929fd65432e7dc775e7c44473e84efff064ebddbfd6b834e6291546db40,76128533B54652028494758,exact_or_spacing,2021.0,False,https://www.geoboundaries.org/api/current/gbOpen/IND/ADM2/,"District identity matched; 2021 reference geometry, NOT event-year boundary equivalence. No parent substitution.","District identity matched; 2021 reference geometry, NOT event-year boundary equivalence. No parent substitution."
E081::baksa,Assam,Baksa,OK,matched,geoBoundaries/gbOpen/IND/ADM2/2021@8bef6929fd65432e7dc775e7c44473e84efff064ebddbfd6b834e6291546db40,76128533B8221925175605,exact_or_spacing,2021.0,False,https://www.geoboundaries.org/api/current/gbOpen/IND/ADM2/,"District identity matched; 2021 reference geometry, NOT event-year boundary equivalence. No parent substitution.","District identity matched; 2021 reference geometry, NOT event-year boundary equivalence. No parent substitution."
E081::charaideo,Assam,Charaideo,OK,matched,geoBoundaries/gbOpen/IND/ADM2/2021@8bef6929fd65432e7dc775e7c44473e84efff064ebddbfd6b834e6291546db40,76128533B89228414823983,exact_or_spacing,2021.0,False,https://www.geoboundaries.org/api/current/gbOpen/IND/ADM2/,"District identity matched; 2021 reference geometry, NOT event-year boundary equivalence. No parent substitution.","District identity matched; 2021 reference geometry, NOT event-year boundary equivalence. No parent substitution."
E081::biswanath,Assam,Biswanath,OK,matched,geoBoundaries/gbOpen/IND/ADM2/2021@8bef6929fd65432e7dc775e7c44473e84efff064ebddbfd6b834e6291546db40,76128533B40714385808093,exact_or_spacing,2021.0,False,https://www.geoboundaries.org/api/current/gbOpen/IND/ADM2/,"District identity matched; 2021 reference geometry, NOT event-year boundary equivalence. No parent substitution.","District identity matched; 2021 reference geometry, NOT event-year boundary equivalence. No parent substitution."
E080::mumbai,Maharashtra,Mumbai,ERROR: district AOI match failed for Maharashtra/Mumbai: 0 exact candidates,failed,FAO/GAUL/2015/level2,,,,,,,City versus suburban district scope is ambiguous; do not choose one or union both.
E081::chirang,Assam,Chirang,OK,matched,geoBoundaries/gbOpen/IND/ADM2/2021@8bef6929fd65432e7dc775e7c44473e84efff064ebddbfd6b834e6291546db40,76128533B56012535339305,exact_or_spacing,2021.0,False,https://www.geoboundaries.org/api/current/gbOpen/IND/ADM2/,"District identity matched; 2021 reference geometry, NOT event-year boundary equivalence. No parent substitution.","District identity matched; 2021 reference geometry, NOT event-year boundary equivalence. No parent substitution."
E081::hojai,Assam,Hojai,OK,matched,geoBoundaries/gbOpen/IND/ADM2/2021@8bef6929fd65432e7dc775e7c44473e84efff064ebddbfd6b834e6291546db40,76128533B70315194619807,exact_or_spacing,2021.0,False,https://www.geoboundaries.org/api/current/gbOpen/IND/ADM2/,"District identity matched; 2021 reference geometry, NOT event-year boundary equivalence. No parent substitution.","District identity matched; 2021 reference geometry, NOT event-year boundary equivalence. No parent substitution."
E081::dhubri,Assam,Dhubri,OK,matched,geoBoundaries/gbOpen/IND/ADM2/2021@8bef6929fd65432e7dc775e7c44473e84efff064ebddbfd6b834e6291546db40,76128533B25835998628545,exact_or_spacing,2021.0,False,https://www.geoboundaries.org/api/current/gbOpen/IND/ADM2/,"District identity matched; 2021 reference geometry, NOT event-year boundary equivalence. No parent substitution.","District identity matched; 2021 reference geometry, NOT event-year boundary equivalence. No parent substitution."
E081::majuli,Assam,Majuli,OK,matched,geoBoundaries/gbOpen/IND/ADM2/2021@8bef6929fd65432e7dc775e7c44473e84efff064ebddbfd6b834e6291546db40,76128533B15157901669242,exact_or_spacing,2021.0,False,https://www.geoboundaries.org/api/current/gbOpen/IND/ADM2/,"District identity matched; 2021 reference geometry, NOT event-year boundary equivalence. No parent substitution.","District identity matched; 2021 reference geometry, NOT event-year boundary equivalence. No parent substitution."
E081::morigaon,Assam,Morigaon,OK,matched,geoBoundaries/gbOpen/IND/ADM2/2021@8bef6929fd65432e7dc775e7c44473e84efff064ebddbfd6b834e6291546db40,76128533B17968019348564,exact_or_spacing,2021.0,False,https://www.geoboundaries.org/api/current/gbOpen/IND/ADM2/,"District identity matched; 2021 reference geometry, NOT event-year boundary equivalence. No parent substitution.","District identity matched; 2021 reference geometry, NOT event-year boundary equivalence. No parent substitution."
E081::kamrup%20metropolitan,Assam,Kamrup Metropolitan,OK,matched,geoBoundaries/gbOpen/IND/ADM2/2021@8bef6929fd65432e7dc775e7c44473e84efff064ebddbfd6b834e6291546db40,76128533B38230828972906,exact_or_spacing,2021.0,False,https://www.geoboundaries.org/api/current/gbOpen/IND/ADM2/,"District identity matched; 2021 reference geometry, NOT event-year boundary equivalence. No parent substitution.","District identity matched; 2021 reference geometry, NOT event-year boundary equivalence. No parent substitution."
E081::sivasagar,Assam,Sivasagar,OK,matched,geoBoundaries/gbOpen/IND/ADM2/2021@8bef6929fd65432e7dc775e7c44473e84efff064ebddbfd6b834e6291546db40,76128533B21722277889516,exact_or_spacing,2021.0,False,https://www.geoboundaries.org/api/current/gbOpen/IND/ADM2/,"District identity matched; 2021 reference geometry, NOT event-year boundary equivalence. No parent substitution.","District identity matched; 2021 reference geometry, NOT event-year boundary equivalence. No parent substitution."
E081::udalguri,Assam,Udalguri,OK,matched,geoBoundaries/gbOpen/IND/ADM2/2021@8bef6929fd65432e7dc775e7c44473e84efff064ebddbfd6b834e6291546db40,76128533B20307518801538,exact_or_spacing,2021.0,False,https://www.geoboundaries.org/api/current/gbOpen/IND/ADM2/,"District identity matched; 2021 reference geometry, NOT event-year boundary equivalence. No parent substitution.","District identity matched; 2021 reference geometry, NOT event-year boundary equivalence. No parent substitution."
E081::south%20salmara,Assam,South Salmara,OK,matched,geoBoundaries/gbOpen/IND/ADM2/2021@8bef6929fd65432e7dc775e7c44473e84efff064ebddbfd6b834e6291546db40,76128533B20298037622173,reviewed_alias,2021.0,False,https://www.geoboundaries.org/api/current/gbOpen/IND/ADM2/,"District identity matched; 2021 reference geometry, NOT event-year boundary equivalence. No parent substitution.","District identity matched; 2021 reference geometry, NOT event-year boundary equivalence. No parent substitution."
E081::west%20karbi-anglong,Assam,West Karbi-Anglong,OK,matched,geoBoundaries/gbOpen/IND/ADM2/2021@8bef6929fd65432e7dc775e7c44473e84efff064ebddbfd6b834e6291546db40,76128533B57995625790051,reviewed_alias,2021.0,False,https://www.geoboundaries.org/api/current/gbOpen/IND/ADM2/,"District identity matched; 2021 reference geometry, NOT event-year boundary equivalence. No parent substitution.","District identity matched; 2021 reference geometry, NOT event-year boundary equivalence. No parent substitution."
E082::east%20champaran,Bihar,East Champaran,OK,matched,geoBoundaries/gbOpen/IND/ADM2/2021@8bef6929fd65432e7dc775e7c44473e84efff064ebddbfd6b834e6291546db40,76128533B49017555803526,census_label_alias,2021.0,False,https://censusindia.gov.in/nada/index.php/catalog/42557,"District identity matched; 2021 reference geometry, NOT event-year boundary equivalence. No parent substitution.","District identity matched; 2021 reference geometry, NOT event-year boundary equivalence. No parent substitution."
E081::west%20karbi%20anglong,Assam,West Karbi Anglong,OK,matched,geoBoundaries/gbOpen/IND/ADM2/2021@8bef6929fd65432e7dc775e7c44473e84efff064ebddbfd6b834e6291546db40,76128533B57995625790051,reviewed_alias,2021.0,False,https://www.geoboundaries.org/api/current/gbOpen/IND/ADM2/,"District identity matched; 2021 reference geometry, NOT event-year boundary equivalence. No parent substitution.","District identity matched; 2021 reference geometry, NOT event-year boundary equivalence. No parent substitution."
E084::belagavi,Karnataka,Belagavi,OK,matched,geoBoundaries/gbOpen/IND/ADM2/2021@8bef6929fd65432e7dc775e7c44473e84efff064ebddbfd6b834e6291546db40,76128533B74319098136622,census_label_alias,2021.0,False,https://assets.publishing.service.gov.uk/media/5a7e0e2d40f0b62305b80813/Karnataka_State_India_Name_Changes_20141112.pdf,"District identity matched; 2021 reference geometry, NOT event-year boundary equivalence. No parent substitution.","District identity matched; 2021 reference geometry, NOT event-year boundary equivalence. No parent substitution."
E084::shivamogga,Karnataka,Shivamogga,OK,matched,geoBoundaries/gbOpen/IND/ADM2/2021@8bef6929fd65432e7dc775e7c44473e84efff064ebddbfd6b834e6291546db40,76128533B85389886560116,census_label_alias,2021.0,False,https://assets.publishing.service.gov.uk/media/5a7e0e2d40f0b62305b80813/Karnataka_State_India_Name_Changes_20141112.pdf,"District identity matched; 2021 reference geometry, NOT event-year boundary equivalence. No parent substitution.","District identity matched; 2021 reference geometry, NOT event-year boundary equivalence. No parent substitution."
E084::dakshina%20kannada,Karnataka,Dakshina Kannada,OK,matched,geoBoundaries/gbOpen/IND/ADM2/2021@8bef6929fd65432e7dc775e7c44473e84efff064ebddbfd6b834e6291546db40,76128533B54396396829952,exact_or_spacing,2021.0,False,https://www.geoboundaries.org/api/current/gbOpen/IND/ADM2/,"District identity matched; 2021 reference geometry, NOT event-year boundary equivalence. No parent substitution.","District identity matched; 2021 reference geometry, NOT event-year boundary equivalence. No parent substitution."
E084::chikkamagaluru,Karnataka,Chikkamagaluru,OK,matched,geoBoundaries/gbOpen/IND/ADM2/2021@8bef6929fd65432e7dc775e7c44473e84efff064ebddbfd6b834e6291546db40,76128533B15550697205080,census_label_alias,2021.0,False,https://assets.publishing.service.gov.uk/media/5a7e0e2d40f0b62305b80813/Karnataka_State_India_Name_Changes_20141112.pdf,"District identity matched; 2021 reference geometry, NOT event-year boundary equivalence. No parent substitution.","District identity matched; 2021 reference geometry, NOT event-year boundary equivalence. No parent substitution."
E084::uttara%20kannada,Karnataka,Uttara Kannada,OK,matched,geoBoundaries/gbOpen/IND/ADM2/2021@8bef6929fd65432e7dc775e7c44473e84efff064ebddbfd6b834e6291546db40,76128533B79180273895456,exact_or_spacing,2021.0,False,https://www.geoboundaries.org/api/current/gbOpen/IND/ADM2/,"District identity matched; 2021 reference geometry, NOT event-year boundary equivalence. No parent substitution.","District identity matched; 2021 reference geometry, NOT event-year boundary equivalence. No parent substitution."
E084::vijayapura,Karnataka,Vijayapura,OK,matched,geoBoundaries/gbOpen/IND/ADM2/2021@8bef6929fd65432e7dc775e7c44473e84efff064ebddbfd6b834e6291546db40,76128533B40495457052818,census_label_alias,2021.0,False,https://assets.publishing.service.gov.uk/media/5a7e0e2d40f0b62305b80813/Karnataka_State_India_Name_Changes_20141112.pdf,"District identity matched; 2021 reference geometry, NOT event-year boundary equivalence. No parent substitution.","District identity matched; 2021 reference geometry, NOT event-year boundary equivalence. No parent substitution."
E084::yadgir,Karnataka,Yadgir,OK,matched,geoBoundaries/gbOpen/IND/ADM2/2021@8bef6929fd65432e7dc775e7c44473e84efff064ebddbfd6b834e6291546db40,76128533B84927972855096,exact_or_spacing,2021.0,False,https://www.geoboundaries.org/api/current/gbOpen/IND/ADM2/,"District identity matched; 2021 reference geometry, NOT event-year boundary equivalence. No parent substitution.","District identity matched; 2021 reference geometry, NOT event-year boundary equivalence. No parent substitution."
E086::gondia,Maharashtra,Gondia,OK,matched,geoBoundaries/gbOpen/IND/ADM2/2021@8bef6929fd65432e7dc775e7c44473e84efff064ebddbfd6b834e6291546db40,76128533B76286653784168,census_label_alias,2021.0,False,https://censusindia.gov.in/nada/index.php/catalog/42557,"District identity matched; 2021 reference geometry, NOT event-year boundary equivalence. No parent substitution.","District identity matched; 2021 reference geometry, NOT event-year boundary equivalence. No parent substitution."
E086::ahilyanagar,Maharashtra,Ahilyanagar,OK,matched,geoBoundaries/gbOpen/IND/ADM2/2021@8bef6929fd65432e7dc775e7c44473e84efff064ebddbfd6b834e6291546db40,76128533B47816398970283,reviewed_alias,2021.0,False,https://rdd.maharashtra.gov.in/en/document/notification-regarding-changing-the-name-of-ahmednagar-to-ahilyanagar/,"District identity matched; 2021 reference geometry, NOT event-year boundary equivalence. No parent substitution.","District identity matched; 2021 reference geometry, NOT event-year boundary equivalence. No parent substitution."
E086::buldhana,Maharashtra,Buldhana,OK,matched,geoBoundaries/gbOpen/IND/ADM2/2021@8bef6929fd65432e7dc775e7c44473e84efff064ebddbfd6b834e6291546db40,76128533B70021405538438,census_label_alias,2021.0,False,https://censusindia.gov.in/nada/index.php/catalog/42557,"District identity matched; 2021 reference geometry, NOT event-year boundary equivalence. No parent substitution.","District identity matched; 2021 reference geometry, NOT event-year boundary equivalence. No parent substitution."
E086::gadchiroli,Maharashtra,Gadchiroli,OK,matched,geoBoundaries/gbOpen/IND/ADM2/2021@8bef6929fd65432e7dc775e7c44473e84efff064ebddbfd6b834e6291546db40,76128533B36958871695926,exact_or_spacing,2021.0,False,https://www.geoboundaries.org/api/current/gbOpen/IND/ADM2/,"District identity matched; 2021 reference geometry, NOT event-year boundary equivalence. No parent substitution.","District identity matched; 2021 reference geometry, NOT event-year boundary equivalence. No parent substitution."
E086::raigad,Maharashtra,Raigad,OK,matched,geoBoundaries/gbOpen/IND/ADM2/2021@8bef6929fd65432e7dc775e7c44473e84efff064ebddbfd6b834e6291546db40,76128533B99895802074414,census_label_alias,2021.0,False,https://censusindia.gov.in/nada/index.php/catalog/42557,"District identity matched; 2021 reference geometry, NOT event-year boundary equivalence. No parent substitution.","District identity matched; 2021 reference geometry, NOT event-year boundary equivalence. No parent substitution."
E086::palghar,Maharashtra,Palghar,OK,matched,geoBoundaries/gbOpen/IND/ADM2/2021@8bef6929fd65432e7dc775e7c44473e84efff064ebddbfd6b834e6291546db40,76128533B37148244536449,exact_or_spacing,2021.0,False,https://www.geoboundaries.org/api/current/gbOpen/IND/ADM2/,"District identity matched; 2021 reference geometry, NOT event-year boundary equivalence. No parent substitution.","District identity matched; 2021 reference geometry, NOT event-year boundary equivalence. No parent substitution."
E087::bargarh,Odisha,Bargarh,OK,matched,geoBoundaries/gbOpen/IND/ADM2/2021@8bef6929fd65432e7dc775e7c44473e84efff064ebddbfd6b834e6291546db40,76128533B74482494441458,exact_or_spacing,2021.0,False,https://www.geoboundaries.org/api/current/gbOpen/IND/ADM2/,"District identity matched; 2021 reference geometry, NOT event-year boundary equivalence. No parent substitution.","District identity matched; 2021 reference geometry, NOT event-year boundary equivalence. No parent substitution."
E088::sas%20nagar,Punjab,SAS Nagar,OK,matched,geoBoundaries/gbOpen/IND/ADM2/2021@8bef6929fd65432e7dc775e7c44473e84efff064ebddbfd6b834e6291546db40,76128533B12197302963241,census_label_alias,2021.0,False,https://censusindia.gov.in/nada/index.php/catalog/42557,"District identity matched; 2021 reference geometry, NOT event-year boundary equivalence. No parent substitution.","District identity matched; 2021 reference geometry, NOT event-year boundary equivalence. No parent substitution."
E087::subarnapur,Odisha,Subarnapur,OK,matched,geoBoundaries/gbOpen/IND/ADM2/2021@8bef6929fd65432e7dc775e7c44473e84efff064ebddbfd6b834e6291546db40,76128533B6884509901047,exact_or_spacing,2021.0,False,https://www.geoboundaries.org/api/current/gbOpen/IND/ADM2/,"District identity matched; 2021 reference geometry, NOT event-year boundary equivalence. No parent substitution.","District identity matched; 2021 reference geometry, NOT event-year boundary equivalence. No parent substitution."
E088::ferozepur,Punjab,Ferozepur,OK,matched,geoBoundaries/gbOpen/IND/ADM2/2021@8bef6929fd65432e7dc775e7c44473e84efff064ebddbfd6b834e6291546db40,76128533B421757708753,census_label_alias,2021.0,False,https://censusindia.gov.in/nada/index.php/catalog/42557,"District identity matched; 2021 reference geometry, NOT event-year boundary equivalence. No parent substitution.","District identity matched; 2021 reference geometry, NOT event-year boundary equivalence. No parent substitution."
E088::fazilka,Punjab,Fazilka,OK,matched,geoBoundaries/gbOpen/IND/ADM2/2021@8bef6929fd65432e7dc775e7c44473e84efff064ebddbfd6b834e6291546db40,76128533B7291413308870,exact_or_spacing,2021.0,False,https://www.geoboundaries.org/api/current/gbOpen/IND/ADM2/,"District identity matched; 2021 reference geometry, NOT event-year boundary equivalence. No parent substitution.","District identity matched; 2021 reference geometry, NOT event-year boundary equivalence. No parent substitution."
E088::pathankot,Punjab,Pathankot,OK,matched,geoBoundaries/gbOpen/IND/ADM2/2021@8bef6929fd65432e7dc775e7c44473e84efff064ebddbfd6b834e6291546db40,76128533B19630094725383,exact_or_spacing,2021.0,False,https://www.geoboundaries.org/api/current/gbOpen/IND/ADM2/,"District identity matched; 2021 reference geometry, NOT event-year boundary equivalence. No parent substitution.","District identity matched; 2021 reference geometry, NOT event-year boundary equivalence. No parent substitution."
E088::sbs%20nagar,Punjab,SBS Nagar,OK,matched,geoBoundaries/gbOpen/IND/ADM2/2021@8bef6929fd65432e7dc775e7c44473e84efff064ebddbfd6b834e6291546db40,76128533B14984770113274,census_label_alias,2021.0,False,https://censusindia.gov.in/nada/index.php/catalog/42557,"District identity matched; 2021 reference geometry, NOT event-year boundary equivalence. No parent substitution.","District identity matched; 2021 reference geometry, NOT event-year boundary equivalence. No parent substitution."
E089::chittorgarh,Rajasthan,Chittorgarh,OK,matched,geoBoundaries/gbOpen/IND/ADM2/2021@8bef6929fd65432e7dc775e7c44473e84efff064ebddbfd6b834e6291546db40,76128533B58527154065354,census_label_alias,2021.0,False,https://censusindia.gov.in/nada/index.php/catalog/42557,"District identity matched; 2021 reference geometry, NOT event-year boundary equivalence. No parent substitution.","District identity matched; 2021 reference geometry, NOT event-year boundary equivalence. No parent substitution."
E089::dholpur,Rajasthan,Dholpur,OK,matched,geoBoundaries/gbOpen/IND/ADM2/2021@8bef6929fd65432e7dc775e7c44473e84efff064ebddbfd6b834e6291546db40,76128533B64898456093948,census_label_alias,2021.0,False,https://censusindia.gov.in/nada/index.php/catalog/42557,"District identity matched; 2021 reference geometry, NOT event-year boundary equivalence. No parent substitution.","District identity matched; 2021 reference geometry, NOT event-year boundary equivalence. No parent substitution."
E090::prayagraj,Uttar Pradesh,Prayagraj,OK,matched,geoBoundaries/gbOpen/IND/ADM2/2021@8bef6929fd65432e7dc775e7c44473e84efff064ebddbfd6b834e6291546db40,76128533B51368558457506,reviewed_alias,2021.0,False,https://prayagraj.nic.in/history/,"District identity matched; 2021 reference geometry, NOT event-year boundary equivalence. No parent substitution.","District identity matched; 2021 reference geometry, NOT event-year boundary equivalence. No parent substitution."
E090::kanpur%20nagar,Uttar Pradesh,Kanpur Nagar,OK,matched,geoBoundaries/gbOpen/IND/ADM2/2021@8bef6929fd65432e7dc775e7c44473e84efff064ebddbfd6b834e6291546db40,76128533B23710487943819,exact_or_spacing,2021.0,False,https://www.geoboundaries.org/api/current/gbOpen/IND/ADM2/,"District identity matched; 2021 reference geometry, NOT event-year boundary equivalence. No parent substitution.","District identity matched; 2021 reference geometry, NOT event-year boundary equivalence. No parent substitution."
E090::ayodhya,Uttar Pradesh,Ayodhya,OK,matched,geoBoundaries/gbOpen/IND/ADM2/2021@8bef6929fd65432e7dc775e7c44473e84efff064ebddbfd6b834e6291546db40,76128533B60320291189162,reviewed_alias,2021.0,False,https://ayodhya.nic.in/,"District identity matched; 2021 reference geometry, NOT event-year boundary equivalence. No parent substitution.","District identity matched; 2021 reference geometry, NOT event-year boundary equivalence. No parent substitution."
E090::shrawasti,Uttar Pradesh,Shrawasti,OK,matched,geoBoundaries/gbOpen/IND/ADM2/2021@8bef6929fd65432e7dc775e7c44473e84efff064ebddbfd6b834e6291546db40,76128533B34832354589031,exact_or_spacing,2021.0,False,https://www.geoboundaries.org/api/current/gbOpen/IND/ADM2/,"District identity matched; 2021 reference geometry, NOT event-year boundary equivalence. No parent substitution.","District identity matched; 2021 reference geometry, NOT event-year boundary equivalence. No parent substitution."
E090::amroha,Uttar Pradesh,Amroha,OK,matched,geoBoundaries/gbOpen/IND/ADM2/2021@8bef6929fd65432e7dc775e7c44473e84efff064ebddbfd6b834e6291546db40,76128533B21119051307760,reviewed_alias,2021.0,False,https://amroha.nic.in/history/,"District identity matched; 2021 reference geometry, NOT event-year boundary equivalence. No parent substitution.","District identity matched; 2021 reference geometry, NOT event-year boundary equivalence. No parent substitution."
E092::east%20medinipur,West Bengal,East Medinipur,OK,matched,geoBoundaries/gbOpen/IND/ADM2/2021@8bef6929fd65432e7dc775e7c44473e84efff064ebddbfd6b834e6291546db40,76128533B25373378863054,census_label_alias,2021.0,False,https://censusindia.gov.in/nada/index.php/catalog/42557,"District identity matched; 2021 reference geometry, NOT event-year boundary equivalence. No parent substitution.","District identity matched; 2021 reference geometry, NOT event-year boundary equivalence. No parent substitution."
E092::alipurduar,West Bengal,Alipurduar,OK,matched,geoBoundaries/gbOpen/IND/ADM2/2021@8bef6929fd65432e7dc775e7c44473e84efff064ebddbfd6b834e6291546db40,76128533B23858286755005,exact_or_spacing,2021.0,False,https://www.geoboundaries.org/api/current/gbOpen/IND/ADM2/,"District identity matched; 2021 reference geometry, NOT event-year boundary equivalence. No parent substitution.","District identity matched; 2021 reference geometry, NOT event-year boundary equivalence. No parent substitution."
E092::cooch%20behar,West Bengal,Cooch Behar,OK,matched,geoBoundaries/gbOpen/IND/ADM2/2021@8bef6929fd65432e7dc775e7c44473e84efff064ebddbfd6b834e6291546db40,76128533B64156747739715,census_label_alias,2021.0,False,https://censusindia.gov.in/nada/index.php/catalog/42557,"District identity matched; 2021 reference geometry, NOT event-year boundary equivalence. No parent substitution.","District identity matched; 2021 reference geometry, NOT event-year boundary equivalence. No parent substitution."
E092::darjeeling,West Bengal,Darjeeling,OK,matched,geoBoundaries/gbOpen/IND/ADM2/2021@8bef6929fd65432e7dc775e7c44473e84efff064ebddbfd6b834e6291546db40,76128533B17109302371020,reviewed_alias,2021.0,False,https://www.geoboundaries.org/api/current/gbOpen/IND/ADM2/,"District identity matched; 2021 reference geometry, NOT event-year boundary equivalence. No parent substitution.","District identity matched; 2021 reference geometry, NOT event-year boundary equivalence. No parent substitution."
E092::howrah,West Bengal,Howrah,OK,matched,geoBoundaries/gbOpen/IND/ADM2/2021@8bef6929fd65432e7dc775e7c44473e84efff064ebddbfd6b834e6291546db40,76128533B22077262393417,census_label_alias,2021.0,False,https://censusindia.gov.in/nada/index.php/catalog/42557,"District identity matched; 2021 reference geometry, NOT event-year boundary equivalence. No parent substitution.","District identity matched; 2021 reference geometry, NOT event-year boundary equivalence. No parent substitution."
E092::hooghly,West Bengal,Hooghly,OK,matched,geoBoundaries/gbOpen/IND/ADM2/2021@8bef6929fd65432e7dc775e7c44473e84efff064ebddbfd6b834e6291546db40,76128533B81857725777974,census_label_alias,2021.0,False,https://censusindia.gov.in/nada/index.php/catalog/42557,"District identity matched; 2021 reference geometry, NOT event-year boundary equivalence. No parent substitution.","District identity matched; 2021 reference geometry, NOT event-year boundary equivalence. No parent substitution."
E092::jhargram,West Bengal,Jhargram,OK,matched,geoBoundaries/gbOpen/IND/ADM2/2021@8bef6929fd65432e7dc775e7c44473e84efff064ebddbfd6b834e6291546db40,76128533B24861976740713,exact_or_spacing,2021.0,False,https://www.geoboundaries.org/api/current/gbOpen/IND/ADM2/,"District identity matched; 2021 reference geometry, NOT event-year boundary equivalence. No parent substitution.","District identity matched; 2021 reference geometry, NOT event-year boundary equivalence. No parent substitution."
E092::purulia,West Bengal,Purulia,OK,matched,geoBoundaries/gbOpen/IND/ADM2/2021@8bef6929fd65432e7dc775e7c44473e84efff064ebddbfd6b834e6291546db40,76128533B16811573188243,census_label_alias,2021.0,False,https://censusindia.gov.in/nada/index.php/catalog/42557,"District identity matched; 2021 reference geometry, NOT event-year boundary equivalence. No parent substitution.","District identity matched; 2021 reference geometry, NOT event-year boundary equivalence. No parent substitution."
E092::purba%20bardhaman,West Bengal,Purba Bardhaman,OK,matched,geoBoundaries/gbOpen/IND/ADM2/2021@8bef6929fd65432e7dc775e7c44473e84efff064ebddbfd6b834e6291546db40,76128533B59121537940607,reviewed_alias,2021.0,False,https://www.geoboundaries.org/api/current/gbOpen/IND/ADM2/,"District identity matched; 2021 reference geometry, NOT event-year boundary equivalence. No parent substitution.","District identity matched; 2021 reference geometry, NOT event-year boundary equivalence. No parent substitution."
E092::kalimpong,West Bengal,Kalimpong,OK,matched,geoBoundaries/gbOpen/IND/ADM2/2021@8bef6929fd65432e7dc775e7c44473e84efff064ebddbfd6b834e6291546db40,76128533B78458325839103,exact_or_spacing,2021.0,False,https://www.geoboundaries.org/api/current/gbOpen/IND/ADM2/,"District identity matched; 2021 reference geometry, NOT event-year boundary equivalence. No parent substitution.","District identity matched; 2021 reference geometry, NOT event-year boundary equivalence. No parent substitution."
E092::paschim%20bardhaman,West Bengal,Paschim Bardhaman,OK,matched,geoBoundaries/gbOpen/IND/ADM2/2021@8bef6929fd65432e7dc775e7c44473e84efff064ebddbfd6b834e6291546db40,76128533B60845263086042,reviewed_alias,2021.0,False,https://www.geoboundaries.org/api/current/gbOpen/IND/ADM2/,"District identity matched; 2021 reference geometry, NOT event-year boundary equivalence. No parent substitution.","District identity matched; 2021 reference geometry, NOT event-year boundary equivalence. No parent substitution."
E092::malda,West Bengal,Malda,OK,matched,geoBoundaries/gbOpen/IND/ADM2/2021@8bef6929fd65432e7dc775e7c44473e84efff064ebddbfd6b834e6291546db40,76128533B36734405131975,census_label_alias,2021.0,False,https://censusindia.gov.in/nada/index.php/catalog/42557,"District identity matched; 2021 reference geometry, NOT event-year boundary equivalence. No parent substitution.","District identity matched; 2021 reference geometry, NOT event-year boundary equivalence. No parent substitution."
E092::west%20medinipur,West Bengal,West Medinipur,OK,matched,geoBoundaries/gbOpen/IND/ADM2/2021@8bef6929fd65432e7dc775e7c44473e84efff064ebddbfd6b834e6291546db40,76128533B88812350838807,reviewed_alias,2021.0,False,https://www.geoboundaries.org/api/current/gbOpen/IND/ADM2/,"District identity matched; 2021 reference geometry, NOT event-year boundary equivalence. No parent substitution.","District identity matched; 2021 reference geometry, NOT event-year boundary equivalence. No parent substitution."
E093::pathanamthitta,Kerala,Pathanamthitta,OK,matched,geoBoundaries/gbOpen/IND/ADM2/2021@8bef6929fd65432e7dc775e7c44473e84efff064ebddbfd6b834e6291546db40,76128533B29330052395581,exact_or_spacing,2021.0,False,https://www.geoboundaries.org/api/current/gbOpen/IND/ADM2/,"District identity matched; 2021 reference geometry, NOT event-year boundary equivalence. No parent substitution.","District identity matched; 2021 reference geometry, NOT event-year boundary equivalence. No parent substitution."
E096::darjeeling,West Bengal,Darjeeling,OK,matched,geoBoundaries/gbOpen/IND/ADM2/2021@8bef6929fd65432e7dc775e7c44473e84efff064ebddbfd6b834e6291546db40,76128533B17109302371020,reviewed_alias,2021.0,False,https://www.geoboundaries.org/api/current/gbOpen/IND/ADM2/,"District identity matched; 2021 reference geometry, NOT event-year boundary equivalence. No parent substitution.","District identity matched; 2021 reference geometry, NOT event-year boundary equivalence. No parent substitution."
E095::subarnapur,Odisha,Subarnapur,OK,matched,geoBoundaries/gbOpen/IND/ADM2/2021@8bef6929fd65432e7dc775e7c44473e84efff064ebddbfd6b834e6291546db40,76128533B6884509901047,exact_or_spacing,2021.0,False,https://www.geoboundaries.org/api/current/gbOpen/IND/ADM2/,"District identity matched; 2021 reference geometry, NOT event-year boundary equivalence. No parent substitution.","District identity matched; 2021 reference geometry, NOT event-year boundary equivalence. No parent substitution."
E096::kalimpong,West Bengal,Kalimpong,OK,matched,geoBoundaries/gbOpen/IND/ADM2/2021@8bef6929fd65432e7dc775e7c44473e84efff064ebddbfd6b834e6291546db40,76128533B78458325839103,exact_or_spacing,2021.0,False,https://www.geoboundaries.org/api/current/gbOpen/IND/ADM2/,"District identity matched; 2021 reference geometry, NOT event-year boundary equivalence. No parent substitution.","District identity matched; 2021 reference geometry, NOT event-year boundary equivalence. No parent substitution."
E095::balangir,Odisha,Balangir,OK,matched,geoBoundaries/gbOpen/IND/ADM2/2021@8bef6929fd65432e7dc775e7c44473e84efff064ebddbfd6b834e6291546db40,76128533B44395557448920,exact_or_spacing,2021.0,False,https://www.geoboundaries.org/api/current/gbOpen/IND/ADM2/,"District identity matched; 2021 reference geometry, NOT event-year boundary equivalence. No parent substitution.","District identity matched; 2021 reference geometry, NOT event-year boundary equivalence. No parent substitution."
E101::thiruvarur,Tamil Nadu,Thiruvarur,OK,matched,geoBoundaries/gbOpen/IND/ADM2/2021@8bef6929fd65432e7dc775e7c44473e84efff064ebddbfd6b834e6291546db40,76128533B45072089356239,exact_or_spacing,2021.0,False,https://www.geoboundaries.org/api/current/gbOpen/IND/ADM2/,"District identity matched; 2021 reference geometry, NOT event-year boundary equivalence. No parent substitution.","District identity matched; 2021 reference geometry, NOT event-year boundary equivalence. No parent substitution."
E097::belagavi,Karnataka,Belagavi,OK,matched,geoBoundaries/gbOpen/IND/ADM2/2021@8bef6929fd65432e7dc775e7c44473e84efff064ebddbfd6b834e6291546db40,76128533B74319098136622,census_label_alias,2021.0,False,https://assets.publishing.service.gov.uk/media/5a7e0e2d40f0b62305b80813/Karnataka_State_India_Name_Changes_20141112.pdf,"District identity matched; 2021 reference geometry, NOT event-year boundary equivalence. No parent substitution.","District identity matched; 2021 reference geometry, NOT event-year boundary equivalence. No parent substitution."
E104::mangan,Sikkim,Mangan,OK,matched,geoBoundaries/gbOpen/IND/ADM2/2021@8bef6929fd65432e7dc775e7c44473e84efff064ebddbfd6b834e6291546db40,76128533B65820903826030,reviewed_alias,2021.0,False,https://sikkim.nic.in/district-centres/,"District identity matched; 2021 reference geometry, NOT event-year boundary equivalence. No parent substitution.","District identity matched; 2021 reference geometry, NOT event-year boundary equivalence. No parent substitution."
E101::thoothukkudi,Tamil Nadu,Thoothukkudi,OK,matched,geoBoundaries/gbOpen/IND/ADM2/2021@8bef6929fd65432e7dc775e7c44473e84efff064ebddbfd6b834e6291546db40,76128533B31241181851990,exact_or_spacing,2021.0,False,https://www.geoboundaries.org/api/current/gbOpen/IND/ADM2/,"District identity matched; 2021 reference geometry, NOT event-year boundary equivalence. No parent substitution.","District identity matched; 2021 reference geometry, NOT event-year boundary equivalence. No parent substitution."
E101::tiruppur,Tamil Nadu,Tiruppur,OK,matched,geoBoundaries/gbOpen/IND/ADM2/2021@8bef6929fd65432e7dc775e7c44473e84efff064ebddbfd6b834e6291546db40,76128533B57036825942975,exact_or_spacing,2021.0,False,https://www.geoboundaries.org/api/current/gbOpen/IND/ADM2/,"District identity matched; 2021 reference geometry, NOT event-year boundary equivalence. No parent substitution.","District identity matched; 2021 reference geometry, NOT event-year boundary equivalence. No parent substitution."
E106::namsai,Arunachal Pradesh,Namsai,OK,matched,geoBoundaries/gbOpen/IND/ADM2/2021@8bef6929fd65432e7dc775e7c44473e84efff064ebddbfd6b834e6291546db40,76128533B1875965515331,exact_or_spacing,2021.0,False,https://www.geoboundaries.org/api/current/gbOpen/IND/ADM2/,"District identity matched; 2021 reference geometry, NOT event-year boundary equivalence. No parent substitution.","District identity matched; 2021 reference geometry, NOT event-year boundary equivalence. No parent substitution."
E103::udalguri,Assam,Udalguri,OK,matched,geoBoundaries/gbOpen/IND/ADM2/2021@8bef6929fd65432e7dc775e7c44473e84efff064ebddbfd6b834e6291546db40,76128533B20307518801538,exact_or_spacing,2021.0,False,https://www.geoboundaries.org/api/current/gbOpen/IND/ADM2/,"District identity matched; 2021 reference geometry, NOT event-year boundary equivalence. No parent substitution.","District identity matched; 2021 reference geometry, NOT event-year boundary equivalence. No parent substitution."
E107::charaideo,Assam,Charaideo,OK,matched,geoBoundaries/gbOpen/IND/ADM2/2021@8bef6929fd65432e7dc775e7c44473e84efff064ebddbfd6b834e6291546db40,76128533B89228414823983,exact_or_spacing,2021.0,False,https://www.geoboundaries.org/api/current/gbOpen/IND/ADM2/,"District identity matched; 2021 reference geometry, NOT event-year boundary equivalence. No parent substitution.","District identity matched; 2021 reference geometry, NOT event-year boundary equivalence. No parent substitution."
E107::baksa,Assam,Baksa,OK,matched,geoBoundaries/gbOpen/IND/ADM2/2021@8bef6929fd65432e7dc775e7c44473e84efff064ebddbfd6b834e6291546db40,76128533B8221925175605,exact_or_spacing,2021.0,False,https://www.geoboundaries.org/api/current/gbOpen/IND/ADM2/,"District identity matched; 2021 reference geometry, NOT event-year boundary equivalence. No parent substitution.","District identity matched; 2021 reference geometry, NOT event-year boundary equivalence. No parent substitution."
E107::chirang,Assam,Chirang,OK,matched,geoBoundaries/gbOpen/IND/ADM2/2021@8bef6929fd65432e7dc775e7c44473e84efff064ebddbfd6b834e6291546db40,76128533B56012535339305,exact_or_spacing,2021.0,False,https://www.geoboundaries.org/api/current/gbOpen/IND/ADM2/,"District identity matched; 2021 reference geometry, NOT event-year boundary equivalence. No parent substitution.","District identity matched; 2021 reference geometry, NOT event-year boundary equivalence. No parent substitution."
E107::biswanath,Assam,Biswanath,OK,matched,geoBoundaries/gbOpen/IND/ADM2/2021@8bef6929fd65432e7dc775e7c44473e84efff064ebddbfd6b834e6291546db40,76128533B40714385808093,exact_or_spacing,2021.0,False,https://www.geoboundaries.org/api/current/gbOpen/IND/ADM2/,"District identity matched; 2021 reference geometry, NOT event-year boundary equivalence. No parent substitution.","District identity matched; 2021 reference geometry, NOT event-year boundary equivalence. No parent substitution."
E107::dhubri,Assam,Dhubri,OK,matched,geoBoundaries/gbOpen/IND/ADM2/2021@8bef6929fd65432e7dc775e7c44473e84efff064ebddbfd6b834e6291546db40,76128533B25835998628545,exact_or_spacing,2021.0,False,https://www.geoboundaries.org/api/current/gbOpen/IND/ADM2/,"District identity matched; 2021 reference geometry, NOT event-year boundary equivalence. No parent substitution.","District identity matched; 2021 reference geometry, NOT event-year boundary equivalence. No parent substitution."
E107::majuli,Assam,Majuli,OK,matched,geoBoundaries/gbOpen/IND/ADM2/2021@8bef6929fd65432e7dc775e7c44473e84efff064ebddbfd6b834e6291546db40,76128533B15157901669242,exact_or_spacing,2021.0,False,https://www.geoboundaries.org/api/current/gbOpen/IND/ADM2/,"District identity matched; 2021 reference geometry, NOT event-year boundary equivalence. No parent substitution.","District identity matched; 2021 reference geometry, NOT event-year boundary equivalence. No parent substitution."
E107::hojai,Assam,Hojai,OK,matched,geoBoundaries/gbOpen/IND/ADM2/2021@8bef6929fd65432e7dc775e7c44473e84efff064ebddbfd6b834e6291546db40,76128533B70315194619807,exact_or_spacing,2021.0,False,https://www.geoboundaries.org/api/current/gbOpen/IND/ADM2/,"District identity matched; 2021 reference geometry, NOT event-year boundary equivalence. No parent substitution.","District identity matched; 2021 reference geometry, NOT event-year boundary equivalence. No parent substitution."
E107::morigaon,Assam,Morigaon,OK,matched,geoBoundaries/gbOpen/IND/ADM2/2021@8bef6929fd65432e7dc775e7c44473e84efff064ebddbfd6b834e6291546db40,76128533B17968019348564,exact_or_spacing,2021.0,False,https://www.geoboundaries.org/api/current/gbOpen/IND/ADM2/,"District identity matched; 2021 reference geometry, NOT event-year boundary equivalence. No parent substitution.","District identity matched; 2021 reference geometry, NOT event-year boundary equivalence. No parent substitution."
E107::sivasagar,Assam,Sivasagar,OK,matched,geoBoundaries/gbOpen/IND/ADM2/2021@8bef6929fd65432e7dc775e7c44473e84efff064ebddbfd6b834e6291546db40,76128533B21722277889516,exact_or_spacing,2021.0,False,https://www.geoboundaries.org/api/current/gbOpen/IND/ADM2/,"District identity matched; 2021 reference geometry, NOT event-year boundary equivalence. No parent substitution.","District identity matched; 2021 reference geometry, NOT event-year boundary equivalence. No parent substitution."
E107::kamrup%20metropolitan,Assam,Kamrup Metropolitan,OK,matched,geoBoundaries/gbOpen/IND/ADM2/2021@8bef6929fd65432e7dc775e7c44473e84efff064ebddbfd6b834e6291546db40,76128533B38230828972906,exact_or_spacing,2021.0,False,https://www.geoboundaries.org/api/current/gbOpen/IND/ADM2/,"District identity matched; 2021 reference geometry, NOT event-year boundary equivalence. No parent substitution.","District identity matched; 2021 reference geometry, NOT event-year boundary equivalence. No parent substitution."
E107::south%20salmara,Assam,South Salmara,OK,matched,geoBoundaries/gbOpen/IND/ADM2/2021@8bef6929fd65432e7dc775e7c44473e84efff064ebddbfd6b834e6291546db40,76128533B20298037622173,reviewed_alias,2021.0,False,https://www.geoboundaries.org/api/current/gbOpen/IND/ADM2/,"District identity matched; 2021 reference geometry, NOT event-year boundary equivalence. No parent substitution.","District identity matched; 2021 reference geometry, NOT event-year boundary equivalence. No parent substitution."
E109::balod,Chhattisgarh,Balod,OK,matched,geoBoundaries/gbOpen/IND/ADM2/2021@8bef6929fd65432e7dc775e7c44473e84efff064ebddbfd6b834e6291546db40,76128533B90169585758701,exact_or_spacing,2021.0,False,https://www.geoboundaries.org/api/current/gbOpen/IND/ADM2/,"District identity matched; 2021 reference geometry, NOT event-year boundary equivalence. No parent substitution.","District identity matched; 2021 reference geometry, NOT event-year boundary equivalence. No parent substitution."
E107::udalguri,Assam,Udalguri,OK,matched,geoBoundaries/gbOpen/IND/ADM2/2021@8bef6929fd65432e7dc775e7c44473e84efff064ebddbfd6b834e6291546db40,76128533B20307518801538,exact_or_spacing,2021.0,False,https://www.geoboundaries.org/api/current/gbOpen/IND/ADM2/,"District identity matched; 2021 reference geometry, NOT event-year boundary equivalence. No parent substitution.","District identity matched; 2021 reference geometry, NOT event-year boundary equivalence. No parent substitution."
E108::east%20champaran,Bihar,East Champaran,OK,matched,geoBoundaries/gbOpen/IND/ADM2/2021@8bef6929fd65432e7dc775e7c44473e84efff064ebddbfd6b834e6291546db40,76128533B49017555803526,census_label_alias,2021.0,False,https://censusindia.gov.in/nada/index.php/catalog/42557,"District identity matched; 2021 reference geometry, NOT event-year boundary equivalence. No parent substitution.","District identity matched; 2021 reference geometry, NOT event-year boundary equivalence. No parent substitution."
E107::west%20karbi%20anglong,Assam,West Karbi Anglong,OK,matched,geoBoundaries/gbOpen/IND/ADM2/2021@8bef6929fd65432e7dc775e7c44473e84efff064ebddbfd6b834e6291546db40,76128533B57995625790051,reviewed_alias,2021.0,False,https://www.geoboundaries.org/api/current/gbOpen/IND/ADM2/,"District identity matched; 2021 reference geometry, NOT event-year boundary equivalence. No parent substitution.","District identity matched; 2021 reference geometry, NOT event-year boundary equivalence. No parent substitution."
E109::balrampur,Chhattisgarh,Balrampur,OK,matched,geoBoundaries/gbOpen/IND/ADM2/2021@8bef6929fd65432e7dc775e7c44473e84efff064ebddbfd6b834e6291546db40,76128533B14598081584747,exact_or_spacing,2021.0,False,https://www.geoboundaries.org/api/current/gbOpen/IND/ADM2/,"District identity matched; 2021 reference geometry, NOT event-year boundary equivalence. No parent substitution.","District identity matched; 2021 reference geometry, NOT event-year boundary equivalence. No parent substitution."
E108::west%20champaran,Bihar,West Champaran,OK,matched,geoBoundaries/gbOpen/IND/ADM2/2021@8bef6929fd65432e7dc775e7c44473e84efff064ebddbfd6b834e6291546db40,76128533B17762399278073,census_label_alias,2021.0,False,https://censusindia.gov.in/nada/index.php/catalog/42557,"District identity matched; 2021 reference geometry, NOT event-year boundary equivalence. No parent substitution.","District identity matched; 2021 reference geometry, NOT event-year boundary equivalence. No parent substitution."
E109::balodabazar,Chhattisgarh,Balodabazar,OK,matched,geoBoundaries/gbOpen/IND/ADM2/2021@8bef6929fd65432e7dc775e7c44473e84efff064ebddbfd6b834e6291546db40,76128533B54306414631532,exact_or_spacing,2021.0,False,https://www.geoboundaries.org/api/current/gbOpen/IND/ADM2/,"District identity matched; 2021 reference geometry, NOT event-year boundary equivalence. No parent substitution.","District identity matched; 2021 reference geometry, NOT event-year boundary equivalence. No parent substitution."
E109::gariyaband,Chhattisgarh,Gariyaband,OK,matched,geoBoundaries/gbOpen/IND/ADM2/2021@8bef6929fd65432e7dc775e7c44473e84efff064ebddbfd6b834e6291546db40,76128533B93063337202124,reviewed_alias,2021.0,False,https://www.geoboundaries.org/api/current/gbOpen/IND/ADM2/,"District identity matched; 2021 reference geometry, NOT event-year boundary equivalence. No parent substitution.","District identity matched; 2021 reference geometry, NOT event-year boundary equivalence. No parent substitution."
E109::bijapur,Chhattisgarh,Bijapur,OK,matched,geoBoundaries/gbOpen/IND/ADM2/2021@8bef6929fd65432e7dc775e7c44473e84efff064ebddbfd6b834e6291546db40,76128533B66145460152555,exact_or_spacing,2021.0,False,https://www.geoboundaries.org/api/current/gbOpen/IND/ADM2/,"District identity matched; 2021 reference geometry, NOT event-year boundary equivalence. No parent substitution.","District identity matched; 2021 reference geometry, NOT event-year boundary equivalence. No parent substitution."
E109::kabirdham,Chhattisgarh,Kabirdham,OK,matched,geoBoundaries/gbOpen/IND/ADM2/2021@8bef6929fd65432e7dc775e7c44473e84efff064ebddbfd6b834e6291546db40,76128533B48077510234542,census_label_alias,2021.0,False,https://censusindia.gov.in/nada/index.php/catalog/42557,"District identity matched; 2021 reference geometry, NOT event-year boundary equivalence. No parent substitution.","District identity matched; 2021 reference geometry, NOT event-year boundary equivalence. No parent substitution."
E109::narayanpur,Chhattisgarh,Narayanpur,OK,matched,geoBoundaries/gbOpen/IND/ADM2/2021@8bef6929fd65432e7dc775e7c44473e84efff064ebddbfd6b834e6291546db40,76128533B89979485471283,exact_or_spacing,2021.0,False,https://www.geoboundaries.org/api/current/gbOpen/IND/ADM2/,"District identity matched; 2021 reference geometry, NOT event-year boundary equivalence. No parent substitution.","District identity matched; 2021 reference geometry, NOT event-year boundary equivalence. No parent substitution."
E109::kondagaon,Chhattisgarh,Kondagaon,OK,matched,geoBoundaries/gbOpen/IND/ADM2/2021@8bef6929fd65432e7dc775e7c44473e84efff064ebddbfd6b834e6291546db40,76128533B12144400448811,exact_or_spacing,2021.0,False,https://www.geoboundaries.org/api/current/gbOpen/IND/ADM2/,"District identity matched; 2021 reference geometry, NOT event-year boundary equivalence. No parent substitution.","District identity matched; 2021 reference geometry, NOT event-year boundary equivalence. No parent substitution."
E109::mungeli,Chhattisgarh,Mungeli,OK,matched,geoBoundaries/gbOpen/IND/ADM2/2021@8bef6929fd65432e7dc775e7c44473e84efff064ebddbfd6b834e6291546db40,76128533B17292264941997,exact_or_spacing,2021.0,False,https://www.geoboundaries.org/api/current/gbOpen/IND/ADM2/,"District identity matched; 2021 reference geometry, NOT event-year boundary equivalence. No parent substitution.","District identity matched; 2021 reference geometry, NOT event-year boundary equivalence. No parent substitution."
E109::surajpur,Chhattisgarh,Surajpur,OK,matched,geoBoundaries/gbOpen/IND/ADM2/2021@8bef6929fd65432e7dc775e7c44473e84efff064ebddbfd6b834e6291546db40,76128533B46979893461805,exact_or_spacing,2021.0,False,https://www.geoboundaries.org/api/current/gbOpen/IND/ADM2/,"District identity matched; 2021 reference geometry, NOT event-year boundary equivalence. No parent substitution.","District identity matched; 2021 reference geometry, NOT event-year boundary equivalence. No parent substitution."
E109::sukma,Chhattisgarh,Sukma,OK,matched,geoBoundaries/gbOpen/IND/ADM2/2021@8bef6929fd65432e7dc775e7c44473e84efff064ebddbfd6b834e6291546db40,76128533B53316015271969,exact_or_spacing,2021.0,False,https://www.geoboundaries.org/api/current/gbOpen/IND/ADM2/,"District identity matched; 2021 reference geometry, NOT event-year boundary equivalence. No parent substitution.","District identity matched; 2021 reference geometry, NOT event-year boundary equivalence. No parent substitution."
E110::botad,Gujarat,Botad,OK,matched,geoBoundaries/gbOpen/IND/ADM2/2021@8bef6929fd65432e7dc775e7c44473e84efff064ebddbfd6b834e6291546db40,76128533B48885555323596,reviewed_alias,2021.0,False,https://www.geoboundaries.org/api/current/gbOpen/IND/ADM2/,"District identity matched; 2021 reference geometry, NOT event-year boundary equivalence. No parent substitution.","District identity matched; 2021 reference geometry, NOT event-year boundary equivalence. No parent substitution."
E110::kutch,Gujarat,Kutch,OK,matched,geoBoundaries/gbOpen/IND/ADM2/2021@8bef6929fd65432e7dc775e7c44473e84efff064ebddbfd6b834e6291546db40,76128533B91881382098572,census_label_alias,2021.0,False,https://censusindia.gov.in/nada/index.php/catalog/42557,"District identity matched; 2021 reference geometry, NOT event-year boundary equivalence. No parent substitution.","District identity matched; 2021 reference geometry, NOT event-year boundary equivalence. No parent substitution."
E110::devbhumi%20dwarka,Gujarat,Devbhumi Dwarka,OK,matched,geoBoundaries/gbOpen/IND/ADM2/2021@8bef6929fd65432e7dc775e7c44473e84efff064ebddbfd6b834e6291546db40,76128533B74381554567803,exact_or_spacing,2021.0,False,https://www.geoboundaries.org/api/current/gbOpen/IND/ADM2/,"District identity matched; 2021 reference geometry, NOT event-year boundary equivalence. No parent substitution.","District identity matched; 2021 reference geometry, NOT event-year boundary equivalence. No parent substitution."
E110::gir%20somnath,Gujarat,Gir Somnath,OK,matched,geoBoundaries/gbOpen/IND/ADM2/2021@8bef6929fd65432e7dc775e7c44473e84efff064ebddbfd6b834e6291546db40,76128533B45037556977273,exact_or_spacing,2021.0,False,https://www.geoboundaries.org/api/current/gbOpen/IND/ADM2/,"District identity matched; 2021 reference geometry, NOT event-year boundary equivalence. No parent substitution.","District identity matched; 2021 reference geometry, NOT event-year boundary equivalence. No parent substitution."
E110::morbi,Gujarat,Morbi,OK,matched,geoBoundaries/gbOpen/IND/ADM2/2021@8bef6929fd65432e7dc775e7c44473e84efff064ebddbfd6b834e6291546db40,76128533B2080752988715,exact_or_spacing,2021.0,False,https://www.geoboundaries.org/api/current/gbOpen/IND/ADM2/,"District identity matched; 2021 reference geometry, NOT event-year boundary equivalence. No parent substitution.","District identity matched; 2021 reference geometry, NOT event-year boundary equivalence. No parent substitution."
E110::mehsana,Gujarat,Mehsana,OK,matched,geoBoundaries/gbOpen/IND/ADM2/2021@8bef6929fd65432e7dc775e7c44473e84efff064ebddbfd6b834e6291546db40,76128533B81661995166840,census_label_alias,2021.0,False,https://censusindia.gov.in/nada/index.php/catalog/42557,"District identity matched; 2021 reference geometry, NOT event-year boundary equivalence. No parent substitution.","District identity matched; 2021 reference geometry, NOT event-year boundary equivalence. No parent substitution."
E110::tapi,Gujarat,Tapi,OK,matched,geoBoundaries/gbOpen/IND/ADM2/2021@8bef6929fd65432e7dc775e7c44473e84efff064ebddbfd6b834e6291546db40,76128533B12519626815499,exact_or_spacing,2021.0,False,https://www.geoboundaries.org/api/current/gbOpen/IND/ADM2/,"District identity matched; 2021 reference geometry, NOT event-year boundary equivalence. No parent substitution.","District identity matched; 2021 reference geometry, NOT event-year boundary equivalence. No parent substitution."
E110::ahmedabad,Gujarat,Ahmedabad,OK,matched,geoBoundaries/gbOpen/IND/ADM2/2021@8bef6929fd65432e7dc775e7c44473e84efff064ebddbfd6b834e6291546db40,76128533B93113981386565,census_label_alias,2021.0,False,https://censusindia.gov.in/nada/index.php/catalog/42557,"District identity matched; 2021 reference geometry, NOT event-year boundary equivalence. No parent substitution.","District identity matched; 2021 reference geometry, NOT event-year boundary equivalence. No parent substitution."
E111::chamarajanagar,Karnataka,Chamarajanagar,OK,matched,geoBoundaries/gbOpen/IND/ADM2/2021@8bef6929fd65432e7dc775e7c44473e84efff064ebddbfd6b834e6291546db40,76128533B16628456658675,exact_or_spacing,2021.0,False,https://www.geoboundaries.org/api/current/gbOpen/IND/ADM2/,"District identity matched; 2021 reference geometry, NOT event-year boundary equivalence. No parent substitution.","District identity matched; 2021 reference geometry, NOT event-year boundary equivalence. No parent substitution."
E111::mysuru,Karnataka,Mysuru,OK,matched,geoBoundaries/gbOpen/IND/ADM2/2021@8bef6929fd65432e7dc775e7c44473e84efff064ebddbfd6b834e6291546db40,76128533B95879808095476,census_label_alias,2021.0,False,https://assets.publishing.service.gov.uk/media/5a7e0e2d40f0b62305b80813/Karnataka_State_India_Name_Changes_20141112.pdf,"District identity matched; 2021 reference geometry, NOT event-year boundary equivalence. No parent substitution.","District identity matched; 2021 reference geometry, NOT event-year boundary equivalence. No parent substitution."
E111::chikkamagaluru,Karnataka,Chikkamagaluru,OK,matched,geoBoundaries/gbOpen/IND/ADM2/2021@8bef6929fd65432e7dc775e7c44473e84efff064ebddbfd6b834e6291546db40,76128533B15550697205080,census_label_alias,2021.0,False,https://assets.publishing.service.gov.uk/media/5a7e0e2d40f0b62305b80813/Karnataka_State_India_Name_Changes_20141112.pdf,"District identity matched; 2021 reference geometry, NOT event-year boundary equivalence. No parent substitution.","District identity matched; 2021 reference geometry, NOT event-year boundary equivalence. No parent substitution."
E111::belagavi,Karnataka,Belagavi,OK,matched,geoBoundaries/gbOpen/IND/ADM2/2021@8bef6929fd65432e7dc775e7c44473e84efff064ebddbfd6b834e6291546db40,76128533B74319098136622,census_label_alias,2021.0,False,https://assets.publishing.service.gov.uk/media/5a7e0e2d40f0b62305b80813/Karnataka_State_India_Name_Changes_20141112.pdf,"District identity matched; 2021 reference geometry, NOT event-year boundary equivalence. No parent substitution.","District identity matched; 2021 reference geometry, NOT event-year boundary equivalence. No parent substitution."
E111::shivamogga,Karnataka,Shivamogga,OK,matched,geoBoundaries/gbOpen/IND/ADM2/2021@8bef6929fd65432e7dc775e7c44473e84efff064ebddbfd6b834e6291546db40,76128533B85389886560116,census_label_alias,2021.0,False,https://assets.publishing.service.gov.uk/media/5a7e0e2d40f0b62305b80813/Karnataka_State_India_Name_Changes_20141112.pdf,"District identity matched; 2021 reference geometry, NOT event-year boundary equivalence. No parent substitution.","District identity matched; 2021 reference geometry, NOT event-year boundary equivalence. No parent substitution."
E111::vijayapura,Karnataka,Vijayapura,OK,matched,geoBoundaries/gbOpen/IND/ADM2/2021@8bef6929fd65432e7dc775e7c44473e84efff064ebddbfd6b834e6291546db40,76128533B40495457052818,census_label_alias,2021.0,False,https://assets.publishing.service.gov.uk/media/5a7e0e2d40f0b62305b80813/Karnataka_State_India_Name_Changes_20141112.pdf,"District identity matched; 2021 reference geometry, NOT event-year boundary equivalence. No parent substitution.","District identity matched; 2021 reference geometry, NOT event-year boundary equivalence. No parent substitution."
E112::pathanamthitta,Kerala,Pathanamthitta,OK,matched,geoBoundaries/gbOpen/IND/ADM2/2021@8bef6929fd65432e7dc775e7c44473e84efff064ebddbfd6b834e6291546db40,76128533B29330052395581,exact_or_spacing,2021.0,False,https://www.geoboundaries.org/api/current/gbOpen/IND/ADM2/,"District identity matched; 2021 reference geometry, NOT event-year boundary equivalence. No parent substitution.","District identity matched; 2021 reference geometry, NOT event-year boundary equivalence. No parent substitution."
E113::khandwa,Madhya Pradesh,Khandwa,OK,matched,geoBoundaries/gbOpen/IND/ADM2/2021@8bef6929fd65432e7dc775e7c44473e84efff064ebddbfd6b834e6291546db40,76128533B71271011331008,census_label_alias,2021.0,False,https://censusindia.gov.in/nada/index.php/catalog/42557,"District identity matched; 2021 reference geometry, NOT event-year boundary equivalence. No parent substitution.","District identity matched; 2021 reference geometry, NOT event-year boundary equivalence. No parent substitution."
E113::alirajpur,Madhya Pradesh,Alirajpur,OK,matched,geoBoundaries/gbOpen/IND/ADM2/2021@8bef6929fd65432e7dc775e7c44473e84efff064ebddbfd6b834e6291546db40,76128533B35167844027544,exact_or_spacing,2021.0,False,https://www.geoboundaries.org/api/current/gbOpen/IND/ADM2/,"District identity matched; 2021 reference geometry, NOT event-year boundary equivalence. No parent substitution.","District identity matched; 2021 reference geometry, NOT event-year boundary equivalence. No parent substitution."
E116::ayodhya,Uttar Pradesh,Ayodhya,OK,matched,geoBoundaries/gbOpen/IND/ADM2/2021@8bef6929fd65432e7dc775e7c44473e84efff064ebddbfd6b834e6291546db40,76128533B60320291189162,reviewed_alias,2021.0,False,https://ayodhya.nic.in/,"District identity matched; 2021 reference geometry, NOT event-year boundary equivalence. No parent substitution.","District identity matched; 2021 reference geometry, NOT event-year boundary equivalence. No parent substitution."
E113::singrauli,Madhya Pradesh,Singrauli,OK,matched,geoBoundaries/gbOpen/IND/ADM2/2021@8bef6929fd65432e7dc775e7c44473e84efff064ebddbfd6b834e6291546db40,76128533B50014751336341,exact_or_spacing,2021.0,False,https://www.geoboundaries.org/api/current/gbOpen/IND/ADM2/,"District identity matched; 2021 reference geometry, NOT event-year boundary equivalence. No parent substitution.","District identity matched; 2021 reference geometry, NOT event-year boundary equivalence. No parent substitution."
E113::narmadapuram,Madhya Pradesh,Narmadapuram,OK,matched,geoBoundaries/gbOpen/IND/ADM2/2021@8bef6929fd65432e7dc775e7c44473e84efff064ebddbfd6b834e6291546db40,76128533B45314020251888,reviewed_alias,2021.0,False,https://narmadapuram.nic.in/en/notice/regarding-changing-the-name-of-hoshangabad-city-and-district-to-narmadapuram/,"District identity matched; 2021 reference geometry, NOT event-year boundary equivalence. No parent substitution.","District identity matched; 2021 reference geometry, NOT event-year boundary equivalence. No parent substitution."
E117::alipurduar,West Bengal,Alipurduar,OK,matched,geoBoundaries/gbOpen/IND/ADM2/2021@8bef6929fd65432e7dc775e7c44473e84efff064ebddbfd6b834e6291546db40,76128533B23858286755005,exact_or_spacing,2021.0,False,https://www.geoboundaries.org/api/current/gbOpen/IND/ADM2/,"District identity matched; 2021 reference geometry, NOT event-year boundary equivalence. No parent substitution.","District identity matched; 2021 reference geometry, NOT event-year boundary equivalence. No parent substitution."
E113::khargone,Madhya Pradesh,Khargone,OK,matched,geoBoundaries/gbOpen/IND/ADM2/2021@8bef6929fd65432e7dc775e7c44473e84efff064ebddbfd6b834e6291546db40,76128533B69481535535995,census_label_alias,2021.0,False,https://censusindia.gov.in/nada/index.php/catalog/42557,"District identity matched; 2021 reference geometry, NOT event-year boundary equivalence. No parent substitution.","District identity matched; 2021 reference geometry, NOT event-year boundary equivalence. No parent substitution."
E117::cooch%20behar,West Bengal,Cooch Behar,OK,matched,geoBoundaries/gbOpen/IND/ADM2/2021@8bef6929fd65432e7dc775e7c44473e84efff064ebddbfd6b834e6291546db40,76128533B64156747739715,census_label_alias,2021.0,False,https://censusindia.gov.in/nada/index.php/catalog/42557,"District identity matched; 2021 reference geometry, NOT event-year boundary equivalence. No parent substitution.","District identity matched; 2021 reference geometry, NOT event-year boundary equivalence. No parent substitution."
E117::darjeeling,West Bengal,Darjeeling,OK,matched,geoBoundaries/gbOpen/IND/ADM2/2021@8bef6929fd65432e7dc775e7c44473e84efff064ebddbfd6b834e6291546db40,76128533B17109302371020,reviewed_alias,2021.0,False,https://www.geoboundaries.org/api/current/gbOpen/IND/ADM2/,"District identity matched; 2021 reference geometry, NOT event-year boundary equivalence. No parent substitution.","District identity matched; 2021 reference geometry, NOT event-year boundary equivalence. No parent substitution."
E117::east%20medinipur,West Bengal,East Medinipur,OK,matched,geoBoundaries/gbOpen/IND/ADM2/2021@8bef6929fd65432e7dc775e7c44473e84efff064ebddbfd6b834e6291546db40,76128533B25373378863054,census_label_alias,2021.0,False,https://censusindia.gov.in/nada/index.php/catalog/42557,"District identity matched; 2021 reference geometry, NOT event-year boundary equivalence. No parent substitution.","District identity matched; 2021 reference geometry, NOT event-year boundary equivalence. No parent substitution."
E117::hooghly,West Bengal,Hooghly,OK,matched,geoBoundaries/gbOpen/IND/ADM2/2021@8bef6929fd65432e7dc775e7c44473e84efff064ebddbfd6b834e6291546db40,76128533B81857725777974,census_label_alias,2021.0,False,https://censusindia.gov.in/nada/index.php/catalog/42557,"District identity matched; 2021 reference geometry, NOT event-year boundary equivalence. No parent substitution.","District identity matched; 2021 reference geometry, NOT event-year boundary equivalence. No parent substitution."
E117::howrah,West Bengal,Howrah,OK,matched,geoBoundaries/gbOpen/IND/ADM2/2021@8bef6929fd65432e7dc775e7c44473e84efff064ebddbfd6b834e6291546db40,76128533B22077262393417,census_label_alias,2021.0,False,https://censusindia.gov.in/nada/index.php/catalog/42557,"District identity matched; 2021 reference geometry, NOT event-year boundary equivalence. No parent substitution.","District identity matched; 2021 reference geometry, NOT event-year boundary equivalence. No parent substitution."
E117::kalimpong,West Bengal,Kalimpong,OK,matched,geoBoundaries/gbOpen/IND/ADM2/2021@8bef6929fd65432e7dc775e7c44473e84efff064ebddbfd6b834e6291546db40,76128533B78458325839103,exact_or_spacing,2021.0,False,https://www.geoboundaries.org/api/current/gbOpen/IND/ADM2/,"District identity matched; 2021 reference geometry, NOT event-year boundary equivalence. No parent substitution.","District identity matched; 2021 reference geometry, NOT event-year boundary equivalence. No parent substitution."
E117::jhargram,West Bengal,Jhargram,OK,matched,geoBoundaries/gbOpen/IND/ADM2/2021@8bef6929fd65432e7dc775e7c44473e84efff064ebddbfd6b834e6291546db40,76128533B24861976740713,exact_or_spacing,2021.0,False,https://www.geoboundaries.org/api/current/gbOpen/IND/ADM2/,"District identity matched; 2021 reference geometry, NOT event-year boundary equivalence. No parent substitution.","District identity matched; 2021 reference geometry, NOT event-year boundary equivalence. No parent substitution."
E117::malda,West Bengal,Malda,OK,matched,geoBoundaries/gbOpen/IND/ADM2/2021@8bef6929fd65432e7dc775e7c44473e84efff064ebddbfd6b834e6291546db40,76128533B36734405131975,census_label_alias,2021.0,False,https://censusindia.gov.in/nada/index.php/catalog/42557,"District identity matched; 2021 reference geometry, NOT event-year boundary equivalence. No parent substitution.","District identity matched; 2021 reference geometry, NOT event-year boundary equivalence. No parent substitution."
E117::paschim%20bardhaman,West Bengal,Paschim Bardhaman,OK,matched,geoBoundaries/gbOpen/IND/ADM2/2021@8bef6929fd65432e7dc775e7c44473e84efff064ebddbfd6b834e6291546db40,76128533B60845263086042,reviewed_alias,2021.0,False,https://www.geoboundaries.org/api/current/gbOpen/IND/ADM2/,"District identity matched; 2021 reference geometry, NOT event-year boundary equivalence. No parent substitution.","District identity matched; 2021 reference geometry, NOT event-year boundary equivalence. No parent substitution."
E117::purba%20bardhaman,West Bengal,Purba Bardhaman,OK,matched,geoBoundaries/gbOpen/IND/ADM2/2021@8bef6929fd65432e7dc775e7c44473e84efff064ebddbfd6b834e6291546db40,76128533B59121537940607,reviewed_alias,2021.0,False,https://www.geoboundaries.org/api/current/gbOpen/IND/ADM2/,"District identity matched; 2021 reference geometry, NOT event-year boundary equivalence. No parent substitution.","District identity matched; 2021 reference geometry, NOT event-year boundary equivalence. No parent substitution."
E117::west%20medinipur,West Bengal,West Medinipur,OK,matched,geoBoundaries/gbOpen/IND/ADM2/2021@8bef6929fd65432e7dc775e7c44473e84efff064ebddbfd6b834e6291546db40,76128533B88812350838807,reviewed_alias,2021.0,False,https://www.geoboundaries.org/api/current/gbOpen/IND/ADM2/,"District identity matched; 2021 reference geometry, NOT event-year boundary equivalence. No parent substitution.","District identity matched; 2021 reference geometry, NOT event-year boundary equivalence. No parent substitution."
E117::purulia,West Bengal,Purulia,OK,matched,geoBoundaries/gbOpen/IND/ADM2/2021@8bef6929fd65432e7dc775e7c44473e84efff064ebddbfd6b834e6291546db40,76128533B16811573188243,census_label_alias,2021.0,False,https://censusindia.gov.in/nada/index.php/catalog/42557,"District identity matched; 2021 reference geometry, NOT event-year boundary equivalence. No parent substitution.","District identity matched; 2021 reference geometry, NOT event-year boundary equivalence. No parent substitution."
E119::kalaburagi,Karnataka,Kalaburagi,OK,matched,geoBoundaries/gbOpen/IND/ADM2/2021@8bef6929fd65432e7dc775e7c44473e84efff064ebddbfd6b834e6291546db40,76128533B1083016608278,census_label_alias,2021.0,False,https://assets.publishing.service.gov.uk/media/5a7e0e2d40f0b62305b80813/Karnataka_State_India_Name_Changes_20141112.pdf,"District identity matched; 2021 reference geometry, NOT event-year boundary equivalence. No parent substitution.","District identity matched; 2021 reference geometry, NOT event-year boundary equivalence. No parent substitution."
E119::yadgir,Karnataka,Yadgir,OK,matched,geoBoundaries/gbOpen/IND/ADM2/2021@8bef6929fd65432e7dc775e7c44473e84efff064ebddbfd6b834e6291546db40,76128533B84927972855096,exact_or_spacing,2021.0,False,https://www.geoboundaries.org/api/current/gbOpen/IND/ADM2/,"District identity matched; 2021 reference geometry, NOT event-year boundary equivalence. No parent substitution.","District identity matched; 2021 reference geometry, NOT event-year boundary equivalence. No parent substitution."
E119::vijayapura,Karnataka,Vijayapura,OK,matched,geoBoundaries/gbOpen/IND/ADM2/2021@8bef6929fd65432e7dc775e7c44473e84efff064ebddbfd6b834e6291546db40,76128533B40495457052818,census_label_alias,2021.0,False,https://assets.publishing.service.gov.uk/media/5a7e0e2d40f0b62305b80813/Karnataka_State_India_Name_Changes_20141112.pdf,"District identity matched; 2021 reference geometry, NOT event-year boundary equivalence. No parent substitution.","District identity matched; 2021 reference geometry, NOT event-year boundary equivalence. No parent substitution."
E118::visakhapatnam,Andhra Pradesh,Visakhapatnam,OK,matched,geoBoundaries/gbOpen/IND/ADM2/2021@8bef6929fd65432e7dc775e7c44473e84efff064ebddbfd6b834e6291546db40,76128533B71485440235524,exact_or_spacing,2021.0,False,https://www.geoboundaries.org/api/current/gbOpen/IND/ADM2/,"District identity matched; 2021 reference geometry, NOT event-year boundary equivalence. No parent substitution.","District identity matched; 2021 reference geometry, NOT event-year boundary equivalence. No parent substitution."
E120::bauda,Odisha,Bauda,OK,matched,geoBoundaries/gbOpen/IND/ADM2/2021@8bef6929fd65432e7dc775e7c44473e84efff064ebddbfd6b834e6291546db40,76128533B84772375641700,census_label_alias,2021.0,False,https://censusindia.gov.in/nada/index.php/catalog/42557,"District identity matched; 2021 reference geometry, NOT event-year boundary equivalence. No parent substitution.","District identity matched; 2021 reference geometry, NOT event-year boundary equivalence. No parent substitution."
E122::east%20champaran,Bihar,East Champaran,OK,matched,geoBoundaries/gbOpen/IND/ADM2/2021@8bef6929fd65432e7dc775e7c44473e84efff064ebddbfd6b834e6291546db40,76128533B49017555803526,census_label_alias,2021.0,False,https://censusindia.gov.in/nada/index.php/catalog/42557,"District identity matched; 2021 reference geometry, NOT event-year boundary equivalence. No parent substitution.","District identity matched; 2021 reference geometry, NOT event-year boundary equivalence. No parent substitution."
E121::ranga%20reddy,Telangana,Ranga Reddy,OK,matched,geoBoundaries/gbOpen/IND/ADM2/2021@8bef6929fd65432e7dc775e7c44473e84efff064ebddbfd6b834e6291546db40,76128533B31175522938788,exact_or_spacing,2021.0,False,https://www.geoboundaries.org/api/current/gbOpen/IND/ADM2/,"District identity matched; 2021 reference geometry, NOT event-year boundary equivalence. No parent substitution.","District identity matched; 2021 reference geometry, NOT event-year boundary equivalence. No parent substitution."
E120::nabarangapur,Odisha,Nabarangapur,OK,matched,geoBoundaries/gbOpen/IND/ADM2/2021@8bef6929fd65432e7dc775e7c44473e84efff064ebddbfd6b834e6291546db40,76128533B99037046327658,exact_or_spacing,2021.0,False,https://www.geoboundaries.org/api/current/gbOpen/IND/ADM2/,"District identity matched; 2021 reference geometry, NOT event-year boundary equivalence. No parent substitution.","District identity matched; 2021 reference geometry, NOT event-year boundary equivalence. No parent substitution."
E125::belagavi,Karnataka,Belagavi,OK,matched,geoBoundaries/gbOpen/IND/ADM2/2021@8bef6929fd65432e7dc775e7c44473e84efff064ebddbfd6b834e6291546db40,76128533B74319098136622,census_label_alias,2021.0,False,https://assets.publishing.service.gov.uk/media/5a7e0e2d40f0b62305b80813/Karnataka_State_India_Name_Changes_20141112.pdf,"District identity matched; 2021 reference geometry, NOT event-year boundary equivalence. No parent substitution.","District identity matched; 2021 reference geometry, NOT event-year boundary equivalence. No parent substitution."
E125::shivamogga,Karnataka,Shivamogga,OK,matched,geoBoundaries/gbOpen/IND/ADM2/2021@8bef6929fd65432e7dc775e7c44473e84efff064ebddbfd6b834e6291546db40,76128533B85389886560116,census_label_alias,2021.0,False,https://assets.publishing.service.gov.uk/media/5a7e0e2d40f0b62305b80813/Karnataka_State_India_Name_Changes_20141112.pdf,"District identity matched; 2021 reference geometry, NOT event-year boundary equivalence. No parent substitution.","District identity matched; 2021 reference geometry, NOT event-year boundary equivalence. No parent substitution."
E122::west%20champaran,Bihar,West Champaran,OK,matched,geoBoundaries/gbOpen/IND/ADM2/2021@8bef6929fd65432e7dc775e7c44473e84efff064ebddbfd6b834e6291546db40,76128533B17762399278073,census_label_alias,2021.0,False,https://censusindia.gov.in/nada/index.php/catalog/42557,"District identity matched; 2021 reference geometry, NOT event-year boundary equivalence. No parent substitution.","District identity matched; 2021 reference geometry, NOT event-year boundary equivalence. No parent substitution."
E125::chikkamagaluru,Karnataka,Chikkamagaluru,OK,matched,geoBoundaries/gbOpen/IND/ADM2/2021@8bef6929fd65432e7dc775e7c44473e84efff064ebddbfd6b834e6291546db40,76128533B15550697205080,census_label_alias,2021.0,False,https://assets.publishing.service.gov.uk/media/5a7e0e2d40f0b62305b80813/Karnataka_State_India_Name_Changes_20141112.pdf,"District identity matched; 2021 reference geometry, NOT event-year boundary equivalence. No parent substitution.","District identity matched; 2021 reference geometry, NOT event-year boundary equivalence. No parent substitution."
E125::uttara%20kannada,Karnataka,Uttara Kannada,OK,matched,geoBoundaries/gbOpen/IND/ADM2/2021@8bef6929fd65432e7dc775e7c44473e84efff064ebddbfd6b834e6291546db40,76128533B79180273895456,exact_or_spacing,2021.0,False,https://www.geoboundaries.org/api/current/gbOpen/IND/ADM2/,"District identity matched; 2021 reference geometry, NOT event-year boundary equivalence. No parent substitution.","District identity matched; 2021 reference geometry, NOT event-year boundary equivalence. No parent substitution."
E126::pathanamthitta,Kerala,Pathanamthitta,OK,matched,geoBoundaries/gbOpen/IND/ADM2/2021@8bef6929fd65432e7dc775e7c44473e84efff064ebddbfd6b834e6291546db40,76128533B29330052395581,exact_or_spacing,2021.0,False,https://www.geoboundaries.org/api/current/gbOpen/IND/ADM2/,"District identity matched; 2021 reference geometry, NOT event-year boundary equivalence. No parent substitution.","District identity matched; 2021 reference geometry, NOT event-year boundary equivalence. No parent substitution."
E127::raigad,Maharashtra,Raigad,OK,matched,geoBoundaries/gbOpen/IND/ADM2/2021@8bef6929fd65432e7dc775e7c44473e84efff064ebddbfd6b834e6291546db40,76128533B99895802074414,census_label_alias,2021.0,False,https://censusindia.gov.in/nada/index.php/catalog/42557,"District identity matched; 2021 reference geometry, NOT event-year boundary equivalence. No parent substitution.","District identity matched; 2021 reference geometry, NOT event-year boundary equivalence. No parent substitution."
E131::cooch%20behar,West Bengal,Cooch Behar,OK,matched,geoBoundaries/gbOpen/IND/ADM2/2021@8bef6929fd65432e7dc775e7c44473e84efff064ebddbfd6b834e6291546db40,76128533B64156747739715,census_label_alias,2021.0,False,https://censusindia.gov.in/nada/index.php/catalog/42557,"District identity matched; 2021 reference geometry, NOT event-year boundary equivalence. No parent substitution.","District identity matched; 2021 reference geometry, NOT event-year boundary equivalence. No parent substitution."
E128::gomati,Tripura,Gomati,OK,matched,geoBoundaries/gbOpen/IND/ADM2/2021@8bef6929fd65432e7dc775e7c44473e84efff064ebddbfd6b834e6291546db40,76128533B94126463611805,exact_or_spacing,2021.0,False,https://www.geoboundaries.org/api/current/gbOpen/IND/ADM2/,"District identity matched; 2021 reference geometry, NOT event-year boundary equivalence. No parent substitution.","District identity matched; 2021 reference geometry, NOT event-year boundary equivalence. No parent substitution."
E129::budaun,Uttar Pradesh,Budaun,OK,matched,geoBoundaries/gbOpen/IND/ADM2/2021@8bef6929fd65432e7dc775e7c44473e84efff064ebddbfd6b834e6291546db40,76128533B84679668760735,exact_or_spacing,2021.0,False,https://www.geoboundaries.org/api/current/gbOpen/IND/ADM2/,"District identity matched; 2021 reference geometry, NOT event-year boundary equivalence. No parent substitution.","District identity matched; 2021 reference geometry, NOT event-year boundary equivalence. No parent substitution."
E129::ayodhya,Uttar Pradesh,Ayodhya,OK,matched,geoBoundaries/gbOpen/IND/ADM2/2021@8bef6929fd65432e7dc775e7c44473e84efff064ebddbfd6b834e6291546db40,76128533B60320291189162,reviewed_alias,2021.0,False,https://ayodhya.nic.in/,"District identity matched; 2021 reference geometry, NOT event-year boundary equivalence. No parent substitution.","District identity matched; 2021 reference geometry, NOT event-year boundary equivalence. No parent substitution."
E135::belagavi,Karnataka,Belagavi,OK,matched,geoBoundaries/gbOpen/IND/ADM2/2021@8bef6929fd65432e7dc775e7c44473e84efff064ebddbfd6b834e6291546db40,76128533B74319098136622,census_label_alias,2021.0,False,https://assets.publishing.service.gov.uk/media/5a7e0e2d40f0b62305b80813/Karnataka_State_India_Name_Changes_20141112.pdf,"District identity matched; 2021 reference geometry, NOT event-year boundary equivalence. No parent substitution.","District identity matched; 2021 reference geometry, NOT event-year boundary equivalence. No parent substitution."
E135::shivamogga,Karnataka,Shivamogga,OK,matched,geoBoundaries/gbOpen/IND/ADM2/2021@8bef6929fd65432e7dc775e7c44473e84efff064ebddbfd6b834e6291546db40,76128533B85389886560116,census_label_alias,2021.0,False,https://assets.publishing.service.gov.uk/media/5a7e0e2d40f0b62305b80813/Karnataka_State_India_Name_Changes_20141112.pdf,"District identity matched; 2021 reference geometry, NOT event-year boundary equivalence. No parent substitution.","District identity matched; 2021 reference geometry, NOT event-year boundary equivalence. No parent substitution."
E131::darjeeling,West Bengal,Darjeeling,OK,matched,geoBoundaries/gbOpen/IND/ADM2/2021@8bef6929fd65432e7dc775e7c44473e84efff064ebddbfd6b834e6291546db40,76128533B17109302371020,reviewed_alias,2021.0,False,https://www.geoboundaries.org/api/current/gbOpen/IND/ADM2/,"District identity matched; 2021 reference geometry, NOT event-year boundary equivalence. No parent substitution.","District identity matched; 2021 reference geometry, NOT event-year boundary equivalence. No parent substitution."
E133::lahaul%20and%20spiti,Himachal Pradesh,Lahaul and Spiti,OK,matched,geoBoundaries/gbOpen/IND/ADM2/2021@8bef6929fd65432e7dc775e7c44473e84efff064ebddbfd6b834e6291546db40,76128533B75359793481950,census_label_alias,2021.0,False,https://censusindia.gov.in/nada/index.php/catalog/42557,"District identity matched; 2021 reference geometry, NOT event-year boundary equivalence. No parent substitution.","District identity matched; 2021 reference geometry, NOT event-year boundary equivalence. No parent substitution."
E135::chikkamagaluru,Karnataka,Chikkamagaluru,OK,matched,geoBoundaries/gbOpen/IND/ADM2/2021@8bef6929fd65432e7dc775e7c44473e84efff064ebddbfd6b834e6291546db40,76128533B15550697205080,census_label_alias,2021.0,False,https://assets.publishing.service.gov.uk/media/5a7e0e2d40f0b62305b80813/Karnataka_State_India_Name_Changes_20141112.pdf,"District identity matched; 2021 reference geometry, NOT event-year boundary equivalence. No parent substitution.","District identity matched; 2021 reference geometry, NOT event-year boundary equivalence. No parent substitution."
E141::anantnag,Jammu and Kashmir,Anantnag,OK,matched,geoBoundaries/gbOpen/IND/ADM2/2021@8bef6929fd65432e7dc775e7c44473e84efff064ebddbfd6b834e6291546db40,76128533B6393836306469,exact_or_spacing,2021.0,False,https://www.geoboundaries.org/api/current/gbOpen/IND/ADM2/,"District identity matched; 2021 reference geometry, NOT event-year boundary equivalence. No parent substitution.","District identity matched; 2021 reference geometry, NOT event-year boundary equivalence. No parent substitution."
E141::bandipora,Jammu and Kashmir,Bandipora,OK,matched,geoBoundaries/gbOpen/IND/ADM2/2021@8bef6929fd65432e7dc775e7c44473e84efff064ebddbfd6b834e6291546db40,76128533B41744580856133,census_label_alias,2021.0,False,https://censusindia.gov.in/nada/index.php/catalog/42557,"District identity matched; 2021 reference geometry, NOT event-year boundary equivalence. No parent substitution.","District identity matched; 2021 reference geometry, NOT event-year boundary equivalence. No parent substitution."
E141::ganderbal,Jammu and Kashmir,Ganderbal,OK,matched,geoBoundaries/gbOpen/IND/ADM2/2021@8bef6929fd65432e7dc775e7c44473e84efff064ebddbfd6b834e6291546db40,76128533B20504715877560,exact_or_spacing,2021.0,False,https://www.geoboundaries.org/api/current/gbOpen/IND/ADM2/,"District identity matched; 2021 reference geometry, NOT event-year boundary equivalence. No parent substitution.","District identity matched; 2021 reference geometry, NOT event-year boundary equivalence. No parent substitution."
E141::kishtwar,Jammu and Kashmir,Kishtwar,OK,matched,geoBoundaries/gbOpen/IND/ADM2/2021@8bef6929fd65432e7dc775e7c44473e84efff064ebddbfd6b834e6291546db40,76128533B20458430922604,exact_or_spacing,2021.0,False,https://www.geoboundaries.org/api/current/gbOpen/IND/ADM2/,"District identity matched; 2021 reference geometry, NOT event-year boundary equivalence. No parent substitution.","District identity matched; 2021 reference geometry, NOT event-year boundary equivalence. No parent substitution."
E135::uttara%20kannada,Karnataka,Uttara Kannada,OK,matched,geoBoundaries/gbOpen/IND/ADM2/2021@8bef6929fd65432e7dc775e7c44473e84efff064ebddbfd6b834e6291546db40,76128533B79180273895456,exact_or_spacing,2021.0,False,https://www.geoboundaries.org/api/current/gbOpen/IND/ADM2/,"District identity matched; 2021 reference geometry, NOT event-year boundary equivalence. No parent substitution.","District identity matched; 2021 reference geometry, NOT event-year boundary equivalence. No parent substitution."
E138::east%20medinipur,West Bengal,East Medinipur,OK,matched,geoBoundaries/gbOpen/IND/ADM2/2021@8bef6929fd65432e7dc775e7c44473e84efff064ebddbfd6b834e6291546db40,76128533B25373378863054,census_label_alias,2021.0,False,https://censusindia.gov.in/nada/index.php/catalog/42557,"District identity matched; 2021 reference geometry, NOT event-year boundary equivalence. No parent substitution.","District identity matched; 2021 reference geometry, NOT event-year boundary equivalence. No parent substitution."
E140::lahaul%20and%20spiti,Himachal Pradesh,Lahaul and Spiti,OK,matched,geoBoundaries/gbOpen/IND/ADM2/2021@8bef6929fd65432e7dc775e7c44473e84efff064ebddbfd6b834e6291546db40,76128533B75359793481950,census_label_alias,2021.0,False,https://censusindia.gov.in/nada/index.php/catalog/42557,"District identity matched; 2021 reference geometry, NOT event-year boundary equivalence. No parent substitution.","District identity matched; 2021 reference geometry, NOT event-year boundary equivalence. No parent substitution."
E138::hooghly,West Bengal,Hooghly,OK,matched,geoBoundaries/gbOpen/IND/ADM2/2021@8bef6929fd65432e7dc775e7c44473e84efff064ebddbfd6b834e6291546db40,76128533B81857725777974,census_label_alias,2021.0,False,https://censusindia.gov.in/nada/index.php/catalog/42557,"District identity matched; 2021 reference geometry, NOT event-year boundary equivalence. No parent substitution.","District identity matched; 2021 reference geometry, NOT event-year boundary equivalence. No parent substitution."
E138::west%20medinipur,West Bengal,West Medinipur,OK,matched,geoBoundaries/gbOpen/IND/ADM2/2021@8bef6929fd65432e7dc775e7c44473e84efff064ebddbfd6b834e6291546db40,76128533B88812350838807,reviewed_alias,2021.0,False,https://www.geoboundaries.org/api/current/gbOpen/IND/ADM2/,"District identity matched; 2021 reference geometry, NOT event-year boundary equivalence. No parent substitution.","District identity matched; 2021 reference geometry, NOT event-year boundary equivalence. No parent substitution."
E139::chirang,Assam,Chirang,OK,matched,geoBoundaries/gbOpen/IND/ADM2/2021@8bef6929fd65432e7dc775e7c44473e84efff064ebddbfd6b834e6291546db40,76128533B56012535339305,exact_or_spacing,2021.0,False,https://www.geoboundaries.org/api/current/gbOpen/IND/ADM2/,"District identity matched; 2021 reference geometry, NOT event-year boundary equivalence. No parent substitution.","District identity matched; 2021 reference geometry, NOT event-year boundary equivalence. No parent substitution."
E142::devbhumi%20dwarka,Gujarat,Devbhumi Dwarka,OK,matched,geoBoundaries/gbOpen/IND/ADM2/2021@8bef6929fd65432e7dc775e7c44473e84efff064ebddbfd6b834e6291546db40,76128533B74381554567803,exact_or_spacing,2021.0,False,https://www.geoboundaries.org/api/current/gbOpen/IND/ADM2/,"District identity matched; 2021 reference geometry, NOT event-year boundary equivalence. No parent substitution.","District identity matched; 2021 reference geometry, NOT event-year boundary equivalence. No parent substitution."
E142::morbi,Gujarat,Morbi,OK,matched,geoBoundaries/gbOpen/IND/ADM2/2021@8bef6929fd65432e7dc775e7c44473e84efff064ebddbfd6b834e6291546db40,76128533B2080752988715,exact_or_spacing,2021.0,False,https://www.geoboundaries.org/api/current/gbOpen/IND/ADM2/,"District identity matched; 2021 reference geometry, NOT event-year boundary equivalence. No parent substitution.","District identity matched; 2021 reference geometry, NOT event-year boundary equivalence. No parent substitution."
E145::kallakurichi,Tamil Nadu,Kallakurichi,OK,matched,geoBoundaries/gbOpen/IND/ADM2/2021@8bef6929fd65432e7dc775e7c44473e84efff064ebddbfd6b834e6291546db40,76128533B19545859035458,exact_or_spacing,2021.0,False,https://www.geoboundaries.org/api/current/gbOpen/IND/ADM2/,"District identity matched; 2021 reference geometry, NOT event-year boundary equivalence. No parent substitution.","District identity matched; 2021 reference geometry, NOT event-year boundary equivalence. No parent substitution."
E143::pathanamthitta,Kerala,Pathanamthitta,OK,matched,geoBoundaries/gbOpen/IND/ADM2/2021@8bef6929fd65432e7dc775e7c44473e84efff064ebddbfd6b834e6291546db40,76128533B29330052395581,exact_or_spacing,2021.0,False,https://www.geoboundaries.org/api/current/gbOpen/IND/ADM2/,"District identity matched; 2021 reference geometry, NOT event-year boundary equivalence. No parent substitution.","District identity matched; 2021 reference geometry, NOT event-year boundary equivalence. No parent substitution."
E145::chengalpattu,Tamil Nadu,Chengalpattu,OK,matched,geoBoundaries/gbOpen/IND/ADM2/2021@8bef6929fd65432e7dc775e7c44473e84efff064ebddbfd6b834e6291546db40,76128533B88669134807148,reviewed_alias,2021.0,False,https://www.geoboundaries.org/api/current/gbOpen/IND/ADM2/,"District identity matched; 2021 reference geometry, NOT event-year boundary equivalence. No parent substitution.","District identity matched; 2021 reference geometry, NOT event-year boundary equivalence. No parent substitution."
E142::gir%20somnath,Gujarat,Gir Somnath,OK,matched,geoBoundaries/gbOpen/IND/ADM2/2021@8bef6929fd65432e7dc775e7c44473e84efff064ebddbfd6b834e6291546db40,76128533B45037556977273,exact_or_spacing,2021.0,False,https://www.geoboundaries.org/api/current/gbOpen/IND/ADM2/,"District identity matched; 2021 reference geometry, NOT event-year boundary equivalence. No parent substitution.","District identity matched; 2021 reference geometry, NOT event-year boundary equivalence. No parent substitution."
E145::mayiladuthurai,Tamil Nadu,Mayiladuthurai,OK,matched,geoBoundaries/gbOpen/IND/ADM2/2021@8bef6929fd65432e7dc775e7c44473e84efff064ebddbfd6b834e6291546db40,76128533B63176236753619,exact_or_spacing,2021.0,False,https://www.geoboundaries.org/api/current/gbOpen/IND/ADM2/,"District identity matched; 2021 reference geometry, NOT event-year boundary equivalence. No parent substitution.","District identity matched; 2021 reference geometry, NOT event-year boundary equivalence. No parent substitution."
E145::kanchipuram,Tamil Nadu,Kanchipuram,OK,matched,geoBoundaries/gbOpen/IND/ADM2/2021@8bef6929fd65432e7dc775e7c44473e84efff064ebddbfd6b834e6291546db40,76128533B83644689337946,reviewed_alias,2021.0,False,https://www.geoboundaries.org/api/current/gbOpen/IND/ADM2/,"District identity matched; 2021 reference geometry, NOT event-year boundary equivalence. No parent substitution.","District identity matched; 2021 reference geometry, NOT event-year boundary equivalence. No parent substitution."
E145::kanyakumari,Tamil Nadu,Kanyakumari,OK,matched,geoBoundaries/gbOpen/IND/ADM2/2021@8bef6929fd65432e7dc775e7c44473e84efff064ebddbfd6b834e6291546db40,76128533B53796141759805,census_label_alias,2021.0,False,https://censusindia.gov.in/nada/index.php/catalog/42557,"District identity matched; 2021 reference geometry, NOT event-year boundary equivalence. No parent substitution.","District identity matched; 2021 reference geometry, NOT event-year boundary equivalence. No parent substitution."
E145::krishnagiri,Tamil Nadu,Krishnagiri,OK,matched,geoBoundaries/gbOpen/IND/ADM2/2021@8bef6929fd65432e7dc775e7c44473e84efff064ebddbfd6b834e6291546db40,76128533B35717069663408,exact_or_spacing,2021.0,False,https://www.geoboundaries.org/api/current/gbOpen/IND/ADM2/,"District identity matched; 2021 reference geometry, NOT event-year boundary equivalence. No parent substitution.","District identity matched; 2021 reference geometry, NOT event-year boundary equivalence. No parent substitution."
E145::tenkasi,Tamil Nadu,Tenkasi,OK,matched,geoBoundaries/gbOpen/IND/ADM2/2021@8bef6929fd65432e7dc775e7c44473e84efff064ebddbfd6b834e6291546db40,76128533B27604563137530,exact_or_spacing,2021.0,False,https://www.geoboundaries.org/api/current/gbOpen/IND/ADM2/,"District identity matched; 2021 reference geometry, NOT event-year boundary equivalence. No parent substitution.","District identity matched; 2021 reference geometry, NOT event-year boundary equivalence. No parent substitution."
E145::ranipet,Tamil Nadu,Ranipet,OK,matched,geoBoundaries/gbOpen/IND/ADM2/2021@8bef6929fd65432e7dc775e7c44473e84efff064ebddbfd6b834e6291546db40,76128533B22687502928564,exact_or_spacing,2021.0,False,https://www.geoboundaries.org/api/current/gbOpen/IND/ADM2/,"District identity matched; 2021 reference geometry, NOT event-year boundary equivalence. No parent substitution.","District identity matched; 2021 reference geometry, NOT event-year boundary equivalence. No parent substitution."
E145::tirupattur,Tamil Nadu,Tirupattur,OK,matched,geoBoundaries/gbOpen/IND/ADM2/2021@8bef6929fd65432e7dc775e7c44473e84efff064ebddbfd6b834e6291546db40,76128533B11403491783632,reviewed_alias,2021.0,False,https://www.geoboundaries.org/api/current/gbOpen/IND/ADM2/,"District identity matched; 2021 reference geometry, NOT event-year boundary equivalence. No parent substitution.","District identity matched; 2021 reference geometry, NOT event-year boundary equivalence. No parent substitution."
E145::tiruchirappalli,Tamil Nadu,Tiruchirappalli,OK,matched,geoBoundaries/gbOpen/IND/ADM2/2021@8bef6929fd65432e7dc775e7c44473e84efff064ebddbfd6b834e6291546db40,76128533B1645877589145,exact_or_spacing,2021.0,False,https://www.geoboundaries.org/api/current/gbOpen/IND/ADM2/,"District identity matched; 2021 reference geometry, NOT event-year boundary equivalence. No parent substitution.","District identity matched; 2021 reference geometry, NOT event-year boundary equivalence. No parent substitution."
E145::sivagangai,Tamil Nadu,Sivagangai,OK,matched,geoBoundaries/gbOpen/IND/ADM2/2021@8bef6929fd65432e7dc775e7c44473e84efff064ebddbfd6b834e6291546db40,76128533B89925537847414,census_label_alias,2021.0,False,https://censusindia.gov.in/nada/index.php/catalog/42557,"District identity matched; 2021 reference geometry, NOT event-year boundary equivalence. No parent substitution.","District identity matched; 2021 reference geometry, NOT event-year boundary equivalence. No parent substitution."
E145::tiruvallur,Tamil Nadu,Tiruvallur,OK,matched,geoBoundaries/gbOpen/IND/ADM2/2021@8bef6929fd65432e7dc775e7c44473e84efff064ebddbfd6b834e6291546db40,76128533B45592431373253,census_label_alias,2021.0,False,https://censusindia.gov.in/nada/index.php/catalog/42557,"District identity matched; 2021 reference geometry, NOT event-year boundary equivalence. No parent substitution.","District identity matched; 2021 reference geometry, NOT event-year boundary equivalence. No parent substitution."
E148::bajali,Assam,Bajali,OK,matched,OpenStreetMap/snapshot/2026-09-12@8cb1b5a0d2a764b23e0ccb0417c0416f22a66ff04331c63ca1d37ef8cbb8cb01,OSM:relation/16704179,reviewed_osm_district_lgd,,False,https://bajali.assam.gov.in/about-us/about-district,"OSM district relation with LGD code; present-day reference only, not event-year boundary equivalence. Published district area within 10%.","OSM district relation with LGD code; present-day reference only, not event-year boundary equivalence. Published district area within 10%."
E145::tirunelveli,Tamil Nadu,Tirunelveli,OK,matched,geoBoundaries/gbOpen/IND/ADM2/2021@8bef6929fd65432e7dc775e7c44473e84efff064ebddbfd6b834e6291546db40,76128533B52639434516056,exact_or_spacing,2021.0,False,https://www.geoboundaries.org/api/current/gbOpen/IND/ADM2/,"District identity matched; 2021 reference geometry, NOT event-year boundary equivalence. No parent substitution.","District identity matched; 2021 reference geometry, NOT event-year boundary equivalence. No parent substitution."
E145::tiruvarur,Tamil Nadu,Tiruvarur,OK,matched,geoBoundaries/gbOpen/IND/ADM2/2021@8bef6929fd65432e7dc775e7c44473e84efff064ebddbfd6b834e6291546db40,76128533B45072089356239,census_label_alias,2021.0,False,https://censusindia.gov.in/nada/index.php/catalog/42557,"District identity matched; 2021 reference geometry, NOT event-year boundary equivalence. No parent substitution.","District identity matched; 2021 reference geometry, NOT event-year boundary equivalence. No parent substitution."
E146::ysr%20kadapa,Andhra Pradesh,YSR Kadapa,OK,matched,geoBoundaries/gbOpen/IND/ADM2/2021@8bef6929fd65432e7dc775e7c44473e84efff064ebddbfd6b834e6291546db40,76128533B72109128179340,reviewed_alias,2021.0,False,https://www.geoboundaries.org/api/current/gbOpen/IND/ADM2/,"District identity matched; 2021 reference geometry, NOT event-year boundary equivalence. No parent substitution.","District identity matched; 2021 reference geometry, NOT event-year boundary equivalence. No parent substitution."
E148::biswanath,Assam,Biswanath,OK,matched,geoBoundaries/gbOpen/IND/ADM2/2021@8bef6929fd65432e7dc775e7c44473e84efff064ebddbfd6b834e6291546db40,76128533B40714385808093,exact_or_spacing,2021.0,False,https://www.geoboundaries.org/api/current/gbOpen/IND/ADM2/,"District identity matched; 2021 reference geometry, NOT event-year boundary equivalence. No parent substitution.","District identity matched; 2021 reference geometry, NOT event-year boundary equivalence. No parent substitution."
E148::baksa,Assam,Baksa,OK,matched,geoBoundaries/gbOpen/IND/ADM2/2021@8bef6929fd65432e7dc775e7c44473e84efff064ebddbfd6b834e6291546db40,76128533B8221925175605,exact_or_spacing,2021.0,False,https://www.geoboundaries.org/api/current/gbOpen/IND/ADM2/,"District identity matched; 2021 reference geometry, NOT event-year boundary equivalence. No parent substitution.","District identity matched; 2021 reference geometry, NOT event-year boundary equivalence. No parent substitution."
E148::chirang,Assam,Chirang,OK,matched,geoBoundaries/gbOpen/IND/ADM2/2021@8bef6929fd65432e7dc775e7c44473e84efff064ebddbfd6b834e6291546db40,76128533B56012535339305,exact_or_spacing,2021.0,False,https://www.geoboundaries.org/api/current/gbOpen/IND/ADM2/,"District identity matched; 2021 reference geometry, NOT event-year boundary equivalence. No parent substitution.","District identity matched; 2021 reference geometry, NOT event-year boundary equivalence. No parent substitution."
E148::dhubri,Assam,Dhubri,OK,matched,geoBoundaries/gbOpen/IND/ADM2/2021@8bef6929fd65432e7dc775e7c44473e84efff064ebddbfd6b834e6291546db40,76128533B25835998628545,exact_or_spacing,2021.0,False,https://www.geoboundaries.org/api/current/gbOpen/IND/ADM2/,"District identity matched; 2021 reference geometry, NOT event-year boundary equivalence. No parent substitution.","District identity matched; 2021 reference geometry, NOT event-year boundary equivalence. No parent substitution."
E148::dima%20hasao,Assam,Dima Hasao,OK,matched,geoBoundaries/gbOpen/IND/ADM2/2021@8bef6929fd65432e7dc775e7c44473e84efff064ebddbfd6b834e6291546db40,76128533B66125202864966,exact_or_spacing,2021.0,False,https://www.geoboundaries.org/api/current/gbOpen/IND/ADM2/,"District identity matched; 2021 reference geometry, NOT event-year boundary equivalence. No parent substitution.","District identity matched; 2021 reference geometry, NOT event-year boundary equivalence. No parent substitution."
E148::hojai,Assam,Hojai,OK,matched,geoBoundaries/gbOpen/IND/ADM2/2021@8bef6929fd65432e7dc775e7c44473e84efff064ebddbfd6b834e6291546db40,76128533B70315194619807,exact_or_spacing,2021.0,False,https://www.geoboundaries.org/api/current/gbOpen/IND/ADM2/,"District identity matched; 2021 reference geometry, NOT event-year boundary equivalence. No parent substitution.","District identity matched; 2021 reference geometry, NOT event-year boundary equivalence. No parent substitution."
E148::kamrup%20metropolitan,Assam,Kamrup Metropolitan,OK,matched,geoBoundaries/gbOpen/IND/ADM2/2021@8bef6929fd65432e7dc775e7c44473e84efff064ebddbfd6b834e6291546db40,76128533B38230828972906,exact_or_spacing,2021.0,False,https://www.geoboundaries.org/api/current/gbOpen/IND/ADM2/,"District identity matched; 2021 reference geometry, NOT event-year boundary equivalence. No parent substitution.","District identity matched; 2021 reference geometry, NOT event-year boundary equivalence. No parent substitution."
E148::majuli,Assam,Majuli,OK,matched,geoBoundaries/gbOpen/IND/ADM2/2021@8bef6929fd65432e7dc775e7c44473e84efff064ebddbfd6b834e6291546db40,76128533B15157901669242,exact_or_spacing,2021.0,False,https://www.geoboundaries.org/api/current/gbOpen/IND/ADM2/,"District identity matched; 2021 reference geometry, NOT event-year boundary equivalence. No parent substitution.","District identity matched; 2021 reference geometry, NOT event-year boundary equivalence. No parent substitution."
E148::morigaon,Assam,Morigaon,OK,matched,geoBoundaries/gbOpen/IND/ADM2/2021@8bef6929fd65432e7dc775e7c44473e84efff064ebddbfd6b834e6291546db40,76128533B17968019348564,exact_or_spacing,2021.0,False,https://www.geoboundaries.org/api/current/gbOpen/IND/ADM2/,"District identity matched; 2021 reference geometry, NOT event-year boundary equivalence. No parent substitution.","District identity matched; 2021 reference geometry, NOT event-year boundary equivalence. No parent substitution."
E148::sivasagar,Assam,Sivasagar,OK,matched,geoBoundaries/gbOpen/IND/ADM2/2021@8bef6929fd65432e7dc775e7c44473e84efff064ebddbfd6b834e6291546db40,76128533B21722277889516,exact_or_spacing,2021.0,False,https://www.geoboundaries.org/api/current/gbOpen/IND/ADM2/,"District identity matched; 2021 reference geometry, NOT event-year boundary equivalence. No parent substitution.","District identity matched; 2021 reference geometry, NOT event-year boundary equivalence. No parent substitution."
E148::south%20salmara,Assam,South Salmara,OK,matched,geoBoundaries/gbOpen/IND/ADM2/2021@8bef6929fd65432e7dc775e7c44473e84efff064ebddbfd6b834e6291546db40,76128533B20298037622173,reviewed_alias,2021.0,False,https://www.geoboundaries.org/api/current/gbOpen/IND/ADM2/,"District identity matched; 2021 reference geometry, NOT event-year boundary equivalence. No parent substitution.","District identity matched; 2021 reference geometry, NOT event-year boundary equivalence. No parent substitution."
E148::tamulpur,Assam,Tamulpur,OK,matched,OpenStreetMap/snapshot/2026-09-12@2d2926aa53838f0df6ee9b40c723eb2daf7a4bafbbf75528a64bd4c3eec49281,OSM:relation/16702229,reviewed_osm_district_lgd,,False,https://www.kharithi.bodoland.gov.in/tamulpur,"OSM district relation with LGD code; present-day reference only, not event-year boundary equivalence. No authoritative area comparison available; lower confidence.","OSM district relation with LGD code; present-day reference only, not event-year boundary equivalence. No authoritative area comparison available; lower confidence."
E148::west%20karbi%20anglong,Assam,West Karbi Anglong,OK,matched,geoBoundaries/gbOpen/IND/ADM2/2021@8bef6929fd65432e7dc775e7c44473e84efff064ebddbfd6b834e6291546db40,76128533B57995625790051,reviewed_alias,2021.0,False,https://www.geoboundaries.org/api/current/gbOpen/IND/ADM2/,"District identity matched; 2021 reference geometry, NOT event-year boundary equivalence. No parent substitution.","District identity matched; 2021 reference geometry, NOT event-year boundary equivalence. No parent substitution."
E148::udalguri,Assam,Udalguri,OK,matched,geoBoundaries/gbOpen/IND/ADM2/2021@8bef6929fd65432e7dc775e7c44473e84efff064ebddbfd6b834e6291546db40,76128533B20307518801538,exact_or_spacing,2021.0,False,https://www.geoboundaries.org/api/current/gbOpen/IND/ADM2/,"District identity matched; 2021 reference geometry, NOT event-year boundary equivalence. No parent substitution.","District identity matched; 2021 reference geometry, NOT event-year boundary equivalence. No parent substitution."
E150::dang,Gujarat,Dang,OK,matched,geoBoundaries/gbOpen/IND/ADM2/2021@8bef6929fd65432e7dc775e7c44473e84efff064ebddbfd6b834e6291546db40,76128533B16271917438029,reviewed_alias,2021.0,False,https://www.geoboundaries.org/api/current/gbOpen/IND/ADM2/,"District identity matched; 2021 reference geometry, NOT event-year boundary equivalence. No parent substitution.","District identity matched; 2021 reference geometry, NOT event-year boundary equivalence. No parent substitution."
E150::tapi,Gujarat,Tapi,OK,matched,geoBoundaries/gbOpen/IND/ADM2/2021@8bef6929fd65432e7dc775e7c44473e84efff064ebddbfd6b834e6291546db40,76128533B12519626815499,exact_or_spacing,2021.0,False,https://www.geoboundaries.org/api/current/gbOpen/IND/ADM2/,"District identity matched; 2021 reference geometry, NOT event-year boundary equivalence. No parent substitution.","District identity matched; 2021 reference geometry, NOT event-year boundary equivalence. No parent substitution."
E152::narmadapuram,Madhya Pradesh,Narmadapuram,OK,matched,geoBoundaries/gbOpen/IND/ADM2/2021@8bef6929fd65432e7dc775e7c44473e84efff064ebddbfd6b834e6291546db40,76128533B45314020251888,reviewed_alias,2021.0,False,https://narmadapuram.nic.in/en/notice/regarding-changing-the-name-of-hoshangabad-city-and-district-to-narmadapuram/,"District identity matched; 2021 reference geometry, NOT event-year boundary equivalence. No parent substitution.","District identity matched; 2021 reference geometry, NOT event-year boundary equivalence. No parent substitution."
E153::gadchiroli,Maharashtra,Gadchiroli,OK,matched,geoBoundaries/gbOpen/IND/ADM2/2021@8bef6929fd65432e7dc775e7c44473e84efff064ebddbfd6b834e6291546db40,76128533B36958871695926,exact_or_spacing,2021.0,False,https://www.geoboundaries.org/api/current/gbOpen/IND/ADM2/,"District identity matched; 2021 reference geometry, NOT event-year boundary equivalence. No parent substitution.","District identity matched; 2021 reference geometry, NOT event-year boundary equivalence. No parent substitution."
E159::ayodhya,Uttar Pradesh,Ayodhya,OK,matched,geoBoundaries/gbOpen/IND/ADM2/2021@8bef6929fd65432e7dc775e7c44473e84efff064ebddbfd6b834e6291546db40,76128533B60320291189162,reviewed_alias,2021.0,False,https://ayodhya.nic.in/,"District identity matched; 2021 reference geometry, NOT event-year boundary equivalence. No parent substitution.","District identity matched; 2021 reference geometry, NOT event-year boundary equivalence. No parent substitution."
E159::budaun,Uttar Pradesh,Budaun,OK,matched,geoBoundaries/gbOpen/IND/ADM2/2021@8bef6929fd65432e7dc775e7c44473e84efff064ebddbfd6b834e6291546db40,76128533B84679668760735,exact_or_spacing,2021.0,False,https://www.geoboundaries.org/api/current/gbOpen/IND/ADM2/,"District identity matched; 2021 reference geometry, NOT event-year boundary equivalence. No parent substitution.","District identity matched; 2021 reference geometry, NOT event-year boundary equivalence. No parent substitution."
E160::bajali,Assam,Bajali,OK,matched,OpenStreetMap/snapshot/2026-09-12@8cb1b5a0d2a764b23e0ccb0417c0416f22a66ff04331c63ca1d37ef8cbb8cb01,OSM:relation/16704179,reviewed_osm_district_lgd,,False,https://bajali.assam.gov.in/about-us/about-district,"OSM district relation with LGD code; present-day reference only, not event-year boundary equivalence. Published district area within 10%.","OSM district relation with LGD code; present-day reference only, not event-year boundary equivalence. Published district area within 10%."
E160::baksa,Assam,Baksa,OK,matched,geoBoundaries/gbOpen/IND/ADM2/2021@8bef6929fd65432e7dc775e7c44473e84efff064ebddbfd6b834e6291546db40,76128533B8221925175605,exact_or_spacing,2021.0,False,https://www.geoboundaries.org/api/current/gbOpen/IND/ADM2/,"District identity matched; 2021 reference geometry, NOT event-year boundary equivalence. No parent substitution.","District identity matched; 2021 reference geometry, NOT event-year boundary equivalence. No parent substitution."
E161::gyalshing,Sikkim,Gyalshing,OK,matched,OpenStreetMap/snapshot/2026-09-12@4c6b96740d4de71be332d15042acbdd148b39a025a7b9dc6760dc0e9a01407e9,OSM:relation/1790817,reviewed_osm_district_lgd,,False,https://rmdd.sikkim.gov.in/storage/notification/notificationdoc-3IkbsZRQgLX9S6qmWGPHYR7pDjBujD1iCaeVgcf3.pdf,"OSM district relation with LGD code; present-day reference only, not event-year boundary equivalence. Published district area within 10%.","OSM district relation with LGD code; present-day reference only, not event-year boundary equivalence. Published district area within 10%."
E161::mangan,Sikkim,Mangan,OK,matched,geoBoundaries/gbOpen/IND/ADM2/2021@8bef6929fd65432e7dc775e7c44473e84efff064ebddbfd6b834e6291546db40,76128533B65820903826030,reviewed_alias,2021.0,False,https://sikkim.nic.in/district-centres/,"District identity matched; 2021 reference geometry, NOT event-year boundary equivalence. No parent substitution.","District identity matched; 2021 reference geometry, NOT event-year boundary equivalence. No parent substitution."
E164::gariaband,Chhattisgarh,Gariaband,OK,matched,geoBoundaries/gbOpen/IND/ADM2/2021@8bef6929fd65432e7dc775e7c44473e84efff064ebddbfd6b834e6291546db40,76128533B93063337202124,exact_or_spacing,2021.0,False,https://www.geoboundaries.org/api/current/gbOpen/IND/ADM2/,"District identity matched; 2021 reference geometry, NOT event-year boundary equivalence. No parent substitution.","District identity matched; 2021 reference geometry, NOT event-year boundary equivalence. No parent substitution."
E164::narayanpur,Chhattisgarh,Narayanpur,OK,matched,geoBoundaries/gbOpen/IND/ADM2/2021@8bef6929fd65432e7dc775e7c44473e84efff064ebddbfd6b834e6291546db40,76128533B89979485471283,exact_or_spacing,2021.0,False,https://www.geoboundaries.org/api/current/gbOpen/IND/ADM2/,"District identity matched; 2021 reference geometry, NOT event-year boundary equivalence. No parent substitution.","District identity matched; 2021 reference geometry, NOT event-year boundary equivalence. No parent substitution."
E165::central%20delhi,Delhi,Central Delhi,OK,matched,geoBoundaries/gbOpen/IND/ADM2/2021@8bef6929fd65432e7dc775e7c44473e84efff064ebddbfd6b834e6291546db40,76128533B19832024635761,reviewed_alias,2021.0,False,https://www.geoboundaries.org/api/current/gbOpen/IND/ADM2/,"District identity matched; 2021 reference geometry, NOT event-year boundary equivalence. No parent substitution.","District identity matched; 2021 reference geometry, NOT event-year boundary equivalence. No parent substitution."
E165::east%20delhi,Delhi,East Delhi,OK,matched,geoBoundaries/gbOpen/IND/ADM2/2021@8bef6929fd65432e7dc775e7c44473e84efff064ebddbfd6b834e6291546db40,76128533B72485933575946,reviewed_alias,2021.0,False,https://www.geoboundaries.org/api/current/gbOpen/IND/ADM2/,"District identity matched; 2021 reference geometry, NOT event-year boundary equivalence. No parent substitution.","District identity matched; 2021 reference geometry, NOT event-year boundary equivalence. No parent substitution."
E165::north%20east%20delhi,Delhi,North East Delhi,OK,matched,geoBoundaries/gbOpen/IND/ADM2/2021@8bef6929fd65432e7dc775e7c44473e84efff064ebddbfd6b834e6291546db40,76128533B9976625304286,reviewed_alias,2021.0,False,https://www.geoboundaries.org/api/current/gbOpen/IND/ADM2/,"District identity matched; 2021 reference geometry, NOT event-year boundary equivalence. No parent substitution.","District identity matched; 2021 reference geometry, NOT event-year boundary equivalence. No parent substitution."
E165::shahdara,Delhi,Shahdara,OK,matched,geoBoundaries/gbOpen/IND/ADM2/2021@8bef6929fd65432e7dc775e7c44473e84efff064ebddbfd6b834e6291546db40,76128533B81419063387740,exact_or_spacing,2021.0,False,https://www.geoboundaries.org/api/current/gbOpen/IND/ADM2/,"District identity matched; 2021 reference geometry, NOT event-year boundary equivalence. No parent substitution.","District identity matched; 2021 reference geometry, NOT event-year boundary equivalence. No parent substitution."
E166::chhota%20udaipur,Gujarat,Chhota Udaipur,OK,matched,geoBoundaries/gbOpen/IND/ADM2/2021@8bef6929fd65432e7dc775e7c44473e84efff064ebddbfd6b834e6291546db40,76128533B69417260894674,exact_or_spacing,2021.0,False,https://www.geoboundaries.org/api/current/gbOpen/IND/ADM2/,"District identity matched; 2021 reference geometry, NOT event-year boundary equivalence. No parent substitution.","District identity matched; 2021 reference geometry, NOT event-year boundary equivalence. No parent substitution."
E166::dang,Gujarat,Dang,OK,matched,geoBoundaries/gbOpen/IND/ADM2/2021@8bef6929fd65432e7dc775e7c44473e84efff064ebddbfd6b834e6291546db40,76128533B16271917438029,reviewed_alias,2021.0,False,https://www.geoboundaries.org/api/current/gbOpen/IND/ADM2/,"District identity matched; 2021 reference geometry, NOT event-year boundary equivalence. No parent substitution.","District identity matched; 2021 reference geometry, NOT event-year boundary equivalence. No parent substitution."
E166::tapi,Gujarat,Tapi,OK,matched,geoBoundaries/gbOpen/IND/ADM2/2021@8bef6929fd65432e7dc775e7c44473e84efff064ebddbfd6b834e6291546db40,76128533B12519626815499,exact_or_spacing,2021.0,False,https://www.geoboundaries.org/api/current/gbOpen/IND/ADM2/,"District identity matched; 2021 reference geometry, NOT event-year boundary equivalence. No parent substitution.","District identity matched; 2021 reference geometry, NOT event-year boundary equivalence. No parent substitution."
E168::belagavi,Karnataka,Belagavi,OK,matched,geoBoundaries/gbOpen/IND/ADM2/2021@8bef6929fd65432e7dc775e7c44473e84efff064ebddbfd6b834e6291546db40,76128533B74319098136622,census_label_alias,2021.0,False,https://assets.publishing.service.gov.uk/media/5a7e0e2d40f0b62305b80813/Karnataka_State_India_Name_Changes_20141112.pdf,"District identity matched; 2021 reference geometry, NOT event-year boundary equivalence. No parent substitution.","District identity matched; 2021 reference geometry, NOT event-year boundary equivalence. No parent substitution."
E168::chikkamagaluru,Karnataka,Chikkamagaluru,OK,matched,geoBoundaries/gbOpen/IND/ADM2/2021@8bef6929fd65432e7dc775e7c44473e84efff064ebddbfd6b834e6291546db40,76128533B15550697205080,census_label_alias,2021.0,False,https://assets.publishing.service.gov.uk/media/5a7e0e2d40f0b62305b80813/Karnataka_State_India_Name_Changes_20141112.pdf,"District identity matched; 2021 reference geometry, NOT event-year boundary equivalence. No parent substitution.","District identity matched; 2021 reference geometry, NOT event-year boundary equivalence. No parent substitution."
E168::shivamogga,Karnataka,Shivamogga,OK,matched,geoBoundaries/gbOpen/IND/ADM2/2021@8bef6929fd65432e7dc775e7c44473e84efff064ebddbfd6b834e6291546db40,76128533B85389886560116,census_label_alias,2021.0,False,https://assets.publishing.service.gov.uk/media/5a7e0e2d40f0b62305b80813/Karnataka_State_India_Name_Changes_20141112.pdf,"District identity matched; 2021 reference geometry, NOT event-year boundary equivalence. No parent substitution.","District identity matched; 2021 reference geometry, NOT event-year boundary equivalence. No parent substitution."
E169::alirajpur,Madhya Pradesh,Alirajpur,OK,matched,geoBoundaries/gbOpen/IND/ADM2/2021@8bef6929fd65432e7dc775e7c44473e84efff064ebddbfd6b834e6291546db40,76128533B35167844027544,exact_or_spacing,2021.0,False,https://www.geoboundaries.org/api/current/gbOpen/IND/ADM2/,"District identity matched; 2021 reference geometry, NOT event-year boundary equivalence. No parent substitution.","District identity matched; 2021 reference geometry, NOT event-year boundary equivalence. No parent substitution."
E168::uttara%20kannada,Karnataka,Uttara Kannada,OK,matched,geoBoundaries/gbOpen/IND/ADM2/2021@8bef6929fd65432e7dc775e7c44473e84efff064ebddbfd6b834e6291546db40,76128533B79180273895456,exact_or_spacing,2021.0,False,https://www.geoboundaries.org/api/current/gbOpen/IND/ADM2/,"District identity matched; 2021 reference geometry, NOT event-year boundary equivalence. No parent substitution.","District identity matched; 2021 reference geometry, NOT event-year boundary equivalence. No parent substitution."
E169::narmadapuram,Madhya Pradesh,Narmadapuram,OK,matched,geoBoundaries/gbOpen/IND/ADM2/2021@8bef6929fd65432e7dc775e7c44473e84efff064ebddbfd6b834e6291546db40,76128533B45314020251888,reviewed_alias,2021.0,False,https://narmadapuram.nic.in/en/notice/regarding-changing-the-name-of-hoshangabad-city-and-district-to-narmadapuram/,"District identity matched; 2021 reference geometry, NOT event-year boundary equivalence. No parent substitution.","District identity matched; 2021 reference geometry, NOT event-year boundary equivalence. No parent substitution."
E170::beed,Maharashtra,Beed,OK,matched,geoBoundaries/gbOpen/IND/ADM2/2021@8bef6929fd65432e7dc775e7c44473e84efff064ebddbfd6b834e6291546db40,76128533B5215906594478,census_label_alias,2021.0,False,https://censusindia.gov.in/nada/index.php/catalog/42557,"District identity matched; 2021 reference geometry, NOT event-year boundary equivalence. No parent substitution.","District identity matched; 2021 reference geometry, NOT event-year boundary equivalence. No parent substitution."
E170::gondia,Maharashtra,Gondia,OK,matched,geoBoundaries/gbOpen/IND/ADM2/2021@8bef6929fd65432e7dc775e7c44473e84efff064ebddbfd6b834e6291546db40,76128533B76286653784168,census_label_alias,2021.0,False,https://censusindia.gov.in/nada/index.php/catalog/42557,"District identity matched; 2021 reference geometry, NOT event-year boundary equivalence. No parent substitution.","District identity matched; 2021 reference geometry, NOT event-year boundary equivalence. No parent substitution."
E170::palghar,Maharashtra,Palghar,OK,matched,geoBoundaries/gbOpen/IND/ADM2/2021@8bef6929fd65432e7dc775e7c44473e84efff064ebddbfd6b834e6291546db40,76128533B37148244536449,exact_or_spacing,2021.0,False,https://www.geoboundaries.org/api/current/gbOpen/IND/ADM2/,"District identity matched; 2021 reference geometry, NOT event-year boundary equivalence. No parent substitution.","District identity matched; 2021 reference geometry, NOT event-year boundary equivalence. No parent substitution."
E170::raigad,Maharashtra,Raigad,OK,matched,geoBoundaries/gbOpen/IND/ADM2/2021@8bef6929fd65432e7dc775e7c44473e84efff064ebddbfd6b834e6291546db40,76128533B99895802074414,census_label_alias,2021.0,False,https://censusindia.gov.in/nada/index.php/catalog/42557,"District identity matched; 2021 reference geometry, NOT event-year boundary equivalence. No parent substitution.","District identity matched; 2021 reference geometry, NOT event-year boundary equivalence. No parent substitution."
E171::fazilka,Punjab,Fazilka,OK,matched,geoBoundaries/gbOpen/IND/ADM2/2021@8bef6929fd65432e7dc775e7c44473e84efff064ebddbfd6b834e6291546db40,76128533B7291413308870,exact_or_spacing,2021.0,False,https://www.geoboundaries.org/api/current/gbOpen/IND/ADM2/,"District identity matched; 2021 reference geometry, NOT event-year boundary equivalence. No parent substitution.","District identity matched; 2021 reference geometry, NOT event-year boundary equivalence. No parent substitution."
E171::tarn%20taran,Punjab,Tarn Taran,OK,matched,geoBoundaries/gbOpen/IND/ADM2/2021@8bef6929fd65432e7dc775e7c44473e84efff064ebddbfd6b834e6291546db40,76128533B54652028494758,exact_or_spacing,2021.0,False,https://www.geoboundaries.org/api/current/gbOpen/IND/ADM2/,"District identity matched; 2021 reference geometry, NOT event-year boundary equivalence. No parent substitution.","District identity matched; 2021 reference geometry, NOT event-year boundary equivalence. No parent substitution."
E173::central%20delhi,Delhi,Central Delhi,OK,matched,geoBoundaries/gbOpen/IND/ADM2/2021@8bef6929fd65432e7dc775e7c44473e84efff064ebddbfd6b834e6291546db40,76128533B19832024635761,reviewed_alias,2021.0,False,https://www.geoboundaries.org/api/current/gbOpen/IND/ADM2/,"District identity matched; 2021 reference geometry, NOT event-year boundary equivalence. No parent substitution.","District identity matched; 2021 reference geometry, NOT event-year boundary equivalence. No parent substitution."
E173::east%20delhi,Delhi,East Delhi,OK,matched,geoBoundaries/gbOpen/IND/ADM2/2021@8bef6929fd65432e7dc775e7c44473e84efff064ebddbfd6b834e6291546db40,76128533B72485933575946,reviewed_alias,2021.0,False,https://www.geoboundaries.org/api/current/gbOpen/IND/ADM2/,"District identity matched; 2021 reference geometry, NOT event-year boundary equivalence. No parent substitution.","District identity matched; 2021 reference geometry, NOT event-year boundary equivalence. No parent substitution."
E173::north%20east%20delhi,Delhi,North East Delhi,OK,matched,geoBoundaries/gbOpen/IND/ADM2/2021@8bef6929fd65432e7dc775e7c44473e84efff064ebddbfd6b834e6291546db40,76128533B9976625304286,reviewed_alias,2021.0,False,https://www.geoboundaries.org/api/current/gbOpen/IND/ADM2/,"District identity matched; 2021 reference geometry, NOT event-year boundary equivalence. No parent substitution.","District identity matched; 2021 reference geometry, NOT event-year boundary equivalence. No parent substitution."
E173::shahdara,Delhi,Shahdara,OK,matched,geoBoundaries/gbOpen/IND/ADM2/2021@8bef6929fd65432e7dc775e7c44473e84efff064ebddbfd6b834e6291546db40,76128533B81419063387740,exact_or_spacing,2021.0,False,https://www.geoboundaries.org/api/current/gbOpen/IND/ADM2/,"District identity matched; 2021 reference geometry, NOT event-year boundary equivalence. No parent substitution.","District identity matched; 2021 reference geometry, NOT event-year boundary equivalence. No parent substitution."
E174::palwal,Haryana,Palwal,OK,matched,geoBoundaries/gbOpen/IND/ADM2/2021@8bef6929fd65432e7dc775e7c44473e84efff064ebddbfd6b834e6291546db40,76128533B71088079535368,exact_or_spacing,2021.0,False,https://www.geoboundaries.org/api/current/gbOpen/IND/ADM2/,"District identity matched; 2021 reference geometry, NOT event-year boundary equivalence. No parent substitution.","District identity matched; 2021 reference geometry, NOT event-year boundary equivalence. No parent substitution."
E174::sonipat,Haryana,Sonipat,OK,matched,geoBoundaries/gbOpen/IND/ADM2/2021@8bef6929fd65432e7dc775e7c44473e84efff064ebddbfd6b834e6291546db40,76128533B69536039643660,exact_or_spacing,2021.0,False,https://www.geoboundaries.org/api/current/gbOpen/IND/ADM2/,"District identity matched; 2021 reference geometry, NOT event-year boundary equivalence. No parent substitution.","District identity matched; 2021 reference geometry, NOT event-year boundary equivalence. No parent substitution."
E176::pathankot,Punjab,Pathankot,OK,matched,geoBoundaries/gbOpen/IND/ADM2/2021@8bef6929fd65432e7dc775e7c44473e84efff064ebddbfd6b834e6291546db40,76128533B19630094725383,exact_or_spacing,2021.0,False,https://www.geoboundaries.org/api/current/gbOpen/IND/ADM2/,"District identity matched; 2021 reference geometry, NOT event-year boundary equivalence. No parent substitution.","District identity matched; 2021 reference geometry, NOT event-year boundary equivalence. No parent substitution."
E176::sas%20nagar,Punjab,SAS Nagar,OK,matched,geoBoundaries/gbOpen/IND/ADM2/2021@8bef6929fd65432e7dc775e7c44473e84efff064ebddbfd6b834e6291546db40,76128533B12197302963241,census_label_alias,2021.0,False,https://censusindia.gov.in/nada/index.php/catalog/42557,"District identity matched; 2021 reference geometry, NOT event-year boundary equivalence. No parent substitution.","District identity matched; 2021 reference geometry, NOT event-year boundary equivalence. No parent substitution."
E176::sbs%20nagar,Punjab,SBS Nagar,OK,matched,geoBoundaries/gbOpen/IND/ADM2/2021@8bef6929fd65432e7dc775e7c44473e84efff064ebddbfd6b834e6291546db40,76128533B14984770113274,census_label_alias,2021.0,False,https://censusindia.gov.in/nada/index.php/catalog/42557,"District identity matched; 2021 reference geometry, NOT event-year boundary equivalence. No parent substitution.","District identity matched; 2021 reference geometry, NOT event-year boundary equivalence. No parent substitution."
E176::tarn%20taran,Punjab,Tarn Taran,OK,matched,geoBoundaries/gbOpen/IND/ADM2/2021@8bef6929fd65432e7dc775e7c44473e84efff064ebddbfd6b834e6291546db40,76128533B54652028494758,exact_or_spacing,2021.0,False,https://www.geoboundaries.org/api/current/gbOpen/IND/ADM2/,"District identity matched; 2021 reference geometry, NOT event-year boundary equivalence. No parent substitution.","District identity matched; 2021 reference geometry, NOT event-year boundary equivalence. No parent substitution."
E178::bhadradri%20kothagudem,Telangana,Bhadradri Kothagudem,OK,matched,OpenStreetMap/snapshot/2026-09-12@a376d0c370782c7f65739f2dd49bf760717e36be549f615d7a9cda6d4dafb3bf,OSM:relation/7698599,reviewed_osm_district_lgd,,False,https://kothagudem.telangana.gov.in/demography/,"OSM district relation with LGD code; present-day reference only, not event-year boundary equivalence. Published district area within 10%.","OSM district relation with LGD code; present-day reference only, not event-year boundary equivalence. Published district area within 10%."
E178::jayashankar%20bhupalpally,Telangana,Jayashankar Bhupalpally,OK,matched,geoBoundaries/gbOpen/IND/ADM2/2021@8bef6929fd65432e7dc775e7c44473e84efff064ebddbfd6b834e6291546db40,76128533B60322704115131,reviewed_alias,2021.0,False,https://www.geoboundaries.org/api/current/gbOpen/IND/ADM2/,"District identity matched; 2021 reference geometry, NOT event-year boundary equivalence. No parent substitution.","District identity matched; 2021 reference geometry, NOT event-year boundary equivalence. No parent substitution."
E178::mancherial,Telangana,Mancherial,OK,matched,geoBoundaries/gbOpen/IND/ADM2/2021@8bef6929fd65432e7dc775e7c44473e84efff064ebddbfd6b834e6291546db40,76128533B53018054761164,exact_or_spacing,2021.0,False,https://www.geoboundaries.org/api/current/gbOpen/IND/ADM2/,"District identity matched; 2021 reference geometry, NOT event-year boundary equivalence. No parent substitution.","District identity matched; 2021 reference geometry, NOT event-year boundary equivalence. No parent substitution."
E178::mulugu,Telangana,Mulugu,OK,matched,geoBoundaries/gbOpen/IND/ADM2/2021@8bef6929fd65432e7dc775e7c44473e84efff064ebddbfd6b834e6291546db40,76128533B84398038505400,exact_or_spacing,2021.0,False,https://www.geoboundaries.org/api/current/gbOpen/IND/ADM2/,"District identity matched; 2021 reference geometry, NOT event-year boundary equivalence. No parent substitution.","District identity matched; 2021 reference geometry, NOT event-year boundary equivalence. No parent substitution."
E178::nirmal,Telangana,Nirmal,OK,matched,geoBoundaries/gbOpen/IND/ADM2/2021@8bef6929fd65432e7dc775e7c44473e84efff064ebddbfd6b834e6291546db40,76128533B25280172436550,exact_or_spacing,2021.0,False,https://www.geoboundaries.org/api/current/gbOpen/IND/ADM2/,"District identity matched; 2021 reference geometry, NOT event-year boundary equivalence. No parent substitution.","District identity matched; 2021 reference geometry, NOT event-year boundary equivalence. No parent substitution."
E179::kanyakumari,Tamil Nadu,Kanyakumari,OK,matched,geoBoundaries/gbOpen/IND/ADM2/2021@8bef6929fd65432e7dc775e7c44473e84efff064ebddbfd6b834e6291546db40,76128533B53796141759805,census_label_alias,2021.0,False,https://censusindia.gov.in/nada/index.php/catalog/42557,"District identity matched; 2021 reference geometry, NOT event-year boundary equivalence. No parent substitution.","District identity matched; 2021 reference geometry, NOT event-year boundary equivalence. No parent substitution."
E179::tenkasi,Tamil Nadu,Tenkasi,OK,matched,geoBoundaries/gbOpen/IND/ADM2/2021@8bef6929fd65432e7dc775e7c44473e84efff064ebddbfd6b834e6291546db40,76128533B27604563137530,exact_or_spacing,2021.0,False,https://www.geoboundaries.org/api/current/gbOpen/IND/ADM2/,"District identity matched; 2021 reference geometry, NOT event-year boundary equivalence. No parent substitution.","District identity matched; 2021 reference geometry, NOT event-year boundary equivalence. No parent substitution."
E179::thoothukkudi,Tamil Nadu,Thoothukkudi,OK,matched,geoBoundaries/gbOpen/IND/ADM2/2021@8bef6929fd65432e7dc775e7c44473e84efff064ebddbfd6b834e6291546db40,76128533B31241181851990,exact_or_spacing,2021.0,False,https://www.geoboundaries.org/api/current/gbOpen/IND/ADM2/,"District identity matched; 2021 reference geometry, NOT event-year boundary equivalence. No parent substitution.","District identity matched; 2021 reference geometry, NOT event-year boundary equivalence. No parent substitution."
E179::tirunelveli,Tamil Nadu,Tirunelveli,OK,matched,geoBoundaries/gbOpen/IND/ADM2/2021@8bef6929fd65432e7dc775e7c44473e84efff064ebddbfd6b834e6291546db40,76128533B52639434516056,exact_or_spacing,2021.0,False,https://www.geoboundaries.org/api/current/gbOpen/IND/ADM2/,"District identity matched; 2021 reference geometry, NOT event-year boundary equivalence. No parent substitution.","District identity matched; 2021 reference geometry, NOT event-year boundary equivalence. No parent substitution."
E180::biswanath,Assam,Biswanath,OK,matched,geoBoundaries/gbOpen/IND/ADM2/2021@8bef6929fd65432e7dc775e7c44473e84efff064ebddbfd6b834e6291546db40,76128533B40714385808093,exact_or_spacing,2021.0,False,https://www.geoboundaries.org/api/current/gbOpen/IND/ADM2/,"District identity matched; 2021 reference geometry, NOT event-year boundary equivalence. No parent substitution.","District identity matched; 2021 reference geometry, NOT event-year boundary equivalence. No parent substitution."
E180::majuli,Assam,Majuli,OK,matched,geoBoundaries/gbOpen/IND/ADM2/2021@8bef6929fd65432e7dc775e7c44473e84efff064ebddbfd6b834e6291546db40,76128533B15157901669242,exact_or_spacing,2021.0,False,https://www.geoboundaries.org/api/current/gbOpen/IND/ADM2/,"District identity matched; 2021 reference geometry, NOT event-year boundary equivalence. No parent substitution.","District identity matched; 2021 reference geometry, NOT event-year boundary equivalence. No parent substitution."
E180::morigaon,Assam,Morigaon,OK,matched,geoBoundaries/gbOpen/IND/ADM2/2021@8bef6929fd65432e7dc775e7c44473e84efff064ebddbfd6b834e6291546db40,76128533B17968019348564,exact_or_spacing,2021.0,False,https://www.geoboundaries.org/api/current/gbOpen/IND/ADM2/,"District identity matched; 2021 reference geometry, NOT event-year boundary equivalence. No parent substitution.","District identity matched; 2021 reference geometry, NOT event-year boundary equivalence. No parent substitution."
E180::sivasagar,Assam,Sivasagar,OK,matched,geoBoundaries/gbOpen/IND/ADM2/2021@8bef6929fd65432e7dc775e7c44473e84efff064ebddbfd6b834e6291546db40,76128533B21722277889516,exact_or_spacing,2021.0,False,https://www.geoboundaries.org/api/current/gbOpen/IND/ADM2/,"District identity matched; 2021 reference geometry, NOT event-year boundary equivalence. No parent substitution.","District identity matched; 2021 reference geometry, NOT event-year boundary equivalence. No parent substitution."
E180::tamulpur,Assam,Tamulpur,OK,matched,OpenStreetMap/snapshot/2026-09-12@2d2926aa53838f0df6ee9b40c723eb2daf7a4bafbbf75528a64bd4c3eec49281,OSM:relation/16702229,reviewed_osm_district_lgd,,False,https://www.kharithi.bodoland.gov.in/tamulpur,"OSM district relation with LGD code; present-day reference only, not event-year boundary equivalence. No authoritative area comparison available; lower confidence.","OSM district relation with LGD code; present-day reference only, not event-year boundary equivalence. No authoritative area comparison available; lower confidence."
E180::udalguri,Assam,Udalguri,OK,matched,geoBoundaries/gbOpen/IND/ADM2/2021@8bef6929fd65432e7dc775e7c44473e84efff064ebddbfd6b834e6291546db40,76128533B20307518801538,exact_or_spacing,2021.0,False,https://www.geoboundaries.org/api/current/gbOpen/IND/ADM2/,"District identity matched; 2021 reference geometry, NOT event-year boundary equivalence. No parent substitution.","District identity matched; 2021 reference geometry, NOT event-year boundary equivalence. No parent substitution."
E181::east%20jaintia%20hills,Meghalaya,East Jaintia Hills,OK,matched,geoBoundaries/gbOpen/IND/ADM2/2021@8bef6929fd65432e7dc775e7c44473e84efff064ebddbfd6b834e6291546db40,76128533B70185077694103,exact_or_spacing,2021.0,False,https://www.geoboundaries.org/api/current/gbOpen/IND/ADM2/,"District identity matched; 2021 reference geometry, NOT event-year boundary equivalence. No parent substitution.","District identity matched; 2021 reference geometry, NOT event-year boundary equivalence. No parent substitution."
E181::south%20west%20garo%20hills,Meghalaya,South West Garo Hills,OK,matched,geoBoundaries/gbOpen/IND/ADM2/2021@8bef6929fd65432e7dc775e7c44473e84efff064ebddbfd6b834e6291546db40,76128533B52906466328910,exact_or_spacing,2021.0,False,https://www.geoboundaries.org/api/current/gbOpen/IND/ADM2/,"District identity matched; 2021 reference geometry, NOT event-year boundary equivalence. No parent substitution.","District identity matched; 2021 reference geometry, NOT event-year boundary equivalence. No parent substitution."
E181::west%20jaintia%20hills,Meghalaya,West Jaintia Hills,OK,matched,geoBoundaries/gbOpen/IND/ADM2/2021@8bef6929fd65432e7dc775e7c44473e84efff064ebddbfd6b834e6291546db40,76128533B84622469201834,exact_or_spacing,2021.0,False,https://www.geoboundaries.org/api/current/gbOpen/IND/ADM2/,"District identity matched; 2021 reference geometry, NOT event-year boundary equivalence. No parent substitution.","District identity matched; 2021 reference geometry, NOT event-year boundary equivalence. No parent substitution."
E182::biswanath,Assam,Biswanath,OK,matched,geoBoundaries/gbOpen/IND/ADM2/2021@8bef6929fd65432e7dc775e7c44473e84efff064ebddbfd6b834e6291546db40,76128533B40714385808093,exact_or_spacing,2021.0,False,https://www.geoboundaries.org/api/current/gbOpen/IND/ADM2/,"District identity matched; 2021 reference geometry, NOT event-year boundary equivalence. No parent substitution.","District identity matched; 2021 reference geometry, NOT event-year boundary equivalence. No parent substitution."
E182::chirang,Assam,Chirang,OK,matched,geoBoundaries/gbOpen/IND/ADM2/2021@8bef6929fd65432e7dc775e7c44473e84efff064ebddbfd6b834e6291546db40,76128533B56012535339305,exact_or_spacing,2021.0,False,https://www.geoboundaries.org/api/current/gbOpen/IND/ADM2/,"District identity matched; 2021 reference geometry, NOT event-year boundary equivalence. No parent substitution.","District identity matched; 2021 reference geometry, NOT event-year boundary equivalence. No parent substitution."
E182::dhubri,Assam,Dhubri,OK,matched,geoBoundaries/gbOpen/IND/ADM2/2021@8bef6929fd65432e7dc775e7c44473e84efff064ebddbfd6b834e6291546db40,76128533B25835998628545,exact_or_spacing,2021.0,False,https://www.geoboundaries.org/api/current/gbOpen/IND/ADM2/,"District identity matched; 2021 reference geometry, NOT event-year boundary equivalence. No parent substitution.","District identity matched; 2021 reference geometry, NOT event-year boundary equivalence. No parent substitution."
E182::kamrup%20metropolitan,Assam,Kamrup Metropolitan,OK,matched,geoBoundaries/gbOpen/IND/ADM2/2021@8bef6929fd65432e7dc775e7c44473e84efff064ebddbfd6b834e6291546db40,76128533B38230828972906,exact_or_spacing,2021.0,False,https://www.geoboundaries.org/api/current/gbOpen/IND/ADM2/,"District identity matched; 2021 reference geometry, NOT event-year boundary equivalence. No parent substitution.","District identity matched; 2021 reference geometry, NOT event-year boundary equivalence. No parent substitution."
E182::majuli,Assam,Majuli,OK,matched,geoBoundaries/gbOpen/IND/ADM2/2021@8bef6929fd65432e7dc775e7c44473e84efff064ebddbfd6b834e6291546db40,76128533B15157901669242,exact_or_spacing,2021.0,False,https://www.geoboundaries.org/api/current/gbOpen/IND/ADM2/,"District identity matched; 2021 reference geometry, NOT event-year boundary equivalence. No parent substitution.","District identity matched; 2021 reference geometry, NOT event-year boundary equivalence. No parent substitution."
E182::morigaon,Assam,Morigaon,OK,matched,geoBoundaries/gbOpen/IND/ADM2/2021@8bef6929fd65432e7dc775e7c44473e84efff064ebddbfd6b834e6291546db40,76128533B17968019348564,exact_or_spacing,2021.0,False,https://www.geoboundaries.org/api/current/gbOpen/IND/ADM2/,"District identity matched; 2021 reference geometry, NOT event-year boundary equivalence. No parent substitution.","District identity matched; 2021 reference geometry, NOT event-year boundary equivalence. No parent substitution."
E182::sivasagar,Assam,Sivasagar,OK,matched,geoBoundaries/gbOpen/IND/ADM2/2021@8bef6929fd65432e7dc775e7c44473e84efff064ebddbfd6b834e6291546db40,76128533B21722277889516,exact_or_spacing,2021.0,False,https://www.geoboundaries.org/api/current/gbOpen/IND/ADM2/,"District identity matched; 2021 reference geometry, NOT event-year boundary equivalence. No parent substitution.","District identity matched; 2021 reference geometry, NOT event-year boundary equivalence. No parent substitution."
E182::south%20salmara,Assam,South Salmara,OK,matched,geoBoundaries/gbOpen/IND/ADM2/2021@8bef6929fd65432e7dc775e7c44473e84efff064ebddbfd6b834e6291546db40,76128533B20298037622173,reviewed_alias,2021.0,False,https://www.geoboundaries.org/api/current/gbOpen/IND/ADM2/,"District identity matched; 2021 reference geometry, NOT event-year boundary equivalence. No parent substitution.","District identity matched; 2021 reference geometry, NOT event-year boundary equivalence. No parent substitution."
E183::ayodhya,Uttar Pradesh,Ayodhya,OK,matched,geoBoundaries/gbOpen/IND/ADM2/2021@8bef6929fd65432e7dc775e7c44473e84efff064ebddbfd6b834e6291546db40,76128533B60320291189162,reviewed_alias,2021.0,False,https://ayodhya.nic.in/,"District identity matched; 2021 reference geometry, NOT event-year boundary equivalence. No parent substitution.","District identity matched; 2021 reference geometry, NOT event-year boundary equivalence. No parent substitution."
E183::budaun,Uttar Pradesh,Budaun,OK,matched,geoBoundaries/gbOpen/IND/ADM2/2021@8bef6929fd65432e7dc775e7c44473e84efff064ebddbfd6b834e6291546db40,76128533B84679668760735,exact_or_spacing,2021.0,False,https://www.geoboundaries.org/api/current/gbOpen/IND/ADM2/,"District identity matched; 2021 reference geometry, NOT event-year boundary equivalence. No parent substitution.","District identity matched; 2021 reference geometry, NOT event-year boundary equivalence. No parent substitution."
E183::prayagraj,Uttar Pradesh,Prayagraj,OK,matched,geoBoundaries/gbOpen/IND/ADM2/2021@8bef6929fd65432e7dc775e7c44473e84efff064ebddbfd6b834e6291546db40,76128533B51368558457506,reviewed_alias,2021.0,False,https://prayagraj.nic.in/history/,"District identity matched; 2021 reference geometry, NOT event-year boundary equivalence. No parent substitution.","District identity matched; 2021 reference geometry, NOT event-year boundary equivalence. No parent substitution."
E183::shrawasti,Uttar Pradesh,Shrawasti,OK,matched,geoBoundaries/gbOpen/IND/ADM2/2021@8bef6929fd65432e7dc775e7c44473e84efff064ebddbfd6b834e6291546db40,76128533B34832354589031,exact_or_spacing,2021.0,False,https://www.geoboundaries.org/api/current/gbOpen/IND/ADM2/,"District identity matched; 2021 reference geometry, NOT event-year boundary equivalence. No parent substitution.","District identity matched; 2021 reference geometry, NOT event-year boundary equivalence. No parent substitution."
E185::gomati,Tripura,Gomati,OK,matched,geoBoundaries/gbOpen/IND/ADM2/2021@8bef6929fd65432e7dc775e7c44473e84efff064ebddbfd6b834e6291546db40,76128533B94126463611805,exact_or_spacing,2021.0,False,https://www.geoboundaries.org/api/current/gbOpen/IND/ADM2/,"District identity matched; 2021 reference geometry, NOT event-year boundary equivalence. No parent substitution.","District identity matched; 2021 reference geometry, NOT event-year boundary equivalence. No parent substitution."
E185::khowai,Tripura,Khowai,OK,matched,geoBoundaries/gbOpen/IND/ADM2/2021@8bef6929fd65432e7dc775e7c44473e84efff064ebddbfd6b834e6291546db40,76128533B67044589012853,exact_or_spacing,2021.0,False,https://www.geoboundaries.org/api/current/gbOpen/IND/ADM2/,"District identity matched; 2021 reference geometry, NOT event-year boundary equivalence. No parent substitution.","District identity matched; 2021 reference geometry, NOT event-year boundary equivalence. No parent substitution."
E185::sepahijala,Tripura,Sepahijala,OK,matched,geoBoundaries/gbOpen/IND/ADM2/2021@8bef6929fd65432e7dc775e7c44473e84efff064ebddbfd6b834e6291546db40,76128533B43965372582859,reviewed_alias,2021.0,False,https://www.geoboundaries.org/api/current/gbOpen/IND/ADM2/,"District identity matched; 2021 reference geometry, NOT event-year boundary equivalence. No parent substitution.","District identity matched; 2021 reference geometry, NOT event-year boundary equivalence. No parent substitution."
E185::unakoti,Tripura,Unakoti,OK,matched,geoBoundaries/gbOpen/IND/ADM2/2021@8bef6929fd65432e7dc775e7c44473e84efff064ebddbfd6b834e6291546db40,76128533B4720703924950,reviewed_alias,2021.0,False,https://www.geoboundaries.org/api/current/gbOpen/IND/ADM2/,"District identity matched; 2021 reference geometry, NOT event-year boundary equivalence. No parent substitution.","District identity matched; 2021 reference geometry, NOT event-year boundary equivalence. No parent substitution."
E186::ahmedabad,Gujarat,Ahmedabad,OK,matched,geoBoundaries/gbOpen/IND/ADM2/2021@8bef6929fd65432e7dc775e7c44473e84efff064ebddbfd6b834e6291546db40,76128533B93113981386565,census_label_alias,2021.0,False,https://censusindia.gov.in/nada/index.php/catalog/42557,"District identity matched; 2021 reference geometry, NOT event-year boundary equivalence. No parent substitution.","District identity matched; 2021 reference geometry, NOT event-year boundary equivalence. No parent substitution."
E186::aravalli,Gujarat,Aravalli,OK,matched,geoBoundaries/gbOpen/IND/ADM2/2021@8bef6929fd65432e7dc775e7c44473e84efff064ebddbfd6b834e6291546db40,76128533B62153454383166,reviewed_alias,2021.0,False,https://www.geoboundaries.org/api/current/gbOpen/IND/ADM2/,"District identity matched; 2021 reference geometry, NOT event-year boundary equivalence. No parent substitution.","District identity matched; 2021 reference geometry, NOT event-year boundary equivalence. No parent substitution."
E186::botad,Gujarat,Botad,OK,matched,geoBoundaries/gbOpen/IND/ADM2/2021@8bef6929fd65432e7dc775e7c44473e84efff064ebddbfd6b834e6291546db40,76128533B48885555323596,reviewed_alias,2021.0,False,https://www.geoboundaries.org/api/current/gbOpen/IND/ADM2/,"District identity matched; 2021 reference geometry, NOT event-year boundary equivalence. No parent substitution.","District identity matched; 2021 reference geometry, NOT event-year boundary equivalence. No parent substitution."
E186::devbhumi%20dwarka,Gujarat,Devbhumi Dwarka,OK,matched,geoBoundaries/gbOpen/IND/ADM2/2021@8bef6929fd65432e7dc775e7c44473e84efff064ebddbfd6b834e6291546db40,76128533B74381554567803,exact_or_spacing,2021.0,False,https://www.geoboundaries.org/api/current/gbOpen/IND/ADM2/,"District identity matched; 2021 reference geometry, NOT event-year boundary equivalence. No parent substitution.","District identity matched; 2021 reference geometry, NOT event-year boundary equivalence. No parent substitution."
E186::kutch,Gujarat,Kutch,OK,matched,geoBoundaries/gbOpen/IND/ADM2/2021@8bef6929fd65432e7dc775e7c44473e84efff064ebddbfd6b834e6291546db40,76128533B91881382098572,census_label_alias,2021.0,False,https://censusindia.gov.in/nada/index.php/catalog/42557,"District identity matched; 2021 reference geometry, NOT event-year boundary equivalence. No parent substitution.","District identity matched; 2021 reference geometry, NOT event-year boundary equivalence. No parent substitution."
E186::mahisagar,Gujarat,Mahisagar,OK,matched,geoBoundaries/gbOpen/IND/ADM2/2021@8bef6929fd65432e7dc775e7c44473e84efff064ebddbfd6b834e6291546db40,76128533B49615943426842,exact_or_spacing,2021.0,False,https://www.geoboundaries.org/api/current/gbOpen/IND/ADM2/,"District identity matched; 2021 reference geometry, NOT event-year boundary equivalence. No parent substitution.","District identity matched; 2021 reference geometry, NOT event-year boundary equivalence. No parent substitution."
E186::morbi,Gujarat,Morbi,OK,matched,geoBoundaries/gbOpen/IND/ADM2/2021@8bef6929fd65432e7dc775e7c44473e84efff064ebddbfd6b834e6291546db40,76128533B2080752988715,exact_or_spacing,2021.0,False,https://www.geoboundaries.org/api/current/gbOpen/IND/ADM2/,"District identity matched; 2021 reference geometry, NOT event-year boundary equivalence. No parent substitution.","District identity matched; 2021 reference geometry, NOT event-year boundary equivalence. No parent substitution."
E186::panchmahal,Gujarat,Panchmahal,OK,matched,geoBoundaries/gbOpen/IND/ADM2/2021@8bef6929fd65432e7dc775e7c44473e84efff064ebddbfd6b834e6291546db40,76128533B16476001647323,reviewed_alias,2021.0,False,https://www.geoboundaries.org/api/current/gbOpen/IND/ADM2/,"District identity matched; 2021 reference geometry, NOT event-year boundary equivalence. No parent substitution.","District identity matched; 2021 reference geometry, NOT event-year boundary equivalence. No parent substitution."
E187::palghar,Maharashtra,Palghar,OK,matched,geoBoundaries/gbOpen/IND/ADM2/2021@8bef6929fd65432e7dc775e7c44473e84efff064ebddbfd6b834e6291546db40,76128533B37148244536449,exact_or_spacing,2021.0,False,https://www.geoboundaries.org/api/current/gbOpen/IND/ADM2/,"District identity matched; 2021 reference geometry, NOT event-year boundary equivalence. No parent substitution.","District identity matched; 2021 reference geometry, NOT event-year boundary equivalence. No parent substitution."
E187::raigad,Maharashtra,Raigad,OK,matched,geoBoundaries/gbOpen/IND/ADM2/2021@8bef6929fd65432e7dc775e7c44473e84efff064ebddbfd6b834e6291546db40,76128533B99895802074414,census_label_alias,2021.0,False,https://censusindia.gov.in/nada/index.php/catalog/42557,"District identity matched; 2021 reference geometry, NOT event-year boundary equivalence. No parent substitution.","District identity matched; 2021 reference geometry, NOT event-year boundary equivalence. No parent substitution."
E188::gomati,Tripura,Gomati,OK,matched,geoBoundaries/gbOpen/IND/ADM2/2021@8bef6929fd65432e7dc775e7c44473e84efff064ebddbfd6b834e6291546db40,76128533B94126463611805,exact_or_spacing,2021.0,False,https://www.geoboundaries.org/api/current/gbOpen/IND/ADM2/,"District identity matched; 2021 reference geometry, NOT event-year boundary equivalence. No parent substitution.","District identity matched; 2021 reference geometry, NOT event-year boundary equivalence. No parent substitution."
E188::khowai,Tripura,Khowai,OK,matched,geoBoundaries/gbOpen/IND/ADM2/2021@8bef6929fd65432e7dc775e7c44473e84efff064ebddbfd6b834e6291546db40,76128533B67044589012853,exact_or_spacing,2021.0,False,https://www.geoboundaries.org/api/current/gbOpen/IND/ADM2/,"District identity matched; 2021 reference geometry, NOT event-year boundary equivalence. No parent substitution.","District identity matched; 2021 reference geometry, NOT event-year boundary equivalence. No parent substitution."
E188::sepahijala,Tripura,Sepahijala,OK,matched,geoBoundaries/gbOpen/IND/ADM2/2021@8bef6929fd65432e7dc775e7c44473e84efff064ebddbfd6b834e6291546db40,76128533B43965372582859,reviewed_alias,2021.0,False,https://www.geoboundaries.org/api/current/gbOpen/IND/ADM2/,"District identity matched; 2021 reference geometry, NOT event-year boundary equivalence. No parent substitution.","District identity matched; 2021 reference geometry, NOT event-year boundary equivalence. No parent substitution."
E188::unakoti,Tripura,Unakoti,OK,matched,geoBoundaries/gbOpen/IND/ADM2/2021@8bef6929fd65432e7dc775e7c44473e84efff064ebddbfd6b834e6291546db40,76128533B4720703924950,reviewed_alias,2021.0,False,https://www.geoboundaries.org/api/current/gbOpen/IND/ADM2/,"District identity matched; 2021 reference geometry, NOT event-year boundary equivalence. No parent substitution.","District identity matched; 2021 reference geometry, NOT event-year boundary equivalence. No parent substitution."
E189::north%20garo%20hills,Meghalaya,North Garo Hills,OK,matched,geoBoundaries/gbOpen/IND/ADM2/2021@8bef6929fd65432e7dc775e7c44473e84efff064ebddbfd6b834e6291546db40,76128533B35759455556328,exact_or_spacing,2021.0,False,https://www.geoboundaries.org/api/current/gbOpen/IND/ADM2/,"District identity matched; 2021 reference geometry, NOT event-year boundary equivalence. No parent substitution.","District identity matched; 2021 reference geometry, NOT event-year boundary equivalence. No parent substitution."
E189::south%20west%20garo%20hills,Meghalaya,South West Garo Hills,OK,matched,geoBoundaries/gbOpen/IND/ADM2/2021@8bef6929fd65432e7dc775e7c44473e84efff064ebddbfd6b834e6291546db40,76128533B52906466328910,exact_or_spacing,2021.0,False,https://www.geoboundaries.org/api/current/gbOpen/IND/ADM2/,"District identity matched; 2021 reference geometry, NOT event-year boundary equivalence. No parent substitution.","District identity matched; 2021 reference geometry, NOT event-year boundary equivalence. No parent substitution."
E190::itanagar%20capital%20region,Arunachal Pradesh,Itanagar Capital Region,ERROR: district AOI match failed for Arunachal Pradesh/Itanagar Capital Region: 0 exact candidates,failed,FAO/GAUL/2015/level2,,,,,,,No district polygon returned.
E190::namsai,Arunachal Pradesh,Namsai,OK,matched,geoBoundaries/gbOpen/IND/ADM2/2021@8bef6929fd65432e7dc775e7c44473e84efff064ebddbfd6b834e6291546db40,76128533B1875965515331,exact_or_spacing,2021.0,False,https://www.geoboundaries.org/api/current/gbOpen/IND/ADM2/,"District identity matched; 2021 reference geometry, NOT event-year boundary equivalence. No parent substitution.","District identity matched; 2021 reference geometry, NOT event-year boundary equivalence. No parent substitution."
E190::pakke%20kessang,Arunachal Pradesh,Pakke Kessang,OK,matched,geoBoundaries/gbOpen/IND/ADM2/2021@8bef6929fd65432e7dc775e7c44473e84efff064ebddbfd6b834e6291546db40,76128533B24017517661394,exact_or_spacing,2021.0,False,https://www.geoboundaries.org/api/current/gbOpen/IND/ADM2/,"District identity matched; 2021 reference geometry, NOT event-year boundary equivalence. No parent substitution.","District identity matched; 2021 reference geometry, NOT event-year boundary equivalence. No parent substitution."
E191::dima%20hasao,Assam,Dima Hasao,OK,matched,geoBoundaries/gbOpen/IND/ADM2/2021@8bef6929fd65432e7dc775e7c44473e84efff064ebddbfd6b834e6291546db40,76128533B66125202864966,exact_or_spacing,2021.0,False,https://www.geoboundaries.org/api/current/gbOpen/IND/ADM2/,"District identity matched; 2021 reference geometry, NOT event-year boundary equivalence. No parent substitution.","District identity matched; 2021 reference geometry, NOT event-year boundary equivalence. No parent substitution."
E191::sribhumi%20%28karimganj%29,Assam,Sribhumi (Karimganj),OK,matched,geoBoundaries/gbOpen/IND/ADM2/2021@8bef6929fd65432e7dc775e7c44473e84efff064ebddbfd6b834e6291546db40,76128533B23092176497025,reviewed_alias,2021.0,False,https://www.geoboundaries.org/api/current/gbOpen/IND/ADM2/,"District identity matched; 2021 reference geometry, NOT event-year boundary equivalence. No parent substitution.","District identity matched; 2021 reference geometry, NOT event-year boundary equivalence. No parent substitution."
E192::imphal%20east,Manipur,Imphal East,OK,matched,geoBoundaries/gbOpen/IND/ADM2/2021@8bef6929fd65432e7dc775e7c44473e84efff064ebddbfd6b834e6291546db40,76128533B30779259886340,exact_or_spacing,2021.0,False,https://www.geoboundaries.org/api/current/gbOpen/IND/ADM2/,"District identity matched; 2021 reference geometry, NOT event-year boundary equivalence. No parent substitution.","District identity matched; 2021 reference geometry, NOT event-year boundary equivalence. No parent substitution."
E192::imphal%20west,Manipur,Imphal West,OK,matched,geoBoundaries/gbOpen/IND/ADM2/2021@8bef6929fd65432e7dc775e7c44473e84efff064ebddbfd6b834e6291546db40,76128533B99807650893733,exact_or_spacing,2021.0,False,https://www.geoboundaries.org/api/current/gbOpen/IND/ADM2/,"District identity matched; 2021 reference geometry, NOT event-year boundary equivalence. No parent substitution.","District identity matched; 2021 reference geometry, NOT event-year boundary equivalence. No parent substitution."
E192::kangpokpi,Manipur,Kangpokpi,OK,matched,geoBoundaries/gbOpen/IND/ADM2/2021@8bef6929fd65432e7dc775e7c44473e84efff064ebddbfd6b834e6291546db40,76128533B56326354019534,exact_or_spacing,2021.0,False,https://www.geoboundaries.org/api/current/gbOpen/IND/ADM2/,"District identity matched; 2021 reference geometry, NOT event-year boundary equivalence. No parent substitution.","District identity matched; 2021 reference geometry, NOT event-year boundary equivalence. No parent substitution."
E192::noney,Manipur,Noney,OK,matched,geoBoundaries/gbOpen/IND/ADM2/2021@8bef6929fd65432e7dc775e7c44473e84efff064ebddbfd6b834e6291546db40,76128533B36594996191182,exact_or_spacing,2021.0,False,https://www.geoboundaries.org/api/current/gbOpen/IND/ADM2/,"District identity matched; 2021 reference geometry, NOT event-year boundary equivalence. No parent substitution.","District identity matched; 2021 reference geometry, NOT event-year boundary equivalence. No parent substitution."
E192::pherzawl,Manipur,Pherzawl,OK,matched,geoBoundaries/gbOpen/IND/ADM2/2021@8bef6929fd65432e7dc775e7c44473e84efff064ebddbfd6b834e6291546db40,76128533B71254158898830,exact_or_spacing,2021.0,False,https://www.geoboundaries.org/api/current/gbOpen/IND/ADM2/,"District identity matched; 2021 reference geometry, NOT event-year boundary equivalence. No parent substitution.","District identity matched; 2021 reference geometry, NOT event-year boundary equivalence. No parent substitution."
E193::east%20jaintia%20hills,Meghalaya,East Jaintia Hills,OK,matched,geoBoundaries/gbOpen/IND/ADM2/2021@8bef6929fd65432e7dc775e7c44473e84efff064ebddbfd6b834e6291546db40,76128533B70185077694103,exact_or_spacing,2021.0,False,https://www.geoboundaries.org/api/current/gbOpen/IND/ADM2/,"District identity matched; 2021 reference geometry, NOT event-year boundary equivalence. No parent substitution.","District identity matched; 2021 reference geometry, NOT event-year boundary equivalence. No parent substitution."
E193::eastern%20west%20khasi%20hills,Meghalaya,Eastern West Khasi Hills,OK,matched,OpenStreetMap/snapshot/2026-09-12@827fd131bafbdbbbf81e28421300da7604b44523d1f74da536f388d602fff10e,OSM:relation/14723470,reviewed_osm_district_lgd,,False,https://easternwestkhasihills.meghalaya.gov.in/,"OSM district relation with LGD code; present-day reference only, not event-year boundary equivalence. Published district area within 10%.","OSM district relation with LGD code; present-day reference only, not event-year boundary equivalence. Published district area within 10%."
E193::north%20garo%20hills,Meghalaya,North Garo Hills,OK,matched,geoBoundaries/gbOpen/IND/ADM2/2021@8bef6929fd65432e7dc775e7c44473e84efff064ebddbfd6b834e6291546db40,76128533B35759455556328,exact_or_spacing,2021.0,False,https://www.geoboundaries.org/api/current/gbOpen/IND/ADM2/,"District identity matched; 2021 reference geometry, NOT event-year boundary equivalence. No parent substitution.","District identity matched; 2021 reference geometry, NOT event-year boundary equivalence. No parent substitution."
E193::south%20west%20garo%20hills,Meghalaya,South West Garo Hills,OK,matched,geoBoundaries/gbOpen/IND/ADM2/2021@8bef6929fd65432e7dc775e7c44473e84efff064ebddbfd6b834e6291546db40,76128533B52906466328910,exact_or_spacing,2021.0,False,https://www.geoboundaries.org/api/current/gbOpen/IND/ADM2/,"District identity matched; 2021 reference geometry, NOT event-year boundary equivalence. No parent substitution.","District identity matched; 2021 reference geometry, NOT event-year boundary equivalence. No parent substitution."
E193::south%20west%20khasi%20hills,Meghalaya,South West Khasi Hills,OK,matched,geoBoundaries/gbOpen/IND/ADM2/2021@8bef6929fd65432e7dc775e7c44473e84efff064ebddbfd6b834e6291546db40,76128533B27102120636500,exact_or_spacing,2021.0,False,https://www.geoboundaries.org/api/current/gbOpen/IND/ADM2/,"District identity matched; 2021 reference geometry, NOT event-year boundary equivalence. No parent substitution.","District identity matched; 2021 reference geometry, NOT event-year boundary equivalence. No parent substitution."
E193::west%20jaintia%20hills,Meghalaya,West Jaintia Hills,OK,matched,geoBoundaries/gbOpen/IND/ADM2/2021@8bef6929fd65432e7dc775e7c44473e84efff064ebddbfd6b834e6291546db40,76128533B84622469201834,exact_or_spacing,2021.0,False,https://www.geoboundaries.org/api/current/gbOpen/IND/ADM2/,"District identity matched; 2021 reference geometry, NOT event-year boundary equivalence. No parent substitution.","District identity matched; 2021 reference geometry, NOT event-year boundary equivalence. No parent substitution."
E195::chumoukedima,Nagaland,Chumoukedima,ERROR: district AOI match failed for Nagaland/Chumoukedima: 0 exact candidates,failed,FAO/GAUL/2015/level2,,,,,,,Conflicting published area and OSM polygon; not verified.
E195::shamator,Nagaland,Shamator,ERROR: district AOI match failed for Nagaland/Shamator: 0 exact candidates,failed,FAO/GAUL/2015/level2,,,,,,,OSM polygon 193 km2 versus official 469 km2; rejected incomplete extent.
E196::mangan,Sikkim,Mangan,OK,matched,geoBoundaries/gbOpen/IND/ADM2/2021@8bef6929fd65432e7dc775e7c44473e84efff064ebddbfd6b834e6291546db40,76128533B65820903826030,reviewed_alias,2021.0,False,https://sikkim.nic.in/district-centres/,"District identity matched; 2021 reference geometry, NOT event-year boundary equivalence. No parent substitution.","District identity matched; 2021 reference geometry, NOT event-year boundary equivalence. No parent substitution."
E197::gomati,Tripura,Gomati,OK,matched,geoBoundaries/gbOpen/IND/ADM2/2021@8bef6929fd65432e7dc775e7c44473e84efff064ebddbfd6b834e6291546db40,76128533B94126463611805,exact_or_spacing,2021.0,False,https://www.geoboundaries.org/api/current/gbOpen/IND/ADM2/,"District identity matched; 2021 reference geometry, NOT event-year boundary equivalence. No parent substitution.","District identity matched; 2021 reference geometry, NOT event-year boundary equivalence. No parent substitution."
E197::khowai,Tripura,Khowai,OK,matched,geoBoundaries/gbOpen/IND/ADM2/2021@8bef6929fd65432e7dc775e7c44473e84efff064ebddbfd6b834e6291546db40,76128533B67044589012853,exact_or_spacing,2021.0,False,https://www.geoboundaries.org/api/current/gbOpen/IND/ADM2/,"District identity matched; 2021 reference geometry, NOT event-year boundary equivalence. No parent substitution.","District identity matched; 2021 reference geometry, NOT event-year boundary equivalence. No parent substitution."
E197::unakoti,Tripura,Unakoti,OK,matched,geoBoundaries/gbOpen/IND/ADM2/2021@8bef6929fd65432e7dc775e7c44473e84efff064ebddbfd6b834e6291546db40,76128533B4720703924950,reviewed_alias,2021.0,False,https://www.geoboundaries.org/api/current/gbOpen/IND/ADM2/,"District identity matched; 2021 reference geometry, NOT event-year boundary equivalence. No parent substitution.","District identity matched; 2021 reference geometry, NOT event-year boundary equivalence. No parent substitution."
E200::kishtwar,Jammu and Kashmir,Kishtwar,OK,matched,geoBoundaries/gbOpen/IND/ADM2/2021@8bef6929fd65432e7dc775e7c44473e84efff064ebddbfd6b834e6291546db40,76128533B20458430922604,exact_or_spacing,2021.0,False,https://www.geoboundaries.org/api/current/gbOpen/IND/ADM2/,"District identity matched; 2021 reference geometry, NOT event-year boundary equivalence. No parent substitution.","District identity matched; 2021 reference geometry, NOT event-year boundary equivalence. No parent substitution."
E201::fazilka,Punjab,Fazilka,OK,matched,geoBoundaries/gbOpen/IND/ADM2/2021@8bef6929fd65432e7dc775e7c44473e84efff064ebddbfd6b834e6291546db40,76128533B7291413308870,exact_or_spacing,2021.0,False,https://www.geoboundaries.org/api/current/gbOpen/IND/ADM2/,"District identity matched; 2021 reference geometry, NOT event-year boundary equivalence. No parent substitution.","District identity matched; 2021 reference geometry, NOT event-year boundary equivalence. No parent substitution."
E201::pathankot,Punjab,Pathankot,OK,matched,geoBoundaries/gbOpen/IND/ADM2/2021@8bef6929fd65432e7dc775e7c44473e84efff064ebddbfd6b834e6291546db40,76128533B19630094725383,exact_or_spacing,2021.0,False,https://www.geoboundaries.org/api/current/gbOpen/IND/ADM2/,"District identity matched; 2021 reference geometry, NOT event-year boundary equivalence. No parent substitution.","District identity matched; 2021 reference geometry, NOT event-year boundary equivalence. No parent substitution."
E201::sri%20muktsar%20sahib,Punjab,Sri Muktsar Sahib,OK,matched,geoBoundaries/gbOpen/IND/ADM2/2021@8bef6929fd65432e7dc775e7c44473e84efff064ebddbfd6b834e6291546db40,76128533B50184713016881,census_label_alias,2021.0,False,https://censusindia.gov.in/nada/index.php/catalog/42557,"District identity matched; 2021 reference geometry, NOT event-year boundary equivalence. No parent substitution.","District identity matched; 2021 reference geometry, NOT event-year boundary equivalence. No parent substitution."
E203::east%20champaran,Bihar,East Champaran,OK,matched,geoBoundaries/gbOpen/IND/ADM2/2021@8bef6929fd65432e7dc775e7c44473e84efff064ebddbfd6b834e6291546db40,76128533B49017555803526,census_label_alias,2021.0,False,https://censusindia.gov.in/nada/index.php/catalog/42557,"District identity matched; 2021 reference geometry, NOT event-year boundary equivalence. No parent substitution.","District identity matched; 2021 reference geometry, NOT event-year boundary equivalence. No parent substitution."
E203::west%20champaran,Bihar,West Champaran,OK,matched,geoBoundaries/gbOpen/IND/ADM2/2021@8bef6929fd65432e7dc775e7c44473e84efff064ebddbfd6b834e6291546db40,76128533B17762399278073,census_label_alias,2021.0,False,https://censusindia.gov.in/nada/index.php/catalog/42557,"District identity matched; 2021 reference geometry, NOT event-year boundary equivalence. No parent substitution.","District identity matched; 2021 reference geometry, NOT event-year boundary equivalence. No parent substitution."
E204::cooch%20behar,West Bengal,Cooch Behar,OK,matched,geoBoundaries/gbOpen/IND/ADM2/2021@8bef6929fd65432e7dc775e7c44473e84efff064ebddbfd6b834e6291546db40,76128533B64156747739715,census_label_alias,2021.0,False,https://censusindia.gov.in/nada/index.php/catalog/42557,"District identity matched; 2021 reference geometry, NOT event-year boundary equivalence. No parent substitution.","District identity matched; 2021 reference geometry, NOT event-year boundary equivalence. No parent substitution."
E204::alipurduar,West Bengal,Alipurduar,OK,matched,geoBoundaries/gbOpen/IND/ADM2/2021@8bef6929fd65432e7dc775e7c44473e84efff064ebddbfd6b834e6291546db40,76128533B23858286755005,exact_or_spacing,2021.0,False,https://www.geoboundaries.org/api/current/gbOpen/IND/ADM2/,"District identity matched; 2021 reference geometry, NOT event-year boundary equivalence. No parent substitution.","District identity matched; 2021 reference geometry, NOT event-year boundary equivalence. No parent substitution."
E204::darjeeling,West Bengal,Darjeeling,OK,matched,geoBoundaries/gbOpen/IND/ADM2/2021@8bef6929fd65432e7dc775e7c44473e84efff064ebddbfd6b834e6291546db40,76128533B17109302371020,reviewed_alias,2021.0,False,https://www.geoboundaries.org/api/current/gbOpen/IND/ADM2/,"District identity matched; 2021 reference geometry, NOT event-year boundary equivalence. No parent substitution.","District identity matched; 2021 reference geometry, NOT event-year boundary equivalence. No parent substitution."
E204::kalimpong,West Bengal,Kalimpong,OK,matched,geoBoundaries/gbOpen/IND/ADM2/2021@8bef6929fd65432e7dc775e7c44473e84efff064ebddbfd6b834e6291546db40,76128533B78458325839103,exact_or_spacing,2021.0,False,https://www.geoboundaries.org/api/current/gbOpen/IND/ADM2/,"District identity matched; 2021 reference geometry, NOT event-year boundary equivalence. No parent substitution.","District identity matched; 2021 reference geometry, NOT event-year boundary equivalence. No parent substitution."
