event_district_id,event_id,source_record_id,start_date,state,district,flood_area_km2,flood_ratio,aoi_area_km2,satellite_source,satellite_status,district_match_status,geometry_id,aoi_match_status,analysis_observation_status,route_reason,cloud_pct,otsu_fallback_used,s1_orbit,eligible_km2,flood_ratio_eligible,sits_status,converter_decision,legacy_flood_area_km2,legacy_satellite_source,spec_version
E001::anantnag,E001,2015-0107-IND,2015-03-20,Jammu and Kashmir,Anantnag,,,2744.7027110021554,NONE,missing,matched,76128533B6393836306469,matched,missing,,,,,,,,,,NONE,
E001::bandipora,E001,2015-0107-IND,2015-03-20,Jammu and Kashmir,Bandipora,,,2983.0559101126523,NONE,missing,matched,76128533B41744580856133,matched,missing,,,,,,,,,,NONE,
E001::baramulla,E001,2015-0107-IND,2015-03-20,Jammu and Kashmir,Baramulla,,,1957.959792898658,NONE,missing,matched,76128533B15567489974292,matched,missing,,,,,,,,,,NONE,
E001::budgam,E001,2015-0107-IND,2015-03-20,Jammu and Kashmir,Budgam,,,1130.5904895316958,NONE,missing,matched,76128533B88214376170788,matched,missing,,,,,,,,,,NONE,
E001::ganderbal,E001,2015-0107-IND,2015-03-20,Jammu and Kashmir,Ganderbal,,,1447.3294234807574,NONE,missing,matched,76128533B20504715877560,matched,missing,,,,,,,,,,NONE,
E001::pulwama,E001,2015-0107-IND,2015-03-20,Jammu and Kashmir,Pulwama,,,828.2463390233863,NONE,missing,matched,76128533B74958462315105,matched,missing,,,,,,,,,,NONE,
E001::shopian,E001,2015-0107-IND,2015-03-20,Jammu and Kashmir,Shopian,,,453.0644785617448,NONE,missing,matched,76128533B37825396764028,matched,missing,,,,,,,,,,NONE,
E001::srinagar,E001,2015-0107-IND,2015-03-20,Jammu and Kashmir,Srinagar,,,512.8831127978173,NONE,missing,matched,76128533B32249045995424,matched,missing,,,,,,,,,,NONE,
E002::virudhunagar,E002,2015-0207-IND,2015-05-17,Tamil Nadu,Virudhunagar,,,4306.978436820998,NONE,missing,matched,17869.0,matched,missing,,,,,,,,,,NONE,
E003::amreli,E003,2015-0249-IND,2015-06-19,Gujarat,Amreli,,,7335.055339616136,NONE,missing,matched,17636.0,matched,missing,,,,,,,,,,NONE,
E003::morbi,E003,2015-0249-IND,2015-06-19,Gujarat,Morbi,,,4845.388822156085,NONE,missing,matched,76128533B2080752988715,matched,missing,,,,,,,,,,NONE,
E003::rajkot,E003,2015-0249-IND,2015-06-19,Gujarat,Rajkot,,,11175.751593133718,NONE,missing,matched,17647.0,matched,missing,,,,,,,,,,NONE,
E003::surat,E003,2015-0249-IND,2015-06-19,Gujarat,Surat,,,7486.82173633887,NONE,missing,matched,17649.0,matched,missing,,,,,,,,,,NONE,
E003::tapi,E003,2015-0249-IND,2015-06-19,Gujarat,Tapi,,,3222.2181213994645,NONE,missing,matched,76128533B12519626815499,matched,missing,,,,,,,,,,NONE,
E004::mumbai%20city,E004,2015-0249-IND,2015-06-19,Maharashtra,Mumbai City,,,77.22400864672608,NONE,missing,matched,70184.0,matched,missing,,,,,,,,,,NONE,
E004::mumbai%20suburban,E004,2015-0249-IND,2015-06-19,Maharashtra,Mumbai Suburban,,,409.3994670782586,NONE,missing,matched,70183.0,matched,missing,,,,,,,,,,NONE,
E004::palghar,E004,2015-0249-IND,2015-06-19,Maharashtra,Palghar,,,5355.281971403595,NONE,missing,matched,76128533B37148244536449,matched,missing,,,,,,,,,,NONE,
E004::thane,E004,2015-0249-IND,2015-06-19,Maharashtra,Thane,,,9454.897228160951,NONE,missing,matched,17783.0,matched,missing,,,,,,,,,,NONE,
E005::darjeeling,E005,2015-0253-IND,2015-06-23,West Bengal,Darjeeling,,,2082.4452472301264,NONE,missing,matched,76128533B17109302371020,matched,missing,,,,,,,,,,NONE,
E008::kullu,E008,2015-0333-IND,2015-07-07,Himachal Pradesh,Kullu,,,5505.982355912866,NONE,missing,matched,17671.0,matched,missing,,,,,,,,,,NONE,
E008::mandi,E008,2015-0333-IND,2015-07-07,Himachal Pradesh,Mandi,,,3951.2717684747336,NONE,missing,matched,17673.0,matched,missing,,,,,,,,,,NONE,
E009::anantnag,E009,2015-0333-IND,2015-07-07,Jammu and Kashmir,Anantnag,,,2744.702711002116,NONE,missing,matched,76128533B6393836306469,matched,missing,,,,,,,,,,NONE,
E010::barnala,E010,2015-0333-IND,2015-07-07,Punjab,Barnala,,,1406.539382498226,NONE,missing,matched,76128533B39051871473194,matched,missing,,,,,,,,,,NONE,
E012::barabanki,E012,2015-0333-IND,2015-07-07,Uttar Pradesh,Barabanki,,,4440.0005417469865,NONE,missing,matched,17896.0,matched,missing,,,,,,,,,,NONE,
E013::nainital,E013,2015-0333-IND,2015-07-07,Uttarakhand,Nainital,,,4068.963433579816,NONE,missing,matched,70285.0,matched,missing,,,,,,,,,,NONE,
E014::east%20kameng,E014,2015-0413-IND,2015-07-14,Arunachal Pradesh,East Kameng,,,4466.180297949177,NONE,missing,matched,76128533B76129461078086,matched,missing,,,,,,,,,,NONE,
E015::dhemaji,E015,2015-0413-IND,2015-07-14,Assam,Dhemaji,,,2503.3476339074205,NONE,missing,matched,70087.0,matched,missing,,,,,,,,,,NONE,
E015::kokrajhar,E015,2015-0413-IND,2015-07-14,Assam,Kokrajhar,,,3329.2233881813268,NONE,missing,matched,70090.0,matched,missing,,,,,,,,,,NONE,
E015::lakhimpur,E015,2015-0413-IND,2015-07-14,Assam,Lakhimpur,,,2886.5239581816727,NONE,missing,matched,70091.0,matched,missing,,,,,,,,,,NONE,
E015::sonitpur,E015,2015-0413-IND,2015-07-14,Assam,Sonitpur,,,4676.158375740257,NONE,missing,matched,17593.0,matched,missing,,,,,,,,,,NONE,
E016::baksa,E016,2015-0317-IND,2015-07-15,Assam,Baksa,,,2398.6209171216783,NONE,missing,matched,76128533B8221925175605,matched,missing,,,,,,,,,,NONE,
E016::barpeta,E016,2015-0317-IND,2015-07-15,Assam,Barpeta,,,3253.622989828742,NONE,missing,matched,17576.0,matched,missing,,,,,,,,,,NONE,
E016::bongaigaon,E016,2015-0317-IND,2015-07-15,Assam,Bongaigaon,,,2332.582799042809,NONE,missing,matched,70086.0,matched,missing,,,,,,,,,,NONE,
E016::cachar,E016,2015-0317-IND,2015-07-15,Assam,Cachar,,,3806.329961738336,NONE,missing,matched,17577.0,matched,missing,,,,,,,,,,NONE,
E016::darrang,E016,2015-0317-IND,2015-07-15,Assam,Darrang,,,3426.9679336953163,NONE,missing,matched,17578.0,matched,missing,,,,,,,,,,NONE,
E016::dhemaji,E016,2015-0317-IND,2015-07-15,Assam,Dhemaji,,,2503.3476339074205,NONE,missing,matched,70087.0,matched,missing,,,,,,,,,,NONE,
E016::dhubri,E016,2015-0317-IND,2015-07-15,Assam,Dhubri,,,1790.280077462252,NONE,missing,matched,76128533B25835998628545,matched,missing,,,,,,,,,,NONE,
E016::dibrugarh,E016,2015-0317-IND,2015-07-15,Assam,Dibrugarh,,,3397.4818067287138,NONE,missing,matched,17580.0,matched,missing,,,,,,,,,,NONE,
E016::goalpara,E016,2015-0317-IND,2015-07-15,Assam,Goalpara,,,1904.60564716237,NONE,missing,matched,17581.0,matched,missing,,,,,,,,,,NONE,
E016::jorhat,E016,2015-0317-IND,2015-07-15,Assam,Jorhat,,,2842.716884638612,NONE,missing,matched,70089.0,matched,missing,,,,,,,,,,NONE,
E016::kamrup,E016,2015-0317-IND,2015-07-15,Assam,Kamrup,,,4348.6225796054405,NONE,missing,matched,17583.0,matched,missing,,,,,,,,,,NONE,
E016::karbi%20anglong,E016,2015-0317-IND,2015-07-15,Assam,Karbi Anglong,,,10446.406497647093,NONE,missing,matched,17584.0,matched,missing,,,,,,,,,,NONE,
E016::kokrajhar,E016,2015-0317-IND,2015-07-15,Assam,Kokrajhar,,,3329.2233881813268,NONE,missing,matched,70090.0,matched,missing,,,,,,,,,,NONE,
E016::lakhimpur,E016,2015-0317-IND,2015-07-15,Assam,Lakhimpur,,,2886.5239581816727,NONE,missing,matched,70091.0,matched,missing,,,,,,,,,,NONE,
E016::morigaon,E016,2015-0317-IND,2015-07-15,Assam,Morigaon,,,1508.3262903435684,NONE,missing,matched,76128533B17968019348564,matched,missing,,,,,,,,,,NONE,
E016::nagaon,E016,2015-0317-IND,2015-07-15,Assam,Nagaon,,,3997.4423095607103,NONE,missing,matched,17589.0,matched,missing,,,,,,,,,,NONE,
E016::nalbari,E016,2015-0317-IND,2015-07-15,Assam,Nalbari,,,2339.8796955273547,NONE,missing,matched,17590.0,matched,missing,,,,,,,,,,NONE,
E016::sonitpur,E016,2015-0317-IND,2015-07-15,Assam,Sonitpur,,,4676.158375740257,NONE,missing,matched,17593.0,matched,missing,,,,,,,,,,NONE,
E016::tinsukia,E016,2015-0317-IND,2015-07-15,Assam,Tinsukia,,,3799.190193815676,NONE,missing,matched,70093.0,matched,missing,,,,,,,,,,NONE,
E016::udalguri,E016,2015-0317-IND,2015-07-15,Assam,Udalguri,,,2056.2913712488325,NONE,missing,matched,76128533B20307518801538,matched,missing,,,,,,,,,,NONE,
E017::banaskantha,E017,2015-0317-IND,2015-07-15,Gujarat,Banaskantha,,,10638.731207971712,NONE,missing,matched,17637.0,matched,missing,,,,,,,,,,NONE,
E017::kutch,E017,2015-0317-IND,2015-07-15,Gujarat,Kutch,,,42739.022712293714,NONE,missing,matched,76128533B91881382098572,matched,missing,,,,,,,,,,NONE,
E017::patan,E017,2015-0317-IND,2015-07-15,Gujarat,Patan,,,6017.262722245363,NONE,missing,matched,70129.0,matched,missing,,,,,,,,,,NONE,
E019::bishnupur,E019,2015-0317-IND,2015-07-15,Manipur,Bishnupur,,,481.84963420103696,NONE,missing,matched,70188.0,matched,missing,,,,,,,,,,NONE,
E019::chandel,E019,2015-0317-IND,2015-07-15,Manipur,Chandel,,,3203.022279023179,NONE,missing,matched,70189.0,matched,missing,,,,,,,,,,NONE,
E019::churachandpur,E019,2015-0317-IND,2015-07-15,Manipur,Churachandpur,,,4763.149584333486,NONE,missing,matched,70190.0,matched,missing,,,,,,,,,,NONE,
E019::jiribam,E019,2015-0317-IND,2015-07-15,Manipur,Jiribam,,,146.20809022147196,NONE,missing,matched,76128533B64881202564500,matched,missing,,,,,,,,,,NONE,
E019::thoubal,E019,2015-0317-IND,2015-07-15,Manipur,Thoubal,,,715.5847965133187,NONE,missing,matched,70194.0,matched,missing,,,,,,,,,,NONE,
E019::ukhrul,E019,2015-0317-IND,2015-07-15,Manipur,Ukhrul,,,4426.124966872591,NONE,missing,matched,70195.0,matched,missing,,,,,,,,,,NONE,
E020::balasore,E020,2015-0317-IND,2015-07-15,Odisha,Balasore,,,3677.371422806349,NONE,missing,matched,76128533B81147724102706,matched,missing,,,,,,,,,,NONE,
E020::bhadrak,E020,2015-0317-IND,2015-07-15,Odisha,Bhadrak,,,2454.2507276454426,NONE,missing,matched,70209.0,matched,missing,,,,,,,,,,NONE,
E020::deogarh,E020,2015-0317-IND,2015-07-15,Odisha,Deogarh,,,2821.6464871491025,NONE,missing,matched,70212.0,matched,missing,,,,,,,,,,NONE,
E020::jajpur,E020,2015-0317-IND,2015-07-15,Odisha,Jajpur,,,2911.772767533447,NONE,missing,matched,70215.0,matched,missing,,,,,,,,,,NONE,
E020::jharsuguda,E020,2015-0317-IND,2015-07-15,Odisha,Jharsuguda,,,2125.859964241697,NONE,missing,matched,70216.0,matched,missing,,,,,,,,,,NONE,
E020::keonjhar,E020,2015-0317-IND,2015-07-15,Odisha,Keonjhar,,,8345.992035086878,NONE,missing,matched,17813.0,matched,missing,,,,,,,,,,NONE,
E020::mayurbhanj,E020,2015-0317-IND,2015-07-15,Odisha,Mayurbhanj,,,10478.47816152713,NONE,missing,matched,17816.0,matched,missing,,,,,,,,,,NONE,
E021::baran,E021,2015-0317-IND,2015-07-15,Rajasthan,Baran,,,6837.623843421029,NONE,missing,matched,70236.0,matched,missing,,,,,,,,,,NONE,
E021::barmer,E021,2015-0317-IND,2015-07-15,Rajasthan,Barmer,,,28422.68727445841,NONE,missing,matched,17837.0,matched,missing,,,,,,,,,,NONE,
E021::dungarpur,E021,2015-0317-IND,2015-07-15,Rajasthan,Dungarpur,,,3785.079096662621,NONE,missing,matched,17845.0,matched,missing,,,,,,,,,,NONE,
E021::jalore,E021,2015-0317-IND,2015-07-15,Rajasthan,Jalore,,,10759.887698144588,NONE,missing,matched,76128533B59459156188335,matched,missing,,,,,,,,,,NONE,
E021::jhalawar,E021,2015-0317-IND,2015-07-15,Rajasthan,Jhalawar,,,6261.78152754128,NONE,missing,matched,17850.0,matched,missing,,,,,,,,,,NONE,
E021::sirohi,E021,2015-0317-IND,2015-07-15,Rajasthan,Sirohi,,,5146.300422974388,NONE,missing,matched,17858.0,matched,missing,,,,,,,,,,NONE,
E022::alipurduar,E022,2015-0317-IND,2015-07-15,West Bengal,Alipurduar,,,2805.571892812931,NONE,missing,matched,76128533B23858286755005,matched,missing,,,,,,,,,,NONE,
E022::jalpaiguri,E022,2015-0317-IND,2015-07-15,West Bengal,Jalpaiguri,,,6200.341009430311,NONE,missing,matched,17951.0,matched,missing,,,,,,,,,,NONE,
E022::malda,E022,2015-0317-IND,2015-07-15,West Bengal,Malda,,,3569.571917709693,NONE,missing,matched,76128533B36734405131975,matched,missing,,,,,,,,,,NONE,
E023::baksa,E023,2015-0374-IND,2015-08-13,Assam,Baksa,,,2398.6209171216647,NONE,missing,matched,76128533B8221925175605,matched,missing,,,,,,,,,,NONE,
E023::barpeta,E023,2015-0374-IND,2015-08-13,Assam,Barpeta,,,3253.622989828742,NONE,missing,matched,17576.0,matched,missing,,,,,,,,,,NONE,
E023::bongaigaon,E023,2015-0374-IND,2015-08-13,Assam,Bongaigaon,,,2332.582799042809,NONE,missing,matched,70086.0,matched,missing,,,,,,,,,,NONE,
E023::cachar,E023,2015-0374-IND,2015-08-13,Assam,Cachar,,,3806.329961738336,NONE,missing,matched,17577.0,matched,missing,,,,,,,,,,NONE,
E023::darrang,E023,2015-0374-IND,2015-08-13,Assam,Darrang,,,3426.9679336953163,NONE,missing,matched,17578.0,matched,missing,,,,,,,,,,NONE,
E023::dhemaji,E023,2015-0374-IND,2015-08-13,Assam,Dhemaji,,,2503.3476339074205,NONE,missing,matched,70087.0,matched,missing,,,,,,,,,,NONE,
E023::dibrugarh,E023,2015-0374-IND,2015-08-13,Assam,Dibrugarh,,,3397.4818067287138,NONE,missing,matched,17580.0,matched,missing,,,,,,,,,,NONE,
E023::goalpara,E023,2015-0374-IND,2015-08-13,Assam,Goalpara,,,1904.60564716237,NONE,missing,matched,17581.0,matched,missing,,,,,,,,,,NONE,
E023::jorhat,E023,2015-0374-IND,2015-08-13,Assam,Jorhat,,,2842.716884638612,NONE,missing,matched,70089.0,matched,missing,,,,,,,,,,NONE,
E023::kamrup,E023,2015-0374-IND,2015-08-13,Assam,Kamrup,,,4348.6225796054405,NONE,missing,matched,17583.0,matched,missing,,,,,,,,,,NONE,
E023::kokrajhar,E023,2015-0374-IND,2015-08-13,Assam,Kokrajhar,,,3329.2233881813268,NONE,missing,matched,70090.0,matched,missing,,,,,,,,,,NONE,
E023::lakhimpur,E023,2015-0374-IND,2015-08-13,Assam,Lakhimpur,,,2886.5239581816727,NONE,missing,matched,70091.0,matched,missing,,,,,,,,,,NONE,
E023::morigaon,E023,2015-0374-IND,2015-08-13,Assam,Morigaon,,,1508.3262903435707,NONE,missing,matched,76128533B17968019348564,matched,missing,,,,,,,,,,NONE,
E023::nagaon,E023,2015-0374-IND,2015-08-13,Assam,Nagaon,,,3997.4423095607103,NONE,missing,matched,17589.0,matched,missing,,,,,,,,,,NONE,
E023::nalbari,E023,2015-0374-IND,2015-08-13,Assam,Nalbari,,,2339.8796955273547,NONE,missing,matched,17590.0,matched,missing,,,,,,,,,,NONE,
E023::sonitpur,E023,2015-0374-IND,2015-08-13,Assam,Sonitpur,,,4676.158375740257,NONE,missing,matched,17593.0,matched,missing,,,,,,,,,,NONE,
E023::tinsukia,E023,2015-0374-IND,2015-08-13,Assam,Tinsukia,,,3799.190193815676,NONE,missing,matched,70093.0,matched,missing,,,,,,,,,,NONE,
E023::udalguri,E023,2015-0374-IND,2015-08-13,Assam,Udalguri,,,2056.2913712488385,NONE,missing,matched,76128533B20307518801538,matched,missing,,,,,,,,,,NONE,
E024::barpeta,E024,2015-0406-IND,2015-08-28,Assam,Barpeta,,,3253.622989828742,NONE,missing,matched,17576.0,matched,missing,,,,,,,,,,NONE,
E024::bongaigaon,E024,2015-0406-IND,2015-08-28,Assam,Bongaigaon,,,2332.582799042809,NONE,missing,matched,70086.0,matched,missing,,,,,,,,,,NONE,
E024::cachar,E024,2015-0406-IND,2015-08-28,Assam,Cachar,,,3806.329961738336,NONE,missing,matched,17577.0,matched,missing,,,,,,,,,,NONE,
E024::darrang,E024,2015-0406-IND,2015-08-28,Assam,Darrang,,,3426.9679336953163,NONE,missing,matched,17578.0,matched,missing,,,,,,,,,,NONE,
E024::dhemaji,E024,2015-0406-IND,2015-08-28,Assam,Dhemaji,,,2503.3476339074205,NONE,missing,matched,70087.0,matched,missing,,,,,,,,,,NONE,
E024::dibrugarh,E024,2015-0406-IND,2015-08-28,Assam,Dibrugarh,,,3397.4818067287138,NONE,missing,matched,17580.0,matched,missing,,,,,,,,,,NONE,
E024::goalpara,E024,2015-0406-IND,2015-08-28,Assam,Goalpara,,,1904.60564716237,NONE,missing,matched,17581.0,matched,missing,,,,,,,,,,NONE,
E024::jorhat,E024,2015-0406-IND,2015-08-28,Assam,Jorhat,,,2842.716884638612,NONE,missing,matched,70089.0,matched,missing,,,,,,,,,,NONE,
E024::kamrup,E024,2015-0406-IND,2015-08-28,Assam,Kamrup,,,4348.6225796054405,NONE,missing,matched,17583.0,matched,missing,,,,,,,,,,NONE,
E024::kokrajhar,E024,2015-0406-IND,2015-08-28,Assam,Kokrajhar,,,3329.2233881813268,NONE,missing,matched,70090.0,matched,missing,,,,,,,,,,NONE,
E024::lakhimpur,E024,2015-0406-IND,2015-08-28,Assam,Lakhimpur,,,2886.5239581816727,NONE,missing,matched,70091.0,matched,missing,,,,,,,,,,NONE,
E024::morigaon,E024,2015-0406-IND,2015-08-28,Assam,Morigaon,,,1508.3262903435684,NONE,missing,matched,76128533B17968019348564,matched,missing,,,,,,,,,,NONE,
E024::nalbari,E024,2015-0406-IND,2015-08-28,Assam,Nalbari,,,2339.8796955273547,NONE,missing,matched,17590.0,matched,missing,,,,,,,,,,NONE,
E024::sivasagar,E024,2015-0406-IND,2015-08-28,Assam,Sivasagar,,,1526.651765771626,NONE,missing,matched,76128533B21722277889516,matched,missing,,,,,,,,,,NONE,
E024::sonitpur,E024,2015-0406-IND,2015-08-28,Assam,Sonitpur,,,4676.158375740257,NONE,missing,matched,17593.0,matched,missing,,,,,,,,,,NONE,
E024::tinsukia,E024,2015-0406-IND,2015-08-28,Assam,Tinsukia,,,3799.190193815676,NONE,missing,matched,70093.0,matched,missing,,,,,,,,,,NONE,
E025::chittoor,E025,2015-0504-IND,2015-11-08,Andhra Pradesh,Chittoor,,,15225.848296260026,NONE,missing,matched,17549.0,matched,missing,,,,,,,,,,NONE,
E025::nellore,E025,2015-0504-IND,2015-11-08,Andhra Pradesh,Nellore,,,13465.479193999116,NONE,missing,matched,17561.0,matched,missing,,,,,,,,,,NONE,
E025::prakasam,E025,2015-0504-IND,2015-11-08,Andhra Pradesh,Prakasam,,,17855.500293612782,NONE,missing,matched,17563.0,matched,missing,,,,,,,,,,NONE,
E025::ysr%20kadapa,E025,2015-0504-IND,2015-11-08,Andhra Pradesh,YSR Kadapa,,,15070.574780835612,NONE,missing,matched,76128533B72109128179340,matched,missing,,,,,,,,,,NONE,
E026::puducherry,E026,2015-0504-IND,2015-11-08,Puducherry,Puducherry,,,199.99944279980937,NONE,missing,matched,70228.0,matched,missing,,,,,,,,,,NONE,
E027::chennai,E027,2015-0504-IND,2015-11-08,Tamil Nadu,Chennai,,,196.6308822101988,NONE,missing,matched,70242.0,matched,missing,,,,,,,,,,NONE,
E027::cuddalore,E027,2015-0504-IND,2015-11-08,Tamil Nadu,Cuddalore,,,3834.148317022688,NONE,missing,matched,70243.0,matched,missing,,,,,,,,,,NONE,
E027::kancheepuram,E027,2015-0504-IND,2015-11-08,Tamil Nadu,Kancheepuram,,,4692.505223595422,NONE,missing,matched,70244.0,matched,missing,,,,,,,,,,NONE,
E027::nagapattinam,E027,2015-0504-IND,2015-11-08,Tamil Nadu,Nagapattinam,,,4937.704421608838,NONE,missing,matched,70247.0,matched,missing,,,,,,,,,,NONE,
E027::thiruvallur,E027,2015-0504-IND,2015-11-08,Tamil Nadu,Thiruvallur,,,3253.948176231063,NONE,missing,matched,70251.0,matched,missing,,,,,,,,,,NONE,
E027::thiruvarur,E027,2015-0504-IND,2015-11-08,Tamil Nadu,Thiruvarur,,,2285.385478948947,NONE,missing,matched,76128533B45072089356239,matched,missing,,,,,,,,,,NONE,
E027::viluppuram,E027,2015-0504-IND,2015-11-08,Tamil Nadu,Viluppuram,,,3991.6051885927886,NONE,missing,matched,76128533B86430586962522,matched,missing,,,,,,,,,,NONE,
E028::tawang,E028,2016-0139-IND,2016-04-22,Arunachal Pradesh,Tawang,,,2316.1238846718884,NONE,missing,matched,76128533B18668117085772,matched,missing,,,,,,,,,,NONE,
E029::barpeta,E029,2016-0139-IND,2016-04-22,Assam,Barpeta,,,3253.622989828742,NONE,missing,matched,17576.0,matched,missing,,,,,,,,,,NONE,
E029::bongaigaon,E029,2016-0139-IND,2016-04-22,Assam,Bongaigaon,,,2332.582799042809,NONE,missing,matched,70086.0,matched,missing,,,,,,,,,,NONE,
E029::dhemaji,E029,2016-0139-IND,2016-04-22,Assam,Dhemaji,,,2503.3476339074205,NONE,missing,matched,70087.0,matched,missing,,,,,,,,,,NONE,
E029::dhubri,E029,2016-0139-IND,2016-04-22,Assam,Dhubri,,,1790.280077462252,NONE,missing,matched,76128533B25835998628545,matched,missing,,,,,,,,,,NONE,
E029::golaghat,E029,2016-0139-IND,2016-04-22,Assam,Golaghat,,,3532.2679838886856,NONE,missing,matched,17582.0,matched,missing,,,,,,,,,,NONE,
E029::jorhat,E029,2016-0139-IND,2016-04-22,Assam,Jorhat,,,2842.716884638612,NONE,missing,matched,70089.0,matched,missing,,,,,,,,,,NONE,
E029::lakhimpur,E029,2016-0139-IND,2016-04-22,Assam,Lakhimpur,,,2886.5239581816727,NONE,missing,matched,70091.0,matched,missing,,,,,,,,,,NONE,
E030::mokokchung,E030,2016-0139-IND,2016-04-22,Nagaland,Mokokchung,,,1608.6120137611415,NONE,missing,matched,17802.0,matched,missing,,,,,,,,,,NONE,
E030::mon,E030,2016-0139-IND,2016-04-22,Nagaland,Mon,,,2130.495255244007,NONE,missing,matched,17803.0,matched,missing,,,,,,,,,,NONE,
E031::namsai,E031,2016-0239-IND,2016-06-25,Arunachal Pradesh,Namsai,,,1281.1997378272174,NONE,missing,matched,76128533B1875965515331,matched,missing,,,,,,,,,,NONE,
E032::barpeta,E032,2016-0239-IND,2016-06-25,Assam,Barpeta,,,3253.622989828742,NONE,missing,matched,17576.0,matched,missing,,,,,,,,,,NONE,
E032::bongaigaon,E032,2016-0239-IND,2016-06-25,Assam,Bongaigaon,,,2332.582799042809,NONE,missing,matched,70086.0,matched,missing,,,,,,,,,,NONE,
E032::darrang,E032,2016-0239-IND,2016-06-25,Assam,Darrang,,,3426.9679336953163,NONE,missing,matched,17578.0,matched,missing,,,,,,,,,,NONE,
E032::dhemaji,E032,2016-0239-IND,2016-06-25,Assam,Dhemaji,,,2503.3476339074205,NONE,missing,matched,70087.0,matched,missing,,,,,,,,,,NONE,
E032::dhubri,E032,2016-0239-IND,2016-06-25,Assam,Dhubri,,,1790.2800774622651,NONE,missing,matched,76128533B25835998628545,matched,missing,,,,,,,,,,NONE,
E032::goalpara,E032,2016-0239-IND,2016-06-25,Assam,Goalpara,,,1904.60564716237,NONE,missing,matched,17581.0,matched,missing,,,,,,,,,,NONE,
E032::golaghat,E032,2016-0239-IND,2016-06-25,Assam,Golaghat,,,3532.2679838886856,NONE,missing,matched,17582.0,matched,missing,,,,,,,,,,NONE,
E032::jorhat,E032,2016-0239-IND,2016-06-25,Assam,Jorhat,,,2842.716884638612,NONE,missing,matched,70089.0,matched,missing,,,,,,,,,,NONE,
E032::lakhimpur,E032,2016-0239-IND,2016-06-25,Assam,Lakhimpur,,,2886.5239581816727,NONE,missing,matched,70091.0,matched,missing,,,,,,,,,,NONE,
E032::morigaon,E032,2016-0239-IND,2016-06-25,Assam,Morigaon,,,1508.3262903435707,NONE,missing,matched,76128533B17968019348564,matched,missing,,,,,,,,,,NONE,
E032::sonitpur,E032,2016-0239-IND,2016-06-25,Assam,Sonitpur,,,4676.158375740257,NONE,missing,matched,17593.0,matched,missing,,,,,,,,,,NONE,
E033::chamoli,E033,2016-0239-IND,2016-06-25,Uttarakhand,Chamoli,,,7838.316284013912,NONE,missing,matched,70282.0,matched,missing,,,,,,,,,,NONE,
E033::pithoragarh,E033,2016-0239-IND,2016-06-25,Uttarakhand,Pithoragarh,,,7209.480621522472,NONE,missing,matched,17932.0,matched,missing,,,,,,,,,,NONE,
E034::agar%20malwa,E034,2016-0276-IND,2016-07-09,Madhya Pradesh,Agar Malwa,,,2762.084548398019,NONE,missing,matched,76128533B29721759389119,matched,missing,,,,,,,,,,NONE,
E034::bhopal,E034,2016-0276-IND,2016-07-09,Madhya Pradesh,Bhopal,,,2728.200542472355,NONE,missing,matched,17716.0,matched,missing,,,,,,,,,,NONE,
E034::damoh,E034,2016-0276-IND,2016-07-09,Madhya Pradesh,Damoh,,,7370.294062152793,NONE,missing,matched,17720.0,matched,missing,,,,,,,,,,NONE,
E034::harda,E034,2016-0276-IND,2016-07-09,Madhya Pradesh,Harda,,,3323.033941847883,NONE,missing,matched,70173.0,matched,missing,,,,,,,,,,NONE,
E034::hoshangabad,E034,2016-0276-IND,2016-07-09,Madhya Pradesh,Hoshangabad,,,6725.4630131948015,NONE,missing,matched,17728.0,matched,missing,,,,,,,,,,NONE,
E034::jabalpur,E034,2016-0276-IND,2016-07-09,Madhya Pradesh,Jabalpur,,,4021.328036682537,NONE,missing,matched,17730.0,matched,missing,,,,,,,,,,NONE,
E034::mandla,E034,2016-0276-IND,2016-07-09,Madhya Pradesh,Mandla,,,6789.128068652252,NONE,missing,matched,17732.0,matched,missing,,,,,,,,,,NONE,
E034::panna,E034,2016-0276-IND,2016-07-09,Madhya Pradesh,Panna,,,7129.189669540547,NONE,missing,matched,17736.0,matched,missing,,,,,,,,,,NONE,
E034::raisen,E034,2016-0276-IND,2016-07-09,Madhya Pradesh,Raisen,,,8515.574877211904,NONE,missing,matched,17739.0,matched,missing,,,,,,,,,,NONE,
E034::rewa,E034,2016-0276-IND,2016-07-09,Madhya Pradesh,Rewa,,,6327.703909411602,NONE,missing,matched,17743.0,matched,missing,,,,,,,,,,NONE,
E034::sagar,E034,2016-0276-IND,2016-07-09,Madhya Pradesh,Sagar,,,10275.828536821178,NONE,missing,matched,17744.0,matched,missing,,,,,,,,,,NONE,
E034::satna,E034,2016-0276-IND,2016-07-09,Madhya Pradesh,Satna,,,7518.918005922663,NONE,missing,matched,17745.0,matched,missing,,,,,,,,,,NONE,
E034::sehore,E034,2016-0276-IND,2016-07-09,Madhya Pradesh,Sehore,,,6579.04852795314,NONE,missing,matched,17746.0,matched,missing,,,,,,,,,,NONE,
E034::seoni,E034,2016-0276-IND,2016-07-09,Madhya Pradesh,Seoni,,,8779.066238181113,NONE,missing,matched,17747.0,matched,missing,,,,,,,,,,NONE,
E034::shajapur,E034,2016-0276-IND,2016-07-09,Madhya Pradesh,Shajapur,,,6306.521423633077,NONE,missing,matched,17749.0,matched,missing,,,,,,,,,,NONE,
E034::tikamgarh,E034,2016-0276-IND,2016-07-09,Madhya Pradesh,Tikamgarh,,,5076.989379004398,NONE,missing,matched,17753.0,matched,missing,,,,,,,,,,NONE,
E034::vidisha,E034,2016-0276-IND,2016-07-09,Madhya Pradesh,Vidisha,,,7319.58909257645,NONE,missing,matched,17755.0,matched,missing,,,,,,,,,,NONE,
E035::araria,E035,2016-0271-IND,2016-07-15,Bihar,Araria,,,2825.348194194397,NONE,missing,matched,70094.0,matched,missing,,,,,,,,,,NONE,
E035::bhagalpur,E035,2016-0271-IND,2016-07-15,Bihar,Bhagalpur,,,2565.58862494004,NONE,missing,matched,17596.0,matched,missing,,,,,,,,,,NONE,
E035::darbhanga,E035,2016-0271-IND,2016-07-15,Bihar,Darbhanga,,,2293.727225126986,NONE,missing,matched,17598.0,matched,missing,,,,,,,,,,NONE,
E035::gopalganj,E035,2016-0271-IND,2016-07-15,Bihar,Gopalganj,,,2044.660708589624,NONE,missing,matched,17604.0,matched,missing,,,,,,,,,,NONE,
E035::katihar,E035,2016-0271-IND,2016-07-15,Bihar,Katihar,,,3068.3721590224136,NONE,missing,matched,17608.0,matched,missing,,,,,,,,,,NONE,
E035::khagaria,E035,2016-0271-IND,2016-07-15,Bihar,Khagaria,,,1494.410012910706,NONE,missing,matched,17609.0,matched,missing,,,,,,,,,,NONE,
E035::kishanganj,E035,2016-0271-IND,2016-07-15,Bihar,Kishanganj,,,1932.7539351616576,NONE,missing,matched,70100.0,matched,missing,,,,,,,,,,NONE,
E035::madhepura,E035,2016-0271-IND,2016-07-15,Bihar,Madhepura,,,1841.8576584602,NONE,missing,matched,17612.0,matched,missing,,,,,,,,,,NONE,
E035::muzaffarpur,E035,2016-0271-IND,2016-07-15,Bihar,Muzaffarpur,,,3192.441978127565,NONE,missing,matched,17613.0,matched,missing,,,,,,,,,,NONE,
E035::purnea,E035,2016-0271-IND,2016-07-15,Bihar,Purnea,,,3170.4644351487336,NONE,missing,matched,76128533B32499449492865,matched,missing,,,,,,,,,,NONE,
E035::saharsa,E035,2016-0271-IND,2016-07-15,Bihar,Saharsa,,,1692.2702412487936,NONE,missing,matched,17624.0,matched,missing,,,,,,,,,,NONE,
E035::supaul,E035,2016-0271-IND,2016-07-15,Bihar,Supaul,,,2399.2927702222696,NONE,missing,matched,70104.0,matched,missing,,,,,,,,,,NONE,
E036::bahraich,E036,2016-0271-IND,2016-07-15,Uttar Pradesh,Bahraich,,,3705.0099637131552,NONE,missing,matched,17893.0,matched,missing,,,,,,,,,,NONE,
E036::ballia,E036,2016-0271-IND,2016-07-15,Uttar Pradesh,Ballia,,,3013.8054759791835,NONE,missing,matched,17894.0,matched,missing,,,,,,,,,,NONE,
E036::banda,E036,2016-0271-IND,2016-07-15,Uttar Pradesh,Banda,,,4528.7470438726,NONE,missing,matched,17895.0,matched,missing,,,,,,,,,,NONE,
E036::barabanki,E036,2016-0271-IND,2016-07-15,Uttar Pradesh,Barabanki,,,4440.0005417469865,NONE,missing,matched,17896.0,matched,missing,,,,,,,,,,NONE,
E036::basti,E036,2016-0271-IND,2016-07-15,Uttar Pradesh,Basti,,,2522.0744554746907,NONE,missing,matched,17898.0,matched,missing,,,,,,,,,,NONE,
E036::ghazipur,E036,2016-0271-IND,2016-07-15,Uttar Pradesh,Ghazipur,,,3392.663587484302,NONE,missing,matched,17912.0,matched,missing,,,,,,,,,,NONE,
E036::jalaun,E036,2016-0271-IND,2016-07-15,Uttar Pradesh,Jalaun,,,4572.286607377707,NONE,missing,matched,17917.0,matched,missing,,,,,,,,,,NONE,
E036::kushinagar,E036,2016-0271-IND,2016-07-15,Uttar Pradesh,Kushinagar,,,2893.16087554316,NONE,missing,matched,70271.0,matched,missing,,,,,,,,,,NONE,
E036::lakhimpur%20kheri,E036,2016-0271-IND,2016-07-15,Uttar Pradesh,Lakhimpur Kheri,,,7708.742992388735,NONE,missing,matched,17921.0,matched,missing,,,,,,,,,,NONE,
E036::mirzapur,E036,2016-0271-IND,2016-07-15,Uttar Pradesh,Mirzapur,,,4526.889753258701,NONE,missing,matched,17927.0,matched,missing,,,,,,,,,,NONE,
E036::pilibhit,E036,2016-0271-IND,2016-07-15,Uttar Pradesh,Pilibhit,,,3594.1579683602813,NONE,missing,matched,17931.0,matched,missing,,,,,,,,,,NONE,
E036::prayagraj,E036,2016-0271-IND,2016-07-15,Uttar Pradesh,Prayagraj,,,5474.710258122264,NONE,missing,matched,76128533B51368558457506,matched,missing,,,,,,,,,,NONE,
E036::siddharthnagar,E036,2016-0271-IND,2016-07-15,Uttar Pradesh,Siddharthnagar,,,3492.6137371813147,NONE,missing,matched,70278.0,matched,missing,,,,,,,,,,NONE,
E036::varanasi,E036,2016-0271-IND,2016-07-15,Uttar Pradesh,Varanasi,,,1554.288127138641,NONE,missing,matched,17943.0,matched,missing,,,,,,,,,,NONE,
E037::golaghat,E037,2016-0554-IND,2016-07-17,Assam,Golaghat,,,3532.2679838886856,NONE,missing,matched,17582.0,matched,missing,,,,,,,,,,NONE,
E037::jorhat,E037,2016-0554-IND,2016-07-17,Assam,Jorhat,,,2842.716884638612,NONE,missing,matched,70089.0,matched,missing,,,,,,,,,,NONE,
E038::barpeta,E038,2016-0267-IND,2016-07-28,Assam,Barpeta,,,3253.622989828742,NONE,missing,matched,17576.0,matched,missing,,,,,,,,,,NONE,
E038::bongaigaon,E038,2016-0267-IND,2016-07-28,Assam,Bongaigaon,,,2332.582799042809,NONE,missing,matched,70086.0,matched,missing,,,,,,,,,,NONE,
E038::darrang,E038,2016-0267-IND,2016-07-28,Assam,Darrang,,,3426.9679336953163,NONE,missing,matched,17578.0,matched,missing,,,,,,,,,,NONE,
E038::dhubri,E038,2016-0267-IND,2016-07-28,Assam,Dhubri,,,1790.280077462252,NONE,missing,matched,76128533B25835998628545,matched,missing,,,,,,,,,,NONE,
E038::goalpara,E038,2016-0267-IND,2016-07-28,Assam,Goalpara,,,1904.60564716237,NONE,missing,matched,17581.0,matched,missing,,,,,,,,,,NONE,
E038::golaghat,E038,2016-0267-IND,2016-07-28,Assam,Golaghat,,,3532.2679838886856,NONE,missing,matched,17582.0,matched,missing,,,,,,,,,,NONE,
E038::jorhat,E038,2016-0267-IND,2016-07-28,Assam,Jorhat,,,2842.716884638612,NONE,missing,matched,70089.0,matched,missing,,,,,,,,,,NONE,
E038::lakhimpur,E038,2016-0267-IND,2016-07-28,Assam,Lakhimpur,,,2886.5239581816727,NONE,missing,matched,70091.0,matched,missing,,,,,,,,,,NONE,
E038::morigaon,E038,2016-0267-IND,2016-07-28,Assam,Morigaon,,,1508.3262903435707,NONE,missing,matched,76128533B17968019348564,matched,missing,,,,,,,,,,NONE,
E038::nalbari,E038,2016-0267-IND,2016-07-28,Assam,Nalbari,,,2339.8796955273547,NONE,missing,matched,17590.0,matched,missing,,,,,,,,,,NONE,
E039::chhota%20udaipur,E039,2016-0304-IND,2016-08-01,Gujarat,Chhota Udaipur,,,3474.27393700534,NONE,missing,matched,76128533B69417260894674,matched,missing,,,,,,,,,,NONE,
E039::navsari,E039,2016-0304-IND,2016-08-01,Gujarat,Navsari,,,2097.600482441035,NONE,missing,matched,70127.0,matched,missing,,,,,,,,,,NONE,
E039::surat,E039,2016-0304-IND,2016-08-01,Gujarat,Surat,,,7486.82173633887,NONE,missing,matched,17649.0,matched,missing,,,,,,,,,,NONE,
E039::tapi,E039,2016-0304-IND,2016-08-01,Gujarat,Tapi,,,3222.218121399561,NONE,missing,matched,76128533B12519626815499,matched,missing,,,,,,,,,,NONE,
E039::vadodara,E039,2016-0304-IND,2016-08-01,Gujarat,Vadodara,,,7758.226506800483,NONE,missing,matched,17652.0,matched,missing,,,,,,,,,,NONE,
E039::valsad,E039,2016-0304-IND,2016-08-01,Gujarat,Valsad,,,3025.875446392478,NONE,missing,matched,17653.0,matched,missing,,,,,,,,,,NONE,
E040::kolhapur,E040,2016-0304-IND,2016-08-01,Maharashtra,Kolhapur,,,7680.572392490604,NONE,missing,matched,17769.0,matched,missing,,,,,,,,,,NONE,
E040::nashik,E040,2016-0304-IND,2016-08-01,Maharashtra,Nashik,,,15554.167322451072,NONE,missing,matched,17773.0,matched,missing,,,,,,,,,,NONE,
E040::palghar,E040,2016-0304-IND,2016-08-01,Maharashtra,Palghar,,,5355.281971404182,NONE,missing,matched,76128533B37148244536449,matched,missing,,,,,,,,,,NONE,
E040::pune,E040,2016-0304-IND,2016-08-01,Maharashtra,Pune,,,15649.899791716924,NONE,missing,matched,17776.0,matched,missing,,,,,,,,,,NONE,
E040::raigarh,E040,2016-0304-IND,2016-08-01,Maharashtra,Raigarh,,,6912.842748779044,NONE,missing,matched,17777.0,matched,missing,,,,,,,,,,NONE,
E040::ratnagiri,E040,2016-0304-IND,2016-08-01,Maharashtra,Ratnagiri,,,8501.126377449938,NONE,missing,matched,17778.0,matched,missing,,,,,,,,,,NONE,
E040::satara,E040,2016-0304-IND,2016-08-01,Maharashtra,Satara,,,10502.605850168617,NONE,missing,matched,17781.0,matched,missing,,,,,,,,,,NONE,
E040::thane,E040,2016-0304-IND,2016-08-01,Maharashtra,Thane,,,9454.897228160951,NONE,missing,matched,17783.0,matched,missing,,,,,,,,,,NONE,
E041::east%20godavari,E041,2016-0391-IND,2016-09-21,Andhra Pradesh,East Godavari,,,10551.28549542384,NONE,missing,matched,17551.0,matched,missing,,,,,,,,,,NONE,
E041::guntur,E041,2016-0391-IND,2016-09-21,Andhra Pradesh,Guntur,,,11426.357332991543,NONE,missing,matched,17552.0,matched,missing,,,,,,,,,,NONE,
E041::krishna,E041,2016-0391-IND,2016-09-21,Andhra Pradesh,Krishna,,,8431.670297917331,NONE,missing,matched,17556.0,matched,missing,,,,,,,,,,NONE,
E041::prakasam,E041,2016-0391-IND,2016-09-21,Andhra Pradesh,Prakasam,,,17855.500293612782,NONE,missing,matched,17563.0,matched,missing,,,,,,,,,,NONE,
E041::visakhapatnam,E041,2016-0391-IND,2016-09-21,Andhra Pradesh,Visakhapatnam,,,11393.738361166628,NONE,missing,matched,76128533B71485440235524,matched,missing,,,,,,,,,,NONE,
E042::hyderabad,E042,2016-0391-IND,2016-09-21,Telangana,Hyderabad,,,178.60393182299086,NONE,missing,matched,17553.0,matched,missing,,,,,,,,,,NONE,
E042::karimnagar,E042,2016-0391-IND,2016-09-21,Telangana,Karimnagar,,,11937.519354832888,NONE,missing,matched,17554.0,matched,missing,,,,,,,,,,NONE,
E042::medak,E042,2016-0391-IND,2016-09-21,Telangana,Medak,,,9788.72634545968,NONE,missing,matched,17559.0,matched,missing,,,,,,,,,,NONE,
E042::warangal,E042,2016-0391-IND,2016-09-21,Telangana,Warangal,,,12850.090342090336,NONE,missing,matched,17568.0,matched,missing,,,,,,,,,,NONE,
E044::banaskantha,E044,2017-0294-IND,2017-06-01,Gujarat,Banaskantha,,,10638.731207971712,NONE,missing,matched,17637.0,matched,missing,,,,,,,,,,NONE,
E044::navsari,E044,2017-0294-IND,2017-06-01,Gujarat,Navsari,,,2097.600482441035,NONE,missing,matched,70127.0,matched,missing,,,,,,,,,,NONE,
E044::patan,E044,2017-0294-IND,2017-06-01,Gujarat,Patan,,,6017.262722245363,NONE,missing,matched,70129.0,matched,missing,,,,,,,,,,NONE,
E044::sabarkantha,E044,2017-0294-IND,2017-06-01,Gujarat,Sabarkantha,,,7457.412888463912,NONE,missing,matched,17648.0,matched,missing,,,,,,,,,,NONE,
E044::surat,E044,2017-0294-IND,2017-06-01,Gujarat,Surat,,,7486.82173633887,NONE,missing,matched,17649.0,matched,missing,,,,,,,,,,NONE,
E044::valsad,E044,2017-0294-IND,2017-06-01,Gujarat,Valsad,,,3025.875446392478,NONE,missing,matched,17653.0,matched,missing,,,,,,,,,,NONE,
E045::barmer,E045,2017-0294-IND,2017-06-01,Rajasthan,Barmer,,,28422.68727445841,NONE,missing,matched,17837.0,matched,missing,,,,,,,,,,NONE,
E045::jalore,E045,2017-0294-IND,2017-06-01,Rajasthan,Jalore,,,10759.887698144885,NONE,missing,matched,76128533B59459156188335,matched,missing,,,,,,,,,,NONE,
E045::pali,E045,2017-0294-IND,2017-06-01,Rajasthan,Pali,,,12347.51415570307,NONE,missing,matched,17855.0,matched,missing,,,,,,,,,,NONE,
E045::sirohi,E045,2017-0294-IND,2017-06-01,Rajasthan,Sirohi,,,5146.300422974388,NONE,missing,matched,17858.0,matched,missing,,,,,,,,,,NONE,
E045::udaipur,E045,2017-0294-IND,2017-06-01,Rajasthan,Udaipur,,,12740.346309887644,NONE,missing,matched,17860.0,matched,missing,,,,,,,,,,NONE,
E046::kolkata,E046,2017-0294-IND,2017-06-01,West Bengal,Kolkata,,,91.84529866788924,NONE,missing,matched,70292.0,matched,missing,,,,,,,,,,NONE,
E047::barpeta,E047,2017-0180-IND,2017-06-04,Assam,Barpeta,,,3253.622989828742,NONE,missing,matched,17576.0,matched,missing,,,,,,,,,,NONE,
E047::biswanath,E047,2017-0180-IND,2017-06-04,Assam,Biswanath,,,1795.9804068303213,NONE,missing,matched,76128533B40714385808093,matched,missing,,,,,,,,,,NONE,
E047::bongaigaon,E047,2017-0180-IND,2017-06-04,Assam,Bongaigaon,,,2332.582799042809,NONE,missing,matched,70086.0,matched,missing,,,,,,,,,,NONE,
E047::cachar,E047,2017-0180-IND,2017-06-04,Assam,Cachar,,,3806.329961738336,NONE,missing,matched,17577.0,matched,missing,,,,,,,,,,NONE,
E047::charaideo,E047,2017-0180-IND,2017-06-04,Assam,Charaideo,,,1051.501023918133,NONE,missing,matched,76128533B89228414823983,matched,missing,,,,,,,,,,NONE,
E047::chirang,E047,2017-0180-IND,2017-06-04,Assam,Chirang,,,1586.6528982343095,NONE,missing,matched,76128533B56012535339305,matched,missing,,,,,,,,,,NONE,
E047::darrang,E047,2017-0180-IND,2017-06-04,Assam,Darrang,,,3426.9679336953163,NONE,missing,matched,17578.0,matched,missing,,,,,,,,,,NONE,
E047::dhemaji,E047,2017-0180-IND,2017-06-04,Assam,Dhemaji,,,2503.3476339074205,NONE,missing,matched,70087.0,matched,missing,,,,,,,,,,NONE,
E047::dhubri,E047,2017-0180-IND,2017-06-04,Assam,Dhubri,,,1790.280077462252,NONE,missing,matched,76128533B25835998628545,matched,missing,,,,,,,,,,NONE,
E047::dibrugarh,E047,2017-0180-IND,2017-06-04,Assam,Dibrugarh,,,3397.4818067287138,NONE,missing,matched,17580.0,matched,missing,,,,,,,,,,NONE,
E047::goalpara,E047,2017-0180-IND,2017-06-04,Assam,Goalpara,,,1904.60564716237,NONE,missing,matched,17581.0,matched,missing,,,,,,,,,,NONE,
E047::golaghat,E047,2017-0180-IND,2017-06-04,Assam,Golaghat,,,3532.2679838886856,NONE,missing,matched,17582.0,matched,missing,,,,,,,,,,NONE,
E047::hailakandi,E047,2017-0180-IND,2017-06-04,Assam,Hailakandi,,,1336.4605858584375,NONE,missing,matched,70088.0,matched,missing,,,,,,,,,,NONE,
E047::hojai,E047,2017-0180-IND,2017-06-04,Assam,Hojai,,,1456.4677644954024,NONE,missing,matched,76128533B70315194619807,matched,missing,,,,,,,,,,NONE,
E047::jorhat,E047,2017-0180-IND,2017-06-04,Assam,Jorhat,,,2842.716884638612,NONE,missing,matched,70089.0,matched,missing,,,,,,,,,,NONE,
E047::kamrup,E047,2017-0180-IND,2017-06-04,Assam,Kamrup,,,4348.6225796054405,NONE,missing,matched,17583.0,matched,missing,,,,,,,,,,NONE,
E047::kamrup%20metropolitan,E047,2017-0180-IND,2017-06-04,Assam,Kamrup Metropolitan,,,1131.5412000860365,NONE,missing,matched,76128533B38230828972906,matched,missing,,,,,,,,,,NONE,
E047::karbi%20anglong,E047,2017-0180-IND,2017-06-04,Assam,Karbi Anglong,,,10446.406497647093,NONE,missing,matched,17584.0,matched,missing,,,,,,,,,,NONE,
E047::karimganj,E047,2017-0180-IND,2017-06-04,Assam,Karimganj,,,1856.722473230466,NONE,missing,matched,17585.0,matched,missing,,,,,,,,,,NONE,
E047::kokrajhar,E047,2017-0180-IND,2017-06-04,Assam,Kokrajhar,,,3329.2233881813268,NONE,missing,matched,70090.0,matched,missing,,,,,,,,,,NONE,
E047::lakhimpur,E047,2017-0180-IND,2017-06-04,Assam,Lakhimpur,,,2886.5239581816727,NONE,missing,matched,70091.0,matched,missing,,,,,,,,,,NONE,
E047::majuli,E047,2017-0180-IND,2017-06-04,Assam,Majuli,,,1250.5943287676694,NONE,missing,matched,76128533B15157901669242,matched,missing,,,,,,,,,,NONE,
E047::morigaon,E047,2017-0180-IND,2017-06-04,Assam,Morigaon,,,1508.3262903435707,NONE,missing,matched,76128533B17968019348564,matched,missing,,,,,,,,,,NONE,
E047::nagaon,E047,2017-0180-IND,2017-06-04,Assam,Nagaon,,,3997.4423095607103,NONE,missing,matched,17589.0,matched,missing,,,,,,,,,,NONE,
E047::nalbari,E047,2017-0180-IND,2017-06-04,Assam,Nalbari,,,2339.8796955273547,NONE,missing,matched,17590.0,matched,missing,,,,,,,,,,NONE,
E047::sivasagar,E047,2017-0180-IND,2017-06-04,Assam,Sivasagar,,,1526.651765771626,NONE,missing,matched,76128533B21722277889516,matched,missing,,,,,,,,,,NONE,
E047::sonitpur,E047,2017-0180-IND,2017-06-04,Assam,Sonitpur,,,4676.158375740257,NONE,missing,matched,17593.0,matched,missing,,,,,,,,,,NONE,
E047::south%20salmara,E047,2017-0180-IND,2017-06-04,Assam,South Salmara,,,719.1856651342704,NONE,missing,matched,76128533B20298037622173,matched,missing,,,,,,,,,,NONE,
E047::tinsukia,E047,2017-0180-IND,2017-06-04,Assam,Tinsukia,,,3799.190193815676,NONE,missing,matched,70093.0,matched,missing,,,,,,,,,,NONE,
E047::udalguri,E047,2017-0180-IND,2017-06-04,Assam,Udalguri,,,2056.2913712488385,NONE,missing,matched,76128533B20307518801538,matched,missing,,,,,,,,,,NONE,
E048::giridih,E048,2017-0180-IND,2017-06-04,Jharkhand,Giridih,,,5007.663691854737,NONE,missing,matched,70144.0,matched,missing,,,,,,,,,,NONE,
E049::bishnupur,E049,2017-0180-IND,2017-06-04,Manipur,Bishnupur,,,481.84963420103696,NONE,missing,matched,70188.0,matched,missing,,,,,,,,,,NONE,
E049::imphal%20east,E049,2017-0180-IND,2017-06-04,Manipur,Imphal East,,,378.5544316172313,NONE,missing,matched,76128533B30779259886340,matched,missing,,,,,,,,,,NONE,
E049::imphal%20west,E049,2017-0180-IND,2017-06-04,Manipur,Imphal West,,,504.9363985910239,NONE,missing,matched,76128533B99807650893733,matched,missing,,,,,,,,,,NONE,
E049::thoubal,E049,2017-0180-IND,2017-06-04,Manipur,Thoubal,,,715.5847965133187,NONE,missing,matched,70194.0,matched,missing,,,,,,,,,,NONE,
E050::phek,E050,2017-0180-IND,2017-06-04,Nagaland,Phek,,,1906.428763538232,NONE,missing,matched,17804.0,matched,missing,,,,,,,,,,NONE,
E051::barpeta,E051,2017-0289-IND,2017-06-25,Assam,Barpeta,,,3253.622989828742,NONE,missing,matched,17576.0,matched,missing,,,,,,,,,,NONE,
E051::bongaigaon,E051,2017-0289-IND,2017-06-25,Assam,Bongaigaon,,,2332.582799042809,NONE,missing,matched,70086.0,matched,missing,,,,,,,,,,NONE,
E051::cachar,E051,2017-0289-IND,2017-06-25,Assam,Cachar,,,3806.329961738336,NONE,missing,matched,17577.0,matched,missing,,,,,,,,,,NONE,
E051::charaideo,E051,2017-0289-IND,2017-06-25,Assam,Charaideo,,,1051.5010239181354,NONE,missing,matched,76128533B89228414823983,matched,missing,,,,,,,,,,NONE,
E051::chirang,E051,2017-0289-IND,2017-06-25,Assam,Chirang,,,1586.6528982343073,NONE,missing,matched,76128533B56012535339305,matched,missing,,,,,,,,,,NONE,
E051::darrang,E051,2017-0289-IND,2017-06-25,Assam,Darrang,,,3426.9679336953163,NONE,missing,matched,17578.0,matched,missing,,,,,,,,,,NONE,
E051::dhemaji,E051,2017-0289-IND,2017-06-25,Assam,Dhemaji,,,2503.3476339074205,NONE,missing,matched,70087.0,matched,missing,,,,,,,,,,NONE,
E051::dhubri,E051,2017-0289-IND,2017-06-25,Assam,Dhubri,,,1790.2800774622651,NONE,missing,matched,76128533B25835998628545,matched,missing,,,,,,,,,,NONE,
E051::dibrugarh,E051,2017-0289-IND,2017-06-25,Assam,Dibrugarh,,,3397.4818067287138,NONE,missing,matched,17580.0,matched,missing,,,,,,,,,,NONE,
E051::goalpara,E051,2017-0289-IND,2017-06-25,Assam,Goalpara,,,1904.60564716237,NONE,missing,matched,17581.0,matched,missing,,,,,,,,,,NONE,
E051::golaghat,E051,2017-0289-IND,2017-06-25,Assam,Golaghat,,,3532.2679838886856,NONE,missing,matched,17582.0,matched,missing,,,,,,,,,,NONE,
E051::jorhat,E051,2017-0289-IND,2017-06-25,Assam,Jorhat,,,2842.716884638612,NONE,missing,matched,70089.0,matched,missing,,,,,,,,,,NONE,
E051::karbi%20anglong,E051,2017-0289-IND,2017-06-25,Assam,Karbi Anglong,,,10446.406497647093,NONE,missing,matched,17584.0,matched,missing,,,,,,,,,,NONE,
E051::karimganj,E051,2017-0289-IND,2017-06-25,Assam,Karimganj,,,1856.722473230466,NONE,missing,matched,17585.0,matched,missing,,,,,,,,,,NONE,
E051::kokrajhar,E051,2017-0289-IND,2017-06-25,Assam,Kokrajhar,,,3329.2233881813268,NONE,missing,matched,70090.0,matched,missing,,,,,,,,,,NONE,
E051::lakhimpur,E051,2017-0289-IND,2017-06-25,Assam,Lakhimpur,,,2886.5239581816727,NONE,missing,matched,70091.0,matched,missing,,,,,,,,,,NONE,
E051::majuli,E051,2017-0289-IND,2017-06-25,Assam,Majuli,,,1250.5943287677335,NONE,missing,matched,76128533B15157901669242,matched,missing,,,,,,,,,,NONE,
E051::morigaon,E051,2017-0289-IND,2017-06-25,Assam,Morigaon,,,1508.3262903435707,NONE,missing,matched,76128533B17968019348564,matched,missing,,,,,,,,,,NONE,
E051::nagaon,E051,2017-0289-IND,2017-06-25,Assam,Nagaon,,,3997.4423095607103,NONE,missing,matched,17589.0,matched,missing,,,,,,,,,,NONE,
E051::nalbari,E051,2017-0289-IND,2017-06-25,Assam,Nalbari,,,2339.8796955273547,NONE,missing,matched,17590.0,matched,missing,,,,,,,,,,NONE,
E051::sivasagar,E051,2017-0289-IND,2017-06-25,Assam,Sivasagar,,,1526.6517657716288,NONE,missing,matched,76128533B21722277889516,matched,missing,,,,,,,,,,NONE,
E051::sonitpur,E051,2017-0289-IND,2017-06-25,Assam,Sonitpur,,,4676.158375740257,NONE,missing,matched,17593.0,matched,missing,,,,,,,,,,NONE,
E051::south%20salmara,E051,2017-0289-IND,2017-06-25,Assam,South Salmara,,,719.1856651342704,NONE,missing,matched,76128533B20298037622173,matched,missing,,,,,,,,,,NONE,
E052::bishnupur,E052,2017-0290-IND,2017-07-01,Manipur,Bishnupur,,,481.84963420103696,NONE,missing,matched,70188.0,matched,missing,,,,,,,,,,NONE,
E052::imphal%20east,E052,2017-0290-IND,2017-07-01,Manipur,Imphal East,,,378.5544316172313,NONE,missing,matched,76128533B30779259886340,matched,missing,,,,,,,,,,NONE,
E052::imphal%20west,E052,2017-0290-IND,2017-07-01,Manipur,Imphal West,,,504.9363985854122,NONE,missing,matched,76128533B99807650893733,matched,missing,,,,,,,,,,NONE,
E052::thoubal,E052,2017-0290-IND,2017-07-01,Manipur,Thoubal,,,715.5847965133187,NONE,missing,matched,70194.0,matched,missing,,,,,,,,,,NONE,
E053::araria,E053,2017-0342-IND,2017-08-11,Bihar,Araria,,,2825.348194194397,NONE,missing,matched,70094.0,matched,missing,,,,,,,,,,NONE,
E053::darbhanga,E053,2017-0342-IND,2017-08-11,Bihar,Darbhanga,,,2293.727225126986,NONE,missing,matched,17598.0,matched,missing,,,,,,,,,,NONE,
E053::east%20champaran,E053,2017-0342-IND,2017-08-11,Bihar,East Champaran,,,4209.432168721379,NONE,missing,matched,76128533B49017555803526,matched,missing,,,,,,,,,,NONE,
E053::gopalganj,E053,2017-0342-IND,2017-08-11,Bihar,Gopalganj,,,2044.660708589624,NONE,missing,matched,17604.0,matched,missing,,,,,,,,,,NONE,
E053::katihar,E053,2017-0342-IND,2017-08-11,Bihar,Katihar,,,3068.3721590224136,NONE,missing,matched,17608.0,matched,missing,,,,,,,,,,NONE,
E053::khagaria,E053,2017-0342-IND,2017-08-11,Bihar,Khagaria,,,1494.410012910706,NONE,missing,matched,17609.0,matched,missing,,,,,,,,,,NONE,
E053::kishanganj,E053,2017-0342-IND,2017-08-11,Bihar,Kishanganj,,,1932.7539351616576,NONE,missing,matched,70100.0,matched,missing,,,,,,,,,,NONE,
E053::madhepura,E053,2017-0342-IND,2017-08-11,Bihar,Madhepura,,,1841.8576584602,NONE,missing,matched,17612.0,matched,missing,,,,,,,,,,NONE,
E053::madhubani,E053,2017-0342-IND,2017-08-11,Bihar,Madhubani,,,3457.42262983169,NONE,missing,matched,17611.0,matched,missing,,,,,,,,,,NONE,
E053::muzaffarpur,E053,2017-0342-IND,2017-08-11,Bihar,Muzaffarpur,,,3192.441978127565,NONE,missing,matched,17613.0,matched,missing,,,,,,,,,,NONE,
E053::nalanda,E053,2017-0342-IND,2017-08-11,Bihar,Nalanda,,,2341.900504872643,NONE,missing,matched,17615.0,matched,missing,,,,,,,,,,NONE,
E053::patna,E053,2017-0342-IND,2017-08-11,Bihar,Patna,,,3211.7699895027954,NONE,missing,matched,17619.0,matched,missing,,,,,,,,,,NONE,
E053::purnea,E053,2017-0342-IND,2017-08-11,Bihar,Purnea,,,3170.464435145496,NONE,missing,matched,76128533B32499449492865,matched,missing,,,,,,,,,,NONE,
E053::saharsa,E053,2017-0342-IND,2017-08-11,Bihar,Saharsa,,,1692.2702412487936,NONE,missing,matched,17624.0,matched,missing,,,,,,,,,,NONE,
E053::samastipur,E053,2017-0342-IND,2017-08-11,Bihar,Samastipur,,,2911.492917812177,NONE,missing,matched,17626.0,matched,missing,,,,,,,,,,NONE,
E053::saran,E053,2017-0342-IND,2017-08-11,Bihar,Saran,,,2650.3366911206285,NONE,missing,matched,17628.0,matched,missing,,,,,,,,,,NONE,
E053::sheohar,E053,2017-0342-IND,2017-08-11,Bihar,Sheohar,,,575.6280849211931,NONE,missing,matched,70103.0,matched,missing,,,,,,,,,,NONE,
E053::sitamarhi,E053,2017-0342-IND,2017-08-11,Bihar,Sitamarhi,,,2075.1609189491032,NONE,missing,matched,17630.0,matched,missing,,,,,,,,,,NONE,
E053::siwan,E053,2017-0342-IND,2017-08-11,Bihar,Siwan,,,2229.6509970655925,NONE,missing,matched,17631.0,matched,missing,,,,,,,,,,NONE,
E053::supaul,E053,2017-0342-IND,2017-08-11,Bihar,Supaul,,,2399.2927702222696,NONE,missing,matched,70104.0,matched,missing,,,,,,,,,,NONE,
E053::west%20champaran,E053,2017-0342-IND,2017-08-11,Bihar,West Champaran,,,5214.198372330435,NONE,missing,matched,76128533B17762399278073,matched,missing,,,,,,,,,,NONE,
E054::ambedkar%20nagar,E054,2017-0342-IND,2017-08-11,Uttar Pradesh,Ambedkar Nagar,,,2328.994244483866,NONE,missing,matched,70257.0,matched,missing,,,,,,,,,,NONE,
E054::ayodhya,E054,2017-0342-IND,2017-08-11,Uttar Pradesh,Ayodhya,,,2675.8001543878418,NONE,missing,matched,76128533B60320291189162,matched,missing,,,,,,,,,,NONE,
E054::azamgarh,E054,2017-0342-IND,2017-08-11,Uttar Pradesh,Azamgarh,,,3904.0182560646062,NONE,missing,matched,17892.0,matched,missing,,,,,,,,,,NONE,
E054::bahraich,E054,2017-0342-IND,2017-08-11,Uttar Pradesh,Bahraich,,,3705.0099637131552,NONE,missing,matched,17893.0,matched,missing,,,,,,,,,,NONE,
E054::ballia,E054,2017-0342-IND,2017-08-11,Uttar Pradesh,Ballia,,,3013.8054759791835,NONE,missing,matched,17894.0,matched,missing,,,,,,,,,,NONE,
E054::balrampur,E054,2017-0342-IND,2017-08-11,Uttar Pradesh,Balrampur,,,3379.881475532829,NONE,missing,matched,70261.0,matched,missing,,,,,,,,,,NONE,
E054::barabanki,E054,2017-0342-IND,2017-08-11,Uttar Pradesh,Barabanki,,,4440.0005417469865,NONE,missing,matched,17896.0,matched,missing,,,,,,,,,,NONE,
E054::basti,E054,2017-0342-IND,2017-08-11,Uttar Pradesh,Basti,,,2522.0744554746907,NONE,missing,matched,17898.0,matched,missing,,,,,,,,,,NONE,
E054::bijnor,E054,2017-0342-IND,2017-08-11,Uttar Pradesh,Bijnor,,,4319.741895171613,NONE,missing,matched,17899.0,matched,missing,,,,,,,,,,NONE,
E054::budaun,E054,2017-0342-IND,2017-08-11,Uttar Pradesh,Budaun,,,4242.298807636645,NONE,missing,matched,76128533B84679668760735,matched,missing,,,,,,,,,,NONE,
E054::deoria,E054,2017-0342-IND,2017-08-11,Uttar Pradesh,Deoria,,,2561.4288968732094,NONE,missing,matched,17904.0,matched,missing,,,,,,,,,,NONE,
E054::farrukhabad,E054,2017-0342-IND,2017-08-11,Uttar Pradesh,Farrukhabad,,,2188.008861953001,NONE,missing,matched,17908.0,matched,missing,,,,,,,,,,NONE,
E054::ghazipur,E054,2017-0342-IND,2017-08-11,Uttar Pradesh,Ghazipur,,,3392.663587484302,NONE,missing,matched,17912.0,matched,missing,,,,,,,,,,NONE,
E054::gonda,E054,2017-0342-IND,2017-08-11,Uttar Pradesh,Gonda,,,4014.846082655345,NONE,missing,matched,17913.0,matched,missing,,,,,,,,,,NONE,
E054::gorakhpur,E054,2017-0342-IND,2017-08-11,Uttar Pradesh,Gorakhpur,,,3072.188964505668,NONE,missing,matched,17914.0,matched,missing,,,,,,,,,,NONE,
E054::kushinagar,E054,2017-0342-IND,2017-08-11,Uttar Pradesh,Kushinagar,,,2893.16087554316,NONE,missing,matched,70271.0,matched,missing,,,,,,,,,,NONE,
E054::lakhimpur%20kheri,E054,2017-0342-IND,2017-08-11,Uttar Pradesh,Lakhimpur Kheri,,,7708.742992388735,NONE,missing,matched,17921.0,matched,missing,,,,,,,,,,NONE,
E054::maharajganj,E054,2017-0342-IND,2017-08-11,Uttar Pradesh,Maharajganj,,,3197.0231063739748,NONE,missing,matched,70272.0,matched,missing,,,,,,,,,,NONE,
E054::mau,E054,2017-0342-IND,2017-08-11,Uttar Pradesh,Mau,,,2070.491760227604,NONE,missing,matched,70274.0,matched,missing,,,,,,,,,,NONE,
E054::mirzapur,E054,2017-0342-IND,2017-08-11,Uttar Pradesh,Mirzapur,,,4526.889753258701,NONE,missing,matched,17927.0,matched,missing,,,,,,,,,,NONE,
E054::pilibhit,E054,2017-0342-IND,2017-08-11,Uttar Pradesh,Pilibhit,,,3594.1579683602813,NONE,missing,matched,17931.0,matched,missing,,,,,,,,,,NONE,
E054::sant%20kabir%20nagar,E054,2017-0342-IND,2017-08-11,Uttar Pradesh,Sant Kabir Nagar,,,1329.179989070325,NONE,missing,matched,70275.0,matched,missing,,,,,,,,,,NONE,
E054::shrawasti,E054,2017-0342-IND,2017-08-11,Uttar Pradesh,Shrawasti,,,1950.0124338087928,NONE,missing,matched,76128533B34832354589031,matched,missing,,,,,,,,,,NONE,
E054::siddharthnagar,E054,2017-0342-IND,2017-08-11,Uttar Pradesh,Siddharthnagar,,,3492.6137371813147,NONE,missing,matched,70278.0,matched,missing,,,,,,,,,,NONE,
E054::sitapur,E054,2017-0342-IND,2017-08-11,Uttar Pradesh,Sitapur,,,5789.793396469067,NONE,missing,matched,17938.0,matched,missing,,,,,,,,,,NONE,
E055::alipurduar,E055,2017-0342-IND,2017-08-11,West Bengal,Alipurduar,,,2805.571892812845,NONE,missing,matched,76128533B23858286755005,matched,missing,,,,,,,,,,NONE,
E055::bankura,E055,2017-0342-IND,2017-08-11,West Bengal,Bankura,,,6981.566770524623,NONE,missing,matched,17945.0,matched,missing,,,,,,,,,,NONE,
E055::birbhum,E055,2017-0342-IND,2017-08-11,West Bengal,Birbhum,,,4566.040490140597,NONE,missing,matched,17947.0,matched,missing,,,,,,,,,,NONE,
E055::cooch%20behar,E055,2017-0342-IND,2017-08-11,West Bengal,Cooch Behar,,,3288.1312386454174,NONE,missing,matched,76128533B64156747739715,matched,missing,,,,,,,,,,NONE,
E055::dakshin%20dinajpur,E055,2017-0342-IND,2017-08-11,West Bengal,Dakshin Dinajpur,,,2107.683120443892,NONE,missing,matched,70290.0,matched,missing,,,,,,,,,,NONE,
E055::darjeeling,E055,2017-0342-IND,2017-08-11,West Bengal,Darjeeling,,,2082.4452472301264,NONE,missing,matched,76128533B17109302371020,matched,missing,,,,,,,,,,NONE,
E055::east%20medinipur,E055,2017-0342-IND,2017-08-11,West Bengal,East Medinipur,,,4206.535570897585,NONE,missing,matched,76128533B25373378863054,matched,missing,,,,,,,,,,NONE,
E055::hooghly,E055,2017-0342-IND,2017-08-11,West Bengal,Hooghly,,,3153.550053477295,NONE,missing,matched,76128533B81857725777974,matched,missing,,,,,,,,,,NONE,
E055::howrah,E055,2017-0342-IND,2017-08-11,West Bengal,Howrah,,,1451.5753227599494,NONE,missing,matched,76128533B22077262393417,matched,missing,,,,,,,,,,NONE,
E055::jalpaiguri,E055,2017-0342-IND,2017-08-11,West Bengal,Jalpaiguri,,,6200.341009430311,NONE,missing,matched,17951.0,matched,missing,,,,,,,,,,NONE,
E055::jhargram,E055,2017-0342-IND,2017-08-11,West Bengal,Jhargram,,,3096.557448030717,NONE,missing,matched,76128533B24861976740713,matched,missing,,,,,,,,,,NONE,
E055::malda,E055,2017-0342-IND,2017-08-11,West Bengal,Malda,,,3569.571917709693,NONE,missing,matched,76128533B36734405131975,matched,missing,,,,,,,,,,NONE,
E055::murshidabad,E055,2017-0342-IND,2017-08-11,West Bengal,Murshidabad,,,5473.753950605631,NONE,missing,matched,17955.0,matched,missing,,,,,,,,,,NONE,
E055::nadia,E055,2017-0342-IND,2017-08-11,West Bengal,Nadia,,,3995.2318634205153,NONE,missing,matched,17956.0,matched,missing,,,,,,,,,,NONE,
E055::north%2024%20parganas,E055,2017-0342-IND,2017-08-11,West Bengal,North 24 Parganas,,,6006.604976683008,NONE,missing,matched,70293.0,matched,missing,,,,,,,,,,NONE,
E055::paschim%20bardhaman,E055,2017-0342-IND,2017-08-11,West Bengal,Paschim Bardhaman,,,1638.342752616779,NONE,missing,matched,76128533B60845263086042,matched,missing,,,,,,,,,,NONE,
E055::purba%20bardhaman,E055,2017-0342-IND,2017-08-11,West Bengal,Purba Bardhaman,,,5396.808202076832,NONE,missing,matched,76128533B59121537940607,matched,missing,,,,,,,,,,NONE,
E055::purulia,E055,2017-0342-IND,2017-08-11,West Bengal,Purulia,,,6255.530346174724,NONE,missing,matched,76128533B16811573188243,matched,missing,,,,,,,,,,NONE,
E055::south%2024%20parganas,E055,2017-0342-IND,2017-08-11,West Bengal,South 24 Parganas,,,5503.307786632012,NONE,missing,matched,70294.0,matched,missing,,,,,,,,,,NONE,
E055::uttar%20dinajpur,E055,2017-0342-IND,2017-08-11,West Bengal,Uttar Dinajpur,,,3356.268468886421,NONE,missing,matched,70295.0,matched,missing,,,,,,,,,,NONE,
E055::west%20medinipur,E055,2017-0342-IND,2017-08-11,West Bengal,West Medinipur,,,6284.990303075887,NONE,missing,matched,76128533B88812350838807,matched,missing,,,,,,,,,,NONE,
E056::ambedkar%20nagar,E056,2017-0517-IND,2017-08-16,Uttar Pradesh,Ambedkar Nagar,,,2328.994244483866,NONE,missing,matched,70257.0,matched,missing,,,,,,,,,,NONE,
E056::azamgarh,E056,2017-0517-IND,2017-08-16,Uttar Pradesh,Azamgarh,,,3904.0182560646062,NONE,missing,matched,17892.0,matched,missing,,,,,,,,,,NONE,
E056::bahraich,E056,2017-0517-IND,2017-08-16,Uttar Pradesh,Bahraich,,,3705.0099637131552,NONE,missing,matched,17893.0,matched,missing,,,,,,,,,,NONE,
E056::ballia,E056,2017-0517-IND,2017-08-16,Uttar Pradesh,Ballia,,,3013.8054759791835,NONE,missing,matched,17894.0,matched,missing,,,,,,,,,,NONE,
E056::balrampur,E056,2017-0517-IND,2017-08-16,Uttar Pradesh,Balrampur,,,3379.881475532829,NONE,missing,matched,70261.0,matched,missing,,,,,,,,,,NONE,
E056::barabanki,E056,2017-0517-IND,2017-08-16,Uttar Pradesh,Barabanki,,,4440.0005417469865,NONE,missing,matched,17896.0,matched,missing,,,,,,,,,,NONE,
E056::basti,E056,2017-0517-IND,2017-08-16,Uttar Pradesh,Basti,,,2522.0744554746907,NONE,missing,matched,17898.0,matched,missing,,,,,,,,,,NONE,
E056::bijnor,E056,2017-0517-IND,2017-08-16,Uttar Pradesh,Bijnor,,,4319.741895171613,NONE,missing,matched,17899.0,matched,missing,,,,,,,,,,NONE,
E056::budaun,E056,2017-0517-IND,2017-08-16,Uttar Pradesh,Budaun,,,4242.298807636645,NONE,missing,matched,76128533B84679668760735,matched,missing,,,,,,,,,,NONE,
E056::deoria,E056,2017-0517-IND,2017-08-16,Uttar Pradesh,Deoria,,,2561.4288968732094,NONE,missing,matched,17904.0,matched,missing,,,,,,,,,,NONE,
E056::faizabad,E056,2017-0517-IND,2017-08-16,Uttar Pradesh,Faizabad,,,2103.2792931237323,NONE,missing,matched,17907.0,matched,missing,,,,,,,,,,NONE,
E056::farrukhabad,E056,2017-0517-IND,2017-08-16,Uttar Pradesh,Farrukhabad,,,2188.008861953001,NONE,missing,matched,17908.0,matched,missing,,,,,,,,,,NONE,
E056::ghazipur,E056,2017-0517-IND,2017-08-16,Uttar Pradesh,Ghazipur,,,3392.663587484302,NONE,missing,matched,17912.0,matched,missing,,,,,,,,,,NONE,
E056::gonda,E056,2017-0517-IND,2017-08-16,Uttar Pradesh,Gonda,,,4014.846082655345,NONE,missing,matched,17913.0,matched,missing,,,,,,,,,,NONE,
E056::gorakhpur,E056,2017-0517-IND,2017-08-16,Uttar Pradesh,Gorakhpur,,,3072.188964505668,NONE,missing,matched,17914.0,matched,missing,,,,,,,,,,NONE,
E056::kushinagar,E056,2017-0517-IND,2017-08-16,Uttar Pradesh,Kushinagar,,,2893.16087554316,NONE,missing,matched,70271.0,matched,missing,,,,,,,,,,NONE,
E056::lakhimpur%20kheri,E056,2017-0517-IND,2017-08-16,Uttar Pradesh,Lakhimpur Kheri,,,7708.742992388735,NONE,missing,matched,17921.0,matched,missing,,,,,,,,,,NONE,
E056::maharajganj,E056,2017-0517-IND,2017-08-16,Uttar Pradesh,Maharajganj,,,3197.0231063739748,NONE,missing,matched,70272.0,matched,missing,,,,,,,,,,NONE,
E056::mau,E056,2017-0517-IND,2017-08-16,Uttar Pradesh,Mau,,,2070.491760227604,NONE,missing,matched,70274.0,matched,missing,,,,,,,,,,NONE,
E056::mirzapur,E056,2017-0517-IND,2017-08-16,Uttar Pradesh,Mirzapur,,,4526.889753258701,NONE,missing,matched,17927.0,matched,missing,,,,,,,,,,NONE,
E056::muzaffarnagar,E056,2017-0517-IND,2017-08-16,Uttar Pradesh,Muzaffarnagar,,,4053.9910928534105,NONE,missing,matched,17929.0,matched,missing,,,,,,,,,,NONE,
E056::pilibhit,E056,2017-0517-IND,2017-08-16,Uttar Pradesh,Pilibhit,,,3594.1579683602813,NONE,missing,matched,17931.0,matched,missing,,,,,,,,,,NONE,
E056::sant%20kabir%20nagar,E056,2017-0517-IND,2017-08-16,Uttar Pradesh,Sant Kabir Nagar,,,1329.179989070325,NONE,missing,matched,70275.0,matched,missing,,,,,,,,,,NONE,
E056::shamli,E056,2017-0517-IND,2017-08-16,Uttar Pradesh,Shamli,,,1337.6082125858356,NONE,missing,matched,76128533B35465481868600,matched,missing,,,,,,,,,,NONE,
E056::shravasti,E056,2017-0517-IND,2017-08-16,Uttar Pradesh,Shravasti,,,3157.757775375263,NONE,missing,matched,70277.0,matched,missing,,,,,,,,,,NONE,
E056::siddharth%20nagar,E056,2017-0517-IND,2017-08-16,Uttar Pradesh,Siddharth Nagar,,,3492.6137371813147,NONE,missing,matched,70278.0,matched,missing,,,,,,,,,,NONE,
E056::sitapur,E056,2017-0517-IND,2017-08-16,Uttar Pradesh,Sitapur,,,5789.793396469067,NONE,missing,matched,17938.0,matched,missing,,,,,,,,,,NONE,
E057::mumbai%20city,E057,2017-0364-IND,2017-08-29,Maharashtra,Mumbai City,,,77.22400864672608,NONE,missing,matched,70184.0,matched,missing,,,,,,,,,,NONE,
E057::mumbai%20suburban,E057,2017-0364-IND,2017-08-29,Maharashtra,Mumbai Suburban,,,409.3994670782586,NONE,missing,matched,70183.0,matched,missing,,,,,,,,,,NONE,
E057::palghar,E057,2017-0364-IND,2017-08-29,Maharashtra,Palghar,,,5355.281971404182,NONE,missing,matched,76128533B37148244536449,matched,missing,,,,,,,,,,NONE,
E057::thane,E057,2017-0364-IND,2017-08-29,Maharashtra,Thane,,,9454.897228160951,NONE,missing,matched,17783.0,matched,missing,,,,,,,,,,NONE,
E058::chennai,E058,2017-0495-IND,2017-10-30,Tamil Nadu,Chennai,,,196.6308822101988,NONE,missing,matched,70242.0,matched,missing,,,,,,,,,,NONE,
E059::dhalai,E059,2018-0213-IND,2018-05-17,Tripura,Dhalai,,,2201.079367693781,NONE,missing,matched,70256.0,matched,missing,,,,,,,,,,NONE,
E059::gomati,E059,2018-0213-IND,2018-05-17,Tripura,Gomati,,,1617.9532415826357,NONE,missing,matched,76128533B94126463611805,matched,missing,,,,,,,,,,NONE,
E059::khowai,E059,2018-0213-IND,2018-05-17,Tripura,Khowai,,,1046.189742159586,NONE,missing,matched,76128533B67044589012853,matched,missing,,,,,,,,,,NONE,
E059::north%20tripura,E059,2018-0213-IND,2018-05-17,Tripura,North Tripura,,,2109.5271791468954,NONE,missing,matched,17885.0,matched,missing,,,,,,,,,,NONE,
E059::sepahijala,E059,2018-0213-IND,2018-05-17,Tripura,Sepahijala,,,1071.1594978769108,NONE,missing,matched,76128533B43965372582859,matched,missing,,,,,,,,,,NONE,
E059::south%20tripura,E059,2018-0213-IND,2018-05-17,Tripura,South Tripura,,,3224.504208632636,NONE,missing,matched,17886.0,matched,missing,,,,,,,,,,NONE,
E059::unakoti,E059,2018-0213-IND,2018-05-17,Tripura,Unakoti,,,657.9288906584868,NONE,missing,matched,76128533B4720703924950,matched,missing,,,,,,,,,,NONE,
E059::west%20tripura,E059,2018-0213-IND,2018-05-17,Tripura,West Tripura,,,3039.951701839773,NONE,missing,matched,17887.0,matched,missing,,,,,,,,,,NONE,
E060::dakshina%20kannada,E060,2018-0216-IND,2018-05-29,Karnataka,Dakshina Kannada,,,5243.21897884346,NONE,missing,matched,76128533B54396396829952,matched,missing,,,,,,,,,,NONE,
E060::udupi,E060,2018-0216-IND,2018-05-29,Karnataka,Udupi,,,3905.2465000015695,NONE,missing,matched,70166.0,matched,missing,,,,,,,,,,NONE,
E061::biswanath,E061,2018-0205-IND,2018-06-22,Assam,Biswanath,,,1795.9804068303213,NONE,missing,matched,76128533B40714385808093,matched,missing,,,,,,,,,,NONE,
E061::cachar,E061,2018-0205-IND,2018-06-22,Assam,Cachar,,,3806.329961738336,NONE,missing,matched,17577.0,matched,missing,,,,,,,,,,NONE,
E061::east%20karbi%20anglong,E061,2018-0205-IND,2018-06-22,Assam,East Karbi Anglong,,,7303.723967073078,NONE,missing,matched,76128533B38548995376745,matched,missing,,,,,,,,,,NONE,
E061::golaghat,E061,2018-0205-IND,2018-06-22,Assam,Golaghat,,,3532.2679838886856,NONE,missing,matched,17582.0,matched,missing,,,,,,,,,,NONE,
E061::hailakandi,E061,2018-0205-IND,2018-06-22,Assam,Hailakandi,,,1336.4605858584375,NONE,missing,matched,70088.0,matched,missing,,,,,,,,,,NONE,
E061::hojai,E061,2018-0205-IND,2018-06-22,Assam,Hojai,,,1456.4677644953886,NONE,missing,matched,76128533B70315194619807,matched,missing,,,,,,,,,,NONE,
E061::karimganj,E061,2018-0205-IND,2018-06-22,Assam,Karimganj,,,1856.722473230466,NONE,missing,matched,17585.0,matched,missing,,,,,,,,,,NONE,
E061::nagaon,E061,2018-0205-IND,2018-06-22,Assam,Nagaon,,,3997.4423095607103,NONE,missing,matched,17589.0,matched,missing,,,,,,,,,,NONE,
E061::west%20karbi%20anglong,E061,2018-0205-IND,2018-06-22,Assam,West Karbi Anglong,,,3106.68686919722,NONE,missing,matched,76128533B57995625790051,matched,missing,,,,,,,,,,NONE,
E064::gajapati,E064,2018-0286-IND,2018-07-20,Odisha,Gajapati,,,4080.383431631814,NONE,missing,matched,70213.0,matched,missing,,,,,,,,,,NONE,
E064::kandhamal,E064,2018-0286-IND,2018-07-20,Odisha,Kandhamal,,,8088.528530440674,NONE,missing,matched,70217.0,matched,missing,,,,,,,,,,NONE,
E064::malkangiri,E064,2018-0286-IND,2018-07-20,Odisha,Malkangiri,,,5849.646224352819,NONE,missing,matched,70220.0,matched,missing,,,,,,,,,,NONE,
E064::rayagada,E064,2018-0286-IND,2018-07-20,Odisha,Rayagada,,,7404.113889009227,NONE,missing,matched,70224.0,matched,missing,,,,,,,,,,NONE,
E065::banswara,E065,2018-0267-IND,2018-07-26,Rajasthan,Banswara,,,5054.788817709968,NONE,missing,matched,17836.0,matched,missing,,,,,,,,,,NONE,
E065::dungarpur,E065,2018-0267-IND,2018-07-26,Rajasthan,Dungarpur,,,3785.079096662621,NONE,missing,matched,17845.0,matched,missing,,,,,,,,,,NONE,
E065::jhalawar,E065,2018-0267-IND,2018-07-26,Rajasthan,Jhalawar,,,6261.78152754128,NONE,missing,matched,17850.0,matched,missing,,,,,,,,,,NONE,
E065::kota,E065,2018-0267-IND,2018-07-26,Rajasthan,Kota,,,5514.285932841976,NONE,missing,matched,17853.0,matched,missing,,,,,,,,,,NONE,
E066::agra,E066,2018-0267-IND,2018-07-26,Uttar Pradesh,Agra,,,3532.421316691642,NONE,missing,matched,17888.0,matched,missing,,,,,,,,,,NONE,
E066::baghpat,E066,2018-0267-IND,2018-07-26,Uttar Pradesh,Baghpat,,,1334.180902576051,NONE,missing,matched,70260.0,matched,missing,,,,,,,,,,NONE,
E066::banda,E066,2018-0267-IND,2018-07-26,Uttar Pradesh,Banda,,,4528.7470438726,NONE,missing,matched,17895.0,matched,missing,,,,,,,,,,NONE,
E066::bareilly,E066,2018-0267-IND,2018-07-26,Uttar Pradesh,Bareilly,,,3788.7356046539953,NONE,missing,matched,17897.0,matched,missing,,,,,,,,,,NONE,
E066::bulandshahr,E066,2018-0267-IND,2018-07-26,Uttar Pradesh,Bulandshahr,,,3584.07720572916,NONE,missing,matched,17901.0,matched,missing,,,,,,,,,,NONE,
E066::ghaziabad,E066,2018-0267-IND,2018-07-26,Uttar Pradesh,Ghaziabad,,,1978.232816865952,NONE,missing,matched,17911.0,matched,missing,,,,,,,,,,NONE,
E066::hapur,E066,2018-0267-IND,2018-07-26,Uttar Pradesh,Hapur,,,1066.5711412404885,NONE,missing,matched,76128533B87317961648652,matched,missing,,,,,,,,,,NONE,
E066::jalaun,E066,2018-0267-IND,2018-07-26,Uttar Pradesh,Jalaun,,,4572.286607377707,NONE,missing,matched,17917.0,matched,missing,,,,,,,,,,NONE,
E066::kasganj,E066,2018-0267-IND,2018-07-26,Uttar Pradesh,Kasganj,,,2019.3990921935888,NONE,missing,matched,76128533B7643504807381,matched,missing,,,,,,,,,,NONE,
E066::mainpuri,E066,2018-0267-IND,2018-07-26,Uttar Pradesh,Mainpuri,,,2755.0367810593875,NONE,missing,matched,17924.0,matched,missing,,,,,,,,,,NONE,
E066::mathura,E066,2018-0267-IND,2018-07-26,Uttar Pradesh,Mathura,,,3379.400652903366,NONE,missing,matched,17925.0,matched,missing,,,,,,,,,,NONE,
E066::meerut,E066,2018-0267-IND,2018-07-26,Uttar Pradesh,Meerut,,,2608.57578610324,NONE,missing,matched,17926.0,matched,missing,,,,,,,,,,NONE,
E066::muzaffarnagar,E066,2018-0267-IND,2018-07-26,Uttar Pradesh,Muzaffarnagar,,,4053.9910928534105,NONE,missing,matched,17929.0,matched,missing,,,,,,,,,,NONE,
E066::saharanpur,E066,2018-0267-IND,2018-07-26,Uttar Pradesh,Saharanpur,,,3724.500994339668,NONE,missing,matched,17936.0,matched,missing,,,,,,,,,,NONE,
E067::barpeta,E067,2018-0345-IND,2018-08-02,Assam,Barpeta,,,3253.622989828742,NONE,missing,matched,17576.0,matched,missing,,,,,,,,,,NONE,
E067::darrang,E067,2018-0345-IND,2018-08-02,Assam,Darrang,,,3426.9679336953163,NONE,missing,matched,17578.0,matched,missing,,,,,,,,,,NONE,
E067::dhemaji,E067,2018-0345-IND,2018-08-02,Assam,Dhemaji,,,2503.3476339074205,NONE,missing,matched,70087.0,matched,missing,,,,,,,,,,NONE,
E067::golaghat,E067,2018-0345-IND,2018-08-02,Assam,Golaghat,,,3532.2679838886856,NONE,missing,matched,17582.0,matched,missing,,,,,,,,,,NONE,
E067::lakhimpur,E067,2018-0345-IND,2018-08-02,Assam,Lakhimpur,,,2886.5239581816727,NONE,missing,matched,70091.0,matched,missing,,,,,,,,,,NONE,
E067::sivasagar,E067,2018-0345-IND,2018-08-02,Assam,Sivasagar,,,1526.651765771626,NONE,missing,matched,76128533B21722277889516,matched,missing,,,,,,,,,,NONE,
E067::sonitpur,E067,2018-0345-IND,2018-08-02,Assam,Sonitpur,,,4676.158375740257,NONE,missing,matched,17593.0,matched,missing,,,,,,,,,,NONE,
E067::udalguri,E067,2018-0345-IND,2018-08-02,Assam,Udalguri,,,2056.2913712488385,NONE,missing,matched,76128533B20307518801538,matched,missing,,,,,,,,,,NONE,
E068::bankura,E068,2018-0345-IND,2018-08-02,West Bengal,Bankura,,,6981.566770524623,NONE,missing,matched,17945.0,matched,missing,,,,,,,,,,NONE,
E069::barpeta,E069,2018-0295-IND,2018-08-07,Assam,Barpeta,,,3253.622989828742,NONE,missing,matched,17576.0,matched,missing,,,,,,,,,,NONE,
E069::biswanath,E069,2018-0295-IND,2018-08-07,Assam,Biswanath,,,1795.9804068303213,NONE,missing,matched,76128533B40714385808093,matched,missing,,,,,,,,,,NONE,
E069::cachar,E069,2018-0295-IND,2018-08-07,Assam,Cachar,,,3806.329961738336,NONE,missing,matched,17577.0,matched,missing,,,,,,,,,,NONE,
E069::charaideo,E069,2018-0295-IND,2018-08-07,Assam,Charaideo,,,1051.5010239181354,NONE,missing,matched,76128533B89228414823983,matched,missing,,,,,,,,,,NONE,
E069::chirang,E069,2018-0295-IND,2018-08-07,Assam,Chirang,,,1586.6528982343073,NONE,missing,matched,76128533B56012535339305,matched,missing,,,,,,,,,,NONE,
E069::darrang,E069,2018-0295-IND,2018-08-07,Assam,Darrang,,,3426.9679336953163,NONE,missing,matched,17578.0,matched,missing,,,,,,,,,,NONE,
E069::dhemaji,E069,2018-0295-IND,2018-08-07,Assam,Dhemaji,,,2503.3476339074205,NONE,missing,matched,70087.0,matched,missing,,,,,,,,,,NONE,
E069::dibrugarh,E069,2018-0295-IND,2018-08-07,Assam,Dibrugarh,,,3397.4818067287138,NONE,missing,matched,17580.0,matched,missing,,,,,,,,,,NONE,
E069::dima%20hasao,E069,2018-0295-IND,2018-08-07,Assam,Dima Hasao,,,4914.108784116743,NONE,missing,matched,76128533B66125202864966,matched,missing,,,,,,,,,,NONE,
E069::east%20karbi%20anglong,E069,2018-0295-IND,2018-08-07,Assam,East Karbi Anglong,,,7303.723967073078,NONE,missing,matched,76128533B38548995376745,matched,missing,,,,,,,,,,NONE,
E069::golaghat,E069,2018-0295-IND,2018-08-07,Assam,Golaghat,,,3532.2679838886856,NONE,missing,matched,17582.0,matched,missing,,,,,,,,,,NONE,
E069::hailakandi,E069,2018-0295-IND,2018-08-07,Assam,Hailakandi,,,1336.4605858584375,NONE,missing,matched,70088.0,matched,missing,,,,,,,,,,NONE,
E069::hojai,E069,2018-0295-IND,2018-08-07,Assam,Hojai,,,1456.4677644953886,NONE,missing,matched,76128533B70315194619807,matched,missing,,,,,,,,,,NONE,
E069::jorhat,E069,2018-0295-IND,2018-08-07,Assam,Jorhat,,,2842.716884638612,NONE,missing,matched,70089.0,matched,missing,,,,,,,,,,NONE,
E069::karimganj,E069,2018-0295-IND,2018-08-07,Assam,Karimganj,,,1856.722473230466,NONE,missing,matched,17585.0,matched,missing,,,,,,,,,,NONE,
E069::kokrajhar,E069,2018-0295-IND,2018-08-07,Assam,Kokrajhar,,,3329.2233881813268,NONE,missing,matched,70090.0,matched,missing,,,,,,,,,,NONE,
E069::lakhimpur,E069,2018-0295-IND,2018-08-07,Assam,Lakhimpur,,,2886.5239581816727,NONE,missing,matched,70091.0,matched,missing,,,,,,,,,,NONE,
E069::majuli,E069,2018-0295-IND,2018-08-07,Assam,Majuli,,,1250.5943287677335,NONE,missing,matched,76128533B15157901669242,matched,missing,,,,,,,,,,NONE,
E069::nagaon,E069,2018-0295-IND,2018-08-07,Assam,Nagaon,,,3997.4423095607103,NONE,missing,matched,17589.0,matched,missing,,,,,,,,,,NONE,
E069::nalbari,E069,2018-0295-IND,2018-08-07,Assam,Nalbari,,,2339.8796955273547,NONE,missing,matched,17590.0,matched,missing,,,,,,,,,,NONE,
E069::sivasagar,E069,2018-0295-IND,2018-08-07,Assam,Sivasagar,,,1526.651765771626,NONE,missing,matched,76128533B21722277889516,matched,missing,,,,,,,,,,NONE,
E069::sonitpur,E069,2018-0295-IND,2018-08-07,Assam,Sonitpur,,,4676.158375740257,NONE,missing,matched,17593.0,matched,missing,,,,,,,,,,NONE,
E069::tinsukia,E069,2018-0295-IND,2018-08-07,Assam,Tinsukia,,,3799.190193815676,NONE,missing,matched,70093.0,matched,missing,,,,,,,,,,NONE,
E069::udalguri,E069,2018-0295-IND,2018-08-07,Assam,Udalguri,,,2056.2913712488325,NONE,missing,matched,76128533B20307518801538,matched,missing,,,,,,,,,,NONE,
E069::west%20karbi%20anglong,E069,2018-0295-IND,2018-08-07,Assam,West Karbi Anglong,,,3106.6868691946506,NONE,missing,matched,76128533B57995625790051,matched,missing,,,,,,,,,,NONE,
E070::chamba,E070,2018-0295-IND,2018-08-07,Himachal Pradesh,Chamba,,,6056.411356305338,NONE,missing,matched,17667.0,matched,missing,,,,,,,,,,NONE,
E070::hamirpur,E070,2018-0295-IND,2018-08-07,Himachal Pradesh,Hamirpur,,,1122.326232597962,NONE,missing,matched,17668.0,matched,missing,,,,,,,,,,NONE,
E070::kangra,E070,2018-0295-IND,2018-08-07,Himachal Pradesh,Kangra,,,5710.452547791486,NONE,missing,matched,17669.0,matched,missing,,,,,,,,,,NONE,
E070::kullu,E070,2018-0295-IND,2018-08-07,Himachal Pradesh,Kullu,,,5505.982355912866,NONE,missing,matched,17671.0,matched,missing,,,,,,,,,,NONE,
E070::mandi,E070,2018-0295-IND,2018-08-07,Himachal Pradesh,Mandi,,,3951.2717684747336,NONE,missing,matched,17673.0,matched,missing,,,,,,,,,,NONE,
E070::shimla,E070,2018-0295-IND,2018-08-07,Himachal Pradesh,Shimla,,,5136.6062379686,NONE,missing,matched,17674.0,matched,missing,,,,,,,,,,NONE,
E071::alappuzha,E071,2018-0295-IND,2018-08-07,Kerala,Alappuzha,,,1316.6907112011845,NONE,missing,matched,70298.0,matched,missing,,,,,,,,,,NONE,
E071::ernakulam,E071,2018-0295-IND,2018-08-07,Kerala,Ernakulam,,,2305.474714394872,NONE,missing,matched,17699.0,matched,missing,,,,,,,,,,NONE,
E071::idukki,E071,2018-0295-IND,2018-08-07,Kerala,Idukki,,,5010.411036324633,NONE,missing,matched,17700.0,matched,missing,,,,,,,,,,NONE,
E071::kannur,E071,2018-0295-IND,2018-08-07,Kerala,Kannur,,,2812.193678917521,NONE,missing,matched,17698.0,matched,missing,,,,,,,,,,NONE,
E071::kasaragod,E071,2018-0295-IND,2018-08-07,Kerala,Kasaragod,,,1972.6636827859088,NONE,missing,matched,17701.0,matched,missing,,,,,,,,,,NONE,
E071::kollam,E071,2018-0295-IND,2018-08-07,Kerala,Kollam,,,2363.0186325698423,NONE,missing,matched,17707.0,matched,missing,,,,,,,,,,NONE,
E071::kottayam,E071,2018-0295-IND,2018-08-07,Kerala,Kottayam,,,2143.385583622296,NONE,missing,matched,17702.0,matched,missing,,,,,,,,,,NONE,
E071::kozhikode,E071,2018-0295-IND,2018-08-07,Kerala,Kozhikode,,,2285.6176079375005,NONE,missing,matched,17703.0,matched,missing,,,,,,,,,,NONE,
E071::malappuram,E071,2018-0295-IND,2018-08-07,Kerala,Malappuram,,,3517.427723973104,NONE,missing,matched,17704.0,matched,missing,,,,,,,,,,NONE,
E071::palakkad,E071,2018-0295-IND,2018-08-07,Kerala,Palakkad,,,4489.876823790321,NONE,missing,matched,17705.0,matched,missing,,,,,,,,,,NONE,
E071::pathanamthitta,E071,2018-0295-IND,2018-08-07,Kerala,Pathanamthitta,,,2663.6118314901764,NONE,missing,matched,76128533B29330052395581,matched,missing,,,,,,,,,,NONE,
E071::thiruvananthapuram,E071,2018-0295-IND,2018-08-07,Kerala,Thiruvananthapuram,,,2047.560453755721,NONE,missing,matched,17709.0,matched,missing,,,,,,,,,,NONE,
E071::thrissur,E071,2018-0295-IND,2018-08-07,Kerala,Thrissur,,,2961.767200211148,NONE,missing,matched,17708.0,matched,missing,,,,,,,,,,NONE,
E071::wayanad,E071,2018-0295-IND,2018-08-07,Kerala,Wayanad,,,2130.300649398313,NONE,missing,matched,17710.0,matched,missing,,,,,,,,,,NONE,
E072::kolhapur,E072,2018-0295-IND,2018-08-07,Maharashtra,Kolhapur,,,7680.572392490604,NONE,missing,matched,17769.0,matched,missing,,,,,,,,,,NONE,
E072::mumbai%20city,E072,2018-0295-IND,2018-08-07,Maharashtra,Mumbai City,,,77.22400864672608,NONE,missing,matched,70184.0,matched,missing,,,,,,,,,,NONE,
E072::mumbai%20suburban,E072,2018-0295-IND,2018-08-07,Maharashtra,Mumbai Suburban,,,409.3994670782586,NONE,missing,matched,70183.0,matched,missing,,,,,,,,,,NONE,
E072::palghar,E072,2018-0295-IND,2018-08-07,Maharashtra,Palghar,,,5355.281971404182,NONE,missing,matched,76128533B37148244536449,matched,missing,,,,,,,,,,NONE,
E072::raigad,E072,2018-0295-IND,2018-08-07,Maharashtra,Raigad,,,6987.901171135931,NONE,missing,matched,76128533B99895802074414,matched,missing,,,,,,,,,,NONE,
E072::ratnagiri,E072,2018-0295-IND,2018-08-07,Maharashtra,Ratnagiri,,,8501.126377449938,NONE,missing,matched,17778.0,matched,missing,,,,,,,,,,NONE,
E072::thane,E072,2018-0295-IND,2018-08-07,Maharashtra,Thane,,,9454.897228160951,NONE,missing,matched,17783.0,matched,missing,,,,,,,,,,NONE,
E073::dimapur,E073,2018-0295-IND,2018-08-07,Nagaland,Dimapur,,,868.5075566110293,NONE,missing,matched,70205.0,matched,missing,,,,,,,,,,NONE,
E073::kiphire,E073,2018-0295-IND,2018-08-07,Nagaland,Kiphire,,,1146.2673390398877,NONE,missing,matched,76128533B49100243723360,matched,missing,,,,,,,,,,NONE,
E073::kohima,E073,2018-0295-IND,2018-08-07,Nagaland,Kohima,,,3000.116257660175,NONE,missing,matched,17801.0,matched,missing,,,,,,,,,,NONE,
E073::longleng,E073,2018-0295-IND,2018-08-07,Nagaland,Longleng,,,510.4500440909514,NONE,missing,matched,76128533B66411945144923,matched,missing,,,,,,,,,,NONE,
E073::mokokchung,E073,2018-0295-IND,2018-08-07,Nagaland,Mokokchung,,,1608.6120137611415,NONE,missing,matched,17802.0,matched,missing,,,,,,,,,,NONE,
E073::mon,E073,2018-0295-IND,2018-08-07,Nagaland,Mon,,,2130.495255244007,NONE,missing,matched,17803.0,matched,missing,,,,,,,,,,NONE,
E073::peren,E073,2018-0295-IND,2018-08-07,Nagaland,Peren,,,1794.7346034717525,NONE,missing,matched,76128533B2970909480221,matched,missing,,,,,,,,,,NONE,
E073::phek,E073,2018-0295-IND,2018-08-07,Nagaland,Phek,,,1906.428763538232,NONE,missing,matched,17804.0,matched,missing,,,,,,,,,,NONE,
E073::tuensang,E073,2018-0295-IND,2018-08-07,Nagaland,Tuensang,,,3789.750062415454,NONE,missing,matched,17805.0,matched,missing,,,,,,,,,,NONE,
E073::wokha,E073,2018-0295-IND,2018-08-07,Nagaland,Wokha,,,1629.4709240929494,NONE,missing,matched,17806.0,matched,missing,,,,,,,,,,NONE,
E073::zunheboto,E073,2018-0295-IND,2018-08-07,Nagaland,Zunheboto,,,1576.6578363056528,NONE,missing,matched,17807.0,matched,missing,,,,,,,,,,NONE,
E074::koraput,E074,2018-0295-IND,2018-08-07,Odisha,Koraput,,,8608.98899052561,NONE,missing,matched,17814.0,matched,missing,,,,,,,,,,NONE,
E074::nabarangpur,E074,2018-0295-IND,2018-08-07,Odisha,Nabarangpur,,,5324.008778426437,NONE,missing,matched,70221.0,matched,missing,,,,,,,,,,NONE,
E074::rayagada,E074,2018-0295-IND,2018-08-07,Odisha,Rayagada,,,7404.113889009227,NONE,missing,matched,70224.0,matched,missing,,,,,,,,,,NONE,
E075::ambedkar%20nagar,E075,2018-0295-IND,2018-08-07,Uttar Pradesh,Ambedkar Nagar,,,2328.994244483866,NONE,missing,matched,70257.0,matched,missing,,,,,,,,,,NONE,
E075::ayodhya,E075,2018-0295-IND,2018-08-07,Uttar Pradesh,Ayodhya,,,2675.800154387558,NONE,missing,matched,76128533B60320291189162,matched,missing,,,,,,,,,,NONE,
E075::bahraich,E075,2018-0295-IND,2018-08-07,Uttar Pradesh,Bahraich,,,3705.0099637131552,NONE,missing,matched,17893.0,matched,missing,,,,,,,,,,NONE,
E075::barabanki,E075,2018-0295-IND,2018-08-07,Uttar Pradesh,Barabanki,,,4440.0005417469865,NONE,missing,matched,17896.0,matched,missing,,,,,,,,,,NONE,
E075::basti,E075,2018-0295-IND,2018-08-07,Uttar Pradesh,Basti,,,2522.0744554746907,NONE,missing,matched,17898.0,matched,missing,,,,,,,,,,NONE,
E075::bijnor,E075,2018-0295-IND,2018-08-07,Uttar Pradesh,Bijnor,,,4319.741895171613,NONE,missing,matched,17899.0,matched,missing,,,,,,,,,,NONE,
E075::farrukhabad,E075,2018-0295-IND,2018-08-07,Uttar Pradesh,Farrukhabad,,,2188.008861953001,NONE,missing,matched,17908.0,matched,missing,,,,,,,,,,NONE,
E075::gonda,E075,2018-0295-IND,2018-08-07,Uttar Pradesh,Gonda,,,4014.846082655345,NONE,missing,matched,17913.0,matched,missing,,,,,,,,,,NONE,
E075::kanpur%20dehat,E075,2018-0295-IND,2018-08-07,Uttar Pradesh,Kanpur Dehat,,,5042.756979466441,NONE,missing,matched,70269.0,matched,missing,,,,,,,,,,NONE,
E075::kanpur%20nagar,E075,2018-0295-IND,2018-08-07,Uttar Pradesh,Kanpur Nagar,,,2904.729879575871,NONE,missing,matched,76128533B23710487943819,matched,missing,,,,,,,,,,NONE,
E075::kushinagar,E075,2018-0295-IND,2018-08-07,Uttar Pradesh,Kushinagar,,,2893.16087554316,NONE,missing,matched,70271.0,matched,missing,,,,,,,,,,NONE,
E075::lakhimpur%20kheri,E075,2018-0295-IND,2018-08-07,Uttar Pradesh,Lakhimpur Kheri,,,7708.742992388735,NONE,missing,matched,17921.0,matched,missing,,,,,,,,,,NONE,
E075::mau,E075,2018-0295-IND,2018-08-07,Uttar Pradesh,Mau,,,2070.491760227604,NONE,missing,matched,70274.0,matched,missing,,,,,,,,,,NONE,
E075::pilibhit,E075,2018-0295-IND,2018-08-07,Uttar Pradesh,Pilibhit,,,3594.1579683602813,NONE,missing,matched,17931.0,matched,missing,,,,,,,,,,NONE,
E075::sant%20kabir%20nagar,E075,2018-0295-IND,2018-08-07,Uttar Pradesh,Sant Kabir Nagar,,,1329.179989070325,NONE,missing,matched,70275.0,matched,missing,,,,,,,,,,NONE,
E075::siddharthnagar,E075,2018-0295-IND,2018-08-07,Uttar Pradesh,Siddharthnagar,,,3492.6137371813147,NONE,missing,matched,70278.0,matched,missing,,,,,,,,,,NONE,
E075::sitapur,E075,2018-0295-IND,2018-08-07,Uttar Pradesh,Sitapur,,,5789.793396469067,NONE,missing,matched,17938.0,matched,missing,,,,,,,,,,NONE,
E076::alipurduar,E076,2018-0295-IND,2018-08-07,West Bengal,Alipurduar,,,2805.571892812845,NONE,missing,matched,76128533B23858286755005,matched,missing,,,,,,,,,,NONE,
E076::bankura,E076,2018-0295-IND,2018-08-07,West Bengal,Bankura,,,6981.566770524623,NONE,missing,matched,17945.0,matched,missing,,,,,,,,,,NONE,
E076::birbhum,E076,2018-0295-IND,2018-08-07,West Bengal,Birbhum,,,4566.040490140597,NONE,missing,matched,17947.0,matched,missing,,,,,,,,,,NONE,
E076::cooch%20behar,E076,2018-0295-IND,2018-08-07,West Bengal,Cooch Behar,,,3288.1312386454174,NONE,missing,matched,76128533B64156747739715,matched,missing,,,,,,,,,,NONE,
E076::dakshin%20dinajpur,E076,2018-0295-IND,2018-08-07,West Bengal,Dakshin Dinajpur,,,2107.683120443892,NONE,missing,matched,70290.0,matched,missing,,,,,,,,,,NONE,
E076::darjeeling,E076,2018-0295-IND,2018-08-07,West Bengal,Darjeeling,,,2082.4452472301264,NONE,missing,matched,76128533B17109302371020,matched,missing,,,,,,,,,,NONE,
E076::east%20medinipur,E076,2018-0295-IND,2018-08-07,West Bengal,East Medinipur,,,4206.535570897585,NONE,missing,matched,76128533B25373378863054,matched,missing,,,,,,,,,,NONE,
E076::hooghly,E076,2018-0295-IND,2018-08-07,West Bengal,Hooghly,,,3153.550053477295,NONE,missing,matched,76128533B81857725777974,matched,missing,,,,,,,,,,NONE,
E076::howrah,E076,2018-0295-IND,2018-08-07,West Bengal,Howrah,,,1451.5753227599494,NONE,missing,matched,76128533B22077262393417,matched,missing,,,,,,,,,,NONE,
E076::jalpaiguri,E076,2018-0295-IND,2018-08-07,West Bengal,Jalpaiguri,,,6200.341009430311,NONE,missing,matched,17951.0,matched,missing,,,,,,,,,,NONE,
E076::jhargram,E076,2018-0295-IND,2018-08-07,West Bengal,Jhargram,,,3096.557448032797,NONE,missing,matched,76128533B24861976740713,matched,missing,,,,,,,,,,NONE,
E076::kalimpong,E076,2018-0295-IND,2018-08-07,West Bengal,Kalimpong,,,1110.133398229132,NONE,missing,matched,76128533B78458325839103,matched,missing,,,,,,,,,,NONE,
E076::kolkata,E076,2018-0295-IND,2018-08-07,West Bengal,Kolkata,,,91.84529866788924,NONE,missing,matched,70292.0,matched,missing,,,,,,,,,,NONE,
E076::murshidabad,E076,2018-0295-IND,2018-08-07,West Bengal,Murshidabad,,,5473.753950605631,NONE,missing,matched,17955.0,matched,missing,,,,,,,,,,NONE,
E076::nadia,E076,2018-0295-IND,2018-08-07,West Bengal,Nadia,,,3995.2318634205153,NONE,missing,matched,17956.0,matched,missing,,,,,,,,,,NONE,
E076::north%2024%20parganas,E076,2018-0295-IND,2018-08-07,West Bengal,North 24 Parganas,,,6006.604976683008,NONE,missing,matched,70293.0,matched,missing,,,,,,,,,,NONE,
E076::paschim%20bardhaman,E076,2018-0295-IND,2018-08-07,West Bengal,Paschim Bardhaman,,,1638.342752616778,NONE,missing,matched,76128533B60845263086042,matched,missing,,,,,,,,,,NONE,
E076::purba%20bardhaman,E076,2018-0295-IND,2018-08-07,West Bengal,Purba Bardhaman,,,5396.808202076832,NONE,missing,matched,76128533B59121537940607,matched,missing,,,,,,,,,,NONE,
E076::purulia,E076,2018-0295-IND,2018-08-07,West Bengal,Purulia,,,6255.530346174724,NONE,missing,matched,76128533B16811573188243,matched,missing,,,,,,,,,,NONE,
E076::south%2024%20parganas,E076,2018-0295-IND,2018-08-07,West Bengal,South 24 Parganas,,,5503.307786632012,NONE,missing,matched,70294.0,matched,missing,,,,,,,,,,NONE,
E076::uttar%20dinajpur,E076,2018-0295-IND,2018-08-07,West Bengal,Uttar Dinajpur,,,3356.268468886421,NONE,missing,matched,70295.0,matched,missing,,,,,,,,,,NONE,
E076::west%20medinipur,E076,2018-0295-IND,2018-08-07,West Bengal,West Medinipur,,,6284.990303074793,NONE,missing,matched,76128533B88812350838807,matched,missing,,,,,,,,,,NONE,
E077::ambedkar%20nagar,E077,2018-0370-IND,2018-09-01,Uttar Pradesh,Ambedkar Nagar,,,2328.994244483866,NONE,missing,matched,70257.0,matched,missing,,,,,,,,,,NONE,
E077::amethi,E077,2018-0370-IND,2018-09-01,Uttar Pradesh,Amethi,,,2625.508237461462,NONE,missing,matched,76128533B13908294104682,matched,missing,,,,,,,,,,NONE,
E077::ayodhya,E077,2018-0370-IND,2018-09-01,Uttar Pradesh,Ayodhya,,,2675.800154387558,NONE,missing,matched,76128533B60320291189162,matched,missing,,,,,,,,,,NONE,
E077::azamgarh,E077,2018-0370-IND,2018-09-01,Uttar Pradesh,Azamgarh,,,3904.0182560646062,NONE,missing,matched,17892.0,matched,missing,,,,,,,,,,NONE,
E077::bahraich,E077,2018-0370-IND,2018-09-01,Uttar Pradesh,Bahraich,,,3705.0099637131552,NONE,missing,matched,17893.0,matched,missing,,,,,,,,,,NONE,
E077::ballia,E077,2018-0370-IND,2018-09-01,Uttar Pradesh,Ballia,,,3013.8054759791835,NONE,missing,matched,17894.0,matched,missing,,,,,,,,,,NONE,
E077::balrampur,E077,2018-0370-IND,2018-09-01,Uttar Pradesh,Balrampur,,,3379.881475532829,NONE,missing,matched,70261.0,matched,missing,,,,,,,,,,NONE,
E077::barabanki,E077,2018-0370-IND,2018-09-01,Uttar Pradesh,Barabanki,,,4440.0005417469865,NONE,missing,matched,17896.0,matched,missing,,,,,,,,,,NONE,
E077::basti,E077,2018-0370-IND,2018-09-01,Uttar Pradesh,Basti,,,2522.0744554746907,NONE,missing,matched,17898.0,matched,missing,,,,,,,,,,NONE,
E077::bijnor,E077,2018-0370-IND,2018-09-01,Uttar Pradesh,Bijnor,,,4319.741895171613,NONE,missing,matched,17899.0,matched,missing,,,,,,,,,,NONE,
E077::budaun,E077,2018-0370-IND,2018-09-01,Uttar Pradesh,Budaun,,,4242.298807636645,NONE,missing,matched,76128533B84679668760735,matched,missing,,,,,,,,,,NONE,
E077::chandauli,E077,2018-0370-IND,2018-09-01,Uttar Pradesh,Chandauli,,,2540.7391966848068,NONE,missing,matched,70262.0,matched,missing,,,,,,,,,,NONE,
E077::farrukhabad,E077,2018-0370-IND,2018-09-01,Uttar Pradesh,Farrukhabad,,,2188.008861953001,NONE,missing,matched,17908.0,matched,missing,,,,,,,,,,NONE,
E077::gonda,E077,2018-0370-IND,2018-09-01,Uttar Pradesh,Gonda,,,4014.846082655345,NONE,missing,matched,17913.0,matched,missing,,,,,,,,,,NONE,
E077::hardoi,E077,2018-0370-IND,2018-09-01,Uttar Pradesh,Hardoi,,,6020.112448537428,NONE,missing,matched,17916.0,matched,missing,,,,,,,,,,NONE,
E077::kannauj,E077,2018-0370-IND,2018-09-01,Uttar Pradesh,Kannauj,,,2078.0905279653666,NONE,missing,matched,70268.0,matched,missing,,,,,,,,,,NONE,
E077::kanpur%20dehat,E077,2018-0370-IND,2018-09-01,Uttar Pradesh,Kanpur Dehat,,,5042.756979466441,NONE,missing,matched,70269.0,matched,missing,,,,,,,,,,NONE,
E077::kanpur%20nagar,E077,2018-0370-IND,2018-09-01,Uttar Pradesh,Kanpur Nagar,,,2904.729879575877,NONE,missing,matched,76128533B23710487943819,matched,missing,,,,,,,,,,NONE,
E077::kasganj,E077,2018-0370-IND,2018-09-01,Uttar Pradesh,Kasganj,,,2019.3990921936088,NONE,missing,matched,76128533B7643504807381,matched,missing,,,,,,,,,,NONE,
E077::kushinagar,E077,2018-0370-IND,2018-09-01,Uttar Pradesh,Kushinagar,,,2893.16087554316,NONE,missing,matched,70271.0,matched,missing,,,,,,,,,,NONE,
E077::lakhimpur%20kheri,E077,2018-0370-IND,2018-09-01,Uttar Pradesh,Lakhimpur Kheri,,,7708.742992388735,NONE,missing,matched,17921.0,matched,missing,,,,,,,,,,NONE,
E077::mau,E077,2018-0370-IND,2018-09-01,Uttar Pradesh,Mau,,,2070.491760227604,NONE,missing,matched,70274.0,matched,missing,,,,,,,,,,NONE,
E077::moradabad,E077,2018-0370-IND,2018-09-01,Uttar Pradesh,Moradabad,,,3381.0455742757763,NONE,missing,matched,17928.0,matched,missing,,,,,,,,,,NONE,
E077::pilibhit,E077,2018-0370-IND,2018-09-01,Uttar Pradesh,Pilibhit,,,3594.1579683602813,NONE,missing,matched,17931.0,matched,missing,,,,,,,,,,NONE,
E077::sant%20kabir%20nagar,E077,2018-0370-IND,2018-09-01,Uttar Pradesh,Sant Kabir Nagar,,,1329.179989070325,NONE,missing,matched,70275.0,matched,missing,,,,,,,,,,NONE,
E077::siddharthnagar,E077,2018-0370-IND,2018-09-01,Uttar Pradesh,Siddharthnagar,,,3492.6137371813147,NONE,missing,matched,70278.0,matched,missing,,,,,,,,,,NONE,
E077::sitapur,E077,2018-0370-IND,2018-09-01,Uttar Pradesh,Sitapur,,,5789.793396469067,NONE,missing,matched,17938.0,matched,missing,,,,,,,,,,NONE,
E077::unnao,E077,2018-0370-IND,2018-09-01,Uttar Pradesh,Unnao,,,4606.848065112721,NONE,missing,matched,17941.0,matched,missing,,,,,,,,,,NONE,
E078::yamunanagar,E078,2018-0372-IND,2018-09-23,Haryana,Yamunanagar,,,1306.606219119248,NONE,missing,matched,70138.0,matched,missing,,,,,,,,,,NONE,
E079::amritsar,E079,2018-0372-IND,2018-09-23,Punjab,Amritsar,,,4850.355487392105,NONE,missing,matched,17821.0,matched,missing,,,,,,,,,,NONE,
E079::faridkot,E079,2018-0372-IND,2018-09-23,Punjab,Faridkot,,,1449.1523634868656,NONE,missing,matched,70230.0,matched,missing,,,,,,,,,,NONE,
E079::fazilka,E079,2018-0372-IND,2018-09-23,Punjab,Fazilka,,,3260.9663717370954,NONE,missing,matched,76128533B7291413308870,matched,missing,,,,,,,,,,NONE,
E079::ferozepur,E079,2018-0372-IND,2018-09-23,Punjab,Ferozepur,,,2043.7012138180369,NONE,missing,matched,76128533B421757708753,matched,missing,,,,,,,,,,NONE,
E079::hoshiarpur,E079,2018-0372-IND,2018-09-23,Punjab,Hoshiarpur,,,3362.8966396342144,NONE,missing,matched,17827.0,matched,missing,,,,,,,,,,NONE,
E079::jalandhar,E079,2018-0372-IND,2018-09-23,Punjab,Jalandhar,,,2605.0531477191817,NONE,missing,matched,17828.0,matched,missing,,,,,,,,,,NONE,
E079::ludhiana,E079,2018-0372-IND,2018-09-23,Punjab,Ludhiana,,,3573.10781793918,NONE,missing,matched,17830.0,matched,missing,,,,,,,,,,NONE,
E079::moga,E079,2018-0372-IND,2018-09-23,Punjab,Moga,,,2304.7121791107,NONE,missing,matched,70233.0,matched,missing,,,,,,,,,,NONE,
E079::muktsar,E079,2018-0372-IND,2018-09-23,Punjab,Muktsar,,,2601.679753255548,NONE,missing,matched,70234.0,matched,missing,,,,,,,,,,NONE,
E079::pathankot,E079,2018-0372-IND,2018-09-23,Punjab,Pathankot,,,999.949013574026,NONE,missing,matched,76128533B19630094725383,matched,missing,,,,,,,,,,NONE,
E079::tarn%20taran,E079,2018-0372-IND,2018-09-23,Punjab,Tarn Taran,,,2426.872858514094,NONE,missing,matched,76128533B54652028494758,matched,missing,,,,,,,,,,NONE,
E080::mumbai%20city,E080,2019-0288-IND,2019-06-28,Maharashtra,Mumbai City,,,77.22400864672608,NONE,missing,matched,70184.0,matched,missing,,,,,,,,,,NONE,
E080::pune,E080,2019-0288-IND,2019-06-28,Maharashtra,Pune,,,15649.899791716924,NONE,missing,matched,17776.0,matched,missing,,,,,,,,,,NONE,
E080::ratnagiri,E080,2019-0288-IND,2019-06-28,Maharashtra,Ratnagiri,,,8501.126377449938,NONE,missing,matched,17778.0,matched,missing,,,,,,,,,,NONE,
E081::baksa,E081,2019-0331-IND,2019-07-14,Assam,Baksa,,,2398.6209171216783,NONE,missing,matched,76128533B8221925175605,matched,missing,,,,,,,,,,NONE,
E081::barpeta,E081,2019-0331-IND,2019-07-14,Assam,Barpeta,,,3253.622989828742,NONE,missing,matched,17576.0,matched,missing,,,,,,,,,,NONE,
E081::biswanath,E081,2019-0331-IND,2019-07-14,Assam,Biswanath,,,1795.9804068304836,NONE,missing,matched,76128533B40714385808093,matched,missing,,,,,,,,,,NONE,
E081::bongaigaon,E081,2019-0331-IND,2019-07-14,Assam,Bongaigaon,,,2332.582799042809,NONE,missing,matched,70086.0,matched,missing,,,,,,,,,,NONE,
E081::cachar,E081,2019-0331-IND,2019-07-14,Assam,Cachar,,,3806.329961738336,NONE,missing,matched,17577.0,matched,missing,,,,,,,,,,NONE,
E081::charaideo,E081,2019-0331-IND,2019-07-14,Assam,Charaideo,,,1051.5010239181354,NONE,missing,matched,76128533B89228414823983,matched,missing,,,,,,,,,,NONE,
E081::chirang,E081,2019-0331-IND,2019-07-14,Assam,Chirang,,,1586.6528982343073,NONE,missing,matched,76128533B56012535339305,matched,missing,,,,,,,,,,NONE,
E081::darrang,E081,2019-0331-IND,2019-07-14,Assam,Darrang,,,3426.9679336953163,NONE,missing,matched,17578.0,matched,missing,,,,,,,,,,NONE,
E081::dhemaji,E081,2019-0331-IND,2019-07-14,Assam,Dhemaji,,,2503.3476339074205,NONE,missing,matched,70087.0,matched,missing,,,,,,,,,,NONE,
E081::dhubri,E081,2019-0331-IND,2019-07-14,Assam,Dhubri,,,1790.2800774622651,NONE,missing,matched,76128533B25835998628545,matched,missing,,,,,,,,,,NONE,
E081::dibrugarh,E081,2019-0331-IND,2019-07-14,Assam,Dibrugarh,,,3397.4818067287138,NONE,missing,matched,17580.0,matched,missing,,,,,,,,,,NONE,
E081::goalpara,E081,2019-0331-IND,2019-07-14,Assam,Goalpara,,,1904.60564716237,NONE,missing,matched,17581.0,matched,missing,,,,,,,,,,NONE,
E081::golaghat,E081,2019-0331-IND,2019-07-14,Assam,Golaghat,,,3532.2679838886856,NONE,missing,matched,17582.0,matched,missing,,,,,,,,,,NONE,
E081::hailakandi,E081,2019-0331-IND,2019-07-14,Assam,Hailakandi,,,1336.4605858584375,NONE,missing,matched,70088.0,matched,missing,,,,,,,,,,NONE,
E081::hojai,E081,2019-0331-IND,2019-07-14,Assam,Hojai,,,1456.4677644954024,NONE,missing,matched,76128533B70315194619807,matched,missing,,,,,,,,,,NONE,
E081::jorhat,E081,2019-0331-IND,2019-07-14,Assam,Jorhat,,,2842.716884638612,NONE,missing,matched,70089.0,matched,missing,,,,,,,,,,NONE,
E081::kamrup,E081,2019-0331-IND,2019-07-14,Assam,Kamrup,,,4348.6225796054405,NONE,missing,matched,17583.0,matched,missing,,,,,,,,,,NONE,
E081::kamrup%20metropolitan,E081,2019-0331-IND,2019-07-14,Assam,Kamrup Metropolitan,,,1131.541200086081,NONE,missing,matched,76128533B38230828972906,matched,missing,,,,,,,,,,NONE,
E081::karbi%20anglong,E081,2019-0331-IND,2019-07-14,Assam,Karbi Anglong,,,10446.406497647093,NONE,missing,matched,17584.0,matched,missing,,,,,,,,,,NONE,
E081::karimganj,E081,2019-0331-IND,2019-07-14,Assam,Karimganj,,,1856.722473230466,NONE,missing,matched,17585.0,matched,missing,,,,,,,,,,NONE,
E081::kokrajhar,E081,2019-0331-IND,2019-07-14,Assam,Kokrajhar,,,3329.2233881813268,NONE,missing,matched,70090.0,matched,missing,,,,,,,,,,NONE,
E081::lakhimpur,E081,2019-0331-IND,2019-07-14,Assam,Lakhimpur,,,2886.5239581816727,NONE,missing,matched,70091.0,matched,missing,,,,,,,,,,NONE,
E081::majuli,E081,2019-0331-IND,2019-07-14,Assam,Majuli,,,1250.5943287676694,NONE,missing,matched,76128533B15157901669242,matched,missing,,,,,,,,,,NONE,
E081::morigaon,E081,2019-0331-IND,2019-07-14,Assam,Morigaon,,,1508.3262903435707,NONE,missing,matched,76128533B17968019348564,matched,missing,,,,,,,,,,NONE,
E081::nagaon,E081,2019-0331-IND,2019-07-14,Assam,Nagaon,,,3997.4423095607103,NONE,missing,matched,17589.0,matched,missing,,,,,,,,,,NONE,
E081::nalbari,E081,2019-0331-IND,2019-07-14,Assam,Nalbari,,,2339.8796955273547,NONE,missing,matched,17590.0,matched,missing,,,,,,,,,,NONE,
E081::sivasagar,E081,2019-0331-IND,2019-07-14,Assam,Sivasagar,,,1526.651765771626,NONE,missing,matched,76128533B21722277889516,matched,missing,,,,,,,,,,NONE,
E081::sonitpur,E081,2019-0331-IND,2019-07-14,Assam,Sonitpur,,,4676.158375740257,NONE,missing,matched,17593.0,matched,missing,,,,,,,,,,NONE,
E081::south%20salmara,E081,2019-0331-IND,2019-07-14,Assam,South Salmara,,,719.1856651342704,NONE,missing,matched,76128533B20298037622173,matched,missing,,,,,,,,,,NONE,
E081::tinsukia,E081,2019-0331-IND,2019-07-14,Assam,Tinsukia,,,3799.190193815676,NONE,missing,matched,70093.0,matched,missing,,,,,,,,,,NONE,
E081::udalguri,E081,2019-0331-IND,2019-07-14,Assam,Udalguri,,,2056.2913712488385,NONE,missing,matched,76128533B20307518801538,matched,missing,,,,,,,,,,NONE,
E081::west%20karbi%20anglong,E081,2019-0331-IND,2019-07-14,Assam,West Karbi Anglong,,,3106.6868691946506,NONE,missing,matched,76128533B57995625790051,matched,missing,,,,,,,,,,NONE,
E082::araria,E082,2019-0331-IND,2019-07-14,Bihar,Araria,,,2825.348194194397,NONE,missing,matched,70094.0,matched,missing,,,,,,,,,,NONE,
E082::darbhanga,E082,2019-0331-IND,2019-07-14,Bihar,Darbhanga,,,2293.727225126986,NONE,missing,matched,17598.0,matched,missing,,,,,,,,,,NONE,
E082::east%20champaran,E082,2019-0331-IND,2019-07-14,Bihar,East Champaran,,,4209.432168721379,NONE,missing,matched,76128533B49017555803526,matched,missing,,,,,,,,,,NONE,
E082::katihar,E082,2019-0331-IND,2019-07-14,Bihar,Katihar,,,3068.3721590224136,NONE,missing,matched,17608.0,matched,missing,,,,,,,,,,NONE,
E082::kishanganj,E082,2019-0331-IND,2019-07-14,Bihar,Kishanganj,,,1932.7539351616576,NONE,missing,matched,70100.0,matched,missing,,,,,,,,,,NONE,
E082::madhubani,E082,2019-0331-IND,2019-07-14,Bihar,Madhubani,,,3457.42262983169,NONE,missing,matched,17611.0,matched,missing,,,,,,,,,,NONE,
E082::muzaffarpur,E082,2019-0331-IND,2019-07-14,Bihar,Muzaffarpur,,,3192.441978127565,NONE,missing,matched,17613.0,matched,missing,,,,,,,,,,NONE,
E082::purnia,E082,2019-0331-IND,2019-07-14,Bihar,Purnia,,,3252.274864588641,NONE,missing,matched,17621.0,matched,missing,,,,,,,,,,NONE,
E082::saharsa,E082,2019-0331-IND,2019-07-14,Bihar,Saharsa,,,1692.2702412487936,NONE,missing,matched,17624.0,matched,missing,,,,,,,,,,NONE,
E082::sheohar,E082,2019-0331-IND,2019-07-14,Bihar,Sheohar,,,575.6280849211931,NONE,missing,matched,70103.0,matched,missing,,,,,,,,,,NONE,
E082::sitamarhi,E082,2019-0331-IND,2019-07-14,Bihar,Sitamarhi,,,2075.1609189491032,NONE,missing,matched,17630.0,matched,missing,,,,,,,,,,NONE,
E082::supaul,E082,2019-0331-IND,2019-07-14,Bihar,Supaul,,,2399.2927702222696,NONE,missing,matched,70104.0,matched,missing,,,,,,,,,,NONE,
E084::bagalkot,E084,2019-0331-IND,2019-07-14,Karnataka,Bagalkot,,,6575.100985988591,NONE,missing,matched,70157.0,matched,missing,,,,,,,,,,NONE,
E084::belagavi,E084,2019-0331-IND,2019-07-14,Karnataka,Belagavi,,,13437.79374447446,NONE,missing,matched,76128533B74319098136622,matched,missing,,,,,,,,,,NONE,
E084::chikkamagaluru,E084,2019-0331-IND,2019-07-14,Karnataka,Chikkamagaluru,,,6937.325023111647,NONE,missing,matched,76128533B15550697205080,matched,missing,,,,,,,,,,NONE,
E084::dakshina%20kannada,E084,2019-0331-IND,2019-07-14,Karnataka,Dakshina Kannada,,,5243.21897884346,NONE,missing,matched,76128533B54396396829952,matched,missing,,,,,,,,,,NONE,
E084::hassan,E084,2019-0331-IND,2019-07-14,Karnataka,Hassan,,,6816.680673787337,NONE,missing,matched,17688.0,matched,missing,,,,,,,,,,NONE,
E084::haveri,E084,2019-0331-IND,2019-07-14,Karnataka,Haveri,,,4811.456144597108,NONE,missing,matched,70164.0,matched,missing,,,,,,,,,,NONE,
E084::kodagu,E084,2019-0331-IND,2019-07-14,Karnataka,Kodagu,,,4111.781559839673,NONE,missing,matched,17689.0,matched,missing,,,,,,,,,,NONE,
E084::raichur,E084,2019-0331-IND,2019-07-14,Karnataka,Raichur,,,8465.297775287587,NONE,missing,matched,17693.0,matched,missing,,,,,,,,,,NONE,
E084::shivamogga,E084,2019-0331-IND,2019-07-14,Karnataka,Shivamogga,,,8475.375992282,NONE,missing,matched,76128533B85389886560116,matched,missing,,,,,,,,,,NONE,
E084::udupi,E084,2019-0331-IND,2019-07-14,Karnataka,Udupi,,,3905.2465000015695,NONE,missing,matched,70166.0,matched,missing,,,,,,,,,,NONE,
E084::uttara%20kannada,E084,2019-0331-IND,2019-07-14,Karnataka,Uttara Kannada,,,10404.181767076385,NONE,missing,matched,76128533B79180273895456,matched,missing,,,,,,,,,,NONE,
E084::vijayapura,E084,2019-0331-IND,2019-07-14,Karnataka,Vijayapura,,,10440.064567410886,NONE,missing,matched,76128533B40495457052818,matched,missing,,,,,,,,,,NONE,
E084::yadgir,E084,2019-0331-IND,2019-07-14,Karnataka,Yadgir,,,5296.020634999596,NONE,missing,matched,76128533B84927972855096,matched,missing,,,,,,,,,,NONE,
E085::alappuzha,E085,2019-0331-IND,2019-07-14,Kerala,Alappuzha,,,1316.6907112011845,NONE,missing,matched,70298.0,matched,missing,,,,,,,,,,NONE,
E085::ernakulam,E085,2019-0331-IND,2019-07-14,Kerala,Ernakulam,,,2305.474714394872,NONE,missing,matched,17699.0,matched,missing,,,,,,,,,,NONE,
E085::idukki,E085,2019-0331-IND,2019-07-14,Kerala,Idukki,,,5010.411036324633,NONE,missing,matched,17700.0,matched,missing,,,,,,,,,,NONE,
E085::kannur,E085,2019-0331-IND,2019-07-14,Kerala,Kannur,,,2812.193678917521,NONE,missing,matched,17698.0,matched,missing,,,,,,,,,,NONE,
E085::kasaragod,E085,2019-0331-IND,2019-07-14,Kerala,Kasaragod,,,1972.6636827859088,NONE,missing,matched,17701.0,matched,missing,,,,,,,,,,NONE,
E085::kollam,E085,2019-0331-IND,2019-07-14,Kerala,Kollam,,,2363.0186325698423,NONE,missing,matched,17707.0,matched,missing,,,,,,,,,,NONE,
E085::kottayam,E085,2019-0331-IND,2019-07-14,Kerala,Kottayam,,,2143.385583622296,NONE,missing,matched,17702.0,matched,missing,,,,,,,,,,NONE,
E085::kozhikode,E085,2019-0331-IND,2019-07-14,Kerala,Kozhikode,,,2285.6176079375005,NONE,missing,matched,17703.0,matched,missing,,,,,,,,,,NONE,
E085::malappuram,E085,2019-0331-IND,2019-07-14,Kerala,Malappuram,,,3517.427723973104,NONE,missing,matched,17704.0,matched,missing,,,,,,,,,,NONE,
E085::palakkad,E085,2019-0331-IND,2019-07-14,Kerala,Palakkad,,,4489.876823790321,NONE,missing,matched,17705.0,matched,missing,,,,,,,,,,NONE,
E085::thiruvananthapuram,E085,2019-0331-IND,2019-07-14,Kerala,Thiruvananthapuram,,,2047.560453755721,NONE,missing,matched,17709.0,matched,missing,,,,,,,,,,NONE,
E085::thrissur,E085,2019-0331-IND,2019-07-14,Kerala,Thrissur,,,2961.767200211148,NONE,missing,matched,17708.0,matched,missing,,,,,,,,,,NONE,
E085::wayanad,E085,2019-0331-IND,2019-07-14,Kerala,Wayanad,,,2130.300649398313,NONE,missing,matched,17710.0,matched,missing,,,,,,,,,,NONE,
E086::ahilyanagar,E086,2019-0331-IND,2019-07-14,Maharashtra,Ahilyanagar,,,17103.37464835857,NONE,missing,matched,76128533B47816398970283,matched,missing,,,,,,,,,,NONE,
E086::amravati,E086,2019-0331-IND,2019-07-14,Maharashtra,Amravati,,,12219.234057356958,NONE,missing,matched,17759.0,matched,missing,,,,,,,,,,NONE,
E086::aurangabad,E086,2019-0331-IND,2019-07-14,Maharashtra,Aurangabad,,,10122.454799785144,NONE,missing,matched,17786.0,matched,missing,,,,,,,,,,NONE,
E086::bhandara,E086,2019-0331-IND,2019-07-14,Maharashtra,Bhandara,,,4713.352518104012,NONE,missing,matched,17761.0,matched,missing,,,,,,,,,,NONE,
E086::buldhana,E086,2019-0331-IND,2019-07-14,Maharashtra,Buldhana,,,9775.93581444362,NONE,missing,matched,76128533B70021405538438,matched,missing,,,,,,,,,,NONE,
E086::dhule,E086,2019-0331-IND,2019-07-14,Maharashtra,Dhule,,,7186.255728507124,NONE,missing,matched,17764.0,matched,missing,,,,,,,,,,NONE,
E086::gadchiroli,E086,2019-0331-IND,2019-07-14,Maharashtra,Gadchiroli,,,14484.822963236033,NONE,missing,matched,76128533B36958871695926,matched,missing,,,,,,,,,,NONE,
E086::gondia,E086,2019-0331-IND,2019-07-14,Maharashtra,Gondia,,,5163.895494674012,NONE,missing,matched,76128533B76286653784168,matched,missing,,,,,,,,,,NONE,
E086::hingoli,E086,2019-0331-IND,2019-07-14,Maharashtra,Hingoli,,,4699.451157302487,NONE,missing,matched,70181.0,matched,missing,,,,,,,,,,NONE,
E086::kolhapur,E086,2019-0331-IND,2019-07-14,Maharashtra,Kolhapur,,,7680.572392490604,NONE,missing,matched,17769.0,matched,missing,,,,,,,,,,NONE,
E086::latur,E086,2019-0331-IND,2019-07-14,Maharashtra,Latur,,,7256.020203028519,NONE,missing,matched,17770.0,matched,missing,,,,,,,,,,NONE,
E086::nagpur,E086,2019-0331-IND,2019-07-14,Maharashtra,Nagpur,,,9953.45883218179,NONE,missing,matched,17771.0,matched,missing,,,,,,,,,,NONE,
E086::nandurbar,E086,2019-0331-IND,2019-07-14,Maharashtra,Nandurbar,,,5947.719113281336,NONE,missing,matched,70185.0,matched,missing,,,,,,,,,,NONE,
E086::nashik,E086,2019-0331-IND,2019-07-14,Maharashtra,Nashik,,,15554.167322451072,NONE,missing,matched,17773.0,matched,missing,,,,,,,,,,NONE,
E086::palghar,E086,2019-0331-IND,2019-07-14,Maharashtra,Palghar,,,5355.281971403595,NONE,missing,matched,76128533B37148244536449,matched,missing,,,,,,,,,,NONE,
E086::pune,E086,2019-0331-IND,2019-07-14,Maharashtra,Pune,,,15649.899791716924,NONE,missing,matched,17776.0,matched,missing,,,,,,,,,,NONE,
E086::raigad,E086,2019-0331-IND,2019-07-14,Maharashtra,Raigad,,,6987.901171135931,NONE,missing,matched,76128533B99895802074414,matched,missing,,,,,,,,,,NONE,
E086::ratnagiri,E086,2019-0331-IND,2019-07-14,Maharashtra,Ratnagiri,,,8501.126377449938,NONE,missing,matched,17778.0,matched,missing,,,,,,,,,,NONE,
E086::sangli,E086,2019-0331-IND,2019-07-14,Maharashtra,Sangli,,,8563.308722938114,NONE,missing,matched,17780.0,matched,missing,,,,,,,,,,NONE,
E086::thane,E086,2019-0331-IND,2019-07-14,Maharashtra,Thane,,,9454.897228160951,NONE,missing,matched,17783.0,matched,missing,,,,,,,,,,NONE,
E086::wardha,E086,2019-0331-IND,2019-07-14,Maharashtra,Wardha,,,6326.751952312784,NONE,missing,matched,17784.0,matched,missing,,,,,,,,,,NONE,
E086::yavatmal,E086,2019-0331-IND,2019-07-14,Maharashtra,Yavatmal,,,13565.870768873778,NONE,missing,matched,17785.0,matched,missing,,,,,,,,,,NONE,
E087::angul,E087,2019-0331-IND,2019-07-14,Odisha,Angul,,,6391.830313646586,NONE,missing,matched,70206.0,matched,missing,,,,,,,,,,NONE,
E087::bargarh,E087,2019-0331-IND,2019-07-14,Odisha,Bargarh,,,5804.743547051888,NONE,missing,matched,76128533B74482494441458,matched,missing,,,,,,,,,,NONE,
E087::bolangir,E087,2019-0331-IND,2019-07-14,Odisha,Bolangir,,,6595.817097284386,NONE,missing,matched,70210.0,matched,missing,,,,,,,,,,NONE,
E087::boudh,E087,2019-0331-IND,2019-07-14,Odisha,Boudh,,,3132.695897017485,NONE,missing,matched,70211.0,matched,missing,,,,,,,,,,NONE,
E087::cuttack,E087,2019-0331-IND,2019-07-14,Odisha,Cuttack,,,3955.6007636385752,NONE,missing,matched,17809.0,matched,missing,,,,,,,,,,NONE,
E087::gajapati,E087,2019-0331-IND,2019-07-14,Odisha,Gajapati,,,4080.383431631814,NONE,missing,matched,70213.0,matched,missing,,,,,,,,,,NONE,
E087::ganjam,E087,2019-0331-IND,2019-07-14,Odisha,Ganjam,,,8417.728037695964,NONE,missing,matched,17811.0,matched,missing,,,,,,,,,,NONE,
E087::jagatsinghpur,E087,2019-0331-IND,2019-07-14,Odisha,Jagatsinghpur,,,1691.3201877833696,NONE,missing,matched,70214.0,matched,missing,,,,,,,,,,NONE,
E087::kalahandi,E087,2019-0331-IND,2019-07-14,Odisha,Kalahandi,,,7938.930130032871,NONE,missing,matched,17812.0,matched,missing,,,,,,,,,,NONE,
E087::kandhamal,E087,2019-0331-IND,2019-07-14,Odisha,Kandhamal,,,8088.528530440674,NONE,missing,matched,70217.0,matched,missing,,,,,,,,,,NONE,
E087::kendrapara,E087,2019-0331-IND,2019-07-14,Odisha,Kendrapara,,,2481.5263199879205,NONE,missing,matched,70218.0,matched,missing,,,,,,,,,,NONE,
E087::khordha,E087,2019-0331-IND,2019-07-14,Odisha,Khordha,,,2764.362815680045,NONE,missing,matched,70219.0,matched,missing,,,,,,,,,,NONE,
E087::koraput,E087,2019-0331-IND,2019-07-14,Odisha,Koraput,,,8608.98899052561,NONE,missing,matched,17814.0,matched,missing,,,,,,,,,,NONE,
E087::malkangiri,E087,2019-0331-IND,2019-07-14,Odisha,Malkangiri,,,5849.646224352819,NONE,missing,matched,70220.0,matched,missing,,,,,,,,,,NONE,
E087::nabarangpur,E087,2019-0331-IND,2019-07-14,Odisha,Nabarangpur,,,5324.008778426437,NONE,missing,matched,70221.0,matched,missing,,,,,,,,,,NONE,
E087::nayagarh,E087,2019-0331-IND,2019-07-14,Odisha,Nayagarh,,,3910.6442801996345,NONE,missing,matched,70222.0,matched,missing,,,,,,,,,,NONE,
E087::nuapada,E087,2019-0331-IND,2019-07-14,Odisha,Nuapada,,,3881.856999707553,NONE,missing,matched,70223.0,matched,missing,,,,,,,,,,NONE,
E087::puri,E087,2019-0331-IND,2019-07-14,Odisha,Puri,,,3511.969251866753,NONE,missing,matched,17818.0,matched,missing,,,,,,,,,,NONE,
E087::rayagada,E087,2019-0331-IND,2019-07-14,Odisha,Rayagada,,,7404.113889009227,NONE,missing,matched,70224.0,matched,missing,,,,,,,,,,NONE,
E087::sambalpur,E087,2019-0331-IND,2019-07-14,Odisha,Sambalpur,,,6762.307318916143,NONE,missing,matched,17819.0,matched,missing,,,,,,,,,,NONE,
E087::subarnapur,E087,2019-0331-IND,2019-07-14,Odisha,Subarnapur,,,2356.7180608276617,NONE,missing,matched,76128533B6884509901047,matched,missing,,,,,,,,,,NONE,
E087::sundargarh,E087,2019-0331-IND,2019-07-14,Odisha,Sundargarh,,,9764.412335512005,NONE,missing,matched,17820.0,matched,missing,,,,,,,,,,NONE,
E088::amritsar,E088,2019-0331-IND,2019-07-14,Punjab,Amritsar,,,4850.355487392105,NONE,missing,matched,17821.0,matched,missing,,,,,,,,,,NONE,
E088::bathinda,E088,2019-0331-IND,2019-07-14,Punjab,Bathinda,,,3366.4412884112767,NONE,missing,matched,17822.0,matched,missing,,,,,,,,,,NONE,
E088::faridkot,E088,2019-0331-IND,2019-07-14,Punjab,Faridkot,,,1449.1523634868656,NONE,missing,matched,70230.0,matched,missing,,,,,,,,,,NONE,
E088::fazilka,E088,2019-0331-IND,2019-07-14,Punjab,Fazilka,,,3260.9663717370954,NONE,missing,matched,76128533B7291413308870,matched,missing,,,,,,,,,,NONE,
E088::ferozepur,E088,2019-0331-IND,2019-07-14,Punjab,Ferozepur,,,2043.701213817955,NONE,missing,matched,76128533B421757708753,matched,missing,,,,,,,,,,NONE,
E088::gurdaspur,E088,2019-0331-IND,2019-07-14,Punjab,Gurdaspur,,,3507.09272056944,NONE,missing,matched,17826.0,matched,missing,,,,,,,,,,NONE,
E088::hoshiarpur,E088,2019-0331-IND,2019-07-14,Punjab,Hoshiarpur,,,3362.8966396342144,NONE,missing,matched,17827.0,matched,missing,,,,,,,,,,NONE,
E088::jalandhar,E088,2019-0331-IND,2019-07-14,Punjab,Jalandhar,,,2605.0531477191817,NONE,missing,matched,17828.0,matched,missing,,,,,,,,,,NONE,
E088::ludhiana,E088,2019-0331-IND,2019-07-14,Punjab,Ludhiana,,,3573.10781793918,NONE,missing,matched,17830.0,matched,missing,,,,,,,,,,NONE,
E088::mansa,E088,2019-0331-IND,2019-07-14,Punjab,Mansa,,,2209.549070653662,NONE,missing,matched,70232.0,matched,missing,,,,,,,,,,NONE,
E088::moga,E088,2019-0331-IND,2019-07-14,Punjab,Moga,,,2304.7121791107,NONE,missing,matched,70233.0,matched,missing,,,,,,,,,,NONE,
E088::muktsar,E088,2019-0331-IND,2019-07-14,Punjab,Muktsar,,,2601.679753255548,NONE,missing,matched,70234.0,matched,missing,,,,,,,,,,NONE,
E088::pathankot,E088,2019-0331-IND,2019-07-14,Punjab,Pathankot,,,999.949013574026,NONE,missing,matched,76128533B19630094725383,matched,missing,,,,,,,,,,NONE,
E088::patiala,E088,2019-0331-IND,2019-07-14,Punjab,Patiala,,,3716.087632293798,NONE,missing,matched,17831.0,matched,missing,,,,,,,,,,NONE,
E088::rupnagar,E088,2019-0331-IND,2019-07-14,Punjab,Rupnagar,,,2095.7343025165355,NONE,missing,matched,17832.0,matched,missing,,,,,,,,,,NONE,
E088::sas%20nagar,E088,2019-0331-IND,2019-07-14,Punjab,SAS Nagar,,,1101.7298561292196,NONE,missing,matched,76128533B12197302963241,matched,missing,,,,,,,,,,NONE,
E088::sbs%20nagar,E088,2019-0331-IND,2019-07-14,Punjab,SBS Nagar,,,1278.323970559273,NONE,missing,matched,76128533B14984770113274,matched,missing,,,,,,,,,,NONE,
E088::sangrur,E088,2019-0331-IND,2019-07-14,Punjab,Sangrur,,,5091.276351954565,NONE,missing,matched,17833.0,matched,missing,,,,,,,,,,NONE,
E089::baran,E089,2019-0331-IND,2019-07-14,Rajasthan,Baran,,,6837.623843421029,NONE,missing,matched,70236.0,matched,missing,,,,,,,,,,NONE,
E089::bundi,E089,2019-0331-IND,2019-07-14,Rajasthan,Bundi,,,5584.729928001412,NONE,missing,matched,17841.0,matched,missing,,,,,,,,,,NONE,
E089::chittorgarh,E089,2019-0331-IND,2019-07-14,Rajasthan,Chittorgarh,,,7610.780196310265,NONE,missing,matched,76128533B58527154065354,matched,missing,,,,,,,,,,NONE,
E089::churu,E089,2019-0331-IND,2019-07-14,Rajasthan,Churu,,,17075.11286515193,NONE,missing,matched,17843.0,matched,missing,,,,,,,,,,NONE,
E089::dholpur,E089,2019-0331-IND,2019-07-14,Rajasthan,Dholpur,,,3030.9408891577045,NONE,missing,matched,76128533B64898456093948,matched,missing,,,,,,,,,,NONE,
E089::jhalawar,E089,2019-0331-IND,2019-07-14,Rajasthan,Jhalawar,,,6261.78152754128,NONE,missing,matched,17850.0,matched,missing,,,,,,,,,,NONE,
E089::kota,E089,2019-0331-IND,2019-07-14,Rajasthan,Kota,,,5514.285932841976,NONE,missing,matched,17853.0,matched,missing,,,,,,,,,,NONE,
E089::rajsamand,E089,2019-0331-IND,2019-07-14,Rajasthan,Rajsamand,,,4601.202060349811,NONE,missing,matched,70240.0,matched,missing,,,,,,,,,,NONE,
E089::sikar,E089,2019-0331-IND,2019-07-14,Rajasthan,Sikar,,,7693.658799376819,NONE,missing,matched,17857.0,matched,missing,,,,,,,,,,NONE,
E090::agra,E090,2019-0331-IND,2019-07-14,Uttar Pradesh,Agra,,,3532.421316691642,NONE,missing,matched,17888.0,matched,missing,,,,,,,,,,NONE,
E090::ambedkar%20nagar,E090,2019-0331-IND,2019-07-14,Uttar Pradesh,Ambedkar Nagar,,,2328.994244483866,NONE,missing,matched,70257.0,matched,missing,,,,,,,,,,NONE,
E090::amroha,E090,2019-0331-IND,2019-07-14,Uttar Pradesh,Amroha,,,2281.647503522424,NONE,missing,matched,76128533B21119051307760,matched,missing,,,,,,,,,,NONE,
E090::auraiya,E090,2019-0331-IND,2019-07-14,Uttar Pradesh,Auraiya,,,2182.3976584986426,NONE,missing,matched,70258.0,matched,missing,,,,,,,,,,NONE,
E090::ayodhya,E090,2019-0331-IND,2019-07-14,Uttar Pradesh,Ayodhya,,,2675.800154387558,NONE,missing,matched,76128533B60320291189162,matched,missing,,,,,,,,,,NONE,
E090::bahraich,E090,2019-0331-IND,2019-07-14,Uttar Pradesh,Bahraich,,,3705.0099637131552,NONE,missing,matched,17893.0,matched,missing,,,,,,,,,,NONE,
E090::ballia,E090,2019-0331-IND,2019-07-14,Uttar Pradesh,Ballia,,,3013.8054759791835,NONE,missing,matched,17894.0,matched,missing,,,,,,,,,,NONE,
E090::balrampur,E090,2019-0331-IND,2019-07-14,Uttar Pradesh,Balrampur,,,3379.881475532829,NONE,missing,matched,70261.0,matched,missing,,,,,,,,,,NONE,
E090::banda,E090,2019-0331-IND,2019-07-14,Uttar Pradesh,Banda,,,4528.7470438726,NONE,missing,matched,17895.0,matched,missing,,,,,,,,,,NONE,
E090::barabanki,E090,2019-0331-IND,2019-07-14,Uttar Pradesh,Barabanki,,,4440.0005417469865,NONE,missing,matched,17896.0,matched,missing,,,,,,,,,,NONE,
E090::etawah,E090,2019-0331-IND,2019-07-14,Uttar Pradesh,Etawah,,,2156.538962907565,NONE,missing,matched,17906.0,matched,missing,,,,,,,,,,NONE,
E090::farrukhabad,E090,2019-0331-IND,2019-07-14,Uttar Pradesh,Farrukhabad,,,2188.008861953001,NONE,missing,matched,17908.0,matched,missing,,,,,,,,,,NONE,
E090::ghazipur,E090,2019-0331-IND,2019-07-14,Uttar Pradesh,Ghazipur,,,3392.663587484302,NONE,missing,matched,17912.0,matched,missing,,,,,,,,,,NONE,
E090::gonda,E090,2019-0331-IND,2019-07-14,Uttar Pradesh,Gonda,,,4014.846082655345,NONE,missing,matched,17913.0,matched,missing,,,,,,,,,,NONE,
E090::hamirpur,E090,2019-0331-IND,2019-07-14,Uttar Pradesh,Hamirpur,,,4271.154307143049,NONE,missing,matched,17915.0,matched,missing,,,,,,,,,,NONE,
E090::jalaun,E090,2019-0331-IND,2019-07-14,Uttar Pradesh,Jalaun,,,4572.286607377707,NONE,missing,matched,17917.0,matched,missing,,,,,,,,,,NONE,
E090::kanpur%20dehat,E090,2019-0331-IND,2019-07-14,Uttar Pradesh,Kanpur Dehat,,,5042.756979466441,NONE,missing,matched,70269.0,matched,missing,,,,,,,,,,NONE,
E090::kanpur%20nagar,E090,2019-0331-IND,2019-07-14,Uttar Pradesh,Kanpur Nagar,,,2904.729879575871,NONE,missing,matched,76128533B23710487943819,matched,missing,,,,,,,,,,NONE,
E090::kushinagar,E090,2019-0331-IND,2019-07-14,Uttar Pradesh,Kushinagar,,,2893.16087554316,NONE,missing,matched,70271.0,matched,missing,,,,,,,,,,NONE,
E090::lakhimpur%20kheri,E090,2019-0331-IND,2019-07-14,Uttar Pradesh,Lakhimpur Kheri,,,7708.742992388735,NONE,missing,matched,17921.0,matched,missing,,,,,,,,,,NONE,
E090::mirzapur,E090,2019-0331-IND,2019-07-14,Uttar Pradesh,Mirzapur,,,4526.889753258701,NONE,missing,matched,17927.0,matched,missing,,,,,,,,,,NONE,
E090::pilibhit,E090,2019-0331-IND,2019-07-14,Uttar Pradesh,Pilibhit,,,3594.1579683602813,NONE,missing,matched,17931.0,matched,missing,,,,,,,,,,NONE,
E090::prayagraj,E090,2019-0331-IND,2019-07-14,Uttar Pradesh,Prayagraj,,,5474.7102581208,NONE,missing,matched,76128533B51368558457506,matched,missing,,,,,,,,,,NONE,
E090::sant%20kabir%20nagar,E090,2019-0331-IND,2019-07-14,Uttar Pradesh,Sant Kabir Nagar,,,1329.179989070325,NONE,missing,matched,70275.0,matched,missing,,,,,,,,,,NONE,
E090::shrawasti,E090,2019-0331-IND,2019-07-14,Uttar Pradesh,Shrawasti,,,1950.0124338087928,NONE,missing,matched,76128533B34832354589031,matched,missing,,,,,,,,,,NONE,
E090::sitapur,E090,2019-0331-IND,2019-07-14,Uttar Pradesh,Sitapur,,,5789.793396469067,NONE,missing,matched,17938.0,matched,missing,,,,,,,,,,NONE,
E090::varanasi,E090,2019-0331-IND,2019-07-14,Uttar Pradesh,Varanasi,,,1554.288127138641,NONE,missing,matched,17943.0,matched,missing,,,,,,,,,,NONE,
E091::almora,E091,2019-0331-IND,2019-07-14,Uttarakhand,Almora,,,3105.697721313062,NONE,missing,matched,70280.0,matched,missing,,,,,,,,,,NONE,
E091::bageshwar,E091,2019-0331-IND,2019-07-14,Uttarakhand,Bageshwar,,,2283.823715697251,NONE,missing,matched,70281.0,matched,missing,,,,,,,,,,NONE,
E091::chamoli,E091,2019-0331-IND,2019-07-14,Uttarakhand,Chamoli,,,7838.316284013912,NONE,missing,matched,70282.0,matched,missing,,,,,,,,,,NONE,
E091::champawat,E091,2019-0331-IND,2019-07-14,Uttarakhand,Champawat,,,1688.3763040453146,NONE,missing,matched,70283.0,matched,missing,,,,,,,,,,NONE,
E091::dehradun,E091,2019-0331-IND,2019-07-14,Uttarakhand,Dehradun,,,3070.1655325092884,NONE,missing,matched,17903.0,matched,missing,,,,,,,,,,NONE,
E091::haridwar,E091,2019-0331-IND,2019-07-14,Uttarakhand,Haridwar,,,2388.487173667367,NONE,missing,matched,70284.0,matched,missing,,,,,,,,,,NONE,
E091::nainital,E091,2019-0331-IND,2019-07-14,Uttarakhand,Nainital,,,4068.963433579816,NONE,missing,matched,70285.0,matched,missing,,,,,,,,,,NONE,
E091::pauri%20garhwal,E091,2019-0331-IND,2019-07-14,Uttarakhand,Pauri Garhwal,,,5461.918144346134,NONE,missing,matched,17910.0,matched,missing,,,,,,,,,,NONE,
E091::pithoragarh,E091,2019-0331-IND,2019-07-14,Uttarakhand,Pithoragarh,,,7209.480621522472,NONE,missing,matched,17932.0,matched,missing,,,,,,,,,,NONE,
E091::rudraprayag,E091,2019-0331-IND,2019-07-14,Uttarakhand,Rudraprayag,,,1215.2753847771737,NONE,missing,matched,70286.0,matched,missing,,,,,,,,,,NONE,
E091::tehri%20garhwal,E091,2019-0331-IND,2019-07-14,Uttarakhand,Tehri Garhwal,,,4393.487663681659,NONE,missing,matched,70287.0,matched,missing,,,,,,,,,,NONE,
E091::udham%20singh%20nagar,E091,2019-0331-IND,2019-07-14,Uttarakhand,Udham Singh Nagar,,,2869.388323442663,NONE,missing,matched,70288.0,matched,missing,,,,,,,,,,NONE,
E091::uttarkashi,E091,2019-0331-IND,2019-07-14,Uttarakhand,Uttarkashi,,,6642.1631687539975,NONE,missing,matched,70289.0,matched,missing,,,,,,,,,,NONE,
E092::alipurduar,E092,2019-0331-IND,2019-07-14,West Bengal,Alipurduar,,,2805.571892812845,NONE,missing,matched,76128533B23858286755005,matched,missing,,,,,,,,,,NONE,
E092::bankura,E092,2019-0331-IND,2019-07-14,West Bengal,Bankura,,,6981.566770524623,NONE,missing,matched,17945.0,matched,missing,,,,,,,,,,NONE,
E092::birbhum,E092,2019-0331-IND,2019-07-14,West Bengal,Birbhum,,,4566.040490140597,NONE,missing,matched,17947.0,matched,missing,,,,,,,,,,NONE,
E092::cooch%20behar,E092,2019-0331-IND,2019-07-14,West Bengal,Cooch Behar,,,3288.1312386460245,NONE,missing,matched,76128533B64156747739715,matched,missing,,,,,,,,,,NONE,
E092::dakshin%20dinajpur,E092,2019-0331-IND,2019-07-14,West Bengal,Dakshin Dinajpur,,,2107.683120443892,NONE,missing,matched,70290.0,matched,missing,,,,,,,,,,NONE,
E092::darjeeling,E092,2019-0331-IND,2019-07-14,West Bengal,Darjeeling,,,2082.4452472301264,NONE,missing,matched,76128533B17109302371020,matched,missing,,,,,,,,,,NONE,
E092::east%20medinipur,E092,2019-0331-IND,2019-07-14,West Bengal,East Medinipur,,,4206.535570897585,NONE,missing,matched,76128533B25373378863054,matched,missing,,,,,,,,,,NONE,
E092::hooghly,E092,2019-0331-IND,2019-07-14,West Bengal,Hooghly,,,3153.550053477295,NONE,missing,matched,76128533B81857725777974,matched,missing,,,,,,,,,,NONE,
E092::howrah,E092,2019-0331-IND,2019-07-14,West Bengal,Howrah,,,1451.5753227599494,NONE,missing,matched,76128533B22077262393417,matched,missing,,,,,,,,,,NONE,
E092::jalpaiguri,E092,2019-0331-IND,2019-07-14,West Bengal,Jalpaiguri,,,6200.341009430311,NONE,missing,matched,17951.0,matched,missing,,,,,,,,,,NONE,
E092::jhargram,E092,2019-0331-IND,2019-07-14,West Bengal,Jhargram,,,3096.557448030717,NONE,missing,matched,76128533B24861976740713,matched,missing,,,,,,,,,,NONE,
E092::kalimpong,E092,2019-0331-IND,2019-07-14,West Bengal,Kalimpong,,,1110.1333982291185,NONE,missing,matched,76128533B78458325839103,matched,missing,,,,,,,,,,NONE,
E092::kolkata,E092,2019-0331-IND,2019-07-14,West Bengal,Kolkata,,,91.84529866788924,NONE,missing,matched,70292.0,matched,missing,,,,,,,,,,NONE,
E092::malda,E092,2019-0331-IND,2019-07-14,West Bengal,Malda,,,3569.571917709693,NONE,missing,matched,76128533B36734405131975,matched,missing,,,,,,,,,,NONE,
E092::murshidabad,E092,2019-0331-IND,2019-07-14,West Bengal,Murshidabad,,,5473.753950605631,NONE,missing,matched,17955.0,matched,missing,,,,,,,,,,NONE,
E092::nadia,E092,2019-0331-IND,2019-07-14,West Bengal,Nadia,,,3995.2318634205153,NONE,missing,matched,17956.0,matched,missing,,,,,,,,,,NONE,
E092::north%2024%20parganas,E092,2019-0331-IND,2019-07-14,West Bengal,North 24 Parganas,,,6006.604976683008,NONE,missing,matched,70293.0,matched,missing,,,,,,,,,,NONE,
E092::paschim%20bardhaman,E092,2019-0331-IND,2019-07-14,West Bengal,Paschim Bardhaman,,,1638.342752616779,NONE,missing,matched,76128533B60845263086042,matched,missing,,,,,,,,,,NONE,
E092::purba%20bardhaman,E092,2019-0331-IND,2019-07-14,West Bengal,Purba Bardhaman,,,5396.808202076744,NONE,missing,matched,76128533B59121537940607,matched,missing,,,,,,,,,,NONE,
E092::purulia,E092,2019-0331-IND,2019-07-14,West Bengal,Purulia,,,6255.530346174724,NONE,missing,matched,76128533B16811573188243,matched,missing,,,,,,,,,,NONE,
E092::south%2024%20parganas,E092,2019-0331-IND,2019-07-14,West Bengal,South 24 Parganas,,,5503.307786632012,NONE,missing,matched,70294.0,matched,missing,,,,,,,,,,NONE,
E092::uttar%20dinajpur,E092,2019-0331-IND,2019-07-14,West Bengal,Uttar Dinajpur,,,3356.268468886421,NONE,missing,matched,70295.0,matched,missing,,,,,,,,,,NONE,
E092::west%20medinipur,E092,2019-0331-IND,2019-07-14,West Bengal,West Medinipur,,,6284.990303075887,NONE,missing,matched,76128533B88812350838807,matched,missing,,,,,,,,,,NONE,
E093::alappuzha,E093,2019-0383-IND,2019-08-12,Kerala,Alappuzha,,,1316.6907112011845,NONE,missing,matched,70298.0,matched,missing,,,,,,,,,,NONE,
E093::ernakulam,E093,2019-0383-IND,2019-08-12,Kerala,Ernakulam,,,2305.474714394872,NONE,missing,matched,17699.0,matched,missing,,,,,,,,,,NONE,
E093::idukki,E093,2019-0383-IND,2019-08-12,Kerala,Idukki,,,5010.411036324633,NONE,missing,matched,17700.0,matched,missing,,,,,,,,,,NONE,
E093::kannur,E093,2019-0383-IND,2019-08-12,Kerala,Kannur,,,2812.193678917521,NONE,missing,matched,17698.0,matched,missing,,,,,,,,,,NONE,
E093::kasaragod,E093,2019-0383-IND,2019-08-12,Kerala,Kasaragod,,,1972.6636827859088,NONE,missing,matched,17701.0,matched,missing,,,,,,,,,,NONE,
E093::kottayam,E093,2019-0383-IND,2019-08-12,Kerala,Kottayam,,,2143.385583622296,NONE,missing,matched,17702.0,matched,missing,,,,,,,,,,NONE,
E093::kozhikode,E093,2019-0383-IND,2019-08-12,Kerala,Kozhikode,,,2285.6176079375005,NONE,missing,matched,17703.0,matched,missing,,,,,,,,,,NONE,
E093::malappuram,E093,2019-0383-IND,2019-08-12,Kerala,Malappuram,,,3517.427723973104,NONE,missing,matched,17704.0,matched,missing,,,,,,,,,,NONE,
E093::pathanamthitta,E093,2019-0383-IND,2019-08-12,Kerala,Pathanamthitta,,,2663.6118314901764,NONE,missing,matched,76128533B29330052395581,matched,missing,,,,,,,,,,NONE,
E093::thrissur,E093,2019-0383-IND,2019-08-12,Kerala,Thrissur,,,2961.767200211148,NONE,missing,matched,17708.0,matched,missing,,,,,,,,,,NONE,
E093::wayanad,E093,2019-0383-IND,2019-08-12,Kerala,Wayanad,,,2130.300649398313,NONE,missing,matched,17710.0,matched,missing,,,,,,,,,,NONE,
E094::kolhapur,E094,2019-0383-IND,2019-08-12,Maharashtra,Kolhapur,,,7680.572392490604,NONE,missing,matched,17769.0,matched,missing,,,,,,,,,,NONE,
E094::sangli,E094,2019-0383-IND,2019-08-12,Maharashtra,Sangli,,,8563.308722938114,NONE,missing,matched,17780.0,matched,missing,,,,,,,,,,NONE,
E095::balangir,E095,2019-0383-IND,2019-08-12,Odisha,Balangir,,,6589.423663538448,NONE,missing,matched,76128533B44395557448920,matched,missing,,,,,,,,,,NONE,
E095::kalahandi,E095,2019-0383-IND,2019-08-12,Odisha,Kalahandi,,,7938.930130032871,NONE,missing,matched,17812.0,matched,missing,,,,,,,,,,NONE,
E095::kandhamal,E095,2019-0383-IND,2019-08-12,Odisha,Kandhamal,,,8088.528530440674,NONE,missing,matched,70217.0,matched,missing,,,,,,,,,,NONE,
E095::nuapada,E095,2019-0383-IND,2019-08-12,Odisha,Nuapada,,,3881.856999707553,NONE,missing,matched,70223.0,matched,missing,,,,,,,,,,NONE,
E095::subarnapur,E095,2019-0383-IND,2019-08-12,Odisha,Subarnapur,,,2356.718060827676,NONE,missing,matched,76128533B6884509901047,matched,missing,,,,,,,,,,NONE,
E096::birbhum,E096,2019-0383-IND,2019-08-12,West Bengal,Birbhum,,,4566.040490140597,NONE,missing,matched,17947.0,matched,missing,,,,,,,,,,NONE,
E096::darjeeling,E096,2019-0383-IND,2019-08-12,West Bengal,Darjeeling,,,2082.445247229802,NONE,missing,matched,76128533B17109302371020,matched,missing,,,,,,,,,,NONE,
E096::kalimpong,E096,2019-0383-IND,2019-08-12,West Bengal,Kalimpong,,,1110.133398229132,NONE,missing,matched,76128533B78458325839103,matched,missing,,,,,,,,,,NONE,
E096::nadia,E096,2019-0383-IND,2019-08-12,West Bengal,Nadia,,,3995.2318634205153,NONE,missing,matched,17956.0,matched,missing,,,,,,,,,,NONE,
E097::belagavi,E097,2019-0499-IND,2019-10-19,Karnataka,Belagavi,,,13437.79374447446,NONE,missing,matched,76128533B74319098136622,matched,missing,,,,,,,,,,NONE,
E097::gadag,E097,2019-0499-IND,2019-10-19,Karnataka,Gadag,,,4647.273331660636,NONE,missing,matched,70163.0,matched,missing,,,,,,,,,,NONE,
E097::koppal,E097,2019-0499-IND,2019-10-19,Karnataka,Koppal,,,5575.478276779294,NONE,missing,matched,70165.0,matched,missing,,,,,,,,,,NONE,
E098::alappuzha,E098,2019-0499-IND,2019-10-19,Kerala,Alappuzha,,,1316.6907112011845,NONE,missing,matched,70298.0,matched,missing,,,,,,,,,,NONE,
E098::ernakulam,E098,2019-0499-IND,2019-10-19,Kerala,Ernakulam,,,2305.474714394872,NONE,missing,matched,17699.0,matched,missing,,,,,,,,,,NONE,
E098::kannur,E098,2019-0499-IND,2019-10-19,Kerala,Kannur,,,2812.193678917521,NONE,missing,matched,17698.0,matched,missing,,,,,,,,,,NONE,
E098::kasaragod,E098,2019-0499-IND,2019-10-19,Kerala,Kasaragod,,,1972.6636827859088,NONE,missing,matched,17701.0,matched,missing,,,,,,,,,,NONE,
E098::kollam,E098,2019-0499-IND,2019-10-19,Kerala,Kollam,,,2363.0186325698423,NONE,missing,matched,17707.0,matched,missing,,,,,,,,,,NONE,
E098::kottayam,E098,2019-0499-IND,2019-10-19,Kerala,Kottayam,,,2143.385583622296,NONE,missing,matched,17702.0,matched,missing,,,,,,,,,,NONE,
E098::palakkad,E098,2019-0499-IND,2019-10-19,Kerala,Palakkad,,,4489.876823790321,NONE,missing,matched,17705.0,matched,missing,,,,,,,,,,NONE,
E098::thiruvananthapuram,E098,2019-0499-IND,2019-10-19,Kerala,Thiruvananthapuram,,,2047.560453755721,NONE,missing,matched,17709.0,matched,missing,,,,,,,,,,NONE,
E098::thrissur,E098,2019-0499-IND,2019-10-19,Kerala,Thrissur,,,2961.767200211148,NONE,missing,matched,17708.0,matched,missing,,,,,,,,,,NONE,
E099::nilgiris,E099,2019-0499-IND,2019-10-19,Tamil Nadu,Nilgiris,,,2556.29022980388,NONE,missing,matched,17873.0,matched,missing,,,,,,,,,,NONE,
E100::puducherry,E100,2019-0574-IND,2019-11-29,Puducherry,Puducherry,,,199.99944279980937,NONE,missing,matched,70228.0,matched,missing,,,,,,,,,,NONE,
E101::coimbatore,E101,2019-0574-IND,2019-11-29,Tamil Nadu,Coimbatore,,,7435.549976623285,NONE,missing,matched,17867.0,matched,missing,,,,,,,,,,NONE,
E101::cuddalore,E101,2019-0574-IND,2019-11-29,Tamil Nadu,Cuddalore,,,3834.148317022688,NONE,missing,matched,70243.0,matched,missing,,,,,,,,,,NONE,
E101::nagapattinam,E101,2019-0574-IND,2019-11-29,Tamil Nadu,Nagapattinam,,,4937.704421608838,NONE,missing,matched,70247.0,matched,missing,,,,,,,,,,NONE,
E101::thiruvarur,E101,2019-0574-IND,2019-11-29,Tamil Nadu,Thiruvarur,,,2285.385478948947,NONE,missing,matched,76128533B45072089356239,matched,missing,,,,,,,,,,NONE,
E101::thoothukudi,E101,2019-0574-IND,2019-11-29,Tamil Nadu,Thoothukudi,,,,NONE,failed_aoi,unknown,,unknown,missing,,,,,,,,,,NONE,
E101::tiruppur,E101,2019-0574-IND,2019-11-29,Tamil Nadu,Tiruppur,,,5200.603913602986,NONE,missing,matched,76128533B57036825942975,matched,missing,,,,,,,,,,NONE,
E103::darrang,E103,2020-0206-IND,2020-05-24,Assam,Darrang,,,3426.9679336953163,NONE,missing,matched,17578.0,matched,missing,,,,,,,,,,NONE,
E103::goalpara,E103,2020-0206-IND,2020-05-24,Assam,Goalpara,,,1904.60564716237,NONE,missing,matched,17581.0,matched,missing,,,,,,,,,,NONE,
E103::lakhimpur,E103,2020-0206-IND,2020-05-24,Assam,Lakhimpur,,,2886.5239581816727,NONE,missing,matched,70091.0,matched,missing,,,,,,,,,,NONE,
E103::sonitpur,E103,2020-0206-IND,2020-05-24,Assam,Sonitpur,,,4676.158375740257,NONE,missing,matched,17593.0,matched,missing,,,,,,,,,,NONE,
E103::udalguri,E103,2020-0206-IND,2020-05-24,Assam,Udalguri,,,2056.2913712488385,NONE,missing,matched,76128533B20307518801538,matched,missing,,,,,,,,,,NONE,
E104::mangan,E104,2020-0206-IND,2020-05-24,Sikkim,Mangan,,,4277.456189629023,NONE,missing,matched,76128533B65820903826030,matched,missing,,,,,,,,,,NONE,
E106::east%20siang,E106,2020-0304-IND,2020-06-01,Arunachal Pradesh,East Siang,,,947.3283946599408,NONE,missing,matched,17571.0,matched,missing,,,,,,,,,,NONE,
E106::namsai,E106,2020-0304-IND,2020-06-01,Arunachal Pradesh,Namsai,,,1281.1997378272174,NONE,missing,matched,76128533B1875965515331,matched,missing,,,,,,,,,,NONE,
E107::baksa,E107,2020-0304-IND,2020-06-01,Assam,Baksa,,,2398.6209171216647,NONE,missing,matched,76128533B8221925175605,matched,missing,,,,,,,,,,NONE,
E107::barpeta,E107,2020-0304-IND,2020-06-01,Assam,Barpeta,,,3253.622989828742,NONE,missing,matched,17576.0,matched,missing,,,,,,,,,,NONE,
E107::biswanath,E107,2020-0304-IND,2020-06-01,Assam,Biswanath,,,1795.9804068303213,NONE,missing,matched,76128533B40714385808093,matched,missing,,,,,,,,,,NONE,
E107::bongaigaon,E107,2020-0304-IND,2020-06-01,Assam,Bongaigaon,,,2332.582799042809,NONE,missing,matched,70086.0,matched,missing,,,,,,,,,,NONE,
E107::cachar,E107,2020-0304-IND,2020-06-01,Assam,Cachar,,,3806.329961738336,NONE,missing,matched,17577.0,matched,missing,,,,,,,,,,NONE,
E107::charaideo,E107,2020-0304-IND,2020-06-01,Assam,Charaideo,,,1051.5010239181354,NONE,missing,matched,76128533B89228414823983,matched,missing,,,,,,,,,,NONE,
E107::chirang,E107,2020-0304-IND,2020-06-01,Assam,Chirang,,,1586.6528982343073,NONE,missing,matched,76128533B56012535339305,matched,missing,,,,,,,,,,NONE,
E107::darrang,E107,2020-0304-IND,2020-06-01,Assam,Darrang,,,3426.9679336953163,NONE,missing,matched,17578.0,matched,missing,,,,,,,,,,NONE,
E107::dhemaji,E107,2020-0304-IND,2020-06-01,Assam,Dhemaji,,,2503.3476339074205,NONE,missing,matched,70087.0,matched,missing,,,,,,,,,,NONE,
E107::dhubri,E107,2020-0304-IND,2020-06-01,Assam,Dhubri,,,1790.280077462252,NONE,missing,matched,76128533B25835998628545,matched,missing,,,,,,,,,,NONE,
E107::dibrugarh,E107,2020-0304-IND,2020-06-01,Assam,Dibrugarh,,,3397.4818067287138,NONE,missing,matched,17580.0,matched,missing,,,,,,,,,,NONE,
E107::goalpara,E107,2020-0304-IND,2020-06-01,Assam,Goalpara,,,1904.60564716237,NONE,missing,matched,17581.0,matched,missing,,,,,,,,,,NONE,
E107::golaghat,E107,2020-0304-IND,2020-06-01,Assam,Golaghat,,,3532.2679838886856,NONE,missing,matched,17582.0,matched,missing,,,,,,,,,,NONE,
E107::hojai,E107,2020-0304-IND,2020-06-01,Assam,Hojai,,,1456.4677644954024,NONE,missing,matched,76128533B70315194619807,matched,missing,,,,,,,,,,NONE,
E107::jorhat,E107,2020-0304-IND,2020-06-01,Assam,Jorhat,,,2842.716884638612,NONE,missing,matched,70089.0,matched,missing,,,,,,,,,,NONE,
E107::kamrup,E107,2020-0304-IND,2020-06-01,Assam,Kamrup,,,4348.6225796054405,NONE,missing,matched,17583.0,matched,missing,,,,,,,,,,NONE,
E107::kamrup%20metropolitan,E107,2020-0304-IND,2020-06-01,Assam,Kamrup Metropolitan,,,1131.5412000860365,NONE,missing,matched,76128533B38230828972906,matched,missing,,,,,,,,,,NONE,
E107::karbi%20anglong,E107,2020-0304-IND,2020-06-01,Assam,Karbi Anglong,,,10446.406497647093,NONE,missing,matched,17584.0,matched,missing,,,,,,,,,,NONE,
E107::kokrajhar,E107,2020-0304-IND,2020-06-01,Assam,Kokrajhar,,,3329.2233881813268,NONE,missing,matched,70090.0,matched,missing,,,,,,,,,,NONE,
E107::lakhimpur,E107,2020-0304-IND,2020-06-01,Assam,Lakhimpur,,,2886.5239581816727,NONE,missing,matched,70091.0,matched,missing,,,,,,,,,,NONE,
E107::majuli,E107,2020-0304-IND,2020-06-01,Assam,Majuli,,,1250.5943287676694,NONE,missing,matched,76128533B15157901669242,matched,missing,,,,,,,,,,NONE,
E107::morigaon,E107,2020-0304-IND,2020-06-01,Assam,Morigaon,,,1508.3262903435684,NONE,missing,matched,76128533B17968019348564,matched,missing,,,,,,,,,,NONE,
E107::nagaon,E107,2020-0304-IND,2020-06-01,Assam,Nagaon,,,3997.4423095607103,NONE,missing,matched,17589.0,matched,missing,,,,,,,,,,NONE,
E107::nalbari,E107,2020-0304-IND,2020-06-01,Assam,Nalbari,,,2339.8796955273547,NONE,missing,matched,17590.0,matched,missing,,,,,,,,,,NONE,
E107::sivasagar,E107,2020-0304-IND,2020-06-01,Assam,Sivasagar,,,1526.651765771626,NONE,missing,matched,76128533B21722277889516,matched,missing,,,,,,,,,,NONE,
E107::sonitpur,E107,2020-0304-IND,2020-06-01,Assam,Sonitpur,,,4676.158375740257,NONE,missing,matched,17593.0,matched,missing,,,,,,,,,,NONE,
E107::south%20salmara,E107,2020-0304-IND,2020-06-01,Assam,South Salmara,,,719.1856651342532,NONE,missing,matched,76128533B20298037622173,matched,missing,,,,,,,,,,NONE,
E107::tinsukia,E107,2020-0304-IND,2020-06-01,Assam,Tinsukia,,,3799.190193815676,NONE,missing,matched,70093.0,matched,missing,,,,,,,,,,NONE,
E107::udalguri,E107,2020-0304-IND,2020-06-01,Assam,Udalguri,,,2056.2913712488385,NONE,missing,matched,76128533B20307518801538,matched,missing,,,,,,,,,,NONE,
E107::west%20karbi%20anglong,E107,2020-0304-IND,2020-06-01,Assam,West Karbi Anglong,,,3106.68686919722,NONE,missing,matched,76128533B57995625790051,matched,missing,,,,,,,,,,NONE,
E108::darbhanga,E108,2020-0304-IND,2020-06-01,Bihar,Darbhanga,,,2293.727225126986,NONE,missing,matched,17598.0,matched,missing,,,,,,,,,,NONE,
E108::east%20champaran,E108,2020-0304-IND,2020-06-01,Bihar,East Champaran,,,4209.432168721379,NONE,missing,matched,76128533B49017555803526,matched,missing,,,,,,,,,,NONE,
E108::gopalganj,E108,2020-0304-IND,2020-06-01,Bihar,Gopalganj,,,2044.660708589624,NONE,missing,matched,17604.0,matched,missing,,,,,,,,,,NONE,
E108::khagaria,E108,2020-0304-IND,2020-06-01,Bihar,Khagaria,,,1494.410012910706,NONE,missing,matched,17609.0,matched,missing,,,,,,,,,,NONE,
E108::kishanganj,E108,2020-0304-IND,2020-06-01,Bihar,Kishanganj,,,1932.7539351616576,NONE,missing,matched,70100.0,matched,missing,,,,,,,,,,NONE,
E108::madhepura,E108,2020-0304-IND,2020-06-01,Bihar,Madhepura,,,1841.8576584602,NONE,missing,matched,17612.0,matched,missing,,,,,,,,,,NONE,
E108::madhubani,E108,2020-0304-IND,2020-06-01,Bihar,Madhubani,,,3457.42262983169,NONE,missing,matched,17611.0,matched,missing,,,,,,,,,,NONE,
E108::muzaffarpur,E108,2020-0304-IND,2020-06-01,Bihar,Muzaffarpur,,,3192.441978127565,NONE,missing,matched,17613.0,matched,missing,,,,,,,,,,NONE,
E108::saharsa,E108,2020-0304-IND,2020-06-01,Bihar,Saharsa,,,1692.2702412487936,NONE,missing,matched,17624.0,matched,missing,,,,,,,,,,NONE,
E108::samastipur,E108,2020-0304-IND,2020-06-01,Bihar,Samastipur,,,2911.492917812177,NONE,missing,matched,17626.0,matched,missing,,,,,,,,,,NONE,
E108::saran,E108,2020-0304-IND,2020-06-01,Bihar,Saran,,,2650.3366911206285,NONE,missing,matched,17628.0,matched,missing,,,,,,,,,,NONE,
E108::sheohar,E108,2020-0304-IND,2020-06-01,Bihar,Sheohar,,,575.6280849211931,NONE,missing,matched,70103.0,matched,missing,,,,,,,,,,NONE,
E108::sitamarhi,E108,2020-0304-IND,2020-06-01,Bihar,Sitamarhi,,,2075.1609189491032,NONE,missing,matched,17630.0,matched,missing,,,,,,,,,,NONE,
E108::siwan,E108,2020-0304-IND,2020-06-01,Bihar,Siwan,,,2229.6509970655925,NONE,missing,matched,17631.0,matched,missing,,,,,,,,,,NONE,
E108::supaul,E108,2020-0304-IND,2020-06-01,Bihar,Supaul,,,2399.2927702222696,NONE,missing,matched,70104.0,matched,missing,,,,,,,,,,NONE,
E108::west%20champaran,E108,2020-0304-IND,2020-06-01,Bihar,West Champaran,,,5214.198372330475,NONE,missing,matched,76128533B17762399278073,matched,missing,,,,,,,,,,NONE,
E109::balod,E109,2020-0304-IND,2020-06-01,Chhattisgarh,Balod,,,3424.6142622764123,NONE,missing,matched,76128533B90169585758701,matched,missing,,,,,,,,,,NONE,
E109::balodabazar,E109,2020-0304-IND,2020-06-01,Chhattisgarh,Balodabazar,,,3980.136098307729,NONE,missing,matched,76128533B54306414631532,matched,missing,,,,,,,,,,NONE,
E109::balrampur,E109,2020-0304-IND,2020-06-01,Chhattisgarh,Balrampur,,,7697.7932658673,NONE,missing,matched,76128533B14598081584747,matched,missing,,,,,,,,,,NONE,
E109::bastar,E109,2020-0304-IND,2020-06-01,Chhattisgarh,Bastar,,,14993.252103989971,NONE,missing,matched,70105.0,matched,missing,,,,,,,,,,NONE,
E109::bijapur,E109,2020-0304-IND,2020-06-01,Chhattisgarh,Bijapur,,,9166.228880349568,NONE,missing,matched,76128533B66145460152555,matched,missing,,,,,,,,,,NONE,
E109::dantewada,E109,2020-0304-IND,2020-06-01,Chhattisgarh,Dantewada,,,17077.80807219265,NONE,missing,matched,70107.0,matched,missing,,,,,,,,,,NONE,
E109::dhamtari,E109,2020-0304-IND,2020-06-01,Chhattisgarh,Dhamtari,,,4074.566265206066,NONE,missing,matched,70108.0,matched,missing,,,,,,,,,,NONE,
E109::gariyaband,E109,2020-0304-IND,2020-06-01,Chhattisgarh,Gariyaband,,,4884.817356965688,NONE,missing,matched,76128533B93063337202124,matched,missing,,,,,,,,,,NONE,
E109::janjgir-champa,E109,2020-0304-IND,2020-06-01,Chhattisgarh,Janjgir-Champa,,,3884.879746251652,NONE,missing,matched,70109.0,matched,missing,,,,,,,,,,NONE,
E109::jashpur,E109,2020-0304-IND,2020-06-01,Chhattisgarh,Jashpur,,,5837.85108396611,NONE,missing,matched,70110.0,matched,missing,,,,,,,,,,NONE,
E109::kabirdham,E109,2020-0304-IND,2020-06-01,Chhattisgarh,Kabirdham,,,4238.122137436689,NONE,missing,matched,76128533B48077510234542,matched,missing,,,,,,,,,,NONE,
E109::kanker,E109,2020-0304-IND,2020-06-01,Chhattisgarh,Kanker,,,7178.171664130548,NONE,missing,matched,70111.0,matched,missing,,,,,,,,,,NONE,
E109::kondagaon,E109,2020-0304-IND,2020-06-01,Chhattisgarh,Kondagaon,,,5191.089149731457,NONE,missing,matched,76128533B12144400448811,matched,missing,,,,,,,,,,NONE,
E109::koriya,E109,2020-0304-IND,2020-06-01,Chhattisgarh,Koriya,,,6652.802732133683,NONE,missing,matched,70114.0,matched,missing,,,,,,,,,,NONE,
E109::mungeli,E109,2020-0304-IND,2020-06-01,Chhattisgarh,Mungeli,,,2554.8731088739232,NONE,missing,matched,76128533B17292264941997,matched,missing,,,,,,,,,,NONE,
E109::narayanpur,E109,2020-0304-IND,2020-06-01,Chhattisgarh,Narayanpur,,,3840.847589539658,NONE,missing,matched,76128533B89979485471283,matched,missing,,,,,,,,,,NONE,
E109::raigarh,E109,2020-0304-IND,2020-06-01,Chhattisgarh,Raigarh,,,7102.445664121135,NONE,missing,matched,70297.0,matched,missing,,,,,,,,,,NONE,
E109::raipur,E109,2020-0304-IND,2020-06-01,Chhattisgarh,Raipur,,,12483.455862122348,NONE,missing,matched,70116.0,matched,missing,,,,,,,,,,NONE,
E109::rajnandgaon,E109,2020-0304-IND,2020-06-01,Chhattisgarh,Rajnandgaon,,,8087.838209926009,NONE,missing,matched,70117.0,matched,missing,,,,,,,,,,NONE,
E109::sukma,E109,2020-0304-IND,2020-06-01,Chhattisgarh,Sukma,,,5670.751812032168,NONE,missing,matched,76128533B53316015271969,matched,missing,,,,,,,,,,NONE,
E109::surajpur,E109,2020-0304-IND,2020-06-01,Chhattisgarh,Surajpur,,,3160.829851999189,NONE,missing,matched,76128533B46979893461805,matched,missing,,,,,,,,,,NONE,
E110::ahmedabad,E110,2020-0304-IND,2020-06-01,Gujarat,Ahmedabad,,,7272.000354400464,NONE,missing,matched,76128533B93113981386565,matched,missing,,,,,,,,,,NONE,
E110::amreli,E110,2020-0304-IND,2020-06-01,Gujarat,Amreli,,,7335.055339616136,NONE,missing,matched,17636.0,matched,missing,,,,,,,,,,NONE,
E110::anand,E110,2020-0304-IND,2020-06-01,Gujarat,Anand,,,2708.431476288587,NONE,missing,matched,70124.0,matched,missing,,,,,,,,,,NONE,
E110::bharuch,E110,2020-0304-IND,2020-06-01,Gujarat,Bharuch,,,5286.80850824333,NONE,missing,matched,17638.0,matched,missing,,,,,,,,,,NONE,
E110::bhavnagar,E110,2020-0304-IND,2020-06-01,Gujarat,Bhavnagar,,,8098.916054779909,NONE,missing,matched,17639.0,matched,missing,,,,,,,,,,NONE,
E110::botad,E110,2020-0304-IND,2020-06-01,Gujarat,Botad,,,2635.4766256069506,NONE,missing,matched,76128533B48885555323596,matched,missing,,,,,,,,,,NONE,
E110::devbhumi%20dwarka,E110,2020-0304-IND,2020-06-01,Gujarat,Devbhumi Dwarka,,,4320.429272751922,NONE,missing,matched,76128533B74381554567803,matched,missing,,,,,,,,,,NONE,
E110::gandhinagar,E110,2020-0304-IND,2020-06-01,Gujarat,Gandhinagar,,,1727.568227550091,NONE,missing,matched,17640.0,matched,missing,,,,,,,,,,NONE,
E110::gir%20somnath,E110,2020-0304-IND,2020-06-01,Gujarat,Gir Somnath,,,3780.874903082573,NONE,missing,matched,76128533B45037556977273,matched,missing,,,,,,,,,,NONE,
E110::jamnagar,E110,2020-0304-IND,2020-06-01,Gujarat,Jamnagar,,,10822.719279552311,NONE,missing,matched,17641.0,matched,missing,,,,,,,,,,NONE,
E110::junagadh,E110,2020-0304-IND,2020-06-01,Gujarat,Junagadh,,,8217.26323932205,NONE,missing,matched,17642.0,matched,missing,,,,,,,,,,NONE,
E110::kutch,E110,2020-0304-IND,2020-06-01,Gujarat,Kutch,,,42739.022712293714,NONE,missing,matched,76128533B91881382098572,matched,missing,,,,,,,,,,NONE,
E110::mehsana,E110,2020-0304-IND,2020-06-01,Gujarat,Mehsana,,,4397.478999391727,NONE,missing,matched,76128533B81661995166840,matched,missing,,,,,,,,,,NONE,
E110::morbi,E110,2020-0304-IND,2020-06-01,Gujarat,Morbi,,,4845.3888221565,NONE,missing,matched,76128533B2080752988715,matched,missing,,,,,,,,,,NONE,
E110::narmada,E110,2020-0304-IND,2020-06-01,Gujarat,Narmada,,,2575.207321742988,NONE,missing,matched,70126.0,matched,missing,,,,,,,,,,NONE,
E110::navsari,E110,2020-0304-IND,2020-06-01,Gujarat,Navsari,,,2097.600482441035,NONE,missing,matched,70127.0,matched,missing,,,,,,,,,,NONE,
E110::patan,E110,2020-0304-IND,2020-06-01,Gujarat,Patan,,,6017.262722245363,NONE,missing,matched,70129.0,matched,missing,,,,,,,,,,NONE,
E110::porbandar,E110,2020-0304-IND,2020-06-01,Gujarat,Porbandar,,,2369.3926933976804,NONE,missing,matched,70130.0,matched,missing,,,,,,,,,,NONE,
E110::rajkot,E110,2020-0304-IND,2020-06-01,Gujarat,Rajkot,,,11175.751593133718,NONE,missing,matched,17647.0,matched,missing,,,,,,,,,,NONE,
E110::sabarkantha,E110,2020-0304-IND,2020-06-01,Gujarat,Sabarkantha,,,7457.412888463912,NONE,missing,matched,17648.0,matched,missing,,,,,,,,,,NONE,
E110::surat,E110,2020-0304-IND,2020-06-01,Gujarat,Surat,,,7486.82173633887,NONE,missing,matched,17649.0,matched,missing,,,,,,,,,,NONE,
E110::surendranagar,E110,2020-0304-IND,2020-06-01,Gujarat,Surendranagar,,,10480.710406373057,NONE,missing,matched,17650.0,matched,missing,,,,,,,,,,NONE,
E110::tapi,E110,2020-0304-IND,2020-06-01,Gujarat,Tapi,,,3222.2181213994645,NONE,missing,matched,76128533B12519626815499,matched,missing,,,,,,,,,,NONE,
E110::vadodara,E110,2020-0304-IND,2020-06-01,Gujarat,Vadodara,,,7758.226506800483,NONE,missing,matched,17652.0,matched,missing,,,,,,,,,,NONE,
E111::bagalkot,E111,2020-0304-IND,2020-06-01,Karnataka,Bagalkot,,,6575.100985988591,NONE,missing,matched,70157.0,matched,missing,,,,,,,,,,NONE,
E111::belagavi,E111,2020-0304-IND,2020-06-01,Karnataka,Belagavi,,,13437.793744475348,NONE,missing,matched,76128533B74319098136622,matched,missing,,,,,,,,,,NONE,
E111::chamarajanagar,E111,2020-0304-IND,2020-06-01,Karnataka,Chamarajanagar,,,5769.577402856972,NONE,missing,matched,76128533B16628456658675,matched,missing,,,,,,,,,,NONE,
E111::chikkamagaluru,E111,2020-0304-IND,2020-06-01,Karnataka,Chikkamagaluru,,,6937.32502311172,NONE,missing,matched,76128533B15550697205080,matched,missing,,,,,,,,,,NONE,
E111::kodagu,E111,2020-0304-IND,2020-06-01,Karnataka,Kodagu,,,4111.781559839673,NONE,missing,matched,17689.0,matched,missing,,,,,,,,,,NONE,
E111::mysuru,E111,2020-0304-IND,2020-06-01,Karnataka,Mysuru,,,6454.066401223182,NONE,missing,matched,76128533B95879808095476,matched,missing,,,,,,,,,,NONE,
E111::raichur,E111,2020-0304-IND,2020-06-01,Karnataka,Raichur,,,8465.297775287587,NONE,missing,matched,17693.0,matched,missing,,,,,,,,,,NONE,
E111::shivamogga,E111,2020-0304-IND,2020-06-01,Karnataka,Shivamogga,,,8475.375992281286,NONE,missing,matched,76128533B85389886560116,matched,missing,,,,,,,,,,NONE,
E111::vijayapura,E111,2020-0304-IND,2020-06-01,Karnataka,Vijayapura,,,10440.064567410886,NONE,missing,matched,76128533B40495457052818,matched,missing,,,,,,,,,,NONE,
E112::alappuzha,E112,2020-0304-IND,2020-06-01,Kerala,Alappuzha,,,1316.6907112011845,NONE,missing,matched,70298.0,matched,missing,,,,,,,,,,NONE,
E112::ernakulam,E112,2020-0304-IND,2020-06-01,Kerala,Ernakulam,,,2305.474714394872,NONE,missing,matched,17699.0,matched,missing,,,,,,,,,,NONE,
E112::idukki,E112,2020-0304-IND,2020-06-01,Kerala,Idukki,,,5010.411036324633,NONE,missing,matched,17700.0,matched,missing,,,,,,,,,,NONE,
E112::kannur,E112,2020-0304-IND,2020-06-01,Kerala,Kannur,,,2812.193678917521,NONE,missing,matched,17698.0,matched,missing,,,,,,,,,,NONE,
E112::kasaragod,E112,2020-0304-IND,2020-06-01,Kerala,Kasaragod,,,1972.6636827859088,NONE,missing,matched,17701.0,matched,missing,,,,,,,,,,NONE,
E112::kollam,E112,2020-0304-IND,2020-06-01,Kerala,Kollam,,,2363.0186325698423,NONE,missing,matched,17707.0,matched,missing,,,,,,,,,,NONE,
E112::kottayam,E112,2020-0304-IND,2020-06-01,Kerala,Kottayam,,,2143.385583622296,NONE,missing,matched,17702.0,matched,missing,,,,,,,,,,NONE,
E112::kozhikode,E112,2020-0304-IND,2020-06-01,Kerala,Kozhikode,,,2285.6176079375005,NONE,missing,matched,17703.0,matched,missing,,,,,,,,,,NONE,
E112::malappuram,E112,2020-0304-IND,2020-06-01,Kerala,Malappuram,,,3517.427723973104,NONE,missing,matched,17704.0,matched,missing,,,,,,,,,,NONE,
E112::palakkad,E112,2020-0304-IND,2020-06-01,Kerala,Palakkad,,,4489.876823790321,NONE,missing,matched,17705.0,matched,missing,,,,,,,,,,NONE,
E112::pathanamthitta,E112,2020-0304-IND,2020-06-01,Kerala,Pathanamthitta,,,2663.6118314901764,NONE,missing,matched,76128533B29330052395581,matched,missing,,,,,,,,,,NONE,
E112::thiruvananthapuram,E112,2020-0304-IND,2020-06-01,Kerala,Thiruvananthapuram,,,2047.560453755721,NONE,missing,matched,17709.0,matched,missing,,,,,,,,,,NONE,
E112::thrissur,E112,2020-0304-IND,2020-06-01,Kerala,Thrissur,,,2961.767200211148,NONE,missing,matched,17708.0,matched,missing,,,,,,,,,,NONE,
E112::wayanad,E112,2020-0304-IND,2020-06-01,Kerala,Wayanad,,,2130.300649398313,NONE,missing,matched,17710.0,matched,missing,,,,,,,,,,NONE,
E113::alirajpur,E113,2020-0304-IND,2020-06-01,Madhya Pradesh,Alirajpur,,,3328.147125634416,NONE,missing,matched,76128533B35167844027544,matched,missing,,,,,,,,,,NONE,
E113::balaghat,E113,2020-0304-IND,2020-06-01,Madhya Pradesh,Balaghat,,,9273.202911700502,NONE,missing,matched,17712.0,matched,missing,,,,,,,,,,NONE,
E113::barwani,E113,2020-0304-IND,2020-06-01,Madhya Pradesh,Barwani,,,5438.720763562563,NONE,missing,matched,70170.0,matched,missing,,,,,,,,,,NONE,
E113::betul,E113,2020-0304-IND,2020-06-01,Madhya Pradesh,Betul,,,10094.739119322416,NONE,missing,matched,17714.0,matched,missing,,,,,,,,,,NONE,
E113::bhopal,E113,2020-0304-IND,2020-06-01,Madhya Pradesh,Bhopal,,,2728.200542472355,NONE,missing,matched,17716.0,matched,missing,,,,,,,,,,NONE,
E113::chhatarpur,E113,2020-0304-IND,2020-06-01,Madhya Pradesh,Chhatarpur,,,8731.555849631459,NONE,missing,matched,17718.0,matched,missing,,,,,,,,,,NONE,
E113::chhindwara,E113,2020-0304-IND,2020-06-01,Madhya Pradesh,Chhindwara,,,11835.366817221411,NONE,missing,matched,17719.0,matched,missing,,,,,,,,,,NONE,
E113::damoh,E113,2020-0304-IND,2020-06-01,Madhya Pradesh,Damoh,,,7370.294062152793,NONE,missing,matched,17720.0,matched,missing,,,,,,,,,,NONE,
E113::dewas,E113,2020-0304-IND,2020-06-01,Madhya Pradesh,Dewas,,,6974.172329238148,NONE,missing,matched,17722.0,matched,missing,,,,,,,,,,NONE,
E113::dhar,E113,2020-0304-IND,2020-06-01,Madhya Pradesh,Dhar,,,8154.940181899847,NONE,missing,matched,17723.0,matched,missing,,,,,,,,,,NONE,
E113::dindori,E113,2020-0304-IND,2020-06-01,Madhya Pradesh,Dindori,,,6504.619166448908,NONE,missing,matched,70172.0,matched,missing,,,,,,,,,,NONE,
E113::guna,E113,2020-0304-IND,2020-06-01,Madhya Pradesh,Guna,,,6310.701784637522,NONE,missing,matched,17726.0,matched,missing,,,,,,,,,,NONE,
E113::jhabua,E113,2020-0304-IND,2020-06-01,Madhya Pradesh,Jhabua,,,6774.846818095545,NONE,missing,matched,17731.0,matched,missing,,,,,,,,,,NONE,
E113::katni,E113,2020-0304-IND,2020-06-01,Madhya Pradesh,Katni,,,6177.827815693768,NONE,missing,matched,70174.0,matched,missing,,,,,,,,,,NONE,
E113::khandwa,E113,2020-0304-IND,2020-06-01,Madhya Pradesh,Khandwa,,,7569.444773775944,NONE,missing,matched,76128533B71271011331008,matched,missing,,,,,,,,,,NONE,
E113::khargone,E113,2020-0304-IND,2020-06-01,Madhya Pradesh,Khargone,,,8025.990695313751,NONE,missing,matched,76128533B69481535535995,matched,missing,,,,,,,,,,NONE,
E113::mandla,E113,2020-0304-IND,2020-06-01,Madhya Pradesh,Mandla,,,6789.128068652252,NONE,missing,matched,17732.0,matched,missing,,,,,,,,,,NONE,
E113::mandsaur,E113,2020-0304-IND,2020-06-01,Madhya Pradesh,Mandsaur,,,5643.701304302103,NONE,missing,matched,17733.0,matched,missing,,,,,,,,,,NONE,
E113::morena,E113,2020-0304-IND,2020-06-01,Madhya Pradesh,Morena,,,4993.90562255651,NONE,missing,matched,17734.0,matched,missing,,,,,,,,,,NONE,
E113::narmadapuram,E113,2020-0304-IND,2020-06-01,Madhya Pradesh,Narmadapuram,,,6700.110425846931,NONE,missing,matched,76128533B45314020251888,matched,missing,,,,,,,,,,NONE,
E113::narsinghpur,E113,2020-0304-IND,2020-06-01,Madhya Pradesh,Narsinghpur,,,5157.19083673726,NONE,missing,matched,17735.0,matched,missing,,,,,,,,,,NONE,
E113::neemuch,E113,2020-0304-IND,2020-06-01,Madhya Pradesh,Neemuch,,,4163.266735725532,NONE,missing,matched,70175.0,matched,missing,,,,,,,,,,NONE,
E113::panna,E113,2020-0304-IND,2020-06-01,Madhya Pradesh,Panna,,,7129.189669540547,NONE,missing,matched,17736.0,matched,missing,,,,,,,,,,NONE,
E113::raisen,E113,2020-0304-IND,2020-06-01,Madhya Pradesh,Raisen,,,8515.574877211904,NONE,missing,matched,17739.0,matched,missing,,,,,,,,,,NONE,
E113::rajgarh,E113,2020-0304-IND,2020-06-01,Madhya Pradesh,Rajgarh,,,6134.20538789803,NONE,missing,matched,17741.0,matched,missing,,,,,,,,,,NONE,
E113::rewa,E113,2020-0304-IND,2020-06-01,Madhya Pradesh,Rewa,,,6327.703909411602,NONE,missing,matched,17743.0,matched,missing,,,,,,,,,,NONE,
E113::satna,E113,2020-0304-IND,2020-06-01,Madhya Pradesh,Satna,,,7518.918005922663,NONE,missing,matched,17745.0,matched,missing,,,,,,,,,,NONE,
E113::sehore,E113,2020-0304-IND,2020-06-01,Madhya Pradesh,Sehore,,,6579.04852795314,NONE,missing,matched,17746.0,matched,missing,,,,,,,,,,NONE,
E113::seoni,E113,2020-0304-IND,2020-06-01,Madhya Pradesh,Seoni,,,8779.066238181113,NONE,missing,matched,17747.0,matched,missing,,,,,,,,,,NONE,
E113::shahdol,E113,2020-0304-IND,2020-06-01,Madhya Pradesh,Shahdol,,,8337.887459537009,NONE,missing,matched,17748.0,matched,missing,,,,,,,,,,NONE,
E113::sheopur,E113,2020-0304-IND,2020-06-01,Madhya Pradesh,Sheopur,,,6537.313947628205,NONE,missing,matched,70176.0,matched,missing,,,,,,,,,,NONE,
E113::shivpuri,E113,2020-0304-IND,2020-06-01,Madhya Pradesh,Shivpuri,,,10487.445637716834,NONE,missing,matched,17750.0,matched,missing,,,,,,,,,,NONE,
E113::sidhi,E113,2020-0304-IND,2020-06-01,Madhya Pradesh,Sidhi,,,10590.123062249128,NONE,missing,matched,17751.0,matched,missing,,,,,,,,,,NONE,
E113::singrauli,E113,2020-0304-IND,2020-06-01,Madhya Pradesh,Singrauli,,,5989.58196704583,NONE,missing,matched,76128533B50014751336341,matched,missing,,,,,,,,,,NONE,
E113::tikamgarh,E113,2020-0304-IND,2020-06-01,Madhya Pradesh,Tikamgarh,,,5076.989379004398,NONE,missing,matched,17753.0,matched,missing,,,,,,,,,,NONE,
E113::umaria,E113,2020-0304-IND,2020-06-01,Madhya Pradesh,Umaria,,,3734.613924952783,NONE,missing,matched,70177.0,matched,missing,,,,,,,,,,NONE,
E113::vidisha,E113,2020-0304-IND,2020-06-01,Madhya Pradesh,Vidisha,,,7319.58909257645,NONE,missing,matched,17755.0,matched,missing,,,,,,,,,,NONE,
E114::kolhapur,E114,2020-0304-IND,2020-06-01,Maharashtra,Kolhapur,,,7680.572392490604,NONE,missing,matched,17769.0,matched,missing,,,,,,,,,,NONE,
E115::koraput,E115,2020-0304-IND,2020-06-01,Odisha,Koraput,,,8608.98899052561,NONE,missing,matched,17814.0,matched,missing,,,,,,,,,,NONE,
E115::malkangiri,E115,2020-0304-IND,2020-06-01,Odisha,Malkangiri,,,5849.646224352819,NONE,missing,matched,70220.0,matched,missing,,,,,,,,,,NONE,
E115::nabarangpur,E115,2020-0304-IND,2020-06-01,Odisha,Nabarangpur,,,5324.008778426437,NONE,missing,matched,70221.0,matched,missing,,,,,,,,,,NONE,
E116::ambedkar%20nagar,E116,2020-0304-IND,2020-06-01,Uttar Pradesh,Ambedkar Nagar,,,2328.994244483866,NONE,missing,matched,70257.0,matched,missing,,,,,,,,,,NONE,
E116::ayodhya,E116,2020-0304-IND,2020-06-01,Uttar Pradesh,Ayodhya,,,2675.800154387558,NONE,missing,matched,76128533B60320291189162,matched,missing,,,,,,,,,,NONE,
E116::azamgarh,E116,2020-0304-IND,2020-06-01,Uttar Pradesh,Azamgarh,,,3904.0182560646062,NONE,missing,matched,17892.0,matched,missing,,,,,,,,,,NONE,
E116::bahraich,E116,2020-0304-IND,2020-06-01,Uttar Pradesh,Bahraich,,,3705.0099637131552,NONE,missing,matched,17893.0,matched,missing,,,,,,,,,,NONE,
E116::balrampur,E116,2020-0304-IND,2020-06-01,Uttar Pradesh,Balrampur,,,3379.881475532829,NONE,missing,matched,70261.0,matched,missing,,,,,,,,,,NONE,
E116::barabanki,E116,2020-0304-IND,2020-06-01,Uttar Pradesh,Barabanki,,,4440.0005417469865,NONE,missing,matched,17896.0,matched,missing,,,,,,,,,,NONE,
E116::gonda,E116,2020-0304-IND,2020-06-01,Uttar Pradesh,Gonda,,,4014.846082655345,NONE,missing,matched,17913.0,matched,missing,,,,,,,,,,NONE,
E116::gorakhpur,E116,2020-0304-IND,2020-06-01,Uttar Pradesh,Gorakhpur,,,3072.188964505668,NONE,missing,matched,17914.0,matched,missing,,,,,,,,,,NONE,
E116::kushinagar,E116,2020-0304-IND,2020-06-01,Uttar Pradesh,Kushinagar,,,2893.16087554316,NONE,missing,matched,70271.0,matched,missing,,,,,,,,,,NONE,
E116::lakhimpur%20kheri,E116,2020-0304-IND,2020-06-01,Uttar Pradesh,Lakhimpur Kheri,,,7708.742992388735,NONE,missing,matched,17921.0,matched,missing,,,,,,,,,,NONE,
E116::maharajganj,E116,2020-0304-IND,2020-06-01,Uttar Pradesh,Maharajganj,,,3197.0231063739748,NONE,missing,matched,70272.0,matched,missing,,,,,,,,,,NONE,
E116::mau,E116,2020-0304-IND,2020-06-01,Uttar Pradesh,Mau,,,2070.491760227604,NONE,missing,matched,70274.0,matched,missing,,,,,,,,,,NONE,
E116::sant%20kabir%20nagar,E116,2020-0304-IND,2020-06-01,Uttar Pradesh,Sant Kabir Nagar,,,1329.179989070325,NONE,missing,matched,70275.0,matched,missing,,,,,,,,,,NONE,
E116::siddharth%20nagar,E116,2020-0304-IND,2020-06-01,Uttar Pradesh,Siddharth Nagar,,,3492.6137371813147,NONE,missing,matched,70278.0,matched,missing,,,,,,,,,,NONE,
E116::sitapur,E116,2020-0304-IND,2020-06-01,Uttar Pradesh,Sitapur,,,5789.793396469067,NONE,missing,matched,17938.0,matched,missing,,,,,,,,,,NONE,
E117::alipurduar,E117,2020-0304-IND,2020-06-01,West Bengal,Alipurduar,,,2805.571892812845,NONE,missing,matched,76128533B23858286755005,matched,missing,,,,,,,,,,NONE,
E117::bankura,E117,2020-0304-IND,2020-06-01,West Bengal,Bankura,,,6981.566770524623,NONE,missing,matched,17945.0,matched,missing,,,,,,,,,,NONE,
E117::birbhum,E117,2020-0304-IND,2020-06-01,West Bengal,Birbhum,,,4566.040490140597,NONE,missing,matched,17947.0,matched,missing,,,,,,,,,,NONE,
E117::cooch%20behar,E117,2020-0304-IND,2020-06-01,West Bengal,Cooch Behar,,,3288.1312386454174,NONE,missing,matched,76128533B64156747739715,matched,missing,,,,,,,,,,NONE,
E117::dakshin%20dinajpur,E117,2020-0304-IND,2020-06-01,West Bengal,Dakshin Dinajpur,,,2107.683120443892,NONE,missing,matched,70290.0,matched,missing,,,,,,,,,,NONE,
E117::darjeeling,E117,2020-0304-IND,2020-06-01,West Bengal,Darjeeling,,,2082.4452472301264,NONE,missing,matched,76128533B17109302371020,matched,missing,,,,,,,,,,NONE,
E117::east%20medinipur,E117,2020-0304-IND,2020-06-01,West Bengal,East Medinipur,,,4206.535570896404,NONE,missing,matched,76128533B25373378863054,matched,missing,,,,,,,,,,NONE,
E117::hooghly,E117,2020-0304-IND,2020-06-01,West Bengal,Hooghly,,,3153.550053477295,NONE,missing,matched,76128533B81857725777974,matched,missing,,,,,,,,,,NONE,
E117::howrah,E117,2020-0304-IND,2020-06-01,West Bengal,Howrah,,,1451.5753227599494,NONE,missing,matched,76128533B22077262393417,matched,missing,,,,,,,,,,NONE,
E117::jalpaiguri,E117,2020-0304-IND,2020-06-01,West Bengal,Jalpaiguri,,,6200.341009430311,NONE,missing,matched,17951.0,matched,missing,,,,,,,,,,NONE,
E117::jhargram,E117,2020-0304-IND,2020-06-01,West Bengal,Jhargram,,,3096.557448030717,NONE,missing,matched,76128533B24861976740713,matched,missing,,,,,,,,,,NONE,
E117::kalimpong,E117,2020-0304-IND,2020-06-01,West Bengal,Kalimpong,,,1110.1333982291185,NONE,missing,matched,76128533B78458325839103,matched,missing,,,,,,,,,,NONE,
E117::kolkata,E117,2020-0304-IND,2020-06-01,West Bengal,Kolkata,,,91.84529866788924,NONE,missing,matched,70292.0,matched,missing,,,,,,,,,,NONE,
E117::malda,E117,2020-0304-IND,2020-06-01,West Bengal,Malda,,,3569.571917708908,NONE,missing,matched,76128533B36734405131975,matched,missing,,,,,,,,,,NONE,
E117::murshidabad,E117,2020-0304-IND,2020-06-01,West Bengal,Murshidabad,,,5473.753950605631,NONE,missing,matched,17955.0,matched,missing,,,,,,,,,,NONE,
E117::nadia,E117,2020-0304-IND,2020-06-01,West Bengal,Nadia,,,3995.2318634205153,NONE,missing,matched,17956.0,matched,missing,,,,,,,,,,NONE,
E117::north%2024%20parganas,E117,2020-0304-IND,2020-06-01,West Bengal,North 24 Parganas,,,6006.604976683008,NONE,missing,matched,70293.0,matched,missing,,,,,,,,,,NONE,
E117::paschim%20bardhaman,E117,2020-0304-IND,2020-06-01,West Bengal,Paschim Bardhaman,,,1638.342752616779,NONE,missing,matched,76128533B60845263086042,matched,missing,,,,,,,,,,NONE,
E117::purba%20bardhaman,E117,2020-0304-IND,2020-06-01,West Bengal,Purba Bardhaman,,,5396.808202076832,NONE,missing,matched,76128533B59121537940607,matched,missing,,,,,,,,,,NONE,
E117::purulia,E117,2020-0304-IND,2020-06-01,West Bengal,Purulia,,,6255.530346174724,NONE,missing,matched,76128533B16811573188243,matched,missing,,,,,,,,,,NONE,
E117::south%2024%20parganas,E117,2020-0304-IND,2020-06-01,West Bengal,South 24 Parganas,,,5503.307786632012,NONE,missing,matched,70294.0,matched,missing,,,,,,,,,,NONE,
E117::uttar%20dinajpur,E117,2020-0304-IND,2020-06-01,West Bengal,Uttar Dinajpur,,,3356.268468886421,NONE,missing,matched,70295.0,matched,missing,,,,,,,,,,NONE,
E117::west%20medinipur,E117,2020-0304-IND,2020-06-01,West Bengal,West Medinipur,,,6284.990303075887,NONE,missing,matched,76128533B88812350838807,matched,missing,,,,,,,,,,NONE,
E118::east%20godavari,E118,2020-0446-IND,2020-10-01,Andhra Pradesh,East Godavari,,,10551.28549542384,NONE,missing,matched,17551.0,matched,missing,,,,,,,,,,NONE,
E118::guntur,E118,2020-0446-IND,2020-10-01,Andhra Pradesh,Guntur,,,11426.357332991543,NONE,missing,matched,17552.0,matched,missing,,,,,,,,,,NONE,
E118::krishna,E118,2020-0446-IND,2020-10-01,Andhra Pradesh,Krishna,,,8431.670297917331,NONE,missing,matched,17556.0,matched,missing,,,,,,,,,,NONE,
E118::kurnool,E118,2020-0446-IND,2020-10-01,Andhra Pradesh,Kurnool,,,17841.084408442177,NONE,missing,matched,17557.0,matched,missing,,,,,,,,,,NONE,
E118::nellore,E118,2020-0446-IND,2020-10-01,Andhra Pradesh,Nellore,,,13465.479193999116,NONE,missing,matched,17561.0,matched,missing,,,,,,,,,,NONE,
E118::srikakulam,E118,2020-0446-IND,2020-10-01,Andhra Pradesh,Srikakulam,,,6302.635009694529,NONE,missing,matched,17565.0,matched,missing,,,,,,,,,,NONE,
E118::visakhapatnam,E118,2020-0446-IND,2020-10-01,Andhra Pradesh,Visakhapatnam,,,11393.738361166628,NONE,missing,matched,76128533B71485440235524,matched,missing,,,,,,,,,,NONE,
E118::west%20godavari,E118,2020-0446-IND,2020-10-01,Andhra Pradesh,West Godavari,,,7779.945166152504,NONE,missing,matched,17569.0,matched,missing,,,,,,,,,,NONE,
E119::kalaburagi,E119,2020-0446-IND,2020-10-01,Karnataka,Kalaburagi,,,11005.005984759722,NONE,missing,matched,76128533B1083016608278,matched,missing,,,,,,,,,,NONE,
E119::koppal,E119,2020-0446-IND,2020-10-01,Karnataka,Koppal,,,5575.478276779294,NONE,missing,matched,70165.0,matched,missing,,,,,,,,,,NONE,
E119::raichur,E119,2020-0446-IND,2020-10-01,Karnataka,Raichur,,,8465.297775287587,NONE,missing,matched,17693.0,matched,missing,,,,,,,,,,NONE,
E119::vijayapura,E119,2020-0446-IND,2020-10-01,Karnataka,Vijayapura,,,10440.064567410886,NONE,missing,matched,76128533B40495457052818,matched,missing,,,,,,,,,,NONE,
E119::yadgir,E119,2020-0446-IND,2020-10-01,Karnataka,Yadgir,,,5296.020634999596,NONE,missing,matched,76128533B84927972855096,matched,missing,,,,,,,,,,NONE,
E120::bauda,E120,2020-0446-IND,2020-10-01,Odisha,Bauda,,,3124.5504724848097,NONE,missing,matched,76128533B84772375641700,matched,missing,,,,,,,,,,NONE,
E120::gajapati,E120,2020-0446-IND,2020-10-01,Odisha,Gajapati,,,4080.383431631814,NONE,missing,matched,70213.0,matched,missing,,,,,,,,,,NONE,
E120::ganjam,E120,2020-0446-IND,2020-10-01,Odisha,Ganjam,,,8417.728037695964,NONE,missing,matched,17811.0,matched,missing,,,,,,,,,,NONE,
E120::kalahandi,E120,2020-0446-IND,2020-10-01,Odisha,Kalahandi,,,7938.930130032871,NONE,missing,matched,17812.0,matched,missing,,,,,,,,,,NONE,
E120::kandhamal,E120,2020-0446-IND,2020-10-01,Odisha,Kandhamal,,,8088.528530440674,NONE,missing,matched,70217.0,matched,missing,,,,,,,,,,NONE,
E120::koraput,E120,2020-0446-IND,2020-10-01,Odisha,Koraput,,,8608.98899052561,NONE,missing,matched,17814.0,matched,missing,,,,,,,,,,NONE,
E120::malkangiri,E120,2020-0446-IND,2020-10-01,Odisha,Malkangiri,,,5849.646224352819,NONE,missing,matched,70220.0,matched,missing,,,,,,,,,,NONE,
E120::nabarangapur,E120,2020-0446-IND,2020-10-01,Odisha,Nabarangapur,,,5413.792578312975,NONE,missing,matched,76128533B99037046327658,matched,missing,,,,,,,,,,NONE,
E120::nuapada,E120,2020-0446-IND,2020-10-01,Odisha,Nuapada,,,3881.856999707553,NONE,missing,matched,70223.0,matched,missing,,,,,,,,,,NONE,
E120::rayagada,E120,2020-0446-IND,2020-10-01,Odisha,Rayagada,,,7404.113889009227,NONE,missing,matched,70224.0,matched,missing,,,,,,,,,,NONE,
E121::hyderabad,E121,2020-0446-IND,2020-10-01,Telangana,Hyderabad,,,178.60393182299086,NONE,missing,matched,17553.0,matched,missing,,,,,,,,,,NONE,
E121::nalgonda,E121,2020-0446-IND,2020-10-01,Telangana,Nalgonda,,,14141.06734194607,NONE,missing,matched,17560.0,matched,missing,,,,,,,,,,NONE,
E121::ranga%20reddy,E121,2020-0446-IND,2020-10-01,Telangana,Ranga Reddy,,,5091.524779829647,NONE,missing,matched,76128533B31175522938788,matched,missing,,,,,,,,,,NONE,
E122::darbhanga,E122,2021-0316-IND,2021-06-01,Bihar,Darbhanga,,,2293.727225126986,NONE,missing,matched,17598.0,matched,missing,,,,,,,,,,NONE,
E122::east%20champaran,E122,2021-0316-IND,2021-06-01,Bihar,East Champaran,,,4209.432168721379,NONE,missing,matched,76128533B49017555803526,matched,missing,,,,,,,,,,NONE,
E122::gopalganj,E122,2021-0316-IND,2021-06-01,Bihar,Gopalganj,,,2044.660708589624,NONE,missing,matched,17604.0,matched,missing,,,,,,,,,,NONE,
E122::madhubani,E122,2021-0316-IND,2021-06-01,Bihar,Madhubani,,,3457.42262983169,NONE,missing,matched,17611.0,matched,missing,,,,,,,,,,NONE,
E122::muzaffarpur,E122,2021-0316-IND,2021-06-01,Bihar,Muzaffarpur,,,3192.441978127565,NONE,missing,matched,17613.0,matched,missing,,,,,,,,,,NONE,
E122::samastipur,E122,2021-0316-IND,2021-06-01,Bihar,Samastipur,,,2911.492917812177,NONE,missing,matched,17626.0,matched,missing,,,,,,,,,,NONE,
E122::saran,E122,2021-0316-IND,2021-06-01,Bihar,Saran,,,2650.3366911206285,NONE,missing,matched,17628.0,matched,missing,,,,,,,,,,NONE,
E122::sitamarhi,E122,2021-0316-IND,2021-06-01,Bihar,Sitamarhi,,,2075.1609189491032,NONE,missing,matched,17630.0,matched,missing,,,,,,,,,,NONE,
E122::siwan,E122,2021-0316-IND,2021-06-01,Bihar,Siwan,,,2229.6509970655925,NONE,missing,matched,17631.0,matched,missing,,,,,,,,,,NONE,
E122::vaishali,E122,2021-0316-IND,2021-06-01,Bihar,Vaishali,,,2013.541665625586,NONE,missing,matched,17632.0,matched,missing,,,,,,,,,,NONE,
E122::west%20champaran,E122,2021-0316-IND,2021-06-01,Bihar,West Champaran,,,5214.198372330475,NONE,missing,matched,76128533B17762399278073,matched,missing,,,,,,,,,,NONE,
E124::navsari,E124,2021-0316-IND,2021-06-01,Gujarat,Navsari,,,2097.600482441035,NONE,missing,matched,70127.0,matched,missing,,,,,,,,,,NONE,
E124::surat,E124,2021-0316-IND,2021-06-01,Gujarat,Surat,,,7486.82173633887,NONE,missing,matched,17649.0,matched,missing,,,,,,,,,,NONE,
E124::valsad,E124,2021-0316-IND,2021-06-01,Gujarat,Valsad,,,3025.875446392478,NONE,missing,matched,17653.0,matched,missing,,,,,,,,,,NONE,
E125::bagalkot,E125,2021-0316-IND,2021-06-01,Karnataka,Bagalkot,,,6575.100985988591,NONE,missing,matched,70157.0,matched,missing,,,,,,,,,,NONE,
E125::belagavi,E125,2021-0316-IND,2021-06-01,Karnataka,Belagavi,,,13437.79374447446,NONE,missing,matched,76128533B74319098136622,matched,missing,,,,,,,,,,NONE,
E125::chikkamagaluru,E125,2021-0316-IND,2021-06-01,Karnataka,Chikkamagaluru,,,6937.32502311172,NONE,missing,matched,76128533B15550697205080,matched,missing,,,,,,,,,,NONE,
E125::davanagere,E125,2021-0316-IND,2021-06-01,Karnataka,Davanagere,,,6632.831187518178,NONE,missing,matched,70162.0,matched,missing,,,,,,,,,,NONE,
E125::dharwad,E125,2021-0316-IND,2021-06-01,Karnataka,Dharwad,,,4276.067791973122,NONE,missing,matched,17686.0,matched,missing,,,,,,,,,,NONE,
E125::gadag,E125,2021-0316-IND,2021-06-01,Karnataka,Gadag,,,4647.273331660636,NONE,missing,matched,70163.0,matched,missing,,,,,,,,,,NONE,
E125::haveri,E125,2021-0316-IND,2021-06-01,Karnataka,Haveri,,,4811.456144597108,NONE,missing,matched,70164.0,matched,missing,,,,,,,,,,NONE,
E125::kodagu,E125,2021-0316-IND,2021-06-01,Karnataka,Kodagu,,,4111.781559839673,NONE,missing,matched,17689.0,matched,missing,,,,,,,,,,NONE,
E125::shivamogga,E125,2021-0316-IND,2021-06-01,Karnataka,Shivamogga,,,8475.375992282,NONE,missing,matched,76128533B85389886560116,matched,missing,,,,,,,,,,NONE,
E125::uttara%20kannada,E125,2021-0316-IND,2021-06-01,Karnataka,Uttara Kannada,,,10404.181767076385,NONE,missing,matched,76128533B79180273895456,matched,missing,,,,,,,,,,NONE,
E126::idukki,E126,2021-0316-IND,2021-06-01,Kerala,Idukki,,,5010.411036324633,NONE,missing,matched,17700.0,matched,missing,,,,,,,,,,NONE,
E126::kottayam,E126,2021-0316-IND,2021-06-01,Kerala,Kottayam,,,2143.385583622296,NONE,missing,matched,17702.0,matched,missing,,,,,,,,,,NONE,
E126::pathanamthitta,E126,2021-0316-IND,2021-06-01,Kerala,Pathanamthitta,,,2663.6118314901764,NONE,missing,matched,76128533B29330052395581,matched,missing,,,,,,,,,,NONE,
E127::kolhapur,E127,2021-0316-IND,2021-06-01,Maharashtra,Kolhapur,,,7680.572392490604,NONE,missing,matched,17769.0,matched,missing,,,,,,,,,,NONE,
E127::mumbai%20suburban,E127,2021-0316-IND,2021-06-01,Maharashtra,Mumbai Suburban,,,409.3994670782586,NONE,missing,matched,70183.0,matched,missing,,,,,,,,,,NONE,
E127::pune,E127,2021-0316-IND,2021-06-01,Maharashtra,Pune,,,15649.899791716924,NONE,missing,matched,17776.0,matched,missing,,,,,,,,,,NONE,
E127::raigad,E127,2021-0316-IND,2021-06-01,Maharashtra,Raigad,,,6987.901171136008,NONE,missing,matched,76128533B99895802074414,matched,missing,,,,,,,,,,NONE,
E127::ratnagiri,E127,2021-0316-IND,2021-06-01,Maharashtra,Ratnagiri,,,8501.126377449938,NONE,missing,matched,17778.0,matched,missing,,,,,,,,,,NONE,
E127::sangli,E127,2021-0316-IND,2021-06-01,Maharashtra,Sangli,,,8563.308722938114,NONE,missing,matched,17780.0,matched,missing,,,,,,,,,,NONE,
E127::satara,E127,2021-0316-IND,2021-06-01,Maharashtra,Satara,,,10502.605850168617,NONE,missing,matched,17781.0,matched,missing,,,,,,,,,,NONE,
E127::sindhudurg,E127,2021-0316-IND,2021-06-01,Maharashtra,Sindhudurg,,,5174.499083363021,NONE,missing,matched,17779.0,matched,missing,,,,,,,,,,NONE,
E127::thane,E127,2021-0316-IND,2021-06-01,Maharashtra,Thane,,,9454.897228160951,NONE,missing,matched,17783.0,matched,missing,,,,,,,,,,NONE,
E127::wardha,E127,2021-0316-IND,2021-06-01,Maharashtra,Wardha,,,6326.751952312784,NONE,missing,matched,17784.0,matched,missing,,,,,,,,,,NONE,
E128::gomati,E128,2021-0316-IND,2021-06-01,Tripura,Gomati,,,1617.9532415825593,NONE,missing,matched,76128533B94126463611805,matched,missing,,,,,,,,,,NONE,
E128::south%20tripura,E128,2021-0316-IND,2021-06-01,Tripura,South Tripura,,,3224.504208632636,NONE,missing,matched,17886.0,matched,missing,,,,,,,,,,NONE,
E128::west%20tripura,E128,2021-0316-IND,2021-06-01,Tripura,West Tripura,,,3039.951701839773,NONE,missing,matched,17887.0,matched,missing,,,,,,,,,,NONE,
E129::ayodhya,E129,2021-0316-IND,2021-06-01,Uttar Pradesh,Ayodhya,,,2675.8001543878418,NONE,missing,matched,76128533B60320291189162,matched,missing,,,,,,,,,,NONE,
E129::ballia,E129,2021-0316-IND,2021-06-01,Uttar Pradesh,Ballia,,,3013.8054759791835,NONE,missing,matched,17894.0,matched,missing,,,,,,,,,,NONE,
E129::barabanki,E129,2021-0316-IND,2021-06-01,Uttar Pradesh,Barabanki,,,4440.0005417469865,NONE,missing,matched,17896.0,matched,missing,,,,,,,,,,NONE,
E129::budaun,E129,2021-0316-IND,2021-06-01,Uttar Pradesh,Budaun,,,4242.298807636645,NONE,missing,matched,76128533B84679668760735,matched,missing,,,,,,,,,,NONE,
E129::lakhimpur%20kheri,E129,2021-0316-IND,2021-06-01,Uttar Pradesh,Lakhimpur Kheri,,,7708.742992388735,NONE,missing,matched,17921.0,matched,missing,,,,,,,,,,NONE,
E130::bageshwar,E130,2021-0316-IND,2021-06-01,Uttarakhand,Bageshwar,,,2283.823715697251,NONE,missing,matched,70281.0,matched,missing,,,,,,,,,,NONE,
E130::chamoli,E130,2021-0316-IND,2021-06-01,Uttarakhand,Chamoli,,,7838.316284013912,NONE,missing,matched,70282.0,matched,missing,,,,,,,,,,NONE,
E130::pithoragarh,E130,2021-0316-IND,2021-06-01,Uttarakhand,Pithoragarh,,,7209.480621522472,NONE,missing,matched,17932.0,matched,missing,,,,,,,,,,NONE,
E131::cooch%20behar,E131,2021-0316-IND,2021-06-01,West Bengal,Cooch Behar,,,3288.1312386454174,NONE,missing,matched,76128533B64156747739715,matched,missing,,,,,,,,,,NONE,
E131::darjeeling,E131,2021-0316-IND,2021-06-01,West Bengal,Darjeeling,,,2082.4452472301264,NONE,missing,matched,76128533B17109302371020,matched,missing,,,,,,,,,,NONE,
E131::jalpaiguri,E131,2021-0316-IND,2021-06-01,West Bengal,Jalpaiguri,,,6200.341009430311,NONE,missing,matched,17951.0,matched,missing,,,,,,,,,,NONE,
E132::north%20goa,E132,2021-0435-IND,2021-06-01,Goa,North Goa,,,1692.9665550824852,NONE,missing,matched,70122.0,matched,missing,,,,,,,,,,NONE,
E132::south%20goa,E132,2021-0435-IND,2021-06-01,Goa,South Goa,,,1992.3538358024769,NONE,missing,matched,70123.0,matched,missing,,,,,,,,,,NONE,
E133::lahaul%20and%20spiti,E133,2021-0435-IND,2021-06-01,Himachal Pradesh,Lahaul and Spiti,,,13839.679584293348,NONE,missing,matched,76128533B75359793481950,matched,missing,,,,,,,,,,NONE,
E134::sahibganj,E134,2021-0435-IND,2021-06-01,Jharkhand,Sahibganj,,,2203.455310809673,NONE,missing,matched,70154.0,matched,missing,,,,,,,,,,NONE,
E135::bagalkot,E135,2021-0435-IND,2021-06-01,Karnataka,Bagalkot,,,6575.100985988591,NONE,missing,matched,70157.0,matched,missing,,,,,,,,,,NONE,
E135::belagavi,E135,2021-0435-IND,2021-06-01,Karnataka,Belagavi,,,13437.79374447446,NONE,missing,matched,76128533B74319098136622,matched,missing,,,,,,,,,,NONE,
E135::chikkamagaluru,E135,2021-0435-IND,2021-06-01,Karnataka,Chikkamagaluru,,,6937.325023111647,NONE,missing,matched,76128533B15550697205080,matched,missing,,,,,,,,,,NONE,
E135::davanagere,E135,2021-0435-IND,2021-06-01,Karnataka,Davanagere,,,6632.831187518178,NONE,missing,matched,70162.0,matched,missing,,,,,,,,,,NONE,
E135::dharwad,E135,2021-0435-IND,2021-06-01,Karnataka,Dharwad,,,4276.067791973122,NONE,missing,matched,17686.0,matched,missing,,,,,,,,,,NONE,
E135::gadag,E135,2021-0435-IND,2021-06-01,Karnataka,Gadag,,,4647.273331660636,NONE,missing,matched,70163.0,matched,missing,,,,,,,,,,NONE,
E135::haveri,E135,2021-0435-IND,2021-06-01,Karnataka,Haveri,,,4811.456144597108,NONE,missing,matched,70164.0,matched,missing,,,,,,,,,,NONE,
E135::kodagu,E135,2021-0435-IND,2021-06-01,Karnataka,Kodagu,,,4111.781559839673,NONE,missing,matched,17689.0,matched,missing,,,,,,,,,,NONE,
E135::shivamogga,E135,2021-0435-IND,2021-06-01,Karnataka,Shivamogga,,,8475.375992282,NONE,missing,matched,76128533B85389886560116,matched,missing,,,,,,,,,,NONE,
E135::uttara%20kannada,E135,2021-0435-IND,2021-06-01,Karnataka,Uttara Kannada,,,10404.181767075685,NONE,missing,matched,76128533B79180273895456,matched,missing,,,,,,,,,,NONE,
E136::pune,E136,2021-0435-IND,2021-06-01,Maharashtra,Pune,,,15649.899791716924,NONE,missing,matched,17776.0,matched,missing,,,,,,,,,,NONE,
E136::raigarh,E136,2021-0435-IND,2021-06-01,Maharashtra,Raigarh,,,6912.842748779044,NONE,missing,matched,17777.0,matched,missing,,,,,,,,,,NONE,
E136::ratnagiri,E136,2021-0435-IND,2021-06-01,Maharashtra,Ratnagiri,,,8501.126377449938,NONE,missing,matched,17778.0,matched,missing,,,,,,,,,,NONE,
E136::satara,E136,2021-0435-IND,2021-06-01,Maharashtra,Satara,,,10502.605850168617,NONE,missing,matched,17781.0,matched,missing,,,,,,,,,,NONE,
E137::bageshwar,E137,2021-0435-IND,2021-06-01,Uttarakhand,Bageshwar,,,2283.823715697251,NONE,missing,matched,70281.0,matched,missing,,,,,,,,,,NONE,
E137::chamoli,E137,2021-0435-IND,2021-06-01,Uttarakhand,Chamoli,,,7838.316284013912,NONE,missing,matched,70282.0,matched,missing,,,,,,,,,,NONE,
E137::dehradun,E137,2021-0435-IND,2021-06-01,Uttarakhand,Dehradun,,,3070.1655325092884,NONE,missing,matched,17903.0,matched,missing,,,,,,,,,,NONE,
E137::pithoragarh,E137,2021-0435-IND,2021-06-01,Uttarakhand,Pithoragarh,,,7209.480621522472,NONE,missing,matched,17932.0,matched,missing,,,,,,,,,,NONE,
E137::uttarkashi,E137,2021-0435-IND,2021-06-01,Uttarakhand,Uttarkashi,,,6642.1631687539975,NONE,missing,matched,70289.0,matched,missing,,,,,,,,,,NONE,
E138::east%20medinipur,E138,2021-0435-IND,2021-06-01,West Bengal,East Medinipur,,,4206.535570896404,NONE,missing,matched,76128533B25373378863054,matched,missing,,,,,,,,,,NONE,
E138::hooghly,E138,2021-0435-IND,2021-06-01,West Bengal,Hooghly,,,3153.550053477295,NONE,missing,matched,76128533B81857725777974,matched,missing,,,,,,,,,,NONE,
E138::west%20medinipur,E138,2021-0435-IND,2021-06-01,West Bengal,West Medinipur,,,6284.990303075887,NONE,missing,matched,76128533B88812350838807,matched,missing,,,,,,,,,,NONE,
E139::bongaigaon,E139,2021-0366-IND,2021-07-01,Assam,Bongaigaon,,,2332.582799042809,NONE,missing,matched,70086.0,matched,missing,,,,,,,,,,NONE,
E139::chirang,E139,2021-0366-IND,2021-07-01,Assam,Chirang,,,1586.6528982343073,NONE,missing,matched,76128533B56012535339305,matched,missing,,,,,,,,,,NONE,
E139::dhemaji,E139,2021-0366-IND,2021-07-01,Assam,Dhemaji,,,2503.3476339074205,NONE,missing,matched,70087.0,matched,missing,,,,,,,,,,NONE,
E139::dibrugarh,E139,2021-0366-IND,2021-07-01,Assam,Dibrugarh,,,3397.4818067287138,NONE,missing,matched,17580.0,matched,missing,,,,,,,,,,NONE,
E140::lahaul%20and%20spiti,E140,2021-0458-IND,2021-07-28,Himachal Pradesh,Lahaul and Spiti,,,13839.679584293348,NONE,missing,matched,76128533B75359793481950,matched,missing,,,,,,,,,,NONE,
E141::anantnag,E141,2021-0458-IND,2021-07-28,Jammu and Kashmir,Anantnag,,,2744.702711002116,NONE,missing,matched,76128533B6393836306469,matched,missing,,,,,,,,,,NONE,
E141::bandipora,E141,2021-0458-IND,2021-07-28,Jammu and Kashmir,Bandipora,,,2983.0559101124977,NONE,missing,matched,76128533B41744580856133,matched,missing,,,,,,,,,,NONE,
E141::ganderbal,E141,2021-0458-IND,2021-07-28,Jammu and Kashmir,Ganderbal,,,1447.329423481058,NONE,missing,matched,76128533B20504715877560,matched,missing,,,,,,,,,,NONE,
E141::kishtwar,E141,2021-0458-IND,2021-07-28,Jammu and Kashmir,Kishtwar,,,7915.862636956913,NONE,missing,matched,76128533B20458430922604,matched,missing,,,,,,,,,,NONE,
E142::devbhumi%20dwarka,E142,2021-0585-IND,2021-09-13,Gujarat,Devbhumi Dwarka,,,4320.429272751359,NONE,missing,matched,76128533B74381554567803,matched,missing,,,,,,,,,,NONE,
E142::gir%20somnath,E142,2021-0585-IND,2021-09-13,Gujarat,Gir Somnath,,,3780.874903082649,NONE,missing,matched,76128533B45037556977273,matched,missing,,,,,,,,,,NONE,
E142::jamnagar,E142,2021-0585-IND,2021-09-13,Gujarat,Jamnagar,,,10822.719279552311,NONE,missing,matched,17641.0,matched,missing,,,,,,,,,,NONE,
E142::junagadh,E142,2021-0585-IND,2021-09-13,Gujarat,Junagadh,,,8217.26323932205,NONE,missing,matched,17642.0,matched,missing,,,,,,,,,,NONE,
E142::morbi,E142,2021-0585-IND,2021-09-13,Gujarat,Morbi,,,4845.388822156085,NONE,missing,matched,76128533B2080752988715,matched,missing,,,,,,,,,,NONE,
E142::porbandar,E142,2021-0585-IND,2021-09-13,Gujarat,Porbandar,,,2369.3926933976804,NONE,missing,matched,70130.0,matched,missing,,,,,,,,,,NONE,
E142::rajkot,E142,2021-0585-IND,2021-09-13,Gujarat,Rajkot,,,11175.751593133718,NONE,missing,matched,17647.0,matched,missing,,,,,,,,,,NONE,
E142::valsad,E142,2021-0585-IND,2021-09-13,Gujarat,Valsad,,,3025.875446392478,NONE,missing,matched,17653.0,matched,missing,,,,,,,,,,NONE,
E143::alappuzha,E143,2021-0677-IND,2021-10-11,Kerala,Alappuzha,,,1316.6907112011845,NONE,missing,matched,70298.0,matched,missing,,,,,,,,,,NONE,
E143::idukki,E143,2021-0677-IND,2021-10-11,Kerala,Idukki,,,5010.411036324633,NONE,missing,matched,17700.0,matched,missing,,,,,,,,,,NONE,
E143::kollam,E143,2021-0677-IND,2021-10-11,Kerala,Kollam,,,2363.0186325698423,NONE,missing,matched,17707.0,matched,missing,,,,,,,,,,NONE,
E143::kottayam,E143,2021-0677-IND,2021-10-11,Kerala,Kottayam,,,2143.385583622296,NONE,missing,matched,17702.0,matched,missing,,,,,,,,,,NONE,
E143::pathanamthitta,E143,2021-0677-IND,2021-10-11,Kerala,Pathanamthitta,,,2663.6118314901764,NONE,missing,matched,76128533B29330052395581,matched,missing,,,,,,,,,,NONE,
E143::thiruvananthapuram,E143,2021-0677-IND,2021-10-11,Kerala,Thiruvananthapuram,,,2047.560453755721,NONE,missing,matched,17709.0,matched,missing,,,,,,,,,,NONE,
E144::nainital,E144,2021-0681-IND,2021-10-18,Uttarakhand,Nainital,,,4068.963433579816,NONE,missing,matched,70285.0,matched,missing,,,,,,,,,,NONE,
E145::ariyalur,E145,2021-0722-IND,2021-11-06,Tamil Nadu,Ariyalur,,,1958.3064553750903,NONE,missing,matched,70241.0,matched,missing,,,,,,,,,,NONE,
E145::chengalpattu,E145,2021-0722-IND,2021-11-06,Tamil Nadu,Chengalpattu,,,1747.8224548823348,NONE,missing,matched,76128533B88669134807148,matched,missing,,,,,,,,,,NONE,
E145::chennai,E145,2021-0722-IND,2021-11-06,Tamil Nadu,Chennai,,,196.6308822101988,NONE,missing,matched,70242.0,matched,missing,,,,,,,,,,NONE,
E145::coimbatore,E145,2021-0722-IND,2021-11-06,Tamil Nadu,Coimbatore,,,7435.549976623285,NONE,missing,matched,17867.0,matched,missing,,,,,,,,,,NONE,
E145::cuddalore,E145,2021-0722-IND,2021-11-06,Tamil Nadu,Cuddalore,,,3834.148317022688,NONE,missing,matched,70243.0,matched,missing,,,,,,,,,,NONE,
E145::dharmapuri,E145,2021-0722-IND,2021-11-06,Tamil Nadu,Dharmapuri,,,9684.922166393157,NONE,missing,matched,17868.0,matched,missing,,,,,,,,,,NONE,
E145::dindigul,E145,2021-0722-IND,2021-11-06,Tamil Nadu,Dindigul,,,6081.469626741037,NONE,missing,matched,17877.0,matched,missing,,,,,,,,,,NONE,
E145::erode,E145,2021-0722-IND,2021-11-06,Tamil Nadu,Erode,,,8207.833450241802,NONE,missing,matched,17875.0,matched,missing,,,,,,,,,,NONE,
E145::kallakurichi,E145,2021-0722-IND,2021-11-06,Tamil Nadu,Kallakurichi,,,3245.170359418769,NONE,missing,matched,76128533B19545859035458,matched,missing,,,,,,,,,,NONE,
E145::kanchipuram,E145,2021-0722-IND,2021-11-06,Tamil Nadu,Kanchipuram,,,2731.115914393623,NONE,missing,matched,76128533B83644689337946,matched,missing,,,,,,,,,,NONE,
E145::kanyakumari,E145,2021-0722-IND,2021-11-06,Tamil Nadu,Kanyakumari,,,1731.6509313616805,NONE,missing,matched,76128533B53796141759805,matched,missing,,,,,,,,,,NONE,
E145::karur,E145,2021-0722-IND,2021-11-06,Tamil Nadu,Karur,,,2900.724851309244,NONE,missing,matched,70245.0,matched,missing,,,,,,,,,,NONE,
E145::krishnagiri,E145,2021-0722-IND,2021-11-06,Tamil Nadu,Krishnagiri,,,5026.624371104349,NONE,missing,matched,76128533B35717069663408,matched,missing,,,,,,,,,,NONE,
E145::madurai,E145,2021-0722-IND,2021-11-06,Tamil Nadu,Madurai,,,3702.726669804037,NONE,missing,matched,70246.0,matched,missing,,,,,,,,,,NONE,
E145::mayiladuthurai,E145,2021-0722-IND,2021-11-06,Tamil Nadu,Mayiladuthurai,,,1174.077442614741,NONE,missing,matched,76128533B63176236753619,matched,missing,,,,,,,,,,NONE,
E145::nagapattinam,E145,2021-0722-IND,2021-11-06,Tamil Nadu,Nagapattinam,,,4937.704421608838,NONE,missing,matched,70247.0,matched,missing,,,,,,,,,,NONE,
E145::namakkal,E145,2021-0722-IND,2021-11-06,Tamil Nadu,Namakkal,,,3414.24793933839,NONE,missing,matched,70248.0,matched,missing,,,,,,,,,,NONE,
E145::nilgiris,E145,2021-0722-IND,2021-11-06,Tamil Nadu,Nilgiris,,,2556.29022980388,NONE,missing,matched,17873.0,matched,missing,,,,,,,,,,NONE,
E145::perambalur,E145,2021-0722-IND,2021-11-06,Tamil Nadu,Perambalur,,,1759.1102381935702,NONE,missing,matched,70249.0,matched,missing,,,,,,,,,,NONE,
E145::pudukkottai,E145,2021-0722-IND,2021-11-06,Tamil Nadu,Pudukkottai,,,4709.377629855288,NONE,missing,matched,17876.0,matched,missing,,,,,,,,,,NONE,
E145::ramanathapuram,E145,2021-0722-IND,2021-11-06,Tamil Nadu,Ramanathapuram,,,4278.157270652974,NONE,missing,matched,17878.0,matched,missing,,,,,,,,,,NONE,
E145::ranipet,E145,2021-0722-IND,2021-11-06,Tamil Nadu,Ranipet,,,1986.629305567598,NONE,missing,matched,76128533B22687502928564,matched,missing,,,,,,,,,,NONE,
E145::salem,E145,2021-0722-IND,2021-11-06,Tamil Nadu,Salem,,,5230.961119330676,NONE,missing,matched,17879.0,matched,missing,,,,,,,,,,NONE,
E145::sivagangai,E145,2021-0722-IND,2021-11-06,Tamil Nadu,Sivagangai,,,4280.53346902515,NONE,missing,matched,76128533B89925537847414,matched,missing,,,,,,,,,,NONE,
E145::tenkasi,E145,2021-0722-IND,2021-11-06,Tamil Nadu,Tenkasi,,,2880.477474023877,NONE,missing,matched,76128533B27604563137530,matched,missing,,,,,,,,,,NONE,
E145::thanjavur,E145,2021-0722-IND,2021-11-06,Tamil Nadu,Thanjavur,,,3405.566823416965,NONE,missing,matched,17881.0,matched,missing,,,,,,,,,,NONE,
E145::theni,E145,2021-0722-IND,2021-11-06,Tamil Nadu,Theni,,,2856.8492311065897,NONE,missing,matched,70250.0,matched,missing,,,,,,,,,,NONE,
E145::thoothukudi,E145,2021-0722-IND,2021-11-06,Tamil Nadu,Thoothukudi,,,4753.760490296577,NONE,missing,matched,17866.0,matched,missing,,,,,,,,,,NONE,
E145::tiruchirappalli,E145,2021-0722-IND,2021-11-06,Tamil Nadu,Tiruchirappalli,,,4524.2622324673775,NONE,missing,matched,76128533B1645877589145,matched,missing,,,,,,,,,,NONE,
E145::tirunelveli,E145,2021-0722-IND,2021-11-06,Tamil Nadu,Tirunelveli,,,3791.340968942823,NONE,missing,matched,76128533B52639434516056,matched,missing,,,,,,,,,,NONE,
E145::tirupattur,E145,2021-0722-IND,2021-11-06,Tamil Nadu,Tirupattur,,,1947.0368816738523,NONE,missing,matched,76128533B11403491783632,matched,missing,,,,,,,,,,NONE,
E145::tiruvallur,E145,2021-0722-IND,2021-11-06,Tamil Nadu,Tiruvallur,,,3391.9537715379174,NONE,missing,matched,76128533B45592431373253,matched,missing,,,,,,,,,,NONE,
E145::tiruvannamalai,E145,2021-0722-IND,2021-11-06,Tamil Nadu,Tiruvannamalai,,,6207.479555086647,NONE,missing,matched,70253.0,matched,missing,,,,,,,,,,NONE,
E145::tiruvarur,E145,2021-0722-IND,2021-11-06,Tamil Nadu,Tiruvarur,,,2285.385478948947,NONE,missing,matched,76128533B45072089356239,matched,missing,,,,,,,,,,NONE,
E145::vellore,E145,2021-0722-IND,2021-11-06,Tamil Nadu,Vellore,,,6090.809604094498,NONE,missing,matched,70254.0,matched,missing,,,,,,,,,,NONE,
E145::villupuram,E145,2021-0722-IND,2021-11-06,Tamil Nadu,Villupuram,,,7328.713531089985,NONE,missing,matched,70255.0,matched,missing,,,,,,,,,,NONE,
E145::virudhunagar,E145,2021-0722-IND,2021-11-06,Tamil Nadu,Virudhunagar,,,4306.978436820998,NONE,missing,matched,17869.0,matched,missing,,,,,,,,,,NONE,
E146::anantapur,E146,2021-0748-IND,2021-11-18,Andhra Pradesh,Anantapur,,,19296.69211755829,NONE,missing,matched,17548.0,matched,missing,,,,,,,,,,NONE,
E146::chittoor,E146,2021-0748-IND,2021-11-18,Andhra Pradesh,Chittoor,,,15225.848296260026,NONE,missing,matched,17549.0,matched,missing,,,,,,,,,,NONE,
E146::nellore,E146,2021-0748-IND,2021-11-18,Andhra Pradesh,Nellore,,,13465.479193999116,NONE,missing,matched,17561.0,matched,missing,,,,,,,,,,NONE,
E146::ysr%20kadapa,E146,2021-0748-IND,2021-11-18,Andhra Pradesh,YSR Kadapa,,,15070.574780835612,NONE,missing,matched,76128533B72109128179340,matched,missing,,,,,,,,,,NONE,
E148::bajali,E148,2022-0293-IND,2022-05-17,Assam,Bajali,,,413.0211318854061,NONE,missing,matched,OSM:relation/16704179,matched,missing,,,,,,,,,,NONE,
E148::baksa,E148,2022-0293-IND,2022-05-17,Assam,Baksa,,,2398.6209171216783,NONE,missing,matched,76128533B8221925175605,matched,missing,,,,,,,,,,NONE,
E148::barpeta,E148,2022-0293-IND,2022-05-17,Assam,Barpeta,,,3253.622989828742,NONE,missing,matched,17576.0,matched,missing,,,,,,,,,,NONE,
E148::biswanath,E148,2022-0293-IND,2022-05-17,Assam,Biswanath,,,1795.9804068303213,NONE,missing,matched,76128533B40714385808093,matched,missing,,,,,,,,,,NONE,
E148::bongaigaon,E148,2022-0293-IND,2022-05-17,Assam,Bongaigaon,,,2332.582799042809,NONE,missing,matched,70086.0,matched,missing,,,,,,,,,,NONE,
E148::cachar,E148,2022-0293-IND,2022-05-17,Assam,Cachar,,,3806.329961738336,NONE,missing,matched,17577.0,matched,missing,,,,,,,,,,NONE,
E148::chirang,E148,2022-0293-IND,2022-05-17,Assam,Chirang,,,1586.6528982343095,NONE,missing,matched,76128533B56012535339305,matched,missing,,,,,,,,,,NONE,
E148::darrang,E148,2022-0293-IND,2022-05-17,Assam,Darrang,,,3426.9679336953163,NONE,missing,matched,17578.0,matched,missing,,,,,,,,,,NONE,
E148::dhemaji,E148,2022-0293-IND,2022-05-17,Assam,Dhemaji,,,2503.3476339074205,NONE,missing,matched,70087.0,matched,missing,,,,,,,,,,NONE,
E148::dhubri,E148,2022-0293-IND,2022-05-17,Assam,Dhubri,,,1790.280077462252,NONE,missing,matched,76128533B25835998628545,matched,missing,,,,,,,,,,NONE,
E148::dibrugarh,E148,2022-0293-IND,2022-05-17,Assam,Dibrugarh,,,3397.4818067287138,NONE,missing,matched,17580.0,matched,missing,,,,,,,,,,NONE,
E148::dima%20hasao,E148,2022-0293-IND,2022-05-17,Assam,Dima Hasao,,,4914.108784116717,NONE,missing,matched,76128533B66125202864966,matched,missing,,,,,,,,,,NONE,
E148::goalpara,E148,2022-0293-IND,2022-05-17,Assam,Goalpara,,,1904.60564716237,NONE,missing,matched,17581.0,matched,missing,,,,,,,,,,NONE,
E148::golaghat,E148,2022-0293-IND,2022-05-17,Assam,Golaghat,,,3532.2679838886856,NONE,missing,matched,17582.0,matched,missing,,,,,,,,,,NONE,
E148::hailakandi,E148,2022-0293-IND,2022-05-17,Assam,Hailakandi,,,1336.4605858584375,NONE,missing,matched,70088.0,matched,missing,,,,,,,,,,NONE,
E148::hojai,E148,2022-0293-IND,2022-05-17,Assam,Hojai,,,1456.4677644953886,NONE,missing,matched,76128533B70315194619807,matched,missing,,,,,,,,,,NONE,
E148::kamrup,E148,2022-0293-IND,2022-05-17,Assam,Kamrup,,,4348.6225796054405,NONE,missing,matched,17583.0,matched,missing,,,,,,,,,,NONE,
E148::kamrup%20metropolitan,E148,2022-0293-IND,2022-05-17,Assam,Kamrup Metropolitan,,,1131.541200086081,NONE,missing,matched,76128533B38230828972906,matched,missing,,,,,,,,,,NONE,
E148::karimganj,E148,2022-0293-IND,2022-05-17,Assam,Karimganj,,,1856.722473230466,NONE,missing,matched,17585.0,matched,missing,,,,,,,,,,NONE,
E148::kokrajhar,E148,2022-0293-IND,2022-05-17,Assam,Kokrajhar,,,3329.2233881813268,NONE,missing,matched,70090.0,matched,missing,,,,,,,,,,NONE,
E148::lakhimpur,E148,2022-0293-IND,2022-05-17,Assam,Lakhimpur,,,2886.5239581816727,NONE,missing,matched,70091.0,matched,missing,,,,,,,,,,NONE,
E148::majuli,E148,2022-0293-IND,2022-05-17,Assam,Majuli,,,1250.5943287676694,NONE,missing,matched,76128533B15157901669242,matched,missing,,,,,,,,,,NONE,
E148::morigaon,E148,2022-0293-IND,2022-05-17,Assam,Morigaon,,,1508.3262903435707,NONE,missing,matched,76128533B17968019348564,matched,missing,,,,,,,,,,NONE,
E148::nagaon,E148,2022-0293-IND,2022-05-17,Assam,Nagaon,,,3997.4423095607103,NONE,missing,matched,17589.0,matched,missing,,,,,,,,,,NONE,
E148::nalbari,E148,2022-0293-IND,2022-05-17,Assam,Nalbari,,,2339.8796955273547,NONE,missing,matched,17590.0,matched,missing,,,,,,,,,,NONE,
E148::sivasagar,E148,2022-0293-IND,2022-05-17,Assam,Sivasagar,,,1526.651765771626,NONE,missing,matched,76128533B21722277889516,matched,missing,,,,,,,,,,NONE,
E148::sonitpur,E148,2022-0293-IND,2022-05-17,Assam,Sonitpur,,,4676.158375740257,NONE,missing,matched,17593.0,matched,missing,,,,,,,,,,NONE,
E148::south%20salmara,E148,2022-0293-IND,2022-05-17,Assam,South Salmara,,,719.1856651342704,NONE,missing,matched,76128533B20298037622173,matched,missing,,,,,,,,,,NONE,
E148::tamulpur,E148,2022-0293-IND,2022-05-17,Assam,Tamulpur,,,860.0009585836317,NONE,missing,matched,OSM:relation/16702229,matched,missing,,,,,,,,,,NONE,
E148::tinsukia,E148,2022-0293-IND,2022-05-17,Assam,Tinsukia,,,3799.190193815676,NONE,missing,matched,70093.0,matched,missing,,,,,,,,,,NONE,
E148::udalguri,E148,2022-0293-IND,2022-05-17,Assam,Udalguri,,,2056.2913712488325,NONE,missing,matched,76128533B20307518801538,matched,missing,,,,,,,,,,NONE,
E148::west%20karbi%20anglong,E148,2022-0293-IND,2022-05-17,Assam,West Karbi Anglong,,,3106.68686919722,NONE,missing,matched,76128533B57995625790051,matched,missing,,,,,,,,,,NONE,
E150::bharuch,E150,2022-0293-IND,2022-05-17,Gujarat,Bharuch,,,5286.80850824333,NONE,missing,matched,17638.0,matched,missing,,,,,,,,,,NONE,
E150::dang,E150,2022-0293-IND,2022-05-17,Gujarat,Dang,,,1729.7639971550238,NONE,missing,matched,76128533B16271917438029,matched,missing,,,,,,,,,,NONE,
E150::navsari,E150,2022-0293-IND,2022-05-17,Gujarat,Navsari,,,2097.600482441035,NONE,missing,matched,70127.0,matched,missing,,,,,,,,,,NONE,
E150::surat,E150,2022-0293-IND,2022-05-17,Gujarat,Surat,,,7486.82173633887,NONE,missing,matched,17649.0,matched,missing,,,,,,,,,,NONE,
E150::tapi,E150,2022-0293-IND,2022-05-17,Gujarat,Tapi,,,3222.2181213994645,NONE,missing,matched,76128533B12519626815499,matched,missing,,,,,,,,,,NONE,
E150::vadodara,E150,2022-0293-IND,2022-05-17,Gujarat,Vadodara,,,7758.226506800483,NONE,missing,matched,17652.0,matched,missing,,,,,,,,,,NONE,
E150::valsad,E150,2022-0293-IND,2022-05-17,Gujarat,Valsad,,,3025.875446392478,NONE,missing,matched,17653.0,matched,missing,,,,,,,,,,NONE,
E151::chamba,E151,2022-0293-IND,2022-05-17,Himachal Pradesh,Chamba,,,6056.411356305338,NONE,missing,matched,17667.0,matched,missing,,,,,,,,,,NONE,
E151::kangra,E151,2022-0293-IND,2022-05-17,Himachal Pradesh,Kangra,,,5710.452547791486,NONE,missing,matched,17669.0,matched,missing,,,,,,,,,,NONE,
E151::kullu,E151,2022-0293-IND,2022-05-17,Himachal Pradesh,Kullu,,,5505.982355912866,NONE,missing,matched,17671.0,matched,missing,,,,,,,,,,NONE,
E151::mandi,E151,2022-0293-IND,2022-05-17,Himachal Pradesh,Mandi,,,3951.2717684747336,NONE,missing,matched,17673.0,matched,missing,,,,,,,,,,NONE,
E152::narmadapuram,E152,2022-0293-IND,2022-05-17,Madhya Pradesh,Narmadapuram,,,6700.110425846857,NONE,missing,matched,76128533B45314020251888,matched,missing,,,,,,,,,,NONE,
E152::raisen,E152,2022-0293-IND,2022-05-17,Madhya Pradesh,Raisen,,,8515.574877211904,NONE,missing,matched,17739.0,matched,missing,,,,,,,,,,NONE,
E153::bhandara,E153,2022-0293-IND,2022-05-17,Maharashtra,Bhandara,,,4713.352518104012,NONE,missing,matched,17761.0,matched,missing,,,,,,,,,,NONE,
E153::gadchiroli,E153,2022-0293-IND,2022-05-17,Maharashtra,Gadchiroli,,,14484.822963236316,NONE,missing,matched,76128533B36958871695926,matched,missing,,,,,,,,,,NONE,
E153::kolhapur,E153,2022-0293-IND,2022-05-17,Maharashtra,Kolhapur,,,7680.572392490604,NONE,missing,matched,17769.0,matched,missing,,,,,,,,,,NONE,
E153::mumbai%20suburban,E153,2022-0293-IND,2022-05-17,Maharashtra,Mumbai Suburban,,,409.3994670782586,NONE,missing,matched,70183.0,matched,missing,,,,,,,,,,NONE,
E153::nandurbar,E153,2022-0293-IND,2022-05-17,Maharashtra,Nandurbar,,,5947.719113281336,NONE,missing,matched,70185.0,matched,missing,,,,,,,,,,NONE,
E154::east%20khasi%20hills,E154,2022-0293-IND,2022-05-17,Meghalaya,East Khasi Hills,,,2889.6322510589234,NONE,missing,matched,17794.0,matched,missing,,,,,,,,,,NONE,
E154::ri%20bhoi,E154,2022-0293-IND,2022-05-17,Meghalaya,Ri Bhoi,,,2389.7308835163144,NONE,missing,matched,70197.0,matched,missing,,,,,,,,,,NONE,
E156::chamba,E156,2022-0539-IND,2022-08-01,Himachal Pradesh,Chamba,,,6056.411356305338,NONE,missing,matched,17667.0,matched,missing,,,,,,,,,,NONE,
E156::kangra,E156,2022-0539-IND,2022-08-01,Himachal Pradesh,Kangra,,,5710.452547791486,NONE,missing,matched,17669.0,matched,missing,,,,,,,,,,NONE,
E156::mandi,E156,2022-0539-IND,2022-08-01,Himachal Pradesh,Mandi,,,3951.2717684747336,NONE,missing,matched,17673.0,matched,missing,,,,,,,,,,NONE,
E157::sahibganj,E157,2022-0539-IND,2022-08-01,Jharkhand,Sahibganj,,,2203.455310809673,NONE,missing,matched,70154.0,matched,missing,,,,,,,,,,NONE,
E158::dehradun,E158,2022-0539-IND,2022-08-01,Uttarakhand,Dehradun,,,3070.1655325092884,NONE,missing,matched,17903.0,matched,missing,,,,,,,,,,NONE,
E158::pauri%20garhwal,E158,2022-0539-IND,2022-08-01,Uttarakhand,Pauri Garhwal,,,5461.918144346134,NONE,missing,matched,17910.0,matched,missing,,,,,,,,,,NONE,
E158::rudraprayag,E158,2022-0539-IND,2022-08-01,Uttarakhand,Rudraprayag,,,1215.2753847771737,NONE,missing,matched,70286.0,matched,missing,,,,,,,,,,NONE,
E158::tehri%20garhwal,E158,2022-0539-IND,2022-08-01,Uttarakhand,Tehri Garhwal,,,4393.487663681659,NONE,missing,matched,70287.0,matched,missing,,,,,,,,,,NONE,
E158::uttarkashi,E158,2022-0539-IND,2022-08-01,Uttarakhand,Uttarkashi,,,6642.1631687539975,NONE,missing,matched,70289.0,matched,missing,,,,,,,,,,NONE,
E159::ayodhya,E159,2022-0590-IND,2022-09-18,Uttar Pradesh,Ayodhya,,,2675.800154387558,NONE,missing,matched,76128533B60320291189162,matched,missing,,,,,,,,,,NONE,
E159::azamgarh,E159,2022-0590-IND,2022-09-18,Uttar Pradesh,Azamgarh,,,3904.0182560646062,NONE,missing,matched,17892.0,matched,missing,,,,,,,,,,NONE,
E159::ballia,E159,2022-0590-IND,2022-09-18,Uttar Pradesh,Ballia,,,3013.8054759791835,NONE,missing,matched,17894.0,matched,missing,,,,,,,,,,NONE,
E159::barabanki,E159,2022-0590-IND,2022-09-18,Uttar Pradesh,Barabanki,,,4440.0005417469865,NONE,missing,matched,17896.0,matched,missing,,,,,,,,,,NONE,
E159::basti,E159,2022-0590-IND,2022-09-18,Uttar Pradesh,Basti,,,2522.0744554746907,NONE,missing,matched,17898.0,matched,missing,,,,,,,,,,NONE,
E159::budaun,E159,2022-0590-IND,2022-09-18,Uttar Pradesh,Budaun,,,4242.29880763651,NONE,missing,matched,76128533B84679668760735,matched,missing,,,,,,,,,,NONE,
E159::gonda,E159,2022-0590-IND,2022-09-18,Uttar Pradesh,Gonda,,,4014.846082655345,NONE,missing,matched,17913.0,matched,missing,,,,,,,,,,NONE,
E159::gorakhpur,E159,2022-0590-IND,2022-09-18,Uttar Pradesh,Gorakhpur,,,3072.188964505668,NONE,missing,matched,17914.0,matched,missing,,,,,,,,,,NONE,
E159::lakhimpur%20kheri,E159,2022-0590-IND,2022-09-18,Uttar Pradesh,Lakhimpur Kheri,,,7708.742992388735,NONE,missing,matched,17921.0,matched,missing,,,,,,,,,,NONE,
E159::sant%20kabir%20nagar,E159,2022-0590-IND,2022-09-18,Uttar Pradesh,Sant Kabir Nagar,,,1329.179989070325,NONE,missing,matched,70275.0,matched,missing,,,,,,,,,,NONE,
E159::sitapur,E159,2022-0590-IND,2022-09-18,Uttar Pradesh,Sitapur,,,5789.793396469067,NONE,missing,matched,17938.0,matched,missing,,,,,,,,,,NONE,
E160::bajali,E160,2023-0330-IND,2023-06-14,Assam,Bajali,,,413.0211318853963,NONE,missing,matched,OSM:relation/16704179,matched,missing,,,,,,,,,,NONE,
E160::baksa,E160,2023-0330-IND,2023-06-14,Assam,Baksa,,,2398.6209171216783,NONE,missing,matched,76128533B8221925175605,matched,missing,,,,,,,,,,NONE,
E160::barpeta,E160,2023-0330-IND,2023-06-14,Assam,Barpeta,,,3253.622989828742,NONE,missing,matched,17576.0,matched,missing,,,,,,,,,,NONE,
E160::lakhimpur,E160,2023-0330-IND,2023-06-14,Assam,Lakhimpur,,,2886.5239581816727,NONE,missing,matched,70091.0,matched,missing,,,,,,,,,,NONE,
E160::nalbari,E160,2023-0330-IND,2023-06-14,Assam,Nalbari,,,2339.8796955273547,NONE,missing,matched,17590.0,matched,missing,,,,,,,,,,NONE,
E161::gyalshing,E161,2023-0330-IND,2023-06-14,Sikkim,Gyalshing,,,906.9378591920702,NONE,missing,matched,OSM:relation/1790817,matched,missing,,,,,,,,,,NONE,
E161::mangan,E161,2023-0330-IND,2023-06-14,Sikkim,Mangan,,,4277.456189628874,NONE,missing,matched,76128533B65820903826030,matched,missing,,,,,,,,,,NONE,
E162::dhemaji,E162,2023-0428-IND,2023-06-25,Assam,Dhemaji,,,2503.3476339074205,NONE,missing,matched,70087.0,matched,missing,,,,,,,,,,NONE,
E162::lakhimpur,E162,2023-0428-IND,2023-06-25,Assam,Lakhimpur,,,2886.5239581816727,NONE,missing,matched,70091.0,matched,missing,,,,,,,,,,NONE,
E163::supaul,E163,2023-0428-IND,2023-06-25,Bihar,Supaul,,,2399.2927702222696,NONE,missing,matched,70104.0,matched,missing,,,,,,,,,,NONE,
E164::dhamtari,E164,2023-0428-IND,2023-06-25,Chhattisgarh,Dhamtari,,,4074.566265206066,NONE,missing,matched,70108.0,matched,missing,,,,,,,,,,NONE,
E164::gariaband,E164,2023-0428-IND,2023-06-25,Chhattisgarh,Gariaband,,,4884.817356965688,NONE,missing,matched,76128533B93063337202124,matched,missing,,,,,,,,,,NONE,
E164::narayanpur,E164,2023-0428-IND,2023-06-25,Chhattisgarh,Narayanpur,,,3840.847589539658,NONE,missing,matched,76128533B89979485471283,matched,missing,,,,,,,,,,NONE,
E164::raipur,E164,2023-0428-IND,2023-06-25,Chhattisgarh,Raipur,,,12483.455862122348,NONE,missing,matched,70116.0,matched,missing,,,,,,,,,,NONE,
E165::central%20delhi,E165,2023-0428-IND,2023-06-25,Delhi,Central Delhi,,,75.4258124733981,NONE,missing,matched,76128533B19832024635761,matched,missing,,,,,,,,,,NONE,
E165::east%20delhi,E165,2023-0428-IND,2023-06-25,Delhi,East Delhi,,,66.11030367841411,NONE,missing,matched,76128533B72485933575946,matched,missing,,,,,,,,,,NONE,
E165::north%20east%20delhi,E165,2023-0428-IND,2023-06-25,Delhi,North East Delhi,,,38.85904249874403,NONE,missing,matched,76128533B9976625304286,matched,missing,,,,,,,,,,NONE,
E165::shahdara,E165,2023-0428-IND,2023-06-25,Delhi,Shahdara,,,26.658849212845475,NONE,missing,matched,76128533B81419063387740,matched,missing,,,,,,,,,,NONE,
E166::bhavnagar,E166,2023-0428-IND,2023-06-25,Gujarat,Bhavnagar,,,8098.916054779909,NONE,missing,matched,17639.0,matched,missing,,,,,,,,,,NONE,
E166::chhota%20udaipur,E166,2023-0428-IND,2023-06-25,Gujarat,Chhota Udaipur,,,3474.2739370047093,NONE,missing,matched,76128533B69417260894674,matched,missing,,,,,,,,,,NONE,
E166::dang,E166,2023-0428-IND,2023-06-25,Gujarat,Dang,,,1729.7639971550243,NONE,missing,matched,76128533B16271917438029,matched,missing,,,,,,,,,,NONE,
E166::navsari,E166,2023-0428-IND,2023-06-25,Gujarat,Navsari,,,2097.600482441035,NONE,missing,matched,70127.0,matched,missing,,,,,,,,,,NONE,
E166::surat,E166,2023-0428-IND,2023-06-25,Gujarat,Surat,,,7486.82173633887,NONE,missing,matched,17649.0,matched,missing,,,,,,,,,,NONE,
E166::tapi,E166,2023-0428-IND,2023-06-25,Gujarat,Tapi,,,3222.218121399561,NONE,missing,matched,76128533B12519626815499,matched,missing,,,,,,,,,,NONE,
E166::valsad,E166,2023-0428-IND,2023-06-25,Gujarat,Valsad,,,3025.875446392478,NONE,missing,matched,17653.0,matched,missing,,,,,,,,,,NONE,
E167::bilaspur,E167,2023-0428-IND,2023-06-25,Himachal Pradesh,Bilaspur,,,1167.0529956737664,NONE,missing,matched,17666.0,matched,missing,,,,,,,,,,NONE,
E167::chamba,E167,2023-0428-IND,2023-06-25,Himachal Pradesh,Chamba,,,6056.411356305338,NONE,missing,matched,17667.0,matched,missing,,,,,,,,,,NONE,
E167::hamirpur,E167,2023-0428-IND,2023-06-25,Himachal Pradesh,Hamirpur,,,1122.326232597962,NONE,missing,matched,17668.0,matched,missing,,,,,,,,,,NONE,
E167::kangra,E167,2023-0428-IND,2023-06-25,Himachal Pradesh,Kangra,,,5710.452547791486,NONE,missing,matched,17669.0,matched,missing,,,,,,,,,,NONE,
E167::mandi,E167,2023-0428-IND,2023-06-25,Himachal Pradesh,Mandi,,,3951.2717684747336,NONE,missing,matched,17673.0,matched,missing,,,,,,,,,,NONE,
E167::shimla,E167,2023-0428-IND,2023-06-25,Himachal Pradesh,Shimla,,,5136.6062379686,NONE,missing,matched,17674.0,matched,missing,,,,,,,,,,NONE,
E167::sirmaur,E167,2023-0428-IND,2023-06-25,Himachal Pradesh,Sirmaur,,,2811.440665900108,NONE,missing,matched,17675.0,matched,missing,,,,,,,,,,NONE,
E167::solan,E167,2023-0428-IND,2023-06-25,Himachal Pradesh,Solan,,,1957.7422724549936,NONE,missing,matched,17676.0,matched,missing,,,,,,,,,,NONE,
E168::belagavi,E168,2023-0428-IND,2023-06-25,Karnataka,Belagavi,,,13437.79374447446,NONE,missing,matched,76128533B74319098136622,matched,missing,,,,,,,,,,NONE,
E168::chikkamagaluru,E168,2023-0428-IND,2023-06-25,Karnataka,Chikkamagaluru,,,6937.32502311172,NONE,missing,matched,76128533B15550697205080,matched,missing,,,,,,,,,,NONE,
E168::shivamogga,E168,2023-0428-IND,2023-06-25,Karnataka,Shivamogga,,,8475.375992281286,NONE,missing,matched,76128533B85389886560116,matched,missing,,,,,,,,,,NONE,
E168::uttara%20kannada,E168,2023-0428-IND,2023-06-25,Karnataka,Uttara Kannada,,,10404.181767075685,NONE,missing,matched,76128533B79180273895456,matched,missing,,,,,,,,,,NONE,
E169::alirajpur,E169,2023-0428-IND,2023-06-25,Madhya Pradesh,Alirajpur,,,3328.147125634296,NONE,missing,matched,76128533B35167844027544,matched,missing,,,,,,,,,,NONE,
E169::balaghat,E169,2023-0428-IND,2023-06-25,Madhya Pradesh,Balaghat,,,9273.202911700502,NONE,missing,matched,17712.0,matched,missing,,,,,,,,,,NONE,
E169::betul,E169,2023-0428-IND,2023-06-25,Madhya Pradesh,Betul,,,10094.739119322416,NONE,missing,matched,17714.0,matched,missing,,,,,,,,,,NONE,
E169::dewas,E169,2023-0428-IND,2023-06-25,Madhya Pradesh,Dewas,,,6974.172329238148,NONE,missing,matched,17722.0,matched,missing,,,,,,,,,,NONE,
E169::narmadapuram,E169,2023-0428-IND,2023-06-25,Madhya Pradesh,Narmadapuram,,,6700.110425846931,NONE,missing,matched,76128533B45314020251888,matched,missing,,,,,,,,,,NONE,
E169::raisen,E169,2023-0428-IND,2023-06-25,Madhya Pradesh,Raisen,,,8515.574877211904,NONE,missing,matched,17739.0,matched,missing,,,,,,,,,,NONE,
E169::sagar,E169,2023-0428-IND,2023-06-25,Madhya Pradesh,Sagar,,,10275.828536821178,NONE,missing,matched,17744.0,matched,missing,,,,,,,,,,NONE,
E170::amravati,E170,2023-0428-IND,2023-06-25,Maharashtra,Amravati,,,12219.234057356958,NONE,missing,matched,17759.0,matched,missing,,,,,,,,,,NONE,
E170::beed,E170,2023-0428-IND,2023-06-25,Maharashtra,Beed,,,10598.453108887354,NONE,missing,matched,76128533B5215906594478,matched,missing,,,,,,,,,,NONE,
E170::chandrapur,E170,2023-0428-IND,2023-06-25,Maharashtra,Chandrapur,,,11341.418798804118,NONE,missing,matched,17763.0,matched,missing,,,,,,,,,,NONE,
E170::gondia,E170,2023-0428-IND,2023-06-25,Maharashtra,Gondia,,,5163.895494674012,NONE,missing,matched,76128533B76286653784168,matched,missing,,,,,,,,,,NONE,
E170::hingoli,E170,2023-0428-IND,2023-06-25,Maharashtra,Hingoli,,,4699.451157302487,NONE,missing,matched,70181.0,matched,missing,,,,,,,,,,NONE,
E170::kolhapur,E170,2023-0428-IND,2023-06-25,Maharashtra,Kolhapur,,,7680.572392490604,NONE,missing,matched,17769.0,matched,missing,,,,,,,,,,NONE,
E170::latur,E170,2023-0428-IND,2023-06-25,Maharashtra,Latur,,,7256.020203028519,NONE,missing,matched,17770.0,matched,missing,,,,,,,,,,NONE,
E170::mumbai%20city,E170,2023-0428-IND,2023-06-25,Maharashtra,Mumbai City,,,77.22400864672608,NONE,missing,matched,70184.0,matched,missing,,,,,,,,,,NONE,
E170::mumbai%20suburban,E170,2023-0428-IND,2023-06-25,Maharashtra,Mumbai Suburban,,,409.3994670782586,NONE,missing,matched,70183.0,matched,missing,,,,,,,,,,NONE,
E170::nagpur,E170,2023-0428-IND,2023-06-25,Maharashtra,Nagpur,,,9953.45883218179,NONE,missing,matched,17771.0,matched,missing,,,,,,,,,,NONE,
E170::nanded,E170,2023-0428-IND,2023-06-25,Maharashtra,Nanded,,,10620.660986533989,NONE,missing,matched,17772.0,matched,missing,,,,,,,,,,NONE,
E170::nandurbar,E170,2023-0428-IND,2023-06-25,Maharashtra,Nandurbar,,,5947.719113281336,NONE,missing,matched,70185.0,matched,missing,,,,,,,,,,NONE,
E170::nashik,E170,2023-0428-IND,2023-06-25,Maharashtra,Nashik,,,15554.167322451072,NONE,missing,matched,17773.0,matched,missing,,,,,,,,,,NONE,
E170::palghar,E170,2023-0428-IND,2023-06-25,Maharashtra,Palghar,,,5355.281971404182,NONE,missing,matched,76128533B37148244536449,matched,missing,,,,,,,,,,NONE,
E170::pune,E170,2023-0428-IND,2023-06-25,Maharashtra,Pune,,,15649.899791716924,NONE,missing,matched,17776.0,matched,missing,,,,,,,,,,NONE,
E170::raigad,E170,2023-0428-IND,2023-06-25,Maharashtra,Raigad,,,6987.901171136008,NONE,missing,matched,76128533B99895802074414,matched,missing,,,,,,,,,,NONE,
E170::ratnagiri,E170,2023-0428-IND,2023-06-25,Maharashtra,Ratnagiri,,,8501.126377449938,NONE,missing,matched,17778.0,matched,missing,,,,,,,,,,NONE,
E170::satara,E170,2023-0428-IND,2023-06-25,Maharashtra,Satara,,,10502.605850168617,NONE,missing,matched,17781.0,matched,missing,,,,,,,,,,NONE,
E170::sindhudurg,E170,2023-0428-IND,2023-06-25,Maharashtra,Sindhudurg,,,5174.499083363021,NONE,missing,matched,17779.0,matched,missing,,,,,,,,,,NONE,
E170::thane,E170,2023-0428-IND,2023-06-25,Maharashtra,Thane,,,9454.897228160951,NONE,missing,matched,17783.0,matched,missing,,,,,,,,,,NONE,
E170::yavatmal,E170,2023-0428-IND,2023-06-25,Maharashtra,Yavatmal,,,13565.870768873778,NONE,missing,matched,17785.0,matched,missing,,,,,,,,,,NONE,
E171::fazilka,E171,2023-0428-IND,2023-06-25,Punjab,Fazilka,,,3260.9663717370954,NONE,missing,matched,76128533B7291413308870,matched,missing,,,,,,,,,,NONE,
E171::firozpur,E171,2023-0428-IND,2023-06-25,Punjab,Firozpur,,,5185.395439607114,NONE,missing,matched,17825.0,matched,missing,,,,,,,,,,NONE,
E171::gurdaspur,E171,2023-0428-IND,2023-06-25,Punjab,Gurdaspur,,,3507.09272056944,NONE,missing,matched,17826.0,matched,missing,,,,,,,,,,NONE,
E171::kapurthala,E171,2023-0428-IND,2023-06-25,Punjab,Kapurthala,,,1659.308150376237,NONE,missing,matched,17829.0,matched,missing,,,,,,,,,,NONE,
E171::mansa,E171,2023-0428-IND,2023-06-25,Punjab,Mansa,,,2209.549070653662,NONE,missing,matched,70232.0,matched,missing,,,,,,,,,,NONE,
E171::rupnagar,E171,2023-0428-IND,2023-06-25,Punjab,Rupnagar,,,2095.7343025165355,NONE,missing,matched,17832.0,matched,missing,,,,,,,,,,NONE,
E171::tarn%20taran,E171,2023-0428-IND,2023-06-25,Punjab,Tarn Taran,,,2426.872858514094,NONE,missing,matched,76128533B54652028494758,matched,missing,,,,,,,,,,NONE,
E172::bageshwar,E172,2023-0428-IND,2023-06-25,Uttarakhand,Bageshwar,,,2283.823715697251,NONE,missing,matched,70281.0,matched,missing,,,,,,,,,,NONE,
E172::champawat,E172,2023-0428-IND,2023-06-25,Uttarakhand,Champawat,,,1688.3763040453146,NONE,missing,matched,70283.0,matched,missing,,,,,,,,,,NONE,
E172::dehradun,E172,2023-0428-IND,2023-06-25,Uttarakhand,Dehradun,,,3070.1655325092884,NONE,missing,matched,17903.0,matched,missing,,,,,,,,,,NONE,
E172::pauri%20garhwal,E172,2023-0428-IND,2023-06-25,Uttarakhand,Pauri Garhwal,,,5461.918144346134,NONE,missing,matched,17910.0,matched,missing,,,,,,,,,,NONE,
E172::pithoragarh,E172,2023-0428-IND,2023-06-25,Uttarakhand,Pithoragarh,,,7209.480621522472,NONE,missing,matched,17932.0,matched,missing,,,,,,,,,,NONE,
E172::tehri%20garhwal,E172,2023-0428-IND,2023-06-25,Uttarakhand,Tehri Garhwal,,,4393.487663681659,NONE,missing,matched,70287.0,matched,missing,,,,,,,,,,NONE,
E172::udham%20singh%20nagar,E172,2023-0428-IND,2023-06-25,Uttarakhand,Udham Singh Nagar,,,2869.388323442663,NONE,missing,matched,70288.0,matched,missing,,,,,,,,,,NONE,
E173::central%20delhi,E173,2023-0359-IND,2023-06-26,Delhi,Central Delhi,,,75.42581247339129,NONE,missing,matched,76128533B19832024635761,matched,missing,,,,,,,,,,NONE,
E173::east%20delhi,E173,2023-0359-IND,2023-06-26,Delhi,East Delhi,,,66.11030367841411,NONE,missing,matched,76128533B72485933575946,matched,missing,,,,,,,,,,NONE,
E173::north%20east%20delhi,E173,2023-0359-IND,2023-06-26,Delhi,North East Delhi,,,38.8590424987533,NONE,missing,matched,76128533B9976625304286,matched,missing,,,,,,,,,,NONE,
E173::shahdara,E173,2023-0359-IND,2023-06-26,Delhi,Shahdara,,,26.658849212845475,NONE,missing,matched,76128533B81419063387740,matched,missing,,,,,,,,,,NONE,
E174::ambala,E174,2023-0359-IND,2023-06-26,Haryana,Ambala,,,1754.8220982240537,NONE,missing,matched,17654.0,matched,missing,,,,,,,,,,NONE,
E174::faridabad,E174,2023-0359-IND,2023-06-26,Haryana,Faridabad,,,2165.3468184420803,NONE,missing,matched,70131.0,matched,missing,,,,,,,,,,NONE,
E174::fatehabad,E174,2023-0359-IND,2023-06-26,Haryana,Fatehabad,,,2402.682593892363,NONE,missing,matched,70132.0,matched,missing,,,,,,,,,,NONE,
E174::kaithal,E174,2023-0359-IND,2023-06-26,Haryana,Kaithal,,,2303.1655202632046,NONE,missing,matched,70134.0,matched,missing,,,,,,,,,,NONE,
E174::karnal,E174,2023-0359-IND,2023-06-26,Haryana,Karnal,,,2587.709213685723,NONE,missing,matched,17660.0,matched,missing,,,,,,,,,,NONE,
E174::kurukshetra,E174,2023-0359-IND,2023-06-26,Haryana,Kurukshetra,,,1838.022753083565,NONE,missing,matched,17661.0,matched,missing,,,,,,,,,,NONE,
E174::palwal,E174,2023-0359-IND,2023-06-26,Haryana,Palwal,,,1346.920657107067,NONE,missing,matched,76128533B71088079535368,matched,missing,,,,,,,,,,NONE,
E174::panchkula,E174,2023-0359-IND,2023-06-26,Haryana,Panchkula,,,738.5529941627982,NONE,missing,matched,70135.0,matched,missing,,,,,,,,,,NONE,
E174::panipat,E174,2023-0359-IND,2023-06-26,Haryana,Panipat,,,1226.2433904646914,NONE,missing,matched,70136.0,matched,missing,,,,,,,,,,NONE,
E174::sirsa,E174,2023-0359-IND,2023-06-26,Haryana,Sirsa,,,4236.29365519208,NONE,missing,matched,17664.0,matched,missing,,,,,,,,,,NONE,
E174::sonipat,E174,2023-0359-IND,2023-06-26,Haryana,Sonipat,,,2105.149168379413,NONE,missing,matched,76128533B69536039643660,matched,missing,,,,,,,,,,NONE,
E174::yamunanagar,E174,2023-0359-IND,2023-06-26,Haryana,Yamunanagar,,,1306.606219119248,NONE,missing,matched,70138.0,matched,missing,,,,,,,,,,NONE,
E175::hamirpur,E175,2023-0359-IND,2023-06-26,Himachal Pradesh,Hamirpur,,,1122.326232597962,NONE,missing,matched,17668.0,matched,missing,,,,,,,,,,NONE,
E175::mandi,E175,2023-0359-IND,2023-06-26,Himachal Pradesh,Mandi,,,3951.2717684747336,NONE,missing,matched,17673.0,matched,missing,,,,,,,,,,NONE,
E175::solan,E175,2023-0359-IND,2023-06-26,Himachal Pradesh,Solan,,,1957.7422724549936,NONE,missing,matched,17676.0,matched,missing,,,,,,,,,,NONE,
E176::faridkot,E176,2023-0359-IND,2023-06-26,Punjab,Faridkot,,,1449.1523634868656,NONE,missing,matched,70230.0,matched,missing,,,,,,,,,,NONE,
E176::fatehgarh%20sahib,E176,2023-0359-IND,2023-06-26,Punjab,Fatehgarh Sahib,,,1174.4102610014374,NONE,missing,matched,70231.0,matched,missing,,,,,,,,,,NONE,
E176::firozpur,E176,2023-0359-IND,2023-06-26,Punjab,Firozpur,,,5185.395439607114,NONE,missing,matched,17825.0,matched,missing,,,,,,,,,,NONE,
E176::hoshiarpur,E176,2023-0359-IND,2023-06-26,Punjab,Hoshiarpur,,,3362.8966396342144,NONE,missing,matched,17827.0,matched,missing,,,,,,,,,,NONE,
E176::jalandhar,E176,2023-0359-IND,2023-06-26,Punjab,Jalandhar,,,2605.0531477191817,NONE,missing,matched,17828.0,matched,missing,,,,,,,,,,NONE,
E176::ludhiana,E176,2023-0359-IND,2023-06-26,Punjab,Ludhiana,,,3573.10781793918,NONE,missing,matched,17830.0,matched,missing,,,,,,,,,,NONE,
E176::moga,E176,2023-0359-IND,2023-06-26,Punjab,Moga,,,2304.7121791107,NONE,missing,matched,70233.0,matched,missing,,,,,,,,,,NONE,
E176::pathankot,E176,2023-0359-IND,2023-06-26,Punjab,Pathankot,,,999.949013574026,NONE,missing,matched,76128533B19630094725383,matched,missing,,,,,,,,,,NONE,
E176::patiala,E176,2023-0359-IND,2023-06-26,Punjab,Patiala,,,3716.087632293798,NONE,missing,matched,17831.0,matched,missing,,,,,,,,,,NONE,
E176::rupnagar,E176,2023-0359-IND,2023-06-26,Punjab,Rupnagar,,,2095.7343025165355,NONE,missing,matched,17832.0,matched,missing,,,,,,,,,,NONE,
E176::sas%20nagar,E176,2023-0359-IND,2023-06-26,Punjab,SAS Nagar,,,1101.7298561292196,NONE,missing,matched,76128533B12197302963241,matched,missing,,,,,,,,,,NONE,
E176::sbs%20nagar,E176,2023-0359-IND,2023-06-26,Punjab,SBS Nagar,,,1278.3239705605308,NONE,missing,matched,76128533B14984770113274,matched,missing,,,,,,,,,,NONE,
E176::sangrur,E176,2023-0359-IND,2023-06-26,Punjab,Sangrur,,,5091.276351954565,NONE,missing,matched,17833.0,matched,missing,,,,,,,,,,NONE,
E176::tarn%20taran,E176,2023-0359-IND,2023-06-26,Punjab,Tarn Taran,,,2426.872858514094,NONE,missing,matched,76128533B54652028494758,matched,missing,,,,,,,,,,NONE,
E177::haridwar,E177,2023-0359-IND,2023-06-26,Uttarakhand,Haridwar,,,2388.487173667367,NONE,missing,matched,70284.0,matched,missing,,,,,,,,,,NONE,
E178::bhadradri%20kothagudem,E178,2023-0486-IND,2023-07-27,Telangana,Bhadradri Kothagudem,,,7117.081054504196,NONE,missing,matched,OSM:relation/7698599,matched,missing,,,,,,,,,,NONE,
E178::jayashankar%20bhupalpally,E178,2023-0486-IND,2023-07-27,Telangana,Jayashankar Bhupalpally,,,2881.8116820895457,NONE,missing,matched,76128533B60322704115131,matched,missing,,,,,,,,,,NONE,
E178::mancherial,E178,2023-0486-IND,2023-07-27,Telangana,Mancherial,,,3766.351512701602,NONE,missing,matched,76128533B53018054761164,matched,missing,,,,,,,,,,NONE,
E178::mulugu,E178,2023-0486-IND,2023-07-27,Telangana,Mulugu,,,3027.383916109492,NONE,missing,matched,76128533B84398038505400,matched,missing,,,,,,,,,,NONE,
E178::nirmal,E178,2023-0486-IND,2023-07-27,Telangana,Nirmal,,,3734.707359958707,NONE,missing,matched,76128533B25280172436550,matched,missing,,,,,,,,,,NONE,
E179::kanyakumari,E179,2023-0846-IND,2023-12-18,Tamil Nadu,Kanyakumari,,,1731.6509313616805,NONE,missing,matched,76128533B53796141759805,matched,missing,,,,,,,,,,NONE,
E179::tenkasi,E179,2023-0846-IND,2023-12-18,Tamil Nadu,Tenkasi,,,2880.477474023877,NONE,missing,matched,76128533B27604563137530,matched,missing,,,,,,,,,,NONE,
E179::thoothukudi,E179,2023-0846-IND,2023-12-18,Tamil Nadu,Thoothukudi,,,4753.760490296577,NONE,missing,matched,17866.0,matched,missing,,,,,,,,,,NONE,
E179::tirunelveli,E179,2023-0846-IND,2023-12-18,Tamil Nadu,Tirunelveli,,,3791.340968942823,NONE,missing,matched,76128533B52639434516056,matched,missing,,,,,,,,,,NONE,
E180::biswanath,E180,2024-0399-IND,2024-05-01,Assam,Biswanath,,,1795.9804068304836,NONE,missing,matched,76128533B40714385808093,matched,missing,,,,,,,,,,NONE,
E180::cachar,E180,2024-0399-IND,2024-05-01,Assam,Cachar,,,3806.329961738336,NONE,missing,matched,17577.0,matched,missing,,,,,,,,,,NONE,
E180::darrang,E180,2024-0399-IND,2024-05-01,Assam,Darrang,,,3426.9679336953163,NONE,missing,matched,17578.0,matched,missing,,,,,,,,,,NONE,
E180::dhemaji,E180,2024-0399-IND,2024-05-01,Assam,Dhemaji,,,2503.3476339074205,NONE,missing,matched,70087.0,matched,missing,,,,,,,,,,NONE,
E180::dibrugarh,E180,2024-0399-IND,2024-05-01,Assam,Dibrugarh,,,3397.4818067287138,NONE,missing,matched,17580.0,matched,missing,,,,,,,,,,NONE,
E180::golaghat,E180,2024-0399-IND,2024-05-01,Assam,Golaghat,,,3532.2679838886856,NONE,missing,matched,17582.0,matched,missing,,,,,,,,,,NONE,
E180::jorhat,E180,2024-0399-IND,2024-05-01,Assam,Jorhat,,,2842.716884638612,NONE,missing,matched,70089.0,matched,missing,,,,,,,,,,NONE,
E180::kamrup,E180,2024-0399-IND,2024-05-01,Assam,Kamrup,,,4348.6225796054405,NONE,missing,matched,17583.0,matched,missing,,,,,,,,,,NONE,
E180::karimganj,E180,2024-0399-IND,2024-05-01,Assam,Karimganj,,,1856.722473230466,NONE,missing,matched,17585.0,matched,missing,,,,,,,,,,NONE,
E180::lakhimpur,E180,2024-0399-IND,2024-05-01,Assam,Lakhimpur,,,2886.5239581816727,NONE,missing,matched,70091.0,matched,missing,,,,,,,,,,NONE,
E180::majuli,E180,2024-0399-IND,2024-05-01,Assam,Majuli,,,1250.5943287676694,NONE,missing,matched,76128533B15157901669242,matched,missing,,,,,,,,,,NONE,
E180::morigaon,E180,2024-0399-IND,2024-05-01,Assam,Morigaon,,,1508.3262903435707,NONE,missing,matched,76128533B17968019348564,matched,missing,,,,,,,,,,NONE,
E180::nagaon,E180,2024-0399-IND,2024-05-01,Assam,Nagaon,,,3997.4423095607103,NONE,missing,matched,17589.0,matched,missing,,,,,,,,,,NONE,
E180::nalbari,E180,2024-0399-IND,2024-05-01,Assam,Nalbari,,,2339.8796955273547,NONE,missing,matched,17590.0,matched,missing,,,,,,,,,,NONE,
E180::sivasagar,E180,2024-0399-IND,2024-05-01,Assam,Sivasagar,,,1526.6517657716288,NONE,missing,matched,76128533B21722277889516,matched,missing,,,,,,,,,,NONE,
E180::sonitpur,E180,2024-0399-IND,2024-05-01,Assam,Sonitpur,,,4676.158375740257,NONE,missing,matched,17593.0,matched,missing,,,,,,,,,,NONE,
E180::tamulpur,E180,2024-0399-IND,2024-05-01,Assam,Tamulpur,,,860.0009585836317,NONE,missing,matched,OSM:relation/16702229,matched,missing,,,,,,,,,,NONE,
E180::tinsukia,E180,2024-0399-IND,2024-05-01,Assam,Tinsukia,,,3799.190193815676,NONE,missing,matched,70093.0,matched,missing,,,,,,,,,,NONE,
E180::udalguri,E180,2024-0399-IND,2024-05-01,Assam,Udalguri,,,2056.2913712488325,NONE,missing,matched,76128533B20307518801538,matched,missing,,,,,,,,,,NONE,
E181::east%20jaintia%20hills,E181,2024-0399-IND,2024-05-01,Meghalaya,East Jaintia Hills,,,2077.589780451139,NONE,missing,matched,76128533B70185077694103,matched,missing,,,,,,,,,,NONE,
E181::east%20khasi%20hills,E181,2024-0399-IND,2024-05-01,Meghalaya,East Khasi Hills,,,2889.6322510589234,NONE,missing,matched,17794.0,matched,missing,,,,,,,,,,NONE,
E181::south%20west%20garo%20hills,E181,2024-0399-IND,2024-05-01,Meghalaya,South West Garo Hills,,,586.0218511059741,NONE,missing,matched,76128533B52906466328910,matched,missing,,,,,,,,,,NONE,
E181::west%20garo%20hills,E181,2024-0399-IND,2024-05-01,Meghalaya,West Garo Hills,,,3440.766036854824,NONE,missing,matched,17796.0,matched,missing,,,,,,,,,,NONE,
E181::west%20jaintia%20hills,E181,2024-0399-IND,2024-05-01,Meghalaya,West Jaintia Hills,,,1728.380997144831,NONE,missing,matched,76128533B84622469201834,matched,missing,,,,,,,,,,NONE,
E182::barpeta,E182,2024-0481-IND,2024-07-09,Assam,Barpeta,,,3253.622989828742,NONE,missing,matched,17576.0,matched,missing,,,,,,,,,,NONE,
E182::biswanath,E182,2024-0481-IND,2024-07-09,Assam,Biswanath,,,1795.9804068303213,NONE,missing,matched,76128533B40714385808093,matched,missing,,,,,,,,,,NONE,
E182::cachar,E182,2024-0481-IND,2024-07-09,Assam,Cachar,,,3806.329961738336,NONE,missing,matched,17577.0,matched,missing,,,,,,,,,,NONE,
E182::chirang,E182,2024-0481-IND,2024-07-09,Assam,Chirang,,,1586.6528982343073,NONE,missing,matched,76128533B56012535339305,matched,missing,,,,,,,,,,NONE,
E182::darrang,E182,2024-0481-IND,2024-07-09,Assam,Darrang,,,3426.9679336953163,NONE,missing,matched,17578.0,matched,missing,,,,,,,,,,NONE,
E182::dhemaji,E182,2024-0481-IND,2024-07-09,Assam,Dhemaji,,,2503.3476339074205,NONE,missing,matched,70087.0,matched,missing,,,,,,,,,,NONE,
E182::dhubri,E182,2024-0481-IND,2024-07-09,Assam,Dhubri,,,1790.280077462252,NONE,missing,matched,76128533B25835998628545,matched,missing,,,,,,,,,,NONE,
E182::dibrugarh,E182,2024-0481-IND,2024-07-09,Assam,Dibrugarh,,,3397.4818067287138,NONE,missing,matched,17580.0,matched,missing,,,,,,,,,,NONE,
E182::goalpara,E182,2024-0481-IND,2024-07-09,Assam,Goalpara,,,1904.60564716237,NONE,missing,matched,17581.0,matched,missing,,,,,,,,,,NONE,
E182::golaghat,E182,2024-0481-IND,2024-07-09,Assam,Golaghat,,,3532.2679838886856,NONE,missing,matched,17582.0,matched,missing,,,,,,,,,,NONE,
E182::hailakandi,E182,2024-0481-IND,2024-07-09,Assam,Hailakandi,,,1336.4605858584375,NONE,missing,matched,70088.0,matched,missing,,,,,,,,,,NONE,
E182::jorhat,E182,2024-0481-IND,2024-07-09,Assam,Jorhat,,,2842.716884638612,NONE,missing,matched,70089.0,matched,missing,,,,,,,,,,NONE,
E182::kamrup,E182,2024-0481-IND,2024-07-09,Assam,Kamrup,,,4348.6225796054405,NONE,missing,matched,17583.0,matched,missing,,,,,,,,,,NONE,
E182::kamrup%20metropolitan,E182,2024-0481-IND,2024-07-09,Assam,Kamrup Metropolitan,,,1131.541200086081,NONE,missing,matched,76128533B38230828972906,matched,missing,,,,,,,,,,NONE,
E182::karimganj,E182,2024-0481-IND,2024-07-09,Assam,Karimganj,,,1856.722473230466,NONE,missing,matched,17585.0,matched,missing,,,,,,,,,,NONE,
E182::majuli,E182,2024-0481-IND,2024-07-09,Assam,Majuli,,,1250.5943287676694,NONE,missing,matched,76128533B15157901669242,matched,missing,,,,,,,,,,NONE,
E182::morigaon,E182,2024-0481-IND,2024-07-09,Assam,Morigaon,,,1508.3262903435707,NONE,missing,matched,76128533B17968019348564,matched,missing,,,,,,,,,,NONE,
E182::nagaon,E182,2024-0481-IND,2024-07-09,Assam,Nagaon,,,3997.4423095607103,NONE,missing,matched,17589.0,matched,missing,,,,,,,,,,NONE,
E182::nalbari,E182,2024-0481-IND,2024-07-09,Assam,Nalbari,,,2339.8796955273547,NONE,missing,matched,17590.0,matched,missing,,,,,,,,,,NONE,
E182::sivasagar,E182,2024-0481-IND,2024-07-09,Assam,Sivasagar,,,1526.651765771626,NONE,missing,matched,76128533B21722277889516,matched,missing,,,,,,,,,,NONE,
E182::south%20salmara,E182,2024-0481-IND,2024-07-09,Assam,South Salmara,,,719.1856651342704,NONE,missing,matched,76128533B20298037622173,matched,missing,,,,,,,,,,NONE,
E183::auraiya,E183,2024-0481-IND,2024-07-09,Uttar Pradesh,Auraiya,,,2182.3976584986426,NONE,missing,matched,70258.0,matched,missing,,,,,,,,,,NONE,
E183::ayodhya,E183,2024-0481-IND,2024-07-09,Uttar Pradesh,Ayodhya,,,2675.8001543878418,NONE,missing,matched,76128533B60320291189162,matched,missing,,,,,,,,,,NONE,
E183::ballia,E183,2024-0481-IND,2024-07-09,Uttar Pradesh,Ballia,,,3013.8054759791835,NONE,missing,matched,17894.0,matched,missing,,,,,,,,,,NONE,
E183::balrampur,E183,2024-0481-IND,2024-07-09,Uttar Pradesh,Balrampur,,,3379.881475532829,NONE,missing,matched,70261.0,matched,missing,,,,,,,,,,NONE,
E183::barabanki,E183,2024-0481-IND,2024-07-09,Uttar Pradesh,Barabanki,,,4440.0005417469865,NONE,missing,matched,17896.0,matched,missing,,,,,,,,,,NONE,
E183::budaun,E183,2024-0481-IND,2024-07-09,Uttar Pradesh,Budaun,,,4242.29880763651,NONE,missing,matched,76128533B84679668760735,matched,missing,,,,,,,,,,NONE,
E183::chandauli,E183,2024-0481-IND,2024-07-09,Uttar Pradesh,Chandauli,,,2540.7391966848068,NONE,missing,matched,70262.0,matched,missing,,,,,,,,,,NONE,
E183::deoria,E183,2024-0481-IND,2024-07-09,Uttar Pradesh,Deoria,,,2561.4288968732094,NONE,missing,matched,17904.0,matched,missing,,,,,,,,,,NONE,
E183::gonda,E183,2024-0481-IND,2024-07-09,Uttar Pradesh,Gonda,,,4014.846082655345,NONE,missing,matched,17913.0,matched,missing,,,,,,,,,,NONE,
E183::gorakhpur,E183,2024-0481-IND,2024-07-09,Uttar Pradesh,Gorakhpur,,,3072.188964505668,NONE,missing,matched,17914.0,matched,missing,,,,,,,,,,NONE,
E183::hardoi,E183,2024-0481-IND,2024-07-09,Uttar Pradesh,Hardoi,,,6020.112448537428,NONE,missing,matched,17916.0,matched,missing,,,,,,,,,,NONE,
E183::hathras,E183,2024-0481-IND,2024-07-09,Uttar Pradesh,Hathras,,,1623.4987994509945,NONE,missing,matched,70266.0,matched,missing,,,,,,,,,,NONE,
E183::kushinagar,E183,2024-0481-IND,2024-07-09,Uttar Pradesh,Kushinagar,,,2893.16087554316,NONE,missing,matched,70271.0,matched,missing,,,,,,,,,,NONE,
E183::lakhimpur%20kheri,E183,2024-0481-IND,2024-07-09,Uttar Pradesh,Lakhimpur Kheri,,,7708.742992388735,NONE,missing,matched,17921.0,matched,missing,,,,,,,,,,NONE,
E183::maharajganj,E183,2024-0481-IND,2024-07-09,Uttar Pradesh,Maharajganj,,,3197.0231063739748,NONE,missing,matched,70272.0,matched,missing,,,,,,,,,,NONE,
E183::mainpuri,E183,2024-0481-IND,2024-07-09,Uttar Pradesh,Mainpuri,,,2755.0367810593875,NONE,missing,matched,17924.0,matched,missing,,,,,,,,,,NONE,
E183::pilibhit,E183,2024-0481-IND,2024-07-09,Uttar Pradesh,Pilibhit,,,3594.1579683602813,NONE,missing,matched,17931.0,matched,missing,,,,,,,,,,NONE,
E183::pratapgarh,E183,2024-0481-IND,2024-07-09,Uttar Pradesh,Pratapgarh,,,3722.845628160076,NONE,missing,matched,17933.0,matched,missing,,,,,,,,,,NONE,
E183::prayagraj,E183,2024-0481-IND,2024-07-09,Uttar Pradesh,Prayagraj,,,5474.7102581208,NONE,missing,matched,76128533B51368558457506,matched,missing,,,,,,,,,,NONE,
E183::shahjahanpur,E183,2024-0481-IND,2024-07-09,Uttar Pradesh,Shahjahanpur,,,4659.039376462991,NONE,missing,matched,17937.0,matched,missing,,,,,,,,,,NONE,
E183::shrawasti,E183,2024-0481-IND,2024-07-09,Uttar Pradesh,Shrawasti,,,1950.0124338088456,NONE,missing,matched,76128533B34832354589031,matched,missing,,,,,,,,,,NONE,
E183::siddharthnagar,E183,2024-0481-IND,2024-07-09,Uttar Pradesh,Siddharthnagar,,,3492.6137371813147,NONE,missing,matched,70278.0,matched,missing,,,,,,,,,,NONE,
E183::sultanpur,E183,2024-0481-IND,2024-07-09,Uttar Pradesh,Sultanpur,,,4427.494295932419,NONE,missing,matched,17939.0,matched,missing,,,,,,,,,,NONE,
E183::unnao,E183,2024-0481-IND,2024-07-09,Uttar Pradesh,Unnao,,,4606.848065112721,NONE,missing,matched,17941.0,matched,missing,,,,,,,,,,NONE,
E183::varanasi,E183,2024-0481-IND,2024-07-09,Uttar Pradesh,Varanasi,,,1554.288127138641,NONE,missing,matched,17943.0,matched,missing,,,,,,,,,,NONE,
E184::kullu,E184,2024-0561-IND,2024-07-31,Himachal Pradesh,Kullu,,,5505.982355912866,NONE,missing,matched,17671.0,matched,missing,,,,,,,,,,NONE,
E184::mandi,E184,2024-0561-IND,2024-07-31,Himachal Pradesh,Mandi,,,3951.2717684747336,NONE,missing,matched,17673.0,matched,missing,,,,,,,,,,NONE,
E184::shimla,E184,2024-0561-IND,2024-07-31,Himachal Pradesh,Shimla,,,5136.6062379686,NONE,missing,matched,17674.0,matched,missing,,,,,,,,,,NONE,
E185::dhalai,E185,2024-0624-IND,2024-08-19,Tripura,Dhalai,,,2201.079367693781,NONE,missing,matched,70256.0,matched,missing,,,,,,,,,,NONE,
E185::gomati,E185,2024-0624-IND,2024-08-19,Tripura,Gomati,,,1617.9532415826357,NONE,missing,matched,76128533B94126463611805,matched,missing,,,,,,,,,,NONE,
E185::khowai,E185,2024-0624-IND,2024-08-19,Tripura,Khowai,,,1046.189742159586,NONE,missing,matched,76128533B67044589012853,matched,missing,,,,,,,,,,NONE,
E185::north%20tripura,E185,2024-0624-IND,2024-08-19,Tripura,North Tripura,,,2109.5271791468954,NONE,missing,matched,17885.0,matched,missing,,,,,,,,,,NONE,
E185::sepahijala,E185,2024-0624-IND,2024-08-19,Tripura,Sepahijala,,,1071.1594978769108,NONE,missing,matched,76128533B43965372582859,matched,missing,,,,,,,,,,NONE,
E185::south%20tripura,E185,2024-0624-IND,2024-08-19,Tripura,South Tripura,,,3224.504208632636,NONE,missing,matched,17886.0,matched,missing,,,,,,,,,,NONE,
E185::unakoti,E185,2024-0624-IND,2024-08-19,Tripura,Unakoti,,,657.9288906587705,NONE,missing,matched,76128533B4720703924950,matched,missing,,,,,,,,,,NONE,
E185::west%20tripura,E185,2024-0624-IND,2024-08-19,Tripura,West Tripura,,,3039.951701839773,NONE,missing,matched,17887.0,matched,missing,,,,,,,,,,NONE,
E186::ahmedabad,E186,2024-0647-IND,2024-08-26,Gujarat,Ahmedabad,,,7272.000354411259,NONE,missing,matched,76128533B93113981386565,matched,missing,,,,,,,,,,NONE,
E186::amreli,E186,2024-0647-IND,2024-08-26,Gujarat,Amreli,,,7335.055339616136,NONE,missing,matched,17636.0,matched,missing,,,,,,,,,,NONE,
E186::anand,E186,2024-0647-IND,2024-08-26,Gujarat,Anand,,,2708.431476288587,NONE,missing,matched,70124.0,matched,missing,,,,,,,,,,NONE,
E186::aravalli,E186,2024-0647-IND,2024-08-26,Gujarat,Aravalli,,,3271.526707635578,NONE,missing,matched,76128533B62153454383166,matched,missing,,,,,,,,,,NONE,
E186::botad,E186,2024-0647-IND,2024-08-26,Gujarat,Botad,,,2635.4766256069506,NONE,missing,matched,76128533B48885555323596,matched,missing,,,,,,,,,,NONE,
E186::dahod,E186,2024-0647-IND,2024-08-26,Gujarat,Dahod,,,5236.527197799419,NONE,missing,matched,70125.0,matched,missing,,,,,,,,,,NONE,
E186::devbhumi%20dwarka,E186,2024-0647-IND,2024-08-26,Gujarat,Devbhumi Dwarka,,,4320.429272751359,NONE,missing,matched,76128533B74381554567803,matched,missing,,,,,,,,,,NONE,
E186::jamnagar,E186,2024-0647-IND,2024-08-26,Gujarat,Jamnagar,,,10822.719279552311,NONE,missing,matched,17641.0,matched,missing,,,,,,,,,,NONE,
E186::junagadh,E186,2024-0647-IND,2024-08-26,Gujarat,Junagadh,,,8217.26323932205,NONE,missing,matched,17642.0,matched,missing,,,,,,,,,,NONE,
E186::kheda,E186,2024-0647-IND,2024-08-26,Gujarat,Kheda,,,3992.831170210708,NONE,missing,matched,17644.0,matched,missing,,,,,,,,,,NONE,
E186::kutch,E186,2024-0647-IND,2024-08-26,Gujarat,Kutch,,,42739.022712293714,NONE,missing,matched,76128533B91881382098572,matched,missing,,,,,,,,,,NONE,
E186::mahisagar,E186,2024-0647-IND,2024-08-26,Gujarat,Mahisagar,,,2507.754245036501,NONE,missing,matched,76128533B49615943426842,matched,missing,,,,,,,,,,NONE,
E186::morbi,E186,2024-0647-IND,2024-08-26,Gujarat,Morbi,,,4845.3888221565,NONE,missing,matched,76128533B2080752988715,matched,missing,,,,,,,,,,NONE,
E186::panchmahal,E186,2024-0647-IND,2024-08-26,Gujarat,Panchmahal,,,3329.087905817164,NONE,missing,matched,76128533B16476001647323,matched,missing,,,,,,,,,,NONE,
E186::rajkot,E186,2024-0647-IND,2024-08-26,Gujarat,Rajkot,,,11175.751593133718,NONE,missing,matched,17647.0,matched,missing,,,,,,,,,,NONE,
E186::surendranagar,E186,2024-0647-IND,2024-08-26,Gujarat,Surendranagar,,,10480.710406373057,NONE,missing,matched,17650.0,matched,missing,,,,,,,,,,NONE,
E186::vadodara,E186,2024-0647-IND,2024-08-26,Gujarat,Vadodara,,,7758.226506800483,NONE,missing,matched,17652.0,matched,missing,,,,,,,,,,NONE,
E187::kolhapur,E187,2024-0647-IND,2024-08-26,Maharashtra,Kolhapur,,,7680.572392490604,NONE,missing,matched,17769.0,matched,missing,,,,,,,,,,NONE,
E187::nashik,E187,2024-0647-IND,2024-08-26,Maharashtra,Nashik,,,15554.167322451072,NONE,missing,matched,17773.0,matched,missing,,,,,,,,,,NONE,
E187::palghar,E187,2024-0647-IND,2024-08-26,Maharashtra,Palghar,,,5355.281971404182,NONE,missing,matched,76128533B37148244536449,matched,missing,,,,,,,,,,NONE,
E187::pune,E187,2024-0647-IND,2024-08-26,Maharashtra,Pune,,,15649.899791716924,NONE,missing,matched,17776.0,matched,missing,,,,,,,,,,NONE,
E187::raigad,E187,2024-0647-IND,2024-08-26,Maharashtra,Raigad,,,6987.901171136008,NONE,missing,matched,76128533B99895802074414,matched,missing,,,,,,,,,,NONE,
E187::ratnagiri,E187,2024-0647-IND,2024-08-26,Maharashtra,Ratnagiri,,,8501.126377449938,NONE,missing,matched,17778.0,matched,missing,,,,,,,,,,NONE,
E187::satara,E187,2024-0647-IND,2024-08-26,Maharashtra,Satara,,,10502.605850168617,NONE,missing,matched,17781.0,matched,missing,,,,,,,,,,NONE,
E187::sindhudurg,E187,2024-0647-IND,2024-08-26,Maharashtra,Sindhudurg,,,5174.499083363021,NONE,missing,matched,17779.0,matched,missing,,,,,,,,,,NONE,
E188::dhalai,E188,2024-0647-IND,2024-08-26,Tripura,Dhalai,,,2201.079367693781,NONE,missing,matched,70256.0,matched,missing,,,,,,,,,,NONE,
E188::gomati,E188,2024-0647-IND,2024-08-26,Tripura,Gomati,,,1617.9532415826357,NONE,missing,matched,76128533B94126463611805,matched,missing,,,,,,,,,,NONE,
E188::khowai,E188,2024-0647-IND,2024-08-26,Tripura,Khowai,,,1046.1897421595445,NONE,missing,matched,76128533B67044589012853,matched,missing,,,,,,,,,,NONE,
E188::north%20tripura,E188,2024-0647-IND,2024-08-26,Tripura,North Tripura,,,2109.5271791468954,NONE,missing,matched,17885.0,matched,missing,,,,,,,,,,NONE,
E188::sepahijala,E188,2024-0647-IND,2024-08-26,Tripura,Sepahijala,,,1071.1594978769108,NONE,missing,matched,76128533B43965372582859,matched,missing,,,,,,,,,,NONE,
E188::south%20tripura,E188,2024-0647-IND,2024-08-26,Tripura,South Tripura,,,3224.504208632636,NONE,missing,matched,17886.0,matched,missing,,,,,,,,,,NONE,
E188::unakoti,E188,2024-0647-IND,2024-08-26,Tripura,Unakoti,,,657.9288906584868,NONE,missing,matched,76128533B4720703924950,matched,missing,,,,,,,,,,NONE,
E188::west%20tripura,E188,2024-0647-IND,2024-08-26,Tripura,West Tripura,,,3039.951701839773,NONE,missing,matched,17887.0,matched,missing,,,,,,,,,,NONE,
E189::east%20garo%20hills,E189,2024-0719-IND,2024-10-04,Meghalaya,East Garo Hills,,,2940.3760891953966,NONE,missing,matched,17793.0,matched,missing,,,,,,,,,,NONE,
E189::north%20garo%20hills,E189,2024-0719-IND,2024-10-04,Meghalaya,North Garo Hills,,,1050.4969039025452,NONE,missing,matched,76128533B35759455556328,matched,missing,,,,,,,,,,NONE,
E189::south%20garo%20hills,E189,2024-0719-IND,2024-10-04,Meghalaya,South Garo Hills,,,1876.767998735909,NONE,missing,matched,70198.0,matched,missing,,,,,,,,,,NONE,
E189::south%20west%20garo%20hills,E189,2024-0719-IND,2024-10-04,Meghalaya,South West Garo Hills,,,586.0218511059741,NONE,missing,matched,76128533B52906466328910,matched,missing,,,,,,,,,,NONE,
E189::west%20garo%20hills,E189,2024-0719-IND,2024-10-04,Meghalaya,West Garo Hills,,,3440.766036854824,NONE,missing,matched,17796.0,matched,missing,,,,,,,,,,NONE,
E190::lohit,E190,2025-0402-IND,2025-05-31,Arunachal Pradesh,Lohit,,,5476.171129046326,NONE,missing,matched,17572.0,matched,missing,,,,,,,,,,NONE,
E190::lower%20dibang%20valley,E190,2025-0402-IND,2025-05-31,Arunachal Pradesh,Lower Dibang Valley,,,1481.008750945566,NONE,missing,matched,70084.0,matched,missing,,,,,,,,,,NONE,
E190::lower%20subansiri,E190,2025-0402-IND,2025-05-31,Arunachal Pradesh,Lower Subansiri,,,19.786424622092788,NONE,missing,matched,17573.0,matched,missing,,,,,,,,,,NONE,
E190::namsai,E190,2025-0402-IND,2025-05-31,Arunachal Pradesh,Namsai,,,1281.1997378272836,NONE,missing,matched,76128533B1875965515331,matched,missing,,,,,,,,,,NONE,
E190::pakke%20kessang,E190,2025-0402-IND,2025-05-31,Arunachal Pradesh,Pakke Kessang,,,2124.67605931882,NONE,missing,matched,76128533B24017517661394,matched,missing,,,,,,,,,,NONE,
E191::bongaigaon,E191,2025-0402-IND,2025-05-31,Assam,Bongaigaon,,,2332.582799042809,NONE,missing,matched,70086.0,matched,missing,,,,,,,,,,NONE,
E191::cachar,E191,2025-0402-IND,2025-05-31,Assam,Cachar,,,3806.329961738336,NONE,missing,matched,17577.0,matched,missing,,,,,,,,,,NONE,
E191::dima%20hasao,E191,2025-0402-IND,2025-05-31,Assam,Dima Hasao,,,4914.108784116743,NONE,missing,matched,76128533B66125202864966,matched,missing,,,,,,,,,,NONE,
E191::hailakandi,E191,2025-0402-IND,2025-05-31,Assam,Hailakandi,,,1336.4605858584375,NONE,missing,matched,70088.0,matched,missing,,,,,,,,,,NONE,
E191::kamrup,E191,2025-0402-IND,2025-05-31,Assam,Kamrup,,,4348.6225796054405,NONE,missing,matched,17583.0,matched,missing,,,,,,,,,,NONE,
E191::lakhimpur,E191,2025-0402-IND,2025-05-31,Assam,Lakhimpur,,,2886.5239581816727,NONE,missing,matched,70091.0,matched,missing,,,,,,,,,,NONE,
E191::sribhumi%20%28karimganj%29,E191,2025-0402-IND,2025-05-31,Assam,Sribhumi (Karimganj),,,1851.5082949978823,NONE,missing,matched,76128533B23092176497025,matched,missing,,,,,,,,,,NONE,
E192::bishnupur,E192,2025-0402-IND,2025-05-31,Manipur,Bishnupur,,,481.84963420103696,NONE,missing,matched,70188.0,matched,missing,,,,,,,,,,NONE,
E192::imphal%20east,E192,2025-0402-IND,2025-05-31,Manipur,Imphal East,,,378.55443161734433,NONE,missing,matched,76128533B30779259886340,matched,missing,,,,,,,,,,NONE,
E192::imphal%20west,E192,2025-0402-IND,2025-05-31,Manipur,Imphal West,,,504.9363985910239,NONE,missing,matched,76128533B99807650893733,matched,missing,,,,,,,,,,NONE,
E192::kangpokpi,E192,2025-0402-IND,2025-05-31,Manipur,Kangpokpi,,,1825.3176503754064,NONE,missing,matched,76128533B56326354019534,matched,missing,,,,,,,,,,NONE,
E192::noney,E192,2025-0402-IND,2025-05-31,Manipur,Noney,,,1099.6192833435175,NONE,missing,matched,76128533B36594996191182,matched,missing,,,,,,,,,,NONE,
E192::pherzawl,E192,2025-0402-IND,2025-05-31,Manipur,Pherzawl,,,2338.6376768542173,NONE,missing,matched,76128533B71254158898830,matched,missing,,,,,,,,,,NONE,
E192::senapati,E192,2025-0402-IND,2025-05-31,Manipur,Senapati,,,3491.671343960543,NONE,missing,matched,70192.0,matched,missing,,,,,,,,,,NONE,
E192::tamenglong,E192,2025-0402-IND,2025-05-31,Manipur,Tamenglong,,,4205.580317998752,NONE,missing,matched,70193.0,matched,missing,,,,,,,,,,NONE,
E192::ukhrul,E192,2025-0402-IND,2025-05-31,Manipur,Ukhrul,,,4426.124966872591,NONE,missing,matched,70195.0,matched,missing,,,,,,,,,,NONE,
E193::east%20garo%20hills,E193,2025-0402-IND,2025-05-31,Meghalaya,East Garo Hills,,,2940.3760891953966,NONE,missing,matched,17793.0,matched,missing,,,,,,,,,,NONE,
E193::east%20jaintia%20hills,E193,2025-0402-IND,2025-05-31,Meghalaya,East Jaintia Hills,,,2077.589780451139,NONE,missing,matched,76128533B70185077694103,matched,missing,,,,,,,,,,NONE,
E193::east%20khasi%20hills,E193,2025-0402-IND,2025-05-31,Meghalaya,East Khasi Hills,,,2889.6322510589234,NONE,missing,matched,17794.0,matched,missing,,,,,,,,,,NONE,
E193::eastern%20west%20khasi%20hills,E193,2025-0402-IND,2025-05-31,Meghalaya,Eastern West Khasi Hills,,,1229.5763041016378,NONE,missing,matched,OSM:relation/14723470,matched,missing,,,,,,,,,,NONE,
E193::north%20garo%20hills,E193,2025-0402-IND,2025-05-31,Meghalaya,North Garo Hills,,,1050.4969039025452,NONE,missing,matched,76128533B35759455556328,matched,missing,,,,,,,,,,NONE,
E193::ri%20bhoi,E193,2025-0402-IND,2025-05-31,Meghalaya,Ri Bhoi,,,,NONE,failed_aoi,unknown,,unknown,missing,,,,,,,,,,NONE,
E193::south%20garo%20hills,E193,2025-0402-IND,2025-05-31,Meghalaya,South Garo Hills,,,1876.767998735909,NONE,missing,matched,70198.0,matched,missing,,,,,,,,,,NONE,
E193::south%20west%20garo%20hills,E193,2025-0402-IND,2025-05-31,Meghalaya,South West Garo Hills,,,586.0218511059741,NONE,missing,matched,76128533B52906466328910,matched,missing,,,,,,,,,,NONE,
E193::south%20west%20khasi%20hills,E193,2025-0402-IND,2025-05-31,Meghalaya,South West Khasi Hills,,,1344.9013461709417,NONE,missing,matched,76128533B27102120636500,matched,missing,,,,,,,,,,NONE,
E193::west%20garo%20hills,E193,2025-0402-IND,2025-05-31,Meghalaya,West Garo Hills,,,3440.766036854824,NONE,missing,matched,17796.0,matched,missing,,,,,,,,,,NONE,
E193::west%20jaintia%20hills,E193,2025-0402-IND,2025-05-31,Meghalaya,West Jaintia Hills,,,1728.3809971447447,NONE,missing,matched,76128533B84622469201834,matched,missing,,,,,,,,,,NONE,
E193::west%20khasi%20hills,E193,2025-0402-IND,2025-05-31,Meghalaya,West Khasi Hills,,,5255.633999719938,NONE,missing,matched,17797.0,matched,missing,,,,,,,,,,NONE,
E194::aizawl,E194,2025-0402-IND,2025-05-31,Mizoram,Aizawl,,,3461.099662744716,NONE,missing,matched,17798.0,matched,missing,,,,,,,,,,NONE,
E194::kolasib,E194,2025-0402-IND,2025-05-31,Mizoram,Kolasib,,,1351.916645556901,NONE,missing,matched,70200.0,matched,missing,,,,,,,,,,NONE,
E195::tuensang,E195,2025-0402-IND,2025-05-31,Nagaland,Tuensang,,,3789.750062415454,NONE,missing,matched,17805.0,matched,missing,,,,,,,,,,NONE,
E196::mangan,E196,2025-0402-IND,2025-05-31,Sikkim,Mangan,,,4277.456189629023,NONE,missing,matched,76128533B65820903826030,matched,missing,,,,,,,,,,NONE,
E197::gomati,E197,2025-0402-IND,2025-05-31,Tripura,Gomati,,,1617.9532415825593,NONE,missing,matched,76128533B94126463611805,matched,missing,,,,,,,,,,NONE,
E197::khowai,E197,2025-0402-IND,2025-05-31,Tripura,Khowai,,,1046.189742159586,NONE,missing,matched,76128533B67044589012853,matched,missing,,,,,,,,,,NONE,
E197::north%20tripura,E197,2025-0402-IND,2025-05-31,Tripura,North Tripura,,,2109.5271791468954,NONE,missing,matched,17885.0,matched,missing,,,,,,,,,,NONE,
E197::unakoti,E197,2025-0402-IND,2025-05-31,Tripura,Unakoti,,,657.9288906584868,NONE,missing,matched,76128533B4720703924950,matched,missing,,,,,,,,,,NONE,
E197::west%20tripura,E197,2025-0402-IND,2025-05-31,Tripura,West Tripura,,,3039.951701839773,NONE,missing,matched,17887.0,matched,missing,,,,,,,,,,NONE,
E198::chamba,E198,2025-0469-IND,2025-06-20,Himachal Pradesh,Chamba,,,6056.411356305338,NONE,missing,matched,17667.0,matched,missing,,,,,,,,,,NONE,
E198::hamirpur,E198,2025-0469-IND,2025-06-20,Himachal Pradesh,Hamirpur,,,1122.326232597962,NONE,missing,matched,17668.0,matched,missing,,,,,,,,,,NONE,
E198::kinnaur,E198,2025-0469-IND,2025-06-20,Himachal Pradesh,Kinnaur,,,6345.302855411621,NONE,missing,matched,17670.0,matched,missing,,,,,,,,,,NONE,
E198::kullu,E198,2025-0469-IND,2025-06-20,Himachal Pradesh,Kullu,,,5505.982355912866,NONE,missing,matched,17671.0,matched,missing,,,,,,,,,,NONE,
E198::mandi,E198,2025-0469-IND,2025-06-20,Himachal Pradesh,Mandi,,,3951.2717684747336,NONE,missing,matched,17673.0,matched,missing,,,,,,,,,,NONE,
E198::shimla,E198,2025-0469-IND,2025-06-20,Himachal Pradesh,Shimla,,,5136.6062379686,NONE,missing,matched,17674.0,matched,missing,,,,,,,,,,NONE,
E199::bageshwar,E199,2025-0469-IND,2025-06-20,Uttarakhand,Bageshwar,,,2283.823715697251,NONE,missing,matched,70281.0,matched,missing,,,,,,,,,,NONE,
E199::chamoli,E199,2025-0469-IND,2025-06-20,Uttarakhand,Chamoli,,,7838.316284013912,NONE,missing,matched,70282.0,matched,missing,,,,,,,,,,NONE,
E200::kishtwar,E200,2025-0690-IND,2025-08-14,Jammu and Kashmir,Kishtwar,,,7915.862636956913,NONE,missing,matched,76128533B20458430922604,matched,missing,,,,,,,,,,NONE,
E201::amritsar,E201,2025-0751-IND,2025-08-15,Punjab,Amritsar,,,4850.355487392105,NONE,missing,matched,17821.0,matched,missing,,,,,,,,,,NONE,
E201::fazilka,E201,2025-0751-IND,2025-08-15,Punjab,Fazilka,,,3260.9663717370954,NONE,missing,matched,76128533B7291413308870,matched,missing,,,,,,,,,,NONE,
E201::firozpur,E201,2025-0751-IND,2025-08-15,Punjab,Firozpur,,,5185.395439607114,NONE,missing,matched,17825.0,matched,missing,,,,,,,,,,NONE,
E201::gurdaspur,E201,2025-0751-IND,2025-08-15,Punjab,Gurdaspur,,,3507.09272056944,NONE,missing,matched,17826.0,matched,missing,,,,,,,,,,NONE,
E201::hoshiarpur,E201,2025-0751-IND,2025-08-15,Punjab,Hoshiarpur,,,3362.8966396342144,NONE,missing,matched,17827.0,matched,missing,,,,,,,,,,NONE,
E201::jalandhar,E201,2025-0751-IND,2025-08-15,Punjab,Jalandhar,,,2605.0531477191817,NONE,missing,matched,17828.0,matched,missing,,,,,,,,,,NONE,
E201::kapurthala,E201,2025-0751-IND,2025-08-15,Punjab,Kapurthala,,,1659.308150376237,NONE,missing,matched,17829.0,matched,missing,,,,,,,,,,NONE,
E201::ludhiana,E201,2025-0751-IND,2025-08-15,Punjab,Ludhiana,,,3573.10781793918,NONE,missing,matched,17830.0,matched,missing,,,,,,,,,,NONE,
E201::moga,E201,2025-0751-IND,2025-08-15,Punjab,Moga,,,2304.7121791107,NONE,missing,matched,70233.0,matched,missing,,,,,,,,,,NONE,
E201::pathankot,E201,2025-0751-IND,2025-08-15,Punjab,Pathankot,,,999.949013574026,NONE,missing,matched,76128533B19630094725383,matched,missing,,,,,,,,,,NONE,
E201::sangrur,E201,2025-0751-IND,2025-08-15,Punjab,Sangrur,,,5091.276351954565,NONE,missing,matched,17833.0,matched,missing,,,,,,,,,,NONE,
E201::sri%20muktsar%20sahib,E201,2025-0751-IND,2025-08-15,Punjab,Sri Muktsar Sahib,,,2637.9147681685968,NONE,missing,matched,76128533B50184713016881,matched,missing,,,,,,,,,,NONE,
E202::bageshwar,E202,2025-0803-IND,2025-09-15,Uttarakhand,Bageshwar,,,2283.823715697251,NONE,missing,matched,70281.0,matched,missing,,,,,,,,,,NONE,
E202::champawat,E202,2025-0803-IND,2025-09-15,Uttarakhand,Champawat,,,1688.3763040453146,NONE,missing,matched,70283.0,matched,missing,,,,,,,,,,NONE,
E202::dehradun,E202,2025-0803-IND,2025-09-15,Uttarakhand,Dehradun,,,3070.1655325092884,NONE,missing,matched,17903.0,matched,missing,,,,,,,,,,NONE,
E202::haridwar,E202,2025-0803-IND,2025-09-15,Uttarakhand,Haridwar,,,2388.487173667367,NONE,missing,matched,70284.0,matched,missing,,,,,,,,,,NONE,
E202::nainital,E202,2025-0803-IND,2025-09-15,Uttarakhand,Nainital,,,4068.963433579816,NONE,missing,matched,70285.0,matched,missing,,,,,,,,,,NONE,
E202::pauri%20garhwal,E202,2025-0803-IND,2025-09-15,Uttarakhand,Pauri Garhwal,,,5461.918144346134,NONE,missing,matched,17910.0,matched,missing,,,,,,,,,,NONE,
E202::pithoragarh,E202,2025-0803-IND,2025-09-15,Uttarakhand,Pithoragarh,,,7209.480621522472,NONE,missing,matched,17932.0,matched,missing,,,,,,,,,,NONE,
E202::tehri%20garhwal,E202,2025-0803-IND,2025-09-15,Uttarakhand,Tehri Garhwal,,,4393.487663681659,NONE,missing,matched,70287.0,matched,missing,,,,,,,,,,NONE,
E202::udham%20singh%20nagar,E202,2025-0803-IND,2025-09-15,Uttarakhand,Udham Singh Nagar,,,2869.388323442663,NONE,missing,matched,70288.0,matched,missing,,,,,,,,,,NONE,
E203::araria,E203,2025-0859-IND,2025-10-03,Bihar,Araria,,,2825.348194194397,NONE,missing,matched,70094.0,matched,missing,,,,,,,,,,NONE,
E203::darbhanga,E203,2025-0859-IND,2025-10-03,Bihar,Darbhanga,,,2293.727225126986,NONE,missing,matched,17598.0,matched,missing,,,,,,,,,,NONE,
E203::east%20champaran,E203,2025-0859-IND,2025-10-03,Bihar,East Champaran,,,4209.432168721379,NONE,missing,matched,76128533B49017555803526,matched,missing,,,,,,,,,,NONE,
E203::gopalganj,E203,2025-0859-IND,2025-10-03,Bihar,Gopalganj,,,2044.660708589624,NONE,missing,matched,17604.0,matched,missing,,,,,,,,,,NONE,
E203::katihar,E203,2025-0859-IND,2025-10-03,Bihar,Katihar,,,3068.3721590224136,NONE,missing,matched,17608.0,matched,missing,,,,,,,,,,NONE,
E203::kishanganj,E203,2025-0859-IND,2025-10-03,Bihar,Kishanganj,,,1932.7539351616576,NONE,missing,matched,70100.0,matched,missing,,,,,,,,,,NONE,
E203::madhepura,E203,2025-0859-IND,2025-10-03,Bihar,Madhepura,,,1841.8576584602,NONE,missing,matched,17612.0,matched,missing,,,,,,,,,,NONE,
E203::madhubani,E203,2025-0859-IND,2025-10-03,Bihar,Madhubani,,,3457.42262983169,NONE,missing,matched,17611.0,matched,missing,,,,,,,,,,NONE,
E203::muzaffarpur,E203,2025-0859-IND,2025-10-03,Bihar,Muzaffarpur,,,3192.441978127565,NONE,missing,matched,17613.0,matched,missing,,,,,,,,,,NONE,
E203::purnia,E203,2025-0859-IND,2025-10-03,Bihar,Purnia,,,3252.274864588641,NONE,missing,matched,17621.0,matched,missing,,,,,,,,,,NONE,
E203::saharsa,E203,2025-0859-IND,2025-10-03,Bihar,Saharsa,,,1692.2702412487936,NONE,missing,matched,17624.0,matched,missing,,,,,,,,,,NONE,
E203::samastipur,E203,2025-0859-IND,2025-10-03,Bihar,Samastipur,,,2911.492917812177,NONE,missing,matched,17626.0,matched,missing,,,,,,,,,,NONE,
E203::saran,E203,2025-0859-IND,2025-10-03,Bihar,Saran,,,2650.3366911206285,NONE,missing,matched,17628.0,matched,missing,,,,,,,,,,NONE,
E203::sheohar,E203,2025-0859-IND,2025-10-03,Bihar,Sheohar,,,575.6280849211931,NONE,missing,matched,70103.0,matched,missing,,,,,,,,,,NONE,
E203::sitamarhi,E203,2025-0859-IND,2025-10-03,Bihar,Sitamarhi,,,2075.1609189491032,NONE,missing,matched,17630.0,matched,missing,,,,,,,,,,NONE,
E203::siwan,E203,2025-0859-IND,2025-10-03,Bihar,Siwan,,,2229.6509970655925,NONE,missing,matched,17631.0,matched,missing,,,,,,,,,,NONE,
E203::supaul,E203,2025-0859-IND,2025-10-03,Bihar,Supaul,,,2399.2927702222696,NONE,missing,matched,70104.0,matched,missing,,,,,,,,,,NONE,
E203::west%20champaran,E203,2025-0859-IND,2025-10-03,Bihar,West Champaran,,,5214.198372330475,NONE,missing,matched,76128533B17762399278073,matched,missing,,,,,,,,,,NONE,
E204::alipurduar,E204,2025-0859-IND,2025-10-03,West Bengal,Alipurduar,,,2805.571892812931,NONE,missing,matched,76128533B23858286755005,matched,missing,,,,,,,,,,NONE,
E204::cooch%20behar,E204,2025-0859-IND,2025-10-03,West Bengal,Cooch Behar,,,3288.1312386454174,NONE,missing,matched,76128533B64156747739715,matched,missing,,,,,,,,,,NONE,
E204::darjeeling,E204,2025-0859-IND,2025-10-03,West Bengal,Darjeeling,,,2082.4452472301264,NONE,missing,matched,76128533B17109302371020,matched,missing,,,,,,,,,,NONE,
E204::jalpaiguri,E204,2025-0859-IND,2025-10-03,West Bengal,Jalpaiguri,,,6200.341009430311,NONE,missing,matched,17951.0,matched,missing,,,,,,,,,,NONE,
E204::kalimpong,E204,2025-0859-IND,2025-10-03,West Bengal,Kalimpong,,,1110.133398229132,NONE,missing,matched,76128533B78458325839103,matched,missing,,,,,,,,,,NONE,
