event_district_id,event_id,source_record_id,start_date,state,district,aoi_level,aoi_source,aoi_match_status,geometry_id,combined_km2,satellite_source,route_reason,routing_mode,optical_footprint,sits_status,sits_reason,converter_decision,s1_flood_km2,ndwi_flood_km2,sits_ndwi_full_km2,sits_ndwi_gated_km2,sits_detect_km2,sits_footprint_km2,sits_usable_km2,sits_usable_frac,sits_s1_usable_km2,sits_threshold,sits_method,optical_available,cloud_pct,optical_observed_frac,otsu_threshold_db,otsu_fallback_used,s1_orbit,s1_post_images,s2_post_images,eligible_km2,builtup_km2,cropland_km2,aoi_area_km2,legacy_combined_km2,legacy_satellite_source,legacy_route_reason,spec_version
E001::anantnag,E001,2015-0107-IND,2015-03-20,Jammu and Kashmir,Anantnag,district,geoBoundaries/gbOpen/IND/ADM2/2021@8bef6929fd65432e7dc775e7c44473e84efff064ebddbfd6b834e6291546db40,matched,76128533B6393836306469,1.8372,S1,interim_s1_only,s1_interim,aoi,unavailable,no_post_imagery,,1.8372,,,,,,,,,,no-sits,False,100.0,,-16.0,True,DESCENDING,2.0,0.0,460.8518,33.1089,180.894,2744.7027110021554,1.8372,S1,no_optical_s1,fs1-3016a20fd3ad
E001::budgam,E001,2015-0107-IND,2015-03-20,Jammu and Kashmir,Budgam,district,geoBoundaries/gbOpen/IND/ADM2/2021@8bef6929fd65432e7dc775e7c44473e84efff064ebddbfd6b834e6291546db40,matched,76128533B88214376170788,14.5393,S1,interim_s1_only,s1_interim,aoi,unavailable,no_post_imagery,,14.5393,,,,,,,,,,no-sits,False,100.0,,-16.0,True,DESCENDING,4.0,0.0,414.6076,31.7914,183.4028,1130.5904895316958,14.5393,S1,no_optical_s1,fs1-3016a20fd3ad
E001::shopian,E001,2015-0107-IND,2015-03-20,Jammu and Kashmir,Shopian,district,geoBoundaries/gbOpen/IND/ADM2/2021@8bef6929fd65432e7dc775e7c44473e84efff064ebddbfd6b834e6291546db40,matched,76128533B37825396764028,2.9652,S1,interim_s1_only,s1_interim,aoi,unavailable,no_post_imagery,,2.9652,,,,,,,,,,no-sits,False,100.0,,-16.0,True,DESCENDING,2.0,0.0,204.64,13.0833,17.0682,453.0644785617448,2.9652,S1,no_optical_s1,fs1-3016a20fd3ad
E001::srinagar,E001,2015-0107-IND,2015-03-20,Jammu and Kashmir,Srinagar,district,geoBoundaries/gbOpen/IND/ADM2/2021@8bef6929fd65432e7dc775e7c44473e84efff064ebddbfd6b834e6291546db40,matched,76128533B32249045995424,5.664,S1,interim_s1_only,s1_interim,aoi,unavailable,no_post_imagery,,5.664,,,,,,,,,,no-sits,False,100.0,,-16.0,True,DESCENDING,3.0,0.0,211.5697,69.5938,52.0322,512.8831127978173,5.664,S1,no_optical_s1,fs1-3016a20fd3ad
E002::virudhunagar,E002,2015-0207-IND,2015-05-17,Tamil Nadu,Virudhunagar,district,FAO/GAUL/2015/level2,matched,17869,,NONE,no_s1,s1_interim,,unavailable,no_post_imagery,,,,,,,,,,,,no-sits,False,100.0,,,,DESCENDING,1.0,0.0,3913.8888,195.3006,1793.7543,4306.978436820998,,NONE,no_measurement,fs1-3016a20fd3ad
E003::amreli,E003,2015-0249-IND,2015-06-19,Gujarat,Amreli,district,FAO/GAUL/2015/level2,matched,17636,,NONE,no_s1,s1_interim,,unavailable,no_post_imagery,,,,,,,,,,,,no-sits,False,100.0,,,,,0.0,0.0,6520.1448,143.129,5306.5211,7335.055339616136,,NONE,no_measurement,fs1-3016a20fd3ad
E003::morbi,E003,2015-0249-IND,2015-06-19,Gujarat,Morbi,district,geoBoundaries/gbOpen/IND/ADM2/2021@8bef6929fd65432e7dc775e7c44473e84efff064ebddbfd6b834e6291546db40,matched,76128533B2080752988715,0.0028,S1,interim_s1_only,s1_interim,aoi,unavailable,no_post_imagery,,0.0028,,,,,,,,,,no-sits,False,100.0,,-16.0,True,DESCENDING,1.0,0.0,4598.5249,124.0588,3448.1215,4845.388822156085,0.0028,S1,no_optical_s1,fs1-3016a20fd3ad
E003::rajkot,E003,2015-0249-IND,2015-06-19,Gujarat,Rajkot,district,FAO/GAUL/2015/level2,matched,17647,,NONE,no_s1,s1_interim,,unavailable,no_post_imagery,,,,,,,,,,,,no-sits,False,100.0,,,,,0.0,0.0,10594.8875,362.83,8303.7985,11175.751593133718,,NONE,no_measurement,fs1-3016a20fd3ad
E003::surat,E003,2015-0249-IND,2015-06-19,Gujarat,Surat,district,FAO/GAUL/2015/level2,matched,17649,,NONE,no_s1,s1_interim,,unavailable,no_post_imagery,,,,,,,,,,,,no-sits,False,100.0,,,,,0.0,0.0,5860.6038,320.505,3100.9497,7486.82173633887,,NONE,no_measurement,fs1-3016a20fd3ad
E003::tapi,E003,2015-0249-IND,2015-06-19,Gujarat,Tapi,district,geoBoundaries/gbOpen/IND/ADM2/2021@8bef6929fd65432e7dc775e7c44473e84efff064ebddbfd6b834e6291546db40,matched,76128533B12519626815499,,NONE,no_s1,s1_interim,,unavailable,no_post_imagery,,,,,,,,,,,,no-sits,False,100.0,,,,,0.0,0.0,2093.7467,37.5106,1269.4798,3222.2181213994645,,NONE,no_measurement,fs1-3016a20fd3ad
E005::darjeeling,E005,2015-0253-IND,2015-06-23,West Bengal,Darjeeling,district,geoBoundaries/gbOpen/IND/ADM2/2021@8bef6929fd65432e7dc775e7c44473e84efff064ebddbfd6b834e6291546db40,matched,76128533B17109302371020,2.4859,S1,interim_s1_only,s1_interim,aoi,unavailable,no_post_imagery,,2.4859,,,,,,,,,,no-sits,False,100.0,,-16.0,True,BOTH,4.0,0.0,826.6807,47.8383,280.9187,2082.4452472301264,2.4859,S1,no_optical_s1,fs1-3016a20fd3ad
E009::anantnag,E009,2015-0333-IND,2015-07-07,Jammu and Kashmir,Anantnag,district,geoBoundaries/gbOpen/IND/ADM2/2021@8bef6929fd65432e7dc775e7c44473e84efff064ebddbfd6b834e6291546db40,matched,76128533B6393836306469,1.7994,S1,interim_s1_only,s1_interim,aoi,unavailable,no_post_imagery,,1.7994,,,,,,,,,,no-sits,False,100.0,,-16.0,True,ASCENDING,4.0,0.0,460.8518,33.1089,180.894,2744.702711002116,1.7994,S1,no_optical_s1,fs1-3016a20fd3ad
E012::barabanki,E012,2015-0333-IND,2015-07-07,Uttar Pradesh,Barabanki,district,FAO/GAUL/2015/level2,matched,17896,783.3031,S1,interim_s1_only,s1_interim,aoi,unavailable,no_post_imagery,,783.3031,,,,,,,,,,no-sits,False,100.0,,-13.25,False,BOTH,5.0,0.0,4261.6796,180.5234,2989.9903,4440.0005417469865,783.3031,S1,no_optical_s1,fs1-3016a20fd3ad
E015::dhemaji,E015,2015-0413-IND,2015-07-14,Assam,Dhemaji,district,FAO/GAUL/2015/level2,matched,70087,12.8685,S1,interim_s1_only,s1_interim,aoi,unavailable,no_post_imagery,,12.8685,,,,,,,,,,no-sits,False,100.0,,-16.0,True,ASCENDING,1.0,0.0,2240.4877,21.9993,1222.1808,2503.3476339074205,12.8685,S1,no_optical_s1,fs1-3016a20fd3ad
E015::kokrajhar,E015,2015-0413-IND,2015-07-14,Assam,Kokrajhar,district,FAO/GAUL/2015/level2,matched,70090,42.6868,S1,interim_s1_only,s1_interim,aoi,unavailable,no_post_imagery,,42.6868,,,,,,,,,,no-sits,False,100.0,,-16.0,True,ASCENDING,2.0,0.0,3061.7037,20.8028,1277.9815,3329.2233881813268,42.6868,S1,no_optical_s1,fs1-3016a20fd3ad
E015::lakhimpur,E015,2015-0413-IND,2015-07-14,Assam,Lakhimpur,district,FAO/GAUL/2015/level2,matched,70091,51.7313,S1,interim_s1_only,s1_interim,aoi,unavailable,no_post_imagery,,51.7313,,,,,,,,,,no-sits,False,100.0,,-13.75,False,ASCENDING,1.0,0.0,2563.3875,26.0117,1480.1181,2886.5239581816727,51.7313,S1,no_optical_s1,fs1-3016a20fd3ad
E015::sonitpur,E015,2015-0413-IND,2015-07-14,Assam,Sonitpur,district,FAO/GAUL/2015/level2,matched,17593,68.551,S1,interim_s1_only,s1_interim,aoi,unavailable,no_post_imagery,,68.551,,,,,,,,,,no-sits,False,100.0,,-14.75,False,ASCENDING,1.0,0.0,4081.5881,70.4035,1950.1255,4676.158375740257,68.551,S1,no_optical_s1,fs1-3016a20fd3ad
E016::baksa,E016,2015-0317-IND,2015-07-15,Assam,Baksa,district,geoBoundaries/gbOpen/IND/ADM2/2021@8bef6929fd65432e7dc775e7c44473e84efff064ebddbfd6b834e6291546db40,matched,76128533B8221925175605,70.022,S1,interim_s1_only,s1_interim,aoi,unavailable,no_post_imagery,,70.022,,,,,,,,,,no-sits,False,100.0,,-16.0,True,ASCENDING,2.0,0.0,2223.2273,18.4823,1034.5191,2398.6209171216783,70.022,S1,no_optical_s1,fs1-3016a20fd3ad
E016::barpeta,E016,2015-0317-IND,2015-07-15,Assam,Barpeta,district,FAO/GAUL/2015/level2,matched,17576,158.5279,S1,interim_s1_only,s1_interim,aoi,unavailable,no_post_imagery,,158.5279,,,,,,,,,,no-sits,False,100.0,,-15.75,False,ASCENDING,2.0,0.0,2781.8165,53.1895,1401.2032,3253.622989828742,158.5279,S1,no_optical_s1,fs1-3016a20fd3ad
E016::bongaigaon,E016,2015-0317-IND,2015-07-15,Assam,Bongaigaon,district,FAO/GAUL/2015/level2,matched,70086,68.1776,S1,interim_s1_only,s1_interim,aoi,unavailable,no_post_imagery,,68.1776,,,,,,,,,,no-sits,False,100.0,,-14.25,False,ASCENDING,2.0,0.0,1849.5033,30.7452,701.4281,2332.582799042809,68.1776,S1,no_optical_s1,fs1-3016a20fd3ad
E016::cachar,E016,2015-0317-IND,2015-07-15,Assam,Cachar,district,FAO/GAUL/2015/level2,matched,17577,1.4569,S1,interim_s1_only,s1_interim,aoi,unavailable,no_post_imagery,,1.4569,,,,,,,,,,no-sits,False,100.0,,-16.0,True,ASCENDING,2.0,0.0,1742.352,28.6315,777.3899,3806.329961738336,1.4569,S1,no_optical_s1,fs1-3016a20fd3ad
E016::darrang,E016,2015-0317-IND,2015-07-15,Assam,Darrang,district,FAO/GAUL/2015/level2,matched,17578,,NONE,no_s1,s1_interim,,unavailable,no_post_imagery,,,,,,,,,,,,no-sits,False,100.0,,,,,0.0,0.0,3074.5271,59.1961,1652.486,3426.9679336953163,,NONE,no_measurement,fs1-3016a20fd3ad
E016::dhemaji,E016,2015-0317-IND,2015-07-15,Assam,Dhemaji,district,FAO/GAUL/2015/level2,matched,70087,12.8685,S1,interim_s1_only,s1_interim,aoi,unavailable,no_post_imagery,,12.8685,,,,,,,,,,no-sits,False,100.0,,-16.0,True,ASCENDING,1.0,0.0,2240.4877,21.9993,1222.1808,2503.3476339074205,12.8685,S1,no_optical_s1,fs1-3016a20fd3ad
E016::dhubri,E016,2015-0317-IND,2015-07-15,Assam,Dhubri,district,geoBoundaries/gbOpen/IND/ADM2/2021@8bef6929fd65432e7dc775e7c44473e84efff064ebddbfd6b834e6291546db40,matched,76128533B25835998628545,94.5726,S1,interim_s1_only,s1_interim,aoi,unavailable,no_post_imagery,,94.5726,,,,,,,,,,no-sits,False,100.0,,-14.25,False,ASCENDING,2.0,0.0,1545.8668,29.1865,884.5081,1790.280077462252,94.5726,S1,no_optical_s1,fs1-3016a20fd3ad
E016::dibrugarh,E016,2015-0317-IND,2015-07-15,Assam,Dibrugarh,district,FAO/GAUL/2015/level2,matched,17580,26.6159,S1,interim_s1_only,s1_interim,aoi,unavailable,no_post_imagery,,26.6159,,,,,,,,,,no-sits,False,100.0,,-16.25,False,ASCENDING,1.0,0.0,2887.5515,56.4443,1158.2783,3397.4818067287138,26.6159,S1,no_optical_s1,fs1-3016a20fd3ad
E016::goalpara,E016,2015-0317-IND,2015-07-15,Assam,Goalpara,district,FAO/GAUL/2015/level2,matched,17581,27.8387,S1,interim_s1_only,s1_interim,aoi,unavailable,no_post_imagery,,27.8387,,,,,,,,,,no-sits,False,100.0,,-14.75,False,ASCENDING,2.0,0.0,1408.4225,27.3769,712.6012,1904.60564716237,27.8387,S1,no_optical_s1,fs1-3016a20fd3ad
E016::jorhat,E016,2015-0317-IND,2015-07-15,Assam,Jorhat,district,FAO/GAUL/2015/level2,matched,70089,16.3964,S1,interim_s1_only,s1_interim,aoi,unavailable,no_post_imagery,,16.3964,,,,,,,,,,no-sits,False,100.0,,-15.75,False,ASCENDING,2.0,0.0,2306.1826,46.9407,1139.7231,2842.716884638612,16.3964,S1,no_optical_s1,fs1-3016a20fd3ad
E016::kamrup,E016,2015-0317-IND,2015-07-15,Assam,Kamrup,district,FAO/GAUL/2015/level2,matched,17583,4.3507,S1,interim_s1_only,s1_interim,aoi,unavailable,no_post_imagery,,4.3507,,,,,,,,,,no-sits,False,100.0,,-16.0,True,ASCENDING,1.0,0.0,2833.5254,161.5654,1408.6863,4348.6225796054405,4.3507,S1,no_optical_s1,fs1-3016a20fd3ad
E016::karbi%20anglong,E016,2015-0317-IND,2015-07-15,Assam,Karbi Anglong,district,FAO/GAUL/2015/level2,matched,17584,12.3412,S1,interim_s1_only,s1_interim,aoi,unavailable,no_post_imagery,,12.3412,,,,,,,,,,no-sits,False,100.0,,-16.0,True,ASCENDING,2.0,0.0,2925.3894,20.1574,925.2248,10446.406497647093,12.3412,S1,no_optical_s1,fs1-3016a20fd3ad
E016::kokrajhar,E016,2015-0317-IND,2015-07-15,Assam,Kokrajhar,district,FAO/GAUL/2015/level2,matched,70090,48.58,S1,interim_s1_only,s1_interim,aoi,unavailable,no_post_imagery,,48.58,,,,,,,,,,no-sits,False,100.0,,-16.0,True,ASCENDING,3.0,0.0,3061.7037,20.8028,1277.9815,3329.2233881813268,48.58,S1,no_optical_s1,fs1-3016a20fd3ad
E016::lakhimpur,E016,2015-0317-IND,2015-07-15,Assam,Lakhimpur,district,FAO/GAUL/2015/level2,matched,70091,51.7313,S1,interim_s1_only,s1_interim,aoi,unavailable,no_post_imagery,,51.7313,,,,,,,,,,no-sits,False,100.0,,-13.75,False,ASCENDING,1.0,0.0,2563.3875,26.0117,1480.1181,2886.5239581816727,51.7313,S1,no_optical_s1,fs1-3016a20fd3ad
E016::morigaon,E016,2015-0317-IND,2015-07-15,Assam,Morigaon,district,geoBoundaries/gbOpen/IND/ADM2/2021@8bef6929fd65432e7dc775e7c44473e84efff064ebddbfd6b834e6291546db40,matched,76128533B17968019348564,,NONE,no_s1,s1_interim,,unavailable,no_post_imagery,,,,,,,,,,,,no-sits,False,100.0,,,,,0.0,0.0,1311.7575,29.7776,855.9907,1508.3262903435684,,NONE,no_measurement,fs1-3016a20fd3ad
E016::nagaon,E016,2015-0317-IND,2015-07-15,Assam,Nagaon,district,FAO/GAUL/2015/level2,matched,17589,32.4244,S1,interim_s1_only,s1_interim,aoi,unavailable,no_post_imagery,,32.4244,,,,,,,,,,no-sits,False,100.0,,-16.0,True,ASCENDING,2.0,0.0,3099.3518,85.1365,1748.5294,3997.4423095607103,32.4244,S1,no_optical_s1,fs1-3016a20fd3ad
E016::nalbari,E016,2015-0317-IND,2015-07-15,Assam,Nalbari,district,FAO/GAUL/2015/level2,matched,17590,,NONE,no_s1,s1_interim,,unavailable,no_post_imagery,,,,,,,,,,,,no-sits,False,100.0,,,,,0.0,0.0,2097.5834,38.1238,1132.0605,2339.8796955273547,,NONE,no_measurement,fs1-3016a20fd3ad
E016::sonitpur,E016,2015-0317-IND,2015-07-15,Assam,Sonitpur,district,FAO/GAUL/2015/level2,matched,17593,68.551,S1,interim_s1_only,s1_interim,aoi,unavailable,no_post_imagery,,68.551,,,,,,,,,,no-sits,False,100.0,,-14.75,False,ASCENDING,1.0,0.0,4081.5881,70.4035,1950.1255,4676.158375740257,68.551,S1,no_optical_s1,fs1-3016a20fd3ad
E016::tinsukia,E016,2015-0317-IND,2015-07-15,Assam,Tinsukia,district,FAO/GAUL/2015/level2,matched,70093,6.4123,S1,interim_s1_only,s1_interim,aoi,unavailable,no_post_imagery,,6.4123,,,,,,,,,,no-sits,False,100.0,,-16.0,True,DESCENDING,1.0,0.0,3303.9786,35.8835,942.5054,3799.190193815676,6.4123,S1,no_optical_s1,fs1-3016a20fd3ad
E016::udalguri,E016,2015-0317-IND,2015-07-15,Assam,Udalguri,district,geoBoundaries/gbOpen/IND/ADM2/2021@8bef6929fd65432e7dc775e7c44473e84efff064ebddbfd6b834e6291546db40,matched,76128533B20307518801538,,NONE,no_s1,s1_interim,,unavailable,no_post_imagery,,,,,,,,,,,,no-sits,False,100.0,,,,,0.0,0.0,1902.4689,22.7021,962.0185,2056.2913712488325,,NONE,no_measurement,fs1-3016a20fd3ad
E017::banaskantha,E017,2015-0317-IND,2015-07-15,Gujarat,Banaskantha,district,FAO/GAUL/2015/level2,matched,17637,,NONE,no_s1,s1_interim,,unavailable,no_post_imagery,,,,,,,,,,,,no-sits,False,100.0,,,,,0.0,0.0,9330.3213,165.3847,7745.4466,10638.731207971712,,NONE,no_measurement,fs1-3016a20fd3ad
E017::kutch,E017,2015-0317-IND,2015-07-15,Gujarat,Kutch,district,geoBoundaries/gbOpen/IND/ADM2/2021@8bef6929fd65432e7dc775e7c44473e84efff064ebddbfd6b834e6291546db40,matched,76128533B91881382098572,2389.9903,S1,interim_s1_only,s1_interim,aoi,unavailable,no_post_imagery,,2389.9903,,,,,,,,,,no-sits,False,100.0,,-14.75,False,BOTH,4.0,0.0,35085.3176,273.0759,9226.9332,42739.022712293714,2389.9903,S1,no_optical_s1,fs1-3016a20fd3ad
E017::patan,E017,2015-0317-IND,2015-07-15,Gujarat,Patan,district,FAO/GAUL/2015/level2,matched,70129,,NONE,no_s1,s1_interim,,unavailable,no_post_imagery,,,,,,,,,,,,no-sits,False,100.0,,,,,0.0,0.0,5815.1637,117.5371,4683.4199,6017.262722245363,,NONE,no_measurement,fs1-3016a20fd3ad
E019::bishnupur,E019,2015-0317-IND,2015-07-15,Manipur,Bishnupur,district,FAO/GAUL/2015/level2,matched,70188,77.0245,S1,interim_s1_only,s1_interim,aoi,unavailable,no_post_imagery,,77.0245,,,,,,,,,,no-sits,False,100.0,,-13.25,False,ASCENDING,1.0,0.0,368.5485,21.6016,221.473,481.84963420103696,77.0245,S1,no_optical_s1,fs1-3016a20fd3ad
E019::chandel,E019,2015-0317-IND,2015-07-15,Manipur,Chandel,district,FAO/GAUL/2015/level2,matched,70189,1.1076,S1,interim_s1_only,s1_interim,aoi,unavailable,no_post_imagery,,1.1076,,,,,,,,,,no-sits,False,100.0,,-16.0,True,ASCENDING,1.0,0.0,121.2731,3.1988,36.3491,3203.022279023179,1.1076,S1,no_optical_s1,fs1-3016a20fd3ad
E019::churachandpur,E019,2015-0317-IND,2015-07-15,Manipur,Churachandpur,district,FAO/GAUL/2015/level2,matched,70190,5.1917,S1,interim_s1_only,s1_interim,aoi,unavailable,no_post_imagery,,5.1917,,,,,,,,,,no-sits,False,100.0,,-16.0,True,ASCENDING,1.0,0.0,210.6588,10.9398,60.4427,4763.149584333486,5.1917,S1,no_optical_s1,fs1-3016a20fd3ad
E019::jiribam,E019,2015-0317-IND,2015-07-15,Manipur,Jiribam,district,geoBoundaries/gbOpen/IND/ADM2/2021@8bef6929fd65432e7dc775e7c44473e84efff064ebddbfd6b834e6291546db40,matched,76128533B64881202564500,0.2862,S1,interim_s1_only,s1_interim,aoi,unavailable,no_post_imagery,,0.2862,,,,,,,,,,no-sits,False,100.0,,-16.0,True,ASCENDING,2.0,0.0,51.0692,0.7584,12.0834,146.20809022147196,0.2862,S1,no_optical_s1,fs1-3016a20fd3ad
E019::thoubal,E019,2015-0317-IND,2015-07-15,Manipur,Thoubal,district,FAO/GAUL/2015/level2,matched,70194,62.3161,S1,interim_s1_only,s1_interim,aoi,unavailable,no_post_imagery,,62.3161,,,,,,,,,,no-sits,False,100.0,,-16.0,True,ASCENDING,1.0,0.0,499.928,42.733,362.6687,715.5847965133187,62.3161,S1,no_optical_s1,fs1-3016a20fd3ad
E019::ukhrul,E019,2015-0317-IND,2015-07-15,Manipur,Ukhrul,district,FAO/GAUL/2015/level2,matched,70195,0.2034,S1,interim_s1_only,s1_interim,aoi,unavailable,no_post_imagery,,0.2034,,,,,,,,,,no-sits,False,100.0,,-16.0,True,ASCENDING,2.0,0.0,83.3833,1.1702,19.6601,4426.124966872591,0.2034,S1,no_optical_s1,fs1-3016a20fd3ad
E020::balasore,E020,2015-0317-IND,2015-07-15,Odisha,Balasore,district,geoBoundaries/gbOpen/IND/ADM2/2021@8bef6929fd65432e7dc775e7c44473e84efff064ebddbfd6b834e6291546db40,matched,76128533B81147724102706,255.9336,S1,interim_s1_only,s1_interim,aoi,unavailable,no_post_imagery,,255.9336,,,,,,,,,,no-sits,False,100.0,,-16.0,True,DESCENDING,3.0,0.0,3299.0039,42.1568,2132.2234,3677.371422806349,255.9336,S1,no_optical_s1,fs1-3016a20fd3ad
E020::bhadrak,E020,2015-0317-IND,2015-07-15,Odisha,Bhadrak,district,FAO/GAUL/2015/level2,matched,70209,151.511,S1,interim_s1_only,s1_interim,aoi,unavailable,no_post_imagery,,151.511,,,,,,,,,,no-sits,False,100.0,,-16.0,True,DESCENDING,4.0,0.0,2394.8429,28.2578,1809.4547,2454.2507276454426,151.511,S1,no_optical_s1,fs1-3016a20fd3ad
E020::deogarh,E020,2015-0317-IND,2015-07-15,Odisha,Deogarh,district,FAO/GAUL/2015/level2,matched,70212,9.2768,S1,interim_s1_only,s1_interim,aoi,unavailable,no_post_imagery,,9.2768,,,,,,,,,,no-sits,False,100.0,,-14.25,False,DESCENDING,4.0,0.0,1421.5718,8.4156,546.5341,2821.6464871491025,9.2768,S1,no_optical_s1,fs1-3016a20fd3ad
E020::jajpur,E020,2015-0317-IND,2015-07-15,Odisha,Jajpur,district,FAO/GAUL/2015/level2,matched,70215,68.0919,S1,interim_s1_only,s1_interim,aoi,unavailable,no_post_imagery,,68.0919,,,,,,,,,,no-sits,False,100.0,,-16.0,True,DESCENDING,3.0,0.0,2574.9049,41.9993,1639.4629,2911.772767533447,68.0919,S1,no_optical_s1,fs1-3016a20fd3ad
E020::jharsuguda,E020,2015-0317-IND,2015-07-15,Odisha,Jharsuguda,district,FAO/GAUL/2015/level2,matched,70216,22.5954,S1,interim_s1_only,s1_interim,aoi,unavailable,no_post_imagery,,22.5954,,,,,,,,,,no-sits,False,100.0,,-13.25,False,DESCENDING,2.0,0.0,1518.8658,42.0146,698.8163,2125.859964241697,22.5954,S1,no_optical_s1,fs1-3016a20fd3ad
E020::keonjhar,E020,2015-0317-IND,2015-07-15,Odisha,Keonjhar,district,FAO/GAUL/2015/level2,matched,17813,34.5658,S1,interim_s1_only,s1_interim,aoi,unavailable,no_post_imagery,,34.5658,,,,,,,,,,no-sits,False,100.0,,-16.0,True,DESCENDING,3.0,0.0,5293.3862,43.0864,2504.1893,8345.992035086878,34.5658,S1,no_optical_s1,fs1-3016a20fd3ad
E020::mayurbhanj,E020,2015-0317-IND,2015-07-15,Odisha,Mayurbhanj,district,FAO/GAUL/2015/level2,matched,17816,36.1866,S1,interim_s1_only,s1_interim,aoi,unavailable,no_post_imagery,,36.1866,,,,,,,,,,no-sits,False,100.0,,-16.0,True,DESCENDING,2.0,0.0,6996.5592,38.6071,3299.743,10478.47816152713,36.1866,S1,no_optical_s1,fs1-3016a20fd3ad
E021::baran,E021,2015-0317-IND,2015-07-15,Rajasthan,Baran,district,FAO/GAUL/2015/level2,matched,70236,,NONE,no_s1,s1_interim,,unavailable,no_post_imagery,,,,,,,,,,,,no-sits,False,100.0,,,,,0.0,0.0,6238.9206,103.1903,4229.4871,6837.623843421029,,NONE,no_measurement,fs1-3016a20fd3ad
E021::barmer,E021,2015-0317-IND,2015-07-15,Rajasthan,Barmer,district,FAO/GAUL/2015/level2,matched,17837,846.6019,S1,interim_s1_only,s1_interim,aoi,unavailable,no_post_imagery,,846.6019,,,,,,,,,,no-sits,False,100.0,,-15.75,False,BOTH,3.0,0.0,22998.3988,188.5834,10646.6395,28422.68727445841,846.6019,S1,no_optical_s1,fs1-3016a20fd3ad
E021::dungarpur,E021,2015-0317-IND,2015-07-15,Rajasthan,Dungarpur,district,FAO/GAUL/2015/level2,matched,17845,,NONE,no_s1,s1_interim,,unavailable,no_post_imagery,,,,,,,,,,,,no-sits,False,100.0,,,,,0.0,0.0,2531.8194,52.5953,1329.8279,3785.079096662621,,NONE,no_measurement,fs1-3016a20fd3ad
E021::jalore,E021,2015-0317-IND,2015-07-15,Rajasthan,Jalore,district,geoBoundaries/gbOpen/IND/ADM2/2021@8bef6929fd65432e7dc775e7c44473e84efff064ebddbfd6b834e6291546db40,matched,76128533B59459156188335,,NONE,no_s1,s1_interim,,unavailable,no_post_imagery,,,,,,,,,,,,no-sits,False,100.0,,,,,0.0,0.0,9748.2941,151.3575,7432.2492,10759.887698144588,,NONE,no_measurement,fs1-3016a20fd3ad
E021::jhalawar,E021,2015-0317-IND,2015-07-15,Rajasthan,Jhalawar,district,FAO/GAUL/2015/level2,matched,17850,,NONE,no_s1,s1_interim,,unavailable,no_post_imagery,,,,,,,,,,,,no-sits,False,100.0,,,,,0.0,0.0,5319.2421,106.9369,3736.8269,6261.78152754128,,NONE,no_measurement,fs1-3016a20fd3ad
E021::sirohi,E021,2015-0317-IND,2015-07-15,Rajasthan,Sirohi,district,FAO/GAUL/2015/level2,matched,17858,,NONE,no_s1,s1_interim,,unavailable,no_post_imagery,,,,,,,,,,,,no-sits,False,100.0,,,,,0.0,0.0,3574.7529,88.0247,2011.1742,5146.300422974388,,NONE,no_measurement,fs1-3016a20fd3ad
E022::alipurduar,E022,2015-0317-IND,2015-07-15,West Bengal,Alipurduar,district,geoBoundaries/gbOpen/IND/ADM2/2021@8bef6929fd65432e7dc775e7c44473e84efff064ebddbfd6b834e6291546db40,matched,76128533B23858286755005,48.3584,S1,interim_s1_only,s1_interim,aoi,unavailable,no_post_imagery,,48.3584,,,,,,,,,,no-sits,False,100.0,,-16.0,True,BOTH,5.0,0.0,2397.164,27.572,669.4875,2805.571892812931,48.3584,S1,no_optical_s1,fs1-3016a20fd3ad
E022::jalpaiguri,E022,2015-0317-IND,2015-07-15,West Bengal,Jalpaiguri,district,FAO/GAUL/2015/level2,matched,17951,331.0002,S1,interim_s1_only,s1_interim,aoi,unavailable,no_post_imagery,,331.0002,,,,,,,,,,no-sits,False,100.0,,-16.0,True,BOTH,5.0,0.0,5492.7966,96.2215,1798.9271,6200.341009430311,331.0002,S1,no_optical_s1,fs1-3016a20fd3ad
E022::malda,E022,2015-0317-IND,2015-07-15,West Bengal,Malda,district,geoBoundaries/gbOpen/IND/ADM2/2021@8bef6929fd65432e7dc775e7c44473e84efff064ebddbfd6b834e6291546db40,matched,76128533B36734405131975,316.784,S1,interim_s1_only,s1_interim,aoi,unavailable,no_post_imagery,,316.784,,,,,,,,,,no-sits,False,100.0,,-16.0,True,BOTH,2.0,0.0,3262.3654,131.5388,1961.8246,3569.571917709693,316.784,S1,no_optical_s1,fs1-3016a20fd3ad
E023::baksa,E023,2015-0374-IND,2015-08-13,Assam,Baksa,district,geoBoundaries/gbOpen/IND/ADM2/2021@8bef6929fd65432e7dc775e7c44473e84efff064ebddbfd6b834e6291546db40,matched,76128533B8221925175605,6.7693,S1,interim_s1_only,s1_interim,aoi,unavailable,no_post_imagery,,6.7693,,,,,,,,,,no-sits,False,100.0,,-16.0,True,DESCENDING,2.0,0.0,2223.2273,18.4823,1034.5191,2398.6209171216647,6.7693,S1,no_optical_s1,fs1-3016a20fd3ad
E023::barpeta,E023,2015-0374-IND,2015-08-13,Assam,Barpeta,district,FAO/GAUL/2015/level2,matched,17576,378.302,S1,interim_s1_only,s1_interim,aoi,unavailable,no_post_imagery,,378.302,,,,,,,,,,no-sits,False,100.0,,-14.75,False,DESCENDING,4.0,0.0,2781.8165,53.1895,1401.2032,3253.622989828742,378.302,S1,no_optical_s1,fs1-3016a20fd3ad
E023::bongaigaon,E023,2015-0374-IND,2015-08-13,Assam,Bongaigaon,district,FAO/GAUL/2015/level2,matched,70086,111.8341,S1,interim_s1_only,s1_interim,aoi,unavailable,no_post_imagery,,111.8341,,,,,,,,,,no-sits,False,100.0,,-13.75,False,DESCENDING,2.0,0.0,1849.5033,30.7452,701.4281,2332.582799042809,111.8341,S1,no_optical_s1,fs1-3016a20fd3ad
E023::cachar,E023,2015-0374-IND,2015-08-13,Assam,Cachar,district,FAO/GAUL/2015/level2,matched,17577,1.1172,S1,interim_s1_only,s1_interim,aoi,unavailable,no_post_imagery,,1.1172,,,,,,,,,,no-sits,False,100.0,,-16.0,True,DESCENDING,2.0,0.0,1742.352,28.6315,777.3899,3806.329961738336,1.1172,S1,no_optical_s1,fs1-3016a20fd3ad
E023::darrang,E023,2015-0374-IND,2015-08-13,Assam,Darrang,district,FAO/GAUL/2015/level2,matched,17578,,NONE,no_s1,s1_interim,,unavailable,no_post_imagery,,,,,,,,,,,,no-sits,False,100.0,,,,DESCENDING,3.0,0.0,3074.5271,59.1961,1652.486,3426.9679336953163,,NONE,no_measurement,fs1-3016a20fd3ad
E023::dhemaji,E023,2015-0374-IND,2015-08-13,Assam,Dhemaji,district,FAO/GAUL/2015/level2,matched,70087,,NONE,no_s1,s1_interim,,unavailable,no_post_imagery,,,,,,,,,,,,no-sits,False,100.0,,,,,0.0,0.0,2240.4877,21.9993,1222.1808,2503.3476339074205,,NONE,no_measurement,fs1-3016a20fd3ad
E023::dibrugarh,E023,2015-0374-IND,2015-08-13,Assam,Dibrugarh,district,FAO/GAUL/2015/level2,matched,17580,,NONE,no_s1,s1_interim,,unavailable,no_post_imagery,,,,,,,,,,,,no-sits,False,100.0,,,,,0.0,0.0,2887.5515,56.4443,1158.2783,3397.4818067287138,,NONE,no_measurement,fs1-3016a20fd3ad
E023::goalpara,E023,2015-0374-IND,2015-08-13,Assam,Goalpara,district,FAO/GAUL/2015/level2,matched,17581,232.5025,S1,interim_s1_only,s1_interim,aoi,unavailable,no_post_imagery,,232.5025,,,,,,,,,,no-sits,False,100.0,,-14.25,False,DESCENDING,1.0,0.0,1408.4225,27.3769,712.6012,1904.60564716237,232.5025,S1,no_optical_s1,fs1-3016a20fd3ad
E023::jorhat,E023,2015-0374-IND,2015-08-13,Assam,Jorhat,district,FAO/GAUL/2015/level2,matched,70089,,NONE,no_s1,s1_interim,,unavailable,no_post_imagery,,,,,,,,,,,,no-sits,False,100.0,,,,,0.0,0.0,2306.1826,46.9407,1139.7231,2842.716884638612,,NONE,no_measurement,fs1-3016a20fd3ad
E023::kamrup,E023,2015-0374-IND,2015-08-13,Assam,Kamrup,district,FAO/GAUL/2015/level2,matched,17583,121.3439,S1,interim_s1_only,s1_interim,aoi,unavailable,no_post_imagery,,121.3439,,,,,,,,,,no-sits,False,100.0,,-13.25,False,DESCENDING,4.0,0.0,2833.5254,161.5654,1408.6863,4348.6225796054405,121.3439,S1,no_optical_s1,fs1-3016a20fd3ad
E023::kokrajhar,E023,2015-0374-IND,2015-08-13,Assam,Kokrajhar,district,FAO/GAUL/2015/level2,matched,70090,19.0582,S1,interim_s1_only,s1_interim,aoi,unavailable,no_post_imagery,,19.0582,,,,,,,,,,no-sits,False,100.0,,-16.0,True,DESCENDING,2.0,0.0,3061.7037,20.8028,1277.9815,3329.2233881813268,19.0582,S1,no_optical_s1,fs1-3016a20fd3ad
E023::lakhimpur,E023,2015-0374-IND,2015-08-13,Assam,Lakhimpur,district,FAO/GAUL/2015/level2,matched,70091,8.7724,S1,interim_s1_only,s1_interim,aoi,unavailable,no_post_imagery,,8.7724,,,,,,,,,,no-sits,False,100.0,,-16.0,True,DESCENDING,1.0,0.0,2563.3875,26.0117,1480.1181,2886.5239581816727,8.7724,S1,no_optical_s1,fs1-3016a20fd3ad
E023::morigaon,E023,2015-0374-IND,2015-08-13,Assam,Morigaon,district,geoBoundaries/gbOpen/IND/ADM2/2021@8bef6929fd65432e7dc775e7c44473e84efff064ebddbfd6b834e6291546db40,matched,76128533B17968019348564,,NONE,no_s1,s1_interim,,unavailable,no_post_imagery,,,,,,,,,,,,no-sits,False,100.0,,,,DESCENDING,2.0,0.0,1311.7575,29.7776,855.9907,1508.3262903435707,,NONE,no_measurement,fs1-3016a20fd3ad
E023::nagaon,E023,2015-0374-IND,2015-08-13,Assam,Nagaon,district,FAO/GAUL/2015/level2,matched,17589,19.0389,S1,interim_s1_only,s1_interim,aoi,unavailable,no_post_imagery,,19.0389,,,,,,,,,,no-sits,False,100.0,,-16.0,True,DESCENDING,2.0,0.0,3099.3518,85.1365,1748.5294,3997.4423095607103,19.0389,S1,no_optical_s1,fs1-3016a20fd3ad
E023::nalbari,E023,2015-0374-IND,2015-08-13,Assam,Nalbari,district,FAO/GAUL/2015/level2,matched,17590,,NONE,no_s1,s1_interim,,unavailable,no_post_imagery,,,,,,,,,,,,no-sits,False,100.0,,,,DESCENDING,4.0,0.0,2097.5834,38.1238,1132.0605,2339.8796955273547,,NONE,no_measurement,fs1-3016a20fd3ad
E023::sonitpur,E023,2015-0374-IND,2015-08-13,Assam,Sonitpur,district,FAO/GAUL/2015/level2,matched,17593,84.8638,S1,interim_s1_only,s1_interim,aoi,unavailable,no_post_imagery,,84.8638,,,,,,,,,,no-sits,False,100.0,,-14.25,False,DESCENDING,1.0,0.0,4081.5881,70.4035,1950.1255,4676.158375740257,84.8638,S1,no_optical_s1,fs1-3016a20fd3ad
E023::tinsukia,E023,2015-0374-IND,2015-08-13,Assam,Tinsukia,district,FAO/GAUL/2015/level2,matched,70093,,NONE,no_s1,s1_interim,,unavailable,no_post_imagery,,,,,,,,,,,,no-sits,False,100.0,,,,,0.0,0.0,3303.9786,35.8835,942.5054,3799.190193815676,,NONE,no_measurement,fs1-3016a20fd3ad
E023::udalguri,E023,2015-0374-IND,2015-08-13,Assam,Udalguri,district,geoBoundaries/gbOpen/IND/ADM2/2021@8bef6929fd65432e7dc775e7c44473e84efff064ebddbfd6b834e6291546db40,matched,76128533B20307518801538,,NONE,no_s1,s1_interim,,unavailable,no_post_imagery,,,,,,,,,,,,no-sits,False,100.0,,,,DESCENDING,2.0,0.0,1902.4689,22.7021,962.0185,2056.2913712488385,,NONE,no_measurement,fs1-3016a20fd3ad
E024::barpeta,E024,2015-0406-IND,2015-08-28,Assam,Barpeta,district,FAO/GAUL/2015/level2,matched,17576,271.8776,S1,interim_s1_only,s1_interim,aoi,unavailable,no_post_imagery,,271.8776,,,,,,,,,,no-sits,False,100.0,,-15.25,False,ASCENDING,2.0,0.0,2781.8165,53.1895,1401.2032,3253.622989828742,271.8776,S1,no_optical_s1,fs1-3016a20fd3ad
E024::bongaigaon,E024,2015-0406-IND,2015-08-28,Assam,Bongaigaon,district,FAO/GAUL/2015/level2,matched,70086,72.1273,S1,interim_s1_only,s1_interim,aoi,unavailable,no_post_imagery,,72.1273,,,,,,,,,,no-sits,False,100.0,,-14.75,False,ASCENDING,2.0,0.0,1849.5033,30.7452,701.4281,2332.582799042809,72.1273,S1,no_optical_s1,fs1-3016a20fd3ad
E024::cachar,E024,2015-0406-IND,2015-08-28,Assam,Cachar,district,FAO/GAUL/2015/level2,matched,17577,264.6439,S1,interim_s1_only,s1_interim,aoi,unavailable,no_post_imagery,,264.6439,,,,,,,,,,no-sits,False,100.0,,-13.75,False,ASCENDING,5.0,0.0,1742.352,28.6315,777.3899,3806.329961738336,264.6439,S1,no_optical_s1,fs1-3016a20fd3ad
E024::darrang,E024,2015-0406-IND,2015-08-28,Assam,Darrang,district,FAO/GAUL/2015/level2,matched,17578,72.6202,S1,interim_s1_only,s1_interim,aoi,unavailable,no_post_imagery,,72.6202,,,,,,,,,,no-sits,False,100.0,,-15.25,False,ASCENDING,1.0,0.0,3074.5271,59.1961,1652.486,3426.9679336953163,72.6202,S1,no_optical_s1,fs1-3016a20fd3ad
E024::dhemaji,E024,2015-0406-IND,2015-08-28,Assam,Dhemaji,district,FAO/GAUL/2015/level2,matched,70087,473.9374,S1,interim_s1_only,s1_interim,aoi,unavailable,no_post_imagery,,473.9374,,,,,,,,,,no-sits,False,100.0,,-14.25,False,ASCENDING,2.0,0.0,2240.4877,21.9993,1222.1808,2503.3476339074205,473.9374,S1,no_optical_s1,fs1-3016a20fd3ad
E024::dibrugarh,E024,2015-0406-IND,2015-08-28,Assam,Dibrugarh,district,FAO/GAUL/2015/level2,matched,17580,446.667,S1,interim_s1_only,s1_interim,aoi,unavailable,no_post_imagery,,446.667,,,,,,,,,,no-sits,False,100.0,,-14.75,False,ASCENDING,2.0,0.0,2887.5515,56.4443,1158.2783,3397.4818067287138,446.667,S1,no_optical_s1,fs1-3016a20fd3ad
E024::goalpara,E024,2015-0406-IND,2015-08-28,Assam,Goalpara,district,FAO/GAUL/2015/level2,matched,17581,107.866,S1,interim_s1_only,s1_interim,aoi,unavailable,no_post_imagery,,107.866,,,,,,,,,,no-sits,False,100.0,,-14.75,False,ASCENDING,2.0,0.0,1408.4225,27.3769,712.6012,1904.60564716237,107.866,S1,no_optical_s1,fs1-3016a20fd3ad
E024::jorhat,E024,2015-0406-IND,2015-08-28,Assam,Jorhat,district,FAO/GAUL/2015/level2,matched,70089,158.3971,S1,interim_s1_only,s1_interim,aoi,unavailable,no_post_imagery,,158.3971,,,,,,,,,,no-sits,False,100.0,,-14.75,False,ASCENDING,3.0,0.0,2306.1826,46.9407,1139.7231,2842.716884638612,158.3971,S1,no_optical_s1,fs1-3016a20fd3ad
E024::kamrup,E024,2015-0406-IND,2015-08-28,Assam,Kamrup,district,FAO/GAUL/2015/level2,matched,17583,161.2507,S1,interim_s1_only,s1_interim,aoi,unavailable,no_post_imagery,,161.2507,,,,,,,,,,no-sits,False,100.0,,-16.0,True,ASCENDING,3.0,0.0,2833.5254,161.5654,1408.6863,4348.6225796054405,161.2507,S1,no_optical_s1,fs1-3016a20fd3ad
E024::kokrajhar,E024,2015-0406-IND,2015-08-28,Assam,Kokrajhar,district,FAO/GAUL/2015/level2,matched,70090,54.1183,S1,interim_s1_only,s1_interim,aoi,unavailable,no_post_imagery,,54.1183,,,,,,,,,,no-sits,False,100.0,,-16.0,True,ASCENDING,3.0,0.0,3061.7037,20.8028,1277.9815,3329.2233881813268,54.1183,S1,no_optical_s1,fs1-3016a20fd3ad
E024::lakhimpur,E024,2015-0406-IND,2015-08-28,Assam,Lakhimpur,district,FAO/GAUL/2015/level2,matched,70091,412.7753,S1,interim_s1_only,s1_interim,aoi,unavailable,no_post_imagery,,412.7753,,,,,,,,,,no-sits,False,100.0,,-14.25,False,BOTH,3.0,0.0,2563.3875,26.0117,1480.1181,2886.5239581816727,412.7753,S1,no_optical_s1,fs1-3016a20fd3ad
E024::morigaon,E024,2015-0406-IND,2015-08-28,Assam,Morigaon,district,geoBoundaries/gbOpen/IND/ADM2/2021@8bef6929fd65432e7dc775e7c44473e84efff064ebddbfd6b834e6291546db40,matched,76128533B17968019348564,179.0632,S1,interim_s1_only,s1_interim,aoi,unavailable,no_post_imagery,,179.0632,,,,,,,,,,no-sits,False,100.0,,-14.25,False,ASCENDING,1.0,0.0,1311.7575,29.7776,855.9907,1508.3262903435684,179.0632,S1,no_optical_s1,fs1-3016a20fd3ad
E024::nalbari,E024,2015-0406-IND,2015-08-28,Assam,Nalbari,district,FAO/GAUL/2015/level2,matched,17590,35.6911,S1,interim_s1_only,s1_interim,aoi,unavailable,no_post_imagery,,35.6911,,,,,,,,,,no-sits,False,100.0,,-16.0,True,ASCENDING,1.0,0.0,2097.5834,38.1238,1132.0605,2339.8796955273547,35.6911,S1,no_optical_s1,fs1-3016a20fd3ad
E024::sivasagar,E024,2015-0406-IND,2015-08-28,Assam,Sivasagar,district,geoBoundaries/gbOpen/IND/ADM2/2021@8bef6929fd65432e7dc775e7c44473e84efff064ebddbfd6b834e6291546db40,matched,76128533B21722277889516,109.3111,S1,interim_s1_only,s1_interim,aoi,unavailable,no_post_imagery,,109.3111,,,,,,,,,,no-sits,False,100.0,,-13.25,False,ASCENDING,2.0,0.0,1387.3046,33.7338,786.7767,1526.651765771626,109.3111,S1,no_optical_s1,fs1-3016a20fd3ad
E024::sonitpur,E024,2015-0406-IND,2015-08-28,Assam,Sonitpur,district,FAO/GAUL/2015/level2,matched,17593,362.6753,S1,interim_s1_only,s1_interim,aoi,unavailable,no_post_imagery,,362.6753,,,,,,,,,,no-sits,False,100.0,,-15.25,False,ASCENDING,2.0,0.0,4081.5881,70.4035,1950.1255,4676.158375740257,362.6753,S1,no_optical_s1,fs1-3016a20fd3ad
E024::tinsukia,E024,2015-0406-IND,2015-08-28,Assam,Tinsukia,district,FAO/GAUL/2015/level2,matched,70093,245.1251,S1,interim_s1_only,s1_interim,aoi,unavailable,no_post_imagery,,245.1251,,,,,,,,,,no-sits,False,100.0,,-16.0,True,ASCENDING,1.0,0.0,3303.9786,35.8835,942.5054,3799.190193815676,245.1251,S1,no_optical_s1,fs1-3016a20fd3ad
E025::chittoor,E025,2015-0504-IND,2015-11-08,Andhra Pradesh,Chittoor,district,FAO/GAUL/2015/level2,matched,17549,43.5346,S1,interim_s1_only,s1_interim,aoi,unavailable,no_post_imagery,,43.5346,,,,,,,,,,no-sits,False,100.0,,-16.0,True,DESCENDING,2.0,0.0,10158.7229,262.795,5250.4181,15225.848296260026,43.5346,S1,no_optical_s1,fs1-3016a20fd3ad
E025::nellore,E025,2015-0504-IND,2015-11-08,Andhra Pradesh,Nellore,district,FAO/GAUL/2015/level2,matched,17561,,NONE,no_s1,s1_interim,,unavailable,no_post_imagery,,,,,,,,,,,,no-sits,False,100.0,,,,DESCENDING,2.0,0.0,11397.9217,213.537,5234.6417,13465.479193999116,,NONE,no_measurement,fs1-3016a20fd3ad
E025::prakasam,E025,2015-0504-IND,2015-11-08,Andhra Pradesh,Prakasam,district,FAO/GAUL/2015/level2,matched,17563,,NONE,no_s1,s1_interim,,unavailable,no_post_imagery,,,,,,,,,,,,no-sits,False,100.0,,,,DESCENDING,2.0,0.0,13796.4042,265.0177,7991.4185,17855.500293612782,,NONE,no_measurement,fs1-3016a20fd3ad
E025::ysr%20kadapa,E025,2015-0504-IND,2015-11-08,Andhra Pradesh,YSR Kadapa,district,geoBoundaries/gbOpen/IND/ADM2/2021@8bef6929fd65432e7dc775e7c44473e84efff064ebddbfd6b834e6291546db40,matched,76128533B72109128179340,,NONE,no_s1,s1_interim,,unavailable,no_post_imagery,,,,,,,,,,,,no-sits,False,100.0,,,,DESCENDING,3.0,0.0,10008.0209,205.878,5073.8184,15070.574780835612,,NONE,no_measurement,fs1-3016a20fd3ad
E026::puducherry,E026,2015-0504-IND,2015-11-08,Puducherry,Puducherry,district,FAO/GAUL/2015/level2,matched,70228,2.3602,S1,interim_s1_only,s1_interim,aoi,unavailable,no_post_imagery,,2.3602,,,,,,,,,,no-sits,False,100.0,,-16.0,True,DESCENDING,1.0,0.0,176.2038,33.3995,63.5356,199.99944279980937,2.3602,S1,no_optical_s1,fs1-3016a20fd3ad
E027::chennai,E027,2015-0504-IND,2015-11-08,Tamil Nadu,Chennai,district,FAO/GAUL/2015/level2,matched,70242,0.2382,S1,interim_s1_only,s1_interim,aoi,unavailable,no_post_imagery,,0.2382,,,,,,,,,,no-sits,False,100.0,,-16.0,True,DESCENDING,1.0,0.0,182.9401,135.358,2.0446,196.63088221019876,0.2382,S1,no_optical_s1,fs1-3016a20fd3ad
E027::cuddalore,E027,2015-0504-IND,2015-11-08,Tamil Nadu,Cuddalore,district,FAO/GAUL/2015/level2,matched,70243,175.1886,S1,interim_s1_only,s1_interim,aoi,unavailable,no_post_imagery,,175.1886,,,,,,,,,,no-sits,False,100.0,,-16.0,True,DESCENDING,1.0,0.0,3614.8545,154.6486,1853.457,3834.148317022688,175.1886,S1,no_optical_s1,fs1-3016a20fd3ad
E027::kancheepuram,E027,2015-0504-IND,2015-11-08,Tamil Nadu,Kancheepuram,district,FAO/GAUL/2015/level2,matched,70244,253.9104,S1,interim_s1_only,s1_interim,aoi,unavailable,no_post_imagery,,253.9104,,,,,,,,,,no-sits,False,100.0,,-16.0,True,DESCENDING,2.0,0.0,4399.2167,375.173,1913.9269,4692.505223595422,253.9104,S1,no_optical_s1,fs1-3016a20fd3ad
E027::nagapattinam,E027,2015-0504-IND,2015-11-08,Tamil Nadu,Nagapattinam,district,FAO/GAUL/2015/level2,matched,70247,318.4027,S1,interim_s1_only,s1_interim,aoi,unavailable,no_post_imagery,,318.4027,,,,,,,,,,no-sits,False,100.0,,-13.25,False,DESCENDING,2.0,0.0,4691.9213,114.8047,2911.4785,4937.704421608838,318.4027,S1,no_optical_s1,fs1-3016a20fd3ad
E027::thiruvallur,E027,2015-0504-IND,2015-11-08,Tamil Nadu,Thiruvallur,district,FAO/GAUL/2015/level2,matched,70251,55.4456,S1,interim_s1_only,s1_interim,aoi,unavailable,no_post_imagery,,55.4456,,,,,,,,,,no-sits,False,100.0,,-16.0,True,DESCENDING,1.0,0.0,2961.105,259.0835,1419.5184,3253.948176231063,55.4456,S1,no_optical_s1,fs1-3016a20fd3ad
E027::thiruvarur,E027,2015-0504-IND,2015-11-08,Tamil Nadu,Thiruvarur,district,geoBoundaries/gbOpen/IND/ADM2/2021@8bef6929fd65432e7dc775e7c44473e84efff064ebddbfd6b834e6291546db40,matched,76128533B45072089356239,103.5416,S1,interim_s1_only,s1_interim,aoi,unavailable,no_post_imagery,,103.5416,,,,,,,,,,no-sits,False,100.0,,-13.25,False,DESCENDING,2.0,0.0,2166.9066,48.1779,1504.4672,2285.385478948947,103.5416,S1,no_optical_s1,fs1-3016a20fd3ad
E027::viluppuram,E027,2015-0504-IND,2015-11-08,Tamil Nadu,Viluppuram,district,geoBoundaries/gbOpen/IND/ADM2/2021@8bef6929fd65432e7dc775e7c44473e84efff064ebddbfd6b834e6291546db40,matched,76128533B86430586962522,81.8846,S1,interim_s1_only,s1_interim,aoi,unavailable,no_post_imagery,,81.8846,,,,,,,,,,no-sits,False,100.0,,-16.0,True,DESCENDING,2.0,0.0,3589.6486,125.385,1998.8422,3991.6051885927886,81.8846,S1,no_optical_s1,fs1-3016a20fd3ad
E028::tawang,E028,2016-0139-IND,2016-04-22,Arunachal Pradesh,Tawang,district,geoBoundaries/gbOpen/IND/ADM2/2021@8bef6929fd65432e7dc775e7c44473e84efff064ebddbfd6b834e6291546db40,matched,76128533B18668117085772,6.7921,S1,interim_s1_only,s1_interim,aoi,unavailable,no_post_imagery,,6.7921,,,,,,,,,,no-sits,False,100.0,,-16.0,True,BOTH,4.0,0.0,32.4827,0.0609,0.0836,2316.1238846718884,6.7921,S1,no_optical_s1,fs1-3016a20fd3ad
E029::barpeta,E029,2016-0139-IND,2016-04-22,Assam,Barpeta,district,FAO/GAUL/2015/level2,matched,17576,103.7078,S1,interim_s1_only,s1_interim,aoi,unavailable,no_post_imagery,,103.7078,,,,,,,,,,no-sits,False,100.0,,-17.25,False,BOTH,4.0,0.0,2781.8165,53.1895,1401.2032,3253.622989828742,103.7078,S1,no_optical_s1,fs1-3016a20fd3ad
E029::bongaigaon,E029,2016-0139-IND,2016-04-22,Assam,Bongaigaon,district,FAO/GAUL/2015/level2,matched,70086,23.9307,S1,interim_s1_only,s1_interim,aoi,unavailable,no_post_imagery,,23.9307,,,,,,,,,,no-sits,False,100.0,,-16.25,False,BOTH,4.0,0.0,1849.5033,30.7452,701.4281,2332.582799042809,23.9307,S1,no_optical_s1,fs1-3016a20fd3ad
E029::dhemaji,E029,2016-0139-IND,2016-04-22,Assam,Dhemaji,district,FAO/GAUL/2015/level2,matched,70087,39.2513,S1,interim_s1_only,s1_interim,aoi,unavailable,no_post_imagery,,39.2513,,,,,,,,,,no-sits,False,100.0,,-16.25,False,BOTH,5.0,0.0,2240.4877,21.9993,1222.1808,2503.3476339074205,39.2513,S1,no_optical_s1,fs1-3016a20fd3ad
E029::dhubri,E029,2016-0139-IND,2016-04-22,Assam,Dhubri,district,geoBoundaries/gbOpen/IND/ADM2/2021@8bef6929fd65432e7dc775e7c44473e84efff064ebddbfd6b834e6291546db40,matched,76128533B25835998628545,46.3503,S1,interim_s1_only,s1_interim,aoi,unavailable,no_post_imagery,,46.3503,,,,,,,,,,no-sits,False,100.0,,-14.75,False,BOTH,2.0,0.0,1545.8668,29.1865,884.5081,1790.280077462252,46.3503,S1,no_optical_s1,fs1-3016a20fd3ad
E029::golaghat,E029,2016-0139-IND,2016-04-22,Assam,Golaghat,district,FAO/GAUL/2015/level2,matched,17582,64.4527,S1,interim_s1_only,s1_interim,aoi,unavailable,no_post_imagery,,64.4527,,,,,,,,,,no-sits,False,100.0,,-16.75,False,BOTH,4.0,0.0,3111.5422,41.889,1494.8322,3532.2679838886856,64.4527,S1,no_optical_s1,fs1-3016a20fd3ad
E029::jorhat,E029,2016-0139-IND,2016-04-22,Assam,Jorhat,district,FAO/GAUL/2015/level2,matched,70089,109.3807,S1,interim_s1_only,s1_interim,aoi,unavailable,no_post_imagery,,109.3807,,,,,,,,,,no-sits,False,100.0,,-17.25,False,BOTH,3.0,0.0,2306.1826,46.9407,1139.7231,2842.716884638612,109.3807,S1,no_optical_s1,fs1-3016a20fd3ad
E029::lakhimpur,E029,2016-0139-IND,2016-04-22,Assam,Lakhimpur,district,FAO/GAUL/2015/level2,matched,70091,32.8894,S1,interim_s1_only,s1_interim,aoi,unavailable,no_post_imagery,,32.8894,,,,,,,,,,no-sits,False,100.0,,-16.25,False,BOTH,3.0,0.0,2563.3875,26.0117,1480.1181,2886.5239581816727,32.8894,S1,no_optical_s1,fs1-3016a20fd3ad
E030::mon,E030,2016-0139-IND,2016-04-22,Nagaland,Mon,district,FAO/GAUL/2015/level2,matched,17803,1.0548,S1,interim_s1_only,s1_interim,aoi,unavailable,no_post_imagery,,1.0548,,,,,,,,,,no-sits,False,100.0,,-16.0,True,BOTH,4.0,0.0,238.4421,1.815,23.6209,2130.495255244007,1.0548,S1,no_optical_s1,fs1-3016a20fd3ad
E031::namsai,E031,2016-0239-IND,2016-06-25,Arunachal Pradesh,Namsai,district,geoBoundaries/gbOpen/IND/ADM2/2021@8bef6929fd65432e7dc775e7c44473e84efff064ebddbfd6b834e6291546db40,matched,76128533B1875965515331,6.7844,S1,interim_s1_only,s1_interim,aoi,unavailable,no_post_imagery,,6.7844,,,,,,,,,,no-sits,False,100.0,,-16.0,True,BOTH,2.0,0.0,892.7445,3.2491,191.9717,1281.1997378272174,6.7844,S1,no_optical_s1,fs1-3016a20fd3ad
E032::barpeta,E032,2016-0239-IND,2016-06-25,Assam,Barpeta,district,FAO/GAUL/2015/level2,matched,17576,489.9709,S1,interim_s1_only,s1_interim,aoi,unavailable,no_post_imagery,,489.9709,,,,,,,,,,no-sits,False,100.0,,-14.25,False,BOTH,4.0,0.0,2781.8165,53.1895,1401.2032,3253.622989828742,489.9709,S1,no_optical_s1,fs1-3016a20fd3ad
E032::bongaigaon,E032,2016-0239-IND,2016-06-25,Assam,Bongaigaon,district,FAO/GAUL/2015/level2,matched,70086,163.3672,S1,interim_s1_only,s1_interim,aoi,unavailable,no_post_imagery,,163.3672,,,,,,,,,,no-sits,False,100.0,,-13.75,False,BOTH,4.0,0.0,1849.5033,30.7452,701.4281,2332.582799042809,163.3672,S1,no_optical_s1,fs1-3016a20fd3ad
E032::darrang,E032,2016-0239-IND,2016-06-25,Assam,Darrang,district,FAO/GAUL/2015/level2,matched,17578,238.5636,S1,interim_s1_only,s1_interim,aoi,unavailable,no_post_imagery,,238.5636,,,,,,,,,,no-sits,False,100.0,,-13.75,False,BOTH,2.0,0.0,3074.5271,59.1961,1652.486,3426.9679336953163,238.5636,S1,no_optical_s1,fs1-3016a20fd3ad
E032::dhemaji,E032,2016-0239-IND,2016-06-25,Assam,Dhemaji,district,FAO/GAUL/2015/level2,matched,70087,91.3136,S1,interim_s1_only,s1_interim,aoi,unavailable,no_post_imagery,,91.3136,,,,,,,,,,no-sits,False,100.0,,-15.25,False,ASCENDING,1.0,0.0,2240.4877,21.9993,1222.1808,2503.3476339074205,91.3136,S1,no_optical_s1,fs1-3016a20fd3ad
E032::dhubri,E032,2016-0239-IND,2016-06-25,Assam,Dhubri,district,geoBoundaries/gbOpen/IND/ADM2/2021@8bef6929fd65432e7dc775e7c44473e84efff064ebddbfd6b834e6291546db40,matched,76128533B25835998628545,148.1224,S1,interim_s1_only,s1_interim,aoi,unavailable,no_post_imagery,,148.1224,,,,,,,,,,no-sits,False,100.0,,-14.25,False,BOTH,2.0,0.0,1545.8668,29.1865,884.5081,1790.2800774622651,148.1224,S1,no_optical_s1,fs1-3016a20fd3ad
E032::goalpara,E032,2016-0239-IND,2016-06-25,Assam,Goalpara,district,FAO/GAUL/2015/level2,matched,17581,145.6271,S1,interim_s1_only,s1_interim,aoi,unavailable,no_post_imagery,,145.6271,,,,,,,,,,no-sits,False,100.0,,-14.25,False,BOTH,2.0,0.0,1408.4225,27.3769,712.6012,1904.60564716237,145.6271,S1,no_optical_s1,fs1-3016a20fd3ad
E032::golaghat,E032,2016-0239-IND,2016-06-25,Assam,Golaghat,district,FAO/GAUL/2015/level2,matched,17582,,NONE,no_s1,s1_interim,,unavailable,no_post_imagery,,,,,,,,,,,,no-sits,False,100.0,,,,,0.0,0.0,3111.5422,41.889,1494.8322,3532.2679838886856,,NONE,no_measurement,fs1-3016a20fd3ad
E032::jorhat,E032,2016-0239-IND,2016-06-25,Assam,Jorhat,district,FAO/GAUL/2015/level2,matched,70089,1.2984,S1,interim_s1_only,s1_interim,aoi,unavailable,no_post_imagery,,1.2984,,,,,,,,,,no-sits,False,100.0,,-17.25,False,ASCENDING,1.0,0.0,2306.1826,46.9407,1139.7231,2842.716884638612,1.2984,S1,no_optical_s1,fs1-3016a20fd3ad
E032::lakhimpur,E032,2016-0239-IND,2016-06-25,Assam,Lakhimpur,district,FAO/GAUL/2015/level2,matched,70091,7.5119,S1,interim_s1_only,s1_interim,aoi,unavailable,no_post_imagery,,7.5119,,,,,,,,,,no-sits,False,100.0,,-15.75,False,ASCENDING,1.0,0.0,2563.3875,26.0117,1480.1181,2886.5239581816727,7.5119,S1,no_optical_s1,fs1-3016a20fd3ad
E032::morigaon,E032,2016-0239-IND,2016-06-25,Assam,Morigaon,district,geoBoundaries/gbOpen/IND/ADM2/2021@8bef6929fd65432e7dc775e7c44473e84efff064ebddbfd6b834e6291546db40,matched,76128533B17968019348564,231.5336,S1,interim_s1_only,s1_interim,aoi,unavailable,no_post_imagery,,231.5336,,,,,,,,,,no-sits,False,100.0,,-14.25,False,ASCENDING,1.0,0.0,1311.7575,29.7776,855.9907,1508.3262903435707,231.5336,S1,no_optical_s1,fs1-3016a20fd3ad
E032::sonitpur,E032,2016-0239-IND,2016-06-25,Assam,Sonitpur,district,FAO/GAUL/2015/level2,matched,17593,198.4516,S1,interim_s1_only,s1_interim,aoi,unavailable,no_post_imagery,,198.4516,,,,,,,,,,no-sits,False,100.0,,-16.25,False,ASCENDING,1.0,0.0,4081.5881,70.4035,1950.1255,4676.158375740257,198.4516,S1,no_optical_s1,fs1-3016a20fd3ad
E033::chamoli,E033,2016-0239-IND,2016-06-25,Uttarakhand,Chamoli,district,FAO/GAUL/2015/level2,matched,70282,9.0449,S1,interim_s1_only,s1_interim,aoi,unavailable,no_post_imagery,,9.0449,,,,,,,,,,no-sits,False,100.0,,-16.0,True,ASCENDING,2.0,0.0,146.7279,0.8906,3.6667,7838.316284013912,9.0449,S1,no_optical_s1,fs1-3016a20fd3ad
E033::pithoragarh,E033,2016-0239-IND,2016-06-25,Uttarakhand,Pithoragarh,district,FAO/GAUL/2015/level2,matched,17932,2.0143,S1,interim_s1_only,s1_interim,aoi,unavailable,no_post_imagery,,2.0143,,,,,,,,,,no-sits,False,100.0,,-16.0,True,ASCENDING,2.0,0.0,107.4879,1.9764,9.4874,7209.480621522472,2.0143,S1,no_optical_s1,fs1-3016a20fd3ad
E034::agar%20malwa,E034,2016-0276-IND,2016-07-09,Madhya Pradesh,Agar Malwa,district,geoBoundaries/gbOpen/IND/ADM2/2021@8bef6929fd65432e7dc775e7c44473e84efff064ebddbfd6b834e6291546db40,matched,76128533B29721759389119,,NONE,no_s1,s1_interim,,unavailable,no_post_imagery,,,,,,,,,,,,no-sits,False,100.0,,,,,0.0,0.0,2498.6716,33.5456,1871.1153,2762.084548398019,,NONE,no_measurement,fs1-3016a20fd3ad
E034::bhopal,E034,2016-0276-IND,2016-07-09,Madhya Pradesh,Bhopal,district,FAO/GAUL/2015/level2,matched,17716,,NONE,no_s1,s1_interim,,unavailable,no_post_imagery,,,,,,,,,,,,no-sits,False,100.0,,,,,0.0,0.0,2449.8108,144.4011,1781.7223,2728.200542472355,,NONE,no_measurement,fs1-3016a20fd3ad
E034::damoh,E034,2016-0276-IND,2016-07-09,Madhya Pradesh,Damoh,district,FAO/GAUL/2015/level2,matched,17720,,NONE,no_s1,s1_interim,,unavailable,no_post_imagery,,,,,,,,,,,,no-sits,False,100.0,,,,,0.0,0.0,6042.8053,49.5073,3517.9537,7370.294062152793,,NONE,no_measurement,fs1-3016a20fd3ad
E034::harda,E034,2016-0276-IND,2016-07-09,Madhya Pradesh,Harda,district,FAO/GAUL/2015/level2,matched,70173,,NONE,no_s1,s1_interim,,unavailable,no_post_imagery,,,,,,,,,,,,no-sits,False,100.0,,,,,0.0,0.0,2628.5524,35.1533,2057.4606,3323.033941847883,,NONE,no_measurement,fs1-3016a20fd3ad
E034::hoshangabad,E034,2016-0276-IND,2016-07-09,Madhya Pradesh,Hoshangabad,district,FAO/GAUL/2015/level2,matched,17728,,NONE,no_s1,s1_interim,,unavailable,no_post_imagery,,,,,,,,,,,,no-sits,False,100.0,,,,,0.0,0.0,5140.1169,69.8894,3454.4013,6725.4630131948015,,NONE,no_measurement,fs1-3016a20fd3ad
E034::jabalpur,E034,2016-0276-IND,2016-07-09,Madhya Pradesh,Jabalpur,district,FAO/GAUL/2015/level2,matched,17730,,NONE,no_s1,s1_interim,,unavailable,no_post_imagery,,,,,,,,,,,,no-sits,False,100.0,,,,,0.0,0.0,2920.5116,105.5514,2064.3567,4021.328036682537,,NONE,no_measurement,fs1-3016a20fd3ad
E034::mandla,E034,2016-0276-IND,2016-07-09,Madhya Pradesh,Mandla,district,FAO/GAUL/2015/level2,matched,17732,,NONE,no_s1,s1_interim,,unavailable,no_post_imagery,,,,,,,,,,,,no-sits,False,100.0,,,,,0.0,0.0,3999.0185,32.577,2044.0746,6789.128068652252,,NONE,no_measurement,fs1-3016a20fd3ad
E034::panna,E034,2016-0276-IND,2016-07-09,Madhya Pradesh,Panna,district,FAO/GAUL/2015/level2,matched,17736,,NONE,no_s1,s1_interim,,unavailable,no_post_imagery,,,,,,,,,,,,no-sits,False,100.0,,,,,0.0,0.0,4708.9101,36.8954,2627.481,7129.189669540547,,NONE,no_measurement,fs1-3016a20fd3ad
E034::raisen,E034,2016-0276-IND,2016-07-09,Madhya Pradesh,Raisen,district,FAO/GAUL/2015/level2,matched,17739,,NONE,no_s1,s1_interim,,unavailable,no_post_imagery,,,,,,,,,,,,no-sits,False,100.0,,,,,0.0,0.0,6810.1448,73.9147,4744.2072,8515.574877211904,,NONE,no_measurement,fs1-3016a20fd3ad
E034::rewa,E034,2016-0276-IND,2016-07-09,Madhya Pradesh,Rewa,district,FAO/GAUL/2015/level2,matched,17743,,NONE,no_s1,s1_interim,,unavailable,no_post_imagery,,,,,,,,,,,,no-sits,False,100.0,,,,ASCENDING,1.0,0.0,5574.5199,101.0724,3949.374,6327.703909411602,,NONE,no_measurement,fs1-3016a20fd3ad
E034::sagar,E034,2016-0276-IND,2016-07-09,Madhya Pradesh,Sagar,district,FAO/GAUL/2015/level2,matched,17744,,NONE,no_s1,s1_interim,,unavailable,no_post_imagery,,,,,,,,,,,,no-sits,False,100.0,,,,,0.0,0.0,8918.4273,115.2211,6014.2335,10275.828536821178,,NONE,no_measurement,fs1-3016a20fd3ad
E034::satna,E034,2016-0276-IND,2016-07-09,Madhya Pradesh,Satna,district,FAO/GAUL/2015/level2,matched,17745,,NONE,no_s1,s1_interim,,unavailable,no_post_imagery,,,,,,,,,,,,no-sits,False,100.0,,,,ASCENDING,1.0,0.0,5591.4809,109.4916,3825.009,7518.918005922663,,NONE,no_measurement,fs1-3016a20fd3ad
E034::sehore,E034,2016-0276-IND,2016-07-09,Madhya Pradesh,Sehore,district,FAO/GAUL/2015/level2,matched,17746,,NONE,no_s1,s1_interim,,unavailable,no_post_imagery,,,,,,,,,,,,no-sits,False,100.0,,,,,0.0,0.0,5534.8231,83.3944,4373.3054,6579.04852795314,,NONE,no_measurement,fs1-3016a20fd3ad
E034::seoni,E034,2016-0276-IND,2016-07-09,Madhya Pradesh,Seoni,district,FAO/GAUL/2015/level2,matched,17747,,NONE,no_s1,s1_interim,,unavailable,no_post_imagery,,,,,,,,,,,,no-sits,False,100.0,,,,,0.0,0.0,6554.5933,80.9496,3856.0245,8779.066238181113,,NONE,no_measurement,fs1-3016a20fd3ad
E034::shajapur,E034,2016-0276-IND,2016-07-09,Madhya Pradesh,Shajapur,district,FAO/GAUL/2015/level2,matched,17749,,NONE,no_s1,s1_interim,,unavailable,no_post_imagery,,,,,,,,,,,,no-sits,False,100.0,,,,,0.0,0.0,5878.0228,92.2509,4842.9463,6306.521423633077,,NONE,no_measurement,fs1-3016a20fd3ad
E034::tikamgarh,E034,2016-0276-IND,2016-07-09,Madhya Pradesh,Tikamgarh,district,FAO/GAUL/2015/level2,matched,17753,,NONE,no_s1,s1_interim,,unavailable,no_post_imagery,,,,,,,,,,,,no-sits,False,100.0,,,,,0.0,0.0,4044.8557,68.7941,2990.2629,5076.989379004398,,NONE,no_measurement,fs1-3016a20fd3ad
E034::vidisha,E034,2016-0276-IND,2016-07-09,Madhya Pradesh,Vidisha,district,FAO/GAUL/2015/level2,matched,17755,,NONE,no_s1,s1_interim,,unavailable,no_post_imagery,,,,,,,,,,,,no-sits,False,100.0,,,,,0.0,0.0,6736.6328,69.4856,5861.2615,7319.58909257645,,NONE,no_measurement,fs1-3016a20fd3ad
E035::araria,E035,2016-0271-IND,2016-07-15,Bihar,Araria,district,FAO/GAUL/2015/level2,matched,70094,,NONE,no_s1,s1_interim,,unavailable,no_post_imagery,,,,,,,,,,,,no-sits,False,100.0,,,,BOTH,5.0,0.0,2783.8584,111.3615,2041.9874,2825.348194194397,,NONE,no_measurement,fs1-3016a20fd3ad
E035::bhagalpur,E035,2016-0271-IND,2016-07-15,Bihar,Bhagalpur,district,FAO/GAUL/2015/level2,matched,17596,,NONE,no_s1,s1_interim,,unavailable,no_post_imagery,,,,,,,,,,,,no-sits,False,100.0,,,,BOTH,3.0,0.0,2411.2606,120.3497,1764.0376,2565.58862494004,,NONE,no_measurement,fs1-3016a20fd3ad
E035::darbhanga,E035,2016-0271-IND,2016-07-15,Bihar,Darbhanga,district,FAO/GAUL/2015/level2,matched,17598,,NONE,no_s1,s1_interim,,unavailable,no_post_imagery,,,,,,,,,,,,no-sits,False,100.0,,,,ASCENDING,2.0,0.0,2116.2992,123.9895,1491.5896,2293.727225126986,,NONE,no_measurement,fs1-3016a20fd3ad
E035::gopalganj,E035,2016-0271-IND,2016-07-15,Bihar,Gopalganj,district,FAO/GAUL/2015/level2,matched,17604,100.1613,S1,interim_s1_only,s1_interim,aoi,unavailable,no_post_imagery,,100.1613,,,,,,,,,,no-sits,False,100.0,,-15.25,False,BOTH,4.0,0.0,2001.4418,119.6197,1420.8562,2044.660708589624,100.1613,S1,no_optical_s1,fs1-3016a20fd3ad
E035::katihar,E035,2016-0271-IND,2016-07-15,Bihar,Katihar,district,FAO/GAUL/2015/level2,matched,17608,,NONE,no_s1,s1_interim,,unavailable,no_post_imagery,,,,,,,,,,,,no-sits,False,100.0,,,,BOTH,4.0,0.0,2843.7093,132.403,2077.447,3068.3721590224136,,NONE,no_measurement,fs1-3016a20fd3ad
E035::khagaria,E035,2016-0271-IND,2016-07-15,Bihar,Khagaria,district,FAO/GAUL/2015/level2,matched,17609,,NONE,no_s1,s1_interim,,unavailable,no_post_imagery,,,,,,,,,,,,no-sits,False,100.0,,,,ASCENDING,2.0,0.0,1407.6251,55.9292,1110.7351,1494.410012910706,,NONE,no_measurement,fs1-3016a20fd3ad
E035::kishanganj,E035,2016-0271-IND,2016-07-15,Bihar,Kishanganj,district,FAO/GAUL/2015/level2,matched,70100,,NONE,no_s1,s1_interim,,unavailable,no_post_imagery,,,,,,,,,,,,no-sits,False,100.0,,,,BOTH,3.0,0.0,1852.9673,64.5698,1314.1185,1932.7539351616576,,NONE,no_measurement,fs1-3016a20fd3ad
E035::madhepura,E035,2016-0271-IND,2016-07-15,Bihar,Madhepura,district,FAO/GAUL/2015/level2,matched,17612,,NONE,no_s1,s1_interim,,unavailable,no_post_imagery,,,,,,,,,,,,no-sits,False,100.0,,,,BOTH,4.0,0.0,1815.6229,74.764,1333.9732,1841.8576584601997,,NONE,no_measurement,fs1-3016a20fd3ad
E035::muzaffarpur,E035,2016-0271-IND,2016-07-15,Bihar,Muzaffarpur,district,FAO/GAUL/2015/level2,matched,17613,29.569,S1,interim_s1_only,s1_interim,aoi,unavailable,no_post_imagery,,29.569,,,,,,,,,,no-sits,False,100.0,,-16.0,True,BOTH,5.0,0.0,3129.3395,204.9248,2037.5739,3192.441978127565,29.569,S1,no_optical_s1,fs1-3016a20fd3ad
E035::purnea,E035,2016-0271-IND,2016-07-15,Bihar,Purnea,district,geoBoundaries/gbOpen/IND/ADM2/2021@8bef6929fd65432e7dc775e7c44473e84efff064ebddbfd6b834e6291546db40,matched,76128533B32499449492865,,NONE,no_s1,s1_interim,,unavailable,no_post_imagery,,,,,,,,,,,,no-sits,False,100.0,,,,BOTH,4.0,0.0,3133.9604,159.4553,2289.4919,3170.4644351487336,,NONE,no_measurement,fs1-3016a20fd3ad
E035::saharsa,E035,2016-0271-IND,2016-07-15,Bihar,Saharsa,district,FAO/GAUL/2015/level2,matched,17624,,NONE,no_s1,s1_interim,,unavailable,no_post_imagery,,,,,,,,,,,,no-sits,False,100.0,,,,ASCENDING,2.0,0.0,1597.4024,73.4795,1156.81,1692.2702412487936,,NONE,no_measurement,fs1-3016a20fd3ad
E035::supaul,E035,2016-0271-IND,2016-07-15,Bihar,Supaul,district,FAO/GAUL/2015/level2,matched,70104,,NONE,no_s1,s1_interim,,unavailable,no_post_imagery,,,,,,,,,,,,no-sits,False,100.0,,,,BOTH,5.0,0.0,2327.5369,73.558,1540.2276,2399.2927702222696,,NONE,no_measurement,fs1-3016a20fd3ad
E036::bahraich,E036,2016-0271-IND,2016-07-15,Uttar Pradesh,Bahraich,district,FAO/GAUL/2015/level2,matched,17893,312.5531,S1,interim_s1_only,s1_interim,aoi,unavailable,no_post_imagery,,312.5531,,,,,,,,,,no-sits,False,100.0,,-13.25,False,ASCENDING,2.0,0.0,3485.1487,94.3473,2195.9306,3705.0099637131552,312.5531,S1,no_optical_s1,fs1-3016a20fd3ad
E036::ballia,E036,2016-0271-IND,2016-07-15,Uttar Pradesh,Ballia,district,FAO/GAUL/2015/level2,matched,17894,247.3121,S1,interim_s1_only,s1_interim,aoi,unavailable,no_post_imagery,,247.3121,,,,,,,,,,no-sits,False,100.0,,-14.25,False,BOTH,4.0,0.0,2760.4153,133.4226,2158.8817,3013.8054759791835,247.3121,S1,no_optical_s1,fs1-3016a20fd3ad
E036::banda,E036,2016-0271-IND,2016-07-15,Uttar Pradesh,Banda,district,FAO/GAUL/2015/level2,matched,17895,,NONE,no_s1,s1_interim,,unavailable,no_post_imagery,,,,,,,,,,,,no-sits,False,100.0,,,,ASCENDING,1.0,0.0,4293.5305,97.5451,3627.7015,4528.7470438726,,NONE,no_measurement,fs1-3016a20fd3ad
E036::barabanki,E036,2016-0271-IND,2016-07-15,Uttar Pradesh,Barabanki,district,FAO/GAUL/2015/level2,matched,17896,193.8137,S1,interim_s1_only,s1_interim,aoi,unavailable,no_post_imagery,,193.8137,,,,,,,,,,no-sits,False,100.0,,-16.0,True,ASCENDING,1.0,0.0,4261.6796,180.5234,2989.9903,4440.0005417469865,193.8137,S1,no_optical_s1,fs1-3016a20fd3ad
E036::basti,E036,2016-0271-IND,2016-07-15,Uttar Pradesh,Basti,district,FAO/GAUL/2015/level2,matched,17898,296.6806,S1,interim_s1_only,s1_interim,aoi,unavailable,no_post_imagery,,296.6806,,,,,,,,,,no-sits,False,100.0,,-13.75,False,ASCENDING,2.0,0.0,2385.2448,106.1084,1794.2857,2522.0744554746907,296.6806,S1,no_optical_s1,fs1-3016a20fd3ad
E036::ghazipur,E036,2016-0271-IND,2016-07-15,Uttar Pradesh,Ghazipur,district,FAO/GAUL/2015/level2,matched,17912,411.2504,S1,interim_s1_only,s1_interim,aoi,unavailable,no_post_imagery,,411.2504,,,,,,,,,,no-sits,False,100.0,,-14.25,False,BOTH,3.0,0.0,3179.0692,156.8655,2601.7309,3392.663587484302,411.2504,S1,no_optical_s1,fs1-3016a20fd3ad
E036::jalaun,E036,2016-0271-IND,2016-07-15,Uttar Pradesh,Jalaun,district,FAO/GAUL/2015/level2,matched,17917,25.6653,S1,interim_s1_only,s1_interim,aoi,unavailable,no_post_imagery,,25.6653,,,,,,,,,,no-sits,False,100.0,,-16.0,True,ASCENDING,1.0,0.0,3766.6406,94.6876,3129.9923,4572.286607377707,25.6653,S1,no_optical_s1,fs1-3016a20fd3ad
E036::kushinagar,E036,2016-0271-IND,2016-07-15,Uttar Pradesh,Kushinagar,district,FAO/GAUL/2015/level2,matched,70271,51.9022,S1,interim_s1_only,s1_interim,aoi,unavailable,no_post_imagery,,51.9022,,,,,,,,,,no-sits,False,100.0,,-16.0,True,BOTH,4.0,0.0,2844.4186,149.7609,2025.279,2893.16087554316,51.9022,S1,no_optical_s1,fs1-3016a20fd3ad
E036::lakhimpur%20kheri,E036,2016-0271-IND,2016-07-15,Uttar Pradesh,Lakhimpur Kheri,district,FAO/GAUL/2015/level2,matched,17921,110.0452,S1,interim_s1_only,s1_interim,aoi,unavailable,no_post_imagery,,110.0452,,,,,,,,,,no-sits,False,100.0,,-16.0,True,ASCENDING,4.0,0.0,7230.8731,186.4498,4775.211,7708.742992388735,110.0452,S1,no_optical_s1,fs1-3016a20fd3ad
E036::mirzapur,E036,2016-0271-IND,2016-07-15,Uttar Pradesh,Mirzapur,district,FAO/GAUL/2015/level2,matched,17927,195.2366,S1,interim_s1_only,s1_interim,aoi,unavailable,no_post_imagery,,195.2366,,,,,,,,,,no-sits,False,100.0,,-13.75,False,ASCENDING,2.0,0.0,3916.54,104.3795,2514.5933,4526.889753258701,195.2366,S1,no_optical_s1,fs1-3016a20fd3ad
E036::pilibhit,E036,2016-0271-IND,2016-07-15,Uttar Pradesh,Pilibhit,district,FAO/GAUL/2015/level2,matched,17931,306.9164,S1,interim_s1_only,s1_interim,aoi,unavailable,no_post_imagery,,306.9164,,,,,,,,,,no-sits,False,100.0,,-13.75,False,ASCENDING,2.0,0.0,3379.1475,80.6685,2168.8889,3594.1579683602813,306.9164,S1,no_optical_s1,fs1-3016a20fd3ad
E036::prayagraj,E036,2016-0271-IND,2016-07-15,Uttar Pradesh,Prayagraj,district,geoBoundaries/gbOpen/IND/ADM2/2021@8bef6929fd65432e7dc775e7c44473e84efff064ebddbfd6b834e6291546db40,matched,76128533B51368558457506,,NONE,no_s1,s1_interim,,unavailable,no_post_imagery,,,,,,,,,,,,no-sits,False,100.0,,,,ASCENDING,1.0,0.0,5053.1415,244.795,3712.343,5474.710258122264,,NONE,no_measurement,fs1-3016a20fd3ad
E036::siddharthnagar,E036,2016-0271-IND,2016-07-15,Uttar Pradesh,Siddharthnagar,district,FAO/GAUL/2015/level2,matched,70278,1077.7593,S1,interim_s1_only,s1_interim,aoi,unavailable,no_post_imagery,,1077.7593,,,,,,,,,,no-sits,False,100.0,,-13.25,False,BOTH,4.0,0.0,3290.957,110.3568,2735.2173,3492.6137371813147,1077.7593,S1,no_optical_s1,fs1-3016a20fd3ad
E036::varanasi,E036,2016-0271-IND,2016-07-15,Uttar Pradesh,Varanasi,district,FAO/GAUL/2015/level2,matched,17943,158.3169,S1,interim_s1_only,s1_interim,aoi,unavailable,no_post_imagery,,158.3169,,,,,,,,,,no-sits,False,100.0,,-13.25,False,BOTH,3.0,0.0,1499.8488,181.6677,989.7031,1554.288127138641,158.3169,S1,no_optical_s1,fs1-3016a20fd3ad
E037::golaghat,E037,2016-0554-IND,2016-07-17,Assam,Golaghat,district,FAO/GAUL/2015/level2,matched,17582,47.2999,S1,interim_s1_only,s1_interim,aoi,unavailable,no_post_imagery,,47.2999,,,,,,,,,,no-sits,False,100.0,,-15.25,False,DESCENDING,1.0,0.0,3111.5422,41.889,1494.8322,3532.2679838886856,47.2999,S1,no_optical_s1,fs1-3016a20fd3ad
E037::jorhat,E037,2016-0554-IND,2016-07-17,Assam,Jorhat,district,FAO/GAUL/2015/level2,matched,70089,0.4361,S1,interim_s1_only,s1_interim,aoi,unavailable,no_post_imagery,,0.4361,,,,,,,,,,no-sits,False,100.0,,-17.25,False,ASCENDING,1.0,0.0,2306.1826,46.9407,1139.7231,2842.716884638612,0.4361,S1,no_optical_s1,fs1-3016a20fd3ad
E038::barpeta,E038,2016-0267-IND,2016-07-28,Assam,Barpeta,district,FAO/GAUL/2015/level2,matched,17576,312.5233,S1,interim_s1_only,s1_interim,aoi,unavailable,no_post_imagery,,312.5233,,,,,,,,,,no-sits,False,100.0,,-16.25,False,BOTH,4.0,0.0,2781.8165,53.1895,1401.2032,3253.622989828742,312.5233,S1,no_optical_s1,fs1-3016a20fd3ad
E038::bongaigaon,E038,2016-0267-IND,2016-07-28,Assam,Bongaigaon,district,FAO/GAUL/2015/level2,matched,70086,63.5291,S1,interim_s1_only,s1_interim,aoi,unavailable,no_post_imagery,,63.5291,,,,,,,,,,no-sits,False,100.0,,-15.25,False,BOTH,4.0,0.0,1849.5033,30.7452,701.4281,2332.582799042809,63.5291,S1,no_optical_s1,fs1-3016a20fd3ad
E038::darrang,E038,2016-0267-IND,2016-07-28,Assam,Darrang,district,FAO/GAUL/2015/level2,matched,17578,197.6996,S1,interim_s1_only,s1_interim,aoi,unavailable,no_post_imagery,,197.6996,,,,,,,,,,no-sits,False,100.0,,-16.25,False,BOTH,2.0,0.0,3074.5271,59.1961,1652.486,3426.9679336953163,197.6996,S1,no_optical_s1,fs1-3016a20fd3ad
E038::dhubri,E038,2016-0267-IND,2016-07-28,Assam,Dhubri,district,geoBoundaries/gbOpen/IND/ADM2/2021@8bef6929fd65432e7dc775e7c44473e84efff064ebddbfd6b834e6291546db40,matched,76128533B25835998628545,130.3241,S1,interim_s1_only,s1_interim,aoi,unavailable,no_post_imagery,,130.3241,,,,,,,,,,no-sits,False,100.0,,-15.25,False,BOTH,2.0,0.0,1545.8668,29.1865,884.5081,1790.280077462252,130.3241,S1,no_optical_s1,fs1-3016a20fd3ad
E038::goalpara,E038,2016-0267-IND,2016-07-28,Assam,Goalpara,district,FAO/GAUL/2015/level2,matched,17581,111.1689,S1,interim_s1_only,s1_interim,aoi,unavailable,no_post_imagery,,111.1689,,,,,,,,,,no-sits,False,100.0,,-15.25,False,BOTH,3.0,0.0,1408.4225,27.3769,712.6012,1904.60564716237,111.1689,S1,no_optical_s1,fs1-3016a20fd3ad
E038::golaghat,E038,2016-0267-IND,2016-07-28,Assam,Golaghat,district,FAO/GAUL/2015/level2,matched,17582,57.9665,S1,interim_s1_only,s1_interim,aoi,unavailable,no_post_imagery,,57.9665,,,,,,,,,,no-sits,False,100.0,,-16.75,False,BOTH,4.0,0.0,3111.5422,41.889,1494.8322,3532.2679838886856,57.9665,S1,no_optical_s1,fs1-3016a20fd3ad
E038::jorhat,E038,2016-0267-IND,2016-07-28,Assam,Jorhat,district,FAO/GAUL/2015/level2,matched,70089,96.9068,S1,interim_s1_only,s1_interim,aoi,unavailable,no_post_imagery,,96.9068,,,,,,,,,,no-sits,False,100.0,,-17.75,False,BOTH,3.0,0.0,2306.1826,46.9407,1139.7231,2842.716884638612,96.9068,S1,no_optical_s1,fs1-3016a20fd3ad
E038::lakhimpur,E038,2016-0267-IND,2016-07-28,Assam,Lakhimpur,district,FAO/GAUL/2015/level2,matched,70091,64.8926,S1,interim_s1_only,s1_interim,aoi,unavailable,no_post_imagery,,64.8926,,,,,,,,,,no-sits,False,100.0,,-15.75,False,BOTH,4.0,0.0,2563.3875,26.0117,1480.1181,2886.5239581816727,64.8926,S1,no_optical_s1,fs1-3016a20fd3ad
E038::morigaon,E038,2016-0267-IND,2016-07-28,Assam,Morigaon,district,geoBoundaries/gbOpen/IND/ADM2/2021@8bef6929fd65432e7dc775e7c44473e84efff064ebddbfd6b834e6291546db40,matched,76128533B17968019348564,286.6718,S1,interim_s1_only,s1_interim,aoi,unavailable,no_post_imagery,,286.6718,,,,,,,,,,no-sits,False,100.0,,-15.75,False,ASCENDING,1.0,0.0,1311.7575,29.7776,855.9907,1508.3262903435707,286.6718,S1,no_optical_s1,fs1-3016a20fd3ad
E038::nalbari,E038,2016-0267-IND,2016-07-28,Assam,Nalbari,district,FAO/GAUL/2015/level2,matched,17590,105.4206,S1,interim_s1_only,s1_interim,aoi,unavailable,no_post_imagery,,105.4206,,,,,,,,,,no-sits,False,100.0,,-15.25,False,BOTH,2.0,0.0,2097.5834,38.1238,1132.0605,2339.8796955273547,105.4206,S1,no_optical_s1,fs1-3016a20fd3ad
E039::chhota%20udaipur,E039,2016-0304-IND,2016-08-01,Gujarat,Chhota Udaipur,district,geoBoundaries/gbOpen/IND/ADM2/2021@8bef6929fd65432e7dc775e7c44473e84efff064ebddbfd6b834e6291546db40,matched,76128533B69417260894674,,NONE,no_s1,s1_interim,,unavailable,no_post_imagery,,,,,,,,,,,,no-sits,False,100.0,,,,,0.0,0.0,2631.4253,42.4724,1717.9263,3474.27393700534,,NONE,no_measurement,fs1-3016a20fd3ad
E039::navsari,E039,2016-0304-IND,2016-08-01,Gujarat,Navsari,district,FAO/GAUL/2015/level2,matched,70127,,NONE,no_s1,s1_interim,,unavailable,no_post_imagery,,,,,,,,,,,,no-sits,False,100.0,,,,,0.0,0.0,1702.3987,61.7571,564.3259,2097.600482441035,,NONE,no_measurement,fs1-3016a20fd3ad
E039::surat,E039,2016-0304-IND,2016-08-01,Gujarat,Surat,district,FAO/GAUL/2015/level2,matched,17649,,NONE,no_s1,s1_interim,,unavailable,no_post_imagery,,,,,,,,,,,,no-sits,False,100.0,,,,,0.0,0.0,5860.6038,320.505,3100.9497,7486.82173633887,,NONE,no_measurement,fs1-3016a20fd3ad
E039::tapi,E039,2016-0304-IND,2016-08-01,Gujarat,Tapi,district,geoBoundaries/gbOpen/IND/ADM2/2021@8bef6929fd65432e7dc775e7c44473e84efff064ebddbfd6b834e6291546db40,matched,76128533B12519626815499,,NONE,no_s1,s1_interim,,unavailable,no_post_imagery,,,,,,,,,,,,no-sits,False,100.0,,,,,0.0,0.0,2093.7467,37.5106,1269.4798,3222.218121399561,,NONE,no_measurement,fs1-3016a20fd3ad
E039::vadodara,E039,2016-0304-IND,2016-08-01,Gujarat,Vadodara,district,FAO/GAUL/2015/level2,matched,17652,,NONE,no_s1,s1_interim,,unavailable,no_post_imagery,,,,,,,,,,,,no-sits,False,100.0,,,,,0.0,0.0,6686.8143,252.4561,4257.0876,7758.226506800483,,NONE,no_measurement,fs1-3016a20fd3ad
E039::valsad,E039,2016-0304-IND,2016-08-01,Gujarat,Valsad,district,FAO/GAUL/2015/level2,matched,17653,,NONE,no_s1,s1_interim,,unavailable,no_post_imagery,,,,,,,,,,,,no-sits,False,100.0,,,,,0.0,0.0,1750.257,77.2798,538.7598,3025.875446392478,,NONE,no_measurement,fs1-3016a20fd3ad
E040::kolhapur,E040,2016-0304-IND,2016-08-01,Maharashtra,Kolhapur,district,FAO/GAUL/2015/level2,matched,17769,,NONE,no_s1,s1_interim,,unavailable,no_post_imagery,,,,,,,,,,,,no-sits,False,100.0,,,,,0.0,0.0,4339.6371,164.0835,1998.2373,7680.572392490604,,NONE,no_measurement,fs1-3016a20fd3ad
E040::nashik,E040,2016-0304-IND,2016-08-01,Maharashtra,Nashik,district,FAO/GAUL/2015/level2,matched,17773,,NONE,no_s1,s1_interim,,unavailable,no_post_imagery,,,,,,,,,,,,no-sits,False,100.0,,,,,0.0,0.0,10933.341,392.5205,7497.7904,15554.167322451072,,NONE,no_measurement,fs1-3016a20fd3ad
E040::palghar,E040,2016-0304-IND,2016-08-01,Maharashtra,Palghar,district,geoBoundaries/gbOpen/IND/ADM2/2021@8bef6929fd65432e7dc775e7c44473e84efff064ebddbfd6b834e6291546db40,matched,76128533B37148244536449,,NONE,no_s1,s1_interim,,unavailable,no_post_imagery,,,,,,,,,,,,no-sits,False,100.0,,,,,0.0,0.0,2858.6379,81.4369,1358.025,5355.281971404182,,NONE,no_measurement,fs1-3016a20fd3ad
E040::pune,E040,2016-0304-IND,2016-08-01,Maharashtra,Pune,district,FAO/GAUL/2015/level2,matched,17776,,NONE,no_s1,s1_interim,,unavailable,no_post_imagery,,,,,,,,,,,,no-sits,False,100.0,,,,,0.0,0.0,10303.2933,728.4543,6115.6464,15649.899791716924,,NONE,no_measurement,fs1-3016a20fd3ad
E040::raigarh,E040,2016-0304-IND,2016-08-01,Maharashtra,Raigarh,district,FAO/GAUL/2015/level2,matched,17777,,NONE,no_s1,s1_interim,,unavailable,no_post_imagery,,,,,,,,,,,,no-sits,False,100.0,,,,,0.0,0.0,2805.455,117.9149,1253.0129,6912.842748779044,,NONE,no_measurement,fs1-3016a20fd3ad
E040::ratnagiri,E040,2016-0304-IND,2016-08-01,Maharashtra,Ratnagiri,district,FAO/GAUL/2015/level2,matched,17778,,NONE,no_s1,s1_interim,,unavailable,no_post_imagery,,,,,,,,,,,,no-sits,False,100.0,,,,,0.0,0.0,2431.7672,30.6964,287.6809,8501.126377449938,,NONE,no_measurement,fs1-3016a20fd3ad
E040::satara,E040,2016-0304-IND,2016-08-01,Maharashtra,Satara,district,FAO/GAUL/2015/level2,matched,17781,,NONE,no_s1,s1_interim,,unavailable,no_post_imagery,,,,,,,,,,,,no-sits,False,100.0,,,,,0.0,0.0,6563.2479,235.9561,3725.5248,10502.605850168617,,NONE,no_measurement,fs1-3016a20fd3ad
E040::thane,E040,2016-0304-IND,2016-08-01,Maharashtra,Thane,district,FAO/GAUL/2015/level2,matched,17783,,NONE,no_s1,s1_interim,,unavailable,no_post_imagery,,,,,,,,,,,,no-sits,False,100.0,,,,,0.0,0.0,5194.6674,271.0709,2395.1691,9454.897228160951,,NONE,no_measurement,fs1-3016a20fd3ad
E044::banaskantha,E044,2017-0294-IND,2017-06-01,Gujarat,Banaskantha,district,FAO/GAUL/2015/level2,matched,17637,580.3933,S1,interim_s1_only,s1_interim,aoi,ok,ok,,580.3933,0.1528,0.149,0.1,1205.574,1694.6765,1596.8621,0.1711,36.497,0.445,otsu,True,83.6,0.1768,-16.0,True,BOTH,4.0,2.0,9330.3213,165.3847,7745.4466,10638.731207971712,580.3933,S1,cloud_routed_to_s1,fs1-3016a20fd3ad
E044::navsari,E044,2017-0294-IND,2017-06-01,Gujarat,Navsari,district,FAO/GAUL/2015/level2,matched,70127,9.1071,S1,interim_s1_only,s1_interim,aoi,unavailable,no_post_imagery,,9.1071,,,,,,,,,,no-sits,False,100.0,,-16.0,True,DESCENDING,1.0,0.0,1702.3987,61.7571,564.3259,2097.600482441035,9.1071,S1,no_optical_s1,fs1-3016a20fd3ad
E044::patan,E044,2017-0294-IND,2017-06-01,Gujarat,Patan,district,FAO/GAUL/2015/level2,matched,70129,426.5533,S1,interim_s1_only,s1_interim,aoi,ok,ok,,426.5533,0.1662,0.1609,0.026,490.0128,1428.444,1378.8666,0.2371,31.5038,0.305,otsu,True,75.5,0.2468,-16.0,True,DESCENDING,2.0,2.0,5815.1637,117.5371,4683.4199,6017.262722245363,426.5533,S1,cloud_routed_to_s1,fs1-3016a20fd3ad
E044::sabarkantha,E044,2017-0294-IND,2017-06-01,Gujarat,Sabarkantha,district,FAO/GAUL/2015/level2,matched,17648,333.6841,S1,interim_s1_only,s1_interim,aoi,ok,ok,,333.6841,0.5161,0.4936,0.1019,684.2687,1133.504,992.8129,0.1664,72.5814,0.414,otsu,True,84.2,0.1739,-16.0,True,DESCENDING,2.0,3.0,5966.5938,146.9115,4356.3157,7457.412888463912,333.6841,S1,cloud_routed_to_s1,fs1-3016a20fd3ad
E044::surat,E044,2017-0294-IND,2017-06-01,Gujarat,Surat,district,FAO/GAUL/2015/level2,matched,17649,80.1947,S1,interim_s1_only,s1_interim,aoi,unavailable,no_post_imagery,,80.1947,,,,,,,,,,no-sits,False,100.0,,-16.0,True,DESCENDING,4.0,0.0,5860.6038,320.505,3100.9497,7486.82173633887,80.1947,S1,no_optical_s1,fs1-3016a20fd3ad
E044::valsad,E044,2017-0294-IND,2017-06-01,Gujarat,Valsad,district,FAO/GAUL/2015/level2,matched,17653,7.6272,S1,interim_s1_only,s1_interim,aoi,unavailable,no_post_imagery,,7.6272,,,,,,,,,,no-sits,False,100.0,,-16.0,True,DESCENDING,1.0,0.0,1750.257,77.2798,538.7598,3025.875446392478,7.6272,S1,no_optical_s1,fs1-3016a20fd3ad
E045::barmer,E045,2017-0294-IND,2017-06-01,Rajasthan,Barmer,district,FAO/GAUL/2015/level2,matched,17837,5894.8599,S1,interim_s1_only,s1_interim,aoi,ok,ok,,5894.8599,0.0426,0.0425,0.0,8.9913,611.82,515.5477,0.0224,146.1833,0.211,otsu,True,97.8,0.0231,-17.75,False,BOTH,8.0,1.0,22998.3988,188.5834,10646.6395,28422.68727445841,5894.8599,S1,cloud_routed_to_s1,fs1-3016a20fd3ad
E045::jalore,E045,2017-0294-IND,2017-06-01,Rajasthan,Jalore,district,geoBoundaries/gbOpen/IND/ADM2/2021@8bef6929fd65432e7dc775e7c44473e84efff064ebddbfd6b834e6291546db40,matched,76128533B59459156188335,1934.5914,S1,interim_s1_only,s1_interim,aoi,ok,ok,,1934.5914,0.0022,0.0017,0.0001,146.4233,420.0528,406.4057,0.0417,68.8581,0.211,otsu,True,95.9,0.0441,-15.25,False,BOTH,5.0,1.0,9748.2941,151.3575,7432.2492,10759.887698144885,1934.5914,S1,cloud_routed_to_s1,fs1-3016a20fd3ad
E045::pali,E045,2017-0294-IND,2017-06-01,Rajasthan,Pali,district,FAO/GAUL/2015/level2,matched,17855,1532.4031,S1,interim_s1_only,s1_interim,aoi,ok,ok,,1532.4031,0.149,0.1343,0.0204,726.3998,2968.8666,2300.9115,0.2081,324.8113,0.289,otsu,True,74.5,0.2247,-13.25,False,DESCENDING,4.0,3.0,11054.3689,270.1914,7149.9222,12347.51415570307,1532.4031,S1,cloud_routed_to_s1,fs1-3016a20fd3ad
E045::sirohi,E045,2017-0294-IND,2017-06-01,Rajasthan,Sirohi,district,FAO/GAUL/2015/level2,matched,17858,440.5272,S1,interim_s1_only,s1_interim,aoi,ok,ok,,440.5272,0.0404,0.029,0.0088,91.7382,400.1251,230.3617,0.0644,11.6564,0.273,otsu,True,91.3,0.0738,-16.0,True,BOTH,4.0,1.0,3574.7529,88.0247,2011.1742,5146.300422974388,440.5272,S1,cloud_routed_to_s1,fs1-3016a20fd3ad
E045::udaipur,E045,2017-0294-IND,2017-06-01,Rajasthan,Udaipur,district,FAO/GAUL/2015/level2,matched,17860,143.5206,S1,interim_s1_only,s1_interim,aoi,ok,ok,,143.5206,0.7727,0.7607,0.2363,2868.8002,5941.6851,2476.6691,0.4084,36.157,0.336,otsu,True,52.4,0.422,-16.0,True,DESCENDING,4.0,1.0,6064.2243,164.7242,2643.6853,12740.346309887644,0.7727,NDWI,sits_gate_failed,fs1-3016a20fd3ad
E046::kolkata,E046,2017-0294-IND,2017-06-01,West Bengal,Kolkata,district,FAO/GAUL/2015/level2,matched,70292,0.2846,S1,interim_s1_only,s1_interim,aoi,unavailable,no_pre_imagery,,0.2846,,,,,,,,,,no-sits,False,11.0,,-16.0,True,BOTH,2.0,1.0,78.8807,61.8534,0.5333,91.84529866788924,0.2846,S1,no_optical_s1,fs1-3016a20fd3ad
E047::barpeta,E047,2017-0180-IND,2017-06-04,Assam,Barpeta,district,FAO/GAUL/2015/level2,matched,17576,250.5961,S1,interim_s1_only,s1_interim,aoi,unavailable,no_post_imagery,,250.5961,,,,,,,,,,no-sits,False,100.0,,-16.75,False,BOTH,5.0,0.0,2781.8165,53.1895,1401.2032,3253.622989828742,250.5961,S1,no_optical_s1,fs1-3016a20fd3ad
E047::biswanath,E047,2017-0180-IND,2017-06-04,Assam,Biswanath,district,geoBoundaries/gbOpen/IND/ADM2/2021@8bef6929fd65432e7dc775e7c44473e84efff064ebddbfd6b834e6291546db40,matched,76128533B40714385808093,107.1084,S1,interim_s1_only,s1_interim,aoi,unavailable,no_post_imagery,,107.1084,,,,,,,,,,no-sits,False,100.0,,-15.75,False,BOTH,5.0,0.0,1560.1555,18.4415,730.5119,1795.9804068303213,107.1084,S1,no_optical_s1,fs1-3016a20fd3ad
E047::bongaigaon,E047,2017-0180-IND,2017-06-04,Assam,Bongaigaon,district,FAO/GAUL/2015/level2,matched,70086,38.4282,S1,interim_s1_only,s1_interim,aoi,unavailable,no_post_imagery,,38.4282,,,,,,,,,,no-sits,False,100.0,,-14.25,False,ASCENDING,3.0,0.0,1849.5033,30.7452,701.4281,2332.582799042809,38.4282,S1,no_optical_s1,fs1-3016a20fd3ad
E047::cachar,E047,2017-0180-IND,2017-06-04,Assam,Cachar,district,FAO/GAUL/2015/level2,matched,17577,263.9738,S1,interim_s1_only,s1_interim,aoi,unavailable,no_post_imagery,,263.9738,,,,,,,,,,no-sits,False,100.0,,-14.75,False,BOTH,5.0,0.0,1742.352,28.6315,777.3899,3806.329961738336,263.9738,S1,no_optical_s1,fs1-3016a20fd3ad
E047::charaideo,E047,2017-0180-IND,2017-06-04,Assam,Charaideo,district,geoBoundaries/gbOpen/IND/ADM2/2021@8bef6929fd65432e7dc775e7c44473e84efff064ebddbfd6b834e6291546db40,matched,76128533B89228414823983,58.7284,S1,interim_s1_only,s1_interim,aoi,unavailable,no_post_imagery,,58.7284,,,,,,,,,,no-sits,False,100.0,,-16.0,True,BOTH,2.0,0.0,956.9246,11.1538,434.3126,1051.501023918133,58.7284,S1,no_optical_s1,fs1-3016a20fd3ad
E047::chirang,E047,2017-0180-IND,2017-06-04,Assam,Chirang,district,geoBoundaries/gbOpen/IND/ADM2/2021@8bef6929fd65432e7dc775e7c44473e84efff064ebddbfd6b834e6291546db40,matched,76128533B56012535339305,4.9067,S1,interim_s1_only,s1_interim,aoi,unavailable,no_post_imagery,,4.9067,,,,,,,,,,no-sits,False,100.0,,-16.0,True,ASCENDING,3.0,0.0,1479.252,14.0007,493.708,1586.6528982343095,4.9067,S1,no_optical_s1,fs1-3016a20fd3ad
E047::darrang,E047,2017-0180-IND,2017-06-04,Assam,Darrang,district,FAO/GAUL/2015/level2,matched,17578,72.4176,S1,interim_s1_only,s1_interim,aoi,unavailable,no_post_imagery,,72.4176,,,,,,,,,,no-sits,False,100.0,,-17.25,False,BOTH,4.0,0.0,3074.5271,59.1961,1652.486,3426.9679336953163,72.4176,S1,no_optical_s1,fs1-3016a20fd3ad
E047::dhemaji,E047,2017-0180-IND,2017-06-04,Assam,Dhemaji,district,FAO/GAUL/2015/level2,matched,70087,68.8166,S1,interim_s1_only,s1_interim,aoi,unavailable,no_post_imagery,,68.8166,,,,,,,,,,no-sits,False,100.0,,-16.25,False,BOTH,3.0,0.0,2240.4877,21.9993,1222.1808,2503.3476339074205,68.8166,S1,no_optical_s1,fs1-3016a20fd3ad
E047::dhubri,E047,2017-0180-IND,2017-06-04,Assam,Dhubri,district,geoBoundaries/gbOpen/IND/ADM2/2021@8bef6929fd65432e7dc775e7c44473e84efff064ebddbfd6b834e6291546db40,matched,76128533B25835998628545,47.3808,S1,interim_s1_only,s1_interim,aoi,unavailable,no_post_imagery,,47.3808,,,,,,,,,,no-sits,False,100.0,,-13.75,False,ASCENDING,1.0,0.0,1545.8668,29.1865,884.5081,1790.280077462252,47.3808,S1,no_optical_s1,fs1-3016a20fd3ad
E047::dibrugarh,E047,2017-0180-IND,2017-06-04,Assam,Dibrugarh,district,FAO/GAUL/2015/level2,matched,17580,176.8157,S1,interim_s1_only,s1_interim,aoi,unavailable,no_post_imagery,,176.8157,,,,,,,,,,no-sits,False,100.0,,-16.75,False,BOTH,3.0,0.0,2887.5515,56.4443,1158.2783,3397.4818067287138,176.8157,S1,no_optical_s1,fs1-3016a20fd3ad
E047::goalpara,E047,2017-0180-IND,2017-06-04,Assam,Goalpara,district,FAO/GAUL/2015/level2,matched,17581,34.6373,S1,interim_s1_only,s1_interim,aoi,unavailable,no_post_imagery,,34.6373,,,,,,,,,,no-sits,False,100.0,,-15.25,False,ASCENDING,2.0,0.0,1408.4225,27.3769,712.6012,1904.60564716237,34.6373,S1,no_optical_s1,fs1-3016a20fd3ad
E047::golaghat,E047,2017-0180-IND,2017-06-04,Assam,Golaghat,district,FAO/GAUL/2015/level2,matched,17582,96.7551,S1,interim_s1_only,s1_interim,aoi,unavailable,no_post_imagery,,96.7551,,,,,,,,,,no-sits,False,100.0,,-16.25,False,BOTH,4.0,0.0,3111.5422,41.889,1494.8322,3532.2679838886856,96.7551,S1,no_optical_s1,fs1-3016a20fd3ad
E047::hailakandi,E047,2017-0180-IND,2017-06-04,Assam,Hailakandi,district,FAO/GAUL/2015/level2,matched,70088,71.6197,S1,interim_s1_only,s1_interim,aoi,unavailable,no_post_imagery,,71.6197,,,,,,,,,,no-sits,False,100.0,,-15.25,False,BOTH,3.0,0.0,629.4125,6.1457,284.6509,1336.4605858584375,71.6197,S1,no_optical_s1,fs1-3016a20fd3ad
E047::hojai,E047,2017-0180-IND,2017-06-04,Assam,Hojai,district,geoBoundaries/gbOpen/IND/ADM2/2021@8bef6929fd65432e7dc775e7c44473e84efff064ebddbfd6b834e6291546db40,matched,76128533B70315194619807,56.0479,S1,interim_s1_only,s1_interim,aoi,unavailable,no_post_imagery,,56.0479,,,,,,,,,,no-sits,False,100.0,,-16.0,True,BOTH,4.0,0.0,989.2694,26.6879,580.9443,1456.4677644954024,56.0479,S1,no_optical_s1,fs1-3016a20fd3ad
E047::jorhat,E047,2017-0180-IND,2017-06-04,Assam,Jorhat,district,FAO/GAUL/2015/level2,matched,70089,70.1483,S1,interim_s1_only,s1_interim,aoi,unavailable,no_post_imagery,,70.1483,,,,,,,,,,no-sits,False,100.0,,-16.25,False,BOTH,3.0,0.0,2306.1826,46.9407,1139.7231,2842.716884638612,70.1483,S1,no_optical_s1,fs1-3016a20fd3ad
E047::kamrup,E047,2017-0180-IND,2017-06-04,Assam,Kamrup,district,FAO/GAUL/2015/level2,matched,17583,171.0329,S1,interim_s1_only,s1_interim,aoi,unavailable,no_post_imagery,,171.0329,,,,,,,,,,no-sits,False,100.0,,-16.25,False,BOTH,5.0,0.0,2833.5254,161.5654,1408.6863,4348.6225796054405,171.0329,S1,no_optical_s1,fs1-3016a20fd3ad
E047::kamrup%20metropolitan,E047,2017-0180-IND,2017-06-04,Assam,Kamrup Metropolitan,district,geoBoundaries/gbOpen/IND/ADM2/2021@8bef6929fd65432e7dc775e7c44473e84efff064ebddbfd6b834e6291546db40,matched,76128533B38230828972906,8.9521,S1,interim_s1_only,s1_interim,aoi,unavailable,no_post_imagery,,8.9521,,,,,,,,,,no-sits,False,100.0,,-16.0,True,BOTH,2.0,0.0,448.608,80.2055,184.2046,1131.5412000860365,8.9521,S1,no_optical_s1,fs1-3016a20fd3ad
E047::karbi%20anglong,E047,2017-0180-IND,2017-06-04,Assam,Karbi Anglong,district,FAO/GAUL/2015/level2,matched,17584,102.9797,S1,interim_s1_only,s1_interim,aoi,unavailable,no_post_imagery,,102.9797,,,,,,,,,,no-sits,False,100.0,,-16.0,True,BOTH,6.0,0.0,2925.3894,20.1574,925.2248,10446.406497647093,102.9797,S1,no_optical_s1,fs1-3016a20fd3ad
E047::karimganj,E047,2017-0180-IND,2017-06-04,Assam,Karimganj,district,FAO/GAUL/2015/level2,matched,17585,157.0558,S1,interim_s1_only,s1_interim,aoi,unavailable,no_post_imagery,,157.0558,,,,,,,,,,no-sits,False,100.0,,-15.25,False,BOTH,3.0,0.0,1051.2523,8.5912,454.5248,1856.722473230466,157.0558,S1,no_optical_s1,fs1-3016a20fd3ad
E047::kokrajhar,E047,2017-0180-IND,2017-06-04,Assam,Kokrajhar,district,FAO/GAUL/2015/level2,matched,70090,7.5035,S1,interim_s1_only,s1_interim,aoi,unavailable,no_post_imagery,,7.5035,,,,,,,,,,no-sits,False,100.0,,-16.0,True,ASCENDING,3.0,0.0,3061.7037,20.8028,1277.9815,3329.2233881813268,7.5035,S1,no_optical_s1,fs1-3016a20fd3ad
E047::lakhimpur,E047,2017-0180-IND,2017-06-04,Assam,Lakhimpur,district,FAO/GAUL/2015/level2,matched,70091,136.1377,S1,interim_s1_only,s1_interim,aoi,unavailable,no_post_imagery,,136.1377,,,,,,,,,,no-sits,False,100.0,,-15.25,False,BOTH,4.0,0.0,2563.3875,26.0117,1480.1181,2886.5239581816727,136.1377,S1,no_optical_s1,fs1-3016a20fd3ad
E047::majuli,E047,2017-0180-IND,2017-06-04,Assam,Majuli,district,geoBoundaries/gbOpen/IND/ADM2/2021@8bef6929fd65432e7dc775e7c44473e84efff064ebddbfd6b834e6291546db40,matched,76128533B15157901669242,39.7602,S1,interim_s1_only,s1_interim,aoi,unavailable,no_post_imagery,,39.7602,,,,,,,,,,no-sits,False,100.0,,-17.25,False,BOTH,4.0,0.0,895.4552,4.9644,388.9801,1250.5943287676694,39.7602,S1,no_optical_s1,fs1-3016a20fd3ad
E047::morigaon,E047,2017-0180-IND,2017-06-04,Assam,Morigaon,district,geoBoundaries/gbOpen/IND/ADM2/2021@8bef6929fd65432e7dc775e7c44473e84efff064ebddbfd6b834e6291546db40,matched,76128533B17968019348564,119.622,S1,interim_s1_only,s1_interim,aoi,unavailable,no_post_imagery,,119.622,,,,,,,,,,no-sits,False,100.0,,-16.75,False,BOTH,3.0,0.0,1311.7575,29.7776,855.9907,1508.3262903435707,119.622,S1,no_optical_s1,fs1-3016a20fd3ad
E047::nagaon,E047,2017-0180-IND,2017-06-04,Assam,Nagaon,district,FAO/GAUL/2015/level2,matched,17589,340.9535,S1,interim_s1_only,s1_interim,aoi,unavailable,no_post_imagery,,340.9535,,,,,,,,,,no-sits,False,100.0,,-13.25,False,BOTH,5.0,0.0,3099.3518,85.1365,1748.5294,3997.4423095607103,340.9535,S1,no_optical_s1,fs1-3016a20fd3ad
E047::nalbari,E047,2017-0180-IND,2017-06-04,Assam,Nalbari,district,FAO/GAUL/2015/level2,matched,17590,46.8665,S1,interim_s1_only,s1_interim,aoi,unavailable,no_post_imagery,,46.8665,,,,,,,,,,no-sits,False,100.0,,-16.25,False,BOTH,4.0,0.0,2097.5834,38.1238,1132.0605,2339.8796955273547,46.8665,S1,no_optical_s1,fs1-3016a20fd3ad
E047::sivasagar,E047,2017-0180-IND,2017-06-04,Assam,Sivasagar,district,geoBoundaries/gbOpen/IND/ADM2/2021@8bef6929fd65432e7dc775e7c44473e84efff064ebddbfd6b834e6291546db40,matched,76128533B21722277889516,43.9966,S1,interim_s1_only,s1_interim,aoi,unavailable,no_post_imagery,,43.9966,,,,,,,,,,no-sits,False,100.0,,-16.0,True,BOTH,2.0,0.0,1387.3046,33.7338,786.7767,1526.651765771626,43.9966,S1,no_optical_s1,fs1-3016a20fd3ad
E047::sonitpur,E047,2017-0180-IND,2017-06-04,Assam,Sonitpur,district,FAO/GAUL/2015/level2,matched,17593,191.7441,S1,interim_s1_only,s1_interim,aoi,unavailable,no_post_imagery,,191.7441,,,,,,,,,,no-sits,False,100.0,,-17.25,False,BOTH,6.0,0.0,4081.5881,70.4035,1950.1255,4676.158375740257,191.7441,S1,no_optical_s1,fs1-3016a20fd3ad
E047::south%20salmara,E047,2017-0180-IND,2017-06-04,Assam,South Salmara,district,geoBoundaries/gbOpen/IND/ADM2/2021@8bef6929fd65432e7dc775e7c44473e84efff064ebddbfd6b834e6291546db40,matched,76128533B20298037622173,11.8957,S1,interim_s1_only,s1_interim,aoi,unavailable,no_post_imagery,,11.8957,,,,,,,,,,no-sits,False,100.0,,-14.75,False,ASCENDING,1.0,0.0,473.1623,8.762,258.8428,719.1856651342704,11.8957,S1,no_optical_s1,fs1-3016a20fd3ad
E047::tinsukia,E047,2017-0180-IND,2017-06-04,Assam,Tinsukia,district,FAO/GAUL/2015/level2,matched,70093,32.4133,S1,interim_s1_only,s1_interim,aoi,unavailable,no_post_imagery,,32.4133,,,,,,,,,,no-sits,False,100.0,,-15.25,False,DESCENDING,2.0,0.0,3303.9786,35.8835,942.5054,3799.190193815676,32.4133,S1,no_optical_s1,fs1-3016a20fd3ad
E047::udalguri,E047,2017-0180-IND,2017-06-04,Assam,Udalguri,district,geoBoundaries/gbOpen/IND/ADM2/2021@8bef6929fd65432e7dc775e7c44473e84efff064ebddbfd6b834e6291546db40,matched,76128533B20307518801538,13.5198,S1,interim_s1_only,s1_interim,aoi,unavailable,no_post_imagery,,13.5198,,,,,,,,,,no-sits,False,100.0,,-16.0,True,BOTH,3.0,0.0,1902.4689,22.7021,962.0185,2056.2913712488385,13.5198,S1,no_optical_s1,fs1-3016a20fd3ad
E048::giridih,E048,2017-0180-IND,2017-06-04,Jharkhand,Giridih,district,FAO/GAUL/2015/level2,matched,70144,555.8084,S1,interim_s1_only,s1_interim,aoi,ok,ok,,555.8084,,1.5256,0.6688,2542.647,4310.2719,1329.7186,0.3255,168.031,0.258,otsu,True,0.1,,-13.25,False,BOTH,3.0,4.0,4084.5721,94.6741,1999.1034,5007.663691854737,1.5256,SITS_NDWI,sits_gate_failed,fs1-3016a20fd3ad
E049::bishnupur,E049,2017-0180-IND,2017-06-04,Manipur,Bishnupur,district,FAO/GAUL/2015/level2,matched,70188,33.4713,S1,interim_s1_only,s1_interim,aoi,unavailable,no_post_imagery,,33.4713,,,,,,,,,,no-sits,False,100.0,,-16.25,False,BOTH,2.0,0.0,368.5485,21.6016,221.473,481.84963420103696,33.4713,S1,no_optical_s1,fs1-3016a20fd3ad
E049::imphal%20east,E049,2017-0180-IND,2017-06-04,Manipur,Imphal East,district,geoBoundaries/gbOpen/IND/ADM2/2021@8bef6929fd65432e7dc775e7c44473e84efff064ebddbfd6b834e6291546db40,matched,76128533B30779259886340,90.6245,S1,interim_s1_only,s1_interim,aoi,unavailable,no_post_imagery,,90.6245,,,,,,,,,,no-sits,False,100.0,,-13.75,False,BOTH,2.0,0.0,234.2262,44.094,161.4477,378.5544316172313,90.6245,S1,no_optical_s1,fs1-3016a20fd3ad
E049::imphal%20west,E049,2017-0180-IND,2017-06-04,Manipur,Imphal West,district,geoBoundaries/gbOpen/IND/ADM2/2021@8bef6929fd65432e7dc775e7c44473e84efff064ebddbfd6b834e6291546db40,matched,76128533B99807650893733,107.2299,S1,interim_s1_only,s1_interim,aoi,unavailable,no_post_imagery,,107.2299,,,,,,,,,,no-sits,False,100.0,,-13.75,False,BOTH,2.0,0.0,405.1745,45.0784,255.3161,504.9363985910239,107.2299,S1,no_optical_s1,fs1-3016a20fd3ad
E049::thoubal,E049,2017-0180-IND,2017-06-04,Manipur,Thoubal,district,FAO/GAUL/2015/level2,matched,70194,141.2819,S1,interim_s1_only,s1_interim,aoi,unavailable,no_post_imagery,,141.2819,,,,,,,,,,no-sits,False,100.0,,-13.75,False,BOTH,2.0,0.0,499.928,42.733,362.6687,715.5847965133187,141.2819,S1,no_optical_s1,fs1-3016a20fd3ad
E050::phek,E050,2017-0180-IND,2017-06-04,Nagaland,Phek,district,FAO/GAUL/2015/level2,matched,17804,0.3775,S1,interim_s1_only,s1_interim,aoi,unavailable,no_post_imagery,,0.3775,,,,,,,,,,no-sits,False,100.0,,-16.0,True,BOTH,3.0,0.0,24.7527,0.8852,4.4621,1906.4287635382316,0.3775,S1,no_optical_s1,fs1-3016a20fd3ad
E051::barpeta,E051,2017-0289-IND,2017-06-25,Assam,Barpeta,district,FAO/GAUL/2015/level2,matched,17576,336.5586,S1,interim_s1_only,s1_interim,aoi,unavailable,no_post_imagery,,336.5586,,,,,,,,,,no-sits,False,100.0,,-15.25,False,BOTH,4.0,0.0,2781.8165,53.1895,1401.2032,3253.622989828742,336.5586,S1,no_optical_s1,fs1-3016a20fd3ad
E051::bongaigaon,E051,2017-0289-IND,2017-06-25,Assam,Bongaigaon,district,FAO/GAUL/2015/level2,matched,70086,120.5061,S1,interim_s1_only,s1_interim,aoi,unavailable,no_post_imagery,,120.5061,,,,,,,,,,no-sits,False,100.0,,-15.25,False,ASCENDING,3.0,0.0,1849.5033,30.7452,701.4281,2332.582799042809,120.5061,S1,no_optical_s1,fs1-3016a20fd3ad
E051::cachar,E051,2017-0289-IND,2017-06-25,Assam,Cachar,district,FAO/GAUL/2015/level2,matched,17577,224.3138,S1,interim_s1_only,s1_interim,aoi,unavailable,no_post_imagery,,224.3138,,,,,,,,,,no-sits,False,100.0,,-15.75,False,BOTH,4.0,0.0,1742.352,28.6315,777.3899,3806.329961738336,224.3138,S1,no_optical_s1,fs1-3016a20fd3ad
E051::charaideo,E051,2017-0289-IND,2017-06-25,Assam,Charaideo,district,geoBoundaries/gbOpen/IND/ADM2/2021@8bef6929fd65432e7dc775e7c44473e84efff064ebddbfd6b834e6291546db40,matched,76128533B89228414823983,89.5575,S1,interim_s1_only,s1_interim,aoi,unavailable,no_post_imagery,,89.5575,,,,,,,,,,no-sits,False,100.0,,-16.0,True,ASCENDING,4.0,0.0,956.9246,11.1538,434.3126,1051.5010239181354,89.5575,S1,no_optical_s1,fs1-3016a20fd3ad
E051::chirang,E051,2017-0289-IND,2017-06-25,Assam,Chirang,district,geoBoundaries/gbOpen/IND/ADM2/2021@8bef6929fd65432e7dc775e7c44473e84efff064ebddbfd6b834e6291546db40,matched,76128533B56012535339305,24.5364,S1,interim_s1_only,s1_interim,aoi,unavailable,no_post_imagery,,24.5364,,,,,,,,,,no-sits,False,100.0,,-16.0,True,ASCENDING,3.0,0.0,1479.252,14.0007,493.708,1586.6528982343073,24.5364,S1,no_optical_s1,fs1-3016a20fd3ad
E051::darrang,E051,2017-0289-IND,2017-06-25,Assam,Darrang,district,FAO/GAUL/2015/level2,matched,17578,307.6231,S1,interim_s1_only,s1_interim,aoi,unavailable,no_post_imagery,,307.6231,,,,,,,,,,no-sits,False,100.0,,-15.25,False,BOTH,3.0,0.0,3074.5271,59.1961,1652.486,3426.9679336953163,307.6231,S1,no_optical_s1,fs1-3016a20fd3ad
E051::dhemaji,E051,2017-0289-IND,2017-06-25,Assam,Dhemaji,district,FAO/GAUL/2015/level2,matched,70087,304.6952,S1,interim_s1_only,s1_interim,aoi,unavailable,no_post_imagery,,304.6952,,,,,,,,,,no-sits,False,100.0,,-15.25,False,ASCENDING,5.0,0.0,2240.4877,21.9993,1222.1808,2503.3476339074205,304.6952,S1,no_optical_s1,fs1-3016a20fd3ad
E051::dhubri,E051,2017-0289-IND,2017-06-25,Assam,Dhubri,district,geoBoundaries/gbOpen/IND/ADM2/2021@8bef6929fd65432e7dc775e7c44473e84efff064ebddbfd6b834e6291546db40,matched,76128533B25835998628545,266.0777,S1,interim_s1_only,s1_interim,aoi,unavailable,no_post_imagery,,266.0777,,,,,,,,,,no-sits,False,100.0,,-14.25,False,ASCENDING,1.0,0.0,1545.8668,29.1865,884.5081,1790.2800774622651,266.0777,S1,no_optical_s1,fs1-3016a20fd3ad
E051::dibrugarh,E051,2017-0289-IND,2017-06-25,Assam,Dibrugarh,district,FAO/GAUL/2015/level2,matched,17580,350.8131,S1,interim_s1_only,s1_interim,aoi,unavailable,no_post_imagery,,350.8131,,,,,,,,,,no-sits,False,100.0,,-16.75,False,ASCENDING,6.0,0.0,2887.5515,56.4443,1158.2783,3397.4818067287138,350.8131,S1,no_optical_s1,fs1-3016a20fd3ad
E051::goalpara,E051,2017-0289-IND,2017-06-25,Assam,Goalpara,district,FAO/GAUL/2015/level2,matched,17581,145.7996,S1,interim_s1_only,s1_interim,aoi,unavailable,no_post_imagery,,145.7996,,,,,,,,,,no-sits,False,100.0,,-15.25,False,ASCENDING,2.0,0.0,1408.4225,27.3769,712.6012,1904.60564716237,145.7996,S1,no_optical_s1,fs1-3016a20fd3ad
E051::golaghat,E051,2017-0289-IND,2017-06-25,Assam,Golaghat,district,FAO/GAUL/2015/level2,matched,17582,379.1439,S1,interim_s1_only,s1_interim,aoi,unavailable,no_post_imagery,,379.1439,,,,,,,,,,no-sits,False,100.0,,-15.75,False,BOTH,4.0,0.0,3111.5422,41.889,1494.8322,3532.2679838886856,379.1439,S1,no_optical_s1,fs1-3016a20fd3ad
E051::jorhat,E051,2017-0289-IND,2017-06-25,Assam,Jorhat,district,FAO/GAUL/2015/level2,matched,70089,247.0631,S1,interim_s1_only,s1_interim,aoi,unavailable,no_post_imagery,,247.0631,,,,,,,,,,no-sits,False,100.0,,-16.25,False,ASCENDING,3.0,0.0,2306.1826,46.9407,1139.7231,2842.716884638612,247.0631,S1,no_optical_s1,fs1-3016a20fd3ad
E051::karbi%20anglong,E051,2017-0289-IND,2017-06-25,Assam,Karbi Anglong,district,FAO/GAUL/2015/level2,matched,17584,216.0979,S1,interim_s1_only,s1_interim,aoi,unavailable,no_post_imagery,,216.0979,,,,,,,,,,no-sits,False,100.0,,-16.0,True,BOTH,6.0,0.0,2925.3894,20.1574,925.2248,10446.406497647093,216.0979,S1,no_optical_s1,fs1-3016a20fd3ad
E051::karimganj,E051,2017-0289-IND,2017-06-25,Assam,Karimganj,district,FAO/GAUL/2015/level2,matched,17585,62.407,S1,interim_s1_only,s1_interim,aoi,unavailable,no_post_imagery,,62.407,,,,,,,,,,no-sits,False,100.0,,-15.25,False,BOTH,2.0,0.0,1051.2523,8.5912,454.5248,1856.722473230466,62.407,S1,no_optical_s1,fs1-3016a20fd3ad
E051::kokrajhar,E051,2017-0289-IND,2017-06-25,Assam,Kokrajhar,district,FAO/GAUL/2015/level2,matched,70090,71.3019,S1,interim_s1_only,s1_interim,aoi,unavailable,no_post_imagery,,71.3019,,,,,,,,,,no-sits,False,100.0,,-16.0,True,ASCENDING,3.0,0.0,3061.7037,20.8028,1277.9815,3329.2233881813268,71.3019,S1,no_optical_s1,fs1-3016a20fd3ad
E051::lakhimpur,E051,2017-0289-IND,2017-06-25,Assam,Lakhimpur,district,FAO/GAUL/2015/level2,matched,70091,404.1734,S1,interim_s1_only,s1_interim,aoi,unavailable,no_post_imagery,,404.1734,,,,,,,,,,no-sits,False,100.0,,-15.25,False,BOTH,6.0,0.0,2563.3875,26.0117,1480.1181,2886.5239581816727,404.1734,S1,no_optical_s1,fs1-3016a20fd3ad
E051::majuli,E051,2017-0289-IND,2017-06-25,Assam,Majuli,district,geoBoundaries/gbOpen/IND/ADM2/2021@8bef6929fd65432e7dc775e7c44473e84efff064ebddbfd6b834e6291546db40,matched,76128533B15157901669242,123.4291,S1,interim_s1_only,s1_interim,aoi,unavailable,no_post_imagery,,123.4291,,,,,,,,,,no-sits,False,100.0,,-17.25,False,BOTH,5.0,0.0,895.4552,4.9644,388.9801,1250.5943287677335,123.4291,S1,no_optical_s1,fs1-3016a20fd3ad
E051::morigaon,E051,2017-0289-IND,2017-06-25,Assam,Morigaon,district,geoBoundaries/gbOpen/IND/ADM2/2021@8bef6929fd65432e7dc775e7c44473e84efff064ebddbfd6b834e6291546db40,matched,76128533B17968019348564,165.1379,S1,interim_s1_only,s1_interim,aoi,unavailable,no_post_imagery,,165.1379,,,,,,,,,,no-sits,False,100.0,,-15.75,False,BOTH,2.0,0.0,1311.7575,29.7776,855.9907,1508.3262903435707,165.1379,S1,no_optical_s1,fs1-3016a20fd3ad
E051::nagaon,E051,2017-0289-IND,2017-06-25,Assam,Nagaon,district,FAO/GAUL/2015/level2,matched,17589,640.3307,S1,interim_s1_only,s1_interim,aoi,unavailable,no_post_imagery,,640.3307,,,,,,,,,,no-sits,False,100.0,,-14.25,False,BOTH,4.0,0.0,3099.3518,85.1365,1748.5294,3997.4423095607103,640.3307,S1,no_optical_s1,fs1-3016a20fd3ad
E051::nalbari,E051,2017-0289-IND,2017-06-25,Assam,Nalbari,district,FAO/GAUL/2015/level2,matched,17590,255.5906,S1,interim_s1_only,s1_interim,aoi,unavailable,no_post_imagery,,255.5906,,,,,,,,,,no-sits,False,100.0,,-14.25,False,BOTH,3.0,0.0,2097.5834,38.1238,1132.0605,2339.8796955273547,255.5906,S1,no_optical_s1,fs1-3016a20fd3ad
E051::sivasagar,E051,2017-0289-IND,2017-06-25,Assam,Sivasagar,district,geoBoundaries/gbOpen/IND/ADM2/2021@8bef6929fd65432e7dc775e7c44473e84efff064ebddbfd6b834e6291546db40,matched,76128533B21722277889516,346.4162,S1,interim_s1_only,s1_interim,aoi,unavailable,no_post_imagery,,346.4162,,,,,,,,,,no-sits,False,100.0,,-14.25,False,ASCENDING,4.0,0.0,1387.3046,33.7338,786.7767,1526.6517657716288,346.4162,S1,no_optical_s1,fs1-3016a20fd3ad
E051::sonitpur,E051,2017-0289-IND,2017-06-25,Assam,Sonitpur,district,FAO/GAUL/2015/level2,matched,17593,576.1205,S1,interim_s1_only,s1_interim,aoi,unavailable,no_post_imagery,,576.1205,,,,,,,,,,no-sits,False,100.0,,-16.75,False,BOTH,6.0,0.0,4081.5881,70.4035,1950.1255,4676.158375740257,576.1205,S1,no_optical_s1,fs1-3016a20fd3ad
E051::south%20salmara,E051,2017-0289-IND,2017-06-25,Assam,South Salmara,district,geoBoundaries/gbOpen/IND/ADM2/2021@8bef6929fd65432e7dc775e7c44473e84efff064ebddbfd6b834e6291546db40,matched,76128533B20298037622173,75.6329,S1,interim_s1_only,s1_interim,aoi,unavailable,no_post_imagery,,75.6329,,,,,,,,,,no-sits,False,100.0,,-14.75,False,ASCENDING,1.0,0.0,473.1623,8.762,258.8428,719.1856651342704,75.6329,S1,no_optical_s1,fs1-3016a20fd3ad
E052::bishnupur,E052,2017-0290-IND,2017-07-01,Manipur,Bishnupur,district,FAO/GAUL/2015/level2,matched,70188,49.7023,S1,interim_s1_only,s1_interim,aoi,unavailable,no_post_imagery,,49.7023,,,,,,,,,,no-sits,False,100.0,,-16.25,False,BOTH,2.0,0.0,368.5485,21.6016,221.473,481.84963420103696,49.7023,S1,no_optical_s1,fs1-3016a20fd3ad
E052::imphal%20east,E052,2017-0290-IND,2017-07-01,Manipur,Imphal East,district,geoBoundaries/gbOpen/IND/ADM2/2021@8bef6929fd65432e7dc775e7c44473e84efff064ebddbfd6b834e6291546db40,matched,76128533B30779259886340,39.7357,S1,interim_s1_only,s1_interim,aoi,unavailable,no_post_imagery,,39.7357,,,,,,,,,,no-sits,False,100.0,,-14.25,False,BOTH,2.0,0.0,234.2262,44.094,161.4477,378.5544316172313,39.7357,S1,no_optical_s1,fs1-3016a20fd3ad
E052::imphal%20west,E052,2017-0290-IND,2017-07-01,Manipur,Imphal West,district,geoBoundaries/gbOpen/IND/ADM2/2021@8bef6929fd65432e7dc775e7c44473e84efff064ebddbfd6b834e6291546db40,matched,76128533B99807650893733,83.9578,S1,interim_s1_only,s1_interim,aoi,unavailable,no_post_imagery,,83.9578,,,,,,,,,,no-sits,False,100.0,,-13.75,False,BOTH,2.0,0.0,405.1745,45.0784,255.3161,504.9363985854122,83.9578,S1,no_optical_s1,fs1-3016a20fd3ad
E052::thoubal,E052,2017-0290-IND,2017-07-01,Manipur,Thoubal,district,FAO/GAUL/2015/level2,matched,70194,120.7044,S1,interim_s1_only,s1_interim,aoi,unavailable,no_post_imagery,,120.7044,,,,,,,,,,no-sits,False,100.0,,-14.25,False,BOTH,2.0,0.0,499.928,42.733,362.6687,715.5847965133187,120.7044,S1,no_optical_s1,fs1-3016a20fd3ad
E053::araria,E053,2017-0342-IND,2017-08-11,Bihar,Araria,district,FAO/GAUL/2015/level2,matched,70094,874.4115,S1,interim_s1_only,s1_interim,aoi,unavailable,no_post_imagery,,874.4115,,,,,,,,,,no-sits,False,100.0,,-15.25,False,BOTH,9.0,0.0,2783.8584,111.3615,2041.9874,2825.348194194397,874.4115,S1,no_optical_s1,fs1-3016a20fd3ad
E053::darbhanga,E053,2017-0342-IND,2017-08-11,Bihar,Darbhanga,district,FAO/GAUL/2015/level2,matched,17598,777.0853,S1,interim_s1_only,s1_interim,aoi,unavailable,no_post_imagery,,777.0853,,,,,,,,,,no-sits,False,100.0,,-16.25,False,BOTH,4.0,0.0,2116.2992,123.9895,1491.5896,2293.727225126986,777.0853,S1,no_optical_s1,fs1-3016a20fd3ad
E053::east%20champaran,E053,2017-0342-IND,2017-08-11,Bihar,East Champaran,district,geoBoundaries/gbOpen/IND/ADM2/2021@8bef6929fd65432e7dc775e7c44473e84efff064ebddbfd6b834e6291546db40,matched,76128533B49017555803526,1166.022,S1,interim_s1_only,s1_interim,aoi,unavailable,no_post_imagery,,1166.022,,,,,,,,,,no-sits,False,100.0,,-16.25,False,BOTH,7.0,0.0,4047.632,223.9597,2855.6906,4209.432168721379,1166.022,S1,no_optical_s1,fs1-3016a20fd3ad
E053::gopalganj,E053,2017-0342-IND,2017-08-11,Bihar,Gopalganj,district,FAO/GAUL/2015/level2,matched,17604,180.9143,S1,interim_s1_only,s1_interim,aoi,unavailable,no_post_imagery,,180.9143,,,,,,,,,,no-sits,False,100.0,,-15.25,False,BOTH,3.0,0.0,2001.4418,119.6197,1420.8562,2044.660708589624,180.9143,S1,no_optical_s1,fs1-3016a20fd3ad
E053::katihar,E053,2017-0342-IND,2017-08-11,Bihar,Katihar,district,FAO/GAUL/2015/level2,matched,17608,1091.9621,S1,interim_s1_only,s1_interim,aoi,unavailable,no_post_imagery,,1091.9621,,,,,,,,,,no-sits,False,100.0,,-16.25,False,BOTH,6.0,0.0,2843.7093,132.403,2077.447,3068.3721590224136,1091.9621,S1,no_optical_s1,fs1-3016a20fd3ad
E053::khagaria,E053,2017-0342-IND,2017-08-11,Bihar,Khagaria,district,FAO/GAUL/2015/level2,matched,17609,349.771,S1,interim_s1_only,s1_interim,aoi,unavailable,no_post_imagery,,349.771,,,,,,,,,,no-sits,False,100.0,,-16.25,False,BOTH,4.0,0.0,1407.6251,55.9292,1110.7351,1494.410012910706,349.771,S1,no_optical_s1,fs1-3016a20fd3ad
E053::kishanganj,E053,2017-0342-IND,2017-08-11,Bihar,Kishanganj,district,FAO/GAUL/2015/level2,matched,70100,176.9096,S1,interim_s1_only,s1_interim,aoi,unavailable,no_post_imagery,,176.9096,,,,,,,,,,no-sits,False,100.0,,-14.75,False,BOTH,4.0,0.0,1852.9673,64.5698,1314.1185,1932.7539351616576,176.9096,S1,no_optical_s1,fs1-3016a20fd3ad
E053::madhepura,E053,2017-0342-IND,2017-08-11,Bihar,Madhepura,district,FAO/GAUL/2015/level2,matched,17612,424.1729,S1,interim_s1_only,s1_interim,aoi,unavailable,no_post_imagery,,424.1729,,,,,,,,,,no-sits,False,100.0,,-16.25,False,BOTH,6.0,0.0,1815.6229,74.764,1333.9732,1841.8576584601997,424.1729,S1,no_optical_s1,fs1-3016a20fd3ad
E053::madhubani,E053,2017-0342-IND,2017-08-11,Bihar,Madhubani,district,FAO/GAUL/2015/level2,matched,17611,586.2801,S1,interim_s1_only,s1_interim,aoi,unavailable,no_post_imagery,,586.2801,,,,,,,,,,no-sits,False,100.0,,-14.75,False,BOTH,8.0,0.0,3212.7477,159.6917,2236.3901,3457.42262983169,586.2801,S1,no_optical_s1,fs1-3016a20fd3ad
E053::muzaffarpur,E053,2017-0342-IND,2017-08-11,Bihar,Muzaffarpur,district,FAO/GAUL/2015/level2,matched,17613,510.9322,S1,interim_s1_only,s1_interim,aoi,unavailable,no_post_imagery,,510.9322,,,,,,,,,,no-sits,False,100.0,,-15.75,False,BOTH,7.0,0.0,3129.3395,204.9248,2037.5739,3192.441978127565,510.9322,S1,no_optical_s1,fs1-3016a20fd3ad
E053::nalanda,E053,2017-0342-IND,2017-08-11,Bihar,Nalanda,district,FAO/GAUL/2015/level2,matched,17615,465.3776,S1,interim_s1_only,s1_interim,aoi,unavailable,no_post_imagery,,465.3776,,,,,,,,,,no-sits,False,100.0,,-13.75,False,BOTH,7.0,0.0,2272.3748,95.7472,1902.8356,2341.900504872643,465.3776,S1,no_optical_s1,fs1-3016a20fd3ad
E053::patna,E053,2017-0342-IND,2017-08-11,Bihar,Patna,district,FAO/GAUL/2015/level2,matched,17619,423.1872,S1,interim_s1_only,s1_interim,aoi,unavailable,no_post_imagery,,423.1872,,,,,,,,,,no-sits,False,100.0,,-15.75,False,BOTH,6.0,0.0,3048.1971,259.3782,2271.0036,3211.7699895027954,423.1872,S1,no_optical_s1,fs1-3016a20fd3ad
E053::purnea,E053,2017-0342-IND,2017-08-11,Bihar,Purnea,district,geoBoundaries/gbOpen/IND/ADM2/2021@8bef6929fd65432e7dc775e7c44473e84efff064ebddbfd6b834e6291546db40,matched,76128533B32499449492865,979.8721,S1,interim_s1_only,s1_interim,aoi,unavailable,no_post_imagery,,979.8721,,,,,,,,,,no-sits,False,100.0,,-15.75,False,BOTH,6.0,0.0,3133.9604,159.4553,2289.4919,3170.464435145496,979.8721,S1,no_optical_s1,fs1-3016a20fd3ad
E053::saharsa,E053,2017-0342-IND,2017-08-11,Bihar,Saharsa,district,FAO/GAUL/2015/level2,matched,17624,412.7616,S1,interim_s1_only,s1_interim,aoi,unavailable,no_post_imagery,,412.7616,,,,,,,,,,no-sits,False,100.0,,-16.25,False,BOTH,4.0,0.0,1597.4024,73.4795,1156.81,1692.2702412487936,412.7616,S1,no_optical_s1,fs1-3016a20fd3ad
E053::samastipur,E053,2017-0342-IND,2017-08-11,Bihar,Samastipur,district,FAO/GAUL/2015/level2,matched,17626,334.6415,S1,interim_s1_only,s1_interim,aoi,unavailable,no_post_imagery,,334.6415,,,,,,,,,,no-sits,False,100.0,,-15.75,False,BOTH,3.0,0.0,2732.2727,163.9409,1804.9512,2911.492917812177,334.6415,S1,no_optical_s1,fs1-3016a20fd3ad
E053::saran,E053,2017-0342-IND,2017-08-11,Bihar,Saran,district,FAO/GAUL/2015/level2,matched,17628,261.5523,S1,interim_s1_only,s1_interim,aoi,unavailable,no_post_imagery,,261.5523,,,,,,,,,,no-sits,False,100.0,,-15.75,False,BOTH,8.0,0.0,2555.315,176.7369,1803.5769,2650.3366911206285,261.5523,S1,no_optical_s1,fs1-3016a20fd3ad
E053::sheohar,E053,2017-0342-IND,2017-08-11,Bihar,Sheohar,district,FAO/GAUL/2015/level2,matched,70103,124.7081,S1,interim_s1_only,s1_interim,aoi,unavailable,no_post_imagery,,124.7081,,,,,,,,,,no-sits,False,100.0,,-15.75,False,BOTH,6.0,0.0,566.1197,25.7266,391.2231,575.6280849211931,124.7081,S1,no_optical_s1,fs1-3016a20fd3ad
E053::sitamarhi,E053,2017-0342-IND,2017-08-11,Bihar,Sitamarhi,district,FAO/GAUL/2015/level2,matched,17630,554.8587,S1,interim_s1_only,s1_interim,aoi,unavailable,no_post_imagery,,554.8587,,,,,,,,,,no-sits,False,100.0,,-15.25,False,BOTH,6.0,0.0,2019.8231,104.0527,1393.9537,2075.1609189491032,554.8587,S1,no_optical_s1,fs1-3016a20fd3ad
E053::siwan,E053,2017-0342-IND,2017-08-11,Bihar,Siwan,district,FAO/GAUL/2015/level2,matched,17631,91.439,S1,interim_s1_only,s1_interim,aoi,unavailable,no_post_imagery,,91.439,,,,,,,,,,no-sits,False,100.0,,-14.25,False,BOTH,4.0,0.0,2163.4697,140.3064,1598.0864,2229.6509970655925,91.439,S1,no_optical_s1,fs1-3016a20fd3ad
E053::supaul,E053,2017-0342-IND,2017-08-11,Bihar,Supaul,district,FAO/GAUL/2015/level2,matched,70104,428.5538,S1,interim_s1_only,s1_interim,aoi,unavailable,no_post_imagery,,428.5538,,,,,,,,,,no-sits,False,100.0,,-15.25,False,BOTH,9.0,0.0,2327.5369,73.558,1540.2276,2399.2927702222696,428.5538,S1,no_optical_s1,fs1-3016a20fd3ad
E053::west%20champaran,E053,2017-0342-IND,2017-08-11,Bihar,West Champaran,district,geoBoundaries/gbOpen/IND/ADM2/2021@8bef6929fd65432e7dc775e7c44473e84efff064ebddbfd6b834e6291546db40,matched,76128533B17762399278073,785.4134,S1,interim_s1_only,s1_interim,aoi,unavailable,no_post_imagery,,785.4134,,,,,,,,,,no-sits,False,100.0,,-15.25,False,BOTH,5.0,0.0,4613.9716,173.9217,3003.5522,5214.198372330435,785.4134,S1,no_optical_s1,fs1-3016a20fd3ad
E054::ambedkar%20nagar,E054,2017-0342-IND,2017-08-11,Uttar Pradesh,Ambedkar Nagar,district,FAO/GAUL/2015/level2,matched,70257,42.853,S1,interim_s1_only,s1_interim,aoi,unavailable,no_pre_imagery,,42.853,,,,,,,,,,no-sits,False,16.6,,-16.25,False,BOTH,5.0,1.0,2207.7781,95.2837,1651.5998,2328.994244483866,42.853,S1,no_optical_s1,fs1-3016a20fd3ad
E054::ayodhya,E054,2017-0342-IND,2017-08-11,Uttar Pradesh,Ayodhya,district,geoBoundaries/gbOpen/IND/ADM2/2021@8bef6929fd65432e7dc775e7c44473e84efff064ebddbfd6b834e6291546db40,matched,76128533B60320291189162,54.488,S1,interim_s1_only,s1_interim,aoi,unavailable,no_pre_imagery,,54.488,,,,,,,,,,no-sits,False,99.8,,-15.25,False,BOTH,3.0,1.0,2541.1827,122.905,1608.6144,2675.8001543878418,54.488,S1,no_optical_s1,fs1-3016a20fd3ad
E054::azamgarh,E054,2017-0342-IND,2017-08-11,Uttar Pradesh,Azamgarh,district,FAO/GAUL/2015/level2,matched,17892,312.1706,S1,interim_s1_only,s1_interim,aoi,unavailable,no_pre_imagery,,312.1706,,,,,,,,,,no-sits,False,81.3,,-15.25,False,BOTH,6.0,1.0,3838.1089,164.217,3030.7854,3904.0182560646062,312.1706,S1,no_optical_s1,fs1-3016a20fd3ad
E054::bahraich,E054,2017-0342-IND,2017-08-11,Uttar Pradesh,Bahraich,district,FAO/GAUL/2015/level2,matched,17893,391.3237,S1,interim_s1_only,s1_interim,aoi,unavailable,no_post_imagery,,391.3237,,,,,,,,,,no-sits,False,100.0,,-15.75,False,BOTH,6.0,0.0,3485.1487,94.3473,2195.9306,3705.0099637131552,391.3237,S1,no_optical_s1,fs1-3016a20fd3ad
E054::ballia,E054,2017-0342-IND,2017-08-11,Uttar Pradesh,Ballia,district,FAO/GAUL/2015/level2,matched,17894,108.2166,S1,interim_s1_only,s1_interim,aoi,unavailable,no_post_imagery,,108.2166,,,,,,,,,,no-sits,False,100.0,,-15.75,False,BOTH,5.0,0.0,2760.4153,133.4226,2158.8817,3013.8054759791835,108.2166,S1,no_optical_s1,fs1-3016a20fd3ad
E054::balrampur,E054,2017-0342-IND,2017-08-11,Uttar Pradesh,Balrampur,district,FAO/GAUL/2015/level2,matched,70261,439.6091,S1,interim_s1_only,s1_interim,aoi,unavailable,no_post_imagery,,439.6091,,,,,,,,,,no-sits,False,100.0,,-15.25,False,BOTH,5.0,0.0,3049.8684,76.4006,1970.5359,3379.881475532829,439.6091,S1,no_optical_s1,fs1-3016a20fd3ad
E054::barabanki,E054,2017-0342-IND,2017-08-11,Uttar Pradesh,Barabanki,district,FAO/GAUL/2015/level2,matched,17896,122.9597,S1,interim_s1_only,s1_interim,aoi,unavailable,no_post_imagery,,122.9597,,,,,,,,,,no-sits,False,100.0,,-15.25,False,BOTH,4.0,0.0,4261.6796,180.5234,2989.9903,4440.0005417469865,122.9597,S1,no_optical_s1,fs1-3016a20fd3ad
E054::basti,E054,2017-0342-IND,2017-08-11,Uttar Pradesh,Basti,district,FAO/GAUL/2015/level2,matched,17898,128.582,S1,interim_s1_only,s1_interim,aoi,unavailable,no_pre_imagery,,128.582,,,,,,,,,,no-sits,False,31.9,,-16.25,False,BOTH,3.0,1.0,2385.2448,106.1084,1794.2857,2522.0744554746907,128.582,S1,no_optical_s1,fs1-3016a20fd3ad
E054::bijnor,E054,2017-0342-IND,2017-08-11,Uttar Pradesh,Bijnor,district,FAO/GAUL/2015/level2,matched,17899,29.2963,S1,interim_s1_only,s1_interim,aoi,unavailable,no_post_imagery,,29.2963,,,,,,,,,,no-sits,False,100.0,,-16.0,True,BOTH,6.0,0.0,4207.6321,166.5791,2388.6495,4319.741895171613,29.2963,S1,no_optical_s1,fs1-3016a20fd3ad
E054::budaun,E054,2017-0342-IND,2017-08-11,Uttar Pradesh,Budaun,district,geoBoundaries/gbOpen/IND/ADM2/2021@8bef6929fd65432e7dc775e7c44473e84efff064ebddbfd6b834e6291546db40,matched,76128533B84679668760735,88.429,S1,interim_s1_only,s1_interim,aoi,unavailable,no_pre_imagery,,88.429,,,,,,,,,,no-sits,False,90.3,,-14.75,False,BOTH,5.0,1.0,4128.2792,135.7385,3559.8498,4242.298807636645,88.429,S1,no_optical_s1,fs1-3016a20fd3ad
E054::deoria,E054,2017-0342-IND,2017-08-11,Uttar Pradesh,Deoria,district,FAO/GAUL/2015/level2,matched,17904,77.5246,S1,interim_s1_only,s1_interim,aoi,unavailable,no_post_imagery,,77.5246,,,,,,,,,,no-sits,False,100.0,,-15.25,False,BOTH,3.0,0.0,2374.0823,131.916,1927.7898,2561.4288968732094,77.5246,S1,no_optical_s1,fs1-3016a20fd3ad
E054::farrukhabad,E054,2017-0342-IND,2017-08-11,Uttar Pradesh,Farrukhabad,district,FAO/GAUL/2015/level2,matched,17908,80.5899,S1,interim_s1_only,s1_interim,aoi,unavailable,no_post_imagery,,80.5899,,,,,,,,,,no-sits,False,100.0,,-15.75,False,BOTH,6.0,0.0,2144.1619,90.6783,1716.3071,2188.008861953001,80.5899,S1,no_optical_s1,fs1-3016a20fd3ad
E054::ghazipur,E054,2017-0342-IND,2017-08-11,Uttar Pradesh,Ghazipur,district,FAO/GAUL/2015/level2,matched,17912,53.8453,S1,interim_s1_only,s1_interim,aoi,unavailable,no_post_imagery,,53.8453,,,,,,,,,,no-sits,False,100.0,,-15.75,False,BOTH,5.0,0.0,3179.0692,156.8655,2601.7309,3392.663587484302,53.8453,S1,no_optical_s1,fs1-3016a20fd3ad
E054::gonda,E054,2017-0342-IND,2017-08-11,Uttar Pradesh,Gonda,district,FAO/GAUL/2015/level2,matched,17913,170.9715,S1,interim_s1_only,s1_interim,aoi,unavailable,no_pre_imagery,,170.9715,,,,,,,,,,no-sits,False,99.8,,-14.75,False,BOTH,6.0,1.0,3851.7976,154.9602,2720.6742,4014.846082655345,170.9715,S1,no_optical_s1,fs1-3016a20fd3ad
E054::gorakhpur,E054,2017-0342-IND,2017-08-11,Uttar Pradesh,Gorakhpur,district,FAO/GAUL/2015/level2,matched,17914,514.7975,S1,interim_s1_only,s1_interim,aoi,unavailable,no_pre_imagery,,514.7975,,,,,,,,,,no-sits,False,98.6,,-15.75,False,BOTH,3.0,1.0,2958.1684,220.2603,2262.7366,3072.188964505668,514.7975,S1,no_optical_s1,fs1-3016a20fd3ad
E054::kushinagar,E054,2017-0342-IND,2017-08-11,Uttar Pradesh,Kushinagar,district,FAO/GAUL/2015/level2,matched,70271,156.6199,S1,interim_s1_only,s1_interim,aoi,unavailable,no_post_imagery,,156.6199,,,,,,,,,,no-sits,False,100.0,,-14.25,False,BOTH,4.0,0.0,2844.4186,149.7609,2025.279,2893.16087554316,156.6199,S1,no_optical_s1,fs1-3016a20fd3ad
E054::lakhimpur%20kheri,E054,2017-0342-IND,2017-08-11,Uttar Pradesh,Lakhimpur Kheri,district,FAO/GAUL/2015/level2,matched,17921,193.3806,S1,interim_s1_only,s1_interim,aoi,unavailable,no_post_imagery,,193.3806,,,,,,,,,,no-sits,False,100.0,,-15.25,False,BOTH,6.0,0.0,7230.8731,186.4498,4775.211,7708.742992388735,193.3806,S1,no_optical_s1,fs1-3016a20fd3ad
E054::maharajganj,E054,2017-0342-IND,2017-08-11,Uttar Pradesh,Maharajganj,district,FAO/GAUL/2015/level2,matched,70272,612.0424,S1,interim_s1_only,s1_interim,aoi,unavailable,no_post_imagery,,612.0424,,,,,,,,,,no-sits,False,100.0,,-15.75,False,BOTH,5.0,0.0,3045.7182,111.0273,2195.7224,3197.0231063739748,612.0424,S1,no_optical_s1,fs1-3016a20fd3ad
E054::mau,E054,2017-0342-IND,2017-08-11,Uttar Pradesh,Mau,district,FAO/GAUL/2015/level2,matched,70274,61.1913,S1,interim_s1_only,s1_interim,aoi,unavailable,no_post_imagery,,61.1913,,,,,,,,,,no-sits,False,100.0,,-14.75,False,BOTH,5.0,0.0,1950.1749,112.689,1547.8662,2070.491760227604,61.1913,S1,no_optical_s1,fs1-3016a20fd3ad
E054::mirzapur,E054,2017-0342-IND,2017-08-11,Uttar Pradesh,Mirzapur,district,FAO/GAUL/2015/level2,matched,17927,82.7521,S1,interim_s1_only,s1_interim,aoi,unavailable,no_post_imagery,,82.7521,,,,,,,,,,no-sits,False,100.0,,-16.25,False,BOTH,4.0,0.0,3916.54,104.3795,2514.5933,4526.889753258701,82.7521,S1,no_optical_s1,fs1-3016a20fd3ad
E054::pilibhit,E054,2017-0342-IND,2017-08-11,Uttar Pradesh,Pilibhit,district,FAO/GAUL/2015/level2,matched,17931,200.171,S1,interim_s1_only,s1_interim,aoi,unavailable,no_post_imagery,,200.171,,,,,,,,,,no-sits,False,100.0,,-14.75,False,BOTH,6.0,0.0,3379.1475,80.6685,2168.8889,3594.1579683602813,200.171,S1,no_optical_s1,fs1-3016a20fd3ad
E054::sant%20kabir%20nagar,E054,2017-0342-IND,2017-08-11,Uttar Pradesh,Sant Kabir Nagar,district,FAO/GAUL/2015/level2,matched,70275,102.1404,S1,interim_s1_only,s1_interim,aoi,unavailable,no_pre_imagery,,102.1404,,,,,,,,,,no-sits,False,20.3,,-14.75,False,BOTH,3.0,1.0,1268.8107,62.8775,1002.3844,1329.179989070325,102.1404,S1,no_optical_s1,fs1-3016a20fd3ad
E054::shrawasti,E054,2017-0342-IND,2017-08-11,Uttar Pradesh,Shrawasti,district,geoBoundaries/gbOpen/IND/ADM2/2021@8bef6929fd65432e7dc775e7c44473e84efff064ebddbfd6b834e6291546db40,matched,76128533B34832354589031,182.4553,S1,interim_s1_only,s1_interim,aoi,unavailable,no_post_imagery,,182.4553,,,,,,,,,,no-sits,False,100.0,,-13.75,False,BOTH,5.0,0.0,1867.7991,49.6451,1240.5182,1950.0124338087928,182.4553,S1,no_optical_s1,fs1-3016a20fd3ad
E054::siddharthnagar,E054,2017-0342-IND,2017-08-11,Uttar Pradesh,Siddharthnagar,district,FAO/GAUL/2015/level2,matched,70278,851.2683,S1,interim_s1_only,s1_interim,aoi,unavailable,no_pre_imagery,,851.2683,,,,,,,,,,no-sits,False,78.1,,-15.75,False,BOTH,6.0,1.0,3290.957,110.3568,2735.2173,3492.6137371813147,851.2683,S1,no_optical_s1,fs1-3016a20fd3ad
E054::sitapur,E054,2017-0342-IND,2017-08-11,Uttar Pradesh,Sitapur,district,FAO/GAUL/2015/level2,matched,17938,106.1501,S1,interim_s1_only,s1_interim,aoi,unavailable,no_post_imagery,,106.1501,,,,,,,,,,no-sits,False,100.0,,-15.25,False,BOTH,10.0,0.0,5411.2124,174.1786,3918.02,5789.793396469067,106.1501,S1,no_optical_s1,fs1-3016a20fd3ad
E055::alipurduar,E055,2017-0342-IND,2017-08-11,West Bengal,Alipurduar,district,geoBoundaries/gbOpen/IND/ADM2/2021@8bef6929fd65432e7dc775e7c44473e84efff064ebddbfd6b834e6291546db40,matched,76128533B23858286755005,93.6276,S1,interim_s1_only,s1_interim,aoi,unavailable,no_post_imagery,,93.6276,,,,,,,,,,no-sits,False,100.0,,-16.0,True,BOTH,4.0,0.0,2397.164,27.572,669.4875,2805.571892812845,93.6276,S1,no_optical_s1,fs1-3016a20fd3ad
E055::bankura,E055,2017-0342-IND,2017-08-11,West Bengal,Bankura,district,FAO/GAUL/2015/level2,matched,17945,646.4194,S1,interim_s1_only,s1_interim,aoi,unavailable,no_post_imagery,,646.4194,,,,,,,,,,no-sits,False,100.0,,-13.25,False,BOTH,10.0,0.0,6480.2521,123.7509,3850.7846,6981.566770524623,646.4194,S1,no_optical_s1,fs1-3016a20fd3ad
E055::birbhum,E055,2017-0342-IND,2017-08-11,West Bengal,Birbhum,district,FAO/GAUL/2015/level2,matched,17947,468.961,S1,interim_s1_only,s1_interim,aoi,unavailable,no_post_imagery,,468.961,,,,,,,,,,no-sits,False,100.0,,-13.25,False,BOTH,6.0,0.0,4350.6007,150.8813,3302.4382,4566.040490140597,468.961,S1,no_optical_s1,fs1-3016a20fd3ad
E055::cooch%20behar,E055,2017-0342-IND,2017-08-11,West Bengal,Cooch Behar,district,geoBoundaries/gbOpen/IND/ADM2/2021@8bef6929fd65432e7dc775e7c44473e84efff064ebddbfd6b834e6291546db40,matched,76128533B64156747739715,657.4116,S1,interim_s1_only,s1_interim,aoi,unavailable,no_post_imagery,,657.4116,,,,,,,,,,no-sits,False,100.0,,-15.25,False,BOTH,5.0,0.0,3131.2864,35.6547,1811.0378,3288.1312386454174,657.4116,S1,no_optical_s1,fs1-3016a20fd3ad
E055::dakshin%20dinajpur,E055,2017-0342-IND,2017-08-11,West Bengal,Dakshin Dinajpur,district,FAO/GAUL/2015/level2,matched,70290,656.9639,S1,interim_s1_only,s1_interim,aoi,unavailable,no_post_imagery,,656.9639,,,,,,,,,,no-sits,False,100.0,,-16.75,False,BOTH,8.0,0.0,1989.8222,48.2388,1550.3264,2107.683120443892,656.9639,S1,no_optical_s1,fs1-3016a20fd3ad
E055::darjeeling,E055,2017-0342-IND,2017-08-11,West Bengal,Darjeeling,district,geoBoundaries/gbOpen/IND/ADM2/2021@8bef6929fd65432e7dc775e7c44473e84efff064ebddbfd6b834e6291546db40,matched,76128533B17109302371020,5.5738,S1,interim_s1_only,s1_interim,aoi,unavailable,no_post_imagery,,5.5738,,,,,,,,,,no-sits,False,100.0,,-16.0,True,BOTH,5.0,0.0,826.6807,47.8383,280.9187,2082.4452472301264,5.5738,S1,no_optical_s1,fs1-3016a20fd3ad
E055::east%20medinipur,E055,2017-0342-IND,2017-08-11,West Bengal,East Medinipur,district,geoBoundaries/gbOpen/IND/ADM2/2021@8bef6929fd65432e7dc775e7c44473e84efff064ebddbfd6b834e6291546db40,matched,76128533B25373378863054,550.3548,S1,interim_s1_only,s1_interim,aoi,unavailable,no_post_imagery,,550.3548,,,,,,,,,,no-sits,False,100.0,,-13.75,False,BOTH,5.0,0.0,3810.954,59.7046,1964.4832,4206.535570897585,550.3548,S1,no_optical_s1,fs1-3016a20fd3ad
E055::hooghly,E055,2017-0342-IND,2017-08-11,West Bengal,Hooghly,district,geoBoundaries/gbOpen/IND/ADM2/2021@8bef6929fd65432e7dc775e7c44473e84efff064ebddbfd6b834e6291546db40,matched,76128533B81857725777974,124.6133,S1,interim_s1_only,s1_interim,aoi,unavailable,no_post_imagery,,124.6133,,,,,,,,,,no-sits,False,100.0,,-16.0,True,BOTH,3.0,0.0,2927.0037,138.7557,1939.6779,3153.550053477295,124.6133,S1,no_optical_s1,fs1-3016a20fd3ad
E055::howrah,E055,2017-0342-IND,2017-08-11,West Bengal,Howrah,district,geoBoundaries/gbOpen/IND/ADM2/2021@8bef6929fd65432e7dc775e7c44473e84efff064ebddbfd6b834e6291546db40,matched,76128533B22077262393417,32.09,S1,interim_s1_only,s1_interim,aoi,unavailable,no_post_imagery,,32.09,,,,,,,,,,no-sits,False,100.0,,-16.0,True,BOTH,3.0,0.0,1320.4393,104.0466,534.4475,1451.5753227599494,32.09,S1,no_optical_s1,fs1-3016a20fd3ad
E055::jalpaiguri,E055,2017-0342-IND,2017-08-11,West Bengal,Jalpaiguri,district,FAO/GAUL/2015/level2,matched,17951,280.3438,S1,interim_s1_only,s1_interim,aoi,unavailable,no_post_imagery,,280.3438,,,,,,,,,,no-sits,False,100.0,,-16.0,True,BOTH,7.0,0.0,5492.7966,96.2215,1798.9271,6200.341009430311,280.3438,S1,no_optical_s1,fs1-3016a20fd3ad
E055::jhargram,E055,2017-0342-IND,2017-08-11,West Bengal,Jhargram,district,geoBoundaries/gbOpen/IND/ADM2/2021@8bef6929fd65432e7dc775e7c44473e84efff064ebddbfd6b834e6291546db40,matched,76128533B24861976740713,86.6302,S1,interim_s1_only,s1_interim,aoi,unavailable,no_post_imagery,,86.6302,,,,,,,,,,no-sits,False,100.0,,-16.0,True,BOTH,5.0,0.0,2836.6669,23.1119,1424.6576,3096.557448030717,86.6302,S1,no_optical_s1,fs1-3016a20fd3ad
E055::malda,E055,2017-0342-IND,2017-08-11,West Bengal,Malda,district,geoBoundaries/gbOpen/IND/ADM2/2021@8bef6929fd65432e7dc775e7c44473e84efff064ebddbfd6b834e6291546db40,matched,76128533B36734405131975,671.4852,S1,interim_s1_only,s1_interim,aoi,unavailable,no_post_imagery,,671.4852,,,,,,,,,,no-sits,False,100.0,,-15.75,False,BOTH,3.0,0.0,3262.3654,131.5388,1961.8246,3569.571917709693,671.4852,S1,no_optical_s1,fs1-3016a20fd3ad
E055::murshidabad,E055,2017-0342-IND,2017-08-11,West Bengal,Murshidabad,district,FAO/GAUL/2015/level2,matched,17955,485.2502,S1,interim_s1_only,s1_interim,aoi,unavailable,no_post_imagery,,485.2502,,,,,,,,,,no-sits,False,100.0,,-14.25,False,BOTH,3.0,0.0,5136.0442,220.9272,3525.5526,5473.753950605631,485.2502,S1,no_optical_s1,fs1-3016a20fd3ad
E055::nadia,E055,2017-0342-IND,2017-08-11,West Bengal,Nadia,district,FAO/GAUL/2015/level2,matched,17956,282.4446,S1,interim_s1_only,s1_interim,aoi,unavailable,no_post_imagery,,282.4446,,,,,,,,,,no-sits,False,100.0,,-13.25,False,BOTH,8.0,0.0,3646.9459,123.4896,2083.3365,3995.2318634205153,282.4446,S1,no_optical_s1,fs1-3016a20fd3ad
E055::north%2024%20parganas,E055,2017-0342-IND,2017-08-11,West Bengal,North 24 Parganas,district,FAO/GAUL/2015/level2,matched,70293,321.2649,S1,interim_s1_only,s1_interim,aoi,unavailable,no_post_imagery,,321.2649,,,,,,,,,,no-sits,False,100.0,,-15.25,False,BOTH,8.0,0.0,5030.4328,208.0668,1742.3532,6006.604976683008,321.2649,S1,no_optical_s1,fs1-3016a20fd3ad
E055::paschim%20bardhaman,E055,2017-0342-IND,2017-08-11,West Bengal,Paschim Bardhaman,district,geoBoundaries/gbOpen/IND/ADM2/2021@8bef6929fd65432e7dc775e7c44473e84efff064ebddbfd6b834e6291546db40,matched,76128533B60845263086042,30.0283,S1,interim_s1_only,s1_interim,aoi,unavailable,no_post_imagery,,30.0283,,,,,,,,,,no-sits,False,100.0,,-16.0,True,BOTH,5.0,0.0,1491.1966,173.9546,712.4338,1638.342752616779,30.0283,S1,no_optical_s1,fs1-3016a20fd3ad
E055::purba%20bardhaman,E055,2017-0342-IND,2017-08-11,West Bengal,Purba Bardhaman,district,geoBoundaries/gbOpen/IND/ADM2/2021@8bef6929fd65432e7dc775e7c44473e84efff064ebddbfd6b834e6291546db40,matched,76128533B59121537940607,286.2655,S1,interim_s1_only,s1_interim,aoi,unavailable,no_post_imagery,,286.2655,,,,,,,,,,no-sits,False,100.0,,-16.0,True,BOTH,5.0,0.0,5222.3159,160.3241,4069.2197,5396.808202076832,286.2655,S1,no_optical_s1,fs1-3016a20fd3ad
E055::purulia,E055,2017-0342-IND,2017-08-11,West Bengal,Purulia,district,geoBoundaries/gbOpen/IND/ADM2/2021@8bef6929fd65432e7dc775e7c44473e84efff064ebddbfd6b834e6291546db40,matched,76128533B16811573188243,111.2853,S1,interim_s1_only,s1_interim,aoi,unavailable,no_post_imagery,,111.2853,,,,,,,,,,no-sits,False,100.0,,-16.0,True,BOTH,8.0,0.0,5092.3092,88.0376,2991.1455,6255.530346174724,111.2853,S1,no_optical_s1,fs1-3016a20fd3ad
E055::south%2024%20parganas,E055,2017-0342-IND,2017-08-11,West Bengal,South 24 Parganas,district,FAO/GAUL/2015/level2,matched,70294,374.3912,S1,interim_s1_only,s1_interim,aoi,unavailable,no_post_imagery,,374.3912,,,,,,,,,,no-sits,False,100.0,,-14.25,False,BOTH,11.0,0.0,4761.6074,147.2069,2548.2554,5503.307786632012,374.3912,S1,no_optical_s1,fs1-3016a20fd3ad
E055::uttar%20dinajpur,E055,2017-0342-IND,2017-08-11,West Bengal,Uttar Dinajpur,district,FAO/GAUL/2015/level2,matched,70295,781.7607,S1,interim_s1_only,s1_interim,aoi,unavailable,no_post_imagery,,781.7607,,,,,,,,,,no-sits,False,100.0,,-15.75,False,BOTH,3.0,0.0,3168.8271,113.614,2226.6498,3356.268468886421,781.7607,S1,no_optical_s1,fs1-3016a20fd3ad
E055::west%20medinipur,E055,2017-0342-IND,2017-08-11,West Bengal,West Medinipur,district,geoBoundaries/gbOpen/IND/ADM2/2021@8bef6929fd65432e7dc775e7c44473e84efff064ebddbfd6b834e6291546db40,matched,76128533B88812350838807,1094.269,S1,interim_s1_only,s1_interim,aoi,unavailable,no_post_imagery,,1094.269,,,,,,,,,,no-sits,False,100.0,,-13.25,False,BOTH,4.0,0.0,6123.409,83.5966,3685.2655,6284.990303075887,1094.269,S1,no_optical_s1,fs1-3016a20fd3ad
E056::ambedkar%20nagar,E056,2017-0517-IND,2017-08-16,Uttar Pradesh,Ambedkar Nagar,district,FAO/GAUL/2015/level2,matched,70257,41.4171,S1,interim_s1_only,s1_interim,aoi,unavailable,no_pre_imagery,,41.4171,,,,,,,,,,no-sits,False,16.6,,-16.25,False,BOTH,6.0,1.0,2207.7781,95.2837,1651.5998,2328.994244483866,41.4171,S1,no_optical_s1,fs1-3016a20fd3ad
E056::azamgarh,E056,2017-0517-IND,2017-08-16,Uttar Pradesh,Azamgarh,district,FAO/GAUL/2015/level2,matched,17892,303.0613,S1,interim_s1_only,s1_interim,aoi,unavailable,no_pre_imagery,,303.0613,,,,,,,,,,no-sits,False,81.3,,-15.25,False,BOTH,8.0,1.0,3838.1089,164.217,3030.7854,3904.0182560646062,303.0613,S1,no_optical_s1,fs1-3016a20fd3ad
E056::bahraich,E056,2017-0517-IND,2017-08-16,Uttar Pradesh,Bahraich,district,FAO/GAUL/2015/level2,matched,17893,163.6839,S1,interim_s1_only,s1_interim,aoi,unavailable,no_post_imagery,,163.6839,,,,,,,,,,no-sits,False,100.0,,-15.75,False,BOTH,6.0,0.0,3485.1487,94.3473,2195.9306,3705.0099637131552,163.6839,S1,no_optical_s1,fs1-3016a20fd3ad
E056::ballia,E056,2017-0517-IND,2017-08-16,Uttar Pradesh,Ballia,district,FAO/GAUL/2015/level2,matched,17894,148.8988,S1,interim_s1_only,s1_interim,aoi,unavailable,no_post_imagery,,148.8988,,,,,,,,,,no-sits,False,100.0,,-15.75,False,BOTH,7.0,0.0,2760.4153,133.4226,2158.8817,3013.8054759791835,148.8988,S1,no_optical_s1,fs1-3016a20fd3ad
E056::balrampur,E056,2017-0517-IND,2017-08-16,Uttar Pradesh,Balrampur,district,FAO/GAUL/2015/level2,matched,70261,361.1045,S1,interim_s1_only,s1_interim,aoi,unavailable,no_post_imagery,,361.1045,,,,,,,,,,no-sits,False,100.0,,-15.25,False,BOTH,5.0,0.0,3049.8684,76.4006,1970.5359,3379.881475532829,361.1045,S1,no_optical_s1,fs1-3016a20fd3ad
E056::barabanki,E056,2017-0517-IND,2017-08-16,Uttar Pradesh,Barabanki,district,FAO/GAUL/2015/level2,matched,17896,129.4537,S1,interim_s1_only,s1_interim,aoi,unavailable,no_post_imagery,,129.4537,,,,,,,,,,no-sits,False,100.0,,-14.75,False,BOTH,4.0,0.0,4261.6796,180.5234,2989.9903,4440.0005417469865,129.4537,S1,no_optical_s1,fs1-3016a20fd3ad
E056::basti,E056,2017-0517-IND,2017-08-16,Uttar Pradesh,Basti,district,FAO/GAUL/2015/level2,matched,17898,129.9705,S1,interim_s1_only,s1_interim,aoi,unavailable,no_pre_imagery,,129.9705,,,,,,,,,,no-sits,False,31.9,,-16.25,False,BOTH,3.0,1.0,2385.2448,106.1084,1794.2857,2522.0744554746907,129.9705,S1,no_optical_s1,fs1-3016a20fd3ad
E056::bijnor,E056,2017-0517-IND,2017-08-16,Uttar Pradesh,Bijnor,district,FAO/GAUL/2015/level2,matched,17899,27.0075,S1,interim_s1_only,s1_interim,aoi,unavailable,no_post_imagery,,27.0075,,,,,,,,,,no-sits,False,100.0,,-16.0,True,BOTH,5.0,0.0,4207.6321,166.5791,2388.6495,4319.741895171613,27.0075,S1,no_optical_s1,fs1-3016a20fd3ad
E056::budaun,E056,2017-0517-IND,2017-08-16,Uttar Pradesh,Budaun,district,geoBoundaries/gbOpen/IND/ADM2/2021@8bef6929fd65432e7dc775e7c44473e84efff064ebddbfd6b834e6291546db40,matched,76128533B84679668760735,23.0997,S1,interim_s1_only,s1_interim,aoi,unavailable,no_post_imagery,,23.0997,,,,,,,,,,no-sits,False,100.0,,-16.0,True,BOTH,4.0,0.0,4128.2792,135.7385,3559.8498,4242.298807636645,23.0997,S1,no_optical_s1,fs1-3016a20fd3ad
E056::deoria,E056,2017-0517-IND,2017-08-16,Uttar Pradesh,Deoria,district,FAO/GAUL/2015/level2,matched,17904,160.0981,S1,interim_s1_only,s1_interim,aoi,unavailable,no_post_imagery,,160.0981,,,,,,,,,,no-sits,False,100.0,,-16.25,False,BOTH,4.0,0.0,2374.0823,131.916,1927.7898,2561.4288968732094,160.0981,S1,no_optical_s1,fs1-3016a20fd3ad
E056::faizabad,E056,2017-0517-IND,2017-08-16,Uttar Pradesh,Faizabad,district,FAO/GAUL/2015/level2,matched,17907,48.6407,S1,interim_s1_only,s1_interim,aoi,unavailable,no_pre_imagery,,48.6407,,,,,,,,,,no-sits,False,100.0,,-15.25,False,BOTH,3.0,1.0,1994.3485,99.7137,1269.3951,2103.2792931237323,48.6407,S1,no_optical_s1,fs1-3016a20fd3ad
E056::farrukhabad,E056,2017-0517-IND,2017-08-16,Uttar Pradesh,Farrukhabad,district,FAO/GAUL/2015/level2,matched,17908,21.0609,S1,interim_s1_only,s1_interim,aoi,unavailable,no_post_imagery,,21.0609,,,,,,,,,,no-sits,False,100.0,,-15.75,False,BOTH,4.0,0.0,2144.1619,90.6783,1716.3071,2188.008861953001,21.0609,S1,no_optical_s1,fs1-3016a20fd3ad
E056::ghazipur,E056,2017-0517-IND,2017-08-16,Uttar Pradesh,Ghazipur,district,FAO/GAUL/2015/level2,matched,17912,40.9049,S1,interim_s1_only,s1_interim,aoi,unavailable,no_post_imagery,,40.9049,,,,,,,,,,no-sits,False,100.0,,-15.25,False,BOTH,6.0,0.0,3179.0692,156.8655,2601.7309,3392.663587484302,40.9049,S1,no_optical_s1,fs1-3016a20fd3ad
E056::gonda,E056,2017-0517-IND,2017-08-16,Uttar Pradesh,Gonda,district,FAO/GAUL/2015/level2,matched,17913,167.5029,S1,interim_s1_only,s1_interim,aoi,unavailable,no_pre_imagery,,167.5029,,,,,,,,,,no-sits,False,99.8,,-14.75,False,BOTH,6.0,1.0,3851.7976,154.9602,2720.6742,4014.846082655345,167.5029,S1,no_optical_s1,fs1-3016a20fd3ad
E056::gorakhpur,E056,2017-0517-IND,2017-08-16,Uttar Pradesh,Gorakhpur,district,FAO/GAUL/2015/level2,matched,17914,640.4564,S1,interim_s1_only,s1_interim,aoi,unavailable,no_pre_imagery,,640.4564,,,,,,,,,,no-sits,False,98.6,,-16.25,False,BOTH,4.0,1.0,2958.1684,220.2603,2262.7366,3072.188964505668,640.4564,S1,no_optical_s1,fs1-3016a20fd3ad
E056::kushinagar,E056,2017-0517-IND,2017-08-16,Uttar Pradesh,Kushinagar,district,FAO/GAUL/2015/level2,matched,70271,147.8495,S1,interim_s1_only,s1_interim,aoi,unavailable,no_post_imagery,,147.8495,,,,,,,,,,no-sits,False,100.0,,-14.25,False,BOTH,5.0,0.0,2844.4186,149.7609,2025.279,2893.16087554316,147.8495,S1,no_optical_s1,fs1-3016a20fd3ad
E056::lakhimpur%20kheri,E056,2017-0517-IND,2017-08-16,Uttar Pradesh,Lakhimpur Kheri,district,FAO/GAUL/2015/level2,matched,17921,179.1026,S1,interim_s1_only,s1_interim,aoi,unavailable,no_post_imagery,,179.1026,,,,,,,,,,no-sits,False,100.0,,-14.25,False,BOTH,5.0,0.0,7230.8731,186.4498,4775.211,7708.742992388735,179.1026,S1,no_optical_s1,fs1-3016a20fd3ad
E056::maharajganj,E056,2017-0517-IND,2017-08-16,Uttar Pradesh,Maharajganj,district,FAO/GAUL/2015/level2,matched,70272,418.9751,S1,interim_s1_only,s1_interim,aoi,unavailable,no_post_imagery,,418.9751,,,,,,,,,,no-sits,False,100.0,,-16.25,False,BOTH,6.0,0.0,3045.7182,111.0273,2195.7224,3197.0231063739748,418.9751,S1,no_optical_s1,fs1-3016a20fd3ad
E056::mau,E056,2017-0517-IND,2017-08-16,Uttar Pradesh,Mau,district,FAO/GAUL/2015/level2,matched,70274,68.8046,S1,interim_s1_only,s1_interim,aoi,unavailable,no_post_imagery,,68.8046,,,,,,,,,,no-sits,False,100.0,,-15.25,False,BOTH,7.0,0.0,1950.1749,112.689,1547.8662,2070.491760227604,68.8046,S1,no_optical_s1,fs1-3016a20fd3ad
E056::mirzapur,E056,2017-0517-IND,2017-08-16,Uttar Pradesh,Mirzapur,district,FAO/GAUL/2015/level2,matched,17927,109.9635,S1,interim_s1_only,s1_interim,aoi,unavailable,no_post_imagery,,109.9635,,,,,,,,,,no-sits,False,100.0,,-15.75,False,BOTH,5.0,0.0,3916.54,104.3795,2514.5933,4526.889753258701,109.9635,S1,no_optical_s1,fs1-3016a20fd3ad
E056::muzaffarnagar,E056,2017-0517-IND,2017-08-16,Uttar Pradesh,Muzaffarnagar,district,FAO/GAUL/2015/level2,matched,17929,138.0618,S1,interim_s1_only,s1_interim,aoi,unavailable,no_post_imagery,,138.0618,,,,,,,,,,no-sits,False,100.0,,-16.0,True,BOTH,6.0,0.0,3930.0746,205.8494,2394.8091,4053.9910928534105,138.0618,S1,no_optical_s1,fs1-3016a20fd3ad
E056::pilibhit,E056,2017-0517-IND,2017-08-16,Uttar Pradesh,Pilibhit,district,FAO/GAUL/2015/level2,matched,17931,513.6609,S1,interim_s1_only,s1_interim,aoi,unavailable,no_post_imagery,,513.6609,,,,,,,,,,no-sits,False,100.0,,-13.25,False,BOTH,5.0,0.0,3379.1475,80.6685,2168.8889,3594.1579683602813,513.6609,S1,no_optical_s1,fs1-3016a20fd3ad
E056::sant%20kabir%20nagar,E056,2017-0517-IND,2017-08-16,Uttar Pradesh,Sant Kabir Nagar,district,FAO/GAUL/2015/level2,matched,70275,102.6663,S1,interim_s1_only,s1_interim,aoi,unavailable,no_pre_imagery,,102.6663,,,,,,,,,,no-sits,False,20.3,,-15.25,False,BOTH,4.0,1.0,1268.8107,62.8775,1002.3844,1329.179989070325,102.6663,S1,no_optical_s1,fs1-3016a20fd3ad
E056::shamli,E056,2017-0517-IND,2017-08-16,Uttar Pradesh,Shamli,district,geoBoundaries/gbOpen/IND/ADM2/2021@8bef6929fd65432e7dc775e7c44473e84efff064ebddbfd6b834e6291546db40,matched,76128533B35465481868600,93.4927,S1,interim_s1_only,s1_interim,aoi,unavailable,no_post_imagery,,93.4927,,,,,,,,,,no-sits,False,100.0,,-16.0,True,BOTH,5.0,0.0,1270.0296,69.3798,886.586,1337.6082125858356,93.4927,S1,no_optical_s1,fs1-3016a20fd3ad
E056::shravasti,E056,2017-0517-IND,2017-08-16,Uttar Pradesh,Shravasti,district,FAO/GAUL/2015/level2,matched,70277,84.7309,S1,interim_s1_only,s1_interim,aoi,unavailable,no_post_imagery,,84.7309,,,,,,,,,,no-sits,False,100.0,,-16.0,True,BOTH,6.0,0.0,3040.3863,105.6,2086.1354,3157.757775375263,84.7309,S1,no_optical_s1,fs1-3016a20fd3ad
E056::siddharth%20nagar,E056,2017-0517-IND,2017-08-16,Uttar Pradesh,Siddharth Nagar,district,FAO/GAUL/2015/level2,matched,70278,640.3185,S1,interim_s1_only,s1_interim,aoi,unavailable,no_pre_imagery,,640.3185,,,,,,,,,,no-sits,False,78.1,,-16.25,False,BOTH,7.0,1.0,3290.957,110.3568,2735.2173,3492.6137371813147,640.3185,S1,no_optical_s1,fs1-3016a20fd3ad
E056::sitapur,E056,2017-0517-IND,2017-08-16,Uttar Pradesh,Sitapur,district,FAO/GAUL/2015/level2,matched,17938,81.9896,S1,interim_s1_only,s1_interim,aoi,unavailable,no_post_imagery,,81.9896,,,,,,,,,,no-sits,False,100.0,,-14.75,False,BOTH,8.0,0.0,5411.2124,174.1786,3918.02,5789.793396469067,81.9896,S1,no_optical_s1,fs1-3016a20fd3ad
E057::mumbai%20city,E057,2017-0364-IND,2017-08-29,Maharashtra,Mumbai City,district,FAO/GAUL/2015/level2,matched,70184,0.213,S1,interim_s1_only,s1_interim,aoi,unavailable,no_post_imagery,,0.213,,,,,,,,,,no-sits,False,100.0,,-16.0,True,DESCENDING,2.0,0.0,58.1333,39.1202,1.5888,77.22400864672608,0.213,S1,no_optical_s1,fs1-3016a20fd3ad
E057::mumbai%20suburban,E057,2017-0364-IND,2017-08-29,Maharashtra,Mumbai Suburban,district,FAO/GAUL/2015/level2,matched,70183,1.934,S1,interim_s1_only,s1_interim,aoi,unavailable,no_post_imagery,,1.934,,,,,,,,,,no-sits,False,100.0,,-16.0,True,DESCENDING,2.0,0.0,269.1381,114.0809,14.9713,409.3994670782586,1.934,S1,no_optical_s1,fs1-3016a20fd3ad
E057::palghar,E057,2017-0364-IND,2017-08-29,Maharashtra,Palghar,district,geoBoundaries/gbOpen/IND/ADM2/2021@8bef6929fd65432e7dc775e7c44473e84efff064ebddbfd6b834e6291546db40,matched,76128533B37148244536449,28.4406,S1,interim_s1_only,s1_interim,aoi,unavailable,no_post_imagery,,28.4406,,,,,,,,,,no-sits,False,100.0,,-16.0,True,DESCENDING,5.0,0.0,2858.6379,81.4369,1358.025,5355.281971404182,28.4406,S1,no_optical_s1,fs1-3016a20fd3ad
E057::thane,E057,2017-0364-IND,2017-08-29,Maharashtra,Thane,district,FAO/GAUL/2015/level2,matched,17783,38.25,S1,interim_s1_only,s1_interim,aoi,unavailable,no_post_imagery,,38.25,,,,,,,,,,no-sits,False,100.0,,-16.0,True,DESCENDING,6.0,0.0,5194.6674,271.0709,2395.1691,9454.897228160951,38.25,S1,no_optical_s1,fs1-3016a20fd3ad
E058::chennai,E058,2017-0495-IND,2017-10-30,Tamil Nadu,Chennai,district,FAO/GAUL/2015/level2,matched,70242,0.3495,S1,interim_s1_only,s1_interim,aoi,unavailable,no_post_imagery,,0.3495,,,,,,,,,,no-sits,False,100.0,,-16.0,True,DESCENDING,1.0,0.0,182.9401,135.358,2.0446,196.63088221019876,0.3495,S1,no_optical_s1,fs1-3016a20fd3ad
E059::dhalai,E059,2018-0213-IND,2018-05-17,Tripura,Dhalai,district,FAO/GAUL/2015/level2,matched,70256,3.337,S1,interim_s1_only,s1_interim,aoi,ok,ok,,3.337,0.0,0.0,0.0,0.8197,2.0492,0.1928,0.0003,0.0002,0.164,otsu,True,99.8,0.0006,-16.0,True,DESCENDING,2.0,1.0,642.5375,4.5334,96.8207,2201.079367693781,3.337,S1,cloud_routed_to_s1,fs1-3016a20fd3ad
E059::gomati,E059,2018-0213-IND,2018-05-17,Tripura,Gomati,district,geoBoundaries/gbOpen/IND/ADM2/2021@8bef6929fd65432e7dc775e7c44473e84efff064ebddbfd6b834e6291546db40,matched,76128533B94126463611805,12.3284,S1,interim_s1_only,s1_interim,aoi,unavailable,no_post_imagery,,12.3284,,,,,,,,,,no-sits,False,100.0,,-16.0,True,BOTH,2.0,0.0,610.8811,10.0637,122.3745,1617.9532415826357,12.3284,S1,no_optical_s1,fs1-3016a20fd3ad
E059::khowai,E059,2018-0213-IND,2018-05-17,Tripura,Khowai,district,geoBoundaries/gbOpen/IND/ADM2/2021@8bef6929fd65432e7dc775e7c44473e84efff064ebddbfd6b834e6291546db40,matched,76128533B67044589012853,1.1592,S1,interim_s1_only,s1_interim,aoi,unavailable,no_post_imagery,,1.1592,,,,,,,,,,no-sits,False,100.0,,-16.0,True,BOTH,3.0,0.0,465.6732,6.0347,108.608,1046.189742159586,1.1592,S1,no_optical_s1,fs1-3016a20fd3ad
E059::north%20tripura,E059,2018-0213-IND,2018-05-17,Tripura,North Tripura,district,FAO/GAUL/2015/level2,matched,17885,4.7696,S1,interim_s1_only,s1_interim,aoi,ok,ok,,4.7696,0.0004,0.0,0.0,2.0493,9.4269,0.9833,0.0014,0.0,0.117,otsu,True,99.3,0.002,-16.0,True,DESCENDING,2.0,1.0,703.6525,10.8424,164.1349,2109.5271791468954,4.7696,S1,cloud_routed_to_s1,fs1-3016a20fd3ad
E059::sepahijala,E059,2018-0213-IND,2018-05-17,Tripura,Sepahijala,district,geoBoundaries/gbOpen/IND/ADM2/2021@8bef6929fd65432e7dc775e7c44473e84efff064ebddbfd6b834e6291546db40,matched,76128533B43965372582859,9.6727,S1,interim_s1_only,s1_interim,aoi,unavailable,no_post_imagery,,9.6727,,,,,,,,,,no-sits,False,100.0,,-16.0,True,BOTH,3.0,0.0,589.2958,10.4858,139.1707,1071.1594978769108,9.6727,S1,no_optical_s1,fs1-3016a20fd3ad
E059::south%20tripura,E059,2018-0213-IND,2018-05-17,Tripura,South Tripura,district,FAO/GAUL/2015/level2,matched,17886,15.3488,S1,interim_s1_only,s1_interim,aoi,unavailable,no_post_imagery,,15.3488,,,,,,,,,,no-sits,False,100.0,,-16.0,True,BOTH,2.0,0.0,1349.3356,16.7041,270.5356,3224.5042086326357,15.3488,S1,no_optical_s1,fs1-3016a20fd3ad
E059::unakoti,E059,2018-0213-IND,2018-05-17,Tripura,Unakoti,district,geoBoundaries/gbOpen/IND/ADM2/2021@8bef6929fd65432e7dc775e7c44473e84efff064ebddbfd6b834e6291546db40,matched,76128533B4720703924950,1.4855,S1,interim_s1_only,s1_interim,aoi,unavailable,no_usable_pixels,,1.4855,0.0,,,,,,,,,no-sits,True,100.0,0.0,-16.0,True,DESCENDING,1.0,1.0,280.4761,4.4339,80.3066,657.9288906584868,1.4855,S1,no_optical_s1,fs1-3016a20fd3ad
E059::west%20tripura,E059,2018-0213-IND,2018-05-17,Tripura,West Tripura,district,FAO/GAUL/2015/level2,matched,17887,16.6597,S1,interim_s1_only,s1_interim,aoi,unavailable,no_post_imagery,,16.6597,,,,,,,,,,no-sits,False,100.0,,-16.0,True,BOTH,4.0,0.0,1614.0109,52.1747,365.7647,3039.951701839773,16.6597,S1,no_optical_s1,fs1-3016a20fd3ad
E060::dakshina%20kannada,E060,2018-0216-IND,2018-05-29,Karnataka,Dakshina Kannada,district,geoBoundaries/gbOpen/IND/ADM2/2021@8bef6929fd65432e7dc775e7c44473e84efff064ebddbfd6b834e6291546db40,matched,76128533B54396396829952,5.8174,S1,interim_s1_only,s1_interim,aoi,unavailable,no_pre_imagery,,5.8174,,,,,,,,,,no-sits,False,72.8,,-16.0,True,BOTH,2.0,2.0,1903.6271,72.1213,43.5702,5243.21897884346,5.8174,S1,no_optical_s1,fs1-3016a20fd3ad
E060::udupi,E060,2018-0216-IND,2018-05-29,Karnataka,Udupi,district,FAO/GAUL/2015/level2,matched,70166,10.0828,S1,interim_s1_only,s1_interim,aoi,ok,ok,,10.0828,0.0,0.0,0.0,163.1478,635.3786,0.9647,0.0005,0.0006,0.242,otsu,True,74.3,0.0015,-16.0,True,BOTH,4.0,3.0,2069.3022,49.5979,158.8029,3905.2465000015695,10.0828,S1,cloud_routed_to_s1,fs1-3016a20fd3ad
E061::biswanath,E061,2018-0205-IND,2018-06-22,Assam,Biswanath,district,geoBoundaries/gbOpen/IND/ADM2/2021@8bef6929fd65432e7dc775e7c44473e84efff064ebddbfd6b834e6291546db40,matched,76128533B40714385808093,141.8962,S1,interim_s1_only,s1_interim,aoi,unavailable,no_post_imagery,,141.8962,,,,,,,,,,no-sits,False,100.0,,-16.75,False,BOTH,8.0,0.0,1560.1555,18.4415,730.5119,1795.9804068303213,141.8962,S1,no_optical_s1,fs1-3016a20fd3ad
E061::cachar,E061,2018-0205-IND,2018-06-22,Assam,Cachar,district,FAO/GAUL/2015/level2,matched,17577,253.4966,S1,interim_s1_only,s1_interim,aoi,unavailable,no_post_imagery,,253.4966,,,,,,,,,,no-sits,False,100.0,,-15.25,False,BOTH,5.0,0.0,1742.352,28.6315,777.3899,3806.329961738336,253.4966,S1,no_optical_s1,fs1-3016a20fd3ad
E061::east%20karbi%20anglong,E061,2018-0205-IND,2018-06-22,Assam,East Karbi Anglong,district,geoBoundaries/gbOpen/IND/ADM2/2021@8bef6929fd65432e7dc775e7c44473e84efff064ebddbfd6b834e6291546db40,matched,76128533B38548995376745,116.6973,S1,interim_s1_only,s1_interim,aoi,unavailable,no_post_imagery,,116.6973,,,,,,,,,,no-sits,False,100.0,,-16.0,True,BOTH,6.0,0.0,2178.5669,17.8637,651.7306,7303.723967073078,116.6973,S1,no_optical_s1,fs1-3016a20fd3ad
E061::golaghat,E061,2018-0205-IND,2018-06-22,Assam,Golaghat,district,FAO/GAUL/2015/level2,matched,17582,135.6599,S1,interim_s1_only,s1_interim,aoi,unavailable,no_post_imagery,,135.6599,,,,,,,,,,no-sits,False,100.0,,-17.75,False,BOTH,7.0,0.0,3111.5422,41.889,1494.8322,3532.2679838886856,135.6599,S1,no_optical_s1,fs1-3016a20fd3ad
E061::hailakandi,E061,2018-0205-IND,2018-06-22,Assam,Hailakandi,district,FAO/GAUL/2015/level2,matched,70088,56.5755,S1,interim_s1_only,s1_interim,aoi,unavailable,no_post_imagery,,56.5755,,,,,,,,,,no-sits,False,100.0,,-15.75,False,BOTH,2.0,0.0,629.4125,6.1457,284.6509,1336.4605858584375,56.5755,S1,no_optical_s1,fs1-3016a20fd3ad
E061::hojai,E061,2018-0205-IND,2018-06-22,Assam,Hojai,district,geoBoundaries/gbOpen/IND/ADM2/2021@8bef6929fd65432e7dc775e7c44473e84efff064ebddbfd6b834e6291546db40,matched,76128533B70315194619807,176.8669,S1,interim_s1_only,s1_interim,aoi,unavailable,no_post_imagery,,176.8669,,,,,,,,,,no-sits,False,100.0,,-13.25,False,BOTH,5.0,0.0,989.2694,26.6879,580.9443,1456.4677644953886,176.8669,S1,no_optical_s1,fs1-3016a20fd3ad
E061::karimganj,E061,2018-0205-IND,2018-06-22,Assam,Karimganj,district,FAO/GAUL/2015/level2,matched,17585,110.8674,S1,interim_s1_only,s1_interim,aoi,unavailable,no_post_imagery,,110.8674,,,,,,,,,,no-sits,False,100.0,,-15.25,False,BOTH,2.0,0.0,1051.2523,8.5912,454.5248,1856.722473230466,110.8674,S1,no_optical_s1,fs1-3016a20fd3ad
E061::nagaon,E061,2018-0205-IND,2018-06-22,Assam,Nagaon,district,FAO/GAUL/2015/level2,matched,17589,442.3684,S1,interim_s1_only,s1_interim,aoi,unavailable,no_post_imagery,,442.3684,,,,,,,,,,no-sits,False,100.0,,-13.75,False,BOTH,5.0,0.0,3099.3518,85.1365,1748.5294,3997.4423095607103,442.3684,S1,no_optical_s1,fs1-3016a20fd3ad
E061::west%20karbi%20anglong,E061,2018-0205-IND,2018-06-22,Assam,West Karbi Anglong,district,geoBoundaries/gbOpen/IND/ADM2/2021@8bef6929fd65432e7dc775e7c44473e84efff064ebddbfd6b834e6291546db40,matched,76128533B57995625790051,9.7002,S1,interim_s1_only,s1_interim,aoi,unavailable,no_post_imagery,,9.7002,,,,,,,,,,no-sits,False,100.0,,-16.0,True,BOTH,3.0,0.0,757.2,3.4195,291.1598,3106.68686919722,9.7002,S1,no_optical_s1,fs1-3016a20fd3ad
E064::gajapati,E064,2018-0286-IND,2018-07-20,Odisha,Gajapati,district,FAO/GAUL/2015/level2,matched,70213,11.8819,S1,interim_s1_only,s1_interim,aoi,unavailable,no_post_imagery,,11.8819,,,,,,,,,,no-sits,False,100.0,,-16.0,True,DESCENDING,4.0,0.0,881.7653,10.575,481.5808,4080.383431631814,11.8819,S1,no_optical_s1,fs1-3016a20fd3ad
E064::kandhamal,E064,2018-0286-IND,2018-07-20,Odisha,Kandhamal,district,FAO/GAUL/2015/level2,matched,70217,6.6943,S1,interim_s1_only,s1_interim,aoi,unavailable,no_post_imagery,,6.6943,,,,,,,,,,no-sits,False,100.0,,-16.0,True,DESCENDING,4.0,0.0,1833.216,6.7279,629.3262,8088.528530440674,6.6943,S1,no_optical_s1,fs1-3016a20fd3ad
E064::malkangiri,E064,2018-0286-IND,2018-07-20,Odisha,Malkangiri,district,FAO/GAUL/2015/level2,matched,70220,34.4368,S1,interim_s1_only,s1_interim,aoi,unavailable,no_post_imagery,,34.4368,,,,,,,,,,no-sits,False,100.0,,-14.25,False,DESCENDING,4.0,0.0,3064.5633,12.3286,1357.9039,5849.646224352819,34.4368,S1,no_optical_s1,fs1-3016a20fd3ad
E064::rayagada,E064,2018-0286-IND,2018-07-20,Odisha,Rayagada,district,FAO/GAUL/2015/level2,matched,70224,20.099,S1,interim_s1_only,s1_interim,aoi,unavailable,no_post_imagery,,20.099,,,,,,,,,,no-sits,False,100.0,,-16.0,True,DESCENDING,4.0,0.0,2097.742,21.8315,954.4673,7404.113889009227,20.099,S1,no_optical_s1,fs1-3016a20fd3ad
E067::barpeta,E067,2018-0345-IND,2018-08-02,Assam,Barpeta,district,FAO/GAUL/2015/level2,matched,17576,118.6563,S1,interim_s1_only,s1_interim,aoi,unavailable,no_post_imagery,,118.6563,,,,,,,,,,no-sits,False,100.0,,-17.25,False,BOTH,7.0,0.0,2781.8165,53.1895,1401.2032,3253.622989828742,118.6563,S1,no_optical_s1,fs1-3016a20fd3ad
E067::darrang,E067,2018-0345-IND,2018-08-02,Assam,Darrang,district,FAO/GAUL/2015/level2,matched,17578,55.1946,S1,interim_s1_only,s1_interim,aoi,unavailable,no_post_imagery,,55.1946,,,,,,,,,,no-sits,False,100.0,,-17.75,False,BOTH,6.0,0.0,3074.5271,59.1961,1652.486,3426.9679336953163,55.1946,S1,no_optical_s1,fs1-3016a20fd3ad
E067::dhemaji,E067,2018-0345-IND,2018-08-02,Assam,Dhemaji,district,FAO/GAUL/2015/level2,matched,70087,63.6461,S1,interim_s1_only,s1_interim,aoi,unavailable,no_post_imagery,,63.6461,,,,,,,,,,no-sits,False,100.0,,-16.75,False,BOTH,5.0,0.0,2240.4877,21.9993,1222.1808,2503.3476339074205,63.6461,S1,no_optical_s1,fs1-3016a20fd3ad
E067::golaghat,E067,2018-0345-IND,2018-08-02,Assam,Golaghat,district,FAO/GAUL/2015/level2,matched,17582,136.2511,S1,interim_s1_only,s1_interim,aoi,unavailable,no_post_imagery,,136.2511,,,,,,,,,,no-sits,False,100.0,,-17.25,False,BOTH,7.0,0.0,3111.5422,41.889,1494.8322,3532.2679838886856,136.2511,S1,no_optical_s1,fs1-3016a20fd3ad
E067::lakhimpur,E067,2018-0345-IND,2018-08-02,Assam,Lakhimpur,district,FAO/GAUL/2015/level2,matched,70091,79.6086,S1,interim_s1_only,s1_interim,aoi,unavailable,no_post_imagery,,79.6086,,,,,,,,,,no-sits,False,100.0,,-16.25,False,BOTH,7.0,0.0,2563.3875,26.0117,1480.1181,2886.5239581816727,79.6086,S1,no_optical_s1,fs1-3016a20fd3ad
E067::sivasagar,E067,2018-0345-IND,2018-08-02,Assam,Sivasagar,district,geoBoundaries/gbOpen/IND/ADM2/2021@8bef6929fd65432e7dc775e7c44473e84efff064ebddbfd6b834e6291546db40,matched,76128533B21722277889516,237.6018,S1,interim_s1_only,s1_interim,aoi,unavailable,no_post_imagery,,237.6018,,,,,,,,,,no-sits,False,100.0,,-14.75,False,BOTH,6.0,0.0,1387.3046,33.7338,786.7767,1526.651765771626,237.6018,S1,no_optical_s1,fs1-3016a20fd3ad
E067::sonitpur,E067,2018-0345-IND,2018-08-02,Assam,Sonitpur,district,FAO/GAUL/2015/level2,matched,17593,142.0688,S1,interim_s1_only,s1_interim,aoi,unavailable,no_post_imagery,,142.0688,,,,,,,,,,no-sits,False,100.0,,-18.25,False,BOTH,9.0,0.0,4081.5881,70.4035,1950.1255,4676.158375740257,142.0688,S1,no_optical_s1,fs1-3016a20fd3ad
E067::udalguri,E067,2018-0345-IND,2018-08-02,Assam,Udalguri,district,geoBoundaries/gbOpen/IND/ADM2/2021@8bef6929fd65432e7dc775e7c44473e84efff064ebddbfd6b834e6291546db40,matched,76128533B20307518801538,31.3294,S1,interim_s1_only,s1_interim,aoi,unavailable,no_post_imagery,,31.3294,,,,,,,,,,no-sits,False,100.0,,-16.0,True,BOTH,6.0,0.0,1902.4689,22.7021,962.0185,2056.2913712488385,31.3294,S1,no_optical_s1,fs1-3016a20fd3ad
E068::bankura,E068,2018-0345-IND,2018-08-02,West Bengal,Bankura,district,FAO/GAUL/2015/level2,matched,17945,1508.9989,S1,interim_s1_only,s1_interim,aoi,unavailable,no_post_imagery,,1508.9989,,,,,,,,,,no-sits,False,100.0,,-13.25,False,BOTH,8.0,0.0,6480.2521,123.7509,3850.7846,6981.566770524623,1508.9989,S1,no_optical_s1,fs1-3016a20fd3ad
E069::barpeta,E069,2018-0295-IND,2018-08-07,Assam,Barpeta,district,FAO/GAUL/2015/level2,matched,17576,86.6802,S1,interim_s1_only,s1_interim,aoi,unavailable,no_post_imagery,,86.6802,,,,,,,,,,no-sits,False,100.0,,-17.75,False,BOTH,8.0,0.0,2781.8165,53.1895,1401.2032,3253.622989828742,86.6802,S1,no_optical_s1,fs1-3016a20fd3ad
E069::biswanath,E069,2018-0295-IND,2018-08-07,Assam,Biswanath,district,geoBoundaries/gbOpen/IND/ADM2/2021@8bef6929fd65432e7dc775e7c44473e84efff064ebddbfd6b834e6291546db40,matched,76128533B40714385808093,31.0746,S1,interim_s1_only,s1_interim,aoi,unavailable,no_post_imagery,,31.0746,,,,,,,,,,no-sits,False,100.0,,-17.25,False,BOTH,7.0,0.0,1560.1555,18.4415,730.5119,1795.9804068303213,31.0746,S1,no_optical_s1,fs1-3016a20fd3ad
E069::cachar,E069,2018-0295-IND,2018-08-07,Assam,Cachar,district,FAO/GAUL/2015/level2,matched,17577,181.5911,S1,interim_s1_only,s1_interim,aoi,unavailable,no_post_imagery,,181.5911,,,,,,,,,,no-sits,False,100.0,,-13.75,False,BOTH,5.0,0.0,1742.352,28.6315,777.3899,3806.329961738336,181.5911,S1,no_optical_s1,fs1-3016a20fd3ad
E069::charaideo,E069,2018-0295-IND,2018-08-07,Assam,Charaideo,district,geoBoundaries/gbOpen/IND/ADM2/2021@8bef6929fd65432e7dc775e7c44473e84efff064ebddbfd6b834e6291546db40,matched,76128533B89228414823983,24.5204,S1,interim_s1_only,s1_interim,aoi,unavailable,no_post_imagery,,24.5204,,,,,,,,,,no-sits,False,100.0,,-16.0,True,BOTH,5.0,0.0,956.9246,11.1538,434.3126,1051.5010239181354,24.5204,S1,no_optical_s1,fs1-3016a20fd3ad
E069::chirang,E069,2018-0295-IND,2018-08-07,Assam,Chirang,district,geoBoundaries/gbOpen/IND/ADM2/2021@8bef6929fd65432e7dc775e7c44473e84efff064ebddbfd6b834e6291546db40,matched,76128533B56012535339305,13.5371,S1,interim_s1_only,s1_interim,aoi,unavailable,no_post_imagery,,13.5371,,,,,,,,,,no-sits,False,100.0,,-16.0,True,BOTH,7.0,0.0,1479.252,14.0007,493.708,1586.6528982343073,13.5371,S1,no_optical_s1,fs1-3016a20fd3ad
E069::darrang,E069,2018-0295-IND,2018-08-07,Assam,Darrang,district,FAO/GAUL/2015/level2,matched,17578,25.53,S1,interim_s1_only,s1_interim,aoi,unavailable,no_post_imagery,,25.53,,,,,,,,,,no-sits,False,100.0,,-16.75,False,BOTH,7.0,0.0,3074.5271,59.1961,1652.486,3426.9679336953163,25.53,S1,no_optical_s1,fs1-3016a20fd3ad
E069::dhemaji,E069,2018-0295-IND,2018-08-07,Assam,Dhemaji,district,FAO/GAUL/2015/level2,matched,70087,37.2699,S1,interim_s1_only,s1_interim,aoi,unavailable,no_post_imagery,,37.2699,,,,,,,,,,no-sits,False,100.0,,-16.75,False,BOTH,6.0,0.0,2240.4877,21.9993,1222.1808,2503.3476339074205,37.2699,S1,no_optical_s1,fs1-3016a20fd3ad
E069::dibrugarh,E069,2018-0295-IND,2018-08-07,Assam,Dibrugarh,district,FAO/GAUL/2015/level2,matched,17580,31.8206,S1,interim_s1_only,s1_interim,aoi,unavailable,no_post_imagery,,31.8206,,,,,,,,,,no-sits,False,100.0,,-18.75,False,BOTH,7.0,0.0,2887.5515,56.4443,1158.2783,3397.4818067287138,31.8206,S1,no_optical_s1,fs1-3016a20fd3ad
E069::dima%20hasao,E069,2018-0295-IND,2018-08-07,Assam,Dima Hasao,district,geoBoundaries/gbOpen/IND/ADM2/2021@8bef6929fd65432e7dc775e7c44473e84efff064ebddbfd6b834e6291546db40,matched,76128533B66125202864966,6.075,S1,interim_s1_only,s1_interim,aoi,unavailable,no_post_imagery,,6.075,,,,,,,,,,no-sits,False,100.0,,-16.0,True,BOTH,10.0,0.0,670.5263,3.7235,78.9918,4914.108784116743,6.075,S1,no_optical_s1,fs1-3016a20fd3ad
E069::east%20karbi%20anglong,E069,2018-0295-IND,2018-08-07,Assam,East Karbi Anglong,district,geoBoundaries/gbOpen/IND/ADM2/2021@8bef6929fd65432e7dc775e7c44473e84efff064ebddbfd6b834e6291546db40,matched,76128533B38548995376745,35.7781,S1,interim_s1_only,s1_interim,aoi,unavailable,no_post_imagery,,35.7781,,,,,,,,,,no-sits,False,100.0,,-16.0,True,BOTH,7.0,0.0,2178.5669,17.8637,651.7306,7303.723967073078,35.7781,S1,no_optical_s1,fs1-3016a20fd3ad
E069::golaghat,E069,2018-0295-IND,2018-08-07,Assam,Golaghat,district,FAO/GAUL/2015/level2,matched,17582,87.274,S1,interim_s1_only,s1_interim,aoi,unavailable,no_post_imagery,,87.274,,,,,,,,,,no-sits,False,100.0,,-17.25,False,BOTH,6.0,0.0,3111.5422,41.889,1494.8322,3532.2679838886856,87.274,S1,no_optical_s1,fs1-3016a20fd3ad
E069::hailakandi,E069,2018-0295-IND,2018-08-07,Assam,Hailakandi,district,FAO/GAUL/2015/level2,matched,70088,69.0525,S1,interim_s1_only,s1_interim,aoi,unavailable,no_post_imagery,,69.0525,,,,,,,,,,no-sits,False,100.0,,-14.75,False,BOTH,2.0,0.0,629.4125,6.1457,284.6509,1336.4605858584375,69.0525,S1,no_optical_s1,fs1-3016a20fd3ad
E069::hojai,E069,2018-0295-IND,2018-08-07,Assam,Hojai,district,geoBoundaries/gbOpen/IND/ADM2/2021@8bef6929fd65432e7dc775e7c44473e84efff064ebddbfd6b834e6291546db40,matched,76128533B70315194619807,159.5885,S1,interim_s1_only,s1_interim,aoi,unavailable,no_post_imagery,,159.5885,,,,,,,,,,no-sits,False,100.0,,-13.75,False,BOTH,5.0,0.0,989.2694,26.6879,580.9443,1456.4677644953886,159.5885,S1,no_optical_s1,fs1-3016a20fd3ad
E069::jorhat,E069,2018-0295-IND,2018-08-07,Assam,Jorhat,district,FAO/GAUL/2015/level2,matched,70089,33.8965,S1,interim_s1_only,s1_interim,aoi,unavailable,no_post_imagery,,33.8965,,,,,,,,,,no-sits,False,100.0,,-17.75,False,BOTH,5.0,0.0,2306.1826,46.9407,1139.7231,2842.716884638612,33.8965,S1,no_optical_s1,fs1-3016a20fd3ad
E069::karimganj,E069,2018-0295-IND,2018-08-07,Assam,Karimganj,district,FAO/GAUL/2015/level2,matched,17585,80.0298,S1,interim_s1_only,s1_interim,aoi,unavailable,no_post_imagery,,80.0298,,,,,,,,,,no-sits,False,100.0,,-13.75,False,BOTH,2.0,0.0,1051.2523,8.5912,454.5248,1856.722473230466,80.0298,S1,no_optical_s1,fs1-3016a20fd3ad
E069::kokrajhar,E069,2018-0295-IND,2018-08-07,Assam,Kokrajhar,district,FAO/GAUL/2015/level2,matched,70090,25.3999,S1,interim_s1_only,s1_interim,aoi,unavailable,no_post_imagery,,25.3999,,,,,,,,,,no-sits,False,100.0,,-16.0,True,BOTH,7.0,0.0,3061.7037,20.8028,1277.9815,3329.2233881813268,25.3999,S1,no_optical_s1,fs1-3016a20fd3ad
E069::lakhimpur,E069,2018-0295-IND,2018-08-07,Assam,Lakhimpur,district,FAO/GAUL/2015/level2,matched,70091,37.5329,S1,interim_s1_only,s1_interim,aoi,unavailable,no_post_imagery,,37.5329,,,,,,,,,,no-sits,False,100.0,,-16.75,False,BOTH,7.0,0.0,2563.3875,26.0117,1480.1181,2886.5239581816727,37.5329,S1,no_optical_s1,fs1-3016a20fd3ad
E069::majuli,E069,2018-0295-IND,2018-08-07,Assam,Majuli,district,geoBoundaries/gbOpen/IND/ADM2/2021@8bef6929fd65432e7dc775e7c44473e84efff064ebddbfd6b834e6291546db40,matched,76128533B15157901669242,20.6902,S1,interim_s1_only,s1_interim,aoi,unavailable,no_post_imagery,,20.6902,,,,,,,,,,no-sits,False,100.0,,-18.25,False,BOTH,7.0,0.0,895.4552,4.9644,388.9801,1250.5943287677335,20.6902,S1,no_optical_s1,fs1-3016a20fd3ad
E069::nagaon,E069,2018-0295-IND,2018-08-07,Assam,Nagaon,district,FAO/GAUL/2015/level2,matched,17589,369.2784,S1,interim_s1_only,s1_interim,aoi,unavailable,no_post_imagery,,369.2784,,,,,,,,,,no-sits,False,100.0,,-13.75,False,BOTH,5.0,0.0,3099.3518,85.1365,1748.5294,3997.4423095607103,369.2784,S1,no_optical_s1,fs1-3016a20fd3ad
E069::nalbari,E069,2018-0295-IND,2018-08-07,Assam,Nalbari,district,FAO/GAUL/2015/level2,matched,17590,53.029,S1,interim_s1_only,s1_interim,aoi,unavailable,no_post_imagery,,53.029,,,,,,,,,,no-sits,False,100.0,,-16.75,False,BOTH,7.0,0.0,2097.5834,38.1238,1132.0605,2339.8796955273547,53.029,S1,no_optical_s1,fs1-3016a20fd3ad
E069::sivasagar,E069,2018-0295-IND,2018-08-07,Assam,Sivasagar,district,geoBoundaries/gbOpen/IND/ADM2/2021@8bef6929fd65432e7dc775e7c44473e84efff064ebddbfd6b834e6291546db40,matched,76128533B21722277889516,176.4907,S1,interim_s1_only,s1_interim,aoi,unavailable,no_post_imagery,,176.4907,,,,,,,,,,no-sits,False,100.0,,-13.25,False,BOTH,5.0,0.0,1387.3046,33.7338,786.7767,1526.651765771626,176.4907,S1,no_optical_s1,fs1-3016a20fd3ad
E069::sonitpur,E069,2018-0295-IND,2018-08-07,Assam,Sonitpur,district,FAO/GAUL/2015/level2,matched,17593,93.3314,S1,interim_s1_only,s1_interim,aoi,unavailable,no_post_imagery,,93.3314,,,,,,,,,,no-sits,False,100.0,,-17.75,False,BOTH,8.0,0.0,4081.5881,70.4035,1950.1255,4676.158375740257,93.3314,S1,no_optical_s1,fs1-3016a20fd3ad
E069::tinsukia,E069,2018-0295-IND,2018-08-07,Assam,Tinsukia,district,FAO/GAUL/2015/level2,matched,70093,43.402,S1,interim_s1_only,s1_interim,aoi,unavailable,no_post_imagery,,43.402,,,,,,,,,,no-sits,False,100.0,,-16.25,False,BOTH,4.0,0.0,3303.9786,35.8835,942.5054,3799.190193815676,43.402,S1,no_optical_s1,fs1-3016a20fd3ad
E069::udalguri,E069,2018-0295-IND,2018-08-07,Assam,Udalguri,district,geoBoundaries/gbOpen/IND/ADM2/2021@8bef6929fd65432e7dc775e7c44473e84efff064ebddbfd6b834e6291546db40,matched,76128533B20307518801538,16.6206,S1,interim_s1_only,s1_interim,aoi,unavailable,no_post_imagery,,16.6206,,,,,,,,,,no-sits,False,100.0,,-16.0,True,BOTH,7.0,0.0,1902.4689,22.7021,962.0185,2056.2913712488325,16.6206,S1,no_optical_s1,fs1-3016a20fd3ad
E069::west%20karbi%20anglong,E069,2018-0295-IND,2018-08-07,Assam,West Karbi Anglong,district,geoBoundaries/gbOpen/IND/ADM2/2021@8bef6929fd65432e7dc775e7c44473e84efff064ebddbfd6b834e6291546db40,matched,76128533B57995625790051,11.7056,S1,interim_s1_only,s1_interim,aoi,unavailable,no_post_imagery,,11.7056,,,,,,,,,,no-sits,False,100.0,,-16.0,True,BOTH,4.0,0.0,757.2,3.4195,291.1598,3106.6868691946506,11.7056,S1,no_optical_s1,fs1-3016a20fd3ad
E070::chamba,E070,2018-0295-IND,2018-08-07,Himachal Pradesh,Chamba,district,FAO/GAUL/2015/level2,matched,17667,4.3487,S1,interim_s1_only,s1_interim,aoi,unavailable,no_post_imagery,,4.3487,,,,,,,,,,no-sits,False,100.0,,-15.75,False,BOTH,6.0,0.0,59.2943,1.0357,8.4746,6056.411356305338,4.3487,S1,no_optical_s1,fs1-3016a20fd3ad
E070::hamirpur,E070,2018-0295-IND,2018-08-07,Himachal Pradesh,Hamirpur,district,FAO/GAUL/2015/level2,matched,17668,2.4256,S1,interim_s1_only,s1_interim,aoi,unavailable,no_post_imagery,,2.4256,,,,,,,,,,no-sits,False,100.0,,-16.0,True,BOTH,5.0,0.0,265.4393,11.803,54.1364,1122.326232597962,2.4256,S1,no_optical_s1,fs1-3016a20fd3ad
E070::kangra,E070,2018-0295-IND,2018-08-07,Himachal Pradesh,Kangra,district,FAO/GAUL/2015/level2,matched,17669,31.9369,S1,interim_s1_only,s1_interim,aoi,unavailable,no_post_imagery,,31.9369,,,,,,,,,,no-sits,False,100.0,,-15.25,False,BOTH,8.0,0.0,1405.7597,55.0841,510.1435,5710.452547791486,31.9369,S1,no_optical_s1,fs1-3016a20fd3ad
E070::kullu,E070,2018-0295-IND,2018-08-07,Himachal Pradesh,Kullu,district,FAO/GAUL/2015/level2,matched,17671,12.5878,S1,interim_s1_only,s1_interim,aoi,unavailable,no_post_imagery,,12.5878,,,,,,,,,,no-sits,False,100.0,,-15.75,False,BOTH,7.0,0.0,113.1084,4.2954,2.1953,5505.982355912866,12.5878,S1,no_optical_s1,fs1-3016a20fd3ad
E070::mandi,E070,2018-0295-IND,2018-08-07,Himachal Pradesh,Mandi,district,FAO/GAUL/2015/level2,matched,17673,6.6667,S1,interim_s1_only,s1_interim,aoi,unavailable,no_post_imagery,,6.6667,,,,,,,,,,no-sits,False,100.0,,-13.75,False,BOTH,6.0,0.0,180.7402,9.2391,62.9296,3951.2717684747336,6.6667,S1,no_optical_s1,fs1-3016a20fd3ad
E070::shimla,E070,2018-0295-IND,2018-08-07,Himachal Pradesh,Shimla,district,FAO/GAUL/2015/level2,matched,17674,3.0219,S1,interim_s1_only,s1_interim,aoi,unavailable,no_post_imagery,,3.0219,,,,,,,,,,no-sits,False,100.0,,-15.25,False,BOTH,7.0,0.0,39.2503,0.8991,4.0632,5136.6062379686,3.0219,S1,no_optical_s1,fs1-3016a20fd3ad
E071::alappuzha,E071,2018-0295-IND,2018-08-07,Kerala,Alappuzha,district,FAO/GAUL/2015/level2,matched,70298,21.745,S1,interim_s1_only,s1_interim,aoi,unavailable,no_post_imagery,,21.745,,,,,,,,,,no-sits,False,100.0,,-14.25,False,DESCENDING,2.0,0.0,1087.5384,57.0297,179.2239,1316.6907112011845,21.745,S1,no_optical_s1,fs1-3016a20fd3ad
E071::ernakulam,E071,2018-0295-IND,2018-08-07,Kerala,Ernakulam,district,FAO/GAUL/2015/level2,matched,17699,10.8711,S1,interim_s1_only,s1_interim,aoi,unavailable,no_post_imagery,,10.8711,,,,,,,,,,no-sits,False,100.0,,-13.25,False,DESCENDING,1.0,0.0,1224.6103,165.9005,28.3227,2305.474714394872,10.8711,S1,no_optical_s1,fs1-3016a20fd3ad
E071::idukki,E071,2018-0295-IND,2018-08-07,Kerala,Idukki,district,FAO/GAUL/2015/level2,matched,17700,2.881,S1,interim_s1_only,s1_interim,aoi,unavailable,no_post_imagery,,2.881,,,,,,,,,,no-sits,False,100.0,,-16.0,True,DESCENDING,2.0,0.0,480.7175,10.6658,2.9577,5010.411036324633,2.881,S1,no_optical_s1,fs1-3016a20fd3ad
E071::kannur,E071,2018-0295-IND,2018-08-07,Kerala,Kannur,district,FAO/GAUL/2015/level2,matched,17698,2.7456,S1,interim_s1_only,s1_interim,aoi,unavailable,no_post_imagery,,2.7456,,,,,,,,,,no-sits,False,100.0,,-16.0,True,DESCENDING,2.0,0.0,1003.4021,43.6691,23.4002,2812.193678917521,2.7456,S1,no_optical_s1,fs1-3016a20fd3ad
E071::kasaragod,E071,2018-0295-IND,2018-08-07,Kerala,Kasaragod,district,FAO/GAUL/2015/level2,matched,17701,3.1666,S1,interim_s1_only,s1_interim,aoi,unavailable,no_post_imagery,,3.1666,,,,,,,,,,no-sits,False,100.0,,-16.0,True,BOTH,3.0,0.0,703.4457,29.8422,16.4155,1972.6636827859088,3.1666,S1,no_optical_s1,fs1-3016a20fd3ad
E071::kollam,E071,2018-0295-IND,2018-08-07,Kerala,Kollam,district,FAO/GAUL/2015/level2,matched,17707,2.3003,S1,interim_s1_only,s1_interim,aoi,unavailable,no_post_imagery,,2.3003,,,,,,,,,,no-sits,False,100.0,,-16.0,True,DESCENDING,1.0,0.0,826.5589,62.5206,8.5656,2363.0186325698423,2.3003,S1,no_optical_s1,fs1-3016a20fd3ad
E071::kottayam,E071,2018-0295-IND,2018-08-07,Kerala,Kottayam,district,FAO/GAUL/2015/level2,matched,17702,21.8169,S1,interim_s1_only,s1_interim,aoi,unavailable,no_post_imagery,,21.8169,,,,,,,,,,no-sits,False,100.0,,-16.0,True,DESCENDING,2.0,0.0,887.901,35.5396,145.0252,2143.385583622296,21.8169,S1,no_optical_s1,fs1-3016a20fd3ad
E071::kozhikode,E071,2018-0295-IND,2018-08-07,Kerala,Kozhikode,district,FAO/GAUL/2015/level2,matched,17703,3.4364,S1,interim_s1_only,s1_interim,aoi,unavailable,no_post_imagery,,3.4364,,,,,,,,,,no-sits,False,100.0,,-16.0,True,DESCENDING,2.0,0.0,881.0315,34.0404,9.231,2285.6176079375005,3.4364,S1,no_optical_s1,fs1-3016a20fd3ad
E071::malappuram,E071,2018-0295-IND,2018-08-07,Kerala,Malappuram,district,FAO/GAUL/2015/level2,matched,17704,8.7843,S1,interim_s1_only,s1_interim,aoi,unavailable,no_post_imagery,,8.7843,,,,,,,,,,no-sits,False,100.0,,-16.0,True,DESCENDING,3.0,0.0,1353.5315,50.8308,67.3062,3517.427723973104,8.7843,S1,no_optical_s1,fs1-3016a20fd3ad
E071::palakkad,E071,2018-0295-IND,2018-08-07,Kerala,Palakkad,district,FAO/GAUL/2015/level2,matched,17705,17.3189,S1,interim_s1_only,s1_interim,aoi,unavailable,no_post_imagery,,17.3189,,,,,,,,,,no-sits,False,100.0,,-16.0,True,DESCENDING,3.0,0.0,1777.7514,72.9484,362.9705,4489.876823790321,17.3189,S1,no_optical_s1,fs1-3016a20fd3ad
E071::pathanamthitta,E071,2018-0295-IND,2018-08-07,Kerala,Pathanamthitta,district,geoBoundaries/gbOpen/IND/ADM2/2021@8bef6929fd65432e7dc775e7c44473e84efff064ebddbfd6b834e6291546db40,matched,76128533B29330052395581,2.5457,S1,interim_s1_only,s1_interim,aoi,unavailable,no_post_imagery,,2.5457,,,,,,,,,,no-sits,False,100.0,,-16.0,True,DESCENDING,2.0,0.0,492.0105,19.2664,16.1956,2663.6118314901764,2.5457,S1,no_optical_s1,fs1-3016a20fd3ad
E071::thiruvananthapuram,E071,2018-0295-IND,2018-08-07,Kerala,Thiruvananthapuram,district,FAO/GAUL/2015/level2,matched,17709,0.9487,S1,interim_s1_only,s1_interim,aoi,unavailable,no_post_imagery,,0.9487,,,,,,,,,,no-sits,False,100.0,,-16.0,True,DESCENDING,1.0,0.0,719.775,81.6711,4.6289,2047.560453755721,0.9487,S1,no_optical_s1,fs1-3016a20fd3ad
E071::thrissur,E071,2018-0295-IND,2018-08-07,Kerala,Thrissur,district,FAO/GAUL/2015/level2,matched,17708,21.1049,S1,interim_s1_only,s1_interim,aoi,unavailable,no_post_imagery,,21.1049,,,,,,,,,,no-sits,False,100.0,,-16.0,True,DESCENDING,2.0,0.0,1501.3132,98.2055,195.8273,2961.767200211148,21.1049,S1,no_optical_s1,fs1-3016a20fd3ad
E071::wayanad,E071,2018-0295-IND,2018-08-07,Kerala,Wayanad,district,FAO/GAUL/2015/level2,matched,17710,13.9534,S1,interim_s1_only,s1_interim,aoi,unavailable,no_post_imagery,,13.9534,,,,,,,,,,no-sits,False,100.0,,-16.0,True,DESCENDING,2.0,0.0,520.2411,8.8985,51.6684,2130.300649398313,13.9534,S1,no_optical_s1,fs1-3016a20fd3ad
E073::dimapur,E073,2018-0295-IND,2018-08-07,Nagaland,Dimapur,district,FAO/GAUL/2015/level2,matched,70205,3.6726,S1,interim_s1_only,s1_interim,aoi,unavailable,no_post_imagery,,3.6726,,,,,,,,,,no-sits,False,100.0,,-16.0,True,BOTH,4.0,0.0,393.3048,38.3148,161.8537,868.5075566110293,3.6726,S1,no_optical_s1,fs1-3016a20fd3ad
E073::kiphire,E073,2018-0295-IND,2018-08-07,Nagaland,Kiphire,district,geoBoundaries/gbOpen/IND/ADM2/2021@8bef6929fd65432e7dc775e7c44473e84efff064ebddbfd6b834e6291546db40,matched,76128533B49100243723360,0.1988,S1,interim_s1_only,s1_interim,aoi,unavailable,no_post_imagery,,0.1988,,,,,,,,,,no-sits,False,100.0,,-16.0,True,BOTH,6.0,0.0,9.2875,0.5608,0.8043,1146.2673390398877,0.1988,S1,no_optical_s1,fs1-3016a20fd3ad
E073::kohima,E073,2018-0295-IND,2018-08-07,Nagaland,Kohima,district,FAO/GAUL/2015/level2,matched,17801,1.1592,S1,interim_s1_only,s1_interim,aoi,unavailable,no_post_imagery,,1.1592,,,,,,,,,,no-sits,False,100.0,,-16.0,True,BOTH,9.0,0.0,227.1574,2.957,41.243,3000.116257660175,1.1592,S1,no_optical_s1,fs1-3016a20fd3ad
E073::longleng,E073,2018-0295-IND,2018-08-07,Nagaland,Longleng,district,geoBoundaries/gbOpen/IND/ADM2/2021@8bef6929fd65432e7dc775e7c44473e84efff064ebddbfd6b834e6291546db40,matched,76128533B66411945144923,0.3831,S1,interim_s1_only,s1_interim,aoi,unavailable,no_post_imagery,,0.3831,,,,,,,,,,no-sits,False,100.0,,-16.0,True,BOTH,5.0,0.0,26.346,0.3757,2.6789,510.4500440909514,0.3831,S1,no_optical_s1,fs1-3016a20fd3ad
E073::mokokchung,E073,2018-0295-IND,2018-08-07,Nagaland,Mokokchung,district,FAO/GAUL/2015/level2,matched,17802,0.6825,S1,interim_s1_only,s1_interim,aoi,unavailable,no_post_imagery,,0.6825,,,,,,,,,,no-sits,False,100.0,,-16.0,True,BOTH,5.0,0.0,120.5788,1.4846,11.1315,1608.6120137611415,0.6825,S1,no_optical_s1,fs1-3016a20fd3ad
E073::mon,E073,2018-0295-IND,2018-08-07,Nagaland,Mon,district,FAO/GAUL/2015/level2,matched,17803,1.001,S1,interim_s1_only,s1_interim,aoi,unavailable,no_post_imagery,,1.001,,,,,,,,,,no-sits,False,100.0,,-16.0,True,BOTH,5.0,0.0,238.4421,1.815,23.6209,2130.495255244007,1.001,S1,no_optical_s1,fs1-3016a20fd3ad
E073::peren,E073,2018-0295-IND,2018-08-07,Nagaland,Peren,district,geoBoundaries/gbOpen/IND/ADM2/2021@8bef6929fd65432e7dc775e7c44473e84efff064ebddbfd6b834e6291546db40,matched,76128533B2970909480221,0.9479,S1,interim_s1_only,s1_interim,aoi,unavailable,no_post_imagery,,0.9479,,,,,,,,,,no-sits,False,100.0,,-16.0,True,BOTH,9.0,0.0,228.3229,1.6737,49.1359,1794.7346034717525,0.9479,S1,no_optical_s1,fs1-3016a20fd3ad
E073::phek,E073,2018-0295-IND,2018-08-07,Nagaland,Phek,district,FAO/GAUL/2015/level2,matched,17804,0.5878,S1,interim_s1_only,s1_interim,aoi,unavailable,no_post_imagery,,0.5878,,,,,,,,,,no-sits,False,100.0,,-16.0,True,BOTH,5.0,0.0,24.7527,0.8852,4.4621,1906.4287635382316,0.5878,S1,no_optical_s1,fs1-3016a20fd3ad
E073::tuensang,E073,2018-0295-IND,2018-08-07,Nagaland,Tuensang,district,FAO/GAUL/2015/level2,matched,17805,0.8405,S1,interim_s1_only,s1_interim,aoi,unavailable,no_post_imagery,,0.8405,,,,,,,,,,no-sits,False,100.0,,-16.0,True,BOTH,7.0,0.0,60.0488,1.661,6.2475,3789.750062415454,0.8405,S1,no_optical_s1,fs1-3016a20fd3ad
E073::wokha,E073,2018-0295-IND,2018-08-07,Nagaland,Wokha,district,FAO/GAUL/2015/level2,matched,17806,1.2354,S1,interim_s1_only,s1_interim,aoi,unavailable,no_post_imagery,,1.2354,,,,,,,,,,no-sits,False,100.0,,-16.0,True,BOTH,3.0,0.0,142.3542,0.7551,14.8867,1629.4709240929494,1.2354,S1,no_optical_s1,fs1-3016a20fd3ad
E073::zunheboto,E073,2018-0295-IND,2018-08-07,Nagaland,Zunheboto,district,FAO/GAUL/2015/level2,matched,17807,0.2386,S1,interim_s1_only,s1_interim,aoi,unavailable,no_post_imagery,,0.2386,,,,,,,,,,no-sits,False,100.0,,-16.0,True,BOTH,5.0,0.0,23.6048,0.8066,2.665,1576.6578363056528,0.2386,S1,no_optical_s1,fs1-3016a20fd3ad
E075::ambedkar%20nagar,E075,2018-0295-IND,2018-08-07,Uttar Pradesh,Ambedkar Nagar,district,FAO/GAUL/2015/level2,matched,70257,61.7076,S1,interim_s1_only,s1_interim,aoi,unavailable,no_post_imagery,,61.7076,,,,,,,,,,no-sits,False,100.0,,-14.75,False,BOTH,6.0,0.0,2207.7781,95.2837,1651.5998,2328.994244483866,61.7076,S1,no_optical_s1,fs1-3016a20fd3ad
E075::ayodhya,E075,2018-0295-IND,2018-08-07,Uttar Pradesh,Ayodhya,district,geoBoundaries/gbOpen/IND/ADM2/2021@8bef6929fd65432e7dc775e7c44473e84efff064ebddbfd6b834e6291546db40,matched,76128533B60320291189162,57.8342,S1,interim_s1_only,s1_interim,aoi,unavailable,no_post_imagery,,57.8342,,,,,,,,,,no-sits,False,100.0,,-15.25,False,BOTH,4.0,0.0,2541.1827,122.905,1608.6144,2675.800154387558,57.8342,S1,no_optical_s1,fs1-3016a20fd3ad
E075::bahraich,E075,2018-0295-IND,2018-08-07,Uttar Pradesh,Bahraich,district,FAO/GAUL/2015/level2,matched,17893,217.5024,S1,interim_s1_only,s1_interim,aoi,unavailable,no_post_imagery,,217.5024,,,,,,,,,,no-sits,False,100.0,,-15.25,False,BOTH,6.0,0.0,3485.1487,94.3473,2195.9306,3705.0099637131552,217.5024,S1,no_optical_s1,fs1-3016a20fd3ad
E075::barabanki,E075,2018-0295-IND,2018-08-07,Uttar Pradesh,Barabanki,district,FAO/GAUL/2015/level2,matched,17896,160.9096,S1,interim_s1_only,s1_interim,aoi,unavailable,no_post_imagery,,160.9096,,,,,,,,,,no-sits,False,100.0,,-14.75,False,BOTH,4.0,0.0,4261.6796,180.5234,2989.9903,4440.0005417469865,160.9096,S1,no_optical_s1,fs1-3016a20fd3ad
E075::basti,E075,2018-0295-IND,2018-08-07,Uttar Pradesh,Basti,district,FAO/GAUL/2015/level2,matched,17898,99.0292,S1,interim_s1_only,s1_interim,aoi,unavailable,no_post_imagery,,99.0292,,,,,,,,,,no-sits,False,100.0,,-15.75,False,BOTH,4.0,0.0,2385.2448,106.1084,1794.2857,2522.0744554746907,99.0292,S1,no_optical_s1,fs1-3016a20fd3ad
E075::bijnor,E075,2018-0295-IND,2018-08-07,Uttar Pradesh,Bijnor,district,FAO/GAUL/2015/level2,matched,17899,33.2417,S1,interim_s1_only,s1_interim,aoi,unavailable,no_post_imagery,,33.2417,,,,,,,,,,no-sits,False,100.0,,-16.0,True,BOTH,5.0,0.0,4207.6321,166.5791,2388.6495,4319.741895171613,33.2417,S1,no_optical_s1,fs1-3016a20fd3ad
E075::farrukhabad,E075,2018-0295-IND,2018-08-07,Uttar Pradesh,Farrukhabad,district,FAO/GAUL/2015/level2,matched,17908,98.2086,S1,interim_s1_only,s1_interim,aoi,unavailable,no_post_imagery,,98.2086,,,,,,,,,,no-sits,False,100.0,,-16.25,False,BOTH,4.0,0.0,2144.1619,90.6783,1716.3071,2188.008861953001,98.2086,S1,no_optical_s1,fs1-3016a20fd3ad
E075::gonda,E075,2018-0295-IND,2018-08-07,Uttar Pradesh,Gonda,district,FAO/GAUL/2015/level2,matched,17913,124.541,S1,interim_s1_only,s1_interim,aoi,unavailable,no_post_imagery,,124.541,,,,,,,,,,no-sits,False,100.0,,-14.75,False,BOTH,8.0,0.0,3851.7976,154.9602,2720.6742,4014.846082655345,124.541,S1,no_optical_s1,fs1-3016a20fd3ad
E075::kanpur%20dehat,E075,2018-0295-IND,2018-08-07,Uttar Pradesh,Kanpur Dehat,district,FAO/GAUL/2015/level2,matched,70269,283.6365,S1,interim_s1_only,s1_interim,aoi,unavailable,no_post_imagery,,283.6365,,,,,,,,,,no-sits,False,100.0,,-14.25,False,BOTH,4.0,0.0,4839.6776,132.1961,3943.8732,5042.756979466441,283.6365,S1,no_optical_s1,fs1-3016a20fd3ad
E075::kanpur%20nagar,E075,2018-0295-IND,2018-08-07,Uttar Pradesh,Kanpur Nagar,district,geoBoundaries/gbOpen/IND/ADM2/2021@8bef6929fd65432e7dc775e7c44473e84efff064ebddbfd6b834e6291546db40,matched,76128533B23710487943819,164.6436,S1,interim_s1_only,s1_interim,aoi,unavailable,no_post_imagery,,164.6436,,,,,,,,,,no-sits,False,100.0,,-14.25,False,BOTH,4.0,0.0,2803.3297,205.4585,2078.6691,2904.729879575871,164.6436,S1,no_optical_s1,fs1-3016a20fd3ad
E075::kushinagar,E075,2018-0295-IND,2018-08-07,Uttar Pradesh,Kushinagar,district,FAO/GAUL/2015/level2,matched,70271,139.1734,S1,interim_s1_only,s1_interim,aoi,unavailable,no_post_imagery,,139.1734,,,,,,,,,,no-sits,False,100.0,,-13.75,False,BOTH,5.0,0.0,2844.4186,149.7609,2025.279,2893.16087554316,139.1734,S1,no_optical_s1,fs1-3016a20fd3ad
E075::lakhimpur%20kheri,E075,2018-0295-IND,2018-08-07,Uttar Pradesh,Lakhimpur Kheri,district,FAO/GAUL/2015/level2,matched,17921,167.946,S1,interim_s1_only,s1_interim,aoi,unavailable,no_post_imagery,,167.946,,,,,,,,,,no-sits,False,100.0,,-14.75,False,BOTH,5.0,0.0,7230.8731,186.4498,4775.211,7708.742992388735,167.946,S1,no_optical_s1,fs1-3016a20fd3ad
E075::mau,E075,2018-0295-IND,2018-08-07,Uttar Pradesh,Mau,district,FAO/GAUL/2015/level2,matched,70274,134.728,S1,interim_s1_only,s1_interim,aoi,unavailable,no_post_imagery,,134.728,,,,,,,,,,no-sits,False,100.0,,-13.75,False,BOTH,7.0,0.0,1950.1749,112.689,1547.8662,2070.491760227604,134.728,S1,no_optical_s1,fs1-3016a20fd3ad
E075::pilibhit,E075,2018-0295-IND,2018-08-07,Uttar Pradesh,Pilibhit,district,FAO/GAUL/2015/level2,matched,17931,103.4214,S1,interim_s1_only,s1_interim,aoi,unavailable,no_post_imagery,,103.4214,,,,,,,,,,no-sits,False,100.0,,-16.25,False,BOTH,5.0,0.0,3379.1475,80.6685,2168.8889,3594.1579683602813,103.4214,S1,no_optical_s1,fs1-3016a20fd3ad
E075::sant%20kabir%20nagar,E075,2018-0295-IND,2018-08-07,Uttar Pradesh,Sant Kabir Nagar,district,FAO/GAUL/2015/level2,matched,70275,85.1206,S1,interim_s1_only,s1_interim,aoi,unavailable,no_post_imagery,,85.1206,,,,,,,,,,no-sits,False,100.0,,-14.75,False,BOTH,4.0,0.0,1268.8107,62.8775,1002.3844,1329.179989070325,85.1206,S1,no_optical_s1,fs1-3016a20fd3ad
E075::siddharthnagar,E075,2018-0295-IND,2018-08-07,Uttar Pradesh,Siddharthnagar,district,FAO/GAUL/2015/level2,matched,70278,326.0047,S1,interim_s1_only,s1_interim,aoi,unavailable,no_post_imagery,,326.0047,,,,,,,,,,no-sits,False,100.0,,-14.75,False,BOTH,8.0,0.0,3290.957,110.3568,2735.2173,3492.6137371813147,326.0047,S1,no_optical_s1,fs1-3016a20fd3ad
E075::sitapur,E075,2018-0295-IND,2018-08-07,Uttar Pradesh,Sitapur,district,FAO/GAUL/2015/level2,matched,17938,63.7929,S1,interim_s1_only,s1_interim,aoi,unavailable,no_post_imagery,,63.7929,,,,,,,,,,no-sits,False,100.0,,-16.0,True,BOTH,8.0,0.0,5411.2124,174.1786,3918.02,5789.793396469067,63.7929,S1,no_optical_s1,fs1-3016a20fd3ad
E076::alipurduar,E076,2018-0295-IND,2018-08-07,West Bengal,Alipurduar,district,geoBoundaries/gbOpen/IND/ADM2/2021@8bef6929fd65432e7dc775e7c44473e84efff064ebddbfd6b834e6291546db40,matched,76128533B23858286755005,21.9462,S1,interim_s1_only,s1_interim,aoi,unavailable,no_post_imagery,,21.9462,,,,,,,,,,no-sits,False,100.0,,-16.0,True,BOTH,3.0,0.0,2397.164,27.572,669.4875,2805.571892812845,21.9462,S1,no_optical_s1,fs1-3016a20fd3ad
E076::bankura,E076,2018-0295-IND,2018-08-07,West Bengal,Bankura,district,FAO/GAUL/2015/level2,matched,17945,270.3386,S1,interim_s1_only,s1_interim,aoi,unavailable,no_post_imagery,,270.3386,,,,,,,,,,no-sits,False,100.0,,-16.0,True,BOTH,6.0,0.0,6480.2521,123.7509,3850.7846,6981.566770524623,270.3386,S1,no_optical_s1,fs1-3016a20fd3ad
E076::birbhum,E076,2018-0295-IND,2018-08-07,West Bengal,Birbhum,district,FAO/GAUL/2015/level2,matched,17947,410.9675,S1,interim_s1_only,s1_interim,aoi,unavailable,no_post_imagery,,410.9675,,,,,,,,,,no-sits,False,100.0,,-16.0,True,BOTH,3.0,0.0,4350.6007,150.8813,3302.4382,4566.040490140597,410.9675,S1,no_optical_s1,fs1-3016a20fd3ad
E076::cooch%20behar,E076,2018-0295-IND,2018-08-07,West Bengal,Cooch Behar,district,geoBoundaries/gbOpen/IND/ADM2/2021@8bef6929fd65432e7dc775e7c44473e84efff064ebddbfd6b834e6291546db40,matched,76128533B64156747739715,55.5158,S1,interim_s1_only,s1_interim,aoi,unavailable,no_post_imagery,,55.5158,,,,,,,,,,no-sits,False,100.0,,-15.75,False,BOTH,4.0,0.0,3131.2864,35.6547,1811.0378,3288.1312386454174,55.5158,S1,no_optical_s1,fs1-3016a20fd3ad
E076::dakshin%20dinajpur,E076,2018-0295-IND,2018-08-07,West Bengal,Dakshin Dinajpur,district,FAO/GAUL/2015/level2,matched,70290,47.9969,S1,interim_s1_only,s1_interim,aoi,unavailable,no_post_imagery,,47.9969,,,,,,,,,,no-sits,False,100.0,,-16.0,True,BOTH,6.0,0.0,1989.8222,48.2388,1550.3264,2107.683120443892,47.9969,S1,no_optical_s1,fs1-3016a20fd3ad
E076::darjeeling,E076,2018-0295-IND,2018-08-07,West Bengal,Darjeeling,district,geoBoundaries/gbOpen/IND/ADM2/2021@8bef6929fd65432e7dc775e7c44473e84efff064ebddbfd6b834e6291546db40,matched,76128533B17109302371020,2.9133,S1,interim_s1_only,s1_interim,aoi,unavailable,no_post_imagery,,2.9133,,,,,,,,,,no-sits,False,100.0,,-16.0,True,ASCENDING,3.0,0.0,826.6807,47.8383,280.9187,2082.4452472301264,2.9133,S1,no_optical_s1,fs1-3016a20fd3ad
E076::east%20medinipur,E076,2018-0295-IND,2018-08-07,West Bengal,East Medinipur,district,geoBoundaries/gbOpen/IND/ADM2/2021@8bef6929fd65432e7dc775e7c44473e84efff064ebddbfd6b834e6291546db40,matched,76128533B25373378863054,747.35,S1,interim_s1_only,s1_interim,aoi,unavailable,no_post_imagery,,747.35,,,,,,,,,,no-sits,False,100.0,,-14.75,False,BOTH,6.0,0.0,3810.954,59.7046,1964.4832,4206.535570897585,747.35,S1,no_optical_s1,fs1-3016a20fd3ad
E076::hooghly,E076,2018-0295-IND,2018-08-07,West Bengal,Hooghly,district,geoBoundaries/gbOpen/IND/ADM2/2021@8bef6929fd65432e7dc775e7c44473e84efff064ebddbfd6b834e6291546db40,matched,76128533B81857725777974,262.0166,S1,interim_s1_only,s1_interim,aoi,unavailable,no_post_imagery,,262.0166,,,,,,,,,,no-sits,False,100.0,,-16.0,True,ASCENDING,2.0,0.0,2927.0037,138.7557,1939.6779,3153.550053477295,262.0166,S1,no_optical_s1,fs1-3016a20fd3ad
E076::howrah,E076,2018-0295-IND,2018-08-07,West Bengal,Howrah,district,geoBoundaries/gbOpen/IND/ADM2/2021@8bef6929fd65432e7dc775e7c44473e84efff064ebddbfd6b834e6291546db40,matched,76128533B22077262393417,50.3321,S1,interim_s1_only,s1_interim,aoi,unavailable,no_post_imagery,,50.3321,,,,,,,,,,no-sits,False,100.0,,-16.0,True,BOTH,3.0,0.0,1320.4393,104.0466,534.4475,1451.5753227599494,50.3321,S1,no_optical_s1,fs1-3016a20fd3ad
E076::jalpaiguri,E076,2018-0295-IND,2018-08-07,West Bengal,Jalpaiguri,district,FAO/GAUL/2015/level2,matched,17951,64.8934,S1,interim_s1_only,s1_interim,aoi,unavailable,no_post_imagery,,64.8934,,,,,,,,,,no-sits,False,100.0,,-16.0,True,BOTH,6.0,0.0,5492.7966,96.2215,1798.9271,6200.341009430311,64.8934,S1,no_optical_s1,fs1-3016a20fd3ad
E076::jhargram,E076,2018-0295-IND,2018-08-07,West Bengal,Jhargram,district,geoBoundaries/gbOpen/IND/ADM2/2021@8bef6929fd65432e7dc775e7c44473e84efff064ebddbfd6b834e6291546db40,matched,76128533B24861976740713,206.3252,S1,interim_s1_only,s1_interim,aoi,unavailable,no_post_imagery,,206.3252,,,,,,,,,,no-sits,False,100.0,,-16.0,True,BOTH,4.0,0.0,2836.6669,23.1119,1424.6576,3096.557448032797,206.3252,S1,no_optical_s1,fs1-3016a20fd3ad
E076::kalimpong,E076,2018-0295-IND,2018-08-07,West Bengal,Kalimpong,district,geoBoundaries/gbOpen/IND/ADM2/2021@8bef6929fd65432e7dc775e7c44473e84efff064ebddbfd6b834e6291546db40,matched,76128533B78458325839103,0.2175,S1,interim_s1_only,s1_interim,aoi,unavailable,no_post_imagery,,0.2175,,,,,,,,,,no-sits,False,100.0,,-16.0,True,ASCENDING,2.0,0.0,73.9352,0.8321,9.6083,1110.133398229132,0.2175,S1,no_optical_s1,fs1-3016a20fd3ad
E076::kolkata,E076,2018-0295-IND,2018-08-07,West Bengal,Kolkata,district,FAO/GAUL/2015/level2,matched,70292,0.0949,S1,interim_s1_only,s1_interim,aoi,unavailable,no_post_imagery,,0.0949,,,,,,,,,,no-sits,False,100.0,,-16.0,True,ASCENDING,1.0,0.0,78.8807,61.8534,0.5333,91.84529866788924,0.0949,S1,no_optical_s1,fs1-3016a20fd3ad
E076::murshidabad,E076,2018-0295-IND,2018-08-07,West Bengal,Murshidabad,district,FAO/GAUL/2015/level2,matched,17955,277.4003,S1,interim_s1_only,s1_interim,aoi,unavailable,no_post_imagery,,277.4003,,,,,,,,,,no-sits,False,100.0,,-16.0,True,ASCENDING,1.0,0.0,5136.0442,220.9272,3525.5526,5473.753950605631,277.4003,S1,no_optical_s1,fs1-3016a20fd3ad
E076::nadia,E076,2018-0295-IND,2018-08-07,West Bengal,Nadia,district,FAO/GAUL/2015/level2,matched,17956,106.7925,S1,interim_s1_only,s1_interim,aoi,unavailable,no_post_imagery,,106.7925,,,,,,,,,,no-sits,False,100.0,,-16.0,True,BOTH,6.0,0.0,3646.9459,123.4896,2083.3365,3995.2318634205153,106.7925,S1,no_optical_s1,fs1-3016a20fd3ad
E076::north%2024%20parganas,E076,2018-0295-IND,2018-08-07,West Bengal,North 24 Parganas,district,FAO/GAUL/2015/level2,matched,70293,348.5401,S1,interim_s1_only,s1_interim,aoi,unavailable,no_post_imagery,,348.5401,,,,,,,,,,no-sits,False,100.0,,-15.25,False,BOTH,8.0,0.0,5030.4328,208.0668,1742.3532,6006.604976683008,348.5401,S1,no_optical_s1,fs1-3016a20fd3ad
E076::paschim%20bardhaman,E076,2018-0295-IND,2018-08-07,West Bengal,Paschim Bardhaman,district,geoBoundaries/gbOpen/IND/ADM2/2021@8bef6929fd65432e7dc775e7c44473e84efff064ebddbfd6b834e6291546db40,matched,76128533B60845263086042,34.3035,S1,interim_s1_only,s1_interim,aoi,unavailable,no_post_imagery,,34.3035,,,,,,,,,,no-sits,False,100.0,,-16.0,True,BOTH,3.0,0.0,1491.1966,173.9546,712.4338,1638.342752616778,34.3035,S1,no_optical_s1,fs1-3016a20fd3ad
E076::purba%20bardhaman,E076,2018-0295-IND,2018-08-07,West Bengal,Purba Bardhaman,district,geoBoundaries/gbOpen/IND/ADM2/2021@8bef6929fd65432e7dc775e7c44473e84efff064ebddbfd6b834e6291546db40,matched,76128533B59121537940607,549.3415,S1,interim_s1_only,s1_interim,aoi,unavailable,no_post_imagery,,549.3415,,,,,,,,,,no-sits,False,100.0,,-16.0,True,ASCENDING,4.0,0.0,5222.3159,160.3241,4069.2197,5396.808202076832,549.3415,S1,no_optical_s1,fs1-3016a20fd3ad
E076::purulia,E076,2018-0295-IND,2018-08-07,West Bengal,Purulia,district,geoBoundaries/gbOpen/IND/ADM2/2021@8bef6929fd65432e7dc775e7c44473e84efff064ebddbfd6b834e6291546db40,matched,76128533B16811573188243,85.7356,S1,interim_s1_only,s1_interim,aoi,unavailable,no_post_imagery,,85.7356,,,,,,,,,,no-sits,False,100.0,,-16.0,True,BOTH,4.0,0.0,5092.3092,88.0376,2991.1455,6255.530346174724,85.7356,S1,no_optical_s1,fs1-3016a20fd3ad
E076::south%2024%20parganas,E076,2018-0295-IND,2018-08-07,West Bengal,South 24 Parganas,district,FAO/GAUL/2015/level2,matched,70294,688.9654,S1,interim_s1_only,s1_interim,aoi,unavailable,no_post_imagery,,688.9654,,,,,,,,,,no-sits,False,100.0,,-14.25,False,BOTH,10.0,0.0,4761.6074,147.2069,2548.2554,5503.307786632012,688.9654,S1,no_optical_s1,fs1-3016a20fd3ad
E076::uttar%20dinajpur,E076,2018-0295-IND,2018-08-07,West Bengal,Uttar Dinajpur,district,FAO/GAUL/2015/level2,matched,70295,65.4326,S1,interim_s1_only,s1_interim,aoi,unavailable,no_post_imagery,,65.4326,,,,,,,,,,no-sits,False,100.0,,-16.0,True,ASCENDING,1.0,0.0,3168.8271,113.614,2226.6498,3356.268468886421,65.4326,S1,no_optical_s1,fs1-3016a20fd3ad
E076::west%20medinipur,E076,2018-0295-IND,2018-08-07,West Bengal,West Medinipur,district,geoBoundaries/gbOpen/IND/ADM2/2021@8bef6929fd65432e7dc775e7c44473e84efff064ebddbfd6b834e6291546db40,matched,76128533B88812350838807,1782.5446,S1,interim_s1_only,s1_interim,aoi,unavailable,no_post_imagery,,1782.5446,,,,,,,,,,no-sits,False,100.0,,-13.25,False,BOTH,4.0,0.0,6123.409,83.5966,3685.2655,6284.990303074793,1782.5446,S1,no_optical_s1,fs1-3016a20fd3ad
E077::ambedkar%20nagar,E077,2018-0370-IND,2018-09-01,Uttar Pradesh,Ambedkar Nagar,district,FAO/GAUL/2015/level2,matched,70257,23.5177,S1,interim_s1_only,s1_interim,aoi,unavailable,no_post_imagery,,23.5177,,,,,,,,,,no-sits,False,100.0,,-17.25,False,BOTH,6.0,0.0,2207.7781,95.2837,1651.5998,2328.994244483866,23.5177,S1,no_optical_s1,fs1-3016a20fd3ad
E077::amethi,E077,2018-0370-IND,2018-09-01,Uttar Pradesh,Amethi,district,geoBoundaries/gbOpen/IND/ADM2/2021@8bef6929fd65432e7dc775e7c44473e84efff064ebddbfd6b834e6291546db40,matched,76128533B13908294104682,15.257,S1,interim_s1_only,s1_interim,aoi,unavailable,no_post_imagery,,15.257,,,,,,,,,,no-sits,False,100.0,,-16.0,True,BOTH,5.0,0.0,2355.7253,91.3853,1591.5203,2625.508237461462,15.257,S1,no_optical_s1,fs1-3016a20fd3ad
E077::ayodhya,E077,2018-0370-IND,2018-09-01,Uttar Pradesh,Ayodhya,district,geoBoundaries/gbOpen/IND/ADM2/2021@8bef6929fd65432e7dc775e7c44473e84efff064ebddbfd6b834e6291546db40,matched,76128533B60320291189162,15.9523,S1,interim_s1_only,s1_interim,aoi,unavailable,no_post_imagery,,15.9523,,,,,,,,,,no-sits,False,100.0,,-16.25,False,BOTH,4.0,0.0,2541.1827,122.905,1608.6144,2675.800154387558,15.9523,S1,no_optical_s1,fs1-3016a20fd3ad
E077::azamgarh,E077,2018-0370-IND,2018-09-01,Uttar Pradesh,Azamgarh,district,FAO/GAUL/2015/level2,matched,17892,89.1707,S1,interim_s1_only,s1_interim,aoi,unavailable,no_post_imagery,,89.1707,,,,,,,,,,no-sits,False,100.0,,-15.75,False,BOTH,8.0,0.0,3838.1089,164.217,3030.7854,3904.0182560646062,89.1707,S1,no_optical_s1,fs1-3016a20fd3ad
E077::bahraich,E077,2018-0370-IND,2018-09-01,Uttar Pradesh,Bahraich,district,FAO/GAUL/2015/level2,matched,17893,53.8204,S1,interim_s1_only,s1_interim,aoi,unavailable,no_post_imagery,,53.8204,,,,,,,,,,no-sits,False,100.0,,-16.25,False,BOTH,8.0,0.0,3485.1487,94.3473,2195.9306,3705.0099637131552,53.8204,S1,no_optical_s1,fs1-3016a20fd3ad
E077::ballia,E077,2018-0370-IND,2018-09-01,Uttar Pradesh,Ballia,district,FAO/GAUL/2015/level2,matched,17894,204.5935,S1,interim_s1_only,s1_interim,aoi,unavailable,no_post_imagery,,204.5935,,,,,,,,,,no-sits,False,100.0,,-16.75,False,BOTH,7.0,0.0,2760.4153,133.4226,2158.8817,3013.8054759791835,204.5935,S1,no_optical_s1,fs1-3016a20fd3ad
E077::balrampur,E077,2018-0370-IND,2018-09-01,Uttar Pradesh,Balrampur,district,FAO/GAUL/2015/level2,matched,70261,20.8682,S1,interim_s1_only,s1_interim,aoi,unavailable,no_post_imagery,,20.8682,,,,,,,,,,no-sits,False,100.0,,-16.0,True,BOTH,7.0,0.0,3049.8684,76.4006,1970.5359,3379.881475532829,20.8682,S1,no_optical_s1,fs1-3016a20fd3ad
E077::barabanki,E077,2018-0370-IND,2018-09-01,Uttar Pradesh,Barabanki,district,FAO/GAUL/2015/level2,matched,17896,83.5166,S1,interim_s1_only,s1_interim,aoi,unavailable,no_post_imagery,,83.5166,,,,,,,,,,no-sits,False,100.0,,-15.75,False,BOTH,5.0,0.0,4261.6796,180.5234,2989.9903,4440.0005417469865,83.5166,S1,no_optical_s1,fs1-3016a20fd3ad
E077::basti,E077,2018-0370-IND,2018-09-01,Uttar Pradesh,Basti,district,FAO/GAUL/2015/level2,matched,17898,39.0263,S1,interim_s1_only,s1_interim,aoi,unavailable,no_post_imagery,,39.0263,,,,,,,,,,no-sits,False,100.0,,-16.75,False,BOTH,4.0,0.0,2385.2448,106.1084,1794.2857,2522.0744554746907,39.0263,S1,no_optical_s1,fs1-3016a20fd3ad
E077::bijnor,E077,2018-0370-IND,2018-09-01,Uttar Pradesh,Bijnor,district,FAO/GAUL/2015/level2,matched,17899,22.9875,S1,interim_s1_only,s1_interim,aoi,unavailable,no_pre_imagery,,22.9875,,,,,,,,,,no-sits,False,11.0,,-16.0,True,BOTH,4.0,2.0,4207.6321,166.5791,2388.6495,4319.741895171613,22.9875,S1,no_optical_s1,fs1-3016a20fd3ad
E077::budaun,E077,2018-0370-IND,2018-09-01,Uttar Pradesh,Budaun,district,geoBoundaries/gbOpen/IND/ADM2/2021@8bef6929fd65432e7dc775e7c44473e84efff064ebddbfd6b834e6291546db40,matched,76128533B84679668760735,77.6744,S1,interim_s1_only,s1_interim,aoi,unavailable,no_pre_imagery,,77.6744,,,,,,,,,,no-sits,False,19.0,,-16.25,False,BOTH,6.0,3.0,4128.2792,135.7385,3559.8498,4242.298807636645,77.6744,S1,no_optical_s1,fs1-3016a20fd3ad
E077::chandauli,E077,2018-0370-IND,2018-09-01,Uttar Pradesh,Chandauli,district,FAO/GAUL/2015/level2,matched,70262,67.2836,S1,interim_s1_only,s1_interim,aoi,unavailable,no_post_imagery,,67.2836,,,,,,,,,,no-sits,False,100.0,,-16.75,False,BOTH,6.0,0.0,2234.5406,94.5853,1558.2197,2540.7391966848068,67.2836,S1,no_optical_s1,fs1-3016a20fd3ad
E077::farrukhabad,E077,2018-0370-IND,2018-09-01,Uttar Pradesh,Farrukhabad,district,FAO/GAUL/2015/level2,matched,17908,130.8046,S1,interim_s1_only,s1_interim,aoi,unavailable,no_pre_imagery,,130.8046,,,,,,,,,,no-sits,False,0.7,,-15.75,False,BOTH,5.0,1.0,2144.1619,90.6783,1716.3071,2188.008861953001,130.8046,S1,no_optical_s1,fs1-3016a20fd3ad
E077::gonda,E077,2018-0370-IND,2018-09-01,Uttar Pradesh,Gonda,district,FAO/GAUL/2015/level2,matched,17913,39.8718,S1,interim_s1_only,s1_interim,aoi,unavailable,no_post_imagery,,39.8718,,,,,,,,,,no-sits,False,100.0,,-15.75,False,BOTH,9.0,0.0,3851.7976,154.9602,2720.6742,4014.846082655345,39.8718,S1,no_optical_s1,fs1-3016a20fd3ad
E077::hardoi,E077,2018-0370-IND,2018-09-01,Uttar Pradesh,Hardoi,district,FAO/GAUL/2015/level2,matched,17916,192.4265,S1,interim_s1_only,s1_interim,aoi,unavailable,no_pre_imagery,,192.4265,,,,,,,,,,no-sits,False,51.5,,-15.25,False,BOTH,9.0,3.0,5664.0933,180.8224,4413.9548,6020.112448537428,192.4265,S1,no_optical_s1,fs1-3016a20fd3ad
E077::kannauj,E077,2018-0370-IND,2018-09-01,Uttar Pradesh,Kannauj,district,FAO/GAUL/2015/level2,matched,70268,83.6179,S1,interim_s1_only,s1_interim,aoi,unavailable,no_pre_imagery,,83.6179,,,,,,,,,,no-sits,False,1.5,,-14.25,False,BOTH,5.0,3.0,2015.5466,72.1337,1644.3461,2078.0905279653666,83.6179,S1,no_optical_s1,fs1-3016a20fd3ad
E077::kanpur%20dehat,E077,2018-0370-IND,2018-09-01,Uttar Pradesh,Kanpur Dehat,district,FAO/GAUL/2015/level2,matched,70269,144.7479,S1,interim_s1_only,s1_interim,aoi,unavailable,no_pre_imagery,,144.7479,,,,,,,,,,no-sits,False,7.0,,-14.25,False,BOTH,6.0,4.0,4839.6776,132.1961,3943.8732,5042.756979466441,144.7479,S1,no_optical_s1,fs1-3016a20fd3ad
E077::kanpur%20nagar,E077,2018-0370-IND,2018-09-01,Uttar Pradesh,Kanpur Nagar,district,geoBoundaries/gbOpen/IND/ADM2/2021@8bef6929fd65432e7dc775e7c44473e84efff064ebddbfd6b834e6291546db40,matched,76128533B23710487943819,52.6394,S1,interim_s1_only,s1_interim,aoi,unavailable,no_pre_imagery,,52.6394,,,,,,,,,,no-sits,False,17.7,,-15.25,False,BOTH,6.0,4.0,2803.3297,205.4585,2078.6691,2904.729879575877,52.6394,S1,no_optical_s1,fs1-3016a20fd3ad
E077::kasganj,E077,2018-0370-IND,2018-09-01,Uttar Pradesh,Kasganj,district,geoBoundaries/gbOpen/IND/ADM2/2021@8bef6929fd65432e7dc775e7c44473e84efff064ebddbfd6b834e6291546db40,matched,76128533B7643504807381,62.678,S1,interim_s1_only,s1_interim,aoi,unavailable,no_pre_imagery,,62.678,,,,,,,,,,no-sits,False,0.0,,-15.75,False,BOTH,7.0,3.0,1960.3782,67.5225,1582.6365,2019.3990921936088,62.678,S1,no_optical_s1,fs1-3016a20fd3ad
E077::kushinagar,E077,2018-0370-IND,2018-09-01,Uttar Pradesh,Kushinagar,district,FAO/GAUL/2015/level2,matched,70271,38.1341,S1,interim_s1_only,s1_interim,aoi,unavailable,no_post_imagery,,38.1341,,,,,,,,,,no-sits,False,100.0,,-15.25,False,BOTH,5.0,0.0,2844.4186,149.7609,2025.279,2893.16087554316,38.1341,S1,no_optical_s1,fs1-3016a20fd3ad
E077::lakhimpur%20kheri,E077,2018-0370-IND,2018-09-01,Uttar Pradesh,Lakhimpur Kheri,district,FAO/GAUL/2015/level2,matched,17921,172.932,S1,interim_s1_only,s1_interim,aoi,unavailable,no_pre_imagery,,172.932,,,,,,,,,,no-sits,False,98.9,,-15.25,False,BOTH,6.0,1.0,7230.8731,186.4498,4775.211,7708.742992388735,172.932,S1,no_optical_s1,fs1-3016a20fd3ad
E077::mau,E077,2018-0370-IND,2018-09-01,Uttar Pradesh,Mau,district,FAO/GAUL/2015/level2,matched,70274,33.4554,S1,interim_s1_only,s1_interim,aoi,unavailable,no_post_imagery,,33.4554,,,,,,,,,,no-sits,False,100.0,,-15.25,False,BOTH,7.0,0.0,1950.1749,112.689,1547.8662,2070.491760227604,33.4554,S1,no_optical_s1,fs1-3016a20fd3ad
E077::moradabad,E077,2018-0370-IND,2018-09-01,Uttar Pradesh,Moradabad,district,FAO/GAUL/2015/level2,matched,17928,14.9587,S1,interim_s1_only,s1_interim,aoi,unavailable,no_pre_imagery,,14.9587,,,,,,,,,,no-sits,False,0.3,,-16.0,True,BOTH,4.0,2.0,3302.53,204.4369,2466.3601,3381.0455742757763,14.9587,S1,no_optical_s1,fs1-3016a20fd3ad
E077::pilibhit,E077,2018-0370-IND,2018-09-01,Uttar Pradesh,Pilibhit,district,FAO/GAUL/2015/level2,matched,17931,517.5724,S1,interim_s1_only,s1_interim,aoi,unavailable,no_post_imagery,,517.5724,,,,,,,,,,no-sits,False,100.0,,-13.75,False,BOTH,6.0,0.0,3379.1475,80.6685,2168.8889,3594.1579683602813,517.5724,S1,no_optical_s1,fs1-3016a20fd3ad
E077::sant%20kabir%20nagar,E077,2018-0370-IND,2018-09-01,Uttar Pradesh,Sant Kabir Nagar,district,FAO/GAUL/2015/level2,matched,70275,17.4387,S1,interim_s1_only,s1_interim,aoi,unavailable,no_post_imagery,,17.4387,,,,,,,,,,no-sits,False,100.0,,-16.75,False,BOTH,4.0,0.0,1268.8107,62.8775,1002.3844,1329.179989070325,17.4387,S1,no_optical_s1,fs1-3016a20fd3ad
E077::siddharthnagar,E077,2018-0370-IND,2018-09-01,Uttar Pradesh,Siddharthnagar,district,FAO/GAUL/2015/level2,matched,70278,31.4464,S1,interim_s1_only,s1_interim,aoi,unavailable,no_post_imagery,,31.4464,,,,,,,,,,no-sits,False,100.0,,-16.0,True,BOTH,8.0,0.0,3290.957,110.3568,2735.2173,3492.6137371813147,31.4464,S1,no_optical_s1,fs1-3016a20fd3ad
E077::sitapur,E077,2018-0370-IND,2018-09-01,Uttar Pradesh,Sitapur,district,FAO/GAUL/2015/level2,matched,17938,61.727,S1,interim_s1_only,s1_interim,aoi,unavailable,no_post_imagery,,61.727,,,,,,,,,,no-sits,False,100.0,,-15.25,False,BOTH,10.0,0.0,5411.2124,174.1786,3918.02,5789.793396469067,61.727,S1,no_optical_s1,fs1-3016a20fd3ad
E077::unnao,E077,2018-0370-IND,2018-09-01,Uttar Pradesh,Unnao,district,FAO/GAUL/2015/level2,matched,17941,232.7259,S1,interim_s1_only,s1_interim,aoi,unavailable,no_pre_imagery,,232.7259,,,,,,,,,,no-sits,False,62.6,,-15.75,False,BOTH,5.0,2.0,4416.467,147.0561,3204.5727,4606.848065112721,232.7259,S1,no_optical_s1,fs1-3016a20fd3ad
E079::amritsar,E079,2018-0372-IND,2018-09-23,Punjab,Amritsar,district,FAO/GAUL/2015/level2,matched,17821,80.0252,S1,interim_s1_only,s1_interim,aoi,unavailable,no_pre_imagery,,80.0252,,,,,,,,,,no-sits,False,0.5,,-16.0,True,BOTH,4.0,5.0,3987.6435,260.8036,3497.4723,4850.355487392105,80.0252,S1,no_optical_s1,fs1-3016a20fd3ad
E079::faridkot,E079,2018-0372-IND,2018-09-23,Punjab,Faridkot,district,FAO/GAUL/2015/level2,matched,70230,37.4184,S1,interim_s1_only,s1_interim,aoi,ok,ok,,37.4184,0.013,0.013,0.0,340.2329,1417.918,28.7178,0.0222,0.9918,0.289,otsu,True,0.3,0.0243,-16.0,True,BOTH,3.0,3.0,1292.5969,65.9584,1161.1232,1449.1523634868656,0.013,NDWI,sits_gate_failed,fs1-3016a20fd3ad
E079::fazilka,E079,2018-0372-IND,2018-09-23,Punjab,Fazilka,district,geoBoundaries/gbOpen/IND/ADM2/2021@8bef6929fd65432e7dc775e7c44473e84efff064ebddbfd6b834e6291546db40,matched,76128533B7291413308870,135.0405,S1,interim_s1_only,s1_interim,aoi,ok,ok,,135.0405,1.1515,1.0721,0.1398,816.8523,3182.598,661.5381,0.2116,31.4094,0.336,otsu,True,0.7,0.217,-16.0,True,BOTH,6.0,5.0,3125.647,127.0779,2741.2245,3260.9663717370954,1.1515,NDWI,sits_gate_failed,fs1-3016a20fd3ad
E079::ferozepur,E079,2018-0372-IND,2018-09-23,Punjab,Ferozepur,district,geoBoundaries/gbOpen/IND/ADM2/2021@8bef6929fd65432e7dc775e7c44473e84efff064ebddbfd6b834e6291546db40,matched,76128533B421757708753,364.4843,S1,interim_s1_only,s1_interim,aoi,unavailable,no_pre_imagery,,364.4843,,,,,,,,,,no-sits,False,0.0,,-13.25,False,BOTH,3.0,3.0,1688.1593,83.0845,1518.4409,2043.7012138180369,364.4843,S1,no_optical_s1,fs1-3016a20fd3ad
E079::hoshiarpur,E079,2018-0372-IND,2018-09-23,Punjab,Hoshiarpur,district,FAO/GAUL/2015/level2,matched,17827,49.0916,S1,interim_s1_only,s1_interim,aoi,ok,ok,,49.0916,0.2906,0.2712,0.0186,548.3913,3073.1316,217.1411,0.0763,1.2399,0.289,otsu,True,1.6,0.082,-16.0,True,BOTH,9.0,5.0,2845.513,156.1101,1853.9934,3362.8966396342144,0.2906,NDWI,sits_gate_failed,fs1-3016a20fd3ad
E079::jalandhar,E079,2018-0372-IND,2018-09-23,Punjab,Jalandhar,district,FAO/GAUL/2015/level2,matched,17828,82.3202,S1,interim_s1_only,s1_interim,aoi,unavailable,no_pre_imagery,,82.3202,,,,,,,,,,no-sits,False,0.0,,-16.0,True,BOTH,9.0,4.0,2536.5667,200.5457,2140.6614,2605.0531477191817,82.3202,S1,no_optical_s1,fs1-3016a20fd3ad
E079::ludhiana,E079,2018-0372-IND,2018-09-23,Punjab,Ludhiana,district,FAO/GAUL/2015/level2,matched,17830,140.1782,S1,interim_s1_only,s1_interim,aoi,ok,ok,,140.1782,4.1513,4.0561,1.3194,686.0848,3524.3746,1574.2577,0.4914,56.0686,0.258,otsu,True,0.0,0.5019,-16.0,True,BOTH,5.0,6.0,3203.7682,294.0705,2636.351,3573.1078179391798,4.1513,NDWI,sits_gate_failed,fs1-3016a20fd3ad
E079::moga,E079,2018-0372-IND,2018-09-23,Punjab,Moga,district,FAO/GAUL/2015/level2,matched,70233,410.7847,S1,interim_s1_only,s1_interim,aoi,ok,ok,,410.7847,0.5363,0.5203,0.0701,236.5274,1388.8262,774.3737,0.3428,120.4786,0.18,otsu,True,0.0,0.3481,-13.25,False,BOTH,5.0,5.0,2258.8489,117.7557,2066.4633,2304.7121791106997,0.5363,NDWI,sits_gate_failed,fs1-3016a20fd3ad
E079::muktsar,E079,2018-0372-IND,2018-09-23,Punjab,Muktsar,district,FAO/GAUL/2015/level2,matched,70234,91.9764,S1,interim_s1_only,s1_interim,aoi,unavailable,no_pre_imagery,,91.9764,,,,,,,,,,no-sits,False,0.4,,-16.0,True,BOTH,2.0,2.0,2525.1892,110.2296,2288.6262,2601.679753255548,91.9764,S1,no_optical_s1,fs1-3016a20fd3ad
E079::pathankot,E079,2018-0372-IND,2018-09-23,Punjab,Pathankot,district,geoBoundaries/gbOpen/IND/ADM2/2021@8bef6929fd65432e7dc775e7c44473e84efff064ebddbfd6b834e6291546db40,matched,76128533B19630094725383,12.7821,S1,interim_s1_only,s1_interim,aoi,unavailable,no_pre_imagery,,12.7821,,,,,,,,,,no-sits,False,17.4,,-15.75,False,BOTH,3.0,1.0,751.4754,46.7949,463.8746,999.949013574026,12.7821,S1,no_optical_s1,fs1-3016a20fd3ad
E079::tarn%20taran,E079,2018-0372-IND,2018-09-23,Punjab,Tarn Taran,district,geoBoundaries/gbOpen/IND/ADM2/2021@8bef6929fd65432e7dc775e7c44473e84efff064ebddbfd6b834e6291546db40,matched,76128533B54652028494758,59.2829,S1,interim_s1_only,s1_interim,aoi,unavailable,no_pre_imagery,,59.2829,,,,,,,,,,no-sits,False,0.0,,-16.0,True,BOTH,4.0,4.0,2111.1429,92.9856,1911.0742,2426.872858514094,59.2829,S1,no_optical_s1,fs1-3016a20fd3ad
E080::mumbai%20city,E080,2019-0288-IND,2019-06-28,Maharashtra,Mumbai City,district,FAO/GAUL/2015/level2,matched,70184,0.2441,S1,interim_s1_only,s1_interim,aoi,unavailable,no_usable_pixels,,0.2441,0.0,,,,,,,,,no-sits,True,100.0,0.0,-16.0,True,DESCENDING,1.0,1.0,58.1333,39.1202,1.5888,77.22400864672608,0.2441,S1,no_optical_s1,fs1-3016a20fd3ad
E080::pune,E080,2019-0288-IND,2019-06-28,Maharashtra,Pune,district,FAO/GAUL/2015/level2,matched,17776,5.9231,S1,interim_s1_only,s1_interim,aoi,ok,ok,,5.9231,174.3171,158.7082,129.5153,983.074,1430.5993,726.8427,0.0705,0.1131,0.559,ndwi-calib,True,89.4,0.0911,-16.0,True,DESCENDING,2.0,6.0,10303.2933,728.4543,6115.6464,15649.899791716924,5.9231,S1,cloud_routed_to_s1,fs1-3016a20fd3ad
E080::ratnagiri,E080,2019-0288-IND,2019-06-28,Maharashtra,Ratnagiri,district,FAO/GAUL/2015/level2,matched,17778,2.7466,S1,interim_s1_only,s1_interim,aoi,ok,ok,,2.7466,3.9696,1.2875,1.1566,249.9154,624.3829,113.4984,0.0467,0.0001,0.336,otsu,True,88.2,0.0856,-16.0,True,DESCENDING,1.0,2.0,2431.7672,30.6964,287.6809,8501.126377449938,2.7466,S1,cloud_routed_to_s1,fs1-3016a20fd3ad
E081::baksa,E081,2019-0331-IND,2019-07-14,Assam,Baksa,district,geoBoundaries/gbOpen/IND/ADM2/2021@8bef6929fd65432e7dc775e7c44473e84efff064ebddbfd6b834e6291546db40,matched,76128533B8221925175605,418.5559,S1,interim_s1_only,s1_interim,aoi,ok,ok,,418.5559,47.8479,43.0714,7.6526,243.3434,1519.5202,1288.4714,0.5796,257.2836,0.211,low-conf,True,32.0,0.6377,-13.25,False,BOTH,10.0,1.0,2223.2273,18.4823,1034.5191,2398.6209171216783,47.8479,NDWI,sits_gate_failed,fs1-3016a20fd3ad
E081::barpeta,E081,2019-0331-IND,2019-07-14,Assam,Barpeta,district,FAO/GAUL/2015/level2,matched,17576,655.1889,S1,interim_s1_only,s1_interim,aoi,ok,ok,,655.1889,113.4248,83.0181,55.7675,346.4994,704.0746,577.7792,0.2077,99.1853,0.164,ndwi-calib,True,74.1,0.2581,-16.75,False,BOTH,9.0,4.0,2781.8165,53.1895,1401.2032,3253.622989828742,655.1889,S1,cloud_routed_to_s1,fs1-3016a20fd3ad
E081::biswanath,E081,2019-0331-IND,2019-07-14,Assam,Biswanath,district,geoBoundaries/gbOpen/IND/ADM2/2021@8bef6929fd65432e7dc775e7c44473e84efff064ebddbfd6b834e6291546db40,matched,76128533B40714385808093,131.2528,S1,interim_s1_only,s1_interim,aoi,unavailable,no_usable_pixels,,131.2528,0.0207,,,,,,,,,no-sits,True,100.0,0.0002,-16.75,False,BOTH,5.0,1.0,1560.1555,18.4415,730.5119,1795.9804068304836,131.2528,S1,no_optical_s1,fs1-3016a20fd3ad
E081::bongaigaon,E081,2019-0331-IND,2019-07-14,Assam,Bongaigaon,district,FAO/GAUL/2015/level2,matched,70086,251.4619,S1,interim_s1_only,s1_interim,aoi,ok,ok,,251.4619,1.0436,0.0897,0.0897,2.4555,4.9113,1.0427,0.0006,0.2521,0.414,otsu,True,99.2,0.0044,-15.25,False,BOTH,8.0,8.0,1849.5033,30.7452,701.4281,2332.582799042809,251.4619,S1,cloud_routed_to_s1,fs1-3016a20fd3ad
E081::cachar,E081,2019-0331-IND,2019-07-14,Assam,Cachar,district,FAO/GAUL/2015/level2,matched,17577,336.5385,S1,interim_s1_only,s1_interim,aoi,unavailable,no_post_imagery,,336.5385,,,,,,,,,,no-sits,False,100.0,,-16.25,False,BOTH,5.0,0.0,1742.352,28.6315,777.3899,3806.329961738336,336.5385,S1,no_optical_s1,fs1-3016a20fd3ad
E081::charaideo,E081,2019-0331-IND,2019-07-14,Assam,Charaideo,district,geoBoundaries/gbOpen/IND/ADM2/2021@8bef6929fd65432e7dc775e7c44473e84efff064ebddbfd6b834e6291546db40,matched,76128533B89228414823983,61.3481,S1,interim_s1_only,s1_interim,aoi,ok,ok,,61.3481,0.0209,0.0027,0.002,15.9676,36.8477,18.3634,0.0192,0.063,0.164,otsu,True,94.8,0.0342,-16.0,True,BOTH,4.0,2.0,956.9246,11.1538,434.3126,1051.5010239181354,61.3481,S1,cloud_routed_to_s1,fs1-3016a20fd3ad
E081::chirang,E081,2019-0331-IND,2019-07-14,Assam,Chirang,district,geoBoundaries/gbOpen/IND/ADM2/2021@8bef6929fd65432e7dc775e7c44473e84efff064ebddbfd6b834e6291546db40,matched,76128533B56012535339305,93.1555,S1,interim_s1_only,s1_interim,aoi,ok,ok,,93.1555,0.4533,0.2755,0.2566,12.6882,76.9485,66.433,0.0449,0.5881,0.383,otsu,True,93.1,0.07,-16.0,True,BOTH,8.0,2.0,1479.252,14.0007,493.708,1586.6528982343073,93.1555,S1,cloud_routed_to_s1,fs1-3016a20fd3ad
E081::darrang,E081,2019-0331-IND,2019-07-14,Assam,Darrang,district,FAO/GAUL/2015/level2,matched,17578,382.0176,S1,interim_s1_only,s1_interim,aoi,ok,ok,,382.0176,105.8127,72.3388,55.5689,932.3628,1834.7623,1447.6243,0.4708,112.7953,0.103,ndwi-calib,True,39.9,0.545,-16.75,False,BOTH,8.0,3.0,3074.5271,59.1961,1652.486,3426.9679336953163,55.5689,SITS_NDWI,sits_gate_passed,fs1-3016a20fd3ad
E081::dhemaji,E081,2019-0331-IND,2019-07-14,Assam,Dhemaji,district,FAO/GAUL/2015/level2,matched,70087,423.2511,S1,interim_s1_only,s1_interim,aoi,unavailable,no_usable_pixels,,423.2511,0.2505,,,,,,,,,no-sits,True,100.0,0.0002,-15.25,False,BOTH,4.0,1.0,2240.4877,21.9993,1222.1808,2503.3476339074205,423.2511,S1,no_optical_s1,fs1-3016a20fd3ad
E081::dhubri,E081,2019-0331-IND,2019-07-14,Assam,Dhubri,district,geoBoundaries/gbOpen/IND/ADM2/2021@8bef6929fd65432e7dc775e7c44473e84efff064ebddbfd6b834e6291546db40,matched,76128533B25835998628545,415.5466,S1,interim_s1_only,s1_interim,aoi,ok,ok,,415.5466,22.2005,6.8462,6.1451,27.0065,33.1446,20.6388,0.0134,5.541,0.225,ndwi-calib,True,94.4,0.0529,-15.75,False,BOTH,3.0,11.0,1545.8668,29.1865,884.5081,1790.2800774622651,415.5466,S1,cloud_routed_to_s1,fs1-3016a20fd3ad
E081::dibrugarh,E081,2019-0331-IND,2019-07-14,Assam,Dibrugarh,district,FAO/GAUL/2015/level2,matched,17580,349.2091,S1,interim_s1_only,s1_interim,aoi,unavailable,no_usable_pixels,,349.2091,0.0038,,,,,,,,,no-sits,True,100.0,0.0,-16.25,False,BOTH,5.0,2.0,2887.5515,56.4443,1158.2783,3397.4818067287138,349.2091,S1,no_optical_s1,fs1-3016a20fd3ad
E081::goalpara,E081,2019-0331-IND,2019-07-14,Assam,Goalpara,district,FAO/GAUL/2015/level2,matched,17581,243.6011,S1,interim_s1_only,s1_interim,aoi,ok,ok,,243.6011,50.7327,37.2357,13.8461,100.6759,332.7653,218.2304,0.1549,41.4781,0.445,low-conf,True,75.8,0.237,-16.75,False,BOTH,5.0,9.0,1408.4225,27.3769,712.6012,1904.60564716237,243.6011,S1,cloud_routed_to_s1,fs1-3016a20fd3ad
E081::golaghat,E081,2019-0331-IND,2019-07-14,Assam,Golaghat,district,FAO/GAUL/2015/level2,matched,17582,160.7601,S1,interim_s1_only,s1_interim,aoi,unavailable,no_post_imagery,,160.7601,,,,,,,,,,no-sits,False,100.0,,-16.75,False,BOTH,3.0,0.0,3111.5422,41.889,1494.8322,3532.2679838886856,160.7601,S1,no_optical_s1,fs1-3016a20fd3ad
E081::hailakandi,E081,2019-0331-IND,2019-07-14,Assam,Hailakandi,district,FAO/GAUL/2015/level2,matched,70088,114.3158,S1,interim_s1_only,s1_interim,aoi,unavailable,no_post_imagery,,114.3158,,,,,,,,,,no-sits,False,100.0,,-16.25,False,BOTH,3.0,0.0,629.4125,6.1457,284.6509,1336.4605858584375,114.3158,S1,no_optical_s1,fs1-3016a20fd3ad
E081::hojai,E081,2019-0331-IND,2019-07-14,Assam,Hojai,district,geoBoundaries/gbOpen/IND/ADM2/2021@8bef6929fd65432e7dc775e7c44473e84efff064ebddbfd6b834e6291546db40,matched,76128533B70315194619807,264.9065,S1,interim_s1_only,s1_interim,aoi,ok,ok,,264.9065,8.3714,1.7232,1.2933,6.9687,31.5642,11.0273,0.0111,1.4944,0.43,otsu,True,95.1,0.0373,-13.75,False,BOTH,5.0,2.0,989.2694,26.6879,580.9443,1456.4677644954024,264.9065,S1,cloud_routed_to_s1,fs1-3016a20fd3ad
E081::jorhat,E081,2019-0331-IND,2019-07-14,Assam,Jorhat,district,FAO/GAUL/2015/level2,matched,70089,129.3638,S1,interim_s1_only,s1_interim,aoi,unavailable,no_post_imagery,,129.3638,,,,,,,,,,no-sits,False,100.0,,-17.25,False,BOTH,4.0,0.0,2306.1826,46.9407,1139.7231,2842.716884638612,129.3638,S1,no_optical_s1,fs1-3016a20fd3ad
E081::kamrup,E081,2019-0331-IND,2019-07-14,Assam,Kamrup,district,FAO/GAUL/2015/level2,matched,17583,645.8695,S1,interim_s1_only,s1_interim,aoi,ok,ok,,645.8695,313.6566,245.3749,117.3777,505.5485,1615.0684,1028.6945,0.363,255.3546,0.308,ndwi-calib,True,52.8,0.4803,-15.75,False,BOTH,10.0,6.0,2833.5254,161.5654,1408.6863,4348.6225796054405,245.3749,SITS_NDWI_RESTORED,sits_restored_by_s1,fs1-3016a20fd3ad
E081::kamrup%20metropolitan,E081,2019-0331-IND,2019-07-14,Assam,Kamrup Metropolitan,district,geoBoundaries/gbOpen/IND/ADM2/2021@8bef6929fd65432e7dc775e7c44473e84efff064ebddbfd6b834e6291546db40,matched,76128533B38230828972906,83.2415,S1,interim_s1_only,s1_interim,aoi,ok,ok,,83.2415,33.2803,19.2503,11.0751,83.5997,336.4348,86.357,0.1925,18.2123,0.293,ndwi-calib,True,57.4,0.3433,-15.25,False,BOTH,4.0,4.0,448.608,80.2055,184.2046,1131.541200086081,11.0751,SITS_NDWI,sits_gate_passed,fs1-3016a20fd3ad
E081::karbi%20anglong,E081,2019-0331-IND,2019-07-14,Assam,Karbi Anglong,district,FAO/GAUL/2015/level2,matched,17584,120.6229,S1,interim_s1_only,s1_interim,aoi,ok,ok,,120.6229,3.3358,1.3165,1.2774,219.2986,613.2143,111.0409,0.038,0.9619,0.18,otsu,True,92.2,0.0575,-16.0,True,BOTH,7.0,2.0,2925.3894,20.1574,925.2248,10446.406497647093,120.6229,S1,cloud_routed_to_s1,fs1-3016a20fd3ad
E081::karimganj,E081,2019-0331-IND,2019-07-14,Assam,Karimganj,district,FAO/GAUL/2015/level2,matched,17585,203.9526,S1,interim_s1_only,s1_interim,aoi,ok,ok,,203.9526,0.9395,0.3914,0.2335,40.5787,142.6396,54.1978,0.0516,1.2132,0.289,otsu,True,90.1,0.0796,-14.75,False,BOTH,3.0,2.0,1051.2523,8.5912,454.5248,1856.722473230466,203.9526,S1,cloud_routed_to_s1,fs1-3016a20fd3ad
E081::kokrajhar,E081,2019-0331-IND,2019-07-14,Assam,Kokrajhar,district,FAO/GAUL/2015/level2,matched,70090,233.9059,S1,interim_s1_only,s1_interim,aoi,ok,ok,,233.9059,11.0312,4.4118,4.1867,88.8028,335.1557,259.8884,0.0849,1.1523,0.257,ndwi-calib,True,87.1,0.1176,-16.0,True,BOTH,9.0,3.0,3061.7037,20.8028,1277.9815,3329.2233881813268,233.9059,S1,cloud_routed_to_s1,fs1-3016a20fd3ad
E081::lakhimpur,E081,2019-0331-IND,2019-07-14,Assam,Lakhimpur,district,FAO/GAUL/2015/level2,matched,70091,331.1691,S1,interim_s1_only,s1_interim,aoi,unavailable,no_post_imagery,,331.1691,,,,,,,,,,no-sits,False,100.0,,-15.25,False,BOTH,6.0,0.0,2563.3875,26.0117,1480.1181,2886.5239581816727,331.1691,S1,no_optical_s1,fs1-3016a20fd3ad
E081::majuli,E081,2019-0331-IND,2019-07-14,Assam,Majuli,district,geoBoundaries/gbOpen/IND/ADM2/2021@8bef6929fd65432e7dc775e7c44473e84efff064ebddbfd6b834e6291546db40,matched,76128533B15157901669242,71.2048,S1,interim_s1_only,s1_interim,aoi,unavailable,no_post_imagery,,71.2048,,,,,,,,,,no-sits,False,100.0,,-17.75,False,BOTH,5.0,0.0,895.4552,4.9644,388.9801,1250.5943287676694,71.2048,S1,no_optical_s1,fs1-3016a20fd3ad
E081::morigaon,E081,2019-0331-IND,2019-07-14,Assam,Morigaon,district,geoBoundaries/gbOpen/IND/ADM2/2021@8bef6929fd65432e7dc775e7c44473e84efff064ebddbfd6b834e6291546db40,matched,76128533B17968019348564,457.1249,S1,interim_s1_only,s1_interim,aoi,ok,ok,,457.1249,193.9338,69.1523,55.0239,249.208,447.185,340.8881,0.2599,78.9958,0.16,ndwi-calib,True,44.7,0.517,-17.25,False,BOTH,3.0,4.0,1311.7575,29.7776,855.9907,1508.3262903435707,55.0239,SITS_NDWI,sits_gate_passed,fs1-3016a20fd3ad
E081::nagaon,E081,2019-0331-IND,2019-07-14,Assam,Nagaon,district,FAO/GAUL/2015/level2,matched,17589,637.8704,S1,interim_s1_only,s1_interim,aoi,ok,ok,,637.8704,54.4718,26.3323,16.6078,191.4292,416.4699,320.9028,0.1035,53.1694,0.263,ndwi-calib,True,83.9,0.1775,-15.25,False,BOTH,6.0,2.0,3099.3518,85.1365,1748.5294,3997.4423095607103,637.8704,S1,cloud_routed_to_s1,fs1-3016a20fd3ad
E081::nalbari,E081,2019-0331-IND,2019-07-14,Assam,Nalbari,district,FAO/GAUL/2015/level2,matched,17590,426.3039,S1,interim_s1_only,s1_interim,aoi,ok,ok,,426.3039,136.4884,119.9447,44.4241,251.9445,1677.6653,1351.4707,0.6443,258.7238,0.345,ndwi-calib,True,23.2,0.7085,-14.75,False,BOTH,8.0,2.0,2097.5834,38.1238,1132.0605,2339.8796955273547,119.9447,SITS_NDWI_RESTORED,sits_restored_by_s1,fs1-3016a20fd3ad
E081::sivasagar,E081,2019-0331-IND,2019-07-14,Assam,Sivasagar,district,geoBoundaries/gbOpen/IND/ADM2/2021@8bef6929fd65432e7dc775e7c44473e84efff064ebddbfd6b834e6291546db40,matched,76128533B21722277889516,295.5608,S1,interim_s1_only,s1_interim,aoi,unavailable,no_post_imagery,,295.5608,,,,,,,,,,no-sits,False,100.0,,-13.25,False,BOTH,5.0,0.0,1387.3046,33.7338,786.7767,1526.651765771626,295.5608,S1,no_optical_s1,fs1-3016a20fd3ad
E081::sonitpur,E081,2019-0331-IND,2019-07-14,Assam,Sonitpur,district,FAO/GAUL/2015/level2,matched,17593,396.6309,S1,interim_s1_only,s1_interim,aoi,ok,ok,,396.6309,40.712,15.1942,13.3247,58.2069,168.8781,124.2403,0.0304,12.4125,0.53,ndwi-calib,True,94.3,0.0536,-17.75,False,BOTH,8.0,1.0,4081.5881,70.4035,1950.1255,4676.158375740257,396.6309,S1,cloud_routed_to_s1,fs1-3016a20fd3ad
E081::south%20salmara,E081,2019-0331-IND,2019-07-14,Assam,South Salmara,district,geoBoundaries/gbOpen/IND/ADM2/2021@8bef6929fd65432e7dc775e7c44473e84efff064ebddbfd6b834e6291546db40,matched,76128533B20298037622173,127.8297,S1,interim_s1_only,s1_interim,aoi,ok,ok,,127.8297,49.2943,28.0137,7.5666,55.2145,150.5164,103.2818,0.2183,22.1031,0.43,low-conf,True,67.8,0.3434,-16.25,False,BOTH,3.0,8.0,473.1623,8.762,258.8428,719.1856651342704,127.8297,S1,cloud_routed_to_s1,fs1-3016a20fd3ad
E081::tinsukia,E081,2019-0331-IND,2019-07-14,Assam,Tinsukia,district,FAO/GAUL/2015/level2,matched,70093,194.7486,S1,interim_s1_only,s1_interim,aoi,ok,ok,,194.7486,0.8222,0.0013,0.0013,0.8185,0.8185,0.1347,0.0,0.0249,0.336,otsu,True,99.9,0.0006,-15.25,False,BOTH,4.0,2.0,3303.9786,35.8835,942.5054,3799.190193815676,194.7486,S1,cloud_routed_to_s1,fs1-3016a20fd3ad
E081::udalguri,E081,2019-0331-IND,2019-07-14,Assam,Udalguri,district,geoBoundaries/gbOpen/IND/ADM2/2021@8bef6929fd65432e7dc775e7c44473e84efff064ebddbfd6b834e6291546db40,matched,76128533B20307518801538,119.7309,S1,interim_s1_only,s1_interim,aoi,ok,ok,,119.7309,26.8554,23.1005,19.3972,910.2166,1324.5299,1119.5465,0.5885,61.7577,0.074,ndwi-calib,True,30.0,0.6575,-16.0,True,BOTH,8.0,2.0,1902.4689,22.7021,962.0185,2056.2913712488385,19.3972,SITS_NDWI,sits_gate_passed,fs1-3016a20fd3ad
E081::west%20karbi%20anglong,E081,2019-0331-IND,2019-07-14,Assam,West Karbi Anglong,district,geoBoundaries/gbOpen/IND/ADM2/2021@8bef6929fd65432e7dc775e7c44473e84efff064ebddbfd6b834e6291546db40,matched,76128533B57995625790051,32.7593,S1,interim_s1_only,s1_interim,aoi,ok,ok,,32.7593,3.2055,1.2512,1.0075,172.5686,579.1904,107.9157,0.1425,0.8762,0.195,otsu,True,75.5,0.2114,-16.0,True,BOTH,4.0,2.0,757.2,3.4195,291.1598,3106.6868691946506,32.7593,S1,cloud_routed_to_s1,fs1-3016a20fd3ad
E082::araria,E082,2019-0331-IND,2019-07-14,Bihar,Araria,district,FAO/GAUL/2015/level2,matched,70094,938.9668,S1,interim_s1_only,s1_interim,aoi,ok,ok,,938.9668,413.103,374.9111,187.068,650.5194,1882.7187,1713.4042,0.6155,578.389,0.387,ndwi-calib,True,27.5,0.6989,-14.75,False,BOTH,7.0,7.0,2783.8584,111.3615,2041.9874,2825.348194194397,374.9111,SITS_NDWI_RESTORED,sits_restored_by_s1,fs1-3016a20fd3ad
E082::darbhanga,E082,2019-0331-IND,2019-07-14,Bihar,Darbhanga,district,FAO/GAUL/2015/level2,matched,17598,759.8922,S1,interim_s1_only,s1_interim,aoi,ok,ok,,759.8922,117.1745,95.6627,30.3285,355.737,747.5421,428.4674,0.2025,118.824,0.617,low-conf,True,60.2,0.2578,-16.25,False,BOTH,3.0,5.0,2116.2992,123.9895,1491.5896,2293.727225126986,759.8922,S1,cloud_routed_to_s1,fs1-3016a20fd3ad
E082::east%20champaran,E082,2019-0331-IND,2019-07-14,Bihar,East Champaran,district,geoBoundaries/gbOpen/IND/ADM2/2021@8bef6929fd65432e7dc775e7c44473e84efff064ebddbfd6b834e6291546db40,matched,76128533B49017555803526,1199.7548,S1,interim_s1_only,s1_interim,aoi,ok,ok,,1199.7548,609.5285,521.5213,430.7128,1574.514,2405.3019,2188.3014,0.5406,630.2537,0.504,ndwi-calib,True,32.2,0.6817,-15.75,False,BOTH,6.0,5.0,4047.632,223.9597,2855.6906,4209.432168721379,430.7128,SITS_NDWI,sits_gate_passed,fs1-3016a20fd3ad
E082::katihar,E082,2019-0331-IND,2019-07-14,Bihar,Katihar,district,FAO/GAUL/2015/level2,matched,17608,777.0454,S1,interim_s1_only,s1_interim,aoi,ok,ok,,777.0454,269.3512,195.2018,139.862,1064.0618,1710.8711,1482.8355,0.5214,290.5095,0.277,ndwi-calib,True,36.1,0.6488,-14.75,False,BOTH,4.0,5.0,2843.7093,132.403,2077.447,3068.3721590224136,139.862,SITS_NDWI,sits_gate_passed,fs1-3016a20fd3ad
E082::kishanganj,E082,2019-0331-IND,2019-07-14,Bihar,Kishanganj,district,FAO/GAUL/2015/level2,matched,70100,712.3735,S1,interim_s1_only,s1_interim,aoi,ok,ok,,712.3735,136.8822,125.2657,86.1034,855.3447,1581.9722,1443.8952,0.7792,542.1686,0.308,ndwi-calib,True,13.2,0.8656,-14.75,False,BOTH,4.0,6.0,1852.9673,64.5698,1314.1185,1932.7539351616576,86.1034,SITS_NDWI,sits_gate_passed,fs1-3016a20fd3ad
E082::madhubani,E082,2019-0331-IND,2019-07-14,Bihar,Madhubani,district,FAO/GAUL/2015/level2,matched,17611,950.1408,S1,interim_s1_only,s1_interim,aoi,ok,ok,,950.1408,499.9613,463.9304,384.462,1562.0228,2511.2927,1918.8332,0.5973,460.0739,0.431,ndwi-calib,True,24.5,0.637,-15.75,False,BOTH,6.0,5.0,3212.7477,159.6917,2236.3901,3457.42262983169,384.462,SITS_NDWI,sits_gate_passed,fs1-3016a20fd3ad
E082::muzaffarpur,E082,2019-0331-IND,2019-07-14,Bihar,Muzaffarpur,district,FAO/GAUL/2015/level2,matched,17613,488.6139,S1,interim_s1_only,s1_interim,aoi,ok,ok,,488.6139,172.757,127.8427,82.7753,847.0827,1844.4341,1689.8657,0.54,190.8945,0.577,ndwi-calib,True,34.6,0.6541,-15.75,False,BOTH,6.0,10.0,3129.3395,204.9248,2037.5739,3192.441978127565,82.7753,SITS_NDWI,sits_gate_passed,fs1-3016a20fd3ad
E082::purnia,E082,2019-0331-IND,2019-07-14,Bihar,Purnia,district,FAO/GAUL/2015/level2,matched,17621,734.4879,S1,interim_s1_only,s1_interim,aoi,ok,ok,,734.4879,265.6228,141.7056,91.4132,425.4741,1434.6789,1181.3581,0.3673,203.7288,0.493,ndwi-calib,True,40.8,0.5566,-14.25,False,BOTH,5.0,3.0,3216.5812,161.7457,2348.6834,3252.274864588641,91.4132,SITS_NDWI,sits_gate_passed,fs1-3016a20fd3ad
E082::saharsa,E082,2019-0331-IND,2019-07-14,Bihar,Saharsa,district,FAO/GAUL/2015/level2,matched,17624,328.9291,S1,interim_s1_only,s1_interim,aoi,ok,ok,,328.9291,35.017,16.9768,13.6879,52.0584,165.6043,99.077,0.062,19.3207,0.557,ndwi-calib,True,83.2,0.1213,-15.75,False,BOTH,3.0,1.0,1597.4024,73.4795,1156.81,1692.2702412487936,328.9291,S1,cloud_routed_to_s1,fs1-3016a20fd3ad
E082::sheohar,E082,2019-0331-IND,2019-07-14,Bihar,Sheohar,district,FAO/GAUL/2015/level2,matched,70103,186.8901,S1,interim_s1_only,s1_interim,aoi,ok,ok,,186.8901,76.6807,68.1724,53.7179,298.6321,521.0664,497.2021,0.8783,158.5172,0.497,ndwi-calib,True,5.7,0.9437,-16.25,False,BOTH,4.0,2.0,566.1197,25.7266,391.2231,575.6280849211931,53.7179,SITS_NDWI,sits_gate_passed,fs1-3016a20fd3ad
E082::sitamarhi,E082,2019-0331-IND,2019-07-14,Bihar,Sitamarhi,district,FAO/GAUL/2015/level2,matched,17630,719.1297,S1,interim_s1_only,s1_interim,aoi,ok,ok,,719.1297,143.6918,95.834,78.9869,454.754,694.8244,641.9869,0.3178,203.3668,0.317,ndwi-calib,True,58.5,0.4146,-15.75,False,BOTH,5.0,2.0,2019.8231,104.0527,1393.9537,2075.1609189491032,78.9869,SITS_NDWI,sits_gate_passed,fs1-3016a20fd3ad
E082::supaul,E082,2019-0331-IND,2019-07-14,Bihar,Supaul,district,FAO/GAUL/2015/level2,matched,70104,487.5948,S1,interim_s1_only,s1_interim,aoi,ok,ok,,487.5948,170.9852,157.7798,98.2927,385.3185,1936.4696,1611.2963,0.6923,335.9269,0.39,ndwi-calib,True,14.5,0.7507,-14.75,False,BOTH,7.0,5.0,2327.5369,73.558,1540.2276,2399.2927702222696,98.2927,SITS_NDWI,sits_gate_passed,fs1-3016a20fd3ad
E084::bagalkot,E084,2019-0331-IND,2019-07-14,Karnataka,Bagalkot,district,FAO/GAUL/2015/level2,matched,70157,693.3598,S1,interim_s1_only,s1_interim,aoi,ok,ok,,693.3598,64.0564,40.1683,12.1128,1561.1615,3892.1032,2900.3833,0.4951,296.4397,0.492,low-conf,True,22.2,0.615,-14.75,False,DESCENDING,2.0,9.0,5858.5775,115.598,4194.2864,6575.100985988591,64.0564,NDWI,sits_gate_failed,fs1-3016a20fd3ad
E084::belagavi,E084,2019-0331-IND,2019-07-14,Karnataka,Belagavi,district,geoBoundaries/gbOpen/IND/ADM2/2021@8bef6929fd65432e7dc775e7c44473e84efff064ebddbfd6b834e6291546db40,matched,76128533B74319098136622,1093.5972,S1,interim_s1_only,s1_interim,aoi,ok,ok,,1093.5972,44.6085,26.5204,11.713,1821.6955,4118.4936,3233.5364,0.2963,599.7109,0.508,low-conf,True,65.2,0.3534,-13.75,False,DESCENDING,4.0,9.0,10911.9771,215.1324,7249.3894,13437.79374447446,1093.5972,S1,cloud_routed_to_s1,fs1-3016a20fd3ad
E084::chikkamagaluru,E084,2019-0331-IND,2019-07-14,Karnataka,Chikkamagaluru,district,geoBoundaries/gbOpen/IND/ADM2/2021@8bef6929fd65432e7dc775e7c44473e84efff064ebddbfd6b834e6291546db40,matched,76128533B15550697205080,95.5307,S1,interim_s1_only,s1_interim,aoi,ok,ok,,95.5307,0.1576,0.0028,0.0004,144.6593,201.6222,155.1687,0.0493,6.3402,0.586,otsu,True,88.3,0.0793,-16.0,True,BOTH,5.0,4.0,3145.504,67.1392,1109.3502,6937.325023111647,95.5307,S1,cloud_routed_to_s1,fs1-3016a20fd3ad
E084::dakshina%20kannada,E084,2019-0331-IND,2019-07-14,Karnataka,Dakshina Kannada,district,geoBoundaries/gbOpen/IND/ADM2/2021@8bef6929fd65432e7dc775e7c44473e84efff064ebddbfd6b834e6291546db40,matched,76128533B54396396829952,15.534,S1,interim_s1_only,s1_interim,aoi,ok,ok,,15.534,0.0467,0.0016,0.0016,0.4099,0.4099,0.174,0.0001,0.0,0.5,otsu,True,99.9,0.0004,-16.0,True,BOTH,3.0,2.0,1903.6271,72.1213,43.5702,5243.21897884346,15.534,S1,cloud_routed_to_s1,fs1-3016a20fd3ad
E084::hassan,E084,2019-0331-IND,2019-07-14,Karnataka,Hassan,district,FAO/GAUL/2015/level2,matched,17688,45.603,S1,interim_s1_only,s1_interim,aoi,ok,ok,,45.603,2.063,0.2439,0.1809,309.7714,585.1233,409.5924,0.086,3.1285,0.555,otsu,True,75.8,0.1617,-16.0,True,BOTH,6.0,5.0,4765.3833,132.9224,2328.7038,6816.680673787337,45.603,S1,cloud_routed_to_s1,fs1-3016a20fd3ad
E084::haveri,E084,2019-0331-IND,2019-07-14,Karnataka,Haveri,district,FAO/GAUL/2015/level2,matched,70164,119.11,S1,interim_s1_only,s1_interim,aoi,ok,ok,,119.11,15.3787,6.797,3.8252,1713.8134,2670.1258,2266.6726,0.5125,48.702,0.57,low-conf,True,33.3,0.6296,-16.0,True,BOTH,4.0,4.0,4422.6993,102.0171,3538.7763,4811.456144597108,15.3787,NDWI,sits_gate_failed,fs1-3016a20fd3ad
E084::kodagu,E084,2019-0331-IND,2019-07-14,Karnataka,Kodagu,district,FAO/GAUL/2015/level2,matched,17689,11.5587,S1,interim_s1_only,s1_interim,aoi,ok,ok,,11.5587,0.1794,0.0,0.0,0.8196,0.8196,0.3646,0.0003,0.0,0.164,otsu,True,99.9,0.0014,-16.0,True,BOTH,7.0,3.0,1106.2873,13.0068,95.1679,4111.781559839673,11.5587,S1,cloud_routed_to_s1,fs1-3016a20fd3ad
E084::raichur,E084,2019-0331-IND,2019-07-14,Karnataka,Raichur,district,FAO/GAUL/2015/level2,matched,17693,372.5928,S1,interim_s1_only,s1_interim,aoi,ok,ok,,372.5928,13.3666,3.474,2.3983,2731.46,5443.6419,3575.0942,0.4678,172.5638,0.492,otsu,True,23.7,0.5545,-16.0,True,DESCENDING,5.0,5.0,7642.1413,126.9341,6603.6125,8465.297775287587,13.3666,NDWI,sits_gate_failed,fs1-3016a20fd3ad
E084::shivamogga,E084,2019-0331-IND,2019-07-14,Karnataka,Shivamogga,district,geoBoundaries/gbOpen/IND/ADM2/2021@8bef6929fd65432e7dc775e7c44473e84efff064ebddbfd6b834e6291546db40,matched,76128533B85389886560116,73.4935,S1,interim_s1_only,s1_interim,aoi,ok,ok,,73.4935,1.2679,0.3903,0.324,199.632,273.0087,200.852,0.0423,1.4697,0.523,otsu,True,94.2,0.0728,-14.75,False,BOTH,6.0,7.0,4753.5743,81.2488,1380.4865,8475.375992282,73.4935,S1,cloud_routed_to_s1,fs1-3016a20fd3ad
E084::udupi,E084,2019-0331-IND,2019-07-14,Karnataka,Udupi,district,FAO/GAUL/2015/level2,matched,70166,30.4836,S1,interim_s1_only,s1_interim,aoi,ok,ok,,30.4836,0.4174,0.0,0.0,1.6397,2.8694,2.0439,0.001,0.0121,0.367,otsu,True,99.7,0.0035,-16.0,True,BOTH,5.0,3.0,2069.3022,49.5979,158.8029,3905.2465000015695,30.4836,S1,cloud_routed_to_s1,fs1-3016a20fd3ad
E084::uttara%20kannada,E084,2019-0331-IND,2019-07-14,Karnataka,Uttara Kannada,district,geoBoundaries/gbOpen/IND/ADM2/2021@8bef6929fd65432e7dc775e7c44473e84efff064ebddbfd6b834e6291546db40,matched,76128533B79180273895456,18.9188,S1,interim_s1_only,s1_interim,aoi,ok,ok,,18.9188,5.4102,2.7538,2.3268,259.8931,633.3348,337.2229,0.0843,1.2886,0.416,ndwi-calib,True,89.9,0.1363,-16.0,True,BOTH,6.0,8.0,4002.0244,32.4361,576.3425,10404.181767076385,18.9188,S1,cloud_routed_to_s1,fs1-3016a20fd3ad
E084::vijayapura,E084,2019-0331-IND,2019-07-14,Karnataka,Vijayapura,district,geoBoundaries/gbOpen/IND/ADM2/2021@8bef6929fd65432e7dc775e7c44473e84efff064ebddbfd6b834e6291546db40,matched,76128533B40495457052818,1755.8802,S1,interim_s1_only,s1_interim,aoi,ok,ok,,1755.8802,55.7895,29.6418,16.7072,2577.7676,5642.3153,3366.1557,0.3407,618.4405,0.492,low-conf,True,31.1,0.4454,-14.25,False,DESCENDING,4.0,8.0,9880.7524,168.0077,8128.9169,10440.064567410886,55.7895,NDWI,sits_gate_failed,fs1-3016a20fd3ad
E084::yadgir,E084,2019-0331-IND,2019-07-14,Karnataka,Yadgir,district,geoBoundaries/gbOpen/IND/ADM2/2021@8bef6929fd65432e7dc775e7c44473e84efff064ebddbfd6b834e6291546db40,matched,76128533B84927972855096,133.6258,S1,interim_s1_only,s1_interim,aoi,ok,ok,,133.6258,12.8559,2.248,1.2163,1537.1452,3202.8552,2106.1163,0.4433,58.3848,0.508,otsu,True,29.8,0.5352,-16.0,True,DESCENDING,6.0,3.0,4750.5234,69.9787,4128.2695,5296.020634999596,12.8559,NDWI,sits_gate_failed,fs1-3016a20fd3ad
E085::alappuzha,E085,2019-0331-IND,2019-07-14,Kerala,Alappuzha,district,FAO/GAUL/2015/level2,matched,70298,13.4676,S1,interim_s1_only,s1_interim,aoi,ok,ok,,13.4676,0.0938,0.0717,0.0,2.8681,13.9307,7.9491,0.0073,0.2545,0.18,otsu,True,98.5,0.0114,-14.75,False,DESCENDING,1.0,1.0,1087.5384,57.0297,179.2239,1316.6907112011845,13.4676,S1,cloud_routed_to_s1,fs1-3016a20fd3ad
E085::ernakulam,E085,2019-0331-IND,2019-07-14,Kerala,Ernakulam,district,FAO/GAUL/2015/level2,matched,17699,8.6886,S1,interim_s1_only,s1_interim,aoi,unavailable,no_usable_pixels,,8.6886,0.0109,,,,,,,,,no-sits,True,100.0,0.0001,-13.25,False,DESCENDING,1.0,1.0,1224.6103,165.9005,28.3227,2305.474714394872,8.6886,S1,no_optical_s1,fs1-3016a20fd3ad
E085::idukki,E085,2019-0331-IND,2019-07-14,Kerala,Idukki,district,FAO/GAUL/2015/level2,matched,17700,1.0422,S1,interim_s1_only,s1_interim,aoi,unavailable,no_post_imagery,,1.0422,,,,,,,,,,no-sits,False,100.0,,-16.0,True,DESCENDING,1.0,0.0,480.7175,10.6658,2.9577,5010.411036324633,1.0422,S1,no_optical_s1,fs1-3016a20fd3ad
E085::kannur,E085,2019-0331-IND,2019-07-14,Kerala,Kannur,district,FAO/GAUL/2015/level2,matched,17698,9.2508,S1,interim_s1_only,s1_interim,aoi,unavailable,no_usable_pixels,,9.2508,0.0483,,,,,,,,,no-sits,True,99.9,0.0013,-16.0,True,DESCENDING,4.0,2.0,1003.4021,43.6691,23.4002,2812.193678917521,9.2508,S1,no_optical_s1,fs1-3016a20fd3ad
E085::kasaragod,E085,2019-0331-IND,2019-07-14,Kerala,Kasaragod,district,FAO/GAUL/2015/level2,matched,17701,9.5867,S1,interim_s1_only,s1_interim,aoi,ok,ok,,9.5867,0.3125,0.0007,0.0,0.0,0.4099,0.1403,0.0002,0.0001,0.5,otsu,True,99.7,0.0024,-16.0,True,BOTH,5.0,2.0,703.4457,29.8422,16.4155,1972.6636827859088,9.5867,S1,cloud_routed_to_s1,fs1-3016a20fd3ad
E085::kollam,E085,2019-0331-IND,2019-07-14,Kerala,Kollam,district,FAO/GAUL/2015/level2,matched,17707,1.1057,S1,interim_s1_only,s1_interim,aoi,ok,ok,,1.1057,0.0179,0.0084,0.0018,53.242,94.1976,36.0277,0.0436,0.0208,0.227,otsu,True,89.6,0.1288,-16.0,True,DESCENDING,1.0,1.0,826.5589,62.5206,8.5656,2363.0186325698423,1.1057,S1,cloud_routed_to_s1,fs1-3016a20fd3ad
E085::kottayam,E085,2019-0331-IND,2019-07-14,Kerala,Kottayam,district,FAO/GAUL/2015/level2,matched,17702,9.6524,S1,interim_s1_only,s1_interim,aoi,unavailable,no_post_imagery,,9.6524,,,,,,,,,,no-sits,False,100.0,,-14.25,False,DESCENDING,1.0,0.0,887.901,35.5396,145.0252,2143.385583622296,9.6524,S1,no_optical_s1,fs1-3016a20fd3ad
E085::kozhikode,E085,2019-0331-IND,2019-07-14,Kerala,Kozhikode,district,FAO/GAUL/2015/level2,matched,17703,11.5426,S1,interim_s1_only,s1_interim,aoi,unavailable,no_usable_pixels,,11.5426,0.0,,,,,,,,,no-sits,True,100.0,0.0,-16.0,True,DESCENDING,3.0,1.0,881.0315,34.0404,9.231,2285.6176079375005,11.5426,S1,no_optical_s1,fs1-3016a20fd3ad
E085::malappuram,E085,2019-0331-IND,2019-07-14,Kerala,Malappuram,district,FAO/GAUL/2015/level2,matched,17704,28.5605,S1,interim_s1_only,s1_interim,aoi,unavailable,no_post_imagery,,28.5605,,,,,,,,,,no-sits,False,100.0,,-16.0,True,DESCENDING,3.0,0.0,1353.5315,50.8308,67.3062,3517.427723973104,28.5605,S1,no_optical_s1,fs1-3016a20fd3ad
E085::palakkad,E085,2019-0331-IND,2019-07-14,Kerala,Palakkad,district,FAO/GAUL/2015/level2,matched,17705,12.9364,S1,interim_s1_only,s1_interim,aoi,unavailable,no_post_imagery,,12.9364,,,,,,,,,,no-sits,False,100.0,,-16.0,True,DESCENDING,4.0,0.0,1777.7514,72.9484,362.9705,4489.876823790321,12.9364,S1,no_optical_s1,fs1-3016a20fd3ad
E085::thiruvananthapuram,E085,2019-0331-IND,2019-07-14,Kerala,Thiruvananthapuram,district,FAO/GAUL/2015/level2,matched,17709,0.7764,S1,interim_s1_only,s1_interim,aoi,ok,ok,,0.7764,0.0001,0.0,0.0,17.2004,41.363,14.0778,0.0196,0.0111,0.227,otsu,True,96.3,0.0413,-16.0,True,DESCENDING,1.0,1.0,719.775,81.6711,4.6289,2047.560453755721,0.7764,S1,cloud_routed_to_s1,fs1-3016a20fd3ad
E085::thrissur,E085,2019-0331-IND,2019-07-14,Kerala,Thrissur,district,FAO/GAUL/2015/level2,matched,17708,40.1482,S1,interim_s1_only,s1_interim,aoi,unavailable,no_post_imagery,,40.1482,,,,,,,,,,no-sits,False,100.0,,-13.25,False,DESCENDING,5.0,0.0,1501.3132,98.2055,195.8273,2961.767200211148,40.1482,S1,no_optical_s1,fs1-3016a20fd3ad
E085::wayanad,E085,2019-0331-IND,2019-07-14,Kerala,Wayanad,district,FAO/GAUL/2015/level2,matched,17710,2.4764,S1,interim_s1_only,s1_interim,aoi,unavailable,no_usable_pixels,,2.4764,0.0019,,,,,,,,,no-sits,True,100.0,0.0001,-16.0,True,DESCENDING,3.0,2.0,520.2411,8.8985,51.6684,2130.300649398313,2.4764,S1,no_optical_s1,fs1-3016a20fd3ad
E086::ahilyanagar,E086,2019-0331-IND,2019-07-14,Maharashtra,Ahilyanagar,district,geoBoundaries/gbOpen/IND/ADM2/2021@8bef6929fd65432e7dc775e7c44473e84efff064ebddbfd6b834e6291546db40,matched,76128533B47816398970283,33.2929,S1,interim_s1_only,s1_interim,aoi,ok,ok,,33.2929,27.9865,20.8704,11.3048,6377.4677,13015.1465,8333.4223,0.6126,16.869,0.461,low-conf,True,17.5,0.6811,-16.0,True,DESCENDING,4.0,12.0,13603.915,382.5947,9820.2363,17103.37464835857,27.9865,NDWI,sits_gate_failed,fs1-3016a20fd3ad
E086::amravati,E086,2019-0331-IND,2019-07-14,Maharashtra,Amravati,district,FAO/GAUL/2015/level2,matched,17759,160.3855,S1,interim_s1_only,s1_interim,aoi,ok,ok,,160.3855,153.5602,93.1449,39.7013,3820.0801,8289.0283,5487.067,0.6066,87.6478,0.414,low-conf,True,20.6,0.7679,-16.0,True,DESCENDING,7.0,19.0,9045.5548,177.4329,6744.6195,12219.234057356958,153.5602,NDWI,sits_gate_failed,fs1-3016a20fd3ad
E086::aurangabad,E086,2019-0331-IND,2019-07-14,Maharashtra,Aurangabad,district,FAO/GAUL/2015/level2,matched,17786,190.4076,S1,interim_s1_only,s1_interim,aoi,ok,ok,,190.4076,51.2529,37.1114,14.0585,4169.6139,7785.4549,5661.9416,0.67,76.9333,0.43,low-conf,True,17.5,0.752,-13.25,False,DESCENDING,4.0,9.0,8451.0634,233.7289,6841.093,10122.454799785144,51.2529,NDWI,sits_gate_failed,fs1-3016a20fd3ad
E086::bhandara,E086,2019-0331-IND,2019-07-14,Maharashtra,Bhandara,district,FAO/GAUL/2015/level2,matched,17761,52.1295,S1,interim_s1_only,s1_interim,aoi,ok,ok,,52.1295,24.3178,21.9945,9.5102,1303.0981,4164.1649,3420.2793,0.8283,39.3552,0.528,ndwi-calib,True,3.0,0.9148,-16.0,True,DESCENDING,4.0,6.0,4129.3869,83.7738,2462.8269,4713.352518104012,21.9945,SITS_NDWI_RESTORED,sits_restored_by_s1,fs1-3016a20fd3ad
E086::buldhana,E086,2019-0331-IND,2019-07-14,Maharashtra,Buldhana,district,geoBoundaries/gbOpen/IND/ADM2/2021@8bef6929fd65432e7dc775e7c44473e84efff064ebddbfd6b834e6291546db40,matched,76128533B70021405538438,71.7434,S1,interim_s1_only,s1_interim,aoi,ok,ok,,71.7434,33.2163,25.6611,12.3827,4019.2666,7734.5025,6103.2685,0.7417,51.7874,0.43,low-conf,True,16.2,0.8289,-16.0,True,DESCENDING,4.0,17.0,8229.0006,152.6627,7014.6202,9775.93581444362,33.2163,NDWI,sits_gate_failed,fs1-3016a20fd3ad
E086::dhule,E086,2019-0331-IND,2019-07-14,Maharashtra,Dhule,district,FAO/GAUL/2015/level2,matched,17764,0.6901,S1,interim_s1_only,s1_interim,aoi,ok,ok,,0.6901,27.1844,23.2345,14.9916,3545.1539,6024.3071,4550.9534,0.778,0.4946,0.492,low-conf,True,12.1,0.8534,-16.0,True,DESCENDING,2.0,16.0,5849.93,135.6805,3891.196,7186.255728507124,27.1844,NDWI,sits_gate_failed,fs1-3016a20fd3ad
E086::gadchiroli,E086,2019-0331-IND,2019-07-14,Maharashtra,Gadchiroli,district,geoBoundaries/gbOpen/IND/ADM2/2021@8bef6929fd65432e7dc775e7c44473e84efff064ebddbfd6b834e6291546db40,matched,76128533B36958871695926,23.322,S1,interim_s1_only,s1_interim,aoi,ok,ok,,23.322,42.0795,18.9714,13.3211,2393.5422,8537.3843,5952.651,0.5379,6.8676,0.406,ndwi-calib,True,19.2,0.788,-16.0,True,DESCENDING,4.0,15.0,11066.2063,47.2575,2794.8557,14484.822963236033,13.3211,SITS_NDWI,sits_gate_passed,fs1-3016a20fd3ad
E086::gondia,E086,2019-0331-IND,2019-07-14,Maharashtra,Gondia,district,geoBoundaries/gbOpen/IND/ADM2/2021@8bef6929fd65432e7dc775e7c44473e84efff064ebddbfd6b834e6291546db40,matched,76128533B76286653784168,25.3737,S1,interim_s1_only,s1_interim,aoi,ok,ok,,25.3737,11.8429,10.1037,9.6386,3222.7088,4284.6603,3273.1112,0.8089,15.9408,0.236,ndwi-calib,True,3.2,0.9396,-16.0,True,DESCENDING,4.0,10.0,4046.4397,77.1512,1998.3151,5163.895494674012,9.6386,SITS_NDWI,sits_gate_passed,fs1-3016a20fd3ad
E086::hingoli,E086,2019-0331-IND,2019-07-14,Maharashtra,Hingoli,district,FAO/GAUL/2015/level2,matched,70181,41.1679,S1,interim_s1_only,s1_interim,aoi,ok,ok,,41.1679,19.9692,12.33,3.5084,976.4891,3569.7037,2773.9967,0.7105,28.0275,0.445,low-conf,True,12.4,0.8617,-16.0,True,DESCENDING,4.0,8.0,3904.256,54.6689,3322.2593,4699.451157302487,19.9692,NDWI,sits_gate_failed,fs1-3016a20fd3ad
E086::kolhapur,E086,2019-0331-IND,2019-07-14,Maharashtra,Kolhapur,district,FAO/GAUL/2015/level2,matched,17769,,NONE,no_s1,s1_interim,,ok,ok,,,2.9631,0.7466,0.2878,354.9047,807.343,290.0942,0.0668,0.0,0.289,otsu,True,79.3,0.1159,,,,0.0,4.0,4339.6371,164.0835,1998.2373,7680.572392490604,,NONE,no_measurement,fs1-3016a20fd3ad
E086::latur,E086,2019-0331-IND,2019-07-14,Maharashtra,Latur,district,FAO/GAUL/2015/level2,matched,17770,387.5721,S1,interim_s1_only,s1_interim,aoi,ok,ok,,387.5721,126.0678,54.7078,24.4662,1628.5139,4090.6223,3389.1625,0.4991,172.9158,0.477,low-conf,True,31.5,0.665,-16.0,True,DESCENDING,4.0,6.0,6790.144,153.4794,6164.5324,7256.020203028519,126.0678,NDWI,sits_gate_failed,fs1-3016a20fd3ad
E086::nagpur,E086,2019-0331-IND,2019-07-14,Maharashtra,Nagpur,district,FAO/GAUL/2015/level2,matched,17771,115.1568,S1,interim_s1_only,s1_interim,aoi,ok,ok,,115.1568,49.0079,41.9232,18.5137,1885.1581,8141.1114,6757.3749,0.7825,89.1638,0.521,ndwi-calib,True,3.8,0.9136,-16.0,True,DESCENDING,6.0,25.0,8635.9999,328.0741,5283.3706,9953.45883218179,41.9232,SITS_NDWI_RESTORED,sits_restored_by_s1,fs1-3016a20fd3ad
E086::nandurbar,E086,2019-0331-IND,2019-07-14,Maharashtra,Nandurbar,district,FAO/GAUL/2015/level2,matched,70185,4.0387,S1,interim_s1_only,s1_interim,aoi,ok,ok,,4.0387,11.8706,11.4621,5.2582,3331.2519,5418.6855,3070.6361,0.8845,3.555,0.477,low-conf,True,6.2,0.932,-16.0,True,DESCENDING,4.0,20.0,3471.464,72.9714,2737.6716,5947.719113281336,11.8706,NDWI,sits_gate_failed,fs1-3016a20fd3ad
E086::nashik,E086,2019-0331-IND,2019-07-14,Maharashtra,Nashik,district,FAO/GAUL/2015/level2,matched,17773,14.9995,S1,interim_s1_only,s1_interim,aoi,ok,ok,,14.9995,25.8266,19.396,12.9494,6241.6827,10881.539,5902.9021,0.5399,6.9715,0.508,low-conf,True,24.1,0.6057,-16.0,True,DESCENDING,4.0,17.0,10933.341,392.5205,7497.7904,15554.167322451072,25.8266,NDWI,sits_gate_failed,fs1-3016a20fd3ad
E086::palghar,E086,2019-0331-IND,2019-07-14,Maharashtra,Palghar,district,geoBoundaries/gbOpen/IND/ADM2/2021@8bef6929fd65432e7dc775e7c44473e84efff064ebddbfd6b834e6291546db40,matched,76128533B37148244536449,18.5991,S1,interim_s1_only,s1_interim,aoi,ok,ok,,18.5991,2.2085,1.3868,0.9404,912.0145,1602.3678,668.547,0.2339,2.1832,0.461,otsu,True,62.9,0.3187,-16.0,True,DESCENDING,4.0,13.0,2858.6379,81.4369,1358.025,5355.281971403595,18.5991,S1,cloud_routed_to_s1,fs1-3016a20fd3ad
E086::pune,E086,2019-0331-IND,2019-07-14,Maharashtra,Pune,district,FAO/GAUL/2015/level2,matched,17776,5.0864,S1,interim_s1_only,s1_interim,aoi,ok,ok,,5.0864,11.5435,9.6578,4.596,5171.6346,9354.7045,4038.3142,0.3919,1.2415,0.43,low-conf,True,28.5,0.4616,-16.0,True,DESCENDING,4.0,14.0,10303.2933,728.4543,6115.6464,15649.899791716924,11.5435,NDWI,sits_gate_failed,fs1-3016a20fd3ad
E086::raigad,E086,2019-0331-IND,2019-07-14,Maharashtra,Raigad,district,geoBoundaries/gbOpen/IND/ADM2/2021@8bef6929fd65432e7dc775e7c44473e84efff064ebddbfd6b834e6291546db40,matched,76128533B99895802074414,23.5329,S1,interim_s1_only,s1_interim,aoi,ok,ok,,23.5329,15.0509,12.5175,6.1513,1641.5562,4220.4563,1349.8915,0.4667,8.2909,0.383,low-conf,True,29.1,0.5473,-16.0,True,DESCENDING,4.0,21.0,2892.1404,117.3936,1262.6864,6987.901171135931,15.0509,NDWI,sits_gate_failed,fs1-3016a20fd3ad
E086::ratnagiri,E086,2019-0331-IND,2019-07-14,Maharashtra,Ratnagiri,district,FAO/GAUL/2015/level2,matched,17778,2.4873,S1,interim_s1_only,s1_interim,aoi,ok,ok,,2.4873,1.9248,0.4398,0.2165,578.8353,1437.4571,227.9435,0.0937,0.29,0.32,otsu,True,50.7,0.1762,-16.0,True,DESCENDING,2.0,15.0,2431.7672,30.6964,287.6809,8501.126377449938,1.9248,NDWI,sits_gate_failed,fs1-3016a20fd3ad
E086::sangli,E086,2019-0331-IND,2019-07-14,Maharashtra,Sangli,district,FAO/GAUL/2015/level2,matched,17780,268.1808,S1,interim_s1_only,s1_interim,aoi,ok,ok,,268.1808,17.1982,7.8267,5.0184,1699.9066,3701.0378,2551.0656,0.3465,163.3751,0.514,ndwi-calib,True,42.7,0.4699,-13.75,False,DESCENDING,4.0,13.0,7362.7661,200.7505,4664.1095,8563.308722938114,5.0184,SITS_NDWI,sits_gate_passed,fs1-3016a20fd3ad
E086::thane,E086,2019-0331-IND,2019-07-14,Maharashtra,Thane,district,FAO/GAUL/2015/level2,matched,17783,36.6854,S1,interim_s1_only,s1_interim,aoi,ok,ok,,36.6854,13.2813,11.6708,6.9052,2284.7657,4380.9372,2064.0993,0.3973,13.2906,0.477,low-conf,True,47.1,0.4786,-16.0,True,DESCENDING,4.0,13.0,5194.6674,271.0709,2395.1691,9454.897228160951,13.2813,NDWI,sits_gate_failed,fs1-3016a20fd3ad
E086::wardha,E086,2019-0331-IND,2019-07-14,Maharashtra,Wardha,district,FAO/GAUL/2015/level2,matched,17784,77.3623,S1,interim_s1_only,s1_interim,aoi,ok,ok,,77.3623,54.2451,48.2039,43.9142,3088.7916,4838.6141,4040.1554,0.7392,57.4754,0.143,ndwi-calib,True,4.9,0.9383,-16.0,True,DESCENDING,7.0,18.0,5465.4311,104.2064,4295.6323,6326.751952312784,43.9142,SITS_NDWI,sits_gate_passed,fs1-3016a20fd3ad
E086::yavatmal,E086,2019-0331-IND,2019-07-14,Maharashtra,Yavatmal,district,FAO/GAUL/2015/level2,matched,17785,179.1699,S1,interim_s1_only,s1_interim,aoi,ok,ok,,179.1699,76.5442,51.7549,20.9124,2012.3753,5841.1821,4697.3709,0.4184,60.1904,0.367,low-conf,True,10.0,0.8964,-16.0,True,DESCENDING,8.0,26.0,11228.2973,164.814,8359.2787,13565.870768873778,76.5442,NDWI,sits_gate_failed,fs1-3016a20fd3ad
E087::angul,E087,2019-0331-IND,2019-07-14,Odisha,Angul,district,FAO/GAUL/2015/level2,matched,70206,10.5575,S1,interim_s1_only,s1_interim,aoi,ok,ok,,10.5575,2.1363,1.964,0.9447,2730.4102,5944.7056,393.2939,0.1043,1.0147,0.219,ndwi-calib,True,4.7,0.1068,-16.0,True,DESCENDING,2.0,16.0,3770.6744,71.7577,1146.653,6391.830313646586,1.964,SITS_NDWI_RESTORED,sits_restored_by_s1,fs1-3016a20fd3ad
E087::bargarh,E087,2019-0331-IND,2019-07-14,Odisha,Bargarh,district,geoBoundaries/gbOpen/IND/ADM2/2021@8bef6929fd65432e7dc775e7c44473e84efff064ebddbfd6b834e6291546db40,matched,76128533B74482494441458,52.9074,S1,interim_s1_only,s1_interim,aoi,ok,ok,,52.9074,18.8628,15.9096,6.5587,1098.1939,2270.1155,1688.3548,0.3818,28.1733,0.383,low-conf,True,52.0,0.4927,-16.0,True,DESCENDING,2.0,10.0,4422.5889,69.8275,2519.4058,5804.743547051888,18.8628,NDWI,sits_gate_failed,fs1-3016a20fd3ad
E087::bolangir,E087,2019-0331-IND,2019-07-14,Odisha,Bolangir,district,FAO/GAUL/2015/level2,matched,70210,11.7624,S1,interim_s1_only,s1_interim,aoi,ok,ok,,11.7624,2.7878,1.4676,0.7778,593.5438,1252.1211,922.8856,0.1851,2.0352,0.398,otsu,True,70.3,0.3088,-16.0,True,DESCENDING,2.0,8.0,4985.4824,55.7637,2424.5282,6595.817097284386,11.7624,S1,cloud_routed_to_s1,fs1-3016a20fd3ad
E087::boudh,E087,2019-0331-IND,2019-07-14,Odisha,Boudh,district,FAO/GAUL/2015/level2,matched,70211,11.356,S1,interim_s1_only,s1_interim,aoi,ok,ok,,11.356,1.3835,1.197,0.7688,1019.3144,3003.533,740.8783,0.3992,2.086,0.273,otsu,True,2.0,0.4075,-16.0,True,DESCENDING,4.0,15.0,1855.8858,13.4868,954.1367,3132.695897017485,1.3835,NDWI,sits_gate_failed,fs1-3016a20fd3ad
E087::cuttack,E087,2019-0331-IND,2019-07-14,Odisha,Cuttack,district,FAO/GAUL/2015/level2,matched,17809,262.4711,S1,interim_s1_only,s1_interim,aoi,ok,ok,,262.4711,10.9468,10.4797,4.6353,759.7301,3817.0027,2006.0978,0.6304,191.4501,0.424,ndwi-calib,True,1.6,0.6495,-13.25,False,BOTH,5.0,12.0,3182.1368,95.5652,1667.025,3955.6007636385752,10.4797,SITS_NDWI_RESTORED,sits_restored_by_s1,fs1-3016a20fd3ad
E087::gajapati,E087,2019-0331-IND,2019-07-14,Odisha,Gajapati,district,FAO/GAUL/2015/level2,matched,70213,2.7302,S1,interim_s1_only,s1_interim,aoi,ok,ok,,2.7302,0.7446,0.6253,0.3971,835.5952,3408.7443,577.9144,0.6554,1.2596,0.305,otsu,True,11.8,0.718,-16.0,True,DESCENDING,4.0,11.0,881.7653,10.575,481.5808,4080.383431631814,0.7446,NDWI,sits_gate_failed,fs1-3016a20fd3ad
E087::ganjam,E087,2019-0331-IND,2019-07-14,Odisha,Ganjam,district,FAO/GAUL/2015/level2,matched,17811,34.8674,S1,interim_s1_only,s1_interim,aoi,ok,ok,,34.8674,19.7112,16.7392,10.1379,2470.8517,7505.4276,4472.1934,0.8055,23.0239,0.328,ndwi-calib,True,7.5,0.8627,-16.0,True,DESCENDING,3.0,10.0,5551.9861,106.7753,3129.5813,8417.728037695964,10.1379,SITS_NDWI,sits_gate_passed,fs1-3016a20fd3ad
E087::jagatsinghpur,E087,2019-0331-IND,2019-07-14,Odisha,Jagatsinghpur,district,FAO/GAUL/2015/level2,matched,70214,217.4254,S1,interim_s1_only,s1_interim,aoi,ok,ok,,217.4254,11.3971,10.5411,5.5333,850.8968,1618.1905,1494.122,0.9293,197.2063,0.383,low-conf,True,1.7,0.9573,-14.75,False,BOTH,6.0,8.0,1607.8605,24.4146,1075.6653,1691.3201877833696,11.3971,NDWI,sits_gate_failed,fs1-3016a20fd3ad
E087::kalahandi,E087,2019-0331-IND,2019-07-14,Odisha,Kalahandi,district,FAO/GAUL/2015/level2,matched,17812,27.8783,S1,interim_s1_only,s1_interim,aoi,ok,ok,,27.8783,2.4325,1.4874,1.2618,595.1098,1587.891,810.7222,0.1795,1.7007,0.32,otsu,True,76.9,0.2192,-16.0,True,DESCENDING,2.0,5.0,4516.9205,46.3307,2786.7517,7938.930130032871,27.8783,S1,cloud_routed_to_s1,fs1-3016a20fd3ad
E087::kandhamal,E087,2019-0331-IND,2019-07-14,Odisha,Kandhamal,district,FAO/GAUL/2015/level2,matched,70217,2.7252,S1,interim_s1_only,s1_interim,aoi,ok,ok,,2.7252,0.5806,0.5482,0.3334,1439.1883,7724.7189,832.128,0.4539,0.858,0.258,otsu,True,2.8,0.469,-16.0,True,DESCENDING,4.0,15.0,1833.216,6.7279,629.3262,8088.528530440674,0.5806,NDWI,sits_gate_failed,fs1-3016a20fd3ad
E087::kendrapara,E087,2019-0331-IND,2019-07-14,Odisha,Kendrapara,district,FAO/GAUL/2015/level2,matched,70218,78.8431,S1,interim_s1_only,s1_interim,aoi,ok,ok,,78.8431,16.8322,14.4557,4.9868,608.3048,2051.1639,1879.3848,0.8099,59.1953,0.383,ndwi-calib,True,12.1,0.8743,-15.75,False,BOTH,4.0,8.0,2320.5318,16.2485,1610.5399,2481.5263199879205,14.4557,SITS_NDWI_RESTORED,sits_restored_by_s1,fs1-3016a20fd3ad
E087::khordha,E087,2019-0331-IND,2019-07-14,Odisha,Khordha,district,FAO/GAUL/2015/level2,matched,70219,67.5771,S1,interim_s1_only,s1_interim,aoi,ok,ok,,67.5771,30.1784,26.3416,19.1384,806.2625,2133.2156,1632.0365,0.6935,34.3501,0.427,ndwi-calib,True,11.4,0.7983,-16.0,True,BOTH,5.0,14.0,2353.1955,107.3217,1317.3237,2764.362815680045,19.1384,SITS_NDWI,sits_gate_passed,fs1-3016a20fd3ad
E087::koraput,E087,2019-0331-IND,2019-07-14,Odisha,Koraput,district,FAO/GAUL/2015/level2,matched,17814,58.705,S1,interim_s1_only,s1_interim,aoi,ok,ok,,58.705,1.8692,0.309,0.1681,500.1098,2414.943,619.8229,0.1809,0.8761,0.398,otsu,True,64.1,0.2604,-16.0,True,DESCENDING,1.0,6.0,3426.0635,25.1981,1868.5043,8608.98899052561,58.705,S1,cloud_routed_to_s1,fs1-3016a20fd3ad
E087::malkangiri,E087,2019-0331-IND,2019-07-14,Odisha,Malkangiri,district,FAO/GAUL/2015/level2,matched,70220,11.8454,S1,interim_s1_only,s1_interim,aoi,ok,ok,,11.8454,14.0341,2.5181,2.0717,284.8366,824.5535,320.4381,0.1046,0.8386,0.372,ndwi-calib,True,78.2,0.1892,-16.0,True,DESCENDING,2.0,4.0,3064.5633,12.3286,1357.9039,5849.646224352819,11.8454,S1,cloud_routed_to_s1,fs1-3016a20fd3ad
E087::nabarangpur,E087,2019-0331-IND,2019-07-14,Odisha,Nabarangpur,district,FAO/GAUL/2015/level2,matched,70221,12.1257,S1,interim_s1_only,s1_interim,aoi,ok,ok,,12.1257,0.3264,0.0709,0.0609,51.2285,77.8672,51.8325,0.0123,0.047,0.508,otsu,True,97.6,0.0238,-16.0,True,DESCENDING,2.0,2.0,4212.4411,23.5812,2670.3716,5324.008778426437,12.1257,S1,cloud_routed_to_s1,fs1-3016a20fd3ad
E087::nayagarh,E087,2019-0331-IND,2019-07-14,Odisha,Nayagarh,district,FAO/GAUL/2015/level2,matched,70222,11.6371,S1,interim_s1_only,s1_interim,aoi,ok,ok,,11.6371,16.9887,11.5527,8.4661,669.9159,2703.5238,1141.7243,0.51,3.9262,0.332,ndwi-calib,True,6.9,0.7433,-16.0,True,DESCENDING,2.0,6.0,2238.4825,22.0433,1053.0233,3910.6442801996345,8.4661,SITS_NDWI,sits_gate_passed,fs1-3016a20fd3ad
E087::nuapada,E087,2019-0331-IND,2019-07-14,Odisha,Nuapada,district,FAO/GAUL/2015/level2,matched,70223,8.9673,S1,interim_s1_only,s1_interim,aoi,ok,ok,,8.9673,0.1382,0.0758,0.0518,118.7993,223.2597,142.4779,0.0635,0.7777,0.57,otsu,True,93.2,0.0817,-16.0,True,DESCENDING,2.0,2.0,2243.6434,26.6185,1122.3277,3881.856999707553,8.9673,S1,cloud_routed_to_s1,fs1-3016a20fd3ad
E087::puri,E087,2019-0331-IND,2019-07-14,Odisha,Puri,district,FAO/GAUL/2015/level2,matched,17818,174.2758,S1,interim_s1_only,s1_interim,aoi,ok,ok,,174.2758,45.194,38.214,10.7927,970.3766,2826.7829,2100.5601,0.8084,132.3181,0.336,low-conf,True,3.3,0.8983,-15.75,False,BOTH,5.0,18.0,2598.3148,44.3747,1561.3346,3511.969251866753,45.194,NDWI,sits_gate_failed,fs1-3016a20fd3ad
E087::rayagada,E087,2019-0331-IND,2019-07-14,Odisha,Rayagada,district,FAO/GAUL/2015/level2,matched,70224,7.3507,S1,interim_s1_only,s1_interim,aoi,ok,ok,,7.3507,1.9109,1.8742,0.9476,1258.9578,5616.5408,1520.3177,0.7247,5.0893,0.32,otsu,True,22.6,0.7386,-16.0,True,DESCENDING,4.0,10.0,2097.742,21.8315,954.4673,7404.113889009227,1.9109,NDWI,sits_gate_failed,fs1-3016a20fd3ad
E087::sambalpur,E087,2019-0331-IND,2019-07-14,Odisha,Sambalpur,district,FAO/GAUL/2015/level2,matched,17819,21.2662,S1,interim_s1_only,s1_interim,aoi,ok,ok,,21.2662,19.0545,18.3296,6.1834,2217.4672,6091.7023,1219.7212,0.2901,12.5535,0.32,low-conf,True,4.1,0.3144,-16.0,True,DESCENDING,3.0,19.0,4204.9729,60.1074,1559.2819,6762.307318916143,19.0545,NDWI,sits_gate_failed,fs1-3016a20fd3ad
E087::subarnapur,E087,2019-0331-IND,2019-07-14,Odisha,Subarnapur,district,geoBoundaries/gbOpen/IND/ADM2/2021@8bef6929fd65432e7dc775e7c44473e84efff064ebddbfd6b834e6291546db40,matched,76128533B6884509901047,22.0957,S1,interim_s1_only,s1_interim,aoi,ok,ok,,22.0957,14.2069,12.5645,6.104,882.2629,1953.9592,1429.1997,0.6724,13.6156,0.352,low-conf,True,9.8,0.7355,-16.0,True,DESCENDING,3.0,11.0,2125.5315,19.7009,1230.7235,2356.7180608276617,14.2069,NDWI,sits_gate_failed,fs1-3016a20fd3ad
E087::sundargarh,E087,2019-0331-IND,2019-07-14,Odisha,Sundargarh,district,FAO/GAUL/2015/level2,matched,17820,21.1485,S1,interim_s1_only,s1_interim,aoi,ok,ok,,21.1485,16.9582,16.6054,14.1122,5258.2613,9174.5585,3316.3829,0.5839,9.6965,0.262,ndwi-calib,True,4.1,0.6062,-16.0,True,DESCENDING,4.0,24.0,5679.4239,85.6016,2338.2696,9764.412335512005,14.1122,SITS_NDWI,sits_gate_passed,fs1-3016a20fd3ad
E088::amritsar,E088,2019-0331-IND,2019-07-14,Punjab,Amritsar,district,FAO/GAUL/2015/level2,matched,17821,637.1087,S1,interim_s1_only,s1_interim,aoi,ok,ok,,637.1087,108.0279,54.3412,37.8361,1384.3093,2271.7935,1789.9386,0.4489,258.1904,0.742,low-conf,True,28.8,0.7166,-13.75,False,BOTH,5.0,8.0,3987.6435,260.8036,3497.4723,4850.355487392105,108.0279,NDWI,sits_gate_failed,fs1-3016a20fd3ad
E088::bathinda,E088,2019-0331-IND,2019-07-14,Punjab,Bathinda,district,FAO/GAUL/2015/level2,matched,17822,417.1367,S1,interim_s1_only,s1_interim,aoi,ok,ok,,417.1367,70.9916,57.2066,47.2254,1558.9453,2573.5104,2251.9157,0.7019,250.8175,0.763,ndwi-calib,True,18.8,0.8112,-13.25,False,BOTH,3.0,6.0,3208.5353,185.0834,2814.4585,3366.4412884112767,47.2254,SITS_NDWI,sits_gate_passed,fs1-3016a20fd3ad
E088::faridkot,E088,2019-0331-IND,2019-07-14,Punjab,Faridkot,district,FAO/GAUL/2015/level2,matched,70230,196.9788,S1,interim_s1_only,s1_interim,aoi,ok,ok,,196.9788,53.1615,42.5442,20.5288,375.489,760.4057,641.8764,0.4966,96.0001,0.805,low-conf,True,40.6,0.6165,-13.75,False,BOTH,5.0,6.0,1292.5969,65.9584,1161.1232,1449.1523634868656,53.1615,NDWI,sits_gate_failed,fs1-3016a20fd3ad
E088::fazilka,E088,2019-0331-IND,2019-07-14,Punjab,Fazilka,district,geoBoundaries/gbOpen/IND/ADM2/2021@8bef6929fd65432e7dc775e7c44473e84efff064ebddbfd6b834e6291546db40,matched,76128533B7291413308870,160.7093,S1,interim_s1_only,s1_interim,aoi,ok,ok,,160.7093,20.0977,15.3159,14.7279,1076.3172,1215.2555,1048.324,0.3354,42.1601,0.664,low-conf,True,47.8,0.5231,-16.0,True,BOTH,8.0,8.0,3125.647,127.0779,2741.2245,3260.9663717370954,20.0977,NDWI,sits_gate_failed,fs1-3016a20fd3ad
E088::ferozepur,E088,2019-0331-IND,2019-07-14,Punjab,Ferozepur,district,geoBoundaries/gbOpen/IND/ADM2/2021@8bef6929fd65432e7dc775e7c44473e84efff064ebddbfd6b834e6291546db40,matched,76128533B421757708753,158.7913,S1,interim_s1_only,s1_interim,aoi,ok,ok,,158.7913,50.617,23.3165,22.7015,537.8186,543.9674,377.0756,0.2234,30.5926,0.508,low-conf,True,57.2,0.4197,-13.75,False,BOTH,4.0,4.0,1688.1593,83.0845,1518.4409,2043.701213817955,50.617,NDWI,sits_gate_failed,fs1-3016a20fd3ad
E088::gurdaspur,E088,2019-0331-IND,2019-07-14,Punjab,Gurdaspur,district,FAO/GAUL/2015/level2,matched,17826,547.1506,S1,interim_s1_only,s1_interim,aoi,ok,ok,,547.1506,57.5898,55.7174,43.1095,1110.0458,3372.7537,3000.6157,0.9684,533.0506,0.472,ndwi-calib,True,2.0,0.989,-13.25,False,BOTH,6.0,8.0,3098.5477,167.6617,2486.9024,3507.09272056944,43.1095,SITS_NDWI,sits_gate_passed,fs1-3016a20fd3ad
E088::hoshiarpur,E088,2019-0331-IND,2019-07-14,Punjab,Hoshiarpur,district,FAO/GAUL/2015/level2,matched,17827,57.0501,S1,interim_s1_only,s1_interim,aoi,ok,ok,,57.0501,11.5268,9.5847,7.7711,1436.981,2739.9354,2306.6412,0.8106,46.5434,0.525,ndwi-calib,True,13.8,0.877,-16.0,True,BOTH,7.0,9.0,2845.513,156.1101,1853.9934,3362.8966396342144,7.7711,SITS_NDWI,sits_gate_passed,fs1-3016a20fd3ad
E088::jalandhar,E088,2019-0331-IND,2019-07-14,Punjab,Jalandhar,district,FAO/GAUL/2015/level2,matched,17828,485.6677,S1,interim_s1_only,s1_interim,aoi,ok,ok,,485.6677,19.9975,18.1134,9.4742,764.4484,2442.9798,2366.2105,0.9328,456.0623,0.606,ndwi-calib,True,3.6,0.9649,-13.75,False,BOTH,6.0,6.0,2536.5667,200.5457,2140.6614,2605.0531477191817,9.4742,SITS_NDWI,sits_gate_passed,fs1-3016a20fd3ad
E088::ludhiana,E088,2019-0331-IND,2019-07-14,Punjab,Ludhiana,district,FAO/GAUL/2015/level2,matched,17830,552.9724,S1,interim_s1_only,s1_interim,aoi,ok,ok,,552.9724,139.7576,74.2116,46.4976,611.0821,1095.9412,933.8366,0.2915,166.3569,0.742,low-conf,True,4.2,0.9552,-13.25,False,BOTH,4.0,13.0,3203.7682,294.0705,2636.351,3573.1078179391798,139.7576,NDWI,sits_gate_failed,fs1-3016a20fd3ad
E088::mansa,E088,2019-0331-IND,2019-07-14,Punjab,Mansa,district,FAO/GAUL/2015/level2,matched,70232,307.8913,S1,interim_s1_only,s1_interim,aoi,ok,ok,,307.8913,44.6308,25.5316,22.3686,803.0065,1067.8089,742.8108,0.4392,124.5715,0.749,ndwi-calib,True,34.4,0.6487,-13.25,False,BOTH,5.0,7.0,1691.1475,81.682,1536.8015,2209.549070653662,22.3686,SITS_NDWI,sits_gate_passed,fs1-3016a20fd3ad
E088::moga,E088,2019-0331-IND,2019-07-14,Punjab,Moga,district,FAO/GAUL/2015/level2,matched,70233,68.4302,S1,interim_s1_only,s1_interim,aoi,ok,ok,,68.4302,47.4342,23.2206,14.1014,516.0958,1085.4802,1007.4532,0.446,22.1838,0.761,ndwi-calib,True,25.3,0.7482,-16.0,True,BOTH,7.0,8.0,2258.8489,117.7557,2066.4633,2304.7121791106997,14.1014,SITS_NDWI,sits_gate_passed,fs1-3016a20fd3ad
E088::muktsar,E088,2019-0331-IND,2019-07-14,Punjab,Muktsar,district,FAO/GAUL/2015/level2,matched,70234,454.6711,S1,interim_s1_only,s1_interim,aoi,ok,ok,,454.6711,69.5068,54.2857,18.048,626.7484,1880.2466,1669.0059,0.6609,270.859,0.805,low-conf,True,21.3,0.787,-13.75,False,BOTH,3.0,4.0,2525.1892,110.2296,2288.6262,2601.679753255548,69.5068,NDWI,sits_gate_failed,fs1-3016a20fd3ad
E088::pathankot,E088,2019-0331-IND,2019-07-14,Punjab,Pathankot,district,geoBoundaries/gbOpen/IND/ADM2/2021@8bef6929fd65432e7dc775e7c44473e84efff064ebddbfd6b834e6291546db40,matched,76128533B19630094725383,29.6841,S1,interim_s1_only,s1_interim,aoi,ok,ok,,29.6841,8.5439,7.6381,4.784,193.4727,898.4844,693.1859,0.9224,27.6751,0.577,ndwi-calib,True,5.5,0.9727,-16.0,True,BOTH,4.0,4.0,751.4754,46.7949,463.8746,999.949013574026,4.784,SITS_NDWI,sits_gate_passed,fs1-3016a20fd3ad
E088::patiala,E088,2019-0331-IND,2019-07-14,Punjab,Patiala,district,FAO/GAUL/2015/level2,matched,17831,81.2122,S1,interim_s1_only,s1_interim,aoi,ok,ok,,81.2122,137.802,121.3576,111.7188,2923.1289,3115.7006,2724.0367,0.8101,60.2386,0.617,low-conf,True,4.7,0.9548,-16.0,True,BOTH,7.0,14.0,3362.4907,220.6396,2831.9204,3716.087632293798,137.802,NDWI,sits_gate_failed,fs1-3016a20fd3ad
E088::rupnagar,E088,2019-0331-IND,2019-07-14,Punjab,Rupnagar,district,FAO/GAUL/2015/level2,matched,17832,10.9768,S1,interim_s1_only,s1_interim,aoi,ok,ok,,10.9768,12.7674,11.6272,10.1135,990.3036,1441.4159,1210.9909,0.6967,7.5594,0.668,ndwi-calib,True,0.4,0.9968,-16.0,True,BOTH,3.0,6.0,1738.0685,146.1954,1163.4196,2095.7343025165355,10.1135,SITS_NDWI,sits_gate_passed,fs1-3016a20fd3ad
E088::sangrur,E088,2019-0331-IND,2019-07-14,Punjab,Sangrur,district,FAO/GAUL/2015/level2,matched,17833,758.7788,S1,interim_s1_only,s1_interim,aoi,ok,ok,,758.7788,128.9644,116.2753,74.6505,2906.4232,4768.0443,3787.0144,0.9197,699.0234,0.742,low-conf,True,1.7,0.9828,-13.25,False,BOTH,7.0,15.0,4117.7548,200.9589,3739.9046,5091.276351954565,128.9644,NDWI,sits_gate_failed,fs1-3016a20fd3ad
E088::sas%20nagar,E088,2019-0331-IND,2019-07-14,Punjab,SAS Nagar,district,geoBoundaries/gbOpen/IND/ADM2/2021@8bef6929fd65432e7dc775e7c44473e84efff064ebddbfd6b834e6291546db40,matched,76128533B12197302963241,12.6803,S1,interim_s1_only,s1_interim,aoi,ok,ok,,12.6803,2.2255,1.1377,1.0851,430.5221,505.4847,462.5606,0.4767,7.3357,0.602,otsu,True,1.0,0.9894,-16.0,True,ASCENDING,1.0,6.0,970.3828,125.7025,652.6273,1101.7298561292196,2.2255,NDWI,sits_gate_failed,fs1-3016a20fd3ad
E088::sbs%20nagar,E088,2019-0331-IND,2019-07-14,Punjab,SBS Nagar,district,geoBoundaries/gbOpen/IND/ADM2/2021@8bef6929fd65432e7dc775e7c44473e84efff064ebddbfd6b834e6291546db40,matched,76128533B14984770113274,107.1685,S1,interim_s1_only,s1_interim,aoi,ok,ok,,107.1685,37.8804,11.2022,2.3454,51.6372,226.2198,217.7353,0.1876,28.78,0.805,low-conf,True,4.9,0.9476,-16.0,True,BOTH,3.0,6.0,1160.9254,68.966,867.303,1278.323970559273,37.8804,NDWI,sits_gate_failed,fs1-3016a20fd3ad
E089::baran,E089,2019-0331-IND,2019-07-14,Rajasthan,Baran,district,FAO/GAUL/2015/level2,matched,70236,785.7031,S1,interim_s1_only,s1_interim,aoi,ok,ok,,785.7031,10.7565,8.1791,6.9021,3818.8566,5692.4729,5159.7304,0.827,632.8236,0.449,ndwi-calib,True,6.0,0.9374,-13.75,False,DESCENDING,3.0,13.0,6238.9206,103.1903,4229.4871,6837.623843421029,6.9021,SITS_NDWI,sits_gate_passed,fs1-3016a20fd3ad
E089::bundi,E089,2019-0331-IND,2019-07-14,Rajasthan,Bundi,district,FAO/GAUL/2015/level2,matched,17841,,NONE,no_s1,s1_interim,,ok,ok,,,62.3697,46.8765,37.169,560.2525,3730.83,3337.2196,0.6771,0.0,0.838,ndwi-calib,True,30.8,0.7079,,,,0.0,7.0,4928.4754,102.112,3203.551,5584.729928001412,37.169,SITS_NDWI,sits_gate_passed,fs1-3016a20fd3ad
E089::chittorgarh,E089,2019-0331-IND,2019-07-14,Rajasthan,Chittorgarh,district,geoBoundaries/gbOpen/IND/ADM2/2021@8bef6929fd65432e7dc775e7c44473e84efff064ebddbfd6b834e6291546db40,matched,76128533B58527154065354,44.7796,S1,interim_s1_only,s1_interim,aoi,ok,ok,,44.7796,12.6254,15.6291,11.5577,5291.8415,7226.189,6112.3997,0.9358,39.1357,0.555,low-conf,True,2.7,0.971,-16.0,True,DESCENDING,4.0,14.0,6531.5955,171.372,3706.2988,7610.780196310265,12.6254,NDWI,sits_gate_failed,fs1-3016a20fd3ad
E089::churu,E089,2019-0331-IND,2019-07-14,Rajasthan,Churu,district,FAO/GAUL/2015/level2,matched,17843,1410.8442,S1,interim_s1_only,s1_interim,aoi,ok,ok,,1410.8442,12.7934,3.136,2.9075,453.3214,5324.5379,4048.5578,0.2861,446.2673,0.635,ndwi-calib,True,45.3,0.5488,-16.75,False,BOTH,7.0,14.0,14150.5178,291.7347,11459.4246,17075.11286515193,2.9075,SITS_NDWI,sits_gate_passed,fs1-3016a20fd3ad
E089::dholpur,E089,2019-0331-IND,2019-07-14,Rajasthan,Dholpur,district,geoBoundaries/gbOpen/IND/ADM2/2021@8bef6929fd65432e7dc775e7c44473e84efff064ebddbfd6b834e6291546db40,matched,76128533B64898456093948,560.4551,S1,interim_s1_only,s1_interim,aoi,ok,ok,,560.4551,6.0758,5.6922,3.7985,1553.7296,2962.9612,2273.0685,0.9779,546.8079,0.359,ndwi-calib,True,0.3,0.9967,-13.75,False,BOTH,3.0,8.0,2324.3959,51.6209,1482.6385,3030.9408891577045,3.7985,SITS_NDWI,sits_gate_passed,fs1-3016a20fd3ad
E089::jhalawar,E089,2019-0331-IND,2019-07-14,Rajasthan,Jhalawar,district,FAO/GAUL/2015/level2,matched,17850,13.7526,S1,interim_s1_only,s1_interim,aoi,ok,ok,,13.7526,15.7484,12.5448,4.549,1062.8912,4590.3018,3821.5637,0.7184,12.2327,0.658,ndwi-calib,True,4.0,0.9594,-16.0,True,DESCENDING,4.0,11.0,5319.2421,106.9369,3736.8269,6261.78152754128,12.5448,SITS_NDWI_RESTORED,sits_restored_by_s1,fs1-3016a20fd3ad
E089::kota,E089,2019-0331-IND,2019-07-14,Rajasthan,Kota,district,FAO/GAUL/2015/level2,matched,17853,0.1395,S1,interim_s1_only,s1_interim,aoi,ok,ok,,0.1395,14.7318,13.7596,7.0929,3162.7664,5207.6656,4668.9814,0.9405,0.1186,0.492,low-conf,True,3.3,0.9682,-18.75,False,DESCENDING,2.0,7.0,4964.1113,180.0537,3302.3931,5514.285932841976,14.7318,NDWI,sits_gate_failed,fs1-3016a20fd3ad
E089::rajsamand,E089,2019-0331-IND,2019-07-14,Rajasthan,Rajsamand,district,FAO/GAUL/2015/level2,matched,70240,34.2699,S1,interim_s1_only,s1_interim,aoi,ok,ok,,34.2699,2.6373,2.4474,1.3543,1746.9766,3397.2567,2306.1017,0.7529,26.8581,0.633,otsu,True,20.6,0.825,-16.0,True,DESCENDING,2.0,8.0,3062.8005,110.5294,972.9768,4601.202060349811,2.6373,NDWI,sits_gate_failed,fs1-3016a20fd3ad
E089::sikar,E089,2019-0331-IND,2019-07-14,Rajasthan,Sikar,district,FAO/GAUL/2015/level2,matched,17857,226.8464,S1,interim_s1_only,s1_interim,aoi,ok,ok,,226.8464,1.2138,0.744,0.6347,1901.1762,3914.6981,3487.2797,0.5193,89.7381,0.508,otsu,True,3.2,0.9671,-16.0,True,BOTH,5.0,12.0,6715.7345,269.0484,5609.8223,7693.658799376819,1.2138,NDWI,sits_gate_failed,fs1-3016a20fd3ad
E090::agra,E090,2019-0331-IND,2019-07-14,Uttar Pradesh,Agra,district,FAO/GAUL/2015/level2,matched,17888,775.5445,S1,interim_s1_only,s1_interim,aoi,ok,ok,,775.5445,4.4407,2.1186,0.9794,744.4009,1752.5386,1401.4679,0.4994,381.1637,0.43,low-conf,True,1.5,0.9855,-13.25,False,BOTH,4.0,14.0,2806.534,156.4345,2199.4143,3532.421316691642,4.4407,NDWI,sits_gate_failed,fs1-3016a20fd3ad
E090::ambedkar%20nagar,E090,2019-0331-IND,2019-07-14,Uttar Pradesh,Ambedkar Nagar,district,FAO/GAUL/2015/level2,matched,70257,325.1029,S1,interim_s1_only,s1_interim,aoi,ok,ok,,325.1029,88.6561,61.2546,36.059,607.5075,1480.0951,1212.2299,0.5491,155.9524,0.692,ndwi-calib,True,23.0,0.7725,-15.25,False,BOTH,6.0,8.0,2207.7781,95.2837,1651.5998,2328.994244483866,36.059,SITS_NDWI,sits_gate_passed,fs1-3016a20fd3ad
E090::amroha,E090,2019-0331-IND,2019-07-14,Uttar Pradesh,Amroha,district,geoBoundaries/gbOpen/IND/ADM2/2021@8bef6929fd65432e7dc775e7c44473e84efff064ebddbfd6b834e6291546db40,matched,76128533B21119051307760,51.2957,S1,interim_s1_only,s1_interim,aoi,ok,ok,,51.2957,14.298,6.9153,3.7299,262.7255,1060.3297,989.2827,0.4385,21.316,0.721,ndwi-calib,True,13.3,0.8675,-14.75,False,BOTH,6.0,9.0,2256.2582,107.0008,1510.3464,2281.647503522424,3.7299,SITS_NDWI,sits_gate_passed,fs1-3016a20fd3ad
E090::auraiya,E090,2019-0331-IND,2019-07-14,Uttar Pradesh,Auraiya,district,FAO/GAUL/2015/level2,matched,70258,332.8094,S1,interim_s1_only,s1_interim,aoi,ok,ok,,332.8094,17.3188,12.2881,7.0369,729.6563,1709.5907,1442.5782,0.7436,256.3063,0.654,ndwi-calib,True,14.5,0.8532,-13.75,False,BOTH,5.0,4.0,1939.8871,68.7054,1543.5472,2182.3976584986426,7.0369,SITS_NDWI,sits_gate_passed,fs1-3016a20fd3ad
E090::ayodhya,E090,2019-0331-IND,2019-07-14,Uttar Pradesh,Ayodhya,district,geoBoundaries/gbOpen/IND/ADM2/2021@8bef6929fd65432e7dc775e7c44473e84efff064ebddbfd6b834e6291546db40,matched,76128533B60320291189162,224.9407,S1,interim_s1_only,s1_interim,aoi,ok,ok,,224.9407,10.9369,5.9568,3.6078,445.8968,1131.1085,893.8595,0.3517,56.3542,0.641,ndwi-calib,True,40.1,0.5747,-14.25,False,ASCENDING,3.0,4.0,2541.1827,122.905,1608.6144,2675.800154387558,3.6078,SITS_NDWI,sits_gate_passed,fs1-3016a20fd3ad
E090::bahraich,E090,2019-0331-IND,2019-07-14,Uttar Pradesh,Bahraich,district,FAO/GAUL/2015/level2,matched,17893,304.5614,S1,interim_s1_only,s1_interim,aoi,ok,ok,,304.5614,78.2554,63.7685,31.5562,671.8425,2901.7549,2545.8107,0.7305,176.5628,0.624,ndwi-calib,True,17.3,0.8246,-15.75,False,BOTH,7.0,6.0,3485.1487,94.3473,2195.9306,3705.0099637131552,63.7685,SITS_NDWI_RESTORED,sits_restored_by_s1,fs1-3016a20fd3ad
E090::ballia,E090,2019-0331-IND,2019-07-14,Uttar Pradesh,Ballia,district,FAO/GAUL/2015/level2,matched,17894,427.7909,S1,interim_s1_only,s1_interim,aoi,ok,ok,,427.7909,485.022,406.6191,112.613,793.6903,2398.2874,2085.7325,0.7556,243.6517,0.586,low-conf,True,16.6,0.8423,-16.25,False,BOTH,4.0,8.0,2760.4153,133.4226,2158.8817,3013.8054759791835,485.022,NDWI,sits_gate_failed,fs1-3016a20fd3ad
E090::balrampur,E090,2019-0331-IND,2019-07-14,Uttar Pradesh,Balrampur,district,FAO/GAUL/2015/level2,matched,70261,440.1454,S1,interim_s1_only,s1_interim,aoi,ok,ok,,440.1454,116.9041,86.7908,54.8806,1098.5302,2675.987,2201.9,0.722,263.7794,0.619,ndwi-calib,True,14.9,0.8151,-14.25,False,ASCENDING,4.0,5.0,3049.8684,76.4006,1970.5359,3379.881475532829,54.8806,SITS_NDWI,sits_gate_passed,fs1-3016a20fd3ad
E090::banda,E090,2019-0331-IND,2019-07-14,Uttar Pradesh,Banda,district,FAO/GAUL/2015/level2,matched,17895,632.0968,S1,interim_s1_only,s1_interim,aoi,ok,ok,,632.0968,41.2311,38.19,11.7271,564.8457,4217.4887,3982.5949,0.9276,581.009,0.591,ndwi-calib,True,0.5,0.9939,-13.75,False,BOTH,6.0,7.0,4293.5305,97.5451,3627.7015,4528.7470438726,38.19,SITS_NDWI_RESTORED,sits_restored_by_s1,fs1-3016a20fd3ad
E090::barabanki,E090,2019-0331-IND,2019-07-14,Uttar Pradesh,Barabanki,district,FAO/GAUL/2015/level2,matched,17896,751.1339,S1,interim_s1_only,s1_interim,aoi,ok,ok,,751.1339,32.2644,5.8609,2.9088,585.348,1151.8394,932.6761,0.2189,126.8795,0.633,low-conf,True,34.4,0.655,-13.75,False,BOTH,4.0,5.0,4261.6796,180.5234,2989.9903,4440.0005417469865,32.2644,NDWI,sits_gate_failed,fs1-3016a20fd3ad
E090::etawah,E090,2019-0331-IND,2019-07-14,Uttar Pradesh,Etawah,district,FAO/GAUL/2015/level2,matched,17906,294.4786,S1,interim_s1_only,s1_interim,aoi,ok,ok,,294.4786,21.8824,21.206,9.0876,1111.1388,1893.8006,1713.0468,0.8549,255.6027,0.57,low-conf,True,7.5,0.9263,-14.75,False,BOTH,5.0,4.0,2003.7716,84.4499,1514.4973,2156.538962907565,21.8824,NDWI,sits_gate_failed,fs1-3016a20fd3ad
E090::farrukhabad,E090,2019-0331-IND,2019-07-14,Uttar Pradesh,Farrukhabad,district,FAO/GAUL/2015/level2,matched,17908,211.83,S1,interim_s1_only,s1_interim,aoi,ok,ok,,211.83,7.3201,5.5785,3.033,247.8611,1850.952,1691.748,0.789,157.8117,0.785,ndwi-calib,True,12.8,0.8708,-13.75,False,BOTH,6.0,1.0,2144.1619,90.6783,1716.3071,2188.008861953001,3.033,SITS_NDWI,sits_gate_passed,fs1-3016a20fd3ad
E090::ghazipur,E090,2019-0331-IND,2019-07-14,Uttar Pradesh,Ghazipur,district,FAO/GAUL/2015/level2,matched,17912,305.7346,S1,interim_s1_only,s1_interim,aoi,ok,ok,,305.7346,169.7735,155.8463,111.1876,1918.2136,3005.1878,2705.6331,0.8511,232.3389,0.597,ndwi-calib,True,9.5,0.9114,-14.75,False,BOTH,5.0,4.0,3179.0692,156.8655,2601.7309,3392.663587484302,111.1876,SITS_NDWI,sits_gate_passed,fs1-3016a20fd3ad
E090::gonda,E090,2019-0331-IND,2019-07-14,Uttar Pradesh,Gonda,district,FAO/GAUL/2015/level2,matched,17913,469.5983,S1,interim_s1_only,s1_interim,aoi,ok,ok,,469.5983,13.8757,8.5624,6.7506,1232.3406,1981.0417,1659.4045,0.4308,176.0977,0.447,ndwi-calib,True,37.1,0.6204,-13.25,False,BOTH,6.0,8.0,3851.7976,154.9602,2720.6742,4014.846082655345,6.7506,SITS_NDWI,sits_gate_passed,fs1-3016a20fd3ad
E090::hamirpur,E090,2019-0331-IND,2019-07-14,Uttar Pradesh,Hamirpur,district,FAO/GAUL/2015/level2,matched,17915,826.9126,S1,interim_s1_only,s1_interim,aoi,ok,ok,,826.9126,19.6875,19.4556,6.9319,627.8167,4179.0535,3761.9955,0.977,806.4187,0.623,ndwi-calib,True,0.6,0.996,-13.25,False,BOTH,5.0,7.0,3850.5254,66.7414,3223.9496,4271.154307143049,19.4556,SITS_NDWI_RESTORED,sits_restored_by_s1,fs1-3016a20fd3ad
E090::jalaun,E090,2019-0331-IND,2019-07-14,Uttar Pradesh,Jalaun,district,FAO/GAUL/2015/level2,matched,17917,808.7951,S1,interim_s1_only,s1_interim,aoi,ok,ok,,808.7951,29.6648,9.7956,7.5222,1684.9289,2781.5928,2280.0239,0.6053,465.6289,0.514,ndwi-calib,True,6.1,0.9425,-13.75,False,BOTH,6.0,10.0,3766.6406,94.6876,3129.9923,4572.286607377707,7.5222,SITS_NDWI,sits_gate_passed,fs1-3016a20fd3ad
E090::kanpur%20dehat,E090,2019-0331-IND,2019-07-14,Uttar Pradesh,Kanpur Dehat,district,FAO/GAUL/2015/level2,matched,70269,926.7332,S1,interim_s1_only,s1_interim,aoi,ok,ok,,926.7332,72.7221,56.6262,40.4516,2529.385,4412.5044,4169.2656,0.8615,788.5263,0.569,ndwi-calib,True,9.6,0.9049,-13.25,False,BOTH,6.0,10.0,4839.6776,132.1961,3943.8732,5042.756979466441,40.4516,SITS_NDWI,sits_gate_passed,fs1-3016a20fd3ad
E090::kanpur%20nagar,E090,2019-0331-IND,2019-07-14,Uttar Pradesh,Kanpur Nagar,district,geoBoundaries/gbOpen/IND/ADM2/2021@8bef6929fd65432e7dc775e7c44473e84efff064ebddbfd6b834e6291546db40,matched,76128533B23710487943819,405.8028,S1,interim_s1_only,s1_interim,aoi,ok,ok,,405.8028,37.142,26.0236,12.9515,599.2069,1734.1079,1652.3002,0.5894,226.843,0.656,ndwi-calib,True,1.3,0.9872,-13.25,False,BOTH,6.0,10.0,2803.3297,205.4585,2078.6691,2904.729879575871,26.0236,SITS_NDWI_RESTORED,sits_restored_by_s1,fs1-3016a20fd3ad
E090::kushinagar,E090,2019-0331-IND,2019-07-14,Uttar Pradesh,Kushinagar,district,FAO/GAUL/2015/level2,matched,70271,295.0164,S1,interim_s1_only,s1_interim,aoi,ok,ok,,295.0164,319.9185,311.6506,289.015,1881.7241,2805.4049,2740.7808,0.9636,278.8014,0.274,ndwi-calib,True,1.3,0.9894,-13.75,False,BOTH,4.0,7.0,2844.4186,149.7609,2025.279,2893.16087554316,289.015,SITS_NDWI,sits_gate_passed,fs1-3016a20fd3ad
E090::lakhimpur%20kheri,E090,2019-0331-IND,2019-07-14,Uttar Pradesh,Lakhimpur Kheri,district,FAO/GAUL/2015/level2,matched,17921,369.3326,S1,interim_s1_only,s1_interim,aoi,ok,ok,,369.3326,53.5036,16.7138,13.2851,1756.4001,5336.5255,4891.258,0.6764,244.7237,0.463,ndwi-calib,True,9.0,0.9101,-14.25,False,BOTH,6.0,11.0,7230.8731,186.4498,4775.211,7708.742992388735,13.2851,SITS_NDWI,sits_gate_passed,fs1-3016a20fd3ad
E090::mirzapur,E090,2019-0331-IND,2019-07-14,Uttar Pradesh,Mirzapur,district,FAO/GAUL/2015/level2,matched,17927,486.2501,S1,interim_s1_only,s1_interim,aoi,ok,ok,,486.2501,28.556,24.9753,13.5685,1045.4502,4218.2089,3619.4117,0.9241,431.7186,0.636,ndwi-calib,True,4.5,0.9596,-15.25,False,BOTH,4.0,14.0,3916.54,104.3795,2514.5933,4526.889753258701,13.5685,SITS_NDWI,sits_gate_passed,fs1-3016a20fd3ad
E090::pilibhit,E090,2019-0331-IND,2019-07-14,Uttar Pradesh,Pilibhit,district,FAO/GAUL/2015/level2,matched,17931,251.4441,S1,interim_s1_only,s1_interim,aoi,ok,ok,,251.4441,19.0349,3.1888,2.5811,466.7513,1184.3173,1025.8356,0.3036,63.9656,0.413,ndwi-calib,True,37.9,0.6169,-14.75,False,BOTH,6.0,6.0,3379.1475,80.6685,2168.8889,3594.1579683602813,2.5811,SITS_NDWI,sits_gate_passed,fs1-3016a20fd3ad
E090::prayagraj,E090,2019-0331-IND,2019-07-14,Uttar Pradesh,Prayagraj,district,geoBoundaries/gbOpen/IND/ADM2/2021@8bef6929fd65432e7dc775e7c44473e84efff064ebddbfd6b834e6291546db40,matched,76128533B51368558457506,807.8863,S1,interim_s1_only,s1_interim,aoi,ok,ok,,807.8863,33.2949,15.1909,9.507,1349.8919,2939.2516,2729.4411,0.5401,436.7629,0.537,ndwi-calib,True,8.8,0.9222,-14.25,False,ASCENDING,2.0,11.0,5053.1415,244.795,3712.343,5474.7102581208,9.507,SITS_NDWI,sits_gate_passed,fs1-3016a20fd3ad
E090::sant%20kabir%20nagar,E090,2019-0331-IND,2019-07-14,Uttar Pradesh,Sant Kabir Nagar,district,FAO/GAUL/2015/level2,matched,70275,134.0377,S1,interim_s1_only,s1_interim,aoi,ok,ok,,134.0377,211.6268,202.382,132.941,651.9486,1242.8748,1116.812,0.8802,116.1861,0.704,ndwi-calib,True,6.6,0.9344,-15.25,False,BOTH,2.0,11.0,1268.8107,62.8775,1002.3844,1329.179989070325,132.941,SITS_NDWI,sits_gate_passed,fs1-3016a20fd3ad
E090::shrawasti,E090,2019-0331-IND,2019-07-14,Uttar Pradesh,Shrawasti,district,geoBoundaries/gbOpen/IND/ADM2/2021@8bef6929fd65432e7dc775e7c44473e84efff064ebddbfd6b834e6291546db40,matched,76128533B34832354589031,397.5411,S1,interim_s1_only,s1_interim,aoi,ok,ok,,397.5411,31.5399,24.9107,21.574,781.1781,1256.1766,1096.0272,0.5868,199.6988,0.543,ndwi-calib,True,28.7,0.7135,-14.75,False,BOTH,6.0,4.0,1867.7991,49.6451,1240.5182,1950.0124338087928,21.574,SITS_NDWI,sits_gate_passed,fs1-3016a20fd3ad
E090::sitapur,E090,2019-0331-IND,2019-07-14,Uttar Pradesh,Sitapur,district,FAO/GAUL/2015/level2,matched,17938,160.0567,S1,interim_s1_only,s1_interim,aoi,ok,ok,,160.0567,25.6019,20.8448,10.9126,769.4159,4209.8456,3653.1303,0.6751,89.9177,0.563,ndwi-calib,True,20.0,0.7968,-16.0,True,BOTH,9.0,5.0,5411.2124,174.1786,3918.02,5789.793396469067,10.9126,SITS_NDWI,sits_gate_passed,fs1-3016a20fd3ad
E090::varanasi,E090,2019-0331-IND,2019-07-14,Uttar Pradesh,Varanasi,district,FAO/GAUL/2015/level2,matched,17943,177.5062,S1,interim_s1_only,s1_interim,aoi,ok,ok,,177.5062,4.1201,2.4726,1.3043,602.4708,1183.6405,1089.9849,0.7267,124.1731,0.664,otsu,True,8.2,0.9242,-13.25,False,BOTH,5.0,8.0,1499.8488,181.6677,989.7031,1554.288127138641,4.1201,NDWI,sits_gate_failed,fs1-3016a20fd3ad
E091::almora,E091,2019-0331-IND,2019-07-14,Uttarakhand,Almora,district,FAO/GAUL/2015/level2,matched,70280,6.9545,S1,interim_s1_only,s1_interim,aoi,ok,ok,,6.9545,0.1111,0.0809,0.0375,219.6036,615.0192,11.9921,0.1413,1.8787,0.289,otsu,True,74.2,0.1965,-13.75,False,BOTH,5.0,4.0,84.8558,1.4487,28.1102,3105.697721313062,6.9545,S1,cloud_routed_to_s1,fs1-3016a20fd3ad
E091::bageshwar,E091,2019-0331-IND,2019-07-14,Uttarakhand,Bageshwar,district,FAO/GAUL/2015/level2,matched,70281,1.5446,S1,interim_s1_only,s1_interim,aoi,ok,ok,,1.5446,0.0184,0.0036,0.0007,36.4729,114.7456,2.1386,0.0561,0.054,0.273,otsu,True,90.4,0.0848,-16.25,False,BOTH,6.0,4.0,38.1041,1.0387,9.0154,2283.823715697251,1.5446,S1,cloud_routed_to_s1,fs1-3016a20fd3ad
E091::chamoli,E091,2019-0331-IND,2019-07-14,Uttarakhand,Chamoli,district,FAO/GAUL/2015/level2,matched,70282,14.3763,S1,interim_s1_only,s1_interim,aoi,ok,ok,,14.3763,0.3303,0.0759,0.0303,159.8003,501.9299,3.2599,0.0222,0.1844,0.414,otsu,True,76.6,0.1404,-16.25,False,BOTH,10.0,4.0,146.7279,0.8906,3.6667,7838.316284013912,14.3763,S1,cloud_routed_to_s1,fs1-3016a20fd3ad
E091::champawat,E091,2019-0331-IND,2019-07-14,Uttarakhand,Champawat,district,FAO/GAUL/2015/level2,matched,70283,2.666,S1,interim_s1_only,s1_interim,aoi,ok,ok,,2.666,0.6588,0.1939,0.1357,164.7506,508.1833,13.9991,0.2981,0.836,0.211,otsu,True,37.5,0.7009,-14.25,False,BOTH,9.0,2.0,46.9631,0.5375,6.9536,1688.3763040453146,0.6588,NDWI,sits_gate_failed,fs1-3016a20fd3ad
E091::dehradun,E091,2019-0331-IND,2019-07-14,Uttarakhand,Dehradun,district,FAO/GAUL/2015/level2,matched,17903,29.3658,S1,interim_s1_only,s1_interim,aoi,ok,ok,,29.3658,1.3447,0.3769,0.3385,291.2788,922.5422,283.3613,0.2883,7.4104,0.352,otsu,True,60.5,0.412,-13.25,False,BOTH,6.0,7.0,982.9091,116.2416,246.4921,3070.1655325092884,29.3658,S1,cloud_routed_to_s1,fs1-3016a20fd3ad
E091::haridwar,E091,2019-0331-IND,2019-07-14,Uttarakhand,Haridwar,district,FAO/GAUL/2015/level2,matched,70284,30.1562,S1,interim_s1_only,s1_interim,aoi,ok,ok,,30.1562,14.5749,9.4101,8.0493,547.3342,1447.6718,1240.8361,0.6116,17.5555,0.419,ndwi-calib,True,32.8,0.7022,-16.0,True,BOTH,3.0,8.0,2028.6973,124.9707,948.5496,2388.487173667367,8.0493,SITS_NDWI,sits_gate_passed,fs1-3016a20fd3ad
E091::nainital,E091,2019-0331-IND,2019-07-14,Uttarakhand,Nainital,district,FAO/GAUL/2015/level2,matched,70285,11.8945,S1,interim_s1_only,s1_interim,aoi,ok,ok,,11.8945,9.5484,2.3243,1.947,349.855,1324.5592,628.1463,0.4542,6.2746,0.307,ndwi-calib,True,38.2,0.8613,-16.0,True,BOTH,9.0,2.0,1382.9492,42.2851,260.4191,4068.963433579816,1.947,SITS_NDWI,sits_gate_passed,fs1-3016a20fd3ad
E091::pauri%20garhwal,E091,2019-0331-IND,2019-07-14,Uttarakhand,Pauri Garhwal,district,FAO/GAUL/2015/level2,matched,17910,2.6667,S1,interim_s1_only,s1_interim,aoi,ok,ok,,2.6667,4.2996,2.1757,2.0718,636.1827,1934.7993,158.0358,0.4233,0.7151,0.305,otsu,True,57.0,0.6049,-16.0,True,BOTH,3.0,8.0,373.3441,16.8996,63.5702,5461.918144346134,4.2996,NDWI,sits_gate_failed,fs1-3016a20fd3ad
E091::pithoragarh,E091,2019-0331-IND,2019-07-14,Uttarakhand,Pithoragarh,district,FAO/GAUL/2015/level2,matched,17932,7.8293,S1,interim_s1_only,s1_interim,aoi,ok,ok,,7.8293,0.4438,0.1243,0.0292,281.9924,822.5953,9.8709,0.0918,0.4002,0.227,otsu,True,68.9,0.2764,-15.75,False,BOTH,10.0,12.0,107.4879,1.9764,9.4874,7209.480621522472,7.8293,S1,cloud_routed_to_s1,fs1-3016a20fd3ad
E091::rudraprayag,E091,2019-0331-IND,2019-07-14,Uttarakhand,Rudraprayag,district,FAO/GAUL/2015/level2,matched,70286,0.8348,S1,interim_s1_only,s1_interim,aoi,ok,ok,,0.8348,0.0608,0.0559,0.0362,98.7095,284.2519,2.614,0.2002,0.0836,0.273,otsu,True,66.9,0.2483,-14.75,False,BOTH,3.0,9.0,13.0587,0.1837,0.7409,1215.2753847771737,0.8348,S1,cloud_routed_to_s1,fs1-3016a20fd3ad
E091::tehri%20garhwal,E091,2019-0331-IND,2019-07-14,Uttarakhand,Tehri Garhwal,district,FAO/GAUL/2015/level2,matched,70287,2.3605,S1,interim_s1_only,s1_interim,aoi,ok,ok,,2.3605,0.3592,0.1421,0.1039,483.4726,1523.7952,10.8406,0.2307,0.5695,0.336,otsu,True,42.8,0.4953,-13.75,False,BOTH,5.0,12.0,46.9933,0.7541,6.5246,4393.487663681659,0.3592,NDWI,sits_gate_failed,fs1-3016a20fd3ad
E091::udham%20singh%20nagar,E091,2019-0331-IND,2019-07-14,Uttarakhand,Udham Singh Nagar,district,FAO/GAUL/2015/level2,matched,70288,494.9982,S1,interim_s1_only,s1_interim,aoi,ok,ok,,494.9982,23.5177,17.1756,10.1365,877.1186,2425.3374,2169.7502,0.8395,446.0931,0.512,ndwi-calib,True,9.2,0.9138,-13.25,False,BOTH,8.0,5.0,2584.6152,117.6935,1480.6837,2869.388323442663,10.1365,SITS_NDWI,sits_gate_passed,fs1-3016a20fd3ad
E091::uttarkashi,E091,2019-0331-IND,2019-07-14,Uttarakhand,Uttarkashi,district,FAO/GAUL/2015/level2,matched,70289,8.3467,S1,interim_s1_only,s1_interim,aoi,ok,ok,,8.3467,1.6766,0.4848,0.2317,864.7985,2142.4183,24.7579,0.2069,0.5731,0.305,otsu,True,41.4,0.424,-15.75,False,BOTH,3.0,12.0,119.6664,1.255,10.0256,6642.1631687539975,1.6766,NDWI,sits_gate_failed,fs1-3016a20fd3ad
E092::alipurduar,E092,2019-0331-IND,2019-07-14,West Bengal,Alipurduar,district,geoBoundaries/gbOpen/IND/ADM2/2021@8bef6929fd65432e7dc775e7c44473e84efff064ebddbfd6b834e6291546db40,matched,76128533B23858286755005,157.1175,S1,interim_s1_only,s1_interim,aoi,ok,ok,,157.1175,0.1256,0.0,0.0,3.276,9.828,8.6221,0.0036,0.6858,0.18,otsu,True,99.3,0.0074,-16.0,True,BOTH,6.0,2.0,2397.164,27.572,669.4875,2805.571892812845,157.1175,S1,cloud_routed_to_s1,fs1-3016a20fd3ad
E092::bankura,E092,2019-0331-IND,2019-07-14,West Bengal,Bankura,district,FAO/GAUL/2015/level2,matched,17945,175.3457,S1,interim_s1_only,s1_interim,aoi,ok,ok,,175.3457,27.153,21.0481,8.493,1847.9066,5575.7454,4935.2888,0.7616,102.2456,0.445,low-conf,True,14.9,0.8395,-16.0,True,BOTH,8.0,12.0,6480.2521,123.7509,3850.7846,6981.566770524623,27.153,NDWI,sits_gate_failed,fs1-3016a20fd3ad
E092::birbhum,E092,2019-0331-IND,2019-07-14,West Bengal,Birbhum,district,FAO/GAUL/2015/level2,matched,17947,1107.8131,S1,interim_s1_only,s1_interim,aoi,ok,ok,,1107.8131,64.6136,40.9185,19.5023,1235.8016,2567.0945,2248.0416,0.5167,489.7388,0.508,low-conf,True,33.3,0.6655,-13.25,False,BOTH,5.0,8.0,4350.6007,150.8813,3302.4382,4566.040490140597,64.6136,NDWI,sits_gate_failed,fs1-3016a20fd3ad
E092::cooch%20behar,E092,2019-0331-IND,2019-07-14,West Bengal,Cooch Behar,district,geoBoundaries/gbOpen/IND/ADM2/2021@8bef6929fd65432e7dc775e7c44473e84efff064ebddbfd6b834e6291546db40,matched,76128533B64156747739715,1071.1594,S1,interim_s1_only,s1_interim,aoi,unavailable,no_usable_pixels,,1071.1594,0.1081,,,,,,,,,no-sits,True,100.0,0.0002,-14.25,False,BOTH,6.0,3.0,3131.2864,35.6547,1811.0378,3288.1312386460245,1071.1594,S1,no_optical_s1,fs1-3016a20fd3ad
E092::dakshin%20dinajpur,E092,2019-0331-IND,2019-07-14,West Bengal,Dakshin Dinajpur,district,FAO/GAUL/2015/level2,matched,70290,860.2229,S1,interim_s1_only,s1_interim,aoi,ok,ok,,860.2229,95.0889,37.795,15.2032,189.2646,455.1508,367.6113,0.1847,101.01,0.477,low-conf,True,61.1,0.3843,-14.25,False,BOTH,8.0,4.0,1989.8222,48.2388,1550.3264,2107.683120443892,860.2229,S1,cloud_routed_to_s1,fs1-3016a20fd3ad
E092::darjeeling,E092,2019-0331-IND,2019-07-14,West Bengal,Darjeeling,district,geoBoundaries/gbOpen/IND/ADM2/2021@8bef6929fd65432e7dc775e7c44473e84efff064ebddbfd6b834e6291546db40,matched,76128533B17109302371020,39.8227,S1,interim_s1_only,s1_interim,aoi,ok,ok,,39.8227,2.5874,2.0714,1.27,156.1205,938.3464,616.2471,0.7454,26.7846,0.264,ndwi-calib,True,38.9,0.8154,-16.0,True,BOTH,8.0,9.0,826.6807,47.8383,280.9187,2082.4452472301264,1.27,SITS_NDWI,sits_gate_passed,fs1-3016a20fd3ad
E092::east%20medinipur,E092,2019-0331-IND,2019-07-14,West Bengal,East Medinipur,district,geoBoundaries/gbOpen/IND/ADM2/2021@8bef6929fd65432e7dc775e7c44473e84efff064ebddbfd6b834e6291546db40,matched,76128533B25373378863054,159.372,S1,interim_s1_only,s1_interim,aoi,ok,ok,,159.372,34.5026,21.6204,4.2417,281.9919,1366.8961,1192.6972,0.313,41.6205,0.398,low-conf,True,54.0,0.473,-15.75,False,BOTH,6.0,6.0,3810.954,59.7046,1964.4832,4206.535570897585,34.5026,NDWI,sits_gate_failed,fs1-3016a20fd3ad
E092::hooghly,E092,2019-0331-IND,2019-07-14,West Bengal,Hooghly,district,geoBoundaries/gbOpen/IND/ADM2/2021@8bef6929fd65432e7dc775e7c44473e84efff064ebddbfd6b834e6291546db40,matched,76128533B81857725777974,99.6714,S1,interim_s1_only,s1_interim,aoi,ok,ok,,99.6714,10.6343,5.7645,3.9959,886.389,1290.0357,1111.9141,0.3799,18.4197,0.162,ndwi-calib,True,48.9,0.5091,-16.0,True,BOTH,3.0,5.0,2927.0037,138.7557,1939.6779,3153.550053477295,3.9959,SITS_NDWI,sits_gate_passed,fs1-3016a20fd3ad
E092::howrah,E092,2019-0331-IND,2019-07-14,West Bengal,Howrah,district,geoBoundaries/gbOpen/IND/ADM2/2021@8bef6929fd65432e7dc775e7c44473e84efff064ebddbfd6b834e6291546db40,matched,76128533B22077262393417,49.9374,S1,interim_s1_only,s1_interim,aoi,ok,ok,,49.9374,5.1772,1.9464,0.6378,142.2014,389.3127,332.3311,0.2517,6.5161,0.273,otsu,True,45.6,0.5499,-14.25,False,BOTH,4.0,6.0,1320.4393,104.0466,534.4475,1451.5753227599494,5.1772,NDWI,sits_gate_failed,fs1-3016a20fd3ad
E092::jalpaiguri,E092,2019-0331-IND,2019-07-14,West Bengal,Jalpaiguri,district,FAO/GAUL/2015/level2,matched,17951,1016.9423,S1,interim_s1_only,s1_interim,aoi,ok,ok,,1016.9423,21.6545,17.4104,13.8871,547.6492,1333.7201,1089.1174,0.1983,194.4746,0.146,ndwi-calib,True,76.2,0.2303,-13.25,False,BOTH,9.0,2.0,5492.7966,96.2215,1798.9271,6200.341009430311,1016.9423,S1,cloud_routed_to_s1,fs1-3016a20fd3ad
E092::jhargram,E092,2019-0331-IND,2019-07-14,West Bengal,Jhargram,district,geoBoundaries/gbOpen/IND/ADM2/2021@8bef6929fd65432e7dc775e7c44473e84efff064ebddbfd6b834e6291546db40,matched,76128533B24861976740713,58.2874,S1,interim_s1_only,s1_interim,aoi,ok,ok,,58.2874,2.932,1.645,0.7677,385.3296,1253.9579,1068.0462,0.3765,21.3919,0.352,otsu,True,19.7,0.7906,-16.0,True,BOTH,5.0,12.0,2836.6669,23.1119,1424.6576,3096.557448030717,2.932,NDWI,sits_gate_failed,fs1-3016a20fd3ad
E092::kalimpong,E092,2019-0331-IND,2019-07-14,West Bengal,Kalimpong,district,geoBoundaries/gbOpen/IND/ADM2/2021@8bef6929fd65432e7dc775e7c44473e84efff064ebddbfd6b834e6291546db40,matched,76128533B78458325839103,0.338,S1,interim_s1_only,s1_interim,aoi,ok,ok,,0.338,0.2495,0.2049,0.1457,67.5991,222.8765,10.7548,0.1455,0.1024,0.242,otsu,True,75.7,0.1883,-16.0,True,BOTH,7.0,2.0,73.9352,0.8321,9.6083,1110.1333982291185,0.338,S1,cloud_routed_to_s1,fs1-3016a20fd3ad
E092::kolkata,E092,2019-0331-IND,2019-07-14,West Bengal,Kolkata,district,FAO/GAUL/2015/level2,matched,70292,0.1868,S1,interim_s1_only,s1_interim,aoi,ok,ok,,0.1868,0.9055,0.3633,0.0955,7.7848,41.7923,35.4391,0.4493,0.0556,0.445,otsu,True,40.1,0.6126,-16.0,True,BOTH,2.0,2.0,78.8807,61.8534,0.5333,91.84529866788924,0.9055,NDWI,sits_gate_failed,fs1-3016a20fd3ad
E092::malda,E092,2019-0331-IND,2019-07-14,West Bengal,Malda,district,geoBoundaries/gbOpen/IND/ADM2/2021@8bef6929fd65432e7dc775e7c44473e84efff064ebddbfd6b834e6291546db40,matched,76128533B36734405131975,851.4557,S1,interim_s1_only,s1_interim,aoi,ok,ok,,851.4557,231.2342,192.1522,59.226,796.6486,2235.4617,1875.0574,0.5748,426.9703,0.383,low-conf,True,29.2,0.6996,-13.75,False,BOTH,3.0,4.0,3262.3654,131.5388,1961.8246,3569.571917709693,231.2342,NDWI,sits_gate_failed,fs1-3016a20fd3ad
E092::murshidabad,E092,2019-0331-IND,2019-07-14,West Bengal,Murshidabad,district,FAO/GAUL/2015/level2,matched,17955,886.6365,S1,interim_s1_only,s1_interim,aoi,ok,ok,,886.6365,60.9938,44.8912,28.4212,919.574,2939.2856,2621.7018,0.5105,427.5542,0.356,ndwi-calib,True,39.0,0.6188,-13.25,False,BOTH,3.0,5.0,5136.0442,220.9272,3525.5526,5473.753950605631,28.4212,SITS_NDWI,sits_gate_passed,fs1-3016a20fd3ad
E092::nadia,E092,2019-0331-IND,2019-07-14,West Bengal,Nadia,district,FAO/GAUL/2015/level2,matched,17956,56.7001,S1,interim_s1_only,s1_interim,aoi,ok,ok,,56.7001,11.7795,9.8476,2.8608,1002.929,2751.4418,2280.7688,0.6254,34.4391,0.227,low-conf,True,21.8,0.7401,-16.0,True,BOTH,6.0,3.0,3646.9459,123.4896,2083.3365,3995.2318634205153,11.7795,NDWI,sits_gate_failed,fs1-3016a20fd3ad
E092::north%2024%20parganas,E092,2019-0331-IND,2019-07-14,West Bengal,North 24 Parganas,district,FAO/GAUL/2015/level2,matched,70293,125.4763,S1,interim_s1_only,s1_interim,aoi,ok,ok,,125.4763,39.1146,10.2367,6.5114,823.3187,1620.4323,1279.9517,0.2544,31.2427,0.218,ndwi-calib,True,34.3,0.6674,-15.25,False,BOTH,7.0,16.0,5030.4328,208.0668,1742.3532,6006.604976683008,6.5114,SITS_NDWI,sits_gate_passed,fs1-3016a20fd3ad
E092::paschim%20bardhaman,E092,2019-0331-IND,2019-07-14,West Bengal,Paschim Bardhaman,district,geoBoundaries/gbOpen/IND/ADM2/2021@8bef6929fd65432e7dc775e7c44473e84efff064ebddbfd6b834e6291546db40,matched,76128533B60845263086042,31.6733,S1,interim_s1_only,s1_interim,aoi,ok,ok,,31.6733,10.0607,7.7679,4.3271,569.3774,1333.8868,1174.0847,0.7873,22.6566,0.263,ndwi-calib,True,13.1,0.8672,-16.0,True,BOTH,4.0,7.0,1491.1966,173.9546,712.4338,1638.342752616779,4.3271,SITS_NDWI,sits_gate_passed,fs1-3016a20fd3ad
E092::purba%20bardhaman,E092,2019-0331-IND,2019-07-14,West Bengal,Purba Bardhaman,district,geoBoundaries/gbOpen/IND/ADM2/2021@8bef6929fd65432e7dc775e7c44473e84efff064ebddbfd6b834e6291546db40,matched,76128533B59121537940607,484.8423,S1,interim_s1_only,s1_interim,aoi,ok,ok,,484.8423,80.4588,57.8727,29.1186,1849.6201,3840.9201,3475.2322,0.6655,284.0519,0.461,low-conf,True,21.0,0.7801,-16.0,True,BOTH,5.0,7.0,5222.3159,160.3241,4069.2197,5396.808202076744,80.4588,NDWI,sits_gate_failed,fs1-3016a20fd3ad
E092::purulia,E092,2019-0331-IND,2019-07-14,West Bengal,Purulia,district,geoBoundaries/gbOpen/IND/ADM2/2021@8bef6929fd65432e7dc775e7c44473e84efff064ebddbfd6b834e6291546db40,matched,76128533B16811573188243,83.0804,S1,interim_s1_only,s1_interim,aoi,ok,ok,,83.0804,8.5778,7.5505,3.4403,2139.154,5426.5001,3698.5437,0.7263,59.608,0.275,ndwi-calib,True,6.1,0.7799,-16.0,True,BOTH,6.0,9.0,5092.3092,88.0376,2991.1455,6255.530346174724,7.5505,SITS_NDWI_RESTORED,sits_restored_by_s1,fs1-3016a20fd3ad
E092::south%2024%20parganas,E092,2019-0331-IND,2019-07-14,West Bengal,South 24 Parganas,district,FAO/GAUL/2015/level2,matched,70294,214.8572,S1,interim_s1_only,s1_interim,aoi,ok,ok,,214.8572,60.3927,43.1829,35.2917,1942.0116,2826.1802,2364.7435,0.4966,93.8547,0.111,ndwi-calib,True,36.2,0.6554,-14.75,False,BOTH,9.0,6.0,4761.6074,147.2069,2548.2554,5503.307786632012,35.2917,SITS_NDWI,sits_gate_passed,fs1-3016a20fd3ad
E092::uttar%20dinajpur,E092,2019-0331-IND,2019-07-14,West Bengal,Uttar Dinajpur,district,FAO/GAUL/2015/level2,matched,70295,1006.3228,S1,interim_s1_only,s1_interim,aoi,ok,ok,,1006.3228,178.5745,110.0098,56.831,559.3664,1126.5026,951.1356,0.3002,241.1,0.32,low-conf,True,55.1,0.4467,-13.75,False,BOTH,4.0,6.0,3168.8271,113.614,2226.6498,3356.268468886421,178.5745,NDWI,sits_gate_failed,fs1-3016a20fd3ad
E092::west%20medinipur,E092,2019-0331-IND,2019-07-14,West Bengal,West Medinipur,district,geoBoundaries/gbOpen/IND/ADM2/2021@8bef6929fd65432e7dc775e7c44473e84efff064ebddbfd6b834e6291546db40,matched,76128533B88812350838807,173.2895,S1,interim_s1_only,s1_interim,aoi,ok,ok,,173.2895,5.5352,3.0325,0.8086,427.9486,1355.1507,1225.2811,0.2001,17.6546,0.367,otsu,True,54.5,0.4546,-16.0,True,BOTH,5.0,8.0,6123.409,83.5966,3685.2655,6284.990303075887,5.5352,NDWI,sits_gate_failed,fs1-3016a20fd3ad
E093::alappuzha,E093,2019-0383-IND,2019-08-12,Kerala,Alappuzha,district,FAO/GAUL/2015/level2,matched,70298,55.3574,S1,interim_s1_only,s1_interim,aoi,ok,ok,,55.3574,0.8372,0.744,0.2683,11.4723,32.3681,20.8308,0.0192,0.5125,0.133,otsu,True,96.9,0.0248,-14.25,False,DESCENDING,2.0,4.0,1087.5384,57.0297,179.2239,1316.6907112011845,55.3574,S1,cloud_routed_to_s1,fs1-3016a20fd3ad
E093::ernakulam,E093,2019-0383-IND,2019-08-12,Kerala,Ernakulam,district,FAO/GAUL/2015/level2,matched,17699,8.3475,S1,interim_s1_only,s1_interim,aoi,ok,ok,,8.3475,0.5099,0.3598,0.1427,96.2857,290.0902,55.9421,0.0457,0.3059,0.195,otsu,True,83.9,0.0599,-13.25,False,DESCENDING,1.0,5.0,1224.6103,165.9005,28.3227,2305.474714394872,8.3475,S1,cloud_routed_to_s1,fs1-3016a20fd3ad
E093::idukki,E093,2019-0383-IND,2019-08-12,Kerala,Idukki,district,FAO/GAUL/2015/level2,matched,17700,3.7881,S1,interim_s1_only,s1_interim,aoi,unavailable,no_usable_pixels,,3.7881,0.0001,,,,,,,,,no-sits,True,94.9,0.0001,-16.0,True,DESCENDING,2.0,3.0,480.7175,10.6658,2.9577,5010.411036324633,3.7881,S1,no_optical_s1,fs1-3016a20fd3ad
E093::kannur,E093,2019-0383-IND,2019-08-12,Kerala,Kannur,district,FAO/GAUL/2015/level2,matched,17698,1.8182,S1,interim_s1_only,s1_interim,aoi,ok,ok,,1.8182,1.2146,0.7773,0.4289,475.8872,1082.5291,260.6502,0.2598,0.4879,0.211,otsu,True,51.3,0.3404,-16.0,True,DESCENDING,1.0,4.0,1003.4021,43.6691,23.4002,2812.193678917521,1.2146,NDWI,sits_gate_failed,fs1-3016a20fd3ad
E093::kasaragod,E093,2019-0383-IND,2019-08-12,Kerala,Kasaragod,district,FAO/GAUL/2015/level2,matched,17701,2.3852,S1,interim_s1_only,s1_interim,aoi,ok,ok,,2.3852,11.4079,6.3553,5.2668,48.7813,245.5444,76.0209,0.1081,0.1052,0.35,ndwi-calib,True,82.0,0.1446,-16.0,True,BOTH,2.0,6.0,703.4457,29.8422,16.4155,1972.6636827859088,2.3852,S1,cloud_routed_to_s1,fs1-3016a20fd3ad
E093::kottayam,E093,2019-0383-IND,2019-08-12,Kerala,Kottayam,district,FAO/GAUL/2015/level2,matched,17702,31.3028,S1,interim_s1_only,s1_interim,aoi,ok,ok,,31.3028,0.0,0.0,0.0,9.009,22.9319,0.4286,0.0005,0.0038,0.195,otsu,True,97.1,0.0007,-13.75,False,DESCENDING,2.0,1.0,887.901,35.5396,145.0252,2143.385583622296,31.3028,S1,cloud_routed_to_s1,fs1-3016a20fd3ad
E093::kozhikode,E093,2019-0383-IND,2019-08-12,Kerala,Kozhikode,district,FAO/GAUL/2015/level2,matched,17703,1.5005,S1,interim_s1_only,s1_interim,aoi,ok,ok,,1.5005,0.3494,0.2309,0.0839,248.7836,617.6583,202.2793,0.2296,0.313,0.18,otsu,True,65.6,0.2915,-16.0,True,DESCENDING,3.0,3.0,881.0315,34.0404,9.231,2285.6176079375005,1.5005,S1,cloud_routed_to_s1,fs1-3016a20fd3ad
E093::malappuram,E093,2019-0383-IND,2019-08-12,Kerala,Malappuram,district,FAO/GAUL/2015/level2,matched,17704,7.7448,S1,interim_s1_only,s1_interim,aoi,ok,ok,,7.7448,0.3952,0.2486,0.1625,33.6045,172.9402,39.0386,0.0288,0.597,0.336,otsu,True,93.1,0.0409,-16.0,True,DESCENDING,4.0,7.0,1353.5315,50.8308,67.3062,3517.427723973104,7.7448,S1,cloud_routed_to_s1,fs1-3016a20fd3ad
E093::pathanamthitta,E093,2019-0383-IND,2019-08-12,Kerala,Pathanamthitta,district,geoBoundaries/gbOpen/IND/ADM2/2021@8bef6929fd65432e7dc775e7c44473e84efff064ebddbfd6b834e6291546db40,matched,76128533B29330052395581,4.4182,S1,interim_s1_only,s1_interim,aoi,ok,ok,,4.4182,0.0025,0.0008,0.0002,58.5531,156.83,10.325,0.021,0.0304,0.195,otsu,True,87.5,0.0424,-16.0,True,DESCENDING,2.0,1.0,492.0105,19.2664,16.1956,2663.6118314901764,4.4182,S1,cloud_routed_to_s1,fs1-3016a20fd3ad
E093::thrissur,E093,2019-0383-IND,2019-08-12,Kerala,Thrissur,district,FAO/GAUL/2015/level2,matched,17708,22.6573,S1,interim_s1_only,s1_interim,aoi,ok,ok,,22.6573,0.6006,0.2124,0.1032,193.8055,491.686,80.6725,0.0537,0.3968,0.211,otsu,True,77.6,0.0827,-13.25,False,DESCENDING,2.0,7.0,1501.3132,98.2055,195.8273,2961.767200211148,22.6573,S1,cloud_routed_to_s1,fs1-3016a20fd3ad
E093::wayanad,E093,2019-0383-IND,2019-08-12,Kerala,Wayanad,district,FAO/GAUL/2015/level2,matched,17710,3.0212,S1,interim_s1_only,s1_interim,aoi,ok,ok,,3.0212,0.2212,0.0878,0.0762,36.8812,65.5666,18.7995,0.0361,0.1138,0.211,otsu,True,90.3,0.0744,-16.0,True,DESCENDING,2.0,4.0,520.2411,8.8985,51.6684,2130.300649398313,3.0212,S1,cloud_routed_to_s1,fs1-3016a20fd3ad
E094::kolhapur,E094,2019-0383-IND,2019-08-12,Maharashtra,Kolhapur,district,FAO/GAUL/2015/level2,matched,17769,,NONE,no_s1,s1_interim,,unavailable,no_usable_pixels,,,0.0229,,,,,,,,,no-sits,True,100.0,0.0,,,DESCENDING,1.0,1.0,4339.6371,164.0835,1998.2373,7680.572392490604,,NONE,no_measurement,fs1-3016a20fd3ad
E094::sangli,E094,2019-0383-IND,2019-08-12,Maharashtra,Sangli,district,FAO/GAUL/2015/level2,matched,17780,63.9976,S1,interim_s1_only,s1_interim,aoi,ok,ok,,63.9976,0.3681,0.2121,0.1012,608.3014,1193.2319,903.2211,0.1227,30.2925,0.555,otsu,True,84.2,0.1484,-16.0,True,DESCENDING,2.0,4.0,7362.7661,200.7505,4664.1095,8563.308722938114,63.9976,S1,cloud_routed_to_s1,fs1-3016a20fd3ad
E095::balangir,E095,2019-0383-IND,2019-08-12,Odisha,Balangir,district,geoBoundaries/gbOpen/IND/ADM2/2021@8bef6929fd65432e7dc775e7c44473e84efff064ebddbfd6b834e6291546db40,matched,76128533B44395557448920,59.3213,S1,interim_s1_only,s1_interim,aoi,ok,ok,,59.3213,8.6752,6.5585,5.024,546.8669,825.9937,536.987,0.1074,3.8733,0.383,low-conf,True,85.3,0.1358,-16.0,True,DESCENDING,2.0,4.0,4997.6022,55.6147,2421.6248,6589.423663538448,59.3213,S1,cloud_routed_to_s1,fs1-3016a20fd3ad
E095::kalahandi,E095,2019-0383-IND,2019-08-12,Odisha,Kalahandi,district,FAO/GAUL/2015/level2,matched,17812,41.476,S1,interim_s1_only,s1_interim,aoi,ok,ok,,41.476,5.0316,3.6587,2.194,1384.2107,3635.3741,1427.2412,0.316,4.2444,0.336,otsu,True,44.8,0.3997,-16.0,True,DESCENDING,2.0,5.0,4516.9205,46.3307,2786.7517,7938.930130032871,5.0316,NDWI,sits_gate_failed,fs1-3016a20fd3ad
E095::kandhamal,E095,2019-0383-IND,2019-08-12,Odisha,Kandhamal,district,FAO/GAUL/2015/level2,matched,70217,24.2991,S1,interim_s1_only,s1_interim,aoi,ok,ok,,24.2991,1.6714,1.1533,0.7078,1771.1679,4895.3879,1034.9352,0.5645,8.0443,0.211,otsu,True,29.1,0.6922,-16.0,True,DESCENDING,7.0,13.0,1833.216,6.7279,629.3262,8088.528530440674,1.6714,NDWI,sits_gate_failed,fs1-3016a20fd3ad
E095::nuapada,E095,2019-0383-IND,2019-08-12,Odisha,Nuapada,district,FAO/GAUL/2015/level2,matched,70223,16.6862,S1,interim_s1_only,s1_interim,aoi,unavailable,no_post_imagery,,16.6862,,,,,,,,,,no-sits,False,100.0,,-16.0,True,DESCENDING,3.0,0.0,2243.6434,26.6185,1122.3277,3881.856999707553,16.6862,S1,no_optical_s1,fs1-3016a20fd3ad
E095::subarnapur,E095,2019-0383-IND,2019-08-12,Odisha,Subarnapur,district,geoBoundaries/gbOpen/IND/ADM2/2021@8bef6929fd65432e7dc775e7c44473e84efff064ebddbfd6b834e6291546db40,matched,76128533B6884509901047,56.5929,S1,interim_s1_only,s1_interim,aoi,ok,ok,,56.5929,53.8116,42.4314,28.9791,727.1775,1771.0845,1480.8314,0.6967,30.6252,0.468,ndwi-calib,True,21.8,0.7629,-16.0,True,DESCENDING,6.0,8.0,2125.5315,19.7009,1230.7235,2356.718060827676,28.9791,SITS_NDWI,sits_gate_passed,fs1-3016a20fd3ad
E096::birbhum,E096,2019-0383-IND,2019-08-12,West Bengal,Birbhum,district,FAO/GAUL/2015/level2,matched,17947,1110.3094,S1,interim_s1_only,s1_interim,aoi,ok,ok,,1110.3094,104.6268,48.2603,20.1143,458.6612,1106.2531,759.184,0.1745,177.7676,0.539,low-conf,True,63.9,0.2934,-13.25,False,BOTH,7.0,6.0,4350.6007,150.8813,3302.4382,4566.040490140597,1110.3094,S1,cloud_routed_to_s1,fs1-3016a20fd3ad
E096::darjeeling,E096,2019-0383-IND,2019-08-12,West Bengal,Darjeeling,district,geoBoundaries/gbOpen/IND/ADM2/2021@8bef6929fd65432e7dc775e7c44473e84efff064ebddbfd6b834e6291546db40,matched,76128533B17109302371020,3.7669,S1,interim_s1_only,s1_interim,aoi,ok,ok,,3.7669,0.4357,0.0628,0.0499,160.6331,411.8254,184.3333,0.223,0.4872,0.211,otsu,True,71.2,0.3356,-16.0,True,BOTH,6.0,9.0,826.6807,47.8383,280.9187,2082.445247229802,3.7669,S1,cloud_routed_to_s1,fs1-3016a20fd3ad
E096::kalimpong,E096,2019-0383-IND,2019-08-12,West Bengal,Kalimpong,district,geoBoundaries/gbOpen/IND/ADM2/2021@8bef6929fd65432e7dc775e7c44473e84efff064ebddbfd6b834e6291546db40,matched,76128533B78458325839103,0.2433,S1,interim_s1_only,s1_interim,aoi,ok,ok,,0.2433,0.069,0.002,0.0008,11.8807,27.04,0.0902,0.0012,0.0092,0.242,otsu,True,94.0,0.0115,-16.0,True,BOTH,5.0,4.0,73.9352,0.8321,9.6083,1110.133398229132,0.2433,S1,cloud_routed_to_s1,fs1-3016a20fd3ad
E096::nadia,E096,2019-0383-IND,2019-08-12,West Bengal,Nadia,district,FAO/GAUL/2015/level2,matched,17956,72.2368,S1,interim_s1_only,s1_interim,aoi,ok,ok,,72.2368,4.9472,2.1598,0.9559,111.4283,236.3706,181.368,0.0497,3.7317,0.211,low-conf,True,90.4,0.0862,-16.0,True,BOTH,4.0,1.0,3646.9459,123.4896,2083.3365,3995.2318634205153,72.2368,S1,cloud_routed_to_s1,fs1-3016a20fd3ad
E097::belagavi,E097,2019-0499-IND,2019-10-19,Karnataka,Belagavi,district,geoBoundaries/gbOpen/IND/ADM2/2021@8bef6929fd65432e7dc775e7c44473e84efff064ebddbfd6b834e6291546db40,matched,76128533B74319098136622,144.2015,S1,interim_s1_only,s1_interim,aoi,ok,ok,,144.2015,32.2466,19.6344,7.2712,2525.5218,7960.167,6177.876,0.5662,73.8865,0.461,low-conf,True,31.6,0.6993,-16.0,True,DESCENDING,6.0,14.0,10911.9771,215.1324,7249.3894,13437.79374447446,32.2466,NDWI,sits_gate_failed,fs1-3016a20fd3ad
E097::gadag,E097,2019-0499-IND,2019-10-19,Karnataka,Gadag,district,FAO/GAUL/2015/level2,matched,70163,89.1879,S1,interim_s1_only,s1_interim,aoi,ok,ok,,89.1879,6.0211,1.7054,0.8035,660.2896,1914.09,1688.856,0.3922,45.6816,0.445,otsu,True,17.9,0.8152,-16.0,True,BOTH,3.0,4.0,4305.9468,80.2726,3592.692,4647.273331660636,6.0211,NDWI,sits_gate_failed,fs1-3016a20fd3ad
E097::koppal,E097,2019-0499-IND,2019-10-19,Karnataka,Koppal,district,FAO/GAUL/2015/level2,matched,70165,60.0394,S1,interim_s1_only,s1_interim,aoi,ok,ok,,60.0394,12.1456,8.3007,3.9221,2529.7492,3940.1381,3304.1874,0.6521,33.5632,0.57,low-conf,True,12.3,0.8728,-16.0,True,BOTH,5.0,4.0,5066.6839,98.0116,4281.3443,5575.478276779294,12.1456,NDWI,sits_gate_failed,fs1-3016a20fd3ad
E098::alappuzha,E098,2019-0499-IND,2019-10-19,Kerala,Alappuzha,district,FAO/GAUL/2015/level2,matched,70298,43.0215,S1,interim_s1_only,s1_interim,aoi,ok,ok,,43.0215,0.011,0.0055,0.001,0.8194,5.7361,4.8257,0.0044,0.0057,0.086,otsu,True,99.5,0.0059,-15.25,False,DESCENDING,4.0,3.0,1087.5384,57.0297,179.2239,1316.6907112011845,43.0215,S1,cloud_routed_to_s1,fs1-3016a20fd3ad
E098::ernakulam,E098,2019-0499-IND,2019-10-19,Kerala,Ernakulam,district,FAO/GAUL/2015/level2,matched,17699,13.2813,S1,interim_s1_only,s1_interim,aoi,ok,ok,,13.2813,2.2453,0.6156,0.1504,11.0628,145.4555,101.8959,0.0832,1.0048,0.211,otsu,True,92.2,0.1032,-13.75,False,DESCENDING,2.0,3.0,1224.6103,165.9005,28.3227,2305.474714394872,13.2813,S1,cloud_routed_to_s1,fs1-3016a20fd3ad
E098::kannur,E098,2019-0499-IND,2019-10-19,Kerala,Kannur,district,FAO/GAUL/2015/level2,matched,17698,3.9154,S1,interim_s1_only,s1_interim,aoi,unavailable,no_post_imagery,,3.9154,,,,,,,,,,no-sits,False,100.0,,-16.0,True,DESCENDING,1.0,0.0,1003.4021,43.6691,23.4002,2812.193678917521,3.9154,S1,no_optical_s1,fs1-3016a20fd3ad
E098::kasaragod,E098,2019-0499-IND,2019-10-19,Kerala,Kasaragod,district,FAO/GAUL/2015/level2,matched,17701,5.7029,S1,interim_s1_only,s1_interim,aoi,ok,ok,,5.7029,0.2152,0.1962,0.0315,20.4964,109.4506,48.2055,0.0685,0.7591,0.07,otsu,True,93.7,0.081,-16.0,True,BOTH,3.0,2.0,703.4457,29.8422,16.4155,1972.6636827859088,5.7029,S1,cloud_routed_to_s1,fs1-3016a20fd3ad
E098::kollam,E098,2019-0499-IND,2019-10-19,Kerala,Kollam,district,FAO/GAUL/2015/level2,matched,17707,2.5313,S1,interim_s1_only,s1_interim,aoi,unavailable,no_post_imagery,,2.5313,,,,,,,,,,no-sits,False,100.0,,-16.0,True,DESCENDING,2.0,0.0,826.5589,62.5206,8.5656,2363.0186325698423,2.5313,S1,no_optical_s1,fs1-3016a20fd3ad
E098::kottayam,E098,2019-0499-IND,2019-10-19,Kerala,Kottayam,district,FAO/GAUL/2015/level2,matched,17702,41.233,S1,interim_s1_only,s1_interim,aoi,unavailable,no_post_imagery,,41.233,,,,,,,,,,no-sits,False,100.0,,-14.25,False,DESCENDING,3.0,0.0,887.901,35.5396,145.0252,2143.385583622296,41.233,S1,no_optical_s1,fs1-3016a20fd3ad
E098::palakkad,E098,2019-0499-IND,2019-10-19,Kerala,Palakkad,district,FAO/GAUL/2015/level2,matched,17705,41.7447,S1,interim_s1_only,s1_interim,aoi,ok,ok,,41.7447,0.3476,0.0744,0.074,11.4701,30.3148,6.3693,0.0036,0.0127,0.195,otsu,True,98.9,0.0067,-16.0,True,DESCENDING,6.0,4.0,1777.7514,72.9484,362.9705,4489.876823790321,41.7447,S1,cloud_routed_to_s1,fs1-3016a20fd3ad
E098::thiruvananthapuram,E098,2019-0499-IND,2019-10-19,Kerala,Thiruvananthapuram,district,FAO/GAUL/2015/level2,matched,17709,1.3458,S1,interim_s1_only,s1_interim,aoi,unavailable,no_post_imagery,,1.3458,,,,,,,,,,no-sits,False,100.0,,-16.0,True,DESCENDING,2.0,0.0,719.775,81.6711,4.6289,2047.560453755721,1.3458,S1,no_optical_s1,fs1-3016a20fd3ad
E098::thrissur,E098,2019-0499-IND,2019-10-19,Kerala,Thrissur,district,FAO/GAUL/2015/level2,matched,17708,38.8918,S1,interim_s1_only,s1_interim,aoi,ok,ok,,38.8918,0.6919,0.5959,0.0305,66.3707,250.3261,127.4404,0.0849,2.1703,0.164,otsu,True,90.2,0.099,-13.25,False,DESCENDING,3.0,2.0,1501.3132,98.2055,195.8273,2961.767200211148,38.8918,S1,cloud_routed_to_s1,fs1-3016a20fd3ad
E100::puducherry,E100,2019-0574-IND,2019-11-29,Puducherry,Puducherry,district,FAO/GAUL/2015/level2,matched,70228,3.2266,S1,interim_s1_only,s1_interim,aoi,ok,ok,,3.2266,1.146,0.9713,0.5381,81.1287,179.0563,152.0672,0.863,2.3188,0.492,otsu,True,1.6,0.9756,-16.0,True,DESCENDING,3.0,2.0,176.2038,33.3995,63.5356,199.99944279980937,1.146,NDWI,sits_gate_failed,fs1-3016a20fd3ad
E101::coimbatore,E101,2019-0574-IND,2019-11-29,Tamil Nadu,Coimbatore,district,FAO/GAUL/2015/level2,matched,17867,6.8141,S1,interim_s1_only,s1_interim,aoi,ok,ok,,6.8141,7.2098,6.2285,5.2528,4867.9501,6921.3794,4871.0958,0.9241,6.0268,0.122,ndwi-calib,True,4.0,0.9605,-16.0,True,DESCENDING,4.0,8.0,5271.3636,666.128,1358.6982,7435.549976623285,5.2528,SITS_NDWI,sits_gate_passed,fs1-3016a20fd3ad
E101::cuddalore,E101,2019-0574-IND,2019-11-29,Tamil Nadu,Cuddalore,district,FAO/GAUL/2015/level2,matched,70243,250.8783,S1,interim_s1_only,s1_interim,aoi,ok,ok,,250.8783,24.252,17.7097,6.5861,508.2841,2554.722,2276.3114,0.6297,108.3666,0.766,ndwi-calib,True,25.3,0.7472,-13.75,False,DESCENDING,3.0,10.0,3614.8545,154.6486,1853.457,3834.148317022688,17.7097,SITS_NDWI_RESTORED,sits_restored_by_s1,fs1-3016a20fd3ad
E101::nagapattinam,E101,2019-0574-IND,2019-11-29,Tamil Nadu,Nagapattinam,district,FAO/GAUL/2015/level2,matched,70247,216.8688,S1,interim_s1_only,s1_interim,aoi,ok,ok,,216.8688,25.0027,3.1919,2.5825,59.4053,210.9894,139.5633,0.0297,4.9818,0.324,ndwi-calib,True,47.3,0.5272,-14.75,False,DESCENDING,4.0,3.0,4691.9213,114.8047,2911.4785,4937.704421608838,2.5825,SITS_NDWI,sits_gate_passed,fs1-3016a20fd3ad
E101::thiruvarur,E101,2019-0574-IND,2019-11-29,Tamil Nadu,Thiruvarur,district,geoBoundaries/gbOpen/IND/ADM2/2021@8bef6929fd65432e7dc775e7c44473e84efff064ebddbfd6b834e6291546db40,matched,76128533B45072089356239,48.6371,S1,interim_s1_only,s1_interim,aoi,ok,ok,,48.6371,14.7011,3.2493,2.3307,45.0653,160.594,101.3306,0.0468,2.7836,0.323,ndwi-calib,True,46.0,0.5273,-15.75,False,DESCENDING,4.0,3.0,2166.9066,48.1779,1504.4672,2285.385478948947,2.3307,SITS_NDWI,sits_gate_passed,fs1-3016a20fd3ad
E101::thoothukudi,E101,2019-0574-IND,2019-11-29,Tamil Nadu,Thoothukudi,district,FAO/GAUL/2015/level2,matched,17866,234.4629,S1,interim_s1_only,s1_interim,aoi,ok,ok,,234.4629,20.4793,4.4382,2.1522,233.8552,1403.0482,1148.2135,0.25,31.4259,0.647,ndwi-calib,True,35.1,0.6351,-13.25,False,DESCENDING,8.0,8.0,4592.2261,181.188,2051.2903,4753.760490296577,4.4382,SITS_NDWI_RESTORED,sits_restored_by_s1,fs1-3016a20fd3ad
E101::tiruppur,E101,2019-0574-IND,2019-11-29,Tamil Nadu,Tiruppur,district,geoBoundaries/gbOpen/IND/ADM2/2021@8bef6929fd65432e7dc775e7c44473e84efff064ebddbfd6b834e6291546db40,matched,76128533B57036825942975,5.8425,S1,interim_s1_only,s1_interim,aoi,ok,ok,,5.8425,4.6524,3.1656,2.0899,1146.1872,2906.9484,2723.7129,0.5912,2.599,0.368,ndwi-calib,True,5.5,0.9462,-16.0,True,DESCENDING,4.0,8.0,4606.7251,383.6712,1665.5139,5200.603913602986,2.0899,SITS_NDWI,sits_gate_passed,fs1-3016a20fd3ad
E103::darrang,E103,2020-0206-IND,2020-05-24,Assam,Darrang,district,FAO/GAUL/2015/level2,matched,17578,126.1925,S1,interim_s1_only,s1_interim,aoi,unavailable,no_usable_pixels,,126.1925,0.0,,,,,,,,,no-sits,True,100.0,0.0,-13.25,False,BOTH,5.0,1.0,3074.5271,59.1961,1652.486,3426.9679336953163,126.1925,S1,no_optical_s1,fs1-3016a20fd3ad
E103::goalpara,E103,2020-0206-IND,2020-05-24,Assam,Goalpara,district,FAO/GAUL/2015/level2,matched,17581,279.2571,S1,interim_s1_only,s1_interim,aoi,ok,ok,,279.2571,37.6378,20.696,7.9695,81.0158,222.5945,148.9311,0.1057,18.3997,0.508,low-conf,True,84.2,0.1581,-16.25,False,BOTH,4.0,7.0,1408.4225,27.3769,712.6012,1904.60564716237,279.2571,S1,cloud_routed_to_s1,fs1-3016a20fd3ad
E103::lakhimpur,E103,2020-0206-IND,2020-05-24,Assam,Lakhimpur,district,FAO/GAUL/2015/level2,matched,70091,83.4515,S1,interim_s1_only,s1_interim,aoi,ok,ok,,83.4515,110.8688,106.633,83.4385,1310.5275,2755.8599,1775.1495,0.6925,60.4944,0.127,ndwi-calib,True,3.1,0.7152,-16.25,False,BOTH,4.0,6.0,2563.3875,26.0117,1480.1181,2886.5239581816727,83.4385,SITS_NDWI,sits_gate_passed,fs1-3016a20fd3ad
E103::sonitpur,E103,2020-0206-IND,2020-05-24,Assam,Sonitpur,district,FAO/GAUL/2015/level2,matched,17593,217.5947,S1,interim_s1_only,s1_interim,aoi,ok,ok,,217.5947,301.7743,125.5933,73.1519,724.3287,1915.973,1658.8885,0.4064,79.8823,0.227,ndwi-calib,True,22.6,0.753,-16.25,False,BOTH,5.0,5.0,4081.5881,70.4035,1950.1255,4676.158375740257,73.1519,SITS_NDWI,sits_gate_passed,fs1-3016a20fd3ad
E103::udalguri,E103,2020-0206-IND,2020-05-24,Assam,Udalguri,district,geoBoundaries/gbOpen/IND/ADM2/2021@8bef6929fd65432e7dc775e7c44473e84efff064ebddbfd6b834e6291546db40,matched,76128533B20307518801538,9.4447,S1,interim_s1_only,s1_interim,aoi,unavailable,no_post_imagery,,9.4447,,,,,,,,,,no-sits,False,100.0,,-16.0,True,BOTH,4.0,0.0,1902.4689,22.7021,962.0185,2056.2913712488385,9.4447,S1,no_optical_s1,fs1-3016a20fd3ad
E106::east%20siang,E106,2020-0304-IND,2020-06-01,Arunachal Pradesh,East Siang,district,FAO/GAUL/2015/level2,matched,17571,14.713,S1,interim_s1_only,s1_interim,aoi,ok,ok,,14.713,33.4192,4.9107,2.7448,24.1515,80.6424,63.9305,0.0882,2.3012,0.233,ndwi-calib,True,44.4,0.6176,-16.0,True,ASCENDING,2.0,8.0,724.6954,1.3031,128.7999,947.3283946599408,2.7448,SITS_NDWI,sits_gate_passed,fs1-3016a20fd3ad
E106::namsai,E106,2020-0304-IND,2020-06-01,Arunachal Pradesh,Namsai,district,geoBoundaries/gbOpen/IND/ADM2/2021@8bef6929fd65432e7dc775e7c44473e84efff064ebddbfd6b834e6291546db40,matched,76128533B1875965515331,11.7055,S1,interim_s1_only,s1_interim,aoi,ok,ok,,11.7055,20.3032,19.5929,12.0699,150.9605,1125.3502,811.95,0.9095,10.9345,0.355,ndwi-calib,True,8.6,0.9518,-16.0,True,BOTH,2.0,5.0,892.7445,3.2491,191.9717,1281.1997378272174,12.0699,SITS_NDWI,sits_gate_passed,fs1-3016a20fd3ad
E107::baksa,E107,2020-0304-IND,2020-06-01,Assam,Baksa,district,geoBoundaries/gbOpen/IND/ADM2/2021@8bef6929fd65432e7dc775e7c44473e84efff064ebddbfd6b834e6291546db40,matched,76128533B8221925175605,88.7648,S1,interim_s1_only,s1_interim,aoi,ok,ok,,88.7648,1.7474,1.3657,0.7938,121.2415,780.2682,376.755,0.1695,6.8062,0.305,otsu,True,65.8,0.1851,-16.0,True,BOTH,7.0,2.0,2223.2273,18.4823,1034.5191,2398.6209171216647,88.7648,S1,cloud_routed_to_s1,fs1-3016a20fd3ad
E107::barpeta,E107,2020-0304-IND,2020-06-01,Assam,Barpeta,district,FAO/GAUL/2015/level2,matched,17576,318.375,S1,interim_s1_only,s1_interim,aoi,ok,ok,,318.375,1.4572,1.1746,0.7288,86.4172,597.9592,322.4145,0.1159,6.2451,0.289,otsu,True,80.5,0.1262,-16.25,False,BOTH,7.0,2.0,2781.8165,53.1895,1401.2032,3253.622989828742,318.375,S1,cloud_routed_to_s1,fs1-3016a20fd3ad
E107::biswanath,E107,2020-0304-IND,2020-06-01,Assam,Biswanath,district,geoBoundaries/gbOpen/IND/ADM2/2021@8bef6929fd65432e7dc775e7c44473e84efff064ebddbfd6b834e6291546db40,matched,76128533B40714385808093,79.7495,S1,interim_s1_only,s1_interim,aoi,ok,ok,,79.7495,36.7126,26.572,12.1261,278.3245,844.8129,694.1628,0.4449,58.8372,0.342,ndwi-calib,True,45.9,0.5338,-16.25,False,ASCENDING,3.0,6.0,1560.1555,18.4415,730.5119,1795.9804068303213,26.572,SITS_NDWI_RESTORED,sits_restored_by_s1,fs1-3016a20fd3ad
E107::bongaigaon,E107,2020-0304-IND,2020-06-01,Assam,Bongaigaon,district,FAO/GAUL/2015/level2,matched,70086,47.2974,S1,interim_s1_only,s1_interim,aoi,ok,ok,,47.2974,5.8312,5.1676,4.348,216.5378,1087.3229,671.4064,0.363,4.2112,0.133,ndwi-calib,True,51.4,0.3799,-16.25,False,BOTH,7.0,8.0,1849.5033,30.7452,701.4281,2332.582799042809,4.348,SITS_NDWI,sits_gate_passed,fs1-3016a20fd3ad
E107::cachar,E107,2020-0304-IND,2020-06-01,Assam,Cachar,district,FAO/GAUL/2015/level2,matched,17577,398.1917,S1,interim_s1_only,s1_interim,aoi,ok,ok,,398.1917,37.9141,22.8191,17.2204,192.2517,685.798,290.6343,0.1668,44.3954,0.32,ndwi-calib,True,77.3,0.2239,-13.25,False,ASCENDING,3.0,7.0,1742.352,28.6315,777.3899,3806.329961738336,398.1917,S1,cloud_routed_to_s1,fs1-3016a20fd3ad
E107::charaideo,E107,2020-0304-IND,2020-06-01,Assam,Charaideo,district,geoBoundaries/gbOpen/IND/ADM2/2021@8bef6929fd65432e7dc775e7c44473e84efff064ebddbfd6b834e6291546db40,matched,76128533B89228414823983,57.5157,S1,interim_s1_only,s1_interim,aoi,ok,ok,,57.5157,8.8972,1.0998,0.2538,125.7112,399.2251,308.2823,0.3222,5.8341,0.211,otsu,True,18.5,0.8151,-16.0,True,ASCENDING,3.0,8.0,956.9246,11.1538,434.3126,1051.5010239181354,8.8972,NDWI,sits_gate_failed,fs1-3016a20fd3ad
E107::chirang,E107,2020-0304-IND,2020-06-01,Assam,Chirang,district,geoBoundaries/gbOpen/IND/ADM2/2021@8bef6929fd65432e7dc775e7c44473e84efff064ebddbfd6b834e6291546db40,matched,76128533B56012535339305,12.0971,S1,interim_s1_only,s1_interim,aoi,ok,ok,,12.0971,7.4984,6.9037,5.3652,252.1376,1171.5658,998.5444,0.675,4.6609,0.148,ndwi-calib,True,6.9,0.7248,-16.0,True,BOTH,7.0,4.0,1479.252,14.0007,493.708,1586.6528982343073,5.3652,SITS_NDWI,sits_gate_passed,fs1-3016a20fd3ad
E107::darrang,E107,2020-0304-IND,2020-06-01,Assam,Darrang,district,FAO/GAUL/2015/level2,matched,17578,108.8363,S1,interim_s1_only,s1_interim,aoi,ok,ok,,108.8363,1.0914,0.8862,0.3162,122.9541,463.1214,135.8538,0.0442,0.3326,0.305,otsu,True,85.1,0.0496,-16.25,False,BOTH,6.0,2.0,3074.5271,59.1961,1652.486,3426.9679336953163,108.8363,S1,cloud_routed_to_s1,fs1-3016a20fd3ad
E107::dhemaji,E107,2020-0304-IND,2020-06-01,Assam,Dhemaji,district,FAO/GAUL/2015/level2,matched,70087,100.62,S1,interim_s1_only,s1_interim,aoi,ok,ok,,100.62,39.4473,38.8023,13.4765,44.2155,263.6844,211.1693,0.0943,21.1525,0.421,ndwi-calib,True,86.6,0.1222,-15.25,False,ASCENDING,3.0,3.0,2240.4877,21.9993,1222.1808,2503.3476339074205,100.62,S1,cloud_routed_to_s1,fs1-3016a20fd3ad
E107::dhubri,E107,2020-0304-IND,2020-06-01,Assam,Dhubri,district,geoBoundaries/gbOpen/IND/ADM2/2021@8bef6929fd65432e7dc775e7c44473e84efff064ebddbfd6b834e6291546db40,matched,76128533B25835998628545,95.0426,S1,interim_s1_only,s1_interim,aoi,ok,ok,,95.0426,78.2409,63.0128,16.3015,237.6564,1323.6804,1126.884,0.729,66.9557,0.414,low-conf,True,18.8,0.8261,-15.75,False,BOTH,2.0,14.0,1545.8668,29.1865,884.5081,1790.280077462252,78.2409,NDWI,sits_gate_failed,fs1-3016a20fd3ad
E107::dibrugarh,E107,2020-0304-IND,2020-06-01,Assam,Dibrugarh,district,FAO/GAUL/2015/level2,matched,17580,292.1039,S1,interim_s1_only,s1_interim,aoi,ok,ok,,292.1039,69.2323,15.9133,9.8553,233.767,508.4688,366.718,0.127,18.0174,0.132,ndwi-calib,True,47.0,0.5156,-16.25,False,ASCENDING,4.0,8.0,2887.5515,56.4443,1158.2783,3397.4818067287138,9.8553,SITS_NDWI,sits_gate_passed,fs1-3016a20fd3ad
E107::goalpara,E107,2020-0304-IND,2020-06-01,Assam,Goalpara,district,FAO/GAUL/2015/level2,matched,17581,183.9599,S1,interim_s1_only,s1_interim,aoi,ok,ok,,183.9599,63.1182,53.9635,19.1672,140.3464,362.9371,243.7798,0.1731,45.3873,0.477,low-conf,True,79.6,0.1956,-16.25,False,BOTH,4.0,8.0,1408.4225,27.3769,712.6012,1904.60564716237,183.9599,S1,cloud_routed_to_s1,fs1-3016a20fd3ad
E107::golaghat,E107,2020-0304-IND,2020-06-01,Assam,Golaghat,district,FAO/GAUL/2015/level2,matched,17582,54.4604,S1,interim_s1_only,s1_interim,aoi,ok,ok,,54.4604,48.1183,36.3011,23.3563,630.3606,2927.1566,2575.1652,0.8276,31.2983,0.335,ndwi-calib,True,12.6,0.8891,-16.75,False,ASCENDING,1.0,7.0,3111.5422,41.889,1494.8322,3532.2679838886856,23.3563,SITS_NDWI,sits_gate_passed,fs1-3016a20fd3ad
E107::hojai,E107,2020-0304-IND,2020-06-01,Assam,Hojai,district,geoBoundaries/gbOpen/IND/ADM2/2021@8bef6929fd65432e7dc775e7c44473e84efff064ebddbfd6b834e6291546db40,matched,76128533B70315194619807,188.8591,S1,interim_s1_only,s1_interim,aoi,ok,ok,,188.8591,108.9947,107.2292,82.5596,741.9672,1415.065,964.7899,0.9753,185.1243,0.185,ndwi-calib,True,0.9,0.997,-13.25,False,ASCENDING,3.0,8.0,989.2694,26.6879,580.9443,1456.4677644954024,82.5596,SITS_NDWI,sits_gate_passed,fs1-3016a20fd3ad
E107::jorhat,E107,2020-0304-IND,2020-06-01,Assam,Jorhat,district,FAO/GAUL/2015/level2,matched,70089,69.5119,S1,interim_s1_only,s1_interim,aoi,ok,ok,,69.5119,78.0044,47.0809,35.1785,634.3258,1544.829,1220.3624,0.5292,25.633,0.248,ndwi-calib,True,37.2,0.6373,-16.75,False,ASCENDING,2.0,5.0,2306.1826,46.9407,1139.7231,2842.716884638612,35.1785,SITS_NDWI,sits_gate_passed,fs1-3016a20fd3ad
E107::kamrup,E107,2020-0304-IND,2020-06-01,Assam,Kamrup,district,FAO/GAUL/2015/level2,matched,17583,278.4135,S1,interim_s1_only,s1_interim,aoi,unavailable,no_usable_pixels,,278.4135,0.0,,,,,,,,,no-sits,True,100.0,0.0,-15.25,False,BOTH,7.0,3.0,2833.5254,161.5654,1408.6863,4348.6225796054405,278.4135,S1,no_optical_s1,fs1-3016a20fd3ad
E107::kamrup%20metropolitan,E107,2020-0304-IND,2020-06-01,Assam,Kamrup Metropolitan,district,geoBoundaries/gbOpen/IND/ADM2/2021@8bef6929fd65432e7dc775e7c44473e84efff064ebddbfd6b834e6291546db40,matched,76128533B38230828972906,18.6449,S1,interim_s1_only,s1_interim,aoi,unavailable,no_usable_pixels,,18.6449,0.0,,,,,,,,,no-sits,True,100.0,0.0,-16.0,True,BOTH,3.0,2.0,448.608,80.2055,184.2046,1131.5412000860365,18.6449,S1,no_optical_s1,fs1-3016a20fd3ad
E107::karbi%20anglong,E107,2020-0304-IND,2020-06-01,Assam,Karbi Anglong,district,FAO/GAUL/2015/level2,matched,17584,33.0176,S1,interim_s1_only,s1_interim,aoi,ok,ok,,33.0176,49.3972,42.0091,21.5396,610.7767,7177.0747,2304.2506,0.7877,28.5605,0.393,ndwi-calib,True,26.4,0.8378,-16.0,True,ASCENDING,4.0,11.0,2925.3894,20.1574,925.2248,10446.406497647093,21.5396,SITS_NDWI,sits_gate_passed,fs1-3016a20fd3ad
E107::kokrajhar,E107,2020-0304-IND,2020-06-01,Assam,Kokrajhar,district,FAO/GAUL/2015/level2,matched,70090,27.5088,S1,interim_s1_only,s1_interim,aoi,ok,ok,,27.5088,46.7219,40.3371,26.9759,1059.6205,2929.4926,2653.6959,0.8667,19.5071,0.158,ndwi-calib,True,5.5,0.9442,-16.0,True,BOTH,7.0,8.0,3061.7037,20.8028,1277.9815,3329.2233881813268,26.9759,SITS_NDWI,sits_gate_passed,fs1-3016a20fd3ad
E107::lakhimpur,E107,2020-0304-IND,2020-06-01,Assam,Lakhimpur,district,FAO/GAUL/2015/level2,matched,70091,97.9712,S1,interim_s1_only,s1_interim,aoi,ok,ok,,97.9712,80.9742,45.5375,27.0643,146.7112,405.3042,337.4975,0.1317,24.0542,0.41,ndwi-calib,True,80.9,0.193,-15.25,False,ASCENDING,3.0,5.0,2563.3875,26.0117,1480.1181,2886.5239581816727,97.9712,S1,cloud_routed_to_s1,fs1-3016a20fd3ad
E107::majuli,E107,2020-0304-IND,2020-06-01,Assam,Majuli,district,geoBoundaries/gbOpen/IND/ADM2/2021@8bef6929fd65432e7dc775e7c44473e84efff064ebddbfd6b834e6291546db40,matched,76128533B15157901669242,67.9414,S1,interim_s1_only,s1_interim,aoi,ok,ok,,67.9414,51.8543,35.735,23.9436,268.0005,708.5104,528.4077,0.5901,27.9793,0.368,ndwi-calib,True,33.2,0.7205,-17.75,False,ASCENDING,2.0,5.0,895.4552,4.9644,388.9801,1250.5943287676694,23.9436,SITS_NDWI,sits_gate_passed,fs1-3016a20fd3ad
E107::morigaon,E107,2020-0304-IND,2020-06-01,Assam,Morigaon,district,geoBoundaries/gbOpen/IND/ADM2/2021@8bef6929fd65432e7dc775e7c44473e84efff064ebddbfd6b834e6291546db40,matched,76128533B17968019348564,169.2202,S1,interim_s1_only,s1_interim,aoi,ok,ok,,169.2202,1.4176,1.0253,0.2831,23.7743,77.8814,69.0778,0.0527,2.0177,0.227,otsu,True,93.9,0.0668,-15.25,False,ASCENDING,2.0,4.0,1311.7575,29.7776,855.9907,1508.3262903435684,169.2202,S1,cloud_routed_to_s1,fs1-3016a20fd3ad
E107::nagaon,E107,2020-0304-IND,2020-06-01,Assam,Nagaon,district,FAO/GAUL/2015/level2,matched,17589,364.2071,S1,interim_s1_only,s1_interim,aoi,ok,ok,,364.2071,250.9178,76.6376,39.6906,288.1719,1337.98,1029.876,0.3323,101.0616,0.273,ndwi-calib,True,17.9,0.8045,-15.25,False,ASCENDING,3.0,11.0,3099.3518,85.1365,1748.5294,3997.4423095607103,39.6906,SITS_NDWI,sits_gate_passed,fs1-3016a20fd3ad
E107::nalbari,E107,2020-0304-IND,2020-06-01,Assam,Nalbari,district,FAO/GAUL/2015/level2,matched,17590,216.5846,S1,interim_s1_only,s1_interim,aoi,ok,ok,,216.5846,0.3532,0.2862,0.1127,43.4262,270.7959,59.8148,0.0285,0.8361,0.32,otsu,True,87.5,0.0327,-14.25,False,BOTH,6.0,1.0,2097.5834,38.1238,1132.0605,2339.8796955273547,216.5846,S1,cloud_routed_to_s1,fs1-3016a20fd3ad
E107::sivasagar,E107,2020-0304-IND,2020-06-01,Assam,Sivasagar,district,geoBoundaries/gbOpen/IND/ADM2/2021@8bef6929fd65432e7dc775e7c44473e84efff064ebddbfd6b834e6291546db40,matched,76128533B21722277889516,196.4534,S1,interim_s1_only,s1_interim,aoi,ok,ok,,196.4534,56.6083,49.4325,24.6562,396.1336,1047.8875,916.1889,0.6604,133.5049,0.211,ndwi-calib,True,25.2,0.7464,-13.75,False,ASCENDING,3.0,3.0,1387.3046,33.7338,786.7767,1526.651765771626,49.4325,SITS_NDWI_RESTORED,sits_restored_by_s1,fs1-3016a20fd3ad
E107::sonitpur,E107,2020-0304-IND,2020-06-01,Assam,Sonitpur,district,FAO/GAUL/2015/level2,matched,17593,179.9831,S1,interim_s1_only,s1_interim,aoi,ok,ok,,179.9831,103.8462,31.0765,15.9981,236.9334,896.908,688.1284,0.1686,27.2898,0.384,ndwi-calib,True,39.5,0.5259,-17.25,False,ASCENDING,5.0,6.0,4081.5881,70.4035,1950.1255,4676.158375740257,15.9981,SITS_NDWI,sits_gate_passed,fs1-3016a20fd3ad
E107::south%20salmara,E107,2020-0304-IND,2020-06-01,Assam,South Salmara,district,geoBoundaries/gbOpen/IND/ADM2/2021@8bef6929fd65432e7dc775e7c44473e84efff064ebddbfd6b834e6291546db40,matched,76128533B20298037622173,67.6869,S1,interim_s1_only,s1_interim,aoi,ok,ok,,67.6869,52.2643,30.7136,9.3268,96.5302,339.9027,233.2503,0.493,21.2413,0.414,low-conf,True,34.5,0.7324,-16.75,False,BOTH,2.0,6.0,473.1623,8.762,258.8428,719.1856651342532,52.2643,NDWI,sits_gate_failed,fs1-3016a20fd3ad
E107::tinsukia,E107,2020-0304-IND,2020-06-01,Assam,Tinsukia,district,FAO/GAUL/2015/level2,matched,70093,175.7259,S1,interim_s1_only,s1_interim,aoi,ok,ok,,175.7259,109.1853,66.0091,45.3302,1112.7648,2511.6809,2122.0567,0.6423,101.3057,0.132,ndwi-calib,True,0.9,0.9902,-14.75,False,BOTH,3.0,12.0,3303.9786,35.8835,942.5054,3799.190193815676,45.3302,SITS_NDWI,sits_gate_passed,fs1-3016a20fd3ad
E107::udalguri,E107,2020-0304-IND,2020-06-01,Assam,Udalguri,district,geoBoundaries/gbOpen/IND/ADM2/2021@8bef6929fd65432e7dc775e7c44473e84efff064ebddbfd6b834e6291546db40,matched,76128533B20307518801538,46.8793,S1,interim_s1_only,s1_interim,aoi,ok,ok,,46.8793,1.3545,1.1886,0.6164,163.9383,581.9719,170.9473,0.0899,0.4189,0.289,otsu,True,69.7,0.0968,-16.0,True,BOTH,6.0,2.0,1902.4689,22.7021,962.0185,2056.2913712488385,46.8793,S1,cloud_routed_to_s1,fs1-3016a20fd3ad
E107::west%20karbi%20anglong,E107,2020-0304-IND,2020-06-01,Assam,West Karbi Anglong,district,geoBoundaries/gbOpen/IND/ADM2/2021@8bef6929fd65432e7dc775e7c44473e84efff064ebddbfd6b834e6291546db40,matched,76128533B57995625790051,13.619,S1,interim_s1_only,s1_interim,aoi,ok,ok,,13.619,22.3946,19.9484,5.8616,436.9643,1860.998,538.2225,0.7108,10.1338,0.227,low-conf,True,35.7,0.7622,-16.0,True,ASCENDING,3.0,8.0,757.2,3.4195,291.1598,3106.68686919722,22.3946,NDWI,sits_gate_failed,fs1-3016a20fd3ad
E108::darbhanga,E108,2020-0304-IND,2020-06-01,Bihar,Darbhanga,district,FAO/GAUL/2015/level2,matched,17598,29.066,S1,interim_s1_only,s1_interim,aoi,ok,ok,,29.066,28.2193,6.9243,3.6629,288.0962,1091.3247,925.9244,0.4375,2.8641,0.883,ndwi-calib,True,25.5,0.7456,-16.0,True,BOTH,3.0,7.0,2116.2992,123.9895,1491.5896,2293.727225126986,3.6629,SITS_NDWI,sits_gate_passed,fs1-3016a20fd3ad
E108::east%20champaran,E108,2020-0304-IND,2020-06-01,Bihar,East Champaran,district,geoBoundaries/gbOpen/IND/ADM2/2021@8bef6929fd65432e7dc775e7c44473e84efff064ebddbfd6b834e6291546db40,matched,76128533B49017555803526,39.3547,S1,interim_s1_only,s1_interim,aoi,ok,ok,,39.3547,42.751,23.6743,11.0761,884.5956,3569.1506,3301.6183,0.8157,27.4814,0.703,ndwi-calib,True,0.7,0.9928,-16.0,True,BOTH,8.0,13.0,4047.632,223.9597,2855.6906,4209.432168721379,23.6743,SITS_NDWI_RESTORED,sits_restored_by_s1,fs1-3016a20fd3ad
E108::gopalganj,E108,2020-0304-IND,2020-06-01,Bihar,Gopalganj,district,FAO/GAUL/2015/level2,matched,17604,21.7583,S1,interim_s1_only,s1_interim,aoi,ok,ok,,21.7583,20.2764,13.5513,6.8787,506.219,1805.8845,1663.3905,0.8311,16.6343,0.658,ndwi-calib,True,0.7,0.9928,-16.0,True,BOTH,6.0,7.0,2001.4418,119.6197,1420.8562,2044.660708589624,6.8787,SITS_NDWI,sits_gate_passed,fs1-3016a20fd3ad
E108::khagaria,E108,2020-0304-IND,2020-06-01,Bihar,Khagaria,district,FAO/GAUL/2015/level2,matched,17609,8.4803,S1,interim_s1_only,s1_interim,aoi,ok,ok,,8.4803,7.4231,2.1198,1.1852,247.5836,602.5703,508.7452,0.3614,1.3761,0.656,ndwi-calib,True,26.1,0.7505,-15.25,False,BOTH,3.0,5.0,1407.6251,55.9292,1110.7351,1494.410012910706,1.1852,SITS_NDWI,sits_gate_passed,fs1-3016a20fd3ad
E108::kishanganj,E108,2020-0304-IND,2020-06-01,Bihar,Kishanganj,district,FAO/GAUL/2015/level2,matched,70100,13.1609,S1,interim_s1_only,s1_interim,aoi,ok,ok,,13.1609,10.3633,9.4833,7.2715,1012.3196,1817.6337,1714.2523,0.9251,11.4537,0.177,ndwi-calib,True,3.2,0.9681,-16.0,True,BOTH,3.0,10.0,1852.9673,64.5698,1314.1185,1932.7539351616576,7.2715,SITS_NDWI,sits_gate_passed,fs1-3016a20fd3ad
E108::madhepura,E108,2020-0304-IND,2020-06-01,Bihar,Madhepura,district,FAO/GAUL/2015/level2,matched,17612,4.7068,S1,interim_s1_only,s1_interim,aoi,ok,ok,,4.7068,3.9729,0.8936,0.4895,277.5196,796.8963,681.7357,0.3755,0.9484,0.414,otsu,True,19.6,0.8035,-16.0,True,BOTH,5.0,5.0,1815.6229,74.764,1333.9732,1841.8576584601997,3.9729,NDWI,sits_gate_failed,fs1-3016a20fd3ad
E108::madhubani,E108,2020-0304-IND,2020-06-01,Bihar,Madhubani,district,FAO/GAUL/2015/level2,matched,17611,11.9885,S1,interim_s1_only,s1_interim,aoi,ok,ok,,11.9885,10.2533,5.8835,2.3075,672.17,2544.4608,2225.7799,0.6928,7.2628,0.609,ndwi-calib,True,9.8,0.9025,-16.0,True,BOTH,6.0,7.0,3212.7477,159.6917,2236.3901,3457.42262983169,5.8835,SITS_NDWI_RESTORED,sits_restored_by_s1,fs1-3016a20fd3ad
E108::muzaffarpur,E108,2020-0304-IND,2020-06-01,Bihar,Muzaffarpur,district,FAO/GAUL/2015/level2,matched,17613,25.9486,S1,interim_s1_only,s1_interim,aoi,ok,ok,,25.9486,14.1642,6.7314,4.6665,933.5574,2032.6736,1893.1194,0.605,11.2841,0.835,ndwi-calib,True,15.8,0.8419,-16.0,True,BOTH,9.0,24.0,3129.3395,204.9248,2037.5739,3192.441978127565,4.6665,SITS_NDWI,sits_gate_passed,fs1-3016a20fd3ad
E108::saharsa,E108,2020-0304-IND,2020-06-01,Bihar,Saharsa,district,FAO/GAUL/2015/level2,matched,17624,13.4531,S1,interim_s1_only,s1_interim,aoi,ok,ok,,13.4531,4.7739,2.0892,1.283,325.0571,1038.3038,922.2516,0.5773,2.1783,0.448,ndwi-calib,True,28.2,0.7222,-15.25,False,BOTH,3.0,2.0,1597.4024,73.4795,1156.81,1692.2702412487936,1.283,SITS_NDWI,sits_gate_passed,fs1-3016a20fd3ad
E108::samastipur,E108,2020-0304-IND,2020-06-01,Bihar,Samastipur,district,FAO/GAUL/2015/level2,matched,17626,6.9759,S1,interim_s1_only,s1_interim,aoi,ok,ok,,6.9759,1.5063,0.3498,0.2694,425.3352,709.6944,613.6593,0.2246,0.8978,0.602,otsu,True,54.6,0.4545,-16.0,True,BOTH,2.0,4.0,2732.2727,163.9409,1804.9512,2911.492917812177,1.5063,NDWI,sits_gate_failed,fs1-3016a20fd3ad
E108::saran,E108,2020-0304-IND,2020-06-01,Bihar,Saran,district,FAO/GAUL/2015/level2,matched,17628,47.6751,S1,interim_s1_only,s1_interim,aoi,ok,ok,,47.6751,41.0591,28.866,18.8081,816.4002,2070.5034,1910.1223,0.7475,32.2314,0.782,ndwi-calib,True,2.8,0.9752,-16.25,False,BOTH,7.0,19.0,2555.315,176.7369,1803.5769,2650.3366911206285,18.8081,SITS_NDWI,sits_gate_passed,fs1-3016a20fd3ad
E108::sheohar,E108,2020-0304-IND,2020-06-01,Bihar,Sheohar,district,FAO/GAUL/2015/level2,matched,70103,2.1716,S1,interim_s1_only,s1_interim,aoi,ok,ok,,2.1716,2.747,2.4429,1.9489,294.5367,528.8526,511.6466,0.9038,1.6219,0.729,ndwi-calib,True,1.5,0.9854,-16.0,True,BOTH,5.0,5.0,566.1197,25.7266,391.2231,575.6280849211931,1.9489,SITS_NDWI,sits_gate_passed,fs1-3016a20fd3ad
E108::sitamarhi,E108,2020-0304-IND,2020-06-01,Bihar,Sitamarhi,district,FAO/GAUL/2015/level2,matched,17630,5.2412,S1,interim_s1_only,s1_interim,aoi,ok,ok,,5.2412,4.0758,3.8424,1.3412,325.7162,1955.169,1872.5879,0.9271,4.509,0.869,ndwi-calib,True,3.6,0.9637,-16.0,True,BOTH,5.0,5.0,2019.8231,104.0527,1393.9537,2075.1609189491032,3.8424,SITS_NDWI_RESTORED,sits_restored_by_s1,fs1-3016a20fd3ad
E108::siwan,E108,2020-0304-IND,2020-06-01,Bihar,Siwan,district,FAO/GAUL/2015/level2,matched,17631,23.3487,S1,interim_s1_only,s1_interim,aoi,ok,ok,,23.3487,18.34,13.3042,5.1955,529.9446,2006.466,1854.8868,0.8574,17.4772,0.756,ndwi-calib,True,1.8,0.9842,-16.0,True,BOTH,7.0,14.0,2163.4697,140.3064,1598.0864,2229.6509970655925,13.3042,SITS_NDWI_RESTORED,sits_restored_by_s1,fs1-3016a20fd3ad
E108::supaul,E108,2020-0304-IND,2020-06-01,Bihar,Supaul,district,FAO/GAUL/2015/level2,matched,70104,34.6376,S1,interim_s1_only,s1_interim,aoi,ok,ok,,34.6376,26.167,15.0398,12.7162,353.3494,1259.6888,1140.0212,0.4898,15.3622,0.472,ndwi-calib,True,23.8,0.7653,-15.75,False,BOTH,7.0,7.0,2327.5369,73.558,1540.2276,2399.2927702222696,12.7162,SITS_NDWI,sits_gate_passed,fs1-3016a20fd3ad
E108::west%20champaran,E108,2020-0304-IND,2020-06-01,Bihar,West Champaran,district,geoBoundaries/gbOpen/IND/ADM2/2021@8bef6929fd65432e7dc775e7c44473e84efff064ebddbfd6b834e6291546db40,matched,76128533B17762399278073,87.3721,S1,interim_s1_only,s1_interim,aoi,ok,ok,,87.3721,20.0725,7.877,5.6152,1425.6416,3103.6927,2629.7215,0.5699,49.2689,0.435,ndwi-calib,True,1.2,0.9939,-16.0,True,BOTH,5.0,9.0,4613.9716,173.9217,3003.5522,5214.198372330475,5.6152,SITS_NDWI,sits_gate_passed,fs1-3016a20fd3ad
E109::balod,E109,2020-0304-IND,2020-06-01,Chhattisgarh,Balod,district,geoBoundaries/gbOpen/IND/ADM2/2021@8bef6929fd65432e7dc775e7c44473e84efff064ebddbfd6b834e6291546db40,matched,76128533B90169585758701,9.5254,S1,interim_s1_only,s1_interim,aoi,ok,ok,,9.5254,48.0676,46.0329,40.9269,1855.7174,2907.5786,2508.0439,0.8635,8.4816,0.458,ndwi-calib,True,0.4,0.9994,-16.0,True,DESCENDING,2.0,12.0,2904.5758,59.1027,1837.1938,3424.6142622764123,40.9269,SITS_NDWI,sits_gate_passed,fs1-3016a20fd3ad
E109::balodabazar,E109,2020-0304-IND,2020-06-01,Chhattisgarh,Balodabazar,district,geoBoundaries/gbOpen/IND/ADM2/2021@8bef6929fd65432e7dc775e7c44473e84efff064ebddbfd6b834e6291546db40,matched,76128533B54306414631532,49.3428,S1,interim_s1_only,s1_interim,aoi,ok,ok,,49.3428,29.8788,19.5434,15.9832,976.7371,2476.9873,1756.6449,0.5644,28.5696,0.507,ndwi-calib,True,0.5,0.9951,-16.0,True,DESCENDING,3.0,15.0,3112.3722,73.039,1958.9153,3980.136098307729,15.9832,SITS_NDWI,sits_gate_passed,fs1-3016a20fd3ad
E109::balrampur,E109,2020-0304-IND,2020-06-01,Chhattisgarh,Balrampur,district,geoBoundaries/gbOpen/IND/ADM2/2021@8bef6929fd65432e7dc775e7c44473e84efff064ebddbfd6b834e6291546db40,matched,76128533B14598081584747,54.7745,S1,interim_s1_only,s1_interim,aoi,ok,ok,,54.7745,5.4568,1.4829,0.8737,1062.8975,3229.5847,1836.1176,0.448,24.9503,0.367,otsu,True,12.3,0.8954,-16.0,True,BOTH,7.0,7.0,4098.2421,9.8475,1751.3901,7697.7932658673,5.4568,NDWI,sits_gate_failed,fs1-3016a20fd3ad
E109::bastar,E109,2020-0304-IND,2020-06-01,Chhattisgarh,Bastar,district,FAO/GAUL/2015/level2,matched,70105,170.8712,S1,interim_s1_only,s1_interim,aoi,ok,ok,,170.8712,23.2565,16.0998,8.9866,2168.1923,10072.3892,6118.6593,0.6688,102.135,0.586,ndwi-calib,True,28.4,0.7299,-16.0,True,DESCENDING,6.0,19.0,9149.3762,38.6804,3468.9131,14993.252103989971,8.9866,SITS_NDWI,sits_gate_passed,fs1-3016a20fd3ad
E109::bijapur,E109,2020-0304-IND,2020-06-01,Chhattisgarh,Bijapur,district,geoBoundaries/gbOpen/IND/ADM2/2021@8bef6929fd65432e7dc775e7c44473e84efff064ebddbfd6b834e6291546db40,matched,76128533B66145460152555,20.462,S1,interim_s1_only,s1_interim,aoi,ok,ok,,20.462,5.38,1.4468,0.8698,596.8493,2863.7211,1809.3475,0.3172,5.0193,0.352,otsu,True,9.1,0.904,-16.0,True,DESCENDING,2.0,11.0,5703.6185,5.6925,673.5952,9166.228880349568,5.38,NDWI,sits_gate_failed,fs1-3016a20fd3ad
E109::dantewada,E109,2020-0304-IND,2020-06-01,Chhattisgarh,Dantewada,district,FAO/GAUL/2015/level2,matched,70107,67.3798,S1,interim_s1_only,s1_interim,aoi,ok,ok,,67.3798,7.102,0.5197,0.3807,664.8862,2992.3667,1816.2247,0.1696,5.153,0.258,otsu,True,35.0,0.6272,-16.0,True,DESCENDING,4.0,14.0,10709.8921,18.0832,1569.0929,17077.80807219265,7.102,NDWI,sits_gate_failed,fs1-3016a20fd3ad
E109::dhamtari,E109,2020-0304-IND,2020-06-01,Chhattisgarh,Dhamtari,district,FAO/GAUL/2015/level2,matched,70108,18.8231,S1,interim_s1_only,s1_interim,aoi,ok,ok,,18.8231,7.6974,4.3349,2.909,1158.2544,3149.2917,2462.348,0.7431,13.6911,0.398,otsu,True,2.4,0.9796,-16.0,True,DESCENDING,6.0,9.0,3313.6933,60.7792,1490.7932,4074.566265206066,7.6974,NDWI,sits_gate_failed,fs1-3016a20fd3ad
E109::gariyaband,E109,2020-0304-IND,2020-06-01,Chhattisgarh,Gariyaband,district,geoBoundaries/gbOpen/IND/ADM2/2021@8bef6929fd65432e7dc775e7c44473e84efff064ebddbfd6b834e6291546db40,matched,76128533B93063337202124,25.1348,S1,interim_s1_only,s1_interim,aoi,ok,ok,,25.1348,12.6681,8.7285,4.3893,857.1983,3981.6092,2314.1358,0.7825,19.932,0.688,ndwi-calib,True,10.9,0.8905,-16.0,True,DESCENDING,6.0,10.0,2957.5403,29.0775,1113.2947,4884.817356965688,4.3893,SITS_NDWI,sits_gate_passed,fs1-3016a20fd3ad
E109::janjgir-champa,E109,2020-0304-IND,2020-06-01,Chhattisgarh,Janjgir-Champa,district,FAO/GAUL/2015/level2,matched,70109,62.3018,S1,interim_s1_only,s1_interim,aoi,ok,ok,,62.3018,10.2879,6.5586,1.3693,248.2116,2917.233,2477.8537,0.7232,41.2502,0.722,ndwi-calib,True,4.8,0.9538,-16.0,True,DESCENDING,6.0,7.0,3426.1222,104.1823,2496.6502,3884.879746251652,6.5586,SITS_NDWI_RESTORED,sits_restored_by_s1,fs1-3016a20fd3ad
E109::jashpur,E109,2020-0304-IND,2020-06-01,Chhattisgarh,Jashpur,district,FAO/GAUL/2015/level2,matched,70110,14.0436,S1,interim_s1_only,s1_interim,aoi,ok,ok,,14.0436,5.9718,2.4521,1.578,1580.7744,3415.3112,1838.917,0.5929,8.3738,0.445,otsu,True,16.1,0.859,-16.0,True,DESCENDING,2.0,17.0,3101.5237,13.0698,1767.7542,5837.85108396611,5.9718,NDWI,sits_gate_failed,fs1-3016a20fd3ad
E109::kabirdham,E109,2020-0304-IND,2020-06-01,Chhattisgarh,Kabirdham,district,geoBoundaries/gbOpen/IND/ADM2/2021@8bef6929fd65432e7dc775e7c44473e84efff064ebddbfd6b834e6291546db40,matched,76128533B48077510234542,13.9896,S1,interim_s1_only,s1_interim,aoi,ok,ok,,13.9896,73.3658,56.8842,48.1058,1252.2888,3050.6118,1711.884,0.6983,8.8405,0.511,ndwi-calib,True,20.8,0.7786,-16.0,True,DESCENDING,2.0,12.0,2451.5297,33.4849,1760.4948,4238.122137436689,48.1058,SITS_NDWI,sits_gate_passed,fs1-3016a20fd3ad
E109::kanker,E109,2020-0304-IND,2020-06-01,Chhattisgarh,Kanker,district,FAO/GAUL/2015/level2,matched,70111,39.2027,S1,interim_s1_only,s1_interim,aoi,ok,ok,,39.2027,6.5654,4.155,3.0521,1706.4867,4904.2379,3263.2401,0.6755,22.0927,0.414,otsu,True,3.4,0.9719,-16.0,True,DESCENDING,1.0,13.0,4830.5317,34.3976,1793.6256,7178.171664130548,6.5654,NDWI,sits_gate_failed,fs1-3016a20fd3ad
E109::kondagaon,E109,2020-0304-IND,2020-06-01,Chhattisgarh,Kondagaon,district,geoBoundaries/gbOpen/IND/ADM2/2021@8bef6929fd65432e7dc775e7c44473e84efff064ebddbfd6b834e6291546db40,matched,76128533B12144400448811,36.4317,S1,interim_s1_only,s1_interim,aoi,ok,ok,,36.4317,6.5861,4.6227,3.0227,1615.7423,4222.0995,3049.9701,0.7984,28.0294,0.383,otsu,True,14.8,0.8549,-16.0,True,DESCENDING,3.0,8.0,3819.9589,12.7732,1464.5664,5191.089149731457,6.5861,NDWI,sits_gate_failed,fs1-3016a20fd3ad
E109::koriya,E109,2020-0304-IND,2020-06-01,Chhattisgarh,Koriya,district,FAO/GAUL/2015/level2,matched,70114,20.2813,S1,interim_s1_only,s1_interim,aoi,ok,ok,,20.2813,9.0412,5.2225,2.7838,362.2806,1981.4343,952.8934,0.2673,0.7852,0.72,ndwi-calib,True,15.5,0.842,-16.0,True,DESCENDING,6.0,15.0,3565.3988,19.0065,1084.8825,6652.802732133683,2.7838,SITS_NDWI,sits_gate_passed,fs1-3016a20fd3ad
E109::mungeli,E109,2020-0304-IND,2020-06-01,Chhattisgarh,Mungeli,district,geoBoundaries/gbOpen/IND/ADM2/2021@8bef6929fd65432e7dc775e7c44473e84efff064ebddbfd6b834e6291546db40,matched,76128533B17292264941997,5.1131,S1,interim_s1_only,s1_interim,aoi,pending,track_b_incomplete,,5.1131,75.745,,,,,,,,,no-sits,True,1.3,0.9915,-16.0,True,DESCENDING,2.0,11.0,1895.0407,32.8163,1388.2092,2554.8731088739232,5.1131,S1,no_optical_s1,fs1-3016a20fd3ad
E109::narayanpur,E109,2020-0304-IND,2020-06-01,Chhattisgarh,Narayanpur,district,geoBoundaries/gbOpen/IND/ADM2/2021@8bef6929fd65432e7dc775e7c44473e84efff064ebddbfd6b834e6291546db40,matched,76128533B89979485471283,6.4905,S1,interim_s1_only,s1_interim,aoi,pending,track_b_not_run,,6.4905,1.1661,,,,,,,,,no-sits,True,27.4,0.6631,-16.0,True,DESCENDING,2.0,12.0,1355.1998,4.3122,221.0193,3840.847589539658,6.4905,S1,no_optical_s1,fs1-3016a20fd3ad
E109::raigarh,E109,2020-0304-IND,2020-06-01,Chhattisgarh,Raigarh,district,FAO/GAUL/2015/level2,matched,70297,49.5076,S1,interim_s1_only,s1_interim,aoi,pending,track_b_not_run,,49.5076,21.8482,,,,,,,,,no-sits,True,9.5,0.9204,-16.0,True,DESCENDING,4.0,8.0,4909.2515,94.1058,2301.142,7102.445664121135,49.5076,S1,no_optical_s1,fs1-3016a20fd3ad
E109::raipur,E109,2020-0304-IND,2020-06-01,Chhattisgarh,Raipur,district,FAO/GAUL/2015/level2,matched,70116,112.0761,S1,interim_s1_only,s1_interim,aoi,pending,track_b_not_run,,112.0761,72.9457,,,,,,,,,no-sits,True,4.5,0.9631,-16.0,True,DESCENDING,6.0,21.0,9366.8459,296.8455,5565.0382,12483.455862122348,112.0761,S1,no_optical_s1,fs1-3016a20fd3ad
E109::rajnandgaon,E109,2020-0304-IND,2020-06-01,Chhattisgarh,Rajnandgaon,district,FAO/GAUL/2015/level2,matched,70117,39.3482,S1,interim_s1_only,s1_interim,aoi,pending,track_b_not_run,,39.3482,399.5783,,,,,,,,,no-sits,True,5.4,0.9504,-16.0,True,DESCENDING,2.0,11.0,6160.9946,92.6916,3752.2227,8087.838209926009,39.3482,S1,no_optical_s1,fs1-3016a20fd3ad
E109::sukma,E109,2020-0304-IND,2020-06-01,Chhattisgarh,Sukma,district,geoBoundaries/gbOpen/IND/ADM2/2021@8bef6929fd65432e7dc775e7c44473e84efff064ebddbfd6b834e6291546db40,matched,76128533B53316015271969,35.2414,S1,interim_s1_only,s1_interim,aoi,pending,track_b_not_run,,35.2414,0.4095,,,,,,,,,no-sits,True,83.3,0.1456,-16.0,True,DESCENDING,3.0,6.0,3850.226,6.1455,632.9456,5670.751812032168,35.2414,S1,no_optical_s1,fs1-3016a20fd3ad
E109::surajpur,E109,2020-0304-IND,2020-06-01,Chhattisgarh,Surajpur,district,geoBoundaries/gbOpen/IND/ADM2/2021@8bef6929fd65432e7dc775e7c44473e84efff064ebddbfd6b834e6291546db40,matched,76128533B46979893461805,57.5625,S1,interim_s1_only,s1_interim,aoi,pending,track_b_not_run,,57.5625,1.6065,,,,,,,,,no-sits,True,6.9,0.9365,-16.0,True,DESCENDING,6.0,4.0,2224.6249,19.9311,1242.1402,3160.829851999189,57.5625,S1,no_optical_s1,fs1-3016a20fd3ad
E110::ahmedabad,E110,2020-0304-IND,2020-06-01,Gujarat,Ahmedabad,district,geoBoundaries/gbOpen/IND/ADM2/2021@8bef6929fd65432e7dc775e7c44473e84efff064ebddbfd6b834e6291546db40,matched,76128533B93113981386565,1408.7961,S1,interim_s1_only,s1_interim,aoi,pending,track_b_not_run,,1408.7961,40.4707,,,,,,,,,no-sits,True,0.7,0.9937,-14.25,False,DESCENDING,6.0,41.0,6623.7034,383.4507,5163.3995,7272.000354400464,1408.7961,S1,no_optical_s1,fs1-3016a20fd3ad
E110::amreli,E110,2020-0304-IND,2020-06-01,Gujarat,Amreli,district,FAO/GAUL/2015/level2,matched,17636,176.1755,S1,interim_s1_only,s1_interim,aoi,pending,track_b_not_run,,176.1755,92.166,,,,,,,,,no-sits,True,14.9,0.8515,-16.0,True,DESCENDING,2.0,13.0,6520.1448,143.129,5306.5211,7335.055339616136,176.1755,S1,no_optical_s1,fs1-3016a20fd3ad
E110::anand,E110,2020-0304-IND,2020-06-01,Gujarat,Anand,district,FAO/GAUL/2015/level2,matched,70124,75.5824,S1,interim_s1_only,s1_interim,aoi,pending,track_b_not_run,,75.5824,7.1207,,,,,,,,,no-sits,True,1.5,0.9854,-16.0,True,DESCENDING,5.0,16.0,2518.5538,117.3674,1690.7855,2708.431476288587,75.5824,S1,no_optical_s1,fs1-3016a20fd3ad
E110::bharuch,E110,2020-0304-IND,2020-06-01,Gujarat,Bharuch,district,FAO/GAUL/2015/level2,matched,17638,409.0656,S1,interim_s1_only,s1_interim,aoi,pending,track_b_not_run,,409.0656,29.5206,,,,,,,,,no-sits,True,1.0,0.9921,-13.75,False,DESCENDING,2.0,18.0,4616.1811,154.4679,3090.4378,5286.80850824333,409.0656,S1,no_optical_s1,fs1-3016a20fd3ad
E110::bhavnagar,E110,2020-0304-IND,2020-06-01,Gujarat,Bhavnagar,district,FAO/GAUL/2015/level2,matched,17639,444.2554,S1,interim_s1_only,s1_interim,aoi,pending,track_b_not_run,,444.2554,84.6496,,,,,,,,,no-sits,True,6.3,0.941,-16.0,True,DESCENDING,6.0,21.0,7330.648,226.1757,5568.377,8098.916054779909,444.2554,S1,no_optical_s1,fs1-3016a20fd3ad
E110::botad,E110,2020-0304-IND,2020-06-01,Gujarat,Botad,district,geoBoundaries/gbOpen/IND/ADM2/2021@8bef6929fd65432e7dc775e7c44473e84efff064ebddbfd6b834e6291546db40,matched,76128533B48885555323596,68.0375,S1,interim_s1_only,s1_interim,aoi,pending,track_b_not_run,,68.0375,32.2543,,,,,,,,,no-sits,True,0.3,0.9974,-16.0,True,DESCENDING,3.0,11.0,2560.9719,56.5403,2110.0764,2635.4766256069506,68.0375,S1,no_optical_s1,fs1-3016a20fd3ad
E110::devbhumi%20dwarka,E110,2020-0304-IND,2020-06-01,Gujarat,Devbhumi Dwarka,district,geoBoundaries/gbOpen/IND/ADM2/2021@8bef6929fd65432e7dc775e7c44473e84efff064ebddbfd6b834e6291546db40,matched,76128533B74381554567803,143.9437,S1,interim_s1_only,s1_interim,aoi,pending,track_b_not_run,,143.9437,18.0627,,,,,,,,,no-sits,True,6.5,0.9439,-16.0,True,DESCENDING,3.0,13.0,3892.1695,64.967,2753.5877,4320.429272751922,143.9437,S1,no_optical_s1,fs1-3016a20fd3ad
E110::gandhinagar,E110,2020-0304-IND,2020-06-01,Gujarat,Gandhinagar,district,FAO/GAUL/2015/level2,matched,17640,83.7919,S1,interim_s1_only,s1_interim,aoi,pending,track_b_not_run,,83.7919,1.1764,,,,,,,,,no-sits,True,0.0,0.9998,-16.0,True,DESCENDING,3.0,8.0,1578.9874,118.8402,1106.9859,1727.568227550091,83.7919,S1,no_optical_s1,fs1-3016a20fd3ad
E110::gir%20somnath,E110,2020-0304-IND,2020-06-01,Gujarat,Gir Somnath,district,geoBoundaries/gbOpen/IND/ADM2/2021@8bef6929fd65432e7dc775e7c44473e84efff064ebddbfd6b834e6291546db40,matched,76128533B45037556977273,21.4109,S1,interim_s1_only,s1_interim,aoi,pending,track_b_not_run,,21.4109,23.9419,,,,,,,,,no-sits,True,14.1,0.8864,-16.0,True,DESCENDING,1.0,16.0,3075.7366,79.0274,1469.8178,3780.874903082573,21.4109,S1,no_optical_s1,fs1-3016a20fd3ad
E110::jamnagar,E110,2020-0304-IND,2020-06-01,Gujarat,Jamnagar,district,FAO/GAUL/2015/level2,matched,17641,570.1848,S1,interim_s1_only,s1_interim,aoi,pending,track_b_not_run,,570.1848,38.3784,,,,,,,,,no-sits,True,6.4,0.9429,-16.0,True,DESCENDING,3.0,20.0,9782.7889,220.7431,7204.7679,10822.719279552311,570.1848,S1,no_optical_s1,fs1-3016a20fd3ad
E110::junagadh,E110,2020-0304-IND,2020-06-01,Gujarat,Junagadh,district,FAO/GAUL/2015/level2,matched,17642,211.844,S1,interim_s1_only,s1_interim,aoi,pending,track_b_not_run,,211.844,63.9351,,,,,,,,,no-sits,True,15.1,0.8633,-16.0,True,DESCENDING,3.0,21.0,7214.2731,184.1183,4731.3894,8217.26323932205,211.844,S1,no_optical_s1,fs1-3016a20fd3ad
E110::kutch,E110,2020-0304-IND,2020-06-01,Gujarat,Kutch,district,geoBoundaries/gbOpen/IND/ADM2/2021@8bef6929fd65432e7dc775e7c44473e84efff064ebddbfd6b834e6291546db40,matched,76128533B91881382098572,5664.3827,S1,interim_s1_only,s1_interim,aoi,pending,track_b_not_run,,5664.3827,2927.099,,,,,,,,,no-sits,True,5.0,0.9714,-18.25,False,BOTH,10.0,32.0,35085.3148,273.0757,9226.9329,42739.022712293714,5664.3827,S1,no_optical_s1,fs1-3016a20fd3ad
E110::mehsana,E110,2020-0304-IND,2020-06-01,Gujarat,Mehsana,district,geoBoundaries/gbOpen/IND/ADM2/2021@8bef6929fd65432e7dc775e7c44473e84efff064ebddbfd6b834e6291546db40,matched,76128533B81661995166840,1031.793,S1,interim_s1_only,s1_interim,aoi,pending,track_b_not_run,,1031.793,3.469,,,,,,,,,no-sits,True,0.0,0.9997,-13.25,False,DESCENDING,5.0,27.0,4185.3479,170.1939,3354.2489,4397.478999391727,1031.793,S1,no_optical_s1,fs1-3016a20fd3ad
E110::morbi,E110,2020-0304-IND,2020-06-01,Gujarat,Morbi,district,geoBoundaries/gbOpen/IND/ADM2/2021@8bef6929fd65432e7dc775e7c44473e84efff064ebddbfd6b834e6291546db40,matched,76128533B2080752988715,340.0329,S1,interim_s1_only,s1_interim,aoi,pending,track_b_not_run,,340.0329,54.148,,,,,,,,,no-sits,True,3.0,0.9759,-16.0,True,DESCENDING,3.0,8.0,4598.5249,124.0588,3448.1215,4845.3888221565,340.0329,S1,no_optical_s1,fs1-3016a20fd3ad
E110::narmada,E110,2020-0304-IND,2020-06-01,Gujarat,Narmada,district,FAO/GAUL/2015/level2,matched,70126,11.6808,S1,interim_s1_only,s1_interim,aoi,pending,track_b_not_run,,11.6808,3.6603,,,,,,,,,no-sits,True,2.7,0.9902,-16.25,False,DESCENDING,3.0,8.0,1246.0082,18.7937,804.8161,2575.207321742988,11.6808,S1,no_optical_s1,fs1-3016a20fd3ad
E110::navsari,E110,2020-0304-IND,2020-06-01,Gujarat,Navsari,district,FAO/GAUL/2015/level2,matched,70127,14.1519,S1,interim_s1_only,s1_interim,aoi,pending,track_b_not_run,,14.1519,6.1305,,,,,,,,,no-sits,True,18.6,0.8315,-16.0,True,DESCENDING,4.0,14.0,1702.3987,61.7571,564.3259,2097.600482441035,14.1519,S1,no_optical_s1,fs1-3016a20fd3ad
E110::patan,E110,2020-0304-IND,2020-06-01,Gujarat,Patan,district,FAO/GAUL/2015/level2,matched,70129,226.0923,S1,interim_s1_only,s1_interim,aoi,pending,track_b_not_run,,226.0923,30.4624,,,,,,,,,no-sits,True,0.0,0.9996,-16.0,True,DESCENDING,3.0,22.0,5815.1637,117.5371,4683.4199,6017.262722245363,226.0923,S1,no_optical_s1,fs1-3016a20fd3ad
E110::porbandar,E110,2020-0304-IND,2020-06-01,Gujarat,Porbandar,district,FAO/GAUL/2015/level2,matched,70130,79.0158,S1,interim_s1_only,s1_interim,aoi,pending,track_b_not_run,,79.0158,1.5798,,,,,,,,,no-sits,True,3.8,0.9637,-16.0,True,DESCENDING,3.0,7.0,2208.7117,50.5005,1611.7904,2369.3926933976804,79.0158,S1,no_optical_s1,fs1-3016a20fd3ad
E110::rajkot,E110,2020-0304-IND,2020-06-01,Gujarat,Rajkot,district,FAO/GAUL/2015/level2,matched,17647,609.8781,S1,interim_s1_only,s1_interim,aoi,pending,track_b_not_run,,609.8781,119.0575,,,,,,,,,no-sits,True,7.3,0.929,-16.0,True,DESCENDING,4.0,15.0,10594.8875,362.83,8303.7985,11175.751593133718,609.8781,S1,no_optical_s1,fs1-3016a20fd3ad
E110::sabarkantha,E110,2020-0304-IND,2020-06-01,Gujarat,Sabarkantha,district,FAO/GAUL/2015/level2,matched,17648,235.959,S1,interim_s1_only,s1_interim,aoi,pending,track_b_not_run,,235.959,2.6079,,,,,,,,,no-sits,True,0.0,0.9995,-16.0,True,DESCENDING,4.0,21.0,5966.5938,146.9115,4356.3157,7457.412888463912,235.959,S1,no_optical_s1,fs1-3016a20fd3ad
E110::surat,E110,2020-0304-IND,2020-06-01,Gujarat,Surat,district,FAO/GAUL/2015/level2,matched,17649,70.2685,S1,interim_s1_only,s1_interim,aoi,pending,track_b_not_run,,70.2685,42.1268,,,,,,,,,no-sits,True,11.1,0.9153,-16.25,False,DESCENDING,4.0,14.0,5860.6038,320.505,3100.9497,7486.82173633887,70.2685,S1,no_optical_s1,fs1-3016a20fd3ad
E110::surendranagar,E110,2020-0304-IND,2020-06-01,Gujarat,Surendranagar,district,FAO/GAUL/2015/level2,matched,17650,237.1536,S1,interim_s1_only,s1_interim,aoi,pending,track_b_not_run,,237.1536,98.2615,,,,,,,,,no-sits,True,0.5,0.9955,-16.0,True,DESCENDING,6.0,36.0,10206.8505,144.5097,7972.8737,10480.710406373057,237.1536,S1,no_optical_s1,fs1-3016a20fd3ad
E110::tapi,E110,2020-0304-IND,2020-06-01,Gujarat,Tapi,district,geoBoundaries/gbOpen/IND/ADM2/2021@8bef6929fd65432e7dc775e7c44473e84efff064ebddbfd6b834e6291546db40,matched,76128533B12519626815499,8.2594,S1,interim_s1_only,s1_interim,aoi,pending,track_b_not_run,,8.2594,6.3613,,,,,,,,,no-sits,True,23.8,0.7933,-17.25,False,DESCENDING,4.0,8.0,2093.7467,37.5106,1269.4798,3222.2181213994645,8.2594,S1,no_optical_s1,fs1-3016a20fd3ad
E110::vadodara,E110,2020-0304-IND,2020-06-01,Gujarat,Vadodara,district,FAO/GAUL/2015/level2,matched,17652,97.5905,S1,interim_s1_only,s1_interim,aoi,pending,track_b_not_run,,97.5905,16.7837,,,,,,,,,no-sits,True,3.4,0.9668,-16.0,True,DESCENDING,5.0,25.0,6686.8143,252.4561,4257.0876,7758.226506800483,97.5905,S1,no_optical_s1,fs1-3016a20fd3ad
E111::bagalkot,E111,2020-0304-IND,2020-06-01,Karnataka,Bagalkot,district,FAO/GAUL/2015/level2,matched,70157,141.9962,S1,interim_s1_only,s1_interim,aoi,pending,track_b_not_run,,141.9962,26.0014,,,,,,,,,no-sits,True,1.5,0.9839,-16.0,True,DESCENDING,3.0,11.0,5858.5775,115.598,4194.2864,6575.100985988591,141.9962,S1,no_optical_s1,fs1-3016a20fd3ad
E111::belagavi,E111,2020-0304-IND,2020-06-01,Karnataka,Belagavi,district,geoBoundaries/gbOpen/IND/ADM2/2021@8bef6929fd65432e7dc775e7c44473e84efff064ebddbfd6b834e6291546db40,matched,76128533B74319098136622,54.1649,S1,interim_s1_only,s1_interim,aoi,pending,track_b_not_run,,54.1649,29.3216,,,,,,,,,no-sits,True,24.2,0.7722,-16.0,True,DESCENDING,4.0,12.0,10911.9771,215.1324,7249.3894,13437.793744475348,54.1649,S1,no_optical_s1,fs1-3016a20fd3ad
E111::chamarajanagar,E111,2020-0304-IND,2020-06-01,Karnataka,Chamarajanagar,district,geoBoundaries/gbOpen/IND/ADM2/2021@8bef6929fd65432e7dc775e7c44473e84efff064ebddbfd6b834e6291546db40,matched,76128533B16628456658675,7.6647,S1,interim_s1_only,s1_interim,aoi,pending,track_b_not_run,,7.6647,0.2078,,,,,,,,,no-sits,True,84.1,0.1943,-16.0,True,DESCENDING,2.0,8.0,3148.4148,73.9657,1382.6337,5769.577402856972,7.6647,S1,no_optical_s1,fs1-3016a20fd3ad
E111::chikkamagaluru,E111,2020-0304-IND,2020-06-01,Karnataka,Chikkamagaluru,district,geoBoundaries/gbOpen/IND/ADM2/2021@8bef6929fd65432e7dc775e7c44473e84efff064ebddbfd6b834e6291546db40,matched,76128533B15550697205080,18.5362,S1,interim_s1_only,s1_interim,aoi,pending,track_b_not_run,,18.5362,3.4163,,,,,,,,,no-sits,True,42.3,0.7694,-16.0,True,BOTH,2.0,8.0,3145.504,67.1392,1109.3502,6937.32502311172,18.5362,S1,no_optical_s1,fs1-3016a20fd3ad
E111::kodagu,E111,2020-0304-IND,2020-06-01,Karnataka,Kodagu,district,FAO/GAUL/2015/level2,matched,17689,1.3019,S1,interim_s1_only,s1_interim,aoi,pending,track_b_not_run,,1.3019,0.6762,,,,,,,,,no-sits,True,68.1,0.4093,-16.0,True,BOTH,4.0,6.0,1106.2873,13.0068,95.1679,4111.781559839673,1.3019,S1,no_optical_s1,fs1-3016a20fd3ad
E111::mysuru,E111,2020-0304-IND,2020-06-01,Karnataka,Mysuru,district,geoBoundaries/gbOpen/IND/ADM2/2021@8bef6929fd65432e7dc775e7c44473e84efff064ebddbfd6b834e6291546db40,matched,76128533B95879808095476,21.4389,S1,interim_s1_only,s1_interim,aoi,pending,track_b_not_run,,21.4389,3.2106,,,,,,,,,no-sits,True,37.2,0.6316,-16.0,True,DESCENDING,4.0,9.0,5324.391,222.185,2645.1204,6454.066401223182,21.4389,S1,no_optical_s1,fs1-3016a20fd3ad
E111::raichur,E111,2020-0304-IND,2020-06-01,Karnataka,Raichur,district,FAO/GAUL/2015/level2,matched,17693,119.065,S1,interim_s1_only,s1_interim,aoi,pending,track_b_not_run,,119.065,27.7287,,,,,,,,,no-sits,True,7.0,0.9302,-16.0,True,DESCENDING,2.0,12.0,7642.1413,126.9341,6603.6125,8465.297775287587,119.065,S1,no_optical_s1,fs1-3016a20fd3ad
E111::shivamogga,E111,2020-0304-IND,2020-06-01,Karnataka,Shivamogga,district,geoBoundaries/gbOpen/IND/ADM2/2021@8bef6929fd65432e7dc775e7c44473e84efff064ebddbfd6b834e6291546db40,matched,76128533B85389886560116,9.8259,S1,interim_s1_only,s1_interim,aoi,pending,track_b_not_run,,9.8259,8.8002,,,,,,,,,no-sits,True,21.6,0.8201,-16.0,True,BOTH,5.0,11.0,4753.5743,81.2488,1380.4865,8475.375992281286,9.8259,S1,no_optical_s1,fs1-3016a20fd3ad
E111::vijayapura,E111,2020-0304-IND,2020-06-01,Karnataka,Vijayapura,district,geoBoundaries/gbOpen/IND/ADM2/2021@8bef6929fd65432e7dc775e7c44473e84efff064ebddbfd6b834e6291546db40,matched,76128533B40495457052818,166.8066,S1,interim_s1_only,s1_interim,aoi,pending,track_b_not_run,,166.8066,27.1452,,,,,,,,,no-sits,True,0.2,0.998,-16.0,True,DESCENDING,3.0,11.0,9880.7524,168.0077,8128.9169,10440.064567410886,166.8066,S1,no_optical_s1,fs1-3016a20fd3ad
E112::alappuzha,E112,2020-0304-IND,2020-06-01,Kerala,Alappuzha,district,FAO/GAUL/2015/level2,matched,70298,30.1827,S1,interim_s1_only,s1_interim,aoi,pending,track_b_not_run,,30.1827,1.57,,,,,,,,,no-sits,True,97.4,0.0218,-14.75,False,DESCENDING,2.0,2.0,1087.5384,57.0297,179.2239,1316.6907112011845,30.1827,S1,no_optical_s1,fs1-3016a20fd3ad
E112::ernakulam,E112,2020-0304-IND,2020-06-01,Kerala,Ernakulam,district,FAO/GAUL/2015/level2,matched,17699,2.7149,S1,interim_s1_only,s1_interim,aoi,pending,track_b_not_run,,2.7149,0.435,,,,,,,,,no-sits,True,95.3,0.0607,-16.0,True,DESCENDING,1.0,3.0,1224.6103,165.9005,28.3227,2305.474714394872,2.7149,S1,no_optical_s1,fs1-3016a20fd3ad
E112::idukki,E112,2020-0304-IND,2020-06-01,Kerala,Idukki,district,FAO/GAUL/2015/level2,matched,17700,0.7194,S1,interim_s1_only,s1_interim,aoi,pending,track_b_not_run,,0.7194,0.035,,,,,,,,,no-sits,True,99.5,0.004,-16.0,True,DESCENDING,1.0,2.0,480.7175,10.6658,2.9577,5010.411036324633,0.7194,S1,no_optical_s1,fs1-3016a20fd3ad
E112::kannur,E112,2020-0304-IND,2020-06-01,Kerala,Kannur,district,FAO/GAUL/2015/level2,matched,17698,2.4478,S1,interim_s1_only,s1_interim,aoi,pending,track_b_not_run,,2.4478,0.7369,,,,,,,,,no-sits,True,62.2,0.3544,-16.0,True,DESCENDING,1.0,5.0,1003.4021,43.6691,23.4002,2812.193678917521,2.4478,S1,no_optical_s1,fs1-3016a20fd3ad
E112::kasaragod,E112,2020-0304-IND,2020-06-01,Kerala,Kasaragod,district,FAO/GAUL/2015/level2,matched,17701,2.702,S1,interim_s1_only,s1_interim,aoi,pending,track_b_not_run,,2.702,1.3473,,,,,,,,,no-sits,True,89.3,0.1017,-16.0,True,BOTH,3.0,4.0,703.4457,29.8422,16.4155,1972.6636827859088,2.702,S1,no_optical_s1,fs1-3016a20fd3ad
E112::kollam,E112,2020-0304-IND,2020-06-01,Kerala,Kollam,district,FAO/GAUL/2015/level2,matched,17707,3.1339,S1,interim_s1_only,s1_interim,aoi,pending,track_b_not_run,,3.1339,0.1433,,,,,,,,,no-sits,True,65.7,0.2175,-16.0,True,DESCENDING,2.0,3.0,826.5589,62.5206,8.5656,2363.0186325698423,3.1339,S1,no_optical_s1,fs1-3016a20fd3ad
E112::kottayam,E112,2020-0304-IND,2020-06-01,Kerala,Kottayam,district,FAO/GAUL/2015/level2,matched,17702,16.5647,S1,interim_s1_only,s1_interim,aoi,pending,track_b_not_run,,16.5647,0.0,,,,,,,,,no-sits,True,99.8,0.0006,-13.25,False,DESCENDING,1.0,1.0,887.901,35.5396,145.0252,2143.385583622296,16.5647,S1,no_optical_s1,fs1-3016a20fd3ad
E112::kozhikode,E112,2020-0304-IND,2020-06-01,Kerala,Kozhikode,district,FAO/GAUL/2015/level2,matched,17703,5.7148,S1,interim_s1_only,s1_interim,aoi,pending,track_b_not_run,,5.7148,1.5525,,,,,,,,,no-sits,True,56.2,0.4344,-16.0,True,DESCENDING,2.0,4.0,881.0315,34.0404,9.231,2285.6176079375005,5.7148,S1,no_optical_s1,fs1-3016a20fd3ad
E112::malappuram,E112,2020-0304-IND,2020-06-01,Kerala,Malappuram,district,FAO/GAUL/2015/level2,matched,17704,6.5259,S1,interim_s1_only,s1_interim,aoi,pending,track_b_not_run,,6.5259,1.6147,,,,,,,,,no-sits,True,66.7,0.3474,-16.0,True,DESCENDING,4.0,4.0,1353.5315,50.8308,67.3062,3517.427723973104,6.5259,S1,no_optical_s1,fs1-3016a20fd3ad
E112::palakkad,E112,2020-0304-IND,2020-06-01,Kerala,Palakkad,district,FAO/GAUL/2015/level2,matched,17705,3.6231,S1,interim_s1_only,s1_interim,aoi,pending,track_b_not_run,,3.6231,0.3976,,,,,,,,,no-sits,True,92.9,0.0744,-16.0,True,DESCENDING,4.0,4.0,1777.7514,72.9484,362.9705,4489.876823790321,3.6231,S1,no_optical_s1,fs1-3016a20fd3ad
E112::pathanamthitta,E112,2020-0304-IND,2020-06-01,Kerala,Pathanamthitta,district,geoBoundaries/gbOpen/IND/ADM2/2021@8bef6929fd65432e7dc775e7c44473e84efff064ebddbfd6b834e6291546db40,matched,76128533B29330052395581,1.5929,S1,interim_s1_only,s1_interim,aoi,pending,track_b_not_run,,1.5929,0.1253,,,,,,,,,no-sits,True,88.8,0.0283,-16.0,True,DESCENDING,2.0,1.0,492.0105,19.2664,16.1956,2663.6118314901764,1.5929,S1,no_optical_s1,fs1-3016a20fd3ad
E112::thiruvananthapuram,E112,2020-0304-IND,2020-06-01,Kerala,Thiruvananthapuram,district,FAO/GAUL/2015/level2,matched,17709,1.3333,S1,interim_s1_only,s1_interim,aoi,pending,track_b_not_run,,1.3333,3.0298,,,,,,,,,no-sits,True,34.1,0.616,-16.0,True,DESCENDING,1.0,2.0,719.775,81.6711,4.6289,2047.560453755721,1.3333,S1,no_optical_s1,fs1-3016a20fd3ad
E112::thrissur,E112,2020-0304-IND,2020-06-01,Kerala,Thrissur,district,FAO/GAUL/2015/level2,matched,17708,21.4784,S1,interim_s1_only,s1_interim,aoi,pending,track_b_not_run,,21.4784,6.0742,,,,,,,,,no-sits,True,80.0,0.2596,-16.0,True,DESCENDING,2.0,3.0,1501.3132,98.2055,195.8273,2961.767200211148,21.4784,S1,no_optical_s1,fs1-3016a20fd3ad
E112::wayanad,E112,2020-0304-IND,2020-06-01,Kerala,Wayanad,district,FAO/GAUL/2015/level2,matched,17710,0.4467,S1,interim_s1_only,s1_interim,aoi,pending,track_b_not_run,,0.4467,0.3709,,,,,,,,,no-sits,True,55.0,0.4956,-16.0,True,DESCENDING,2.0,6.0,520.2411,8.8985,51.6684,2130.300649398313,0.4467,S1,no_optical_s1,fs1-3016a20fd3ad
E113::alirajpur,E113,2020-0304-IND,2020-06-01,Madhya Pradesh,Alirajpur,district,geoBoundaries/gbOpen/IND/ADM2/2021@8bef6929fd65432e7dc775e7c44473e84efff064ebddbfd6b834e6291546db40,matched,76128533B35167844027544,50.4684,S1,interim_s1_only,s1_interim,aoi,pending,track_b_not_run,,50.4684,5.5864,,,,,,,,,no-sits,True,16.4,0.843,-16.0,True,DESCENDING,5.0,17.0,1932.9656,9.8389,1150.6469,3328.147125634416,50.4684,S1,no_optical_s1,fs1-3016a20fd3ad
E113::balaghat,E113,2020-0304-IND,2020-06-01,Madhya Pradesh,Balaghat,district,FAO/GAUL/2015/level2,matched,17712,29.1764,S1,interim_s1_only,s1_interim,aoi,pending,track_b_not_run,,29.1764,19.7139,,,,,,,,,no-sits,True,2.4,0.982,-16.0,True,DESCENDING,2.0,10.0,6244.7907,82.387,2640.9935,9273.202911700502,29.1764,S1,no_optical_s1,fs1-3016a20fd3ad
E113::barwani,E113,2020-0304-IND,2020-06-01,Madhya Pradesh,Barwani,district,FAO/GAUL/2015/level2,matched,70170,14.5556,S1,interim_s1_only,s1_interim,aoi,pending,track_b_not_run,,14.5556,13.5073,,,,,,,,,no-sits,True,24.8,0.7523,-16.0,True,DESCENDING,1.0,4.0,3011.5193,41.2226,2024.9845,5438.720763562563,14.5556,S1,no_optical_s1,fs1-3016a20fd3ad
E113::betul,E113,2020-0304-IND,2020-06-01,Madhya Pradesh,Betul,district,FAO/GAUL/2015/level2,matched,17714,45.3568,S1,interim_s1_only,s1_interim,aoi,pending,track_b_not_run,,45.3568,18.1315,,,,,,,,,no-sits,True,2.8,0.9856,-16.0,True,DESCENDING,4.0,12.0,5947.3184,64.526,3759.6164,10094.739119322416,45.3568,S1,no_optical_s1,fs1-3016a20fd3ad
E113::bhopal,E113,2020-0304-IND,2020-06-01,Madhya Pradesh,Bhopal,district,FAO/GAUL/2015/level2,matched,17716,0.2956,S1,interim_s1_only,s1_interim,aoi,pending,track_b_not_run,,0.2956,10.0817,,,,,,,,,no-sits,True,0.0,0.9998,-16.0,True,DESCENDING,2.0,5.0,2449.8108,144.4011,1781.7223,2728.200542472355,0.2956,S1,no_optical_s1,fs1-3016a20fd3ad
E113::chhatarpur,E113,2020-0304-IND,2020-06-01,Madhya Pradesh,Chhatarpur,district,FAO/GAUL/2015/level2,matched,17718,193.0446,S1,interim_s1_only,s1_interim,aoi,pending,track_b_not_run,,193.0446,22.0675,,,,,,,,,no-sits,True,0.5,0.9953,-16.0,True,DESCENDING,4.0,23.0,7283.5736,94.3517,5306.6819,8731.555849631459,193.0446,S1,no_optical_s1,fs1-3016a20fd3ad
E113::chhindwara,E113,2020-0304-IND,2020-06-01,Madhya Pradesh,Chhindwara,district,FAO/GAUL/2015/level2,matched,17719,55.1054,S1,interim_s1_only,s1_interim,aoi,pending,track_b_not_run,,55.1054,168.1179,,,,,,,,,no-sits,True,1.2,0.9826,-16.0,True,DESCENDING,2.0,35.0,7001.8726,84.9022,4286.04,11835.366817221411,55.1054,S1,no_optical_s1,fs1-3016a20fd3ad
E113::damoh,E113,2020-0304-IND,2020-06-01,Madhya Pradesh,Damoh,district,FAO/GAUL/2015/level2,matched,17720,209.3865,S1,interim_s1_only,s1_interim,aoi,pending,track_b_not_run,,209.3865,32.7862,,,,,,,,,no-sits,True,0.0,0.9998,-16.0,True,DESCENDING,2.0,13.0,6042.8053,49.5073,3517.9537,7370.294062152793,209.3865,S1,no_optical_s1,fs1-3016a20fd3ad
E113::dewas,E113,2020-0304-IND,2020-06-01,Madhya Pradesh,Dewas,district,FAO/GAUL/2015/level2,matched,17722,4.0567,S1,interim_s1_only,s1_interim,aoi,pending,track_b_not_run,,4.0567,12.7131,,,,,,,,,no-sits,True,6.9,0.9326,-16.0,True,DESCENDING,3.0,13.0,5931.2577,102.6968,4280.9472,6974.172329238148,4.0567,S1,no_optical_s1,fs1-3016a20fd3ad
E113::dhar,E113,2020-0304-IND,2020-06-01,Madhya Pradesh,Dhar,district,FAO/GAUL/2015/level2,matched,17723,44.6677,S1,interim_s1_only,s1_interim,aoi,pending,track_b_not_run,,44.6677,55.6994,,,,,,,,,no-sits,True,27.1,0.7176,-16.0,True,DESCENDING,2.0,5.0,6311.3987,130.3863,5001.9829,8154.940181899847,44.6677,S1,no_optical_s1,fs1-3016a20fd3ad
E113::dindori,E113,2020-0304-IND,2020-06-01,Madhya Pradesh,Dindori,district,FAO/GAUL/2015/level2,matched,70172,8.4334,S1,interim_s1_only,s1_interim,aoi,pending,track_b_not_run,,8.4334,118.0321,,,,,,,,,no-sits,True,8.0,0.9262,-16.0,True,DESCENDING,3.0,15.0,2917.5398,10.8861,1528.6728,6504.619166448908,8.4334,S1,no_optical_s1,fs1-3016a20fd3ad
E113::guna,E113,2020-0304-IND,2020-06-01,Madhya Pradesh,Guna,district,FAO/GAUL/2015/level2,matched,17726,96.1364,S1,interim_s1_only,s1_interim,aoi,pending,track_b_not_run,,96.1364,18.5095,,,,,,,,,no-sits,True,0.1,0.9994,-16.0,True,DESCENDING,3.0,14.0,5645.4584,56.2135,4197.8648,6310.701784637522,96.1364,S1,no_optical_s1,fs1-3016a20fd3ad
E113::jhabua,E113,2020-0304-IND,2020-06-01,Madhya Pradesh,Jhabua,district,FAO/GAUL/2015/level2,matched,17731,82.464,S1,interim_s1_only,s1_interim,aoi,pending,track_b_not_run,,82.464,42.1522,,,,,,,,,no-sits,True,17.6,0.8223,-16.0,True,DESCENDING,6.0,18.0,4370.5803,31.5957,2872.5965,6774.846818095545,82.464,S1,no_optical_s1,fs1-3016a20fd3ad
E113::katni,E113,2020-0304-IND,2020-06-01,Madhya Pradesh,Katni,district,FAO/GAUL/2015/level2,matched,70174,47.5267,S1,interim_s1_only,s1_interim,aoi,pending,track_b_not_run,,47.5267,11.4014,,,,,,,,,no-sits,True,0.0,0.9997,-16.0,True,DESCENDING,4.0,10.0,4464.83,75.3153,2939.7708,6177.827815693768,47.5267,S1,no_optical_s1,fs1-3016a20fd3ad
E113::khandwa,E113,2020-0304-IND,2020-06-01,Madhya Pradesh,Khandwa,district,geoBoundaries/gbOpen/IND/ADM2/2021@8bef6929fd65432e7dc775e7c44473e84efff064ebddbfd6b834e6291546db40,matched,76128533B71271011331008,7.4443,S1,interim_s1_only,s1_interim,aoi,pending,track_b_not_run,,7.4443,26.5005,,,,,,,,,no-sits,True,6.6,0.9471,-16.0,True,DESCENDING,3.0,11.0,5782.1478,77.9727,3765.7329,7569.444773775944,7.4443,S1,no_optical_s1,fs1-3016a20fd3ad
E113::khargone,E113,2020-0304-IND,2020-06-01,Madhya Pradesh,Khargone,district,geoBoundaries/gbOpen/IND/ADM2/2021@8bef6929fd65432e7dc775e7c44473e84efff064ebddbfd6b834e6291546db40,matched,76128533B69481535535995,36.9212,S1,interim_s1_only,s1_interim,aoi,pending,track_b_not_run,,36.9212,26.9902,,,,,,,,,no-sits,True,25.5,0.7536,-16.0,True,DESCENDING,3.0,7.0,6120.2315,95.0812,4490.2301,8025.990695313751,36.9212,S1,no_optical_s1,fs1-3016a20fd3ad
E113::mandla,E113,2020-0304-IND,2020-06-01,Madhya Pradesh,Mandla,district,FAO/GAUL/2015/level2,matched,17732,28.3448,S1,interim_s1_only,s1_interim,aoi,pending,track_b_not_run,,28.3448,105.1543,,,,,,,,,no-sits,True,1.5,0.9878,-16.0,True,DESCENDING,4.0,11.0,3999.0185,32.577,2044.0746,6789.128068652252,28.3448,S1,no_optical_s1,fs1-3016a20fd3ad
E113::mandsaur,E113,2020-0304-IND,2020-06-01,Madhya Pradesh,Mandsaur,district,FAO/GAUL/2015/level2,matched,17733,322.1909,S1,interim_s1_only,s1_interim,aoi,pending,track_b_not_run,,322.1909,1.8134,,,,,,,,,no-sits,True,2.3,0.9766,-13.25,False,DESCENDING,2.0,6.0,4963.7718,112.6501,3659.7282,5643.701304302103,322.1909,S1,no_optical_s1,fs1-3016a20fd3ad
E113::morena,E113,2020-0304-IND,2020-06-01,Madhya Pradesh,Morena,district,FAO/GAUL/2015/level2,matched,17734,137.9082,S1,interim_s1_only,s1_interim,aoi,pending,track_b_not_run,,137.9082,3.2253,,,,,,,,,no-sits,True,0.1,0.999,-16.0,True,BOTH,4.0,11.0,3970.6772,73.2354,2545.3483,4993.90562255651,137.9082,S1,no_optical_s1,fs1-3016a20fd3ad
E113::narmadapuram,E113,2020-0304-IND,2020-06-01,Madhya Pradesh,Narmadapuram,district,geoBoundaries/gbOpen/IND/ADM2/2021@8bef6929fd65432e7dc775e7c44473e84efff064ebddbfd6b834e6291546db40,matched,76128533B45314020251888,26.0419,S1,interim_s1_only,s1_interim,aoi,pending,track_b_not_run,,26.0419,1.5122,,,,,,,,,no-sits,True,0.0,0.9999,-16.0,True,DESCENDING,3.0,12.0,5105.9417,69.0131,3430.3687,6700.110425846931,26.0419,S1,no_optical_s1,fs1-3016a20fd3ad
E113::narsinghpur,E113,2020-0304-IND,2020-06-01,Madhya Pradesh,Narsinghpur,district,FAO/GAUL/2015/level2,matched,17735,27.6077,S1,interim_s1_only,s1_interim,aoi,pending,track_b_not_run,,27.6077,10.0057,,,,,,,,,no-sits,True,2.5,0.9724,-16.0,True,DESCENDING,4.0,11.0,4104.7679,59.8219,2847.1872,5157.19083673726,27.6077,S1,no_optical_s1,fs1-3016a20fd3ad
E113::neemuch,E113,2020-0304-IND,2020-06-01,Madhya Pradesh,Neemuch,district,FAO/GAUL/2015/level2,matched,70175,294.0717,S1,interim_s1_only,s1_interim,aoi,pending,track_b_not_run,,294.0717,1.5098,,,,,,,,,no-sits,True,0.1,0.999,-13.25,False,DESCENDING,4.0,12.0,3641.5885,68.1993,1877.0107,4163.266735725532,294.0717,S1,no_optical_s1,fs1-3016a20fd3ad
E113::panna,E113,2020-0304-IND,2020-06-01,Madhya Pradesh,Panna,district,FAO/GAUL/2015/level2,matched,17736,105.4923,S1,interim_s1_only,s1_interim,aoi,pending,track_b_not_run,,105.4923,30.074,,,,,,,,,no-sits,True,0.1,0.9993,-16.0,True,DESCENDING,3.0,13.0,4708.9101,36.8954,2627.481,7129.189669540547,105.4923,S1,no_optical_s1,fs1-3016a20fd3ad
E113::raisen,E113,2020-0304-IND,2020-06-01,Madhya Pradesh,Raisen,district,FAO/GAUL/2015/level2,matched,17739,67.7077,S1,interim_s1_only,s1_interim,aoi,pending,track_b_not_run,,67.7077,15.7721,,,,,,,,,no-sits,True,0.9,0.9917,-16.0,True,DESCENDING,4.0,12.0,6810.1448,73.9147,4744.2072,8515.574877211904,67.7077,S1,no_optical_s1,fs1-3016a20fd3ad
E113::rajgarh,E113,2020-0304-IND,2020-06-01,Madhya Pradesh,Rajgarh,district,FAO/GAUL/2015/level2,matched,17741,9.9259,S1,interim_s1_only,s1_interim,aoi,pending,track_b_not_run,,9.9259,22.4126,,,,,,,,,no-sits,True,3.9,0.9589,-16.0,True,DESCENDING,3.0,16.0,5656.9664,79.346,4697.6559,6134.20538789803,9.9259,S1,no_optical_s1,fs1-3016a20fd3ad
E113::rewa,E113,2020-0304-IND,2020-06-01,Madhya Pradesh,Rewa,district,FAO/GAUL/2015/level2,matched,17743,560.2483,S1,interim_s1_only,s1_interim,aoi,pending,track_b_not_run,,560.2483,86.8343,,,,,,,,,no-sits,True,1.3,0.9867,-13.25,False,BOTH,3.0,15.0,5574.5199,101.0724,3949.374,6327.703909411602,560.2483,S1,no_optical_s1,fs1-3016a20fd3ad
E113::satna,E113,2020-0304-IND,2020-06-01,Madhya Pradesh,Satna,district,FAO/GAUL/2015/level2,matched,17745,116.8839,S1,interim_s1_only,s1_interim,aoi,pending,track_b_not_run,,116.8839,83.5538,,,,,,,,,no-sits,True,0.1,0.9986,-16.0,True,BOTH,5.0,12.0,5591.4809,109.4916,3825.009,7518.918005922663,116.8839,S1,no_optical_s1,fs1-3016a20fd3ad
E113::sehore,E113,2020-0304-IND,2020-06-01,Madhya Pradesh,Sehore,district,FAO/GAUL/2015/level2,matched,17746,1.8238,S1,interim_s1_only,s1_interim,aoi,pending,track_b_not_run,,1.8238,41.7801,,,,,,,,,no-sits,True,0.4,0.9957,-16.0,True,DESCENDING,3.0,20.0,5534.8231,83.3944,4373.3054,6579.04852795314,1.8238,S1,no_optical_s1,fs1-3016a20fd3ad
E113::seoni,E113,2020-0304-IND,2020-06-01,Madhya Pradesh,Seoni,district,FAO/GAUL/2015/level2,matched,17747,32.3419,S1,interim_s1_only,s1_interim,aoi,pending,track_b_not_run,,32.3419,188.0141,,,,,,,,,no-sits,True,2.8,0.9718,-16.0,True,DESCENDING,3.0,16.0,6554.5933,80.9496,3856.0245,8779.066238181113,32.3419,S1,no_optical_s1,fs1-3016a20fd3ad
E113::shahdol,E113,2020-0304-IND,2020-06-01,Madhya Pradesh,Shahdol,district,FAO/GAUL/2015/level2,matched,17748,7.2245,S1,interim_s1_only,s1_interim,aoi,pending,track_b_not_run,,7.2245,73.3104,,,,,,,,,no-sits,True,4.3,0.9723,-16.0,True,DESCENDING,2.0,12.0,5338.5426,48.1532,2520.835,8337.887459537009,7.2245,S1,no_optical_s1,fs1-3016a20fd3ad
E113::sheopur,E113,2020-0304-IND,2020-06-01,Madhya Pradesh,Sheopur,district,FAO/GAUL/2015/level2,matched,70176,908.6724,S1,interim_s1_only,s1_interim,aoi,pending,track_b_not_run,,908.6724,4.8903,,,,,,,,,no-sits,True,0.2,0.9985,-13.25,False,DESCENDING,3.0,17.0,5587.0465,31.5084,2155.0903,6537.313947628205,908.6724,S1,no_optical_s1,fs1-3016a20fd3ad
E113::shivpuri,E113,2020-0304-IND,2020-06-01,Madhya Pradesh,Shivpuri,district,FAO/GAUL/2015/level2,matched,17750,170.9573,S1,interim_s1_only,s1_interim,aoi,pending,track_b_not_run,,170.9573,15.6145,,,,,,,,,no-sits,True,0.1,0.9989,-16.0,True,BOTH,3.0,18.0,9053.6345,73.0335,5501.9471,10487.445637716834,170.9573,S1,no_optical_s1,fs1-3016a20fd3ad
E113::sidhi,E113,2020-0304-IND,2020-06-01,Madhya Pradesh,Sidhi,district,FAO/GAUL/2015/level2,matched,17751,74.7748,S1,interim_s1_only,s1_interim,aoi,pending,track_b_not_run,,74.7748,34.8385,,,,,,,,,no-sits,True,1.7,0.9875,-16.0,True,BOTH,6.0,17.0,6572.1913,89.2196,3561.5328,10590.123062249128,74.7748,S1,no_optical_s1,fs1-3016a20fd3ad
E113::singrauli,E113,2020-0304-IND,2020-06-01,Madhya Pradesh,Singrauli,district,geoBoundaries/gbOpen/IND/ADM2/2021@8bef6929fd65432e7dc775e7c44473e84efff064ebddbfd6b834e6291546db40,matched,76128533B50014751336341,54.5056,S1,interim_s1_only,s1_interim,aoi,pending,track_b_not_run,,54.5056,19.4687,,,,,,,,,no-sits,True,2.6,0.9806,-16.0,True,BOTH,5.0,17.0,3531.7681,61.3102,1935.3148,5989.58196704583,54.5056,S1,no_optical_s1,fs1-3016a20fd3ad
E113::tikamgarh,E113,2020-0304-IND,2020-06-01,Madhya Pradesh,Tikamgarh,district,FAO/GAUL/2015/level2,matched,17753,676.4938,S1,interim_s1_only,s1_interim,aoi,pending,track_b_not_run,,676.4938,31.3118,,,,,,,,,no-sits,True,0.2,0.9981,-13.25,False,BOTH,4.0,10.0,4044.8557,68.7941,2990.2629,5076.989379004398,676.4938,S1,no_optical_s1,fs1-3016a20fd3ad
E113::umaria,E113,2020-0304-IND,2020-06-01,Madhya Pradesh,Umaria,district,FAO/GAUL/2015/level2,matched,70177,11.3876,S1,interim_s1_only,s1_interim,aoi,pending,track_b_not_run,,11.3876,22.7393,,,,,,,,,no-sits,True,3.8,0.9691,-16.0,True,DESCENDING,3.0,10.0,2613.6459,18.596,1129.0679,3734.613924952783,11.3876,S1,no_optical_s1,fs1-3016a20fd3ad
E113::vidisha,E113,2020-0304-IND,2020-06-01,Madhya Pradesh,Vidisha,district,FAO/GAUL/2015/level2,matched,17755,0.3765,S1,interim_s1_only,s1_interim,aoi,pending,track_b_not_run,,0.3765,19.342,,,,,,,,,no-sits,True,0.0,1.0,-16.0,True,DESCENDING,1.0,15.0,6736.6328,69.4856,5861.2615,7319.58909257645,0.3765,S1,no_optical_s1,fs1-3016a20fd3ad
E114::kolhapur,E114,2020-0304-IND,2020-06-01,Maharashtra,Kolhapur,district,FAO/GAUL/2015/level2,matched,17769,6.721,S1,interim_s1_only,s1_interim,aoi,pending,track_b_not_run,,6.721,5.0918,,,,,,,,,no-sits,True,37.4,0.6712,-16.0,True,DESCENDING,2.0,4.0,4339.6371,164.0835,1998.2373,7680.572392490604,6.721,S1,no_optical_s1,fs1-3016a20fd3ad
E115::koraput,E115,2020-0304-IND,2020-06-01,Odisha,Koraput,district,FAO/GAUL/2015/level2,matched,17814,52.0442,S1,interim_s1_only,s1_interim,aoi,pending,track_b_not_run,,52.0442,4.4634,,,,,,,,,no-sits,True,59.3,0.4336,-16.0,True,DESCENDING,4.0,11.0,3426.0635,25.1981,1868.5043,8608.98899052561,52.0442,S1,no_optical_s1,fs1-3016a20fd3ad
E115::malkangiri,E115,2020-0304-IND,2020-06-01,Odisha,Malkangiri,district,FAO/GAUL/2015/level2,matched,70220,70.6345,S1,interim_s1_only,s1_interim,aoi,pending,track_b_not_run,,70.6345,1.8024,,,,,,,,,no-sits,True,70.0,0.3498,-16.0,True,DESCENDING,3.0,3.0,3064.5633,12.3286,1357.9039,5849.646224352819,70.6345,S1,no_optical_s1,fs1-3016a20fd3ad
E115::nabarangpur,E115,2020-0304-IND,2020-06-01,Odisha,Nabarangpur,district,FAO/GAUL/2015/level2,matched,70221,27.9449,S1,interim_s1_only,s1_interim,aoi,pending,track_b_not_run,,27.9449,9.0532,,,,,,,,,no-sits,True,11.4,0.8921,-16.0,True,DESCENDING,3.0,8.0,4212.4411,23.5812,2670.3716,5324.008778426437,27.9449,S1,no_optical_s1,fs1-3016a20fd3ad
E116::ambedkar%20nagar,E116,2020-0304-IND,2020-06-01,Uttar Pradesh,Ambedkar Nagar,district,FAO/GAUL/2015/level2,matched,70257,426.9816,S1,interim_s1_only,s1_interim,aoi,pending,track_b_not_run,,426.9816,17.6636,,,,,,,,,no-sits,True,5.1,0.9481,-13.25,False,BOTH,6.0,9.0,2207.7781,95.2837,1651.5998,2328.994244483866,426.9816,S1,no_optical_s1,fs1-3016a20fd3ad
E116::ayodhya,E116,2020-0304-IND,2020-06-01,Uttar Pradesh,Ayodhya,district,geoBoundaries/gbOpen/IND/ADM2/2021@8bef6929fd65432e7dc775e7c44473e84efff064ebddbfd6b834e6291546db40,matched,76128533B60320291189162,55.6208,S1,interim_s1_only,s1_interim,aoi,pending,track_b_not_run,,55.6208,5.507,,,,,,,,,no-sits,True,17.5,0.8263,-16.0,True,BOTH,3.0,4.0,2541.1827,122.905,1608.6144,2675.800154387558,55.6208,S1,no_optical_s1,fs1-3016a20fd3ad
E116::azamgarh,E116,2020-0304-IND,2020-06-01,Uttar Pradesh,Azamgarh,district,FAO/GAUL/2015/level2,matched,17892,950.7817,S1,interim_s1_only,s1_interim,aoi,pending,track_b_not_run,,950.7817,18.0491,,,,,,,,,no-sits,True,0.0,0.9998,-13.75,False,BOTH,6.0,12.0,3838.1089,164.217,3030.7854,3904.0182560646062,950.7817,S1,no_optical_s1,fs1-3016a20fd3ad
E116::bahraich,E116,2020-0304-IND,2020-06-01,Uttar Pradesh,Bahraich,district,FAO/GAUL/2015/level2,matched,17893,327.0938,S1,interim_s1_only,s1_interim,aoi,pending,track_b_not_run,,327.0938,73.7168,,,,,,,,,no-sits,True,4.8,0.9503,-13.75,False,BOTH,5.0,10.0,3485.1487,94.3473,2195.9306,3705.0099637131552,327.0938,S1,no_optical_s1,fs1-3016a20fd3ad
E116::balrampur,E116,2020-0304-IND,2020-06-01,Uttar Pradesh,Balrampur,district,FAO/GAUL/2015/level2,matched,70261,51.7833,S1,interim_s1_only,s1_interim,aoi,pending,track_b_not_run,,51.7833,13.005,,,,,,,,,no-sits,True,9.3,0.9061,-16.0,True,BOTH,4.0,8.0,3049.8684,76.4006,1970.5359,3379.881475532829,51.7833,S1,no_optical_s1,fs1-3016a20fd3ad
E116::barabanki,E116,2020-0304-IND,2020-06-01,Uttar Pradesh,Barabanki,district,FAO/GAUL/2015/level2,matched,17896,61.9884,S1,interim_s1_only,s1_interim,aoi,pending,track_b_not_run,,61.9884,5.4211,,,,,,,,,no-sits,True,10.7,0.8932,-16.0,True,BOTH,5.0,10.0,4261.6796,180.5234,2989.9903,4440.0005417469865,61.9884,S1,no_optical_s1,fs1-3016a20fd3ad
E116::gonda,E116,2020-0304-IND,2020-06-01,Uttar Pradesh,Gonda,district,FAO/GAUL/2015/level2,matched,17913,63.096,S1,interim_s1_only,s1_interim,aoi,pending,track_b_not_run,,63.096,11.4985,,,,,,,,,no-sits,True,26.4,0.737,-16.0,True,BOTH,7.0,10.0,3851.7976,154.9602,2720.6742,4014.846082655345,63.096,S1,no_optical_s1,fs1-3016a20fd3ad
E116::gorakhpur,E116,2020-0304-IND,2020-06-01,Uttar Pradesh,Gorakhpur,district,FAO/GAUL/2015/level2,matched,17914,796.2081,S1,interim_s1_only,s1_interim,aoi,pending,track_b_not_run,,796.2081,16.2489,,,,,,,,,no-sits,True,0.0,0.9999,-13.25,False,BOTH,7.0,4.0,2958.1684,220.2603,2262.7366,3072.188964505668,796.2081,S1,no_optical_s1,fs1-3016a20fd3ad
E116::kushinagar,E116,2020-0304-IND,2020-06-01,Uttar Pradesh,Kushinagar,district,FAO/GAUL/2015/level2,matched,70271,33.2923,S1,interim_s1_only,s1_interim,aoi,pending,track_b_not_run,,33.2923,10.1906,,,,,,,,,no-sits,True,0.6,0.9963,-16.0,True,BOTH,5.0,9.0,2844.4186,149.7609,2025.279,2893.16087554316,33.2923,S1,no_optical_s1,fs1-3016a20fd3ad
E116::lakhimpur%20kheri,E116,2020-0304-IND,2020-06-01,Uttar Pradesh,Lakhimpur Kheri,district,FAO/GAUL/2015/level2,matched,17921,122.8573,S1,interim_s1_only,s1_interim,aoi,pending,track_b_not_run,,122.8573,70.8829,,,,,,,,,no-sits,True,0.3,0.9967,-16.0,True,BOTH,5.0,18.0,7230.8731,186.4498,4775.211,7708.742992388735,122.8573,S1,no_optical_s1,fs1-3016a20fd3ad
E116::maharajganj,E116,2020-0304-IND,2020-06-01,Uttar Pradesh,Maharajganj,district,FAO/GAUL/2015/level2,matched,70272,160.0894,S1,interim_s1_only,s1_interim,aoi,pending,track_b_not_run,,160.0894,7.6442,,,,,,,,,no-sits,True,4.4,0.957,-16.0,True,BOTH,5.0,10.0,3045.7182,111.0273,2195.7224,3197.0231063739748,160.0894,S1,no_optical_s1,fs1-3016a20fd3ad
E116::mau,E116,2020-0304-IND,2020-06-01,Uttar Pradesh,Mau,district,FAO/GAUL/2015/level2,matched,70274,44.3587,S1,interim_s1_only,s1_interim,aoi,pending,track_b_not_run,,44.3587,14.6995,,,,,,,,,no-sits,True,0.0,0.9998,-16.0,True,BOTH,5.0,5.0,1950.1749,112.689,1547.8662,2070.491760227604,44.3587,S1,no_optical_s1,fs1-3016a20fd3ad
E116::sant%20kabir%20nagar,E116,2020-0304-IND,2020-06-01,Uttar Pradesh,Sant Kabir Nagar,district,FAO/GAUL/2015/level2,matched,70275,26.3347,S1,interim_s1_only,s1_interim,aoi,pending,track_b_not_run,,26.3347,10.6583,,,,,,,,,no-sits,True,0.0,1.0,-16.0,True,BOTH,7.0,14.0,1268.8107,62.8775,1002.3844,1329.179989070325,26.3347,S1,no_optical_s1,fs1-3016a20fd3ad
E116::siddharth%20nagar,E116,2020-0304-IND,2020-06-01,Uttar Pradesh,Siddharth Nagar,district,FAO/GAUL/2015/level2,matched,70278,67.0088,S1,interim_s1_only,s1_interim,aoi,pending,track_b_not_run,,67.0088,52.9756,,,,,,,,,no-sits,True,4.3,0.9584,-16.0,True,BOTH,6.0,14.0,3290.957,110.3568,2735.2173,3492.6137371813147,67.0088,S1,no_optical_s1,fs1-3016a20fd3ad
E116::sitapur,E116,2020-0304-IND,2020-06-01,Uttar Pradesh,Sitapur,district,FAO/GAUL/2015/level2,matched,17938,84.2427,S1,interim_s1_only,s1_interim,aoi,pending,track_b_not_run,,84.2427,17.9883,,,,,,,,,no-sits,True,0.5,0.9951,-16.0,True,BOTH,7.0,11.0,5411.2124,174.1786,3918.02,5789.793396469067,84.2427,S1,no_optical_s1,fs1-3016a20fd3ad
E117::alipurduar,E117,2020-0304-IND,2020-06-01,West Bengal,Alipurduar,district,geoBoundaries/gbOpen/IND/ADM2/2021@8bef6929fd65432e7dc775e7c44473e84efff064ebddbfd6b834e6291546db40,matched,76128533B23858286755005,14.7452,S1,interim_s1_only,s1_interim,aoi,pending,track_b_not_run,,14.7452,20.3289,,,,,,,,,no-sits,True,9.5,0.9228,-16.0,True,BOTH,3.0,4.0,2397.164,27.572,669.4875,2805.571892812845,14.7452,S1,no_optical_s1,fs1-3016a20fd3ad
E117::bankura,E117,2020-0304-IND,2020-06-01,West Bengal,Bankura,district,FAO/GAUL/2015/level2,matched,17945,60.1762,S1,interim_s1_only,s1_interim,aoi,pending,track_b_not_run,,60.1762,72.247,,,,,,,,,no-sits,True,0.1,0.9992,-16.0,True,BOTH,8.0,15.0,6480.2521,123.7509,3850.7846,6981.566770524623,60.1762,S1,no_optical_s1,fs1-3016a20fd3ad
E117::birbhum,E117,2020-0304-IND,2020-06-01,West Bengal,Birbhum,district,FAO/GAUL/2015/level2,matched,17947,45.4916,S1,interim_s1_only,s1_interim,aoi,pending,track_b_not_run,,45.4916,38.802,,,,,,,,,no-sits,True,0.4,0.9937,-16.0,True,BOTH,5.0,14.0,4350.6007,150.8813,3302.4382,4566.040490140597,45.4916,S1,no_optical_s1,fs1-3016a20fd3ad
E117::cooch%20behar,E117,2020-0304-IND,2020-06-01,West Bengal,Cooch Behar,district,geoBoundaries/gbOpen/IND/ADM2/2021@8bef6929fd65432e7dc775e7c44473e84efff064ebddbfd6b834e6291546db40,matched,76128533B64156747739715,73.9194,S1,interim_s1_only,s1_interim,aoi,pending,track_b_not_run,,73.9194,50.444,,,,,,,,,no-sits,True,24.6,0.7557,-14.25,False,BOTH,4.0,6.0,3131.2864,35.6547,1811.0378,3288.1312386454174,73.9194,S1,no_optical_s1,fs1-3016a20fd3ad
E117::dakshin%20dinajpur,E117,2020-0304-IND,2020-06-01,West Bengal,Dakshin Dinajpur,district,FAO/GAUL/2015/level2,matched,70290,16.3734,S1,interim_s1_only,s1_interim,aoi,pending,track_b_not_run,,16.3734,21.3043,,,,,,,,,no-sits,True,3.1,0.9686,-16.0,True,BOTH,7.0,8.0,1989.8222,48.2388,1550.3264,2107.683120443892,16.3734,S1,no_optical_s1,fs1-3016a20fd3ad
E117::darjeeling,E117,2020-0304-IND,2020-06-01,West Bengal,Darjeeling,district,geoBoundaries/gbOpen/IND/ADM2/2021@8bef6929fd65432e7dc775e7c44473e84efff064ebddbfd6b834e6291546db40,matched,76128533B17109302371020,2.1019,S1,interim_s1_only,s1_interim,aoi,pending,track_b_not_run,,2.1019,1.5389,,,,,,,,,no-sits,True,32.8,0.9594,-16.0,True,BOTH,5.0,10.0,826.6807,47.8383,280.9187,2082.4452472301264,2.1019,S1,no_optical_s1,fs1-3016a20fd3ad
E117::east%20medinipur,E117,2020-0304-IND,2020-06-01,West Bengal,East Medinipur,district,geoBoundaries/gbOpen/IND/ADM2/2021@8bef6929fd65432e7dc775e7c44473e84efff064ebddbfd6b834e6291546db40,matched,76128533B25373378863054,372.3854,S1,interim_s1_only,s1_interim,aoi,pending,track_b_not_run,,372.3854,112.6278,,,,,,,,,no-sits,True,22.1,0.8185,-13.75,False,BOTH,5.0,8.0,3810.954,59.7046,1964.4832,4206.535570896404,372.3854,S1,no_optical_s1,fs1-3016a20fd3ad
E117::hooghly,E117,2020-0304-IND,2020-06-01,West Bengal,Hooghly,district,geoBoundaries/gbOpen/IND/ADM2/2021@8bef6929fd65432e7dc775e7c44473e84efff064ebddbfd6b834e6291546db40,matched,76128533B81857725777974,26.6752,S1,interim_s1_only,s1_interim,aoi,pending,track_b_not_run,,26.6752,66.0461,,,,,,,,,no-sits,True,0.3,0.9995,-16.0,True,BOTH,3.0,6.0,2927.0037,138.7557,1939.6779,3153.550053477295,26.6752,S1,no_optical_s1,fs1-3016a20fd3ad
E117::howrah,E117,2020-0304-IND,2020-06-01,West Bengal,Howrah,district,geoBoundaries/gbOpen/IND/ADM2/2021@8bef6929fd65432e7dc775e7c44473e84efff064ebddbfd6b834e6291546db40,matched,76128533B22077262393417,16.4235,S1,interim_s1_only,s1_interim,aoi,pending,track_b_not_run,,16.4235,27.2151,,,,,,,,,no-sits,True,1.7,0.9983,-16.0,True,BOTH,3.0,8.0,1320.4393,104.0466,534.4475,1451.5753227599494,16.4235,S1,no_optical_s1,fs1-3016a20fd3ad
E117::jalpaiguri,E117,2020-0304-IND,2020-06-01,West Bengal,Jalpaiguri,district,FAO/GAUL/2015/level2,matched,17951,56.4625,S1,interim_s1_only,s1_interim,aoi,pending,track_b_not_run,,56.4625,57.3808,,,,,,,,,no-sits,True,7.8,0.9302,-16.0,True,BOTH,6.0,4.0,5492.7966,96.2215,1798.9271,6200.341009430311,56.4625,S1,no_optical_s1,fs1-3016a20fd3ad
E117::jhargram,E117,2020-0304-IND,2020-06-01,West Bengal,Jhargram,district,geoBoundaries/gbOpen/IND/ADM2/2021@8bef6929fd65432e7dc775e7c44473e84efff064ebddbfd6b834e6291546db40,matched,76128533B24861976740713,32.3519,S1,interim_s1_only,s1_interim,aoi,pending,track_b_not_run,,32.3519,19.3193,,,,,,,,,no-sits,True,0.1,0.999,-16.0,True,BOTH,4.0,10.0,2836.6669,23.1119,1424.6576,3096.557448030717,32.3519,S1,no_optical_s1,fs1-3016a20fd3ad
E117::kalimpong,E117,2020-0304-IND,2020-06-01,West Bengal,Kalimpong,district,geoBoundaries/gbOpen/IND/ADM2/2021@8bef6929fd65432e7dc775e7c44473e84efff064ebddbfd6b834e6291546db40,matched,76128533B78458325839103,0.2965,S1,interim_s1_only,s1_interim,aoi,pending,track_b_not_run,,0.2965,0.4421,,,,,,,,,no-sits,True,36.9,0.7834,-16.0,True,BOTH,4.0,2.0,73.9352,0.8321,9.6083,1110.1333982291185,0.2965,S1,no_optical_s1,fs1-3016a20fd3ad
E117::kolkata,E117,2020-0304-IND,2020-06-01,West Bengal,Kolkata,district,FAO/GAUL/2015/level2,matched,70292,0.1051,S1,interim_s1_only,s1_interim,aoi,pending,track_b_not_run,,0.1051,1.9936,,,,,,,,,no-sits,True,0.1,0.9999,-16.0,True,BOTH,2.0,4.0,78.8807,61.8534,0.5333,91.84529866788924,0.1051,S1,no_optical_s1,fs1-3016a20fd3ad
E117::malda,E117,2020-0304-IND,2020-06-01,West Bengal,Malda,district,geoBoundaries/gbOpen/IND/ADM2/2021@8bef6929fd65432e7dc775e7c44473e84efff064ebddbfd6b834e6291546db40,matched,76128533B36734405131975,39.8768,S1,interim_s1_only,s1_interim,aoi,pending,track_b_not_run,,39.8768,44.6774,,,,,,,,,no-sits,True,0.9,0.9919,-14.75,False,BOTH,3.0,8.0,3262.3654,131.5388,1961.8246,3569.571917708908,39.8768,S1,no_optical_s1,fs1-3016a20fd3ad
E117::murshidabad,E117,2020-0304-IND,2020-06-01,West Bengal,Murshidabad,district,FAO/GAUL/2015/level2,matched,17955,92.4941,S1,interim_s1_only,s1_interim,aoi,pending,track_b_not_run,,92.4941,49.9743,,,,,,,,,no-sits,True,0.4,0.991,-13.75,False,BOTH,3.0,8.0,5136.0442,220.9272,3525.5526,5473.753950605631,92.4941,S1,no_optical_s1,fs1-3016a20fd3ad
E117::nadia,E117,2020-0304-IND,2020-06-01,West Bengal,Nadia,district,FAO/GAUL/2015/level2,matched,17956,36.844,S1,interim_s1_only,s1_interim,aoi,pending,track_b_not_run,,36.844,47.3012,,,,,,,,,no-sits,True,0.2,0.9988,-16.0,True,BOTH,6.0,4.0,3646.9459,123.4896,2083.3365,3995.2318634205153,36.844,S1,no_optical_s1,fs1-3016a20fd3ad
E117::north%2024%20parganas,E117,2020-0304-IND,2020-06-01,West Bengal,North 24 Parganas,district,FAO/GAUL/2015/level2,matched,70293,160.3969,S1,interim_s1_only,s1_interim,aoi,pending,track_b_not_run,,160.3969,199.6982,,,,,,,,,no-sits,True,10.3,0.9214,-15.25,False,BOTH,6.0,15.0,5030.4328,208.0668,1742.3532,6006.604976683008,160.3969,S1,no_optical_s1,fs1-3016a20fd3ad
E117::paschim%20bardhaman,E117,2020-0304-IND,2020-06-01,West Bengal,Paschim Bardhaman,district,geoBoundaries/gbOpen/IND/ADM2/2021@8bef6929fd65432e7dc775e7c44473e84efff064ebddbfd6b834e6291546db40,matched,76128533B60845263086042,23.7858,S1,interim_s1_only,s1_interim,aoi,pending,track_b_not_run,,23.7858,9.5187,,,,,,,,,no-sits,True,0.4,0.9986,-16.0,True,BOTH,4.0,10.0,1491.1966,173.9546,712.4338,1638.342752616779,23.7858,S1,no_optical_s1,fs1-3016a20fd3ad
E117::purba%20bardhaman,E117,2020-0304-IND,2020-06-01,West Bengal,Purba Bardhaman,district,geoBoundaries/gbOpen/IND/ADM2/2021@8bef6929fd65432e7dc775e7c44473e84efff064ebddbfd6b834e6291546db40,matched,76128533B59121537940607,124.3378,S1,interim_s1_only,s1_interim,aoi,pending,track_b_not_run,,124.3378,428.0747,,,,,,,,,no-sits,True,0.2,0.9984,-16.0,True,BOTH,5.0,8.0,5222.3159,160.3241,4069.2197,5396.808202076832,124.3378,S1,no_optical_s1,fs1-3016a20fd3ad
E117::purulia,E117,2020-0304-IND,2020-06-01,West Bengal,Purulia,district,geoBoundaries/gbOpen/IND/ADM2/2021@8bef6929fd65432e7dc775e7c44473e84efff064ebddbfd6b834e6291546db40,matched,76128533B16811573188243,80.6618,S1,interim_s1_only,s1_interim,aoi,pending,track_b_not_run,,80.6618,15.1756,,,,,,,,,no-sits,True,9.4,0.9048,-16.0,True,BOTH,6.0,12.0,5092.3092,88.0376,2991.1455,6255.530346174724,80.6618,S1,no_optical_s1,fs1-3016a20fd3ad
E117::south%2024%20parganas,E117,2020-0304-IND,2020-06-01,West Bengal,South 24 Parganas,district,FAO/GAUL/2015/level2,matched,70294,126.657,S1,interim_s1_only,s1_interim,aoi,pending,track_b_not_run,,126.657,118.385,,,,,,,,,no-sits,True,17.5,0.8751,-14.75,False,BOTH,8.0,10.0,4761.6074,147.2069,2548.2554,5503.307786632012,126.657,S1,no_optical_s1,fs1-3016a20fd3ad
E117::uttar%20dinajpur,E117,2020-0304-IND,2020-06-01,West Bengal,Uttar Dinajpur,district,FAO/GAUL/2015/level2,matched,70295,19.7844,S1,interim_s1_only,s1_interim,aoi,pending,track_b_not_run,,19.7844,10.5281,,,,,,,,,no-sits,True,1.4,0.9853,-16.0,True,BOTH,3.0,11.0,3168.8271,113.614,2226.6498,3356.268468886421,19.7844,S1,no_optical_s1,fs1-3016a20fd3ad
E117::west%20medinipur,E117,2020-0304-IND,2020-06-01,West Bengal,West Medinipur,district,geoBoundaries/gbOpen/IND/ADM2/2021@8bef6929fd65432e7dc775e7c44473e84efff064ebddbfd6b834e6291546db40,matched,76128533B88812350838807,63.1919,S1,interim_s1_only,s1_interim,aoi,pending,track_b_not_run,,63.1919,42.6911,,,,,,,,,no-sits,True,1.1,0.9896,-16.0,True,BOTH,4.0,6.0,6123.409,83.5966,3685.2655,6284.990303075887,63.1919,S1,no_optical_s1,fs1-3016a20fd3ad
E118::east%20godavari,E118,2020-0446-IND,2020-10-01,Andhra Pradesh,East Godavari,district,FAO/GAUL/2015/level2,matched,17551,100.6341,S1,interim_s1_only,s1_interim,aoi,pending,track_b_not_run,,100.6341,5.75,,,,,,,,,no-sits,True,81.7,0.0957,-16.0,True,DESCENDING,4.0,7.0,6753.9866,246.0946,2857.781,10551.28549542384,100.6341,S1,no_optical_s1,fs1-3016a20fd3ad
E118::guntur,E118,2020-0446-IND,2020-10-01,Andhra Pradesh,Guntur,district,FAO/GAUL/2015/level2,matched,17552,136.4706,S1,interim_s1_only,s1_interim,aoi,pending,track_b_not_run,,136.4706,0.4013,,,,,,,,,no-sits,True,99.7,0.0022,-16.0,True,DESCENDING,4.0,3.0,10288.2354,351.5912,7320.5006,11426.357332991543,136.4706,S1,no_optical_s1,fs1-3016a20fd3ad
E118::krishna,E118,2020-0446-IND,2020-10-01,Andhra Pradesh,Krishna,district,FAO/GAUL/2015/level2,matched,17556,212.739,S1,interim_s1_only,s1_interim,aoi,pending,track_b_not_run,,212.739,3.1549,,,,,,,,,no-sits,True,90.8,0.0938,-14.75,False,DESCENDING,3.0,5.0,7580.1139,284.6393,4628.8681,8431.670297917331,212.739,S1,no_optical_s1,fs1-3016a20fd3ad
E118::kurnool,E118,2020-0446-IND,2020-10-01,Andhra Pradesh,Kurnool,district,FAO/GAUL/2015/level2,matched,17557,381.3212,S1,interim_s1_only,s1_interim,aoi,pending,track_b_not_run,,381.3212,39.6163,,,,,,,,,no-sits,True,51.8,0.449,-16.0,True,DESCENDING,6.0,7.0,14624.8845,272.7082,10761.4571,17841.084408442177,381.3212,S1,no_optical_s1,fs1-3016a20fd3ad
E118::nellore,E118,2020-0446-IND,2020-10-01,Andhra Pradesh,Nellore,district,FAO/GAUL/2015/level2,matched,17561,229.945,S1,interim_s1_only,s1_interim,aoi,pending,track_b_not_run,,229.945,69.818,,,,,,,,,no-sits,True,55.9,0.4614,-15.75,False,DESCENDING,4.0,6.0,11397.9217,213.537,5234.6417,13465.479193999116,229.945,S1,no_optical_s1,fs1-3016a20fd3ad
E118::srikakulam,E118,2020-0446-IND,2020-10-01,Andhra Pradesh,Srikakulam,district,FAO/GAUL/2015/level2,matched,17565,40.0351,S1,interim_s1_only,s1_interim,aoi,pending,track_b_not_run,,40.0351,31.7153,,,,,,,,,no-sits,True,24.9,0.74,-16.0,True,DESCENDING,4.0,13.0,4522.9356,132.0386,2568.3755,6302.635009694529,40.0351,S1,no_optical_s1,fs1-3016a20fd3ad
E118::visakhapatnam,E118,2020-0446-IND,2020-10-01,Andhra Pradesh,Visakhapatnam,district,geoBoundaries/gbOpen/IND/ADM2/2021@8bef6929fd65432e7dc775e7c44473e84efff064ebddbfd6b834e6291546db40,matched,76128533B71485440235524,15.064,S1,interim_s1_only,s1_interim,aoi,pending,track_b_not_run,,15.064,26.1372,,,,,,,,,no-sits,True,57.4,0.5338,-16.0,True,DESCENDING,3.0,12.0,4275.4835,195.3635,1311.4798,11393.738361166628,15.064,S1,no_optical_s1,fs1-3016a20fd3ad
E118::west%20godavari,E118,2020-0446-IND,2020-10-01,Andhra Pradesh,West Godavari,district,FAO/GAUL/2015/level2,matched,17569,480.434,S1,interim_s1_only,s1_interim,aoi,pending,track_b_not_run,,480.434,0.7725,,,,,,,,,no-sits,True,96.8,0.0249,-13.75,False,DESCENDING,2.0,4.0,6761.4458,221.8991,3332.3442,7779.945166152504,480.434,S1,no_optical_s1,fs1-3016a20fd3ad
E119::kalaburagi,E119,2020-0446-IND,2020-10-01,Karnataka,Kalaburagi,district,geoBoundaries/gbOpen/IND/ADM2/2021@8bef6929fd65432e7dc775e7c44473e84efff064ebddbfd6b834e6291546db40,matched,76128533B1083016608278,80.2292,S1,interim_s1_only,s1_interim,aoi,pending,track_b_not_run,,80.2292,8.8008,,,,,,,,,no-sits,True,17.1,0.7958,-16.0,True,DESCENDING,6.0,4.0,10108.1439,189.155,8993.7735,11005.005984759722,80.2292,S1,no_optical_s1,fs1-3016a20fd3ad
E119::koppal,E119,2020-0446-IND,2020-10-01,Karnataka,Koppal,district,FAO/GAUL/2015/level2,matched,70165,85.3527,S1,interim_s1_only,s1_interim,aoi,pending,track_b_not_run,,85.3527,8.3965,,,,,,,,,no-sits,True,5.5,0.8976,-16.0,True,BOTH,6.0,4.0,5066.6839,98.0116,4281.3443,5575.478276779294,85.3527,S1,no_optical_s1,fs1-3016a20fd3ad
E119::raichur,E119,2020-0446-IND,2020-10-01,Karnataka,Raichur,district,FAO/GAUL/2015/level2,matched,17693,128.4099,S1,interim_s1_only,s1_interim,aoi,pending,track_b_not_run,,128.4099,8.0246,,,,,,,,,no-sits,True,29.7,0.6847,-16.0,True,DESCENDING,3.0,6.0,7642.1413,126.9341,6603.6125,8465.297775287587,128.4099,S1,no_optical_s1,fs1-3016a20fd3ad
E119::vijayapura,E119,2020-0446-IND,2020-10-01,Karnataka,Vijayapura,district,geoBoundaries/gbOpen/IND/ADM2/2021@8bef6929fd65432e7dc775e7c44473e84efff064ebddbfd6b834e6291546db40,matched,76128533B40495457052818,117.8969,S1,interim_s1_only,s1_interim,aoi,pending,track_b_not_run,,117.8969,15.0209,,,,,,,,,no-sits,True,13.4,0.8026,-16.0,True,DESCENDING,5.0,7.0,9880.7524,168.0077,8128.9169,10440.064567410886,117.8969,S1,no_optical_s1,fs1-3016a20fd3ad
E119::yadgir,E119,2020-0446-IND,2020-10-01,Karnataka,Yadgir,district,geoBoundaries/gbOpen/IND/ADM2/2021@8bef6929fd65432e7dc775e7c44473e84efff064ebddbfd6b834e6291546db40,matched,76128533B84927972855096,35.5372,S1,interim_s1_only,s1_interim,aoi,pending,track_b_not_run,,35.5372,6.0761,,,,,,,,,no-sits,True,20.8,0.7539,-16.0,True,DESCENDING,6.0,3.0,4750.5234,69.9787,4128.2695,5296.020634999596,35.5372,S1,no_optical_s1,fs1-3016a20fd3ad
E120::bauda,E120,2020-0446-IND,2020-10-01,Odisha,Bauda,district,geoBoundaries/gbOpen/IND/ADM2/2021@8bef6929fd65432e7dc775e7c44473e84efff064ebddbfd6b834e6291546db40,matched,76128533B84772375641700,20.569,S1,interim_s1_only,s1_interim,aoi,pending,track_b_not_run,,20.569,13.3611,,,,,,,,,no-sits,True,31.6,0.6669,-14.25,False,DESCENDING,3.0,11.0,1865.0572,13.4211,950.1365,3124.5504724848097,20.569,S1,no_optical_s1,fs1-3016a20fd3ad
E120::gajapati,E120,2020-0446-IND,2020-10-01,Odisha,Gajapati,district,FAO/GAUL/2015/level2,matched,70213,2.468,S1,interim_s1_only,s1_interim,aoi,pending,track_b_not_run,,2.468,1.8698,,,,,,,,,no-sits,True,23.5,0.8633,-16.0,True,DESCENDING,3.0,13.0,881.7653,10.575,481.5808,4080.383431631814,2.468,S1,no_optical_s1,fs1-3016a20fd3ad
E120::ganjam,E120,2020-0446-IND,2020-10-01,Odisha,Ganjam,district,FAO/GAUL/2015/level2,matched,17811,24.0832,S1,interim_s1_only,s1_interim,aoi,pending,track_b_not_run,,24.0832,50.0128,,,,,,,,,no-sits,True,9.7,0.9418,-16.0,True,DESCENDING,3.0,9.0,5551.9861,106.7753,3129.5813,8417.728037695964,24.0832,S1,no_optical_s1,fs1-3016a20fd3ad
E120::kalahandi,E120,2020-0446-IND,2020-10-01,Odisha,Kalahandi,district,FAO/GAUL/2015/level2,matched,17812,9.482,S1,interim_s1_only,s1_interim,aoi,pending,track_b_not_run,,9.482,14.594,,,,,,,,,no-sits,True,54.7,0.4652,-16.0,True,DESCENDING,2.0,10.0,4516.9205,46.3307,2786.7517,7938.930130032871,9.482,S1,no_optical_s1,fs1-3016a20fd3ad
E120::kandhamal,E120,2020-0446-IND,2020-10-01,Odisha,Kandhamal,district,FAO/GAUL/2015/level2,matched,70217,1.6137,S1,interim_s1_only,s1_interim,aoi,pending,track_b_not_run,,1.6137,5.3898,,,,,,,,,no-sits,True,24.9,0.7612,-16.0,True,DESCENDING,4.0,13.0,1833.216,6.7279,629.3262,8088.528530440674,1.6137,S1,no_optical_s1,fs1-3016a20fd3ad
E120::koraput,E120,2020-0446-IND,2020-10-01,Odisha,Koraput,district,FAO/GAUL/2015/level2,matched,17814,7.4118,S1,interim_s1_only,s1_interim,aoi,pending,track_b_not_run,,7.4118,6.9436,,,,,,,,,no-sits,True,53.9,0.5733,-16.0,True,DESCENDING,2.0,7.0,3426.0635,25.1981,1868.5043,8608.98899052561,7.4118,S1,no_optical_s1,fs1-3016a20fd3ad
E120::malkangiri,E120,2020-0446-IND,2020-10-01,Odisha,Malkangiri,district,FAO/GAUL/2015/level2,matched,70220,12.732,S1,interim_s1_only,s1_interim,aoi,pending,track_b_not_run,,12.732,6.3052,,,,,,,,,no-sits,True,35.7,0.7655,-14.75,False,DESCENDING,2.0,6.0,3064.5633,12.3286,1357.9039,5849.646224352819,12.732,S1,no_optical_s1,fs1-3016a20fd3ad
E120::nabarangapur,E120,2020-0446-IND,2020-10-01,Odisha,Nabarangapur,district,geoBoundaries/gbOpen/IND/ADM2/2021@8bef6929fd65432e7dc775e7c44473e84efff064ebddbfd6b834e6291546db40,matched,76128533B99037046327658,6.813,S1,interim_s1_only,s1_interim,aoi,pending,track_b_not_run,,6.813,53.9266,,,,,,,,,no-sits,True,38.0,0.5909,-16.0,True,DESCENDING,2.0,12.0,4237.4974,23.7405,2707.4732,5413.792578312975,6.813,S1,no_optical_s1,fs1-3016a20fd3ad
E120::nuapada,E120,2020-0446-IND,2020-10-01,Odisha,Nuapada,district,FAO/GAUL/2015/level2,matched,70223,5.9943,S1,interim_s1_only,s1_interim,aoi,pending,track_b_not_run,,5.9943,2.9118,,,,,,,,,no-sits,True,78.5,0.215,-16.0,True,DESCENDING,3.0,3.0,2243.6434,26.6185,1122.3277,3881.856999707553,5.9943,S1,no_optical_s1,fs1-3016a20fd3ad
E120::rayagada,E120,2020-0446-IND,2020-10-01,Odisha,Rayagada,district,FAO/GAUL/2015/level2,matched,70224,4.4636,S1,interim_s1_only,s1_interim,aoi,pending,track_b_not_run,,4.4636,5.1867,,,,,,,,,no-sits,True,27.3,0.8352,-16.0,True,DESCENDING,3.0,11.0,2097.742,21.8315,954.4673,7404.113889009227,4.4636,S1,no_optical_s1,fs1-3016a20fd3ad
E121::hyderabad,E121,2020-0446-IND,2020-10-01,Telangana,Hyderabad,district,FAO/GAUL/2015/level2,matched,17553,0.2815,S1,interim_s1_only,s1_interim,aoi,pending,track_b_not_run,,0.2815,,,,,,,,,,no-sits,False,21.9,,-16.0,True,DESCENDING,1.0,2.0,146.8652,116.3344,2.2169,178.60393182299086,0.2815,S1,no_optical_s1,fs1-3016a20fd3ad
E121::nalgonda,E121,2020-0446-IND,2020-10-01,Telangana,Nalgonda,district,FAO/GAUL/2015/level2,matched,17560,178.5565,S1,interim_s1_only,s1_interim,aoi,pending,track_b_not_run,,178.5565,0.6891,,,,,,,,,no-sits,True,91.5,0.0132,-15.25,False,DESCENDING,4.0,6.0,12753.5421,325.3021,9660.6236,14141.06734194607,178.5565,S1,no_optical_s1,fs1-3016a20fd3ad
E121::ranga%20reddy,E121,2020-0446-IND,2020-10-01,Telangana,Ranga Reddy,district,geoBoundaries/gbOpen/IND/ADM2/2021@8bef6929fd65432e7dc775e7c44473e84efff064ebddbfd6b834e6291546db40,matched,76128533B31175522938788,23.5435,S1,interim_s1_only,s1_interim,aoi,pending,track_b_not_run,,23.5435,0.1842,,,,,,,,,no-sits,True,54.1,0.0674,-16.0,True,DESCENDING,1.0,6.0,4373.6786,265.949,2765.6626,5091.524779829647,23.5435,S1,no_optical_s1,fs1-3016a20fd3ad
E122::darbhanga,E122,2021-0316-IND,2021-06-01,Bihar,Darbhanga,district,FAO/GAUL/2015/level2,matched,17598,264.1748,S1,interim_s1_only,s1_interim,aoi,pending,track_b_not_run,,264.1748,103.3731,,,,,,,,,no-sits,True,5.5,0.911,-13.25,False,BOTH,3.0,7.0,2116.2992,123.9895,1491.5896,2293.727225126986,264.1748,S1,no_optical_s1,fs1-3016a20fd3ad
E122::east%20champaran,E122,2021-0316-IND,2021-06-01,Bihar,East Champaran,district,geoBoundaries/gbOpen/IND/ADM2/2021@8bef6929fd65432e7dc775e7c44473e84efff064ebddbfd6b834e6291546db40,matched,76128533B49017555803526,75.7114,S1,interim_s1_only,s1_interim,aoi,pending,track_b_not_run,,75.7114,37.1559,,,,,,,,,no-sits,True,19.6,0.8064,-16.0,True,BOTH,6.0,6.0,4047.632,223.9597,2855.6906,4209.432168721379,75.7114,S1,no_optical_s1,fs1-3016a20fd3ad
E122::gopalganj,E122,2021-0316-IND,2021-06-01,Bihar,Gopalganj,district,FAO/GAUL/2015/level2,matched,17604,44.3163,S1,interim_s1_only,s1_interim,aoi,pending,track_b_not_run,,44.3163,2.7891,,,,,,,,,no-sits,True,71.5,0.2838,-16.0,True,BOTH,4.0,3.0,2001.4418,119.6197,1420.8562,2044.660708589624,44.3163,S1,no_optical_s1,fs1-3016a20fd3ad
E122::madhubani,E122,2021-0316-IND,2021-06-01,Bihar,Madhubani,district,FAO/GAUL/2015/level2,matched,17611,66.7341,S1,interim_s1_only,s1_interim,aoi,pending,track_b_not_run,,66.7341,25.4799,,,,,,,,,no-sits,True,3.4,0.877,-16.0,True,BOTH,5.0,7.0,3212.7477,159.6917,2236.3901,3457.42262983169,66.7341,S1,no_optical_s1,fs1-3016a20fd3ad
E122::muzaffarpur,E122,2021-0316-IND,2021-06-01,Bihar,Muzaffarpur,district,FAO/GAUL/2015/level2,matched,17613,59.8007,S1,interim_s1_only,s1_interim,aoi,pending,track_b_not_run,,59.8007,42.136,,,,,,,,,no-sits,True,1.4,0.9837,-16.0,True,BOTH,7.0,17.0,3129.3395,204.9248,2037.5739,3192.441978127565,59.8007,S1,no_optical_s1,fs1-3016a20fd3ad
E122::samastipur,E122,2021-0316-IND,2021-06-01,Bihar,Samastipur,district,FAO/GAUL/2015/level2,matched,17626,89.1756,S1,interim_s1_only,s1_interim,aoi,pending,track_b_not_run,,89.1756,37.9266,,,,,,,,,no-sits,True,1.3,0.9775,-13.75,False,BOTH,2.0,3.0,2732.2727,163.9409,1804.9512,2911.492917812177,89.1756,S1,no_optical_s1,fs1-3016a20fd3ad
E122::saran,E122,2021-0316-IND,2021-06-01,Bihar,Saran,district,FAO/GAUL/2015/level2,matched,17628,87.3196,S1,interim_s1_only,s1_interim,aoi,pending,track_b_not_run,,87.3196,50.0622,,,,,,,,,no-sits,True,15.0,0.8393,-15.75,False,BOTH,6.0,14.0,2555.315,176.7369,1803.5769,2650.3366911206285,87.3196,S1,no_optical_s1,fs1-3016a20fd3ad
E122::sitamarhi,E122,2021-0316-IND,2021-06-01,Bihar,Sitamarhi,district,FAO/GAUL/2015/level2,matched,17630,27.4424,S1,interim_s1_only,s1_interim,aoi,pending,track_b_not_run,,27.4424,19.0147,,,,,,,,,no-sits,True,0.2,0.9865,-16.0,True,BOTH,4.0,3.0,2019.8231,104.0527,1393.9537,2075.1609189491032,27.4424,S1,no_optical_s1,fs1-3016a20fd3ad
E122::siwan,E122,2021-0316-IND,2021-06-01,Bihar,Siwan,district,FAO/GAUL/2015/level2,matched,17631,44.3148,S1,interim_s1_only,s1_interim,aoi,pending,track_b_not_run,,44.3148,17.5313,,,,,,,,,no-sits,True,52.0,0.4617,-16.0,True,BOTH,5.0,8.0,2163.4697,140.3064,1598.0864,2229.6509970655925,44.3148,S1,no_optical_s1,fs1-3016a20fd3ad
E122::vaishali,E122,2021-0316-IND,2021-06-01,Bihar,Vaishali,district,FAO/GAUL/2015/level2,matched,17632,156.8293,S1,interim_s1_only,s1_interim,aoi,pending,track_b_not_run,,156.8293,123.0236,,,,,,,,,no-sits,True,1.1,0.991,-15.25,False,BOTH,3.0,12.0,1891.6094,146.7952,1096.4198,2013.541665625586,156.8293,S1,no_optical_s1,fs1-3016a20fd3ad
E122::west%20champaran,E122,2021-0316-IND,2021-06-01,Bihar,West Champaran,district,geoBoundaries/gbOpen/IND/ADM2/2021@8bef6929fd65432e7dc775e7c44473e84efff064ebddbfd6b834e6291546db40,matched,76128533B17762399278073,74.0627,S1,interim_s1_only,s1_interim,aoi,pending,track_b_not_run,,74.0627,42.3247,,,,,,,,,no-sits,True,13.0,0.875,-16.0,True,BOTH,4.0,4.0,4613.9716,173.9217,3003.5522,5214.198372330475,74.0627,S1,no_optical_s1,fs1-3016a20fd3ad
E124::navsari,E124,2021-0316-IND,2021-06-01,Gujarat,Navsari,district,FAO/GAUL/2015/level2,matched,70127,4.9349,S1,interim_s1_only,s1_interim,aoi,pending,track_b_not_run,,4.9349,3.7947,,,,,,,,,no-sits,True,22.1,0.7836,-16.0,True,DESCENDING,2.0,15.0,1702.3987,61.7571,564.3259,2097.600482441035,4.9349,S1,no_optical_s1,fs1-3016a20fd3ad
E124::surat,E124,2021-0316-IND,2021-06-01,Gujarat,Surat,district,FAO/GAUL/2015/level2,matched,17649,36.1375,S1,interim_s1_only,s1_interim,aoi,pending,track_b_not_run,,36.1375,15.2051,,,,,,,,,no-sits,True,28.2,0.6983,-16.0,True,DESCENDING,3.0,13.0,5860.6038,320.505,3100.9497,7486.82173633887,36.1375,S1,no_optical_s1,fs1-3016a20fd3ad
E124::valsad,E124,2021-0316-IND,2021-06-01,Gujarat,Valsad,district,FAO/GAUL/2015/level2,matched,17653,2.0239,S1,interim_s1_only,s1_interim,aoi,pending,track_b_not_run,,2.0239,7.5966,,,,,,,,,no-sits,True,8.9,0.9219,-16.0,True,DESCENDING,1.0,16.0,1750.257,77.2798,538.7598,3025.875446392478,2.0239,S1,no_optical_s1,fs1-3016a20fd3ad
E125::bagalkot,E125,2021-0316-IND,2021-06-01,Karnataka,Bagalkot,district,FAO/GAUL/2015/level2,matched,70157,248.5208,S1,interim_s1_only,s1_interim,aoi,pending,track_b_not_run,,248.5208,18.8432,,,,,,,,,no-sits,True,24.8,0.7487,-16.0,True,DESCENDING,2.0,16.0,5858.5775,115.598,4194.2864,6575.100985988591,248.5208,S1,no_optical_s1,fs1-3016a20fd3ad
E125::belagavi,E125,2021-0316-IND,2021-06-01,Karnataka,Belagavi,district,geoBoundaries/gbOpen/IND/ADM2/2021@8bef6929fd65432e7dc775e7c44473e84efff064ebddbfd6b834e6291546db40,matched,76128533B74319098136622,162.7489,S1,interim_s1_only,s1_interim,aoi,pending,track_b_not_run,,162.7489,31.5177,,,,,,,,,no-sits,True,21.3,0.801,-16.0,True,DESCENDING,4.0,17.0,10911.9771,215.1324,7249.3894,13437.79374447446,162.7489,S1,no_optical_s1,fs1-3016a20fd3ad
E125::chikkamagaluru,E125,2021-0316-IND,2021-06-01,Karnataka,Chikkamagaluru,district,geoBoundaries/gbOpen/IND/ADM2/2021@8bef6929fd65432e7dc775e7c44473e84efff064ebddbfd6b834e6291546db40,matched,76128533B15550697205080,28.0311,S1,interim_s1_only,s1_interim,aoi,pending,track_b_not_run,,28.0311,5.2965,,,,,,,,,no-sits,True,38.0,0.7118,-16.0,True,BOTH,2.0,6.0,3145.504,67.1392,1109.3502,6937.32502311172,28.0311,S1,no_optical_s1,fs1-3016a20fd3ad
E125::davanagere,E125,2021-0316-IND,2021-06-01,Karnataka,Davanagere,district,FAO/GAUL/2015/level2,matched,70162,60.5097,S1,interim_s1_only,s1_interim,aoi,pending,track_b_not_run,,60.5097,16.0569,,,,,,,,,no-sits,True,32.6,0.6847,-16.0,True,BOTH,4.0,7.0,5327.5163,133.3864,3442.8041,6632.831187518178,60.5097,S1,no_optical_s1,fs1-3016a20fd3ad
E125::dharwad,E125,2021-0316-IND,2021-06-01,Karnataka,Dharwad,district,FAO/GAUL/2015/level2,matched,17686,98.8733,S1,interim_s1_only,s1_interim,aoi,pending,track_b_not_run,,98.8733,37.118,,,,,,,,,no-sits,True,35.3,0.6457,-16.0,True,BOTH,3.0,11.0,3831.7745,104.9422,3079.6481,4276.067791973122,98.8733,S1,no_optical_s1,fs1-3016a20fd3ad
E125::gadag,E125,2021-0316-IND,2021-06-01,Karnataka,Gadag,district,FAO/GAUL/2015/level2,matched,70163,333.1778,S1,interim_s1_only,s1_interim,aoi,pending,track_b_not_run,,333.1778,45.3745,,,,,,,,,no-sits,True,30.4,0.6869,-16.0,True,BOTH,3.0,8.0,4305.9468,80.2726,3592.692,4647.273331660636,333.1778,S1,no_optical_s1,fs1-3016a20fd3ad
E125::haveri,E125,2021-0316-IND,2021-06-01,Karnataka,Haveri,district,FAO/GAUL/2015/level2,matched,70164,63.2639,S1,interim_s1_only,s1_interim,aoi,pending,track_b_not_run,,63.2639,34.8708,,,,,,,,,no-sits,True,30.2,0.694,-16.0,True,BOTH,3.0,4.0,4422.6993,102.0171,3538.7763,4811.456144597108,63.2639,S1,no_optical_s1,fs1-3016a20fd3ad
E125::kodagu,E125,2021-0316-IND,2021-06-01,Karnataka,Kodagu,district,FAO/GAUL/2015/level2,matched,17689,1.0469,S1,interim_s1_only,s1_interim,aoi,pending,track_b_not_run,,1.0469,0.3655,,,,,,,,,no-sits,True,71.3,0.2062,-16.0,True,BOTH,4.0,5.0,1106.2873,13.0068,95.1679,4111.781559839673,1.0469,S1,no_optical_s1,fs1-3016a20fd3ad
E125::shivamogga,E125,2021-0316-IND,2021-06-01,Karnataka,Shivamogga,district,geoBoundaries/gbOpen/IND/ADM2/2021@8bef6929fd65432e7dc775e7c44473e84efff064ebddbfd6b834e6291546db40,matched,76128533B85389886560116,14.6394,S1,interim_s1_only,s1_interim,aoi,pending,track_b_not_run,,14.6394,1.5156,,,,,,,,,no-sits,True,65.7,0.4141,-16.0,True,BOTH,5.0,5.0,4753.5743,81.2488,1380.4865,8475.375992282,14.6394,S1,no_optical_s1,fs1-3016a20fd3ad
E125::uttara%20kannada,E125,2021-0316-IND,2021-06-01,Karnataka,Uttara Kannada,district,geoBoundaries/gbOpen/IND/ADM2/2021@8bef6929fd65432e7dc775e7c44473e84efff064ebddbfd6b834e6291546db40,matched,76128533B79180273895456,9.154,S1,interim_s1_only,s1_interim,aoi,pending,track_b_not_run,,9.154,4.2377,,,,,,,,,no-sits,True,52.7,0.475,-16.0,True,BOTH,6.0,10.0,4002.0244,32.4361,576.3425,10404.181767076385,9.154,S1,no_optical_s1,fs1-3016a20fd3ad
E126::idukki,E126,2021-0316-IND,2021-06-01,Kerala,Idukki,district,FAO/GAUL/2015/level2,matched,17700,1.0208,S1,interim_s1_only,s1_interim,aoi,pending,track_b_not_run,,1.0208,2.0633,,,,,,,,,no-sits,True,8.1,0.8697,-16.0,True,DESCENDING,1.0,11.0,480.7175,10.6658,2.9577,5010.411036324633,1.0208,S1,no_optical_s1,fs1-3016a20fd3ad
E126::kottayam,E126,2021-0316-IND,2021-06-01,Kerala,Kottayam,district,FAO/GAUL/2015/level2,matched,17702,18.5933,S1,interim_s1_only,s1_interim,aoi,pending,track_b_not_run,,18.5933,4.5793,,,,,,,,,no-sits,True,4.6,0.9053,-13.75,False,DESCENDING,1.0,5.0,887.901,35.5396,145.0252,2143.385583622296,18.5933,S1,no_optical_s1,fs1-3016a20fd3ad
E126::pathanamthitta,E126,2021-0316-IND,2021-06-01,Kerala,Pathanamthitta,district,geoBoundaries/gbOpen/IND/ADM2/2021@8bef6929fd65432e7dc775e7c44473e84efff064ebddbfd6b834e6291546db40,matched,76128533B29330052395581,5.4407,S1,interim_s1_only,s1_interim,aoi,pending,track_b_not_run,,5.4407,2.045,,,,,,,,,no-sits,True,5.0,0.7918,-16.0,True,DESCENDING,2.0,5.0,492.0105,19.2664,16.1956,2663.6118314901764,5.4407,S1,no_optical_s1,fs1-3016a20fd3ad
E127::kolhapur,E127,2021-0316-IND,2021-06-01,Maharashtra,Kolhapur,district,FAO/GAUL/2015/level2,matched,17769,2.0171,S1,interim_s1_only,s1_interim,aoi,pending,track_b_not_run,,2.0171,11.6268,,,,,,,,,no-sits,True,49.6,0.6454,-16.0,True,DESCENDING,2.0,8.0,4339.6371,164.0835,1998.2373,7680.572392490604,2.0171,S1,no_optical_s1,fs1-3016a20fd3ad
E127::mumbai%20suburban,E127,2021-0316-IND,2021-06-01,Maharashtra,Mumbai Suburban,district,FAO/GAUL/2015/level2,matched,70183,1.2741,S1,interim_s1_only,s1_interim,aoi,pending,track_b_not_run,,1.2741,6.8268,,,,,,,,,no-sits,True,1.0,0.9948,-16.0,True,DESCENDING,1.0,8.0,269.1381,114.0809,14.9713,409.3994670782586,1.2741,S1,no_optical_s1,fs1-3016a20fd3ad
E127::pune,E127,2021-0316-IND,2021-06-01,Maharashtra,Pune,district,FAO/GAUL/2015/level2,matched,17776,48.4414,S1,interim_s1_only,s1_interim,aoi,pending,track_b_not_run,,48.4414,39.4527,,,,,,,,,no-sits,True,28.4,0.7502,-16.0,True,DESCENDING,4.0,25.0,10303.2933,728.4543,6115.6464,15649.899791716924,48.4414,S1,no_optical_s1,fs1-3016a20fd3ad
E127::raigad,E127,2021-0316-IND,2021-06-01,Maharashtra,Raigad,district,geoBoundaries/gbOpen/IND/ADM2/2021@8bef6929fd65432e7dc775e7c44473e84efff064ebddbfd6b834e6291546db40,matched,76128533B99895802074414,18.8022,S1,interim_s1_only,s1_interim,aoi,pending,track_b_not_run,,18.8022,41.7799,,,,,,,,,no-sits,True,14.1,0.9065,-16.0,True,DESCENDING,2.0,30.0,2892.1404,117.3936,1262.6864,6987.901171136008,18.8022,S1,no_optical_s1,fs1-3016a20fd3ad
E127::ratnagiri,E127,2021-0316-IND,2021-06-01,Maharashtra,Ratnagiri,district,FAO/GAUL/2015/level2,matched,17778,6.2369,S1,interim_s1_only,s1_interim,aoi,pending,track_b_not_run,,6.2369,6.1441,,,,,,,,,no-sits,True,72.4,0.2953,-16.0,True,DESCENDING,4.0,17.0,2431.7672,30.6964,287.6809,8501.126377449938,6.2369,S1,no_optical_s1,fs1-3016a20fd3ad
E127::sangli,E127,2021-0316-IND,2021-06-01,Maharashtra,Sangli,district,FAO/GAUL/2015/level2,matched,17780,86.6254,S1,interim_s1_only,s1_interim,aoi,pending,track_b_not_run,,86.6254,28.5369,,,,,,,,,no-sits,True,34.7,0.6665,-16.0,True,DESCENDING,4.0,15.0,7362.7661,200.7505,4664.1095,8563.308722938114,86.6254,S1,no_optical_s1,fs1-3016a20fd3ad
E127::satara,E127,2021-0316-IND,2021-06-01,Maharashtra,Satara,district,FAO/GAUL/2015/level2,matched,17781,13.4175,S1,interim_s1_only,s1_interim,aoi,pending,track_b_not_run,,13.4175,13.1856,,,,,,,,,no-sits,True,36.3,0.6771,-16.0,True,DESCENDING,2.0,12.0,6563.2479,235.9561,3725.5248,10502.605850168617,13.4175,S1,no_optical_s1,fs1-3016a20fd3ad
E127::sindhudurg,E127,2021-0316-IND,2021-06-01,Maharashtra,Sindhudurg,district,FAO/GAUL/2015/level2,matched,17779,2.6197,S1,interim_s1_only,s1_interim,aoi,pending,track_b_not_run,,2.6197,12.5891,,,,,,,,,no-sits,True,54.4,0.5141,-16.0,True,DESCENDING,2.0,4.0,2179.0404,12.2382,250.7732,5174.499083363021,2.6197,S1,no_optical_s1,fs1-3016a20fd3ad
E127::thane,E127,2021-0316-IND,2021-06-01,Maharashtra,Thane,district,FAO/GAUL/2015/level2,matched,17783,20.2076,S1,interim_s1_only,s1_interim,aoi,pending,track_b_not_run,,20.2076,67.0724,,,,,,,,,no-sits,True,3.4,0.9711,-16.0,True,DESCENDING,4.0,23.0,5194.6674,271.0709,2395.1691,9454.897228160951,20.2076,S1,no_optical_s1,fs1-3016a20fd3ad
E127::wardha,E127,2021-0316-IND,2021-06-01,Maharashtra,Wardha,district,FAO/GAUL/2015/level2,matched,17784,104.1893,S1,interim_s1_only,s1_interim,aoi,pending,track_b_not_run,,104.1893,7.7896,,,,,,,,,no-sits,True,52.0,0.5167,-16.0,True,DESCENDING,2.0,6.0,5465.4311,104.2064,4295.6323,6326.751952312784,104.1893,S1,no_optical_s1,fs1-3016a20fd3ad
E128::gomati,E128,2021-0316-IND,2021-06-01,Tripura,Gomati,district,geoBoundaries/gbOpen/IND/ADM2/2021@8bef6929fd65432e7dc775e7c44473e84efff064ebddbfd6b834e6291546db40,matched,76128533B94126463611805,5.9708,S1,interim_s1_only,s1_interim,aoi,pending,track_b_not_run,,5.9708,0.0424,,,,,,,,,no-sits,True,98.9,0.0104,-16.0,True,BOTH,5.0,3.0,610.8811,10.0637,122.3745,1617.9532415825593,5.9708,S1,no_optical_s1,fs1-3016a20fd3ad
E128::south%20tripura,E128,2021-0316-IND,2021-06-01,Tripura,South Tripura,district,FAO/GAUL/2015/level2,matched,17886,11.4849,S1,interim_s1_only,s1_interim,aoi,pending,track_b_not_run,,11.4849,0.2559,,,,,,,,,no-sits,True,98.9,0.0082,-16.0,True,BOTH,5.0,3.0,1349.3356,16.7041,270.5356,3224.5042086326357,11.4849,S1,no_optical_s1,fs1-3016a20fd3ad
E128::west%20tripura,E128,2021-0316-IND,2021-06-01,Tripura,West Tripura,district,FAO/GAUL/2015/level2,matched,17887,11.3941,S1,interim_s1_only,s1_interim,aoi,pending,track_b_not_run,,11.3941,,,,,,,,,,no-sits,False,100.0,,-16.0,True,BOTH,7.0,0.0,1614.0109,52.1747,365.7647,3039.951701839773,11.3941,S1,no_optical_s1,fs1-3016a20fd3ad
E129::ayodhya,E129,2021-0316-IND,2021-06-01,Uttar Pradesh,Ayodhya,district,geoBoundaries/gbOpen/IND/ADM2/2021@8bef6929fd65432e7dc775e7c44473e84efff064ebddbfd6b834e6291546db40,matched,76128533B60320291189162,12.8433,S1,interim_s1_only,s1_interim,aoi,pending,track_b_not_run,,12.8433,13.5329,,,,,,,,,no-sits,True,0.0,1.0,-16.0,True,BOTH,4.0,7.0,2541.1827,122.905,1608.6144,2675.8001543878418,12.8433,S1,no_optical_s1,fs1-3016a20fd3ad
E129::ballia,E129,2021-0316-IND,2021-06-01,Uttar Pradesh,Ballia,district,FAO/GAUL/2015/level2,matched,17894,45.6357,S1,interim_s1_only,s1_interim,aoi,pending,track_b_not_run,,45.6357,16.8304,,,,,,,,,no-sits,True,38.8,0.4645,-16.75,False,BOTH,4.0,8.0,2760.4153,133.4226,2158.8817,3013.8054759791835,45.6357,S1,no_optical_s1,fs1-3016a20fd3ad
E129::barabanki,E129,2021-0316-IND,2021-06-01,Uttar Pradesh,Barabanki,district,FAO/GAUL/2015/level2,matched,17896,65.246,S1,interim_s1_only,s1_interim,aoi,pending,track_b_not_run,,65.246,23.4788,,,,,,,,,no-sits,True,0.0,1.0,-16.0,True,BOTH,7.0,12.0,4261.6796,180.5234,2989.9903,4440.0005417469865,65.246,S1,no_optical_s1,fs1-3016a20fd3ad
E129::budaun,E129,2021-0316-IND,2021-06-01,Uttar Pradesh,Budaun,district,geoBoundaries/gbOpen/IND/ADM2/2021@8bef6929fd65432e7dc775e7c44473e84efff064ebddbfd6b834e6291546db40,matched,76128533B84679668760735,564.3184,S1,interim_s1_only,s1_interim,aoi,pending,track_b_not_run,,564.3184,2.4565,,,,,,,,,no-sits,True,23.9,0.761,-13.25,False,BOTH,3.0,3.0,4128.2792,135.7385,3559.8498,4242.298807636645,564.3184,S1,no_optical_s1,fs1-3016a20fd3ad
E129::lakhimpur%20kheri,E129,2021-0316-IND,2021-06-01,Uttar Pradesh,Lakhimpur Kheri,district,FAO/GAUL/2015/level2,matched,17921,127.8281,S1,interim_s1_only,s1_interim,aoi,pending,track_b_not_run,,127.8281,65.2161,,,,,,,,,no-sits,True,11.6,0.8819,-16.0,True,BOTH,6.0,13.0,7230.8731,186.4498,4775.211,7708.742992388735,127.8281,S1,no_optical_s1,fs1-3016a20fd3ad
E130::bageshwar,E130,2021-0316-IND,2021-06-01,Uttarakhand,Bageshwar,district,FAO/GAUL/2015/level2,matched,70281,2.8345,S1,interim_s1_only,s1_interim,aoi,pending,track_b_not_run,,2.8345,0.0328,,,,,,,,,no-sits,True,54.5,0.5104,-16.75,False,BOTH,4.0,4.0,38.1041,1.0387,9.0154,2283.823715697251,2.8345,S1,no_optical_s1,fs1-3016a20fd3ad
E130::chamoli,E130,2021-0316-IND,2021-06-01,Uttarakhand,Chamoli,district,FAO/GAUL/2015/level2,matched,70282,51.5134,S1,interim_s1_only,s1_interim,aoi,pending,track_b_not_run,,51.5134,0.0572,,,,,,,,,no-sits,True,72.7,0.1192,-16.25,False,BOTH,8.0,7.0,146.7279,0.8906,3.6667,7838.316284013912,51.5134,S1,no_optical_s1,fs1-3016a20fd3ad
E130::pithoragarh,E130,2021-0316-IND,2021-06-01,Uttarakhand,Pithoragarh,district,FAO/GAUL/2015/level2,matched,17932,14.8467,S1,interim_s1_only,s1_interim,aoi,pending,track_b_not_run,,14.8467,0.0695,,,,,,,,,no-sits,True,70.4,0.2319,-16.25,False,BOTH,8.0,12.0,107.4879,1.9764,9.4874,7209.480621522472,14.8467,S1,no_optical_s1,fs1-3016a20fd3ad
E131::cooch%20behar,E131,2021-0316-IND,2021-06-01,West Bengal,Cooch Behar,district,geoBoundaries/gbOpen/IND/ADM2/2021@8bef6929fd65432e7dc775e7c44473e84efff064ebddbfd6b834e6291546db40,matched,76128533B64156747739715,59.8795,S1,interim_s1_only,s1_interim,aoi,pending,track_b_not_run,,59.8795,25.1731,,,,,,,,,no-sits,True,22.6,0.7719,-14.75,False,BOTH,5.0,4.0,3131.2864,35.6547,1811.0378,3288.1312386454174,59.8795,S1,no_optical_s1,fs1-3016a20fd3ad
E131::darjeeling,E131,2021-0316-IND,2021-06-01,West Bengal,Darjeeling,district,geoBoundaries/gbOpen/IND/ADM2/2021@8bef6929fd65432e7dc775e7c44473e84efff064ebddbfd6b834e6291546db40,matched,76128533B17109302371020,1.8939,S1,interim_s1_only,s1_interim,aoi,pending,track_b_not_run,,1.8939,5.2168,,,,,,,,,no-sits,True,44.2,0.7832,-16.0,True,BOTH,6.0,11.0,826.6807,47.8383,280.9187,2082.4452472301264,1.8939,S1,no_optical_s1,fs1-3016a20fd3ad
E131::jalpaiguri,E131,2021-0316-IND,2021-06-01,West Bengal,Jalpaiguri,district,FAO/GAUL/2015/level2,matched,17951,62.6675,S1,interim_s1_only,s1_interim,aoi,pending,track_b_not_run,,62.6675,66.4579,,,,,,,,,no-sits,True,13.2,0.8577,-16.0,True,BOTH,8.0,2.0,5492.7966,96.2215,1798.9271,6200.341009430311,62.6675,S1,no_optical_s1,fs1-3016a20fd3ad
E132::north%20goa,E132,2021-0435-IND,2021-06-01,Goa,North Goa,district,FAO/GAUL/2015/level2,matched,70122,1.9305,S1,interim_s1_only,s1_interim,aoi,pending,track_b_not_run,,1.9305,1.8962,,,,,,,,,no-sits,True,38.2,0.6289,-16.0,True,DESCENDING,1.0,6.0,713.3966,34.7701,60.6054,1692.9665550824852,1.9305,S1,no_optical_s1,fs1-3016a20fd3ad
E132::south%20goa,E132,2021-0435-IND,2021-06-01,Goa,South Goa,district,FAO/GAUL/2015/level2,matched,70123,0.8769,S1,interim_s1_only,s1_interim,aoi,pending,track_b_not_run,,0.8769,1.5276,,,,,,,,,no-sits,True,24.0,0.7151,-16.0,True,DESCENDING,1.0,6.0,723.8956,28.0039,48.4616,1992.3538358024769,0.8769,S1,no_optical_s1,fs1-3016a20fd3ad
E133::lahaul%20and%20spiti,E133,2021-0435-IND,2021-06-01,Himachal Pradesh,Lahaul and Spiti,district,geoBoundaries/gbOpen/IND/ADM2/2021@8bef6929fd65432e7dc775e7c44473e84efff064ebddbfd6b834e6291546db40,matched,76128533B75359793481950,159.932,S1,interim_s1_only,s1_interim,aoi,pending,track_b_not_run,,159.932,7.8079,,,,,,,,,no-sits,True,63.5,0.3053,-16.25,False,BOTH,8.0,21.0,475.4647,0.4814,1.5674,13839.679584293348,159.932,S1,no_optical_s1,fs1-3016a20fd3ad
E134::sahibganj,E134,2021-0435-IND,2021-06-01,Jharkhand,Sahibganj,district,FAO/GAUL/2015/level2,matched,70154,24.6254,S1,interim_s1_only,s1_interim,aoi,pending,track_b_not_run,,24.6254,29.7891,,,,,,,,,no-sits,True,2.6,0.9696,-15.25,False,BOTH,3.0,8.0,1537.1202,42.5681,1045.6172,2203.455310809673,24.6254,S1,no_optical_s1,fs1-3016a20fd3ad
E135::bagalkot,E135,2021-0435-IND,2021-06-01,Karnataka,Bagalkot,district,FAO/GAUL/2015/level2,matched,70157,248.5208,S1,interim_s1_only,s1_interim,aoi,pending,track_b_not_run,,248.5208,18.8432,,,,,,,,,no-sits,True,24.8,0.7487,-16.0,True,DESCENDING,2.0,16.0,5858.5775,115.598,4194.2864,6575.100985988591,248.5208,S1,no_optical_s1,fs1-3016a20fd3ad
E135::belagavi,E135,2021-0435-IND,2021-06-01,Karnataka,Belagavi,district,geoBoundaries/gbOpen/IND/ADM2/2021@8bef6929fd65432e7dc775e7c44473e84efff064ebddbfd6b834e6291546db40,matched,76128533B74319098136622,162.7489,S1,interim_s1_only,s1_interim,aoi,pending,track_b_not_run,,162.7489,31.5177,,,,,,,,,no-sits,True,21.3,0.801,-16.0,True,DESCENDING,4.0,17.0,10911.9771,215.1324,7249.3894,13437.79374447446,162.7489,S1,no_optical_s1,fs1-3016a20fd3ad
E135::chikkamagaluru,E135,2021-0435-IND,2021-06-01,Karnataka,Chikkamagaluru,district,geoBoundaries/gbOpen/IND/ADM2/2021@8bef6929fd65432e7dc775e7c44473e84efff064ebddbfd6b834e6291546db40,matched,76128533B15550697205080,28.0311,S1,interim_s1_only,s1_interim,aoi,pending,track_b_not_run,,28.0311,5.2965,,,,,,,,,no-sits,True,38.0,0.7118,-16.0,True,BOTH,2.0,6.0,3145.504,67.1392,1109.3502,6937.325023111647,28.0311,S1,no_optical_s1,fs1-3016a20fd3ad
E135::davanagere,E135,2021-0435-IND,2021-06-01,Karnataka,Davanagere,district,FAO/GAUL/2015/level2,matched,70162,60.5097,S1,interim_s1_only,s1_interim,aoi,pending,track_b_not_run,,60.5097,16.0569,,,,,,,,,no-sits,True,32.6,0.6847,-16.0,True,BOTH,4.0,7.0,5327.5163,133.3864,3442.8041,6632.831187518178,60.5097,S1,no_optical_s1,fs1-3016a20fd3ad
E135::dharwad,E135,2021-0435-IND,2021-06-01,Karnataka,Dharwad,district,FAO/GAUL/2015/level2,matched,17686,98.8733,S1,interim_s1_only,s1_interim,aoi,pending,track_b_not_run,,98.8733,37.118,,,,,,,,,no-sits,True,35.3,0.6457,-16.0,True,BOTH,3.0,11.0,3831.7745,104.9422,3079.6481,4276.067791973122,98.8733,S1,no_optical_s1,fs1-3016a20fd3ad
E135::gadag,E135,2021-0435-IND,2021-06-01,Karnataka,Gadag,district,FAO/GAUL/2015/level2,matched,70163,333.1778,S1,interim_s1_only,s1_interim,aoi,pending,track_b_not_run,,333.1778,45.3745,,,,,,,,,no-sits,True,30.4,0.6869,-16.0,True,BOTH,3.0,8.0,4305.9468,80.2726,3592.692,4647.273331660636,333.1778,S1,no_optical_s1,fs1-3016a20fd3ad
E135::haveri,E135,2021-0435-IND,2021-06-01,Karnataka,Haveri,district,FAO/GAUL/2015/level2,matched,70164,63.2639,S1,interim_s1_only,s1_interim,aoi,pending,track_b_not_run,,63.2639,34.8708,,,,,,,,,no-sits,True,30.2,0.694,-16.0,True,BOTH,3.0,4.0,4422.6993,102.0171,3538.7763,4811.456144597108,63.2639,S1,no_optical_s1,fs1-3016a20fd3ad
E135::kodagu,E135,2021-0435-IND,2021-06-01,Karnataka,Kodagu,district,FAO/GAUL/2015/level2,matched,17689,1.0469,S1,interim_s1_only,s1_interim,aoi,pending,track_b_not_run,,1.0469,0.3655,,,,,,,,,no-sits,True,71.3,0.2062,-16.0,True,BOTH,4.0,5.0,1106.2873,13.0068,95.1679,4111.781559839673,1.0469,S1,no_optical_s1,fs1-3016a20fd3ad
E135::shivamogga,E135,2021-0435-IND,2021-06-01,Karnataka,Shivamogga,district,geoBoundaries/gbOpen/IND/ADM2/2021@8bef6929fd65432e7dc775e7c44473e84efff064ebddbfd6b834e6291546db40,matched,76128533B85389886560116,14.6394,S1,interim_s1_only,s1_interim,aoi,pending,track_b_not_run,,14.6394,1.5156,,,,,,,,,no-sits,True,65.7,0.4141,-16.0,True,BOTH,5.0,5.0,4753.5743,81.2488,1380.4865,8475.375992282,14.6394,S1,no_optical_s1,fs1-3016a20fd3ad
E135::uttara%20kannada,E135,2021-0435-IND,2021-06-01,Karnataka,Uttara Kannada,district,geoBoundaries/gbOpen/IND/ADM2/2021@8bef6929fd65432e7dc775e7c44473e84efff064ebddbfd6b834e6291546db40,matched,76128533B79180273895456,9.154,S1,interim_s1_only,s1_interim,aoi,pending,track_b_not_run,,9.154,4.2377,,,,,,,,,no-sits,True,52.7,0.475,-16.0,True,BOTH,6.0,10.0,4002.0244,32.4361,576.3425,10404.181767075685,9.154,S1,no_optical_s1,fs1-3016a20fd3ad
E136::pune,E136,2021-0435-IND,2021-06-01,Maharashtra,Pune,district,FAO/GAUL/2015/level2,matched,17776,48.4414,S1,interim_s1_only,s1_interim,aoi,pending,track_b_not_run,,48.4414,39.4527,,,,,,,,,no-sits,True,28.4,0.7502,-16.0,True,DESCENDING,4.0,25.0,10303.2933,728.4543,6115.6464,15649.899791716924,48.4414,S1,no_optical_s1,fs1-3016a20fd3ad
E136::raigarh,E136,2021-0435-IND,2021-06-01,Maharashtra,Raigarh,district,FAO/GAUL/2015/level2,matched,17777,17.8941,S1,interim_s1_only,s1_interim,aoi,pending,track_b_not_run,,17.8941,38.9961,,,,,,,,,no-sits,True,14.5,0.908,-16.0,True,DESCENDING,2.0,30.0,2805.455,117.9149,1253.0129,6912.842748779044,17.8941,S1,no_optical_s1,fs1-3016a20fd3ad
E136::ratnagiri,E136,2021-0435-IND,2021-06-01,Maharashtra,Ratnagiri,district,FAO/GAUL/2015/level2,matched,17778,6.2369,S1,interim_s1_only,s1_interim,aoi,pending,track_b_not_run,,6.2369,6.1441,,,,,,,,,no-sits,True,72.4,0.2953,-16.0,True,DESCENDING,4.0,17.0,2431.7672,30.6964,287.6809,8501.126377449938,6.2369,S1,no_optical_s1,fs1-3016a20fd3ad
E136::satara,E136,2021-0435-IND,2021-06-01,Maharashtra,Satara,district,FAO/GAUL/2015/level2,matched,17781,13.4175,S1,interim_s1_only,s1_interim,aoi,pending,track_b_not_run,,13.4175,13.1856,,,,,,,,,no-sits,True,36.3,0.6771,-16.0,True,DESCENDING,2.0,12.0,6563.2479,235.9561,3725.5248,10502.605850168617,13.4175,S1,no_optical_s1,fs1-3016a20fd3ad
E137::bageshwar,E137,2021-0435-IND,2021-06-01,Uttarakhand,Bageshwar,district,FAO/GAUL/2015/level2,matched,70281,2.8345,S1,interim_s1_only,s1_interim,aoi,pending,track_b_not_run,,2.8345,0.0328,,,,,,,,,no-sits,True,54.5,0.5104,-16.75,False,BOTH,4.0,4.0,38.1041,1.0387,9.0154,2283.823715697251,2.8345,S1,no_optical_s1,fs1-3016a20fd3ad
E137::chamoli,E137,2021-0435-IND,2021-06-01,Uttarakhand,Chamoli,district,FAO/GAUL/2015/level2,matched,70282,51.5134,S1,interim_s1_only,s1_interim,aoi,pending,track_b_not_run,,51.5134,0.0572,,,,,,,,,no-sits,True,72.7,0.1192,-16.25,False,BOTH,8.0,7.0,146.7279,0.8906,3.6667,7838.316284013912,51.5134,S1,no_optical_s1,fs1-3016a20fd3ad
E137::dehradun,E137,2021-0435-IND,2021-06-01,Uttarakhand,Dehradun,district,FAO/GAUL/2015/level2,matched,17903,43.6494,S1,interim_s1_only,s1_interim,aoi,pending,track_b_not_run,,43.6494,3.4353,,,,,,,,,no-sits,True,0.3,0.9999,-13.75,False,BOTH,7.0,11.0,982.9091,116.2416,246.4921,3070.1655325092884,43.6494,S1,no_optical_s1,fs1-3016a20fd3ad
E137::pithoragarh,E137,2021-0435-IND,2021-06-01,Uttarakhand,Pithoragarh,district,FAO/GAUL/2015/level2,matched,17932,14.8467,S1,interim_s1_only,s1_interim,aoi,pending,track_b_not_run,,14.8467,0.0695,,,,,,,,,no-sits,True,70.4,0.2319,-16.25,False,BOTH,8.0,12.0,107.4879,1.9764,9.4874,7209.480621522472,14.8467,S1,no_optical_s1,fs1-3016a20fd3ad
E137::uttarkashi,E137,2021-0435-IND,2021-06-01,Uttarakhand,Uttarkashi,district,FAO/GAUL/2015/level2,matched,70289,26.4347,S1,interim_s1_only,s1_interim,aoi,pending,track_b_not_run,,26.4347,1.6335,,,,,,,,,no-sits,True,25.9,0.3807,-16.25,False,BOTH,6.0,19.0,119.6664,1.255,10.0256,6642.1631687539975,26.4347,S1,no_optical_s1,fs1-3016a20fd3ad
E138::east%20medinipur,E138,2021-0435-IND,2021-06-01,West Bengal,East Medinipur,district,geoBoundaries/gbOpen/IND/ADM2/2021@8bef6929fd65432e7dc775e7c44473e84efff064ebddbfd6b834e6291546db40,matched,76128533B25373378863054,228.209,S1,interim_s1_only,s1_interim,aoi,pending,track_b_not_run,,228.209,288.288,,,,,,,,,no-sits,True,7.7,0.9569,-14.75,False,BOTH,5.0,8.0,3810.954,59.7046,1964.4832,4206.535570896404,228.209,S1,no_optical_s1,fs1-3016a20fd3ad
E138::hooghly,E138,2021-0435-IND,2021-06-01,West Bengal,Hooghly,district,geoBoundaries/gbOpen/IND/ADM2/2021@8bef6929fd65432e7dc775e7c44473e84efff064ebddbfd6b834e6291546db40,matched,76128533B81857725777974,21.0256,S1,interim_s1_only,s1_interim,aoi,pending,track_b_not_run,,21.0256,64.6916,,,,,,,,,no-sits,True,2.0,0.985,-16.0,True,BOTH,3.0,8.0,2927.0037,138.7557,1939.6779,3153.550053477295,21.0256,S1,no_optical_s1,fs1-3016a20fd3ad
E138::west%20medinipur,E138,2021-0435-IND,2021-06-01,West Bengal,West Medinipur,district,geoBoundaries/gbOpen/IND/ADM2/2021@8bef6929fd65432e7dc775e7c44473e84efff064ebddbfd6b834e6291546db40,matched,76128533B88812350838807,49.4802,S1,interim_s1_only,s1_interim,aoi,pending,track_b_not_run,,49.4802,96.0488,,,,,,,,,no-sits,True,2.6,0.9725,-16.0,True,BOTH,4.0,8.0,6123.409,83.5966,3685.2655,6284.990303075887,49.4802,S1,no_optical_s1,fs1-3016a20fd3ad
E139::bongaigaon,E139,2021-0366-IND,2021-07-01,Assam,Bongaigaon,district,FAO/GAUL/2015/level2,matched,70086,148.4536,S1,interim_s1_only,s1_interim,aoi,pending,track_b_not_run,,148.4536,5.362,,,,,,,,,no-sits,True,73.2,0.2766,-15.75,False,BOTH,5.0,1.0,1849.5033,30.7452,701.4281,2332.582799042809,148.4536,S1,no_optical_s1,fs1-3016a20fd3ad
E139::chirang,E139,2021-0366-IND,2021-07-01,Assam,Chirang,district,geoBoundaries/gbOpen/IND/ADM2/2021@8bef6929fd65432e7dc775e7c44473e84efff064ebddbfd6b834e6291546db40,matched,76128533B56012535339305,44.1198,S1,interim_s1_only,s1_interim,aoi,pending,track_b_not_run,,44.1198,8.0569,,,,,,,,,no-sits,True,48.6,0.4832,-16.0,True,BOTH,5.0,1.0,1479.252,14.0007,493.708,1586.6528982343073,44.1198,S1,no_optical_s1,fs1-3016a20fd3ad
E139::dhemaji,E139,2021-0366-IND,2021-07-01,Assam,Dhemaji,district,FAO/GAUL/2015/level2,matched,70087,98.6379,S1,interim_s1_only,s1_interim,aoi,pending,track_b_not_run,,98.6379,6.9265,,,,,,,,,no-sits,True,75.4,0.1483,-14.75,False,BOTH,3.0,3.0,2240.4877,21.9993,1222.1808,2503.3476339074205,98.6379,S1,no_optical_s1,fs1-3016a20fd3ad
E139::dibrugarh,E139,2021-0366-IND,2021-07-01,Assam,Dibrugarh,district,FAO/GAUL/2015/level2,matched,17580,91.8003,S1,interim_s1_only,s1_interim,aoi,pending,track_b_not_run,,91.8003,8.4406,,,,,,,,,no-sits,True,59.3,0.3165,-16.25,False,BOTH,3.0,5.0,2887.5515,56.4443,1158.2783,3397.4818067287138,91.8003,S1,no_optical_s1,fs1-3016a20fd3ad
E140::lahaul%20and%20spiti,E140,2021-0458-IND,2021-07-28,Himachal Pradesh,Lahaul and Spiti,district,geoBoundaries/gbOpen/IND/ADM2/2021@8bef6929fd65432e7dc775e7c44473e84efff064ebddbfd6b834e6291546db40,matched,76128533B75359793481950,33.1474,S1,interim_s1_only,s1_interim,aoi,pending,track_b_not_run,,33.1474,17.9554,,,,,,,,,no-sits,True,55.5,0.3408,-15.25,False,BOTH,10.0,16.0,475.4647,0.4814,1.5674,13839.679584293348,33.1474,S1,no_optical_s1,fs1-3016a20fd3ad
E141::anantnag,E141,2021-0458-IND,2021-07-28,Jammu and Kashmir,Anantnag,district,geoBoundaries/gbOpen/IND/ADM2/2021@8bef6929fd65432e7dc775e7c44473e84efff064ebddbfd6b834e6291546db40,matched,76128533B6393836306469,21.4981,S1,interim_s1_only,s1_interim,aoi,pending,track_b_not_run,,21.4981,2.7134,,,,,,,,,no-sits,True,15.7,0.9898,-14.25,False,BOTH,4.0,8.0,460.8518,33.1089,180.894,2744.702711002116,21.4981,S1,no_optical_s1,fs1-3016a20fd3ad
E141::bandipora,E141,2021-0458-IND,2021-07-28,Jammu and Kashmir,Bandipora,district,geoBoundaries/gbOpen/IND/ADM2/2021@8bef6929fd65432e7dc775e7c44473e84efff064ebddbfd6b834e6291546db40,matched,76128533B41744580856133,42.3163,S1,interim_s1_only,s1_interim,aoi,pending,track_b_not_run,,42.3163,8.0602,,,,,,,,,no-sits,True,5.6,0.9941,-14.75,False,BOTH,5.0,20.0,403.7405,20.8784,178.8269,2983.0559101124977,42.3163,S1,no_optical_s1,fs1-3016a20fd3ad
E141::ganderbal,E141,2021-0458-IND,2021-07-28,Jammu and Kashmir,Ganderbal,district,geoBoundaries/gbOpen/IND/ADM2/2021@8bef6929fd65432e7dc775e7c44473e84efff064ebddbfd6b834e6291546db40,matched,76128533B20504715877560,13.3026,S1,interim_s1_only,s1_interim,aoi,pending,track_b_not_run,,13.3026,1.5852,,,,,,,,,no-sits,True,10.9,0.9883,-14.75,False,BOTH,4.0,20.0,213.6741,19.3483,84.3425,1447.329423481058,13.3026,S1,no_optical_s1,fs1-3016a20fd3ad
E141::kishtwar,E141,2021-0458-IND,2021-07-28,Jammu and Kashmir,Kishtwar,district,geoBoundaries/gbOpen/IND/ADM2/2021@8bef6929fd65432e7dc775e7c44473e84efff064ebddbfd6b834e6291546db40,matched,76128533B20458430922604,9.5612,S1,interim_s1_only,s1_interim,aoi,pending,track_b_not_run,,9.5612,7.1392,,,,,,,,,no-sits,True,48.5,0.3874,-15.75,False,BOTH,6.0,12.0,174.7565,1.6339,4.3869,7915.862636956913,9.5612,S1,no_optical_s1,fs1-3016a20fd3ad
E142::devbhumi%20dwarka,E142,2021-0585-IND,2021-09-13,Gujarat,Devbhumi Dwarka,district,geoBoundaries/gbOpen/IND/ADM2/2021@8bef6929fd65432e7dc775e7c44473e84efff064ebddbfd6b834e6291546db40,matched,76128533B74381554567803,90.3887,S1,interim_s1_only,s1_interim,aoi,pending,track_b_not_run,,90.3887,61.6111,,,,,,,,,no-sits,True,41.4,0.5282,-14.25,False,DESCENDING,3.0,10.0,3892.1695,64.967,2753.5877,4320.429272751359,90.3887,S1,no_optical_s1,fs1-3016a20fd3ad
E142::gir%20somnath,E142,2021-0585-IND,2021-09-13,Gujarat,Gir Somnath,district,geoBoundaries/gbOpen/IND/ADM2/2021@8bef6929fd65432e7dc775e7c44473e84efff064ebddbfd6b834e6291546db40,matched,76128533B45037556977273,26.4186,S1,interim_s1_only,s1_interim,aoi,pending,track_b_not_run,,26.4186,9.03,,,,,,,,,no-sits,True,59.9,0.3516,-14.75,False,DESCENDING,1.0,10.0,3075.7366,79.0274,1469.8178,3780.874903082649,26.4186,S1,no_optical_s1,fs1-3016a20fd3ad
E142::jamnagar,E142,2021-0585-IND,2021-09-13,Gujarat,Jamnagar,district,FAO/GAUL/2015/level2,matched,17641,287.4083,S1,interim_s1_only,s1_interim,aoi,pending,track_b_not_run,,287.4083,118.1803,,,,,,,,,no-sits,True,60.2,0.3557,-14.75,False,DESCENDING,3.0,15.0,9782.7889,220.7431,7204.7679,10822.719279552311,287.4083,S1,no_optical_s1,fs1-3016a20fd3ad
E142::junagadh,E142,2021-0585-IND,2021-09-13,Gujarat,Junagadh,district,FAO/GAUL/2015/level2,matched,17642,118.297,S1,interim_s1_only,s1_interim,aoi,pending,track_b_not_run,,118.297,37.3917,,,,,,,,,no-sits,True,51.1,0.3414,-16.0,True,DESCENDING,3.0,14.0,7214.2731,184.1183,4731.3894,8217.26323932205,118.297,S1,no_optical_s1,fs1-3016a20fd3ad
E142::morbi,E142,2021-0585-IND,2021-09-13,Gujarat,Morbi,district,geoBoundaries/gbOpen/IND/ADM2/2021@8bef6929fd65432e7dc775e7c44473e84efff064ebddbfd6b834e6291546db40,matched,76128533B2080752988715,58.0531,S1,interim_s1_only,s1_interim,aoi,pending,track_b_not_run,,58.0531,35.2243,,,,,,,,,no-sits,True,28.0,0.6663,-16.0,True,DESCENDING,3.0,6.0,4598.5249,124.0588,3448.1215,4845.388822156085,58.0531,S1,no_optical_s1,fs1-3016a20fd3ad
E142::porbandar,E142,2021-0585-IND,2021-09-13,Gujarat,Porbandar,district,FAO/GAUL/2015/level2,matched,70130,362.4826,S1,interim_s1_only,s1_interim,aoi,pending,track_b_not_run,,362.4826,147.1384,,,,,,,,,no-sits,True,49.9,0.4176,-16.25,False,DESCENDING,3.0,5.0,2208.7117,50.5005,1611.7904,2369.3926933976804,362.4826,S1,no_optical_s1,fs1-3016a20fd3ad
E142::rajkot,E142,2021-0585-IND,2021-09-13,Gujarat,Rajkot,district,FAO/GAUL/2015/level2,matched,17647,127.9755,S1,interim_s1_only,s1_interim,aoi,pending,track_b_not_run,,127.9755,36.8318,,,,,,,,,no-sits,True,64.1,0.3022,-16.0,True,DESCENDING,4.0,11.0,10594.8875,362.83,8303.7985,11175.751593133718,127.9755,S1,no_optical_s1,fs1-3016a20fd3ad
E142::valsad,E142,2021-0585-IND,2021-09-13,Gujarat,Valsad,district,FAO/GAUL/2015/level2,matched,17653,12.2083,S1,interim_s1_only,s1_interim,aoi,pending,track_b_not_run,,12.2083,3.6688,,,,,,,,,no-sits,True,58.5,0.2464,-16.0,True,DESCENDING,2.0,9.0,1750.257,77.2798,538.7598,3025.875446392478,12.2083,S1,no_optical_s1,fs1-3016a20fd3ad
E143::alappuzha,E143,2021-0677-IND,2021-10-11,Kerala,Alappuzha,district,FAO/GAUL/2015/level2,matched,70298,34.5955,S1,interim_s1_only,s1_interim,aoi,pending,track_b_not_run,,34.5955,43.6861,,,,,,,,,no-sits,True,51.2,0.3987,-16.0,True,DESCENDING,2.0,5.0,1087.5384,57.0297,179.2239,1316.6907112011845,34.5955,S1,no_optical_s1,fs1-3016a20fd3ad
E143::idukki,E143,2021-0677-IND,2021-10-11,Kerala,Idukki,district,FAO/GAUL/2015/level2,matched,17700,1.1007,S1,interim_s1_only,s1_interim,aoi,pending,track_b_not_run,,1.1007,2.2115,,,,,,,,,no-sits,True,27.9,0.6491,-16.0,True,DESCENDING,1.0,6.0,480.7175,10.6658,2.9577,5010.411036324633,1.1007,S1,no_optical_s1,fs1-3016a20fd3ad
E143::kollam,E143,2021-0677-IND,2021-10-11,Kerala,Kollam,district,FAO/GAUL/2015/level2,matched,17707,1.9568,S1,interim_s1_only,s1_interim,aoi,pending,track_b_not_run,,1.9568,0.6364,,,,,,,,,no-sits,True,65.4,0.2156,-16.0,True,DESCENDING,2.0,6.0,826.5589,62.5206,8.5656,2363.0186325698423,1.9568,S1,no_optical_s1,fs1-3016a20fd3ad
E143::kottayam,E143,2021-0677-IND,2021-10-11,Kerala,Kottayam,district,FAO/GAUL/2015/level2,matched,17702,36.6517,S1,interim_s1_only,s1_interim,aoi,pending,track_b_not_run,,36.6517,24.4796,,,,,,,,,no-sits,True,45.8,0.4336,-16.0,True,DESCENDING,1.0,3.0,887.901,35.5396,145.0252,2143.385583622296,36.6517,S1,no_optical_s1,fs1-3016a20fd3ad
E143::pathanamthitta,E143,2021-0677-IND,2021-10-11,Kerala,Pathanamthitta,district,geoBoundaries/gbOpen/IND/ADM2/2021@8bef6929fd65432e7dc775e7c44473e84efff064ebddbfd6b834e6291546db40,matched,76128533B29330052395581,3.0006,S1,interim_s1_only,s1_interim,aoi,pending,track_b_not_run,,3.0006,5.6932,,,,,,,,,no-sits,True,53.6,0.5456,-16.0,True,DESCENDING,2.0,3.0,492.0105,19.2664,16.1956,2663.6118314901764,3.0006,S1,no_optical_s1,fs1-3016a20fd3ad
E143::thiruvananthapuram,E143,2021-0677-IND,2021-10-11,Kerala,Thiruvananthapuram,district,FAO/GAUL/2015/level2,matched,17709,0.856,S1,interim_s1_only,s1_interim,aoi,pending,track_b_not_run,,0.856,2.0458,,,,,,,,,no-sits,True,43.4,0.6078,-16.0,True,DESCENDING,1.0,3.0,719.775,81.6711,4.6289,2047.560453755721,0.856,S1,no_optical_s1,fs1-3016a20fd3ad
E144::nainital,E144,2021-0681-IND,2021-10-18,Uttarakhand,Nainital,district,FAO/GAUL/2015/level2,matched,70285,6.9809,S1,interim_s1_only,s1_interim,aoi,pending,track_b_not_run,,6.9809,13.7087,,,,,,,,,no-sits,True,0.0,1.0,-16.0,True,BOTH,7.0,4.0,1382.9492,42.2851,260.4191,4068.963433579816,6.9809,S1,no_optical_s1,fs1-3016a20fd3ad
E145::ariyalur,E145,2021-0722-IND,2021-11-06,Tamil Nadu,Ariyalur,district,FAO/GAUL/2015/level2,matched,70241,68.6166,S1,interim_s1_only,s1_interim,aoi,pending,track_b_not_run,,68.6166,,,,,,,,,,no-sits,False,100.0,,-16.0,True,BOTH,3.0,0.0,1912.6981,49.2719,844.6199,1958.3064553750903,68.6166,S1,no_optical_s1,fs1-3016a20fd3ad
E145::chengalpattu,E145,2021-0722-IND,2021-11-06,Tamil Nadu,Chengalpattu,district,geoBoundaries/gbOpen/IND/ADM2/2021@8bef6929fd65432e7dc775e7c44473e84efff064ebddbfd6b834e6291546db40,matched,76128533B88669134807148,79.8628,S1,interim_s1_only,s1_interim,aoi,pending,track_b_not_run,,79.8628,10.0465,,,,,,,,,no-sits,True,73.8,0.2595,-14.25,False,BOTH,2.0,3.0,1659.3045,137.2922,795.2988,1747.8224548823348,79.8628,S1,no_optical_s1,fs1-3016a20fd3ad
E145::chennai,E145,2021-0722-IND,2021-11-06,Tamil Nadu,Chennai,district,FAO/GAUL/2015/level2,matched,70242,0.4683,S1,interim_s1_only,s1_interim,aoi,pending,track_b_not_run,,0.4683,0.1117,,,,,,,,,no-sits,True,91.6,0.0819,-16.0,True,DESCENDING,1.0,1.0,182.9401,135.358,2.0446,196.63088221019876,0.4683,S1,no_optical_s1,fs1-3016a20fd3ad
E145::coimbatore,E145,2021-0722-IND,2021-11-06,Tamil Nadu,Coimbatore,district,FAO/GAUL/2015/level2,matched,17867,4.892,S1,interim_s1_only,s1_interim,aoi,pending,track_b_not_run,,4.892,8.5494,,,,,,,,,no-sits,True,41.3,0.597,-16.0,True,DESCENDING,2.0,5.0,5271.3636,666.128,1358.6982,7435.549976623285,4.892,S1,no_optical_s1,fs1-3016a20fd3ad
E145::cuddalore,E145,2021-0722-IND,2021-11-06,Tamil Nadu,Cuddalore,district,FAO/GAUL/2015/level2,matched,70243,158.8376,S1,interim_s1_only,s1_interim,aoi,pending,track_b_not_run,,158.8376,0.296,,,,,,,,,no-sits,True,98.9,0.0113,-13.75,False,BOTH,4.0,1.0,3614.8545,154.6486,1853.457,3834.148317022688,158.8376,S1,no_optical_s1,fs1-3016a20fd3ad
E145::dharmapuri,E145,2021-0722-IND,2021-11-06,Tamil Nadu,Dharmapuri,district,FAO/GAUL/2015/level2,matched,17868,17.6702,S1,interim_s1_only,s1_interim,aoi,pending,track_b_not_run,,17.6702,,,,,,,,,,no-sits,False,100.0,,-16.0,True,DESCENDING,4.0,0.0,6285.9501,252.6611,3106.4281,9684.922166393157,17.6702,S1,no_optical_s1,fs1-3016a20fd3ad
E145::dindigul,E145,2021-0722-IND,2021-11-06,Tamil Nadu,Dindigul,district,FAO/GAUL/2015/level2,matched,17877,13.474,S1,interim_s1_only,s1_interim,aoi,pending,track_b_not_run,,13.474,14.8471,,,,,,,,,no-sits,True,19.1,0.7135,-16.0,True,DESCENDING,4.0,4.0,3778.4261,175.1346,1775.6066,6081.469626741037,13.474,S1,no_optical_s1,fs1-3016a20fd3ad
E145::erode,E145,2021-0722-IND,2021-11-06,Tamil Nadu,Erode,district,FAO/GAUL/2015/level2,matched,17875,11.3287,S1,interim_s1_only,s1_interim,aoi,pending,track_b_not_run,,11.3287,9.3633,,,,,,,,,no-sits,True,58.2,0.5051,-16.0,True,DESCENDING,2.0,6.0,6096.5449,388.4827,2189.3205,8207.833450241802,11.3287,S1,no_optical_s1,fs1-3016a20fd3ad
E145::kallakurichi,E145,2021-0722-IND,2021-11-06,Tamil Nadu,Kallakurichi,district,geoBoundaries/gbOpen/IND/ADM2/2021@8bef6929fd65432e7dc775e7c44473e84efff064ebddbfd6b834e6291546db40,matched,76128533B19545859035458,63.4972,S1,interim_s1_only,s1_interim,aoi,pending,track_b_not_run,,63.4972,0.0,,,,,,,,,no-sits,True,100.0,0.0,-16.0,True,BOTH,3.0,2.0,2612.5217,76.1487,1507.3239,3245.170359418769,63.4972,S1,no_optical_s1,fs1-3016a20fd3ad
E145::kanchipuram,E145,2021-0722-IND,2021-11-06,Tamil Nadu,Kanchipuram,district,geoBoundaries/gbOpen/IND/ADM2/2021@8bef6929fd65432e7dc775e7c44473e84efff064ebddbfd6b834e6291546db40,matched,76128533B83644689337946,229.2997,S1,interim_s1_only,s1_interim,aoi,pending,track_b_not_run,,229.2997,40.6252,,,,,,,,,no-sits,True,56.8,0.4321,-14.75,False,BOTH,2.0,4.0,2537.7135,241.5841,1007.6205,2731.115914393623,229.2997,S1,no_optical_s1,fs1-3016a20fd3ad
E145::kanyakumari,E145,2021-0722-IND,2021-11-06,Tamil Nadu,Kanyakumari,district,geoBoundaries/gbOpen/IND/ADM2/2021@8bef6929fd65432e7dc775e7c44473e84efff064ebddbfd6b834e6291546db40,matched,76128533B53796141759805,12.6722,S1,interim_s1_only,s1_interim,aoi,pending,track_b_not_run,,12.6722,1.6061,,,,,,,,,no-sits,True,96.8,0.0201,-16.0,True,DESCENDING,2.0,2.0,754.9815,59.3534,65.719,1731.6509313616805,12.6722,S1,no_optical_s1,fs1-3016a20fd3ad
E145::karur,E145,2021-0722-IND,2021-11-06,Tamil Nadu,Karur,district,FAO/GAUL/2015/level2,matched,70245,9.0029,S1,interim_s1_only,s1_interim,aoi,pending,track_b_not_run,,9.0029,7.5114,,,,,,,,,no-sits,True,13.8,0.855,-16.0,True,DESCENDING,2.0,6.0,2709.8554,117.5202,1302.2628,2900.724851309244,9.0029,S1,no_optical_s1,fs1-3016a20fd3ad
E145::krishnagiri,E145,2021-0722-IND,2021-11-06,Tamil Nadu,Krishnagiri,district,geoBoundaries/gbOpen/IND/ADM2/2021@8bef6929fd65432e7dc775e7c44473e84efff064ebddbfd6b834e6291546db40,matched,76128533B35717069663408,5.1035,S1,interim_s1_only,s1_interim,aoi,pending,track_b_not_run,,5.1035,,,,,,,,,,no-sits,False,100.0,,-16.0,True,DESCENDING,2.0,0.0,3401.4593,156.9009,1593.3332,5026.624371104349,5.1035,S1,no_optical_s1,fs1-3016a20fd3ad
E145::madurai,E145,2021-0722-IND,2021-11-06,Tamil Nadu,Madurai,district,FAO/GAUL/2015/level2,matched,70246,32.4691,S1,interim_s1_only,s1_interim,aoi,pending,track_b_not_run,,32.4691,5.8565,,,,,,,,,no-sits,True,13.9,0.181,-16.0,True,DESCENDING,2.0,8.0,2958.5481,179.229,1500.2462,3702.726669804037,32.4691,S1,no_optical_s1,fs1-3016a20fd3ad
E145::mayiladuthurai,E145,2021-0722-IND,2021-11-06,Tamil Nadu,Mayiladuthurai,district,geoBoundaries/gbOpen/IND/ADM2/2021@8bef6929fd65432e7dc775e7c44473e84efff064ebddbfd6b834e6291546db40,matched,76128533B63176236753619,32.9114,S1,interim_s1_only,s1_interim,aoi,pending,track_b_not_run,,32.9114,,,,,,,,,,no-sits,False,100.0,,-16.0,True,BOTH,2.0,0.0,1127.1668,33.1711,651.4381,1174.077442614741,32.9114,S1,no_optical_s1,fs1-3016a20fd3ad
E145::nagapattinam,E145,2021-0722-IND,2021-11-06,Tamil Nadu,Nagapattinam,district,FAO/GAUL/2015/level2,matched,70247,263.2062,S1,interim_s1_only,s1_interim,aoi,pending,track_b_not_run,,263.2062,,,,,,,,,,no-sits,False,100.0,,-14.75,False,BOTH,2.0,0.0,4691.9213,114.8047,2911.4785,4937.704421608838,263.2062,S1,no_optical_s1,fs1-3016a20fd3ad
E145::namakkal,E145,2021-0722-IND,2021-11-06,Tamil Nadu,Namakkal,district,FAO/GAUL/2015/level2,matched,70248,12.7423,S1,interim_s1_only,s1_interim,aoi,pending,track_b_not_run,,12.7423,4.3321,,,,,,,,,no-sits,True,65.8,0.3969,-16.0,True,DESCENDING,2.0,3.0,2682.6536,208.8507,1364.667,3414.24793933839,12.7423,S1,no_optical_s1,fs1-3016a20fd3ad
E145::nilgiris,E145,2021-0722-IND,2021-11-06,Tamil Nadu,Nilgiris,district,FAO/GAUL/2015/level2,matched,17873,0.5422,S1,interim_s1_only,s1_interim,aoi,pending,track_b_not_run,,0.5422,0.3556,,,,,,,,,no-sits,True,79.5,0.1429,-16.0,True,DESCENDING,2.0,5.0,316.5457,6.3372,12.7524,2556.29022980388,0.5422,S1,no_optical_s1,fs1-3016a20fd3ad
E145::perambalur,E145,2021-0722-IND,2021-11-06,Tamil Nadu,Perambalur,district,FAO/GAUL/2015/level2,matched,70249,13.5506,S1,interim_s1_only,s1_interim,aoi,pending,track_b_not_run,,13.5506,0.0061,,,,,,,,,no-sits,True,99.5,0.0036,-16.0,True,DESCENDING,1.0,1.0,1563.5948,44.6542,1072.1359,1759.1102381935702,13.5506,S1,no_optical_s1,fs1-3016a20fd3ad
E145::pudukkottai,E145,2021-0722-IND,2021-11-06,Tamil Nadu,Pudukkottai,district,FAO/GAUL/2015/level2,matched,17876,124.5614,S1,interim_s1_only,s1_interim,aoi,pending,track_b_not_run,,124.5614,98.3646,,,,,,,,,no-sits,True,47.1,0.4934,-16.0,True,DESCENDING,2.0,5.0,4562.4374,139.7415,1783.9588,4709.377629855288,124.5614,S1,no_optical_s1,fs1-3016a20fd3ad
E145::ramanathapuram,E145,2021-0722-IND,2021-11-06,Tamil Nadu,Ramanathapuram,district,FAO/GAUL/2015/level2,matched,17878,60.7057,S1,interim_s1_only,s1_interim,aoi,pending,track_b_not_run,,60.7057,154.2064,,,,,,,,,no-sits,True,12.1,0.8506,-16.0,True,DESCENDING,1.0,14.0,4050.3746,118.5638,1764.4047,4278.157270652974,60.7057,S1,no_optical_s1,fs1-3016a20fd3ad
E145::ranipet,E145,2021-0722-IND,2021-11-06,Tamil Nadu,Ranipet,district,geoBoundaries/gbOpen/IND/ADM2/2021@8bef6929fd65432e7dc775e7c44473e84efff064ebddbfd6b834e6291546db40,matched,76128533B22687502928564,59.1401,S1,interim_s1_only,s1_interim,aoi,pending,track_b_not_run,,59.1401,2.351,,,,,,,,,no-sits,True,94.7,0.0568,-13.75,False,DESCENDING,1.0,2.0,1794.6845,78.7246,1100.9447,1986.629305567598,59.1401,S1,no_optical_s1,fs1-3016a20fd3ad
E145::salem,E145,2021-0722-IND,2021-11-06,Tamil Nadu,Salem,district,FAO/GAUL/2015/level2,matched,17879,17.6457,S1,interim_s1_only,s1_interim,aoi,pending,track_b_not_run,,17.6457,1.1309,,,,,,,,,no-sits,True,92.8,0.0784,-16.0,True,DESCENDING,2.0,3.0,3418.8695,267.9981,1681.1812,5230.961119330676,17.6457,S1,no_optical_s1,fs1-3016a20fd3ad
E145::sivagangai,E145,2021-0722-IND,2021-11-06,Tamil Nadu,Sivagangai,district,geoBoundaries/gbOpen/IND/ADM2/2021@8bef6929fd65432e7dc775e7c44473e84efff064ebddbfd6b834e6291546db40,matched,76128533B89925537847414,65.5522,S1,interim_s1_only,s1_interim,aoi,pending,track_b_not_run,,65.5522,89.738,,,,,,,,,no-sits,True,9.5,0.6517,-16.0,True,DESCENDING,2.0,11.0,4072.4879,97.0059,1393.7801,4280.53346902515,65.5522,S1,no_optical_s1,fs1-3016a20fd3ad
E145::tenkasi,E145,2021-0722-IND,2021-11-06,Tamil Nadu,Tenkasi,district,geoBoundaries/gbOpen/IND/ADM2/2021@8bef6929fd65432e7dc775e7c44473e84efff064ebddbfd6b834e6291546db40,matched,76128533B27604563137530,62.1985,S1,interim_s1_only,s1_interim,aoi,pending,track_b_not_run,,62.1985,39.6377,,,,,,,,,no-sits,True,32.6,0.7346,-16.0,True,DESCENDING,4.0,5.0,2416.5276,104.2838,1215.4015,2880.477474023877,62.1985,S1,no_optical_s1,fs1-3016a20fd3ad
E145::thanjavur,E145,2021-0722-IND,2021-11-06,Tamil Nadu,Thanjavur,district,FAO/GAUL/2015/level2,matched,17881,125.278,S1,interim_s1_only,s1_interim,aoi,pending,track_b_not_run,,125.278,5.7537,,,,,,,,,no-sits,True,94.0,0.0609,-16.0,True,BOTH,3.0,1.0,3289.6115,138.0814,1737.4449,3405.566823416965,125.278,S1,no_optical_s1,fs1-3016a20fd3ad
E145::theni,E145,2021-0722-IND,2021-11-06,Tamil Nadu,Theni,district,FAO/GAUL/2015/level2,matched,70250,8.5381,S1,interim_s1_only,s1_interim,aoi,pending,track_b_not_run,,8.5381,9.8154,,,,,,,,,no-sits,True,35.1,0.7305,-16.0,True,DESCENDING,1.0,2.0,1524.7981,73.2003,669.2332,2856.8492311065897,8.5381,S1,no_optical_s1,fs1-3016a20fd3ad
E145::thoothukudi,E145,2021-0722-IND,2021-11-06,Tamil Nadu,Thoothukudi,district,FAO/GAUL/2015/level2,matched,17866,112.3052,S1,interim_s1_only,s1_interim,aoi,pending,track_b_not_run,,112.3052,109.9504,,,,,,,,,no-sits,True,10.1,0.8964,-16.0,True,DESCENDING,4.0,8.0,4592.2261,181.188,2051.2903,4753.760490296577,112.3052,S1,no_optical_s1,fs1-3016a20fd3ad
E145::tiruchirappalli,E145,2021-0722-IND,2021-11-06,Tamil Nadu,Tiruchirappalli,district,geoBoundaries/gbOpen/IND/ADM2/2021@8bef6929fd65432e7dc775e7c44473e84efff064ebddbfd6b834e6291546db40,matched,76128533B1645877589145,97.5562,S1,interim_s1_only,s1_interim,aoi,pending,track_b_not_run,,97.5562,31.1271,,,,,,,,,no-sits,True,52.1,0.4651,-16.0,True,DESCENDING,3.0,3.0,3957.6916,195.4525,2102.4896,4524.2622324673775,97.5562,S1,no_optical_s1,fs1-3016a20fd3ad
E145::tirunelveli,E145,2021-0722-IND,2021-11-06,Tamil Nadu,Tirunelveli,district,geoBoundaries/gbOpen/IND/ADM2/2021@8bef6929fd65432e7dc775e7c44473e84efff064ebddbfd6b834e6291546db40,matched,76128533B52639434516056,112.1637,S1,interim_s1_only,s1_interim,aoi,pending,track_b_not_run,,112.1637,97.7623,,,,,,,,,no-sits,True,34.6,0.7284,-16.0,True,DESCENDING,3.0,3.0,2902.3671,151.7629,830.5332,3791.340968942823,112.1637,S1,no_optical_s1,fs1-3016a20fd3ad
E145::tirupattur,E145,2021-0722-IND,2021-11-06,Tamil Nadu,Tirupattur,district,geoBoundaries/gbOpen/IND/ADM2/2021@8bef6929fd65432e7dc775e7c44473e84efff064ebddbfd6b834e6291546db40,matched,76128533B11403491783632,2.4119,S1,interim_s1_only,s1_interim,aoi,pending,track_b_not_run,,2.4119,,,,,,,,,,no-sits,False,100.0,,-16.0,True,DESCENDING,2.0,0.0,1171.4124,56.1587,506.2312,1947.0368816738523,2.4119,S1,no_optical_s1,fs1-3016a20fd3ad
E145::tiruvallur,E145,2021-0722-IND,2021-11-06,Tamil Nadu,Tiruvallur,district,geoBoundaries/gbOpen/IND/ADM2/2021@8bef6929fd65432e7dc775e7c44473e84efff064ebddbfd6b834e6291546db40,matched,76128533B45592431373253,123.7679,S1,interim_s1_only,s1_interim,aoi,pending,track_b_not_run,,123.7679,49.3218,,,,,,,,,no-sits,True,63.2,0.3696,-14.25,False,DESCENDING,2.0,4.0,3048.361,269.3178,1432.4158,3391.9537715379174,123.7679,S1,no_optical_s1,fs1-3016a20fd3ad
E145::tiruvannamalai,E145,2021-0722-IND,2021-11-06,Tamil Nadu,Tiruvannamalai,district,FAO/GAUL/2015/level2,matched,70253,217.3267,S1,interim_s1_only,s1_interim,aoi,pending,track_b_not_run,,217.3267,7.2957,,,,,,,,,no-sits,True,92.5,0.088,-13.25,False,BOTH,2.0,2.0,4997.1822,120.7479,2871.9264,6207.479555086647,217.3267,S1,no_optical_s1,fs1-3016a20fd3ad
E145::tiruvarur,E145,2021-0722-IND,2021-11-06,Tamil Nadu,Tiruvarur,district,geoBoundaries/gbOpen/IND/ADM2/2021@8bef6929fd65432e7dc775e7c44473e84efff064ebddbfd6b834e6291546db40,matched,76128533B45072089356239,128.6342,S1,interim_s1_only,s1_interim,aoi,pending,track_b_not_run,,128.6342,,,,,,,,,,no-sits,False,100.0,,-14.25,False,BOTH,2.0,0.0,2166.9066,48.1779,1504.4672,2285.385478948947,128.6342,S1,no_optical_s1,fs1-3016a20fd3ad
E145::vellore,E145,2021-0722-IND,2021-11-06,Tamil Nadu,Vellore,district,FAO/GAUL/2015/level2,matched,70254,46.8953,S1,interim_s1_only,s1_interim,aoi,pending,track_b_not_run,,46.8953,2.5933,,,,,,,,,no-sits,True,98.3,0.0238,-16.0,True,DESCENDING,2.0,2.0,4245.7546,213.4006,2076.3206,6090.809604094498,46.8953,S1,no_optical_s1,fs1-3016a20fd3ad
E145::villupuram,E145,2021-0722-IND,2021-11-06,Tamil Nadu,Villupuram,district,FAO/GAUL/2015/level2,matched,70255,342.5173,S1,interim_s1_only,s1_interim,aoi,pending,track_b_not_run,,342.5173,25.3087,,,,,,,,,no-sits,True,89.2,0.1173,-14.25,False,BOTH,3.0,2.0,6262.7695,223.3539,3524.947,7328.713531089985,342.5173,S1,no_optical_s1,fs1-3016a20fd3ad
E145::virudhunagar,E145,2021-0722-IND,2021-11-06,Tamil Nadu,Virudhunagar,district,FAO/GAUL/2015/level2,matched,17869,28.457,S1,interim_s1_only,s1_interim,aoi,pending,track_b_not_run,,28.457,18.9337,,,,,,,,,no-sits,True,26.6,0.6448,-16.0,True,DESCENDING,2.0,5.0,3913.8888,195.3006,1793.7543,4306.978436820998,28.457,S1,no_optical_s1,fs1-3016a20fd3ad
E146::anantapur,E146,2021-0748-IND,2021-11-18,Andhra Pradesh,Anantapur,district,FAO/GAUL/2015/level2,matched,17548,159.3675,S1,interim_s1_only,s1_interim,aoi,pending,track_b_not_run,,159.3675,105.6616,,,,,,,,,no-sits,True,49.3,0.5034,-16.0,True,BOTH,5.0,11.0,15722.6691,296.0987,11831.6586,19296.69211755829,159.3675,S1,no_optical_s1,fs1-3016a20fd3ad
E146::chittoor,E146,2021-0748-IND,2021-11-18,Andhra Pradesh,Chittoor,district,FAO/GAUL/2015/level2,matched,17549,181.0263,S1,interim_s1_only,s1_interim,aoi,pending,track_b_not_run,,181.0263,159.4834,,,,,,,,,no-sits,True,65.8,0.3365,-16.0,True,DESCENDING,4.0,8.0,10158.7229,262.795,5250.4181,15225.848296260026,181.0263,S1,no_optical_s1,fs1-3016a20fd3ad
E146::nellore,E146,2021-0748-IND,2021-11-18,Andhra Pradesh,Nellore,district,FAO/GAUL/2015/level2,matched,17561,1272.6396,S1,interim_s1_only,s1_interim,aoi,pending,track_b_not_run,,1272.6396,1230.1926,,,,,,,,,no-sits,True,31.3,0.6362,-13.25,False,DESCENDING,4.0,17.0,11397.9217,213.537,5234.6417,13465.479193999116,1272.6396,S1,no_optical_s1,fs1-3016a20fd3ad
E146::ysr%20kadapa,E146,2021-0748-IND,2021-11-18,Andhra Pradesh,YSR Kadapa,district,geoBoundaries/gbOpen/IND/ADM2/2021@8bef6929fd65432e7dc775e7c44473e84efff064ebddbfd6b834e6291546db40,matched,76128533B72109128179340,146.1257,S1,interim_s1_only,s1_interim,aoi,pending,track_b_not_run,,146.1257,82.5597,,,,,,,,,no-sits,True,68.0,0.2433,-16.0,True,DESCENDING,4.0,6.0,10008.0209,205.878,5073.8184,15070.574780835612,146.1257,S1,no_optical_s1,fs1-3016a20fd3ad
E148::bajali,E148,2022-0293-IND,2022-05-17,Assam,Bajali,district,OpenStreetMap/snapshot/2026-09-12@8cb1b5a0d2a764b23e0ccb0417c0416f22a66ff04331c63ca1d37ef8cbb8cb01,matched,OSM:relation/16704179,76.6063,S1,interim_s1_only,s1_interim,aoi,pending,track_b_not_run,,76.6063,5.8633,,,,,,,,,no-sits,True,47.6,0.523,-14.75,False,BOTH,7.0,2.0,389.0165,9.5297,242.8461,413.0211318854061,76.6063,S1,no_optical_s1,fs1-3016a20fd3ad
E148::baksa,E148,2022-0293-IND,2022-05-17,Assam,Baksa,district,geoBoundaries/gbOpen/IND/ADM2/2021@8bef6929fd65432e7dc775e7c44473e84efff064ebddbfd6b834e6291546db40,matched,76128533B8221925175605,75.1596,S1,interim_s1_only,s1_interim,aoi,pending,track_b_not_run,,75.1596,3.8993,,,,,,,,,no-sits,True,64.0,0.3628,-16.0,True,BOTH,8.0,2.0,2223.2273,18.4823,1034.5191,2398.6209171216783,75.1596,S1,no_optical_s1,fs1-3016a20fd3ad
E148::barpeta,E148,2022-0293-IND,2022-05-17,Assam,Barpeta,district,FAO/GAUL/2015/level2,matched,17576,336.1254,S1,interim_s1_only,s1_interim,aoi,pending,track_b_not_run,,336.1254,115.0617,,,,,,,,,no-sits,True,35.8,0.6194,-16.75,False,BOTH,8.0,5.0,2781.8165,53.1895,1401.2032,3253.622989828742,336.1254,S1,no_optical_s1,fs1-3016a20fd3ad
E148::biswanath,E148,2022-0293-IND,2022-05-17,Assam,Biswanath,district,geoBoundaries/gbOpen/IND/ADM2/2021@8bef6929fd65432e7dc775e7c44473e84efff064ebddbfd6b834e6291546db40,matched,76128533B40714385808093,151.9015,S1,interim_s1_only,s1_interim,aoi,pending,track_b_not_run,,151.9015,26.5707,,,,,,,,,no-sits,True,25.6,0.7596,-16.75,False,BOTH,7.0,5.0,1560.1555,18.4415,730.5119,1795.9804068303213,151.9015,S1,no_optical_s1,fs1-3016a20fd3ad
E148::bongaigaon,E148,2022-0293-IND,2022-05-17,Assam,Bongaigaon,district,FAO/GAUL/2015/level2,matched,70086,53.3515,S1,interim_s1_only,s1_interim,aoi,pending,track_b_not_run,,53.3515,17.8583,,,,,,,,,no-sits,True,24.9,0.7298,-16.25,False,BOTH,7.0,9.0,1849.5033,30.7452,701.4281,2332.582799042809,53.3515,S1,no_optical_s1,fs1-3016a20fd3ad
E148::cachar,E148,2022-0293-IND,2022-05-17,Assam,Cachar,district,FAO/GAUL/2015/level2,matched,17577,429.0637,S1,interim_s1_only,s1_interim,aoi,pending,track_b_not_run,,429.0637,258.8963,,,,,,,,,no-sits,True,20.5,0.9104,-16.25,False,BOTH,5.0,4.0,1742.352,28.6315,777.3899,3806.329961738336,429.0637,S1,no_optical_s1,fs1-3016a20fd3ad
E148::chirang,E148,2022-0293-IND,2022-05-17,Assam,Chirang,district,geoBoundaries/gbOpen/IND/ADM2/2021@8bef6929fd65432e7dc775e7c44473e84efff064ebddbfd6b834e6291546db40,matched,76128533B56012535339305,7.2975,S1,interim_s1_only,s1_interim,aoi,pending,track_b_not_run,,7.2975,2.178,,,,,,,,,no-sits,True,21.2,0.7911,-16.0,True,BOTH,7.0,3.0,1479.252,14.0007,493.708,1586.6528982343095,7.2975,S1,no_optical_s1,fs1-3016a20fd3ad
E148::darrang,E148,2022-0293-IND,2022-05-17,Assam,Darrang,district,FAO/GAUL/2015/level2,matched,17578,128.433,S1,interim_s1_only,s1_interim,aoi,pending,track_b_not_run,,128.433,56.775,,,,,,,,,no-sits,True,34.6,0.6319,-16.75,False,BOTH,7.0,3.0,3074.5271,59.1961,1652.486,3426.9679336953163,128.433,S1,no_optical_s1,fs1-3016a20fd3ad
E148::dhemaji,E148,2022-0293-IND,2022-05-17,Assam,Dhemaji,district,FAO/GAUL/2015/level2,matched,70087,172.3855,S1,interim_s1_only,s1_interim,aoi,pending,track_b_not_run,,172.3855,59.4222,,,,,,,,,no-sits,True,54.2,0.4551,-15.75,False,BOTH,6.0,4.0,2240.4877,21.9993,1222.1808,2503.3476339074205,172.3855,S1,no_optical_s1,fs1-3016a20fd3ad
E148::dhubri,E148,2022-0293-IND,2022-05-17,Assam,Dhubri,district,geoBoundaries/gbOpen/IND/ADM2/2021@8bef6929fd65432e7dc775e7c44473e84efff064ebddbfd6b834e6291546db40,matched,76128533B25835998628545,121.3518,S1,interim_s1_only,s1_interim,aoi,pending,track_b_not_run,,121.3518,72.2349,,,,,,,,,no-sits,True,9.1,0.8998,-15.75,False,BOTH,3.0,15.0,1545.8668,29.1865,884.5081,1790.280077462252,121.3518,S1,no_optical_s1,fs1-3016a20fd3ad
E148::dibrugarh,E148,2022-0293-IND,2022-05-17,Assam,Dibrugarh,district,FAO/GAUL/2015/level2,matched,17580,230.8592,S1,interim_s1_only,s1_interim,aoi,pending,track_b_not_run,,230.8592,61.7374,,,,,,,,,no-sits,True,47.3,0.5235,-17.25,False,BOTH,7.0,9.0,2887.5515,56.4443,1158.2783,3397.4818067287138,230.8592,S1,no_optical_s1,fs1-3016a20fd3ad
E148::dima%20hasao,E148,2022-0293-IND,2022-05-17,Assam,Dima Hasao,district,geoBoundaries/gbOpen/IND/ADM2/2021@8bef6929fd65432e7dc775e7c44473e84efff064ebddbfd6b834e6291546db40,matched,76128533B66125202864966,6.6324,S1,interim_s1_only,s1_interim,aoi,pending,track_b_not_run,,6.6324,0.6112,,,,,,,,,no-sits,True,53.1,0.4366,-16.0,True,BOTH,10.0,6.0,670.5263,3.7235,78.9918,4914.108784116717,6.6324,S1,no_optical_s1,fs1-3016a20fd3ad
E148::goalpara,E148,2022-0293-IND,2022-05-17,Assam,Goalpara,district,FAO/GAUL/2015/level2,matched,17581,189.071,S1,interim_s1_only,s1_interim,aoi,pending,track_b_not_run,,189.071,69.9413,,,,,,,,,no-sits,True,27.8,0.7127,-16.25,False,BOTH,4.0,10.0,1408.4225,27.3769,712.6012,1904.60564716237,189.071,S1,no_optical_s1,fs1-3016a20fd3ad
E148::golaghat,E148,2022-0293-IND,2022-05-17,Assam,Golaghat,district,FAO/GAUL/2015/level2,matched,17582,91.8299,S1,interim_s1_only,s1_interim,aoi,pending,track_b_not_run,,91.8299,22.9394,,,,,,,,,no-sits,True,35.0,0.6519,-17.75,False,BOTH,6.0,8.0,3111.5422,41.889,1494.8322,3532.2679838886856,91.8299,S1,no_optical_s1,fs1-3016a20fd3ad
E148::hailakandi,E148,2022-0293-IND,2022-05-17,Assam,Hailakandi,district,FAO/GAUL/2015/level2,matched,70088,81.1547,S1,interim_s1_only,s1_interim,aoi,pending,track_b_not_run,,81.1547,28.7707,,,,,,,,,no-sits,True,17.4,0.8654,-15.75,False,BOTH,2.0,2.0,629.4125,6.1457,284.6509,1336.4605858584375,81.1547,S1,no_optical_s1,fs1-3016a20fd3ad
E148::hojai,E148,2022-0293-IND,2022-05-17,Assam,Hojai,district,geoBoundaries/gbOpen/IND/ADM2/2021@8bef6929fd65432e7dc775e7c44473e84efff064ebddbfd6b834e6291546db40,matched,76128533B70315194619807,154.8362,S1,interim_s1_only,s1_interim,aoi,pending,track_b_not_run,,154.8362,21.1114,,,,,,,,,no-sits,True,5.9,0.9729,-16.25,False,BOTH,5.0,6.0,989.2694,26.6879,580.9443,1456.4677644953886,154.8362,S1,no_optical_s1,fs1-3016a20fd3ad
E148::kamrup,E148,2022-0293-IND,2022-05-17,Assam,Kamrup,district,FAO/GAUL/2015/level2,matched,17583,399.2783,S1,interim_s1_only,s1_interim,aoi,pending,track_b_not_run,,399.2783,68.9425,,,,,,,,,no-sits,True,45.5,0.5534,-15.25,False,BOTH,8.0,7.0,2833.5254,161.5654,1408.6863,4348.6225796054405,399.2783,S1,no_optical_s1,fs1-3016a20fd3ad
E148::kamrup%20metropolitan,E148,2022-0293-IND,2022-05-17,Assam,Kamrup Metropolitan,district,geoBoundaries/gbOpen/IND/ADM2/2021@8bef6929fd65432e7dc775e7c44473e84efff064ebddbfd6b834e6291546db40,matched,76128533B38230828972906,23.2884,S1,interim_s1_only,s1_interim,aoi,pending,track_b_not_run,,23.2884,4.0756,,,,,,,,,no-sits,True,37.6,0.6668,-16.0,True,BOTH,4.0,4.0,448.608,80.2055,184.2046,1131.541200086081,23.2884,S1,no_optical_s1,fs1-3016a20fd3ad
E148::karimganj,E148,2022-0293-IND,2022-05-17,Assam,Karimganj,district,FAO/GAUL/2015/level2,matched,17585,132.4436,S1,interim_s1_only,s1_interim,aoi,pending,track_b_not_run,,132.4436,39.8941,,,,,,,,,no-sits,True,37.2,0.6416,-15.25,False,BOTH,2.0,3.0,1051.2523,8.5912,454.5248,1856.722473230466,132.4436,S1,no_optical_s1,fs1-3016a20fd3ad
E148::kokrajhar,E148,2022-0293-IND,2022-05-17,Assam,Kokrajhar,district,FAO/GAUL/2015/level2,matched,70090,27.5927,S1,interim_s1_only,s1_interim,aoi,pending,track_b_not_run,,27.5927,11.4359,,,,,,,,,no-sits,True,2.5,0.9749,-16.0,True,BOTH,7.0,6.0,3061.7037,20.8028,1277.9815,3329.2233881813268,27.5927,S1,no_optical_s1,fs1-3016a20fd3ad
E148::lakhimpur,E148,2022-0293-IND,2022-05-17,Assam,Lakhimpur,district,FAO/GAUL/2015/level2,matched,70091,263.5247,S1,interim_s1_only,s1_interim,aoi,pending,track_b_not_run,,263.5247,67.3824,,,,,,,,,no-sits,True,35.6,0.6504,-16.25,False,BOTH,7.0,6.0,2563.3875,26.0117,1480.1181,2886.5239581816727,263.5247,S1,no_optical_s1,fs1-3016a20fd3ad
E148::majuli,E148,2022-0293-IND,2022-05-17,Assam,Majuli,district,geoBoundaries/gbOpen/IND/ADM2/2021@8bef6929fd65432e7dc775e7c44473e84efff064ebddbfd6b834e6291546db40,matched,76128533B15157901669242,129.5183,S1,interim_s1_only,s1_interim,aoi,pending,track_b_not_run,,129.5183,62.0262,,,,,,,,,no-sits,True,12.3,0.8581,-18.75,False,BOTH,7.0,5.0,895.4552,4.9644,388.9801,1250.5943287676694,129.5183,S1,no_optical_s1,fs1-3016a20fd3ad
E148::morigaon,E148,2022-0293-IND,2022-05-17,Assam,Morigaon,district,geoBoundaries/gbOpen/IND/ADM2/2021@8bef6929fd65432e7dc775e7c44473e84efff064ebddbfd6b834e6291546db40,matched,76128533B17968019348564,218.2678,S1,interim_s1_only,s1_interim,aoi,pending,track_b_not_run,,218.2678,39.5481,,,,,,,,,no-sits,True,8.8,0.9103,-16.75,False,BOTH,2.0,5.0,1311.7575,29.7776,855.9907,1508.3262903435707,218.2678,S1,no_optical_s1,fs1-3016a20fd3ad
E148::nagaon,E148,2022-0293-IND,2022-05-17,Assam,Nagaon,district,FAO/GAUL/2015/level2,matched,17589,491.408,S1,interim_s1_only,s1_interim,aoi,pending,track_b_not_run,,491.408,285.2729,,,,,,,,,no-sits,True,4.5,0.97,-16.75,False,BOTH,5.0,9.0,3099.3518,85.1365,1748.5294,3997.4423095607103,491.408,S1,no_optical_s1,fs1-3016a20fd3ad
E148::nalbari,E148,2022-0293-IND,2022-05-17,Assam,Nalbari,district,FAO/GAUL/2015/level2,matched,17590,183.0514,S1,interim_s1_only,s1_interim,aoi,pending,track_b_not_run,,183.0514,16.2571,,,,,,,,,no-sits,True,58.1,0.4366,-15.75,False,BOTH,7.0,2.0,2097.5834,38.1238,1132.0605,2339.8796955273547,183.0514,S1,no_optical_s1,fs1-3016a20fd3ad
E148::sivasagar,E148,2022-0293-IND,2022-05-17,Assam,Sivasagar,district,geoBoundaries/gbOpen/IND/ADM2/2021@8bef6929fd65432e7dc775e7c44473e84efff064ebddbfd6b834e6291546db40,matched,76128533B21722277889516,243.0892,S1,interim_s1_only,s1_interim,aoi,pending,track_b_not_run,,243.0892,97.894,,,,,,,,,no-sits,True,9.9,0.897,-15.75,False,BOTH,5.0,3.0,1387.3046,33.7338,786.7767,1526.651765771626,243.0892,S1,no_optical_s1,fs1-3016a20fd3ad
E148::sonitpur,E148,2022-0293-IND,2022-05-17,Assam,Sonitpur,district,FAO/GAUL/2015/level2,matched,17593,303.5849,S1,interim_s1_only,s1_interim,aoi,pending,track_b_not_run,,303.5849,91.7431,,,,,,,,,no-sits,True,19.3,0.8066,-17.25,False,BOTH,8.0,5.0,4081.5881,70.4035,1950.1255,4676.158375740257,303.5849,S1,no_optical_s1,fs1-3016a20fd3ad
E148::south%20salmara,E148,2022-0293-IND,2022-05-17,Assam,South Salmara,district,geoBoundaries/gbOpen/IND/ADM2/2021@8bef6929fd65432e7dc775e7c44473e84efff064ebddbfd6b834e6291546db40,matched,76128533B20298037622173,49.3179,S1,interim_s1_only,s1_interim,aoi,pending,track_b_not_run,,49.3179,60.0605,,,,,,,,,no-sits,True,0.6,0.9912,-16.75,False,BOTH,3.0,9.0,473.1623,8.762,258.8428,719.1856651342704,49.3179,S1,no_optical_s1,fs1-3016a20fd3ad
E148::tamulpur,E148,2022-0293-IND,2022-05-17,Assam,Tamulpur,district,OpenStreetMap/snapshot/2026-09-12@2d2926aa53838f0df6ee9b40c723eb2daf7a4bafbbf75528a64bd4c3eec49281,matched,OSM:relation/16702229,40.4039,S1,interim_s1_only,s1_interim,aoi,pending,track_b_not_run,,40.4039,0.8032,,,,,,,,,no-sits,True,84.6,0.1591,-16.0,True,BOTH,7.0,1.0,790.5555,8.7039,412.9919,860.0009585836317,40.4039,S1,no_optical_s1,fs1-3016a20fd3ad
E148::tinsukia,E148,2022-0293-IND,2022-05-17,Assam,Tinsukia,district,FAO/GAUL/2015/level2,matched,70093,72.667,S1,interim_s1_only,s1_interim,aoi,pending,track_b_not_run,,72.667,24.848,,,,,,,,,no-sits,True,0.2,0.9852,-15.75,False,BOTH,4.0,7.0,3303.9786,35.8835,942.5054,3799.190193815676,72.667,S1,no_optical_s1,fs1-3016a20fd3ad
E148::udalguri,E148,2022-0293-IND,2022-05-17,Assam,Udalguri,district,geoBoundaries/gbOpen/IND/ADM2/2021@8bef6929fd65432e7dc775e7c44473e84efff064ebddbfd6b834e6291546db40,matched,76128533B20307518801538,22.3246,S1,interim_s1_only,s1_interim,aoi,pending,track_b_not_run,,22.3246,3.4269,,,,,,,,,no-sits,True,39.0,0.5904,-16.0,True,BOTH,7.0,2.0,1902.4689,22.7021,962.0185,2056.2913712488325,22.3246,S1,no_optical_s1,fs1-3016a20fd3ad
E148::west%20karbi%20anglong,E148,2022-0293-IND,2022-05-17,Assam,West Karbi Anglong,district,geoBoundaries/gbOpen/IND/ADM2/2021@8bef6929fd65432e7dc775e7c44473e84efff064ebddbfd6b834e6291546db40,matched,76128533B57995625790051,35.8533,S1,interim_s1_only,s1_interim,aoi,pending,track_b_not_run,,35.8533,3.8783,,,,,,,,,no-sits,True,39.5,0.7064,-16.0,True,BOTH,4.0,6.0,757.2,3.4195,291.1598,3106.68686919722,35.8533,S1,no_optical_s1,fs1-3016a20fd3ad
E150::bharuch,E150,2022-0293-IND,2022-05-17,Gujarat,Bharuch,district,FAO/GAUL/2015/level2,matched,17638,76.0473,S1,interim_s1_only,s1_interim,aoi,pending,track_b_not_run,,76.0473,10.5766,,,,,,,,,no-sits,True,0.2,0.9996,-16.0,True,DESCENDING,1.0,22.0,4616.1811,154.4679,3090.4378,5286.80850824333,76.0473,S1,no_optical_s1,fs1-3016a20fd3ad
E150::dang,E150,2022-0293-IND,2022-05-17,Gujarat,Dang,district,geoBoundaries/gbOpen/IND/ADM2/2021@8bef6929fd65432e7dc775e7c44473e84efff064ebddbfd6b834e6291546db40,matched,76128533B16271917438029,42.597,S1,interim_s1_only,s1_interim,aoi,pending,track_b_not_run,,42.597,0.2306,,,,,,,,,no-sits,True,0.0,1.0,-16.0,True,DESCENDING,6.0,13.0,444.8982,3.1937,210.456,1729.7639971550238,42.597,S1,no_optical_s1,fs1-3016a20fd3ad
E150::navsari,E150,2022-0293-IND,2022-05-17,Gujarat,Navsari,district,FAO/GAUL/2015/level2,matched,70127,8.916,S1,interim_s1_only,s1_interim,aoi,pending,track_b_not_run,,8.916,5.2494,,,,,,,,,no-sits,True,0.0,1.0,-16.0,True,DESCENDING,2.0,23.0,1702.3987,61.7571,564.3259,2097.600482441035,8.916,S1,no_optical_s1,fs1-3016a20fd3ad
E150::surat,E150,2022-0293-IND,2022-05-17,Gujarat,Surat,district,FAO/GAUL/2015/level2,matched,17649,93.1904,S1,interim_s1_only,s1_interim,aoi,pending,track_b_not_run,,93.1904,13.3715,,,,,,,,,no-sits,True,0.1,0.9999,-16.0,True,DESCENDING,4.0,24.0,5860.6038,320.505,3100.9497,7486.82173633887,93.1904,S1,no_optical_s1,fs1-3016a20fd3ad
E150::tapi,E150,2022-0293-IND,2022-05-17,Gujarat,Tapi,district,geoBoundaries/gbOpen/IND/ADM2/2021@8bef6929fd65432e7dc775e7c44473e84efff064ebddbfd6b834e6291546db40,matched,76128533B12519626815499,59.7755,S1,interim_s1_only,s1_interim,aoi,pending,track_b_not_run,,59.7755,1.1674,,,,,,,,,no-sits,True,0.1,1.0,-16.0,True,DESCENDING,4.0,14.0,2093.7467,37.5106,1269.4798,3222.2181213994645,59.7755,S1,no_optical_s1,fs1-3016a20fd3ad
E150::vadodara,E150,2022-0293-IND,2022-05-17,Gujarat,Vadodara,district,FAO/GAUL/2015/level2,matched,17652,137.0183,S1,interim_s1_only,s1_interim,aoi,pending,track_b_not_run,,137.0183,5.8714,,,,,,,,,no-sits,True,0.0,0.9999,-16.0,True,DESCENDING,6.0,33.0,6686.8143,252.4561,4257.0876,7758.226506800483,137.0183,S1,no_optical_s1,fs1-3016a20fd3ad
E150::valsad,E150,2022-0293-IND,2022-05-17,Gujarat,Valsad,district,FAO/GAUL/2015/level2,matched,17653,10.1913,S1,interim_s1_only,s1_interim,aoi,pending,track_b_not_run,,10.1913,6.2302,,,,,,,,,no-sits,True,0.0,1.0,-16.0,True,DESCENDING,1.0,23.0,1750.257,77.2798,538.7598,3025.875446392478,10.1913,S1,no_optical_s1,fs1-3016a20fd3ad
E151::chamba,E151,2022-0293-IND,2022-05-17,Himachal Pradesh,Chamba,district,FAO/GAUL/2015/level2,matched,17667,6.9779,S1,interim_s1_only,s1_interim,aoi,pending,track_b_not_run,,6.9779,1.0646,,,,,,,,,no-sits,True,16.1,0.7472,-16.25,False,BOTH,7.0,16.0,59.2943,1.0357,8.4746,6056.411356305338,6.9779,S1,no_optical_s1,fs1-3016a20fd3ad
E151::kangra,E151,2022-0293-IND,2022-05-17,Himachal Pradesh,Kangra,district,FAO/GAUL/2015/level2,matched,17669,56.0246,S1,interim_s1_only,s1_interim,aoi,pending,track_b_not_run,,56.0246,1.9888,,,,,,,,,no-sits,True,6.7,0.9942,-16.25,False,BOTH,8.0,13.0,1405.7597,55.0841,510.1435,5710.452547791486,56.0246,S1,no_optical_s1,fs1-3016a20fd3ad
E151::kullu,E151,2022-0293-IND,2022-05-17,Himachal Pradesh,Kullu,district,FAO/GAUL/2015/level2,matched,17671,20.0626,S1,interim_s1_only,s1_interim,aoi,pending,track_b_not_run,,20.0626,0.4584,,,,,,,,,no-sits,True,28.4,0.507,-16.75,False,BOTH,9.0,11.0,113.1084,4.2954,2.1953,5505.982355912866,20.0626,S1,no_optical_s1,fs1-3016a20fd3ad
E151::mandi,E151,2022-0293-IND,2022-05-17,Himachal Pradesh,Mandi,district,FAO/GAUL/2015/level2,matched,17673,14.1715,S1,interim_s1_only,s1_interim,aoi,pending,track_b_not_run,,14.1715,0.5371,,,,,,,,,no-sits,True,0.0,1.0,-14.25,False,BOTH,8.0,14.0,180.7402,9.2391,62.9296,3951.2717684747336,14.1715,S1,no_optical_s1,fs1-3016a20fd3ad
E152::narmadapuram,E152,2022-0293-IND,2022-05-17,Madhya Pradesh,Narmadapuram,district,geoBoundaries/gbOpen/IND/ADM2/2021@8bef6929fd65432e7dc775e7c44473e84efff064ebddbfd6b834e6291546db40,matched,76128533B45314020251888,54.8178,S1,interim_s1_only,s1_interim,aoi,pending,track_b_not_run,,54.8178,0.6987,,,,,,,,,no-sits,True,0.0,1.0,-16.0,True,DESCENDING,3.0,12.0,5105.9417,69.0131,3430.3687,6700.110425846857,54.8178,S1,no_optical_s1,fs1-3016a20fd3ad
E152::raisen,E152,2022-0293-IND,2022-05-17,Madhya Pradesh,Raisen,district,FAO/GAUL/2015/level2,matched,17739,178.0541,S1,interim_s1_only,s1_interim,aoi,pending,track_b_not_run,,178.0541,1.4773,,,,,,,,,no-sits,True,0.0,1.0,-16.0,True,DESCENDING,4.0,12.0,6810.1448,73.9147,4744.2072,8515.574877211904,178.0541,S1,no_optical_s1,fs1-3016a20fd3ad
E153::bhandara,E153,2022-0293-IND,2022-05-17,Maharashtra,Bhandara,district,FAO/GAUL/2015/level2,matched,17761,44.11,S1,interim_s1_only,s1_interim,aoi,pending,track_b_not_run,,44.11,2.5769,,,,,,,,,no-sits,True,0.0,0.9998,-16.0,True,DESCENDING,4.0,9.0,4129.3869,83.7738,2462.8269,4713.352518104012,44.11,S1,no_optical_s1,fs1-3016a20fd3ad
E153::gadchiroli,E153,2022-0293-IND,2022-05-17,Maharashtra,Gadchiroli,district,geoBoundaries/gbOpen/IND/ADM2/2021@8bef6929fd65432e7dc775e7c44473e84efff064ebddbfd6b834e6291546db40,matched,76128533B36958871695926,80.7297,S1,interim_s1_only,s1_interim,aoi,pending,track_b_not_run,,80.7297,9.0827,,,,,,,,,no-sits,True,0.0,1.0,-16.0,True,DESCENDING,4.0,24.0,11066.2063,47.2575,2794.8557,14484.822963236316,80.7297,S1,no_optical_s1,fs1-3016a20fd3ad
E153::kolhapur,E153,2022-0293-IND,2022-05-17,Maharashtra,Kolhapur,district,FAO/GAUL/2015/level2,matched,17769,,NONE,no_s1,s1_interim,,pending,track_b_not_run,,,7.621,,,,,,,,,no-sits,True,11.1,0.9066,,,DESCENDING,4.0,10.0,4339.6371,164.0835,1998.2373,7680.572392490604,7.621,NDWI,no_s1_ndwi,fs1-3016a20fd3ad
E153::mumbai%20suburban,E153,2022-0293-IND,2022-05-17,Maharashtra,Mumbai Suburban,district,FAO/GAUL/2015/level2,matched,70183,1.8597,S1,interim_s1_only,s1_interim,aoi,pending,track_b_not_run,,1.8597,3.2734,,,,,,,,,no-sits,True,26.1,0.7931,-16.0,True,DESCENDING,1.0,6.0,269.1381,114.0809,14.9713,409.3994670782586,1.8597,S1,no_optical_s1,fs1-3016a20fd3ad
E153::nandurbar,E153,2022-0293-IND,2022-05-17,Maharashtra,Nandurbar,district,FAO/GAUL/2015/level2,matched,70185,164.9192,S1,interim_s1_only,s1_interim,aoi,pending,track_b_not_run,,164.9192,0.906,,,,,,,,,no-sits,True,0.1,0.9987,-16.0,True,DESCENDING,3.0,26.0,3471.464,72.9714,2737.6716,5947.719113281336,164.9192,S1,no_optical_s1,fs1-3016a20fd3ad
E154::east%20khasi%20hills,E154,2022-0293-IND,2022-05-17,Meghalaya,East Khasi Hills,district,FAO/GAUL/2015/level2,matched,17794,3.8099,S1,interim_s1_only,s1_interim,aoi,pending,track_b_not_run,,3.8099,0.4861,,,,,,,,,no-sits,True,70.4,0.2943,-16.0,True,BOTH,6.0,3.0,428.7692,14.8444,127.4337,2889.6322510589234,3.8099,S1,no_optical_s1,fs1-3016a20fd3ad
E154::ri%20bhoi,E154,2022-0293-IND,2022-05-17,Meghalaya,Ri Bhoi,district,FAO/GAUL/2015/level2,matched,70197,1.6609,S1,interim_s1_only,s1_interim,aoi,pending,track_b_not_run,,1.6609,0.1257,,,,,,,,,no-sits,True,62.1,0.3201,-16.0,True,BOTH,4.0,2.0,284.7036,4.8072,72.12,2389.7308835163144,1.6609,S1,no_optical_s1,fs1-3016a20fd3ad
E156::chamba,E156,2022-0539-IND,2022-08-01,Himachal Pradesh,Chamba,district,FAO/GAUL/2015/level2,matched,17667,4.8516,S1,interim_s1_only,s1_interim,aoi,pending,track_b_not_run,,4.8516,2.3422,,,,,,,,,no-sits,True,11.8,0.7564,-14.75,False,BOTH,4.0,8.0,59.2943,1.0357,8.4746,6056.411356305338,4.8516,S1,no_optical_s1,fs1-3016a20fd3ad
E156::kangra,E156,2022-0539-IND,2022-08-01,Himachal Pradesh,Kangra,district,FAO/GAUL/2015/level2,matched,17669,30.9067,S1,interim_s1_only,s1_interim,aoi,pending,track_b_not_run,,30.9067,18.2478,,,,,,,,,no-sits,True,4.0,0.9435,-14.75,False,BOTH,7.0,7.0,1405.7597,55.0841,510.1435,5710.452547791486,30.9067,S1,no_optical_s1,fs1-3016a20fd3ad
E156::mandi,E156,2022-0539-IND,2022-08-01,Himachal Pradesh,Mandi,district,FAO/GAUL/2015/level2,matched,17673,7.1847,S1,interim_s1_only,s1_interim,aoi,pending,track_b_not_run,,7.1847,1.4,,,,,,,,,no-sits,True,7.0,0.9703,-13.75,False,BOTH,7.0,11.0,180.7402,9.2391,62.9296,3951.2717684747336,7.1847,S1,no_optical_s1,fs1-3016a20fd3ad
E157::sahibganj,E157,2022-0539-IND,2022-08-01,Jharkhand,Sahibganj,district,FAO/GAUL/2015/level2,matched,70154,51.3604,S1,interim_s1_only,s1_interim,aoi,pending,track_b_not_run,,51.3604,24.4772,,,,,,,,,no-sits,True,40.9,0.5522,-15.75,False,BOTH,5.0,7.0,1537.1202,42.5681,1045.6172,2203.455310809673,51.3604,S1,no_optical_s1,fs1-3016a20fd3ad
E158::dehradun,E158,2022-0539-IND,2022-08-01,Uttarakhand,Dehradun,district,FAO/GAUL/2015/level2,matched,17903,21.4341,S1,interim_s1_only,s1_interim,aoi,pending,track_b_not_run,,21.4341,9.3033,,,,,,,,,no-sits,True,22.8,0.7421,-13.75,False,BOTH,10.0,8.0,982.9091,116.2416,246.4921,3070.1655325092884,21.4341,S1,no_optical_s1,fs1-3016a20fd3ad
E158::pauri%20garhwal,E158,2022-0539-IND,2022-08-01,Uttarakhand,Pauri Garhwal,district,FAO/GAUL/2015/level2,matched,17910,3.8843,S1,interim_s1_only,s1_interim,aoi,pending,track_b_not_run,,3.8843,2.5985,,,,,,,,,no-sits,True,52.3,0.6188,-16.0,True,BOTH,2.0,10.0,373.3441,16.8996,63.5702,5461.918144346134,3.8843,S1,no_optical_s1,fs1-3016a20fd3ad
E158::rudraprayag,E158,2022-0539-IND,2022-08-01,Uttarakhand,Rudraprayag,district,FAO/GAUL/2015/level2,matched,70286,0.8216,S1,interim_s1_only,s1_interim,aoi,pending,track_b_not_run,,0.8216,0.0909,,,,,,,,,no-sits,True,58.3,0.3459,-14.25,False,BOTH,4.0,13.0,13.0587,0.1837,0.7409,1215.2753847771737,0.8216,S1,no_optical_s1,fs1-3016a20fd3ad
E158::tehri%20garhwal,E158,2022-0539-IND,2022-08-01,Uttarakhand,Tehri Garhwal,district,FAO/GAUL/2015/level2,matched,70287,3.3295,S1,interim_s1_only,s1_interim,aoi,pending,track_b_not_run,,3.3295,1.1971,,,,,,,,,no-sits,True,14.8,0.7763,-13.75,False,BOTH,7.0,17.0,46.9933,0.7541,6.5246,4393.487663681659,3.3295,S1,no_optical_s1,fs1-3016a20fd3ad
E158::uttarkashi,E158,2022-0539-IND,2022-08-01,Uttarakhand,Uttarkashi,district,FAO/GAUL/2015/level2,matched,70289,10.5665,S1,interim_s1_only,s1_interim,aoi,pending,track_b_not_run,,10.5665,3.4134,,,,,,,,,no-sits,True,17.1,0.6712,-14.75,False,BOTH,7.0,14.0,119.6664,1.255,10.0256,6642.1631687539975,10.5665,S1,no_optical_s1,fs1-3016a20fd3ad
E159::ballia,E159,2022-0590-IND,2022-09-18,Uttar Pradesh,Ballia,district,FAO/GAUL/2015/level2,matched,17894,42.1654,S1,interim_s1_only,s1_interim,aoi,pending,track_b_not_run,,42.1654,50.2992,,,,,,,,,no-sits,True,20.7,0.4287,-17.25,False,BOTH,5.0,10.0,2760.4153,133.4226,2158.8817,3013.8054759791835,42.1654,S1,no_optical_s1,fs1-3016a20fd3ad
E159::budaun,E159,2022-0590-IND,2022-09-18,Uttar Pradesh,Budaun,district,geoBoundaries/gbOpen/IND/ADM2/2021@8bef6929fd65432e7dc775e7c44473e84efff064ebddbfd6b834e6291546db40,matched,76128533B84679668760735,87.7567,S1,interim_s1_only,s1_interim,aoi,pending,track_b_not_run,,87.7567,37.5968,,,,,,,,,no-sits,True,5.7,0.9373,-16.0,True,BOTH,3.0,6.0,4128.2792,135.7385,3559.8498,4242.29880763651,87.7567,S1,no_optical_s1,fs1-3016a20fd3ad
E160::bajali,E160,2023-0330-IND,2023-06-14,Assam,Bajali,district,OpenStreetMap/snapshot/2026-09-12@8cb1b5a0d2a764b23e0ccb0417c0416f22a66ff04331c63ca1d37ef8cbb8cb01,matched,OSM:relation/16704179,157.7766,S1,interim_s1_only,s1_interim,aoi,pending,track_b_not_run,,157.7766,134.8724,,,,,,,,,no-sits,True,5.4,0.9457,-15.25,False,BOTH,3.0,2.0,389.0165,9.5297,242.8461,413.0211318853963,157.7766,S1,no_optical_s1,fs1-3016a20fd3ad
E160::baksa,E160,2023-0330-IND,2023-06-14,Assam,Baksa,district,geoBoundaries/gbOpen/IND/ADM2/2021@8bef6929fd65432e7dc775e7c44473e84efff064ebddbfd6b834e6291546db40,matched,76128533B8221925175605,134.0241,S1,interim_s1_only,s1_interim,aoi,pending,track_b_not_run,,134.0241,92.9358,,,,,,,,,no-sits,True,25.8,0.7498,-16.0,True,BOTH,4.0,2.0,2223.2273,18.4823,1034.5191,2398.6209171216783,134.0241,S1,no_optical_s1,fs1-3016a20fd3ad
E160::barpeta,E160,2023-0330-IND,2023-06-14,Assam,Barpeta,district,FAO/GAUL/2015/level2,matched,17576,593.5921,S1,interim_s1_only,s1_interim,aoi,pending,track_b_not_run,,593.5921,661.4178,,,,,,,,,no-sits,True,11.1,0.8809,-15.75,False,BOTH,4.0,5.0,2781.8165,53.1895,1401.2032,3253.622989828742,593.5921,S1,no_optical_s1,fs1-3016a20fd3ad
E160::lakhimpur,E160,2023-0330-IND,2023-06-14,Assam,Lakhimpur,district,FAO/GAUL/2015/level2,matched,70091,248.8386,S1,interim_s1_only,s1_interim,aoi,pending,track_b_not_run,,248.8386,,,,,,,,,,no-sits,False,100.0,,-15.75,False,BOTH,5.0,0.0,2563.3875,26.0117,1480.1181,2886.5239581816727,248.8386,S1,no_optical_s1,fs1-3016a20fd3ad
E160::nalbari,E160,2023-0330-IND,2023-06-14,Assam,Nalbari,district,FAO/GAUL/2015/level2,matched,17590,268.7312,S1,interim_s1_only,s1_interim,aoi,pending,track_b_not_run,,268.7312,236.3312,,,,,,,,,no-sits,True,17.1,0.8527,-15.75,False,BOTH,3.0,2.0,2097.5834,38.1238,1132.0605,2339.8796955273547,268.7312,S1,no_optical_s1,fs1-3016a20fd3ad
E161::mangan,E161,2023-0330-IND,2023-06-14,Sikkim,Mangan,district,geoBoundaries/gbOpen/IND/ADM2/2021@8bef6929fd65432e7dc775e7c44473e84efff064ebddbfd6b834e6291546db40,matched,76128533B65820903826030,23.4692,S1,interim_s1_only,s1_interim,aoi,pending,track_b_not_run,,23.4692,1.444,,,,,,,,,no-sits,True,77.5,0.5402,-15.25,False,BOTH,3.0,6.0,158.8432,0.087,0.004,4277.456189628874,23.4692,S1,no_optical_s1,fs1-3016a20fd3ad
E162::dhemaji,E162,2023-0428-IND,2023-06-25,Assam,Dhemaji,district,FAO/GAUL/2015/level2,matched,70087,190.4482,S1,interim_s1_only,s1_interim,aoi,pending,track_b_not_run,,190.4482,,,,,,,,,,no-sits,False,100.0,,-16.25,False,BOTH,5.0,0.0,2240.4877,21.9993,1222.1808,2503.3476339074205,190.4482,S1,no_optical_s1,fs1-3016a20fd3ad
E162::lakhimpur,E162,2023-0428-IND,2023-06-25,Assam,Lakhimpur,district,FAO/GAUL/2015/level2,matched,70091,162.3326,S1,interim_s1_only,s1_interim,aoi,pending,track_b_not_run,,162.3326,,,,,,,,,,no-sits,False,100.0,,-15.25,False,BOTH,7.0,0.0,2563.3875,26.0117,1480.1181,2886.5239581816727,162.3326,S1,no_optical_s1,fs1-3016a20fd3ad
E163::supaul,E163,2023-0428-IND,2023-06-25,Bihar,Supaul,district,FAO/GAUL/2015/level2,matched,70104,226.9902,S1,interim_s1_only,s1_interim,aoi,pending,track_b_not_run,,226.9902,5.435,,,,,,,,,no-sits,True,82.8,0.1742,-14.25,False,BOTH,8.0,3.0,2327.5369,73.558,1540.2276,2399.2927702222696,226.9902,S1,no_optical_s1,fs1-3016a20fd3ad
E164::dhamtari,E164,2023-0428-IND,2023-06-25,Chhattisgarh,Dhamtari,district,FAO/GAUL/2015/level2,matched,70108,22.1047,S1,interim_s1_only,s1_interim,aoi,pending,track_b_not_run,,22.1047,15.8605,,,,,,,,,no-sits,True,70.1,0.2993,-16.0,True,DESCENDING,4.0,6.0,3313.6933,60.7792,1490.7932,4074.566265206066,22.1047,S1,no_optical_s1,fs1-3016a20fd3ad
E164::gariaband,E164,2023-0428-IND,2023-06-25,Chhattisgarh,Gariaband,district,geoBoundaries/gbOpen/IND/ADM2/2021@8bef6929fd65432e7dc775e7c44473e84efff064ebddbfd6b834e6291546db40,matched,76128533B93063337202124,48.3954,S1,interim_s1_only,s1_interim,aoi,pending,track_b_not_run,,48.3954,8.637,,,,,,,,,no-sits,True,41.0,0.6033,-16.0,True,DESCENDING,4.0,7.0,2957.5403,29.0775,1113.2947,4884.817356965688,48.3954,S1,no_optical_s1,fs1-3016a20fd3ad
E164::narayanpur,E164,2023-0428-IND,2023-06-25,Chhattisgarh,Narayanpur,district,geoBoundaries/gbOpen/IND/ADM2/2021@8bef6929fd65432e7dc775e7c44473e84efff064ebddbfd6b834e6291546db40,matched,76128533B89979485471283,0.131,S1,interim_s1_only,s1_interim,aoi,pending,track_b_not_run,,0.131,0.3754,,,,,,,,,no-sits,True,41.8,0.678,-16.0,True,DESCENDING,1.0,6.0,1355.1998,4.3122,221.0193,3840.847589539658,0.131,S1,no_optical_s1,fs1-3016a20fd3ad
E164::raipur,E164,2023-0428-IND,2023-06-25,Chhattisgarh,Raipur,district,FAO/GAUL/2015/level2,matched,70116,118.9186,S1,interim_s1_only,s1_interim,aoi,pending,track_b_not_run,,118.9186,69.5415,,,,,,,,,no-sits,True,58.7,0.3918,-16.0,True,DESCENDING,4.0,17.0,9366.8459,296.8455,5565.0382,12483.455862122348,118.9186,S1,no_optical_s1,fs1-3016a20fd3ad
E165::central%20delhi,E165,2023-0428-IND,2023-06-25,Delhi,Central Delhi,district,geoBoundaries/gbOpen/IND/ADM2/2021@8bef6929fd65432e7dc775e7c44473e84efff064ebddbfd6b834e6291546db40,matched,76128533B19832024635761,0.4457,S1,interim_s1_only,s1_interim,aoi,pending,track_b_not_run,,0.4457,0.8344,,,,,,,,,no-sits,True,39.6,0.5947,-16.0,True,BOTH,3.0,2.0,61.2611,35.6181,11.6987,75.4258124733981,0.4457,S1,no_optical_s1,fs1-3016a20fd3ad
E165::east%20delhi,E165,2023-0428-IND,2023-06-25,Delhi,East Delhi,district,geoBoundaries/gbOpen/IND/ADM2/2021@8bef6929fd65432e7dc775e7c44473e84efff064ebddbfd6b834e6291546db40,matched,76128533B72485933575946,0.3519,S1,interim_s1_only,s1_interim,aoi,pending,track_b_not_run,,0.3519,1.4429,,,,,,,,,no-sits,True,53.1,0.471,-16.0,True,BOTH,4.0,2.0,54.6152,36.1587,5.6189,66.11030367841411,0.3519,S1,no_optical_s1,fs1-3016a20fd3ad
E165::north%20east%20delhi,E165,2023-0428-IND,2023-06-25,Delhi,North East Delhi,district,geoBoundaries/gbOpen/IND/ADM2/2021@8bef6929fd65432e7dc775e7c44473e84efff064ebddbfd6b834e6291546db40,matched,76128533B9976625304286,0.5538,S1,interim_s1_only,s1_interim,aoi,pending,track_b_not_run,,0.5538,0.6679,,,,,,,,,no-sits,True,70.1,0.2949,-14.25,False,BOTH,5.0,2.0,33.405,15.0282,9.73,38.85904249874403,0.5538,S1,no_optical_s1,fs1-3016a20fd3ad
E165::shahdara,E165,2023-0428-IND,2023-06-25,Delhi,Shahdara,district,geoBoundaries/gbOpen/IND/ADM2/2021@8bef6929fd65432e7dc775e7c44473e84efff064ebddbfd6b834e6291546db40,matched,76128533B81419063387740,0.045,S1,interim_s1_only,s1_interim,aoi,pending,track_b_not_run,,0.045,0.8426,,,,,,,,,no-sits,True,77.5,0.2327,-16.0,True,BOTH,4.0,2.0,22.5926,18.523,0.8622,26.658849212845475,0.045,S1,no_optical_s1,fs1-3016a20fd3ad
E166::bhavnagar,E166,2023-0428-IND,2023-06-25,Gujarat,Bhavnagar,district,FAO/GAUL/2015/level2,matched,17639,588.2334,S1,interim_s1_only,s1_interim,aoi,pending,track_b_not_run,,588.2334,0.0,,,,,,,,,no-sits,True,100.0,0.0,-14.75,False,DESCENDING,2.0,1.0,7330.648,226.1757,5568.377,8098.916054779909,588.2334,S1,no_optical_s1,fs1-3016a20fd3ad
E166::chhota%20udaipur,E166,2023-0428-IND,2023-06-25,Gujarat,Chhota Udaipur,district,geoBoundaries/gbOpen/IND/ADM2/2021@8bef6929fd65432e7dc775e7c44473e84efff064ebddbfd6b834e6291546db40,matched,76128533B69417260894674,7.9914,S1,interim_s1_only,s1_interim,aoi,pending,track_b_not_run,,7.9914,0.5146,,,,,,,,,no-sits,True,78.1,0.1889,-16.0,True,DESCENDING,4.0,3.0,2631.4253,42.4724,1717.9263,3474.2739370047093,7.9914,S1,no_optical_s1,fs1-3016a20fd3ad
E166::dang,E166,2023-0428-IND,2023-06-25,Gujarat,Dang,district,geoBoundaries/gbOpen/IND/ADM2/2021@8bef6929fd65432e7dc775e7c44473e84efff064ebddbfd6b834e6291546db40,matched,76128533B16271917438029,1.5359,S1,interim_s1_only,s1_interim,aoi,pending,track_b_not_run,,1.5359,,,,,,,,,,no-sits,False,100.0,,-16.0,True,DESCENDING,4.0,0.0,444.8982,3.1937,210.456,1729.7639971550243,1.5359,S1,no_optical_s1,fs1-3016a20fd3ad
E166::navsari,E166,2023-0428-IND,2023-06-25,Gujarat,Navsari,district,FAO/GAUL/2015/level2,matched,70127,19.2066,S1,interim_s1_only,s1_interim,aoi,pending,track_b_not_run,,19.2066,,,,,,,,,,no-sits,False,100.0,,-16.0,True,DESCENDING,1.0,0.0,1702.3987,61.7571,564.3259,2097.600482441035,19.2066,S1,no_optical_s1,fs1-3016a20fd3ad
E166::surat,E166,2023-0428-IND,2023-06-25,Gujarat,Surat,district,FAO/GAUL/2015/level2,matched,17649,24.5293,S1,interim_s1_only,s1_interim,aoi,pending,track_b_not_run,,24.5293,,,,,,,,,,no-sits,False,100.0,,-16.0,True,DESCENDING,3.0,0.0,5860.6038,320.505,3100.9497,7486.82173633887,24.5293,S1,no_optical_s1,fs1-3016a20fd3ad
E166::tapi,E166,2023-0428-IND,2023-06-25,Gujarat,Tapi,district,geoBoundaries/gbOpen/IND/ADM2/2021@8bef6929fd65432e7dc775e7c44473e84efff064ebddbfd6b834e6291546db40,matched,76128533B12519626815499,12.9061,S1,interim_s1_only,s1_interim,aoi,pending,track_b_not_run,,12.9061,,,,,,,,,,no-sits,False,100.0,,-14.25,False,DESCENDING,3.0,0.0,2093.7467,37.5106,1269.4798,3222.218121399561,12.9061,S1,no_optical_s1,fs1-3016a20fd3ad
E166::valsad,E166,2023-0428-IND,2023-06-25,Gujarat,Valsad,district,FAO/GAUL/2015/level2,matched,17653,12.0806,S1,interim_s1_only,s1_interim,aoi,pending,track_b_not_run,,12.0806,,,,,,,,,,no-sits,False,100.0,,-16.0,True,DESCENDING,1.0,0.0,1750.257,77.2798,538.7598,3025.875446392478,12.0806,S1,no_optical_s1,fs1-3016a20fd3ad
E167::bilaspur,E167,2023-0428-IND,2023-06-25,Himachal Pradesh,Bilaspur,district,FAO/GAUL/2015/level2,matched,17666,1.0098,S1,interim_s1_only,s1_interim,aoi,pending,track_b_not_run,,1.0098,0.884,,,,,,,,,no-sits,True,20.0,0.8643,-16.25,False,BOTH,3.0,6.0,154.0539,6.5185,50.958,1167.0529956737664,1.0098,S1,no_optical_s1,fs1-3016a20fd3ad
E167::chamba,E167,2023-0428-IND,2023-06-25,Himachal Pradesh,Chamba,district,FAO/GAUL/2015/level2,matched,17667,3.7093,S1,interim_s1_only,s1_interim,aoi,pending,track_b_not_run,,3.7093,0.758,,,,,,,,,no-sits,True,29.8,0.5301,-16.25,False,BOTH,5.0,8.0,59.2943,1.0357,8.4746,6056.411356305338,3.7093,S1,no_optical_s1,fs1-3016a20fd3ad
E167::hamirpur,E167,2023-0428-IND,2023-06-25,Himachal Pradesh,Hamirpur,district,FAO/GAUL/2015/level2,matched,17668,1.673,S1,interim_s1_only,s1_interim,aoi,pending,track_b_not_run,,1.673,2.8724,,,,,,,,,no-sits,True,26.7,0.7946,-16.0,True,BOTH,4.0,6.0,265.4393,11.803,54.1364,1122.326232597962,1.673,S1,no_optical_s1,fs1-3016a20fd3ad
E167::kangra,E167,2023-0428-IND,2023-06-25,Himachal Pradesh,Kangra,district,FAO/GAUL/2015/level2,matched,17669,17.3819,S1,interim_s1_only,s1_interim,aoi,pending,track_b_not_run,,17.3819,6.898,,,,,,,,,no-sits,True,47.5,0.5421,-15.75,False,BOTH,6.0,7.0,1405.7597,55.0841,510.1435,5710.452547791486,17.3819,S1,no_optical_s1,fs1-3016a20fd3ad
E167::mandi,E167,2023-0428-IND,2023-06-25,Himachal Pradesh,Mandi,district,FAO/GAUL/2015/level2,matched,17673,8.9928,S1,interim_s1_only,s1_interim,aoi,pending,track_b_not_run,,8.9928,1.7567,,,,,,,,,no-sits,True,45.4,0.734,-13.25,False,BOTH,5.0,10.0,180.7402,9.2391,62.9296,3951.2717684747336,8.9928,S1,no_optical_s1,fs1-3016a20fd3ad
E167::shimla,E167,2023-0428-IND,2023-06-25,Himachal Pradesh,Shimla,district,FAO/GAUL/2015/level2,matched,17674,2.3978,S1,interim_s1_only,s1_interim,aoi,pending,track_b_not_run,,2.3978,0.6781,,,,,,,,,no-sits,True,41.2,0.6302,-15.25,False,BOTH,6.0,10.0,39.2503,0.8991,4.0632,5136.6062379686,2.3978,S1,no_optical_s1,fs1-3016a20fd3ad
E167::sirmaur,E167,2023-0428-IND,2023-06-25,Himachal Pradesh,Sirmaur,district,FAO/GAUL/2015/level2,matched,17675,8.669,S1,interim_s1_only,s1_interim,aoi,pending,track_b_not_run,,8.669,0.4764,,,,,,,,,no-sits,True,52.3,0.4967,-16.0,True,BOTH,8.0,7.0,261.8072,14.1158,105.4182,2811.440665900108,8.669,S1,no_optical_s1,fs1-3016a20fd3ad
E167::solan,E167,2023-0428-IND,2023-06-25,Himachal Pradesh,Solan,district,FAO/GAUL/2015/level2,matched,17676,3.2835,S1,interim_s1_only,s1_interim,aoi,pending,track_b_not_run,,3.2835,1.0797,,,,,,,,,no-sits,True,38.5,0.8706,-16.0,True,BOTH,3.0,5.0,307.5316,32.1632,151.4042,1957.7422724549936,3.2835,S1,no_optical_s1,fs1-3016a20fd3ad
E168::belagavi,E168,2023-0428-IND,2023-06-25,Karnataka,Belagavi,district,geoBoundaries/gbOpen/IND/ADM2/2021@8bef6929fd65432e7dc775e7c44473e84efff064ebddbfd6b834e6291546db40,matched,76128533B74319098136622,338.8301,S1,interim_s1_only,s1_interim,aoi,pending,track_b_not_run,,338.8301,,,,,,,,,,no-sits,False,100.0,,-16.0,True,DESCENDING,6.0,0.0,10911.9771,215.1324,7249.3894,13437.79374447446,338.8301,S1,no_optical_s1,fs1-3016a20fd3ad
E168::chikkamagaluru,E168,2023-0428-IND,2023-06-25,Karnataka,Chikkamagaluru,district,geoBoundaries/gbOpen/IND/ADM2/2021@8bef6929fd65432e7dc775e7c44473e84efff064ebddbfd6b834e6291546db40,matched,76128533B15550697205080,9.5385,S1,interim_s1_only,s1_interim,aoi,pending,track_b_not_run,,9.5385,0.1453,,,,,,,,,no-sits,True,81.3,0.2433,-16.0,True,DESCENDING,4.0,4.0,3145.504,67.1392,1109.3502,6937.32502311172,9.5385,S1,no_optical_s1,fs1-3016a20fd3ad
E168::shivamogga,E168,2023-0428-IND,2023-06-25,Karnataka,Shivamogga,district,geoBoundaries/gbOpen/IND/ADM2/2021@8bef6929fd65432e7dc775e7c44473e84efff064ebddbfd6b834e6291546db40,matched,76128533B85389886560116,17.6609,S1,interim_s1_only,s1_interim,aoi,pending,track_b_not_run,,17.6609,0.005,,,,,,,,,no-sits,True,98.4,0.0231,-16.0,True,DESCENDING,6.0,3.0,4753.5743,81.2488,1380.4865,8475.375992281286,17.6609,S1,no_optical_s1,fs1-3016a20fd3ad
E168::uttara%20kannada,E168,2023-0428-IND,2023-06-25,Karnataka,Uttara Kannada,district,geoBoundaries/gbOpen/IND/ADM2/2021@8bef6929fd65432e7dc775e7c44473e84efff064ebddbfd6b834e6291546db40,matched,76128533B79180273895456,26.0356,S1,interim_s1_only,s1_interim,aoi,pending,track_b_not_run,,26.0356,0.0008,,,,,,,,,no-sits,True,99.3,0.0144,-16.0,True,DESCENDING,6.0,1.0,4002.0244,32.4361,576.3425,10404.181767075685,26.0356,S1,no_optical_s1,fs1-3016a20fd3ad
E169::alirajpur,E169,2023-0428-IND,2023-06-25,Madhya Pradesh,Alirajpur,district,geoBoundaries/gbOpen/IND/ADM2/2021@8bef6929fd65432e7dc775e7c44473e84efff064ebddbfd6b834e6291546db40,matched,76128533B35167844027544,3.3568,S1,interim_s1_only,s1_interim,aoi,pending,track_b_not_run,,3.3568,1.6857,,,,,,,,,no-sits,True,58.2,0.4429,-16.0,True,DESCENDING,4.0,3.0,1932.9656,9.8389,1150.6469,3328.147125634296,3.3568,S1,no_optical_s1,fs1-3016a20fd3ad
E169::balaghat,E169,2023-0428-IND,2023-06-25,Madhya Pradesh,Balaghat,district,FAO/GAUL/2015/level2,matched,17712,16.6196,S1,interim_s1_only,s1_interim,aoi,pending,track_b_not_run,,16.6196,,,,,,,,,,no-sits,False,100.0,,-16.0,True,DESCENDING,3.0,0.0,6244.7907,82.387,2640.9935,9273.202911700502,16.6196,S1,no_optical_s1,fs1-3016a20fd3ad
E169::betul,E169,2023-0428-IND,2023-06-25,Madhya Pradesh,Betul,district,FAO/GAUL/2015/level2,matched,17714,18.6592,S1,interim_s1_only,s1_interim,aoi,pending,track_b_not_run,,18.6592,9.0121,,,,,,,,,no-sits,True,93.0,0.0786,-16.0,True,DESCENDING,5.0,2.0,5947.3184,64.526,3759.6164,10094.739119322416,18.6592,S1,no_optical_s1,fs1-3016a20fd3ad
E169::dewas,E169,2023-0428-IND,2023-06-25,Madhya Pradesh,Dewas,district,FAO/GAUL/2015/level2,matched,17722,29.8801,S1,interim_s1_only,s1_interim,aoi,pending,track_b_not_run,,29.8801,29.1165,,,,,,,,,no-sits,True,85.6,0.1361,-16.0,True,DESCENDING,6.0,3.0,5931.2577,102.6968,4280.9472,6974.172329238148,29.8801,S1,no_optical_s1,fs1-3016a20fd3ad
E169::narmadapuram,E169,2023-0428-IND,2023-06-25,Madhya Pradesh,Narmadapuram,district,geoBoundaries/gbOpen/IND/ADM2/2021@8bef6929fd65432e7dc775e7c44473e84efff064ebddbfd6b834e6291546db40,matched,76128533B45314020251888,84.3672,S1,interim_s1_only,s1_interim,aoi,pending,track_b_not_run,,84.3672,3.0002,,,,,,,,,no-sits,True,95.2,0.0511,-16.0,True,DESCENDING,6.0,4.0,5105.9417,69.0131,3430.3687,6700.110425846931,84.3672,S1,no_optical_s1,fs1-3016a20fd3ad
E169::raisen,E169,2023-0428-IND,2023-06-25,Madhya Pradesh,Raisen,district,FAO/GAUL/2015/level2,matched,17739,56.6161,S1,interim_s1_only,s1_interim,aoi,pending,track_b_not_run,,56.6161,66.2609,,,,,,,,,no-sits,True,85.9,0.136,-16.0,True,DESCENDING,5.0,5.0,6810.1448,73.9147,4744.2072,8515.574877211904,56.6161,S1,no_optical_s1,fs1-3016a20fd3ad
E169::sagar,E169,2023-0428-IND,2023-06-25,Madhya Pradesh,Sagar,district,FAO/GAUL/2015/level2,matched,17744,85.3669,S1,interim_s1_only,s1_interim,aoi,pending,track_b_not_run,,85.3669,121.4492,,,,,,,,,no-sits,True,70.4,0.2905,-16.0,True,DESCENDING,6.0,10.0,8918.4273,115.2211,6014.2335,10275.828536821178,85.3669,S1,no_optical_s1,fs1-3016a20fd3ad
E170::amravati,E170,2023-0428-IND,2023-06-25,Maharashtra,Amravati,district,FAO/GAUL/2015/level2,matched,17759,79.7866,S1,interim_s1_only,s1_interim,aoi,pending,track_b_not_run,,79.7866,0.0035,,,,,,,,,no-sits,True,99.9,0.0008,-16.0,True,DESCENDING,6.0,2.0,9045.5548,177.4329,6744.6195,12219.234057356958,79.7866,S1,no_optical_s1,fs1-3016a20fd3ad
E170::beed,E170,2023-0428-IND,2023-06-25,Maharashtra,Beed,district,geoBoundaries/gbOpen/IND/ADM2/2021@8bef6929fd65432e7dc775e7c44473e84efff064ebddbfd6b834e6291546db40,matched,76128533B5215906594478,85.2595,S1,interim_s1_only,s1_interim,aoi,pending,track_b_not_run,,85.2595,,,,,,,,,,no-sits,False,100.0,,-16.0,True,DESCENDING,4.0,0.0,8719.2995,157.663,7635.8298,10598.453108887354,85.2595,S1,no_optical_s1,fs1-3016a20fd3ad
E170::chandrapur,E170,2023-0428-IND,2023-06-25,Maharashtra,Chandrapur,district,FAO/GAUL/2015/level2,matched,17763,27.4195,S1,interim_s1_only,s1_interim,aoi,pending,track_b_not_run,,27.4195,,,,,,,,,,no-sits,False,100.0,,-16.0,True,DESCENDING,3.0,0.0,10054.7759,135.21,5420.3789,11341.418798804118,27.4195,S1,no_optical_s1,fs1-3016a20fd3ad
E170::gondia,E170,2023-0428-IND,2023-06-25,Maharashtra,Gondia,district,geoBoundaries/gbOpen/IND/ADM2/2021@8bef6929fd65432e7dc775e7c44473e84efff064ebddbfd6b834e6291546db40,matched,76128533B76286653784168,19.6285,S1,interim_s1_only,s1_interim,aoi,pending,track_b_not_run,,19.6285,,,,,,,,,,no-sits,False,100.0,,-16.0,True,DESCENDING,4.0,0.0,4046.4397,77.1512,1998.3151,5163.895494674012,19.6285,S1,no_optical_s1,fs1-3016a20fd3ad
E170::hingoli,E170,2023-0428-IND,2023-06-25,Maharashtra,Hingoli,district,FAO/GAUL/2015/level2,matched,70181,14.7935,S1,interim_s1_only,s1_interim,aoi,pending,track_b_not_run,,14.7935,,,,,,,,,,no-sits,False,100.0,,-16.0,True,DESCENDING,4.0,0.0,3904.256,54.6689,3322.2593,4699.451157302487,14.7935,S1,no_optical_s1,fs1-3016a20fd3ad
E170::kolhapur,E170,2023-0428-IND,2023-06-25,Maharashtra,Kolhapur,district,FAO/GAUL/2015/level2,matched,17769,2.9259,S1,interim_s1_only,s1_interim,aoi,pending,track_b_not_run,,2.9259,,,,,,,,,,no-sits,False,100.0,,-16.0,True,DESCENDING,2.0,0.0,4339.6371,164.0835,1998.2373,7680.572392490604,2.9259,S1,no_optical_s1,fs1-3016a20fd3ad
E170::latur,E170,2023-0428-IND,2023-06-25,Maharashtra,Latur,district,FAO/GAUL/2015/level2,matched,17770,44.9225,S1,interim_s1_only,s1_interim,aoi,pending,track_b_not_run,,44.9225,0.0297,,,,,,,,,no-sits,True,99.5,0.0045,-16.0,True,DESCENDING,4.0,2.0,6790.144,153.4794,6164.5324,7256.020203028519,44.9225,S1,no_optical_s1,fs1-3016a20fd3ad
E170::mumbai%20city,E170,2023-0428-IND,2023-06-25,Maharashtra,Mumbai City,district,FAO/GAUL/2015/level2,matched,70184,0.1544,S1,interim_s1_only,s1_interim,aoi,pending,track_b_not_run,,0.1544,,,,,,,,,,no-sits,False,100.0,,-16.0,True,DESCENDING,1.0,0.0,58.1333,39.1202,1.5888,77.22400864672608,0.1544,S1,no_optical_s1,fs1-3016a20fd3ad
E170::mumbai%20suburban,E170,2023-0428-IND,2023-06-25,Maharashtra,Mumbai Suburban,district,FAO/GAUL/2015/level2,matched,70183,1.9072,S1,interim_s1_only,s1_interim,aoi,pending,track_b_not_run,,1.9072,,,,,,,,,,no-sits,False,100.0,,-16.0,True,DESCENDING,1.0,0.0,269.1381,114.0809,14.9713,409.3994670782586,1.9072,S1,no_optical_s1,fs1-3016a20fd3ad
E170::nagpur,E170,2023-0428-IND,2023-06-25,Maharashtra,Nagpur,district,FAO/GAUL/2015/level2,matched,17771,27.782,S1,interim_s1_only,s1_interim,aoi,pending,track_b_not_run,,27.782,0.0044,,,,,,,,,no-sits,True,100.0,0.0001,-16.0,True,DESCENDING,4.0,3.0,8635.9999,328.0741,5283.3706,9953.45883218179,27.782,S1,no_optical_s1,fs1-3016a20fd3ad
E170::nanded,E170,2023-0428-IND,2023-06-25,Maharashtra,Nanded,district,FAO/GAUL/2015/level2,matched,17772,352.0409,S1,interim_s1_only,s1_interim,aoi,pending,track_b_not_run,,352.0409,0.0841,,,,,,,,,no-sits,True,96.8,0.0349,-16.0,True,DESCENDING,6.0,2.0,8839.3377,168.0894,7290.9477,10620.660986533989,352.0409,S1,no_optical_s1,fs1-3016a20fd3ad
E170::nandurbar,E170,2023-0428-IND,2023-06-25,Maharashtra,Nandurbar,district,FAO/GAUL/2015/level2,matched,70185,5.082,S1,interim_s1_only,s1_interim,aoi,pending,track_b_not_run,,5.082,0.4699,,,,,,,,,no-sits,True,81.3,0.0973,-16.0,True,DESCENDING,3.0,2.0,3471.464,72.9714,2737.6716,5947.719113281336,5.082,S1,no_optical_s1,fs1-3016a20fd3ad
E170::nashik,E170,2023-0428-IND,2023-06-25,Maharashtra,Nashik,district,FAO/GAUL/2015/level2,matched,17773,18.398,S1,interim_s1_only,s1_interim,aoi,pending,track_b_not_run,,18.398,,,,,,,,,,no-sits,False,100.0,,-16.0,True,DESCENDING,3.0,0.0,10933.341,392.5205,7497.7904,15554.167322451072,18.398,S1,no_optical_s1,fs1-3016a20fd3ad
E170::palghar,E170,2023-0428-IND,2023-06-25,Maharashtra,Palghar,district,geoBoundaries/gbOpen/IND/ADM2/2021@8bef6929fd65432e7dc775e7c44473e84efff064ebddbfd6b834e6291546db40,matched,76128533B37148244536449,138.5786,S1,interim_s1_only,s1_interim,aoi,pending,track_b_not_run,,138.5786,,,,,,,,,,no-sits,False,100.0,,-13.75,False,DESCENDING,3.0,0.0,2858.6379,81.4369,1358.025,5355.281971404182,138.5786,S1,no_optical_s1,fs1-3016a20fd3ad
E170::pune,E170,2023-0428-IND,2023-06-25,Maharashtra,Pune,district,FAO/GAUL/2015/level2,matched,17776,19.3217,S1,interim_s1_only,s1_interim,aoi,pending,track_b_not_run,,19.3217,,,,,,,,,,no-sits,False,100.0,,-16.0,True,DESCENDING,4.0,0.0,10303.2933,728.4543,6115.6464,15649.899791716924,19.3217,S1,no_optical_s1,fs1-3016a20fd3ad
E170::raigad,E170,2023-0428-IND,2023-06-25,Maharashtra,Raigad,district,geoBoundaries/gbOpen/IND/ADM2/2021@8bef6929fd65432e7dc775e7c44473e84efff064ebddbfd6b834e6291546db40,matched,76128533B99895802074414,29.0543,S1,interim_s1_only,s1_interim,aoi,pending,track_b_not_run,,29.0543,0.1059,,,,,,,,,no-sits,True,99.0,0.01,-16.0,True,DESCENDING,4.0,1.0,2892.1404,117.3936,1262.6864,6987.901171136008,29.0543,S1,no_optical_s1,fs1-3016a20fd3ad
E170::ratnagiri,E170,2023-0428-IND,2023-06-25,Maharashtra,Ratnagiri,district,FAO/GAUL/2015/level2,matched,17778,7.463,S1,interim_s1_only,s1_interim,aoi,pending,track_b_not_run,,7.463,0.0061,,,,,,,,,no-sits,True,97.9,0.0215,-16.0,True,DESCENDING,4.0,1.0,2431.7672,30.6964,287.6809,8501.126377449938,7.463,S1,no_optical_s1,fs1-3016a20fd3ad
E170::satara,E170,2023-0428-IND,2023-06-25,Maharashtra,Satara,district,FAO/GAUL/2015/level2,matched,17781,16.944,S1,interim_s1_only,s1_interim,aoi,pending,track_b_not_run,,16.944,,,,,,,,,,no-sits,False,100.0,,-16.0,True,DESCENDING,2.0,0.0,6563.2479,235.9561,3725.5248,10502.605850168617,16.944,S1,no_optical_s1,fs1-3016a20fd3ad
E170::sindhudurg,E170,2023-0428-IND,2023-06-25,Maharashtra,Sindhudurg,district,FAO/GAUL/2015/level2,matched,17779,7.7609,S1,interim_s1_only,s1_interim,aoi,pending,track_b_not_run,,7.7609,,,,,,,,,,no-sits,False,100.0,,-16.0,True,DESCENDING,2.0,0.0,2179.0404,12.2382,250.7732,5174.499083363021,7.7609,S1,no_optical_s1,fs1-3016a20fd3ad
E170::thane,E170,2023-0428-IND,2023-06-25,Maharashtra,Thane,district,FAO/GAUL/2015/level2,matched,17783,124.5614,S1,interim_s1_only,s1_interim,aoi,pending,track_b_not_run,,124.5614,,,,,,,,,,no-sits,False,100.0,,-16.0,True,DESCENDING,3.0,0.0,5194.6674,271.0709,2395.1691,9454.897228160951,124.5614,S1,no_optical_s1,fs1-3016a20fd3ad
E170::yavatmal,E170,2023-0428-IND,2023-06-25,Maharashtra,Yavatmal,district,FAO/GAUL/2015/level2,matched,17785,129.8224,S1,interim_s1_only,s1_interim,aoi,pending,track_b_not_run,,129.8224,,,,,,,,,,no-sits,False,100.0,,-16.0,True,DESCENDING,6.0,0.0,11228.2973,164.814,8359.2787,13565.870768873778,129.8224,S1,no_optical_s1,fs1-3016a20fd3ad
E171::fazilka,E171,2023-0428-IND,2023-06-25,Punjab,Fazilka,district,geoBoundaries/gbOpen/IND/ADM2/2021@8bef6929fd65432e7dc775e7c44473e84efff064ebddbfd6b834e6291546db40,matched,76128533B7291413308870,770.5962,S1,interim_s1_only,s1_interim,aoi,pending,track_b_not_run,,770.5962,51.299,,,,,,,,,no-sits,True,0.0,1.0,-13.75,False,BOTH,6.0,6.0,3125.647,127.0779,2741.2245,3260.9663717370954,770.5962,S1,no_optical_s1,fs1-3016a20fd3ad
E171::firozpur,E171,2023-0428-IND,2023-06-25,Punjab,Firozpur,district,FAO/GAUL/2015/level2,matched,17825,1417.2031,S1,interim_s1_only,s1_interim,aoi,pending,track_b_not_run,,1417.2031,174.1376,,,,,,,,,no-sits,True,0.0,0.9999,-14.25,False,BOTH,6.0,7.0,4645.3722,207.1827,4100.2886,5185.395439607114,1417.2031,S1,no_optical_s1,fs1-3016a20fd3ad
E171::gurdaspur,E171,2023-0428-IND,2023-06-25,Punjab,Gurdaspur,district,FAO/GAUL/2015/level2,matched,17826,1201.0871,S1,interim_s1_only,s1_interim,aoi,pending,track_b_not_run,,1201.0871,117.8802,,,,,,,,,no-sits,True,65.7,0.3155,-14.25,False,BOTH,5.0,4.0,3098.5477,167.6617,2486.9024,3507.09272056944,1201.0871,S1,no_optical_s1,fs1-3016a20fd3ad
E171::kapurthala,E171,2023-0428-IND,2023-06-25,Punjab,Kapurthala,district,FAO/GAUL/2015/level2,matched,17829,552.0456,S1,interim_s1_only,s1_interim,aoi,pending,track_b_not_run,,552.0456,174.9279,,,,,,,,,no-sits,True,10.6,0.8845,-15.25,False,BOTH,6.0,3.0,1441.5894,74.9368,1247.8891,1659.308150376237,552.0456,S1,no_optical_s1,fs1-3016a20fd3ad
E171::mansa,E171,2023-0428-IND,2023-06-25,Punjab,Mansa,district,FAO/GAUL/2015/level2,matched,70232,536.8967,S1,interim_s1_only,s1_interim,aoi,pending,track_b_not_run,,536.8967,49.7591,,,,,,,,,no-sits,True,0.2,0.9981,-14.25,False,BOTH,6.0,4.0,1691.1475,81.682,1536.8015,2209.549070653662,536.8967,S1,no_optical_s1,fs1-3016a20fd3ad
E171::rupnagar,E171,2023-0428-IND,2023-06-25,Punjab,Rupnagar,district,FAO/GAUL/2015/level2,matched,17832,374.8732,S1,interim_s1_only,s1_interim,aoi,pending,track_b_not_run,,374.8732,47.4692,,,,,,,,,no-sits,True,9.7,0.9342,-13.25,False,BOTH,4.0,7.0,1738.0685,146.1954,1163.4196,2095.7343025165355,374.8732,S1,no_optical_s1,fs1-3016a20fd3ad
E171::tarn%20taran,E171,2023-0428-IND,2023-06-25,Punjab,Tarn Taran,district,geoBoundaries/gbOpen/IND/ADM2/2021@8bef6929fd65432e7dc775e7c44473e84efff064ebddbfd6b834e6291546db40,matched,76128533B54652028494758,926.6257,S1,interim_s1_only,s1_interim,aoi,pending,track_b_not_run,,926.6257,309.3881,,,,,,,,,no-sits,True,4.5,0.9533,-14.75,False,BOTH,4.0,3.0,2111.1429,92.9856,1911.0742,2426.872858514094,926.6257,S1,no_optical_s1,fs1-3016a20fd3ad
E172::bageshwar,E172,2023-0428-IND,2023-06-25,Uttarakhand,Bageshwar,district,FAO/GAUL/2015/level2,matched,70281,2.0463,S1,interim_s1_only,s1_interim,aoi,pending,track_b_not_run,,2.0463,,,,,,,,,,no-sits,False,100.0,,-16.25,False,BOTH,6.0,0.0,38.1041,1.0387,9.0154,2283.823715697251,2.0463,S1,no_optical_s1,fs1-3016a20fd3ad
E172::champawat,E172,2023-0428-IND,2023-06-25,Uttarakhand,Champawat,district,FAO/GAUL/2015/level2,matched,70283,3.6503,S1,interim_s1_only,s1_interim,aoi,pending,track_b_not_run,,3.6503,,,,,,,,,,no-sits,False,100.0,,-13.75,False,BOTH,7.0,0.0,46.9631,0.5375,6.9536,1688.3763040453146,3.6503,S1,no_optical_s1,fs1-3016a20fd3ad
E172::dehradun,E172,2023-0428-IND,2023-06-25,Uttarakhand,Dehradun,district,FAO/GAUL/2015/level2,matched,17903,33.3067,S1,interim_s1_only,s1_interim,aoi,pending,track_b_not_run,,33.3067,4.6403,,,,,,,,,no-sits,True,48.9,0.5355,-13.75,False,BOTH,10.0,7.0,982.9091,116.2416,246.4921,3070.1655325092884,33.3067,S1,no_optical_s1,fs1-3016a20fd3ad
E172::pauri%20garhwal,E172,2023-0428-IND,2023-06-25,Uttarakhand,Pauri Garhwal,district,FAO/GAUL/2015/level2,matched,17910,4.4566,S1,interim_s1_only,s1_interim,aoi,pending,track_b_not_run,,4.4566,2.2874,,,,,,,,,no-sits,True,73.8,0.2641,-16.0,True,BOTH,3.0,5.0,373.3441,16.8996,63.5702,5461.918144346134,4.4566,S1,no_optical_s1,fs1-3016a20fd3ad
E172::pithoragarh,E172,2023-0428-IND,2023-06-25,Uttarakhand,Pithoragarh,district,FAO/GAUL/2015/level2,matched,17932,11.2995,S1,interim_s1_only,s1_interim,aoi,pending,track_b_not_run,,11.2995,0.0004,,,,,,,,,no-sits,True,99.2,0.0011,-15.25,False,BOTH,10.0,7.0,107.4879,1.9764,9.4874,7209.480621522472,11.2995,S1,no_optical_s1,fs1-3016a20fd3ad
E172::tehri%20garhwal,E172,2023-0428-IND,2023-06-25,Uttarakhand,Tehri Garhwal,district,FAO/GAUL/2015/level2,matched,70287,4.2875,S1,interim_s1_only,s1_interim,aoi,pending,track_b_not_run,,4.2875,0.7893,,,,,,,,,no-sits,True,49.5,0.4464,-14.25,False,BOTH,8.0,13.0,46.9933,0.7541,6.5246,4393.487663681659,4.2875,S1,no_optical_s1,fs1-3016a20fd3ad
E172::udham%20singh%20nagar,E172,2023-0428-IND,2023-06-25,Uttarakhand,Udham Singh Nagar,district,FAO/GAUL/2015/level2,matched,70288,534.3501,S1,interim_s1_only,s1_interim,aoi,pending,track_b_not_run,,534.3501,,,,,,,,,,no-sits,False,100.0,,-13.75,False,BOTH,9.0,0.0,2584.6152,117.6935,1480.6837,2869.388323442663,534.3501,S1,no_optical_s1,fs1-3016a20fd3ad
E173::central%20delhi,E173,2023-0359-IND,2023-06-26,Delhi,Central Delhi,district,geoBoundaries/gbOpen/IND/ADM2/2021@8bef6929fd65432e7dc775e7c44473e84efff064ebddbfd6b834e6291546db40,matched,76128533B19832024635761,0.4457,S1,interim_s1_only,s1_interim,aoi,pending,track_b_not_run,,0.4457,0.8344,,,,,,,,,no-sits,True,39.6,0.5947,-16.0,True,BOTH,3.0,2.0,61.2611,35.6181,11.6987,75.42581247339129,0.4457,S1,no_optical_s1,fs1-3016a20fd3ad
E173::east%20delhi,E173,2023-0359-IND,2023-06-26,Delhi,East Delhi,district,geoBoundaries/gbOpen/IND/ADM2/2021@8bef6929fd65432e7dc775e7c44473e84efff064ebddbfd6b834e6291546db40,matched,76128533B72485933575946,0.3544,S1,interim_s1_only,s1_interim,aoi,pending,track_b_not_run,,0.3544,1.4429,,,,,,,,,no-sits,True,53.1,0.471,-16.0,True,BOTH,3.0,2.0,54.6152,36.1587,5.6189,66.11030367841411,0.3544,S1,no_optical_s1,fs1-3016a20fd3ad
E173::north%20east%20delhi,E173,2023-0359-IND,2023-06-26,Delhi,North East Delhi,district,geoBoundaries/gbOpen/IND/ADM2/2021@8bef6929fd65432e7dc775e7c44473e84efff064ebddbfd6b834e6291546db40,matched,76128533B9976625304286,0.5538,S1,interim_s1_only,s1_interim,aoi,pending,track_b_not_run,,0.5538,0.6679,,,,,,,,,no-sits,True,70.1,0.2949,-14.25,False,BOTH,4.0,2.0,33.405,15.0282,9.73,38.8590424987533,0.5538,S1,no_optical_s1,fs1-3016a20fd3ad
E173::shahdara,E173,2023-0359-IND,2023-06-26,Delhi,Shahdara,district,geoBoundaries/gbOpen/IND/ADM2/2021@8bef6929fd65432e7dc775e7c44473e84efff064ebddbfd6b834e6291546db40,matched,76128533B81419063387740,0.0438,S1,interim_s1_only,s1_interim,aoi,pending,track_b_not_run,,0.0438,0.8426,,,,,,,,,no-sits,True,77.5,0.2327,-16.0,True,BOTH,3.0,2.0,22.5926,18.523,0.8622,26.658849212845475,0.0438,S1,no_optical_s1,fs1-3016a20fd3ad
E174::ambala,E174,2023-0359-IND,2023-06-26,Haryana,Ambala,district,FAO/GAUL/2015/level2,matched,17654,435.6638,S1,interim_s1_only,s1_interim,aoi,pending,track_b_not_run,,435.6638,16.6359,,,,,,,,,no-sits,True,17.3,0.831,-13.25,False,BOTH,3.0,5.0,1707.1634,114.6664,1333.5668,1754.8220982240537,435.6638,S1,no_optical_s1,fs1-3016a20fd3ad
E174::faridabad,E174,2023-0359-IND,2023-06-26,Haryana,Faridabad,district,FAO/GAUL/2015/level2,matched,70131,407.1815,S1,interim_s1_only,s1_interim,aoi,pending,track_b_not_run,,407.1815,12.0998,,,,,,,,,no-sits,True,8.9,0.9137,-13.25,False,BOTH,3.0,5.0,1923.0868,205.3605,1463.2814,2165.3468184420803,407.1815,S1,no_optical_s1,fs1-3016a20fd3ad
E174::fatehabad,E174,2023-0359-IND,2023-06-26,Haryana,Fatehabad,district,FAO/GAUL/2015/level2,matched,70132,807.197,S1,interim_s1_only,s1_interim,aoi,pending,track_b_not_run,,807.197,26.8651,,,,,,,,,no-sits,True,2.0,0.9798,-14.75,False,BOTH,6.0,4.0,2128.3968,77.8184,1954.8669,2402.682593892363,807.197,S1,no_optical_s1,fs1-3016a20fd3ad
E174::kaithal,E174,2023-0359-IND,2023-06-26,Haryana,Kaithal,district,FAO/GAUL/2015/level2,matched,70134,826.901,S1,interim_s1_only,s1_interim,aoi,pending,track_b_not_run,,826.901,189.5485,,,,,,,,,no-sits,True,8.8,0.91,-14.75,False,BOTH,3.0,6.0,2083.4008,84.3713,1869.3283,2303.1655202632046,826.901,S1,no_optical_s1,fs1-3016a20fd3ad
E174::karnal,E174,2023-0359-IND,2023-06-26,Haryana,Karnal,district,FAO/GAUL/2015/level2,matched,17660,988.1674,S1,interim_s1_only,s1_interim,aoi,pending,track_b_not_run,,988.1674,527.6858,,,,,,,,,no-sits,True,14.3,0.8585,-14.25,False,BOTH,3.0,6.0,2522.754,130.139,2218.4042,2587.709213685723,988.1674,S1,no_optical_s1,fs1-3016a20fd3ad
E174::kurukshetra,E174,2023-0359-IND,2023-06-26,Haryana,Kurukshetra,district,FAO/GAUL/2015/level2,matched,17661,667.9973,S1,interim_s1_only,s1_interim,aoi,pending,track_b_not_run,,667.9973,94.2608,,,,,,,,,no-sits,True,1.5,0.9857,-14.25,False,BOTH,3.0,3.0,1802.9011,95.0122,1545.1407,1838.022753083565,667.9973,S1,no_optical_s1,fs1-3016a20fd3ad
E174::palwal,E174,2023-0359-IND,2023-06-26,Haryana,Palwal,district,geoBoundaries/gbOpen/IND/ADM2/2021@8bef6929fd65432e7dc775e7c44473e84efff064ebddbfd6b834e6291546db40,matched,76128533B71088079535368,264.1985,S1,interim_s1_only,s1_interim,aoi,pending,track_b_not_run,,264.1985,4.1837,,,,,,,,,no-sits,True,7.2,0.9271,-13.75,False,BOTH,3.0,4.0,1273.9278,78.2741,1097.0529,1346.920657107067,264.1985,S1,no_optical_s1,fs1-3016a20fd3ad
E174::panchkula,E174,2023-0359-IND,2023-06-26,Haryana,Panchkula,district,FAO/GAUL/2015/level2,matched,70135,10.807,S1,interim_s1_only,s1_interim,aoi,pending,track_b_not_run,,10.807,2.7084,,,,,,,,,no-sits,True,43.1,0.6676,-16.0,True,BOTH,2.0,7.0,341.5271,44.6189,166.8643,738.5529941627982,10.807,S1,no_optical_s1,fs1-3016a20fd3ad
E174::panipat,E174,2023-0359-IND,2023-06-26,Haryana,Panipat,district,FAO/GAUL/2015/level2,matched,70136,380.4302,S1,interim_s1_only,s1_interim,aoi,pending,track_b_not_run,,380.4302,132.6115,,,,,,,,,no-sits,True,21.5,0.7992,-14.25,False,BOTH,3.0,3.0,1043.4847,88.4136,865.3472,1226.2433904646914,380.4302,S1,no_optical_s1,fs1-3016a20fd3ad
E174::sirsa,E174,2023-0359-IND,2023-06-26,Haryana,Sirsa,district,FAO/GAUL/2015/level2,matched,17664,380.3494,S1,interim_s1_only,s1_interim,aoi,pending,track_b_not_run,,380.3494,10.3163,,,,,,,,,no-sits,True,2.0,0.9802,-16.0,True,BOTH,3.0,4.0,3977.2661,140.3783,3635.0509,4236.29365519208,380.3494,S1,no_optical_s1,fs1-3016a20fd3ad
E174::sonipat,E174,2023-0359-IND,2023-06-26,Haryana,Sonipat,district,geoBoundaries/gbOpen/IND/ADM2/2021@8bef6929fd65432e7dc775e7c44473e84efff064ebddbfd6b834e6291546db40,matched,76128533B69536039643660,499.1369,S1,interim_s1_only,s1_interim,aoi,pending,track_b_not_run,,499.1369,88.8142,,,,,,,,,no-sits,True,20.2,0.8094,-14.25,False,BOTH,2.0,6.0,1751.4299,115.5956,1473.1347,2105.149168379413,499.1369,S1,no_optical_s1,fs1-3016a20fd3ad
E174::yamunanagar,E174,2023-0359-IND,2023-06-26,Haryana,Yamunanagar,district,FAO/GAUL/2015/level2,matched,70138,84.0717,S1,interim_s1_only,s1_interim,aoi,pending,track_b_not_run,,84.0717,0.1835,,,,,,,,,no-sits,True,5.7,0.9753,-16.0,True,BOTH,5.0,3.0,1180.132,82.7615,777.8592,1306.606219119248,84.0717,S1,no_optical_s1,fs1-3016a20fd3ad
E175::hamirpur,E175,2023-0359-IND,2023-06-26,Himachal Pradesh,Hamirpur,district,FAO/GAUL/2015/level2,matched,17668,1.673,S1,interim_s1_only,s1_interim,aoi,pending,track_b_not_run,,1.673,2.8724,,,,,,,,,no-sits,True,26.7,0.7946,-16.0,True,BOTH,4.0,6.0,265.4393,11.803,54.1364,1122.326232597962,1.673,S1,no_optical_s1,fs1-3016a20fd3ad
E175::mandi,E175,2023-0359-IND,2023-06-26,Himachal Pradesh,Mandi,district,FAO/GAUL/2015/level2,matched,17673,8.9928,S1,interim_s1_only,s1_interim,aoi,pending,track_b_not_run,,8.9928,1.7567,,,,,,,,,no-sits,True,45.4,0.734,-13.25,False,BOTH,5.0,10.0,180.7402,9.2391,62.9296,3951.2717684747336,8.9928,S1,no_optical_s1,fs1-3016a20fd3ad
E175::solan,E175,2023-0359-IND,2023-06-26,Himachal Pradesh,Solan,district,FAO/GAUL/2015/level2,matched,17676,3.2835,S1,interim_s1_only,s1_interim,aoi,pending,track_b_not_run,,3.2835,1.0797,,,,,,,,,no-sits,True,38.5,0.8706,-16.0,True,BOTH,3.0,5.0,307.5316,32.1632,151.4042,1957.7422724549936,3.2835,S1,no_optical_s1,fs1-3016a20fd3ad
E176::faridkot,E176,2023-0359-IND,2023-06-26,Punjab,Faridkot,district,FAO/GAUL/2015/level2,matched,70230,510.5322,S1,interim_s1_only,s1_interim,aoi,pending,track_b_not_run,,510.5322,36.9155,,,,,,,,,no-sits,True,0.0,1.0,-15.25,False,BOTH,3.0,3.0,1292.5969,65.9584,1161.1232,1449.1523634868656,510.5322,S1,no_optical_s1,fs1-3016a20fd3ad
E176::fatehgarh%20sahib,E176,2023-0359-IND,2023-06-26,Punjab,Fatehgarh Sahib,district,FAO/GAUL/2015/level2,matched,70231,489.7609,S1,interim_s1_only,s1_interim,aoi,pending,track_b_not_run,,489.7609,331.2083,,,,,,,,,no-sits,True,0.3,0.9971,-14.75,False,BOTH,3.0,11.0,1090.3159,65.4281,964.15,1174.4102610014374,489.7609,S1,no_optical_s1,fs1-3016a20fd3ad
E176::firozpur,E176,2023-0359-IND,2023-06-26,Punjab,Firozpur,district,FAO/GAUL/2015/level2,matched,17825,1706.1758,S1,interim_s1_only,s1_interim,aoi,pending,track_b_not_run,,1706.1758,174.1376,,,,,,,,,no-sits,True,0.0,0.9999,-14.75,False,BOTH,8.0,7.0,4645.3722,207.1827,4100.2886,5185.395439607114,1706.1758,S1,no_optical_s1,fs1-3016a20fd3ad
E176::hoshiarpur,E176,2023-0359-IND,2023-06-26,Punjab,Hoshiarpur,district,FAO/GAUL/2015/level2,matched,17827,606.6013,S1,interim_s1_only,s1_interim,aoi,pending,track_b_not_run,,606.6013,54.2015,,,,,,,,,no-sits,True,35.5,0.6743,-13.75,False,BOTH,9.0,7.0,2845.513,156.1101,1853.9934,3362.8966396342144,606.6013,S1,no_optical_s1,fs1-3016a20fd3ad
E176::jalandhar,E176,2023-0359-IND,2023-06-26,Punjab,Jalandhar,district,FAO/GAUL/2015/level2,matched,17828,972.2523,S1,interim_s1_only,s1_interim,aoi,pending,track_b_not_run,,972.2523,150.5027,,,,,,,,,no-sits,True,18.3,0.8177,-15.75,False,BOTH,8.0,3.0,2536.5667,200.5457,2140.6614,2605.0531477191817,972.2523,S1,no_optical_s1,fs1-3016a20fd3ad
E176::ludhiana,E176,2023-0359-IND,2023-06-26,Punjab,Ludhiana,district,FAO/GAUL/2015/level2,matched,17830,1471.016,S1,interim_s1_only,s1_interim,aoi,pending,track_b_not_run,,1471.016,384.1703,,,,,,,,,no-sits,True,1.9,0.9803,-15.25,False,BOTH,5.0,11.0,3203.7682,294.0705,2636.351,3573.1078179391798,1471.016,S1,no_optical_s1,fs1-3016a20fd3ad
E176::moga,E176,2023-0359-IND,2023-06-26,Punjab,Moga,district,FAO/GAUL/2015/level2,matched,70233,1145.8312,S1,interim_s1_only,s1_interim,aoi,pending,track_b_not_run,,1145.8312,292.232,,,,,,,,,no-sits,True,0.0,1.0,-15.75,False,BOTH,4.0,4.0,2258.8489,117.7557,2066.4633,2304.7121791106997,1145.8312,S1,no_optical_s1,fs1-3016a20fd3ad
E176::pathankot,E176,2023-0359-IND,2023-06-26,Punjab,Pathankot,district,geoBoundaries/gbOpen/IND/ADM2/2021@8bef6929fd65432e7dc775e7c44473e84efff064ebddbfd6b834e6291546db40,matched,76128533B19630094725383,164.0309,S1,interim_s1_only,s1_interim,aoi,pending,track_b_not_run,,164.0309,5.9637,,,,,,,,,no-sits,True,65.1,0.2362,-14.25,False,BOTH,4.0,2.0,751.4754,46.7949,463.8746,999.949013574026,164.0309,S1,no_optical_s1,fs1-3016a20fd3ad
E176::patiala,E176,2023-0359-IND,2023-06-26,Punjab,Patiala,district,FAO/GAUL/2015/level2,matched,17831,1344.2951,S1,interim_s1_only,s1_interim,aoi,pending,track_b_not_run,,1344.2951,540.7838,,,,,,,,,no-sits,True,8.1,0.914,-14.75,False,BOTH,7.0,12.0,3362.4907,220.6396,2831.9204,3716.087632293798,1344.2951,S1,no_optical_s1,fs1-3016a20fd3ad
E176::rupnagar,E176,2023-0359-IND,2023-06-26,Punjab,Rupnagar,district,FAO/GAUL/2015/level2,matched,17832,374.8732,S1,interim_s1_only,s1_interim,aoi,pending,track_b_not_run,,374.8732,47.4692,,,,,,,,,no-sits,True,9.7,0.9342,-13.25,False,BOTH,4.0,7.0,1738.0685,146.1954,1163.4196,2095.7343025165355,374.8732,S1,no_optical_s1,fs1-3016a20fd3ad
E176::sangrur,E176,2023-0359-IND,2023-06-26,Punjab,Sangrur,district,FAO/GAUL/2015/level2,matched,17833,1987.7868,S1,interim_s1_only,s1_interim,aoi,pending,track_b_not_run,,1987.7868,556.6496,,,,,,,,,no-sits,True,0.1,0.9993,-15.75,False,BOTH,9.0,11.0,4117.7548,200.9589,3739.9046,5091.276351954565,1987.7868,S1,no_optical_s1,fs1-3016a20fd3ad
E176::sas%20nagar,E176,2023-0359-IND,2023-06-26,Punjab,SAS Nagar,district,geoBoundaries/gbOpen/IND/ADM2/2021@8bef6929fd65432e7dc775e7c44473e84efff064ebddbfd6b834e6291546db40,matched,76128533B12197302963241,95.6742,S1,interim_s1_only,s1_interim,aoi,pending,track_b_not_run,,95.6742,16.1409,,,,,,,,,no-sits,True,21.5,0.8076,-16.0,True,BOTH,2.0,7.0,970.3828,125.7025,652.6273,1101.7298561292196,95.6742,S1,no_optical_s1,fs1-3016a20fd3ad
E176::sbs%20nagar,E176,2023-0359-IND,2023-06-26,Punjab,SBS Nagar,district,geoBoundaries/gbOpen/IND/ADM2/2021@8bef6929fd65432e7dc775e7c44473e84efff064ebddbfd6b834e6291546db40,matched,76128533B14984770113274,376.592,S1,interim_s1_only,s1_interim,aoi,pending,track_b_not_run,,376.592,82.7418,,,,,,,,,no-sits,True,3.0,0.9872,-14.25,False,BOTH,4.0,5.0,1160.9254,68.966,867.303,1278.3239705605308,376.592,S1,no_optical_s1,fs1-3016a20fd3ad
E176::tarn%20taran,E176,2023-0359-IND,2023-06-26,Punjab,Tarn Taran,district,geoBoundaries/gbOpen/IND/ADM2/2021@8bef6929fd65432e7dc775e7c44473e84efff064ebddbfd6b834e6291546db40,matched,76128533B54652028494758,1044.7641,S1,interim_s1_only,s1_interim,aoi,pending,track_b_not_run,,1044.7641,309.3881,,,,,,,,,no-sits,True,4.5,0.9533,-15.75,False,BOTH,5.0,3.0,2111.1429,92.9856,1911.0742,2426.872858514094,1044.7641,S1,no_optical_s1,fs1-3016a20fd3ad
E178::bhadradri%20kothagudem,E178,2023-0486-IND,2023-07-27,Telangana,Bhadradri Kothagudem,district,OpenStreetMap/snapshot/2026-09-12@a376d0c370782c7f65739f2dd49bf760717e36be549f615d7a9cda6d4dafb3bf,matched,OSM:relation/7698599,79.5894,S1,interim_s1_only,s1_interim,aoi,pending,track_b_not_run,,79.5894,0.9868,,,,,,,,,no-sits,True,91.6,0.0662,-16.0,True,DESCENDING,6.0,3.0,5084.1362,72.6082,2214.0815,7117.081054504196,79.5894,S1,no_optical_s1,fs1-3016a20fd3ad
E178::jayashankar%20bhupalpally,E178,2023-0486-IND,2023-07-27,Telangana,Jayashankar Bhupalpally,district,geoBoundaries/gbOpen/IND/ADM2/2021@8bef6929fd65432e7dc775e7c44473e84efff064ebddbfd6b834e6291546db40,matched,76128533B60322704115131,81.0534,S1,interim_s1_only,s1_interim,aoi,pending,track_b_not_run,,81.0534,5.8087,,,,,,,,,no-sits,True,84.1,0.0868,-16.0,True,DESCENDING,2.0,2.0,2602.7633,30.5973,1083.15,2881.8116820895457,81.0534,S1,no_optical_s1,fs1-3016a20fd3ad
E178::mancherial,E178,2023-0486-IND,2023-07-27,Telangana,Mancherial,district,geoBoundaries/gbOpen/IND/ADM2/2021@8bef6929fd65432e7dc775e7c44473e84efff064ebddbfd6b834e6291546db40,matched,76128533B53018054761164,94.8602,S1,interim_s1_only,s1_interim,aoi,pending,track_b_not_run,,94.8602,3.2292,,,,,,,,,no-sits,True,80.7,0.1233,-16.0,True,DESCENDING,2.0,2.0,3197.5668,59.8383,1554.887,3766.351512701602,94.8602,S1,no_optical_s1,fs1-3016a20fd3ad
E178::mulugu,E178,2023-0486-IND,2023-07-27,Telangana,Mulugu,district,geoBoundaries/gbOpen/IND/ADM2/2021@8bef6929fd65432e7dc775e7c44473e84efff064ebddbfd6b834e6291546db40,matched,76128533B84398038505400,56.7576,S1,interim_s1_only,s1_interim,aoi,pending,track_b_not_run,,56.7576,6.5567,,,,,,,,,no-sits,True,65.8,0.2071,-16.0,True,DESCENDING,1.0,4.0,2263.06,18.1143,689.0667,3027.383916109492,56.7576,S1,no_optical_s1,fs1-3016a20fd3ad
E178::nirmal,E178,2023-0486-IND,2023-07-27,Telangana,Nirmal,district,geoBoundaries/gbOpen/IND/ADM2/2021@8bef6929fd65432e7dc775e7c44473e84efff064ebddbfd6b834e6291546db40,matched,76128533B25280172436550,119.2797,S1,interim_s1_only,s1_interim,aoi,pending,track_b_not_run,,119.2797,0.2979,,,,,,,,,no-sits,True,99.5,0.0008,-16.0,True,DESCENDING,2.0,4.0,3082.0556,51.3738,1982.1399,3734.707359958707,119.2797,S1,no_optical_s1,fs1-3016a20fd3ad
E179::kanyakumari,E179,2023-0846-IND,2023-12-18,Tamil Nadu,Kanyakumari,district,geoBoundaries/gbOpen/IND/ADM2/2021@8bef6929fd65432e7dc775e7c44473e84efff064ebddbfd6b834e6291546db40,matched,76128533B53796141759805,2.0265,S1,interim_s1_only,s1_interim,aoi,pending,track_b_not_run,,2.0265,7.0259,,,,,,,,,no-sits,True,9.2,0.9731,-16.0,True,DESCENDING,1.0,6.0,754.9815,59.3534,65.719,1731.6509313616805,2.0265,S1,no_optical_s1,fs1-3016a20fd3ad
E179::tenkasi,E179,2023-0846-IND,2023-12-18,Tamil Nadu,Tenkasi,district,geoBoundaries/gbOpen/IND/ADM2/2021@8bef6929fd65432e7dc775e7c44473e84efff064ebddbfd6b834e6291546db40,matched,76128533B27604563137530,35.9735,S1,interim_s1_only,s1_interim,aoi,pending,track_b_not_run,,35.9735,0.3558,,,,,,,,,no-sits,True,97.1,0.0323,-16.0,True,DESCENDING,2.0,6.0,2416.5276,104.2838,1215.4015,2880.477474023877,35.9735,S1,no_optical_s1,fs1-3016a20fd3ad
E179::thoothukudi,E179,2023-0846-IND,2023-12-18,Tamil Nadu,Thoothukudi,district,FAO/GAUL/2015/level2,matched,17866,7.4166,S1,interim_s1_only,s1_interim,aoi,pending,track_b_not_run,,7.4166,31.4659,,,,,,,,,no-sits,True,58.2,0.3987,-16.0,True,DESCENDING,2.0,9.0,4592.2261,181.188,2051.2903,4753.760490296577,7.4166,S1,no_optical_s1,fs1-3016a20fd3ad
E179::tirunelveli,E179,2023-0846-IND,2023-12-18,Tamil Nadu,Tirunelveli,district,geoBoundaries/gbOpen/IND/ADM2/2021@8bef6929fd65432e7dc775e7c44473e84efff064ebddbfd6b834e6291546db40,matched,76128533B52639434516056,68.6698,S1,interim_s1_only,s1_interim,aoi,pending,track_b_not_run,,68.6698,41.9818,,,,,,,,,no-sits,True,72.7,0.2952,-16.0,True,DESCENDING,2.0,5.0,2902.3671,151.7629,830.5332,3791.340968942823,68.6698,S1,no_optical_s1,fs1-3016a20fd3ad
E180::biswanath,E180,2024-0399-IND,2024-05-01,Assam,Biswanath,district,geoBoundaries/gbOpen/IND/ADM2/2021@8bef6929fd65432e7dc775e7c44473e84efff064ebddbfd6b834e6291546db40,matched,76128533B40714385808093,31.1083,S1,interim_s1_only,s1_interim,aoi,pending,track_b_not_run,,31.1083,1.9094,,,,,,,,,no-sits,True,53.3,0.4782,-18.75,False,BOTH,8.0,3.0,1560.1555,18.4415,730.5119,1795.9804068304836,31.1083,S1,no_optical_s1,fs1-3016a20fd3ad
E180::cachar,E180,2024-0399-IND,2024-05-01,Assam,Cachar,district,FAO/GAUL/2015/level2,matched,17577,175.8924,S1,interim_s1_only,s1_interim,aoi,pending,track_b_not_run,,175.8924,18.7329,,,,,,,,,no-sits,True,3.3,0.9667,-13.25,False,BOTH,5.0,7.0,1742.352,28.6315,777.3899,3806.329961738336,175.8924,S1,no_optical_s1,fs1-3016a20fd3ad
E180::darrang,E180,2024-0399-IND,2024-05-01,Assam,Darrang,district,FAO/GAUL/2015/level2,matched,17578,37.6785,S1,interim_s1_only,s1_interim,aoi,pending,track_b_not_run,,37.6785,,,,,,,,,,no-sits,False,100.0,,-18.25,False,BOTH,4.0,0.0,3074.5271,59.1961,1652.486,3426.9679336953163,37.6785,S1,no_optical_s1,fs1-3016a20fd3ad
E180::dhemaji,E180,2024-0399-IND,2024-05-01,Assam,Dhemaji,district,FAO/GAUL/2015/level2,matched,70087,32.2478,S1,interim_s1_only,s1_interim,aoi,pending,track_b_not_run,,32.2478,23.6528,,,,,,,,,no-sits,True,20.0,0.8111,-17.25,False,BOTH,4.0,6.0,2240.4877,21.9993,1222.1808,2503.3476339074205,32.2478,S1,no_optical_s1,fs1-3016a20fd3ad
E180::dibrugarh,E180,2024-0399-IND,2024-05-01,Assam,Dibrugarh,district,FAO/GAUL/2015/level2,matched,17580,125.0029,S1,interim_s1_only,s1_interim,aoi,pending,track_b_not_run,,125.0029,78.8198,,,,,,,,,no-sits,True,6.8,0.9472,-17.25,False,BOTH,5.0,10.0,2887.5515,56.4443,1158.2783,3397.4818067287138,125.0029,S1,no_optical_s1,fs1-3016a20fd3ad
E180::golaghat,E180,2024-0399-IND,2024-05-01,Assam,Golaghat,district,FAO/GAUL/2015/level2,matched,17582,32.7283,S1,interim_s1_only,s1_interim,aoi,pending,track_b_not_run,,32.7283,8.4596,,,,,,,,,no-sits,True,37.7,0.6314,-18.25,False,BOTH,7.0,5.0,3111.5422,41.889,1494.8322,3532.2679838886856,32.7283,S1,no_optical_s1,fs1-3016a20fd3ad
E180::jorhat,E180,2024-0399-IND,2024-05-01,Assam,Jorhat,district,FAO/GAUL/2015/level2,matched,70089,27.8222,S1,interim_s1_only,s1_interim,aoi,pending,track_b_not_run,,27.8222,13.4546,,,,,,,,,no-sits,True,17.8,0.8243,-17.75,False,BOTH,4.0,4.0,2306.1826,46.9407,1139.7231,2842.716884638612,27.8222,S1,no_optical_s1,fs1-3016a20fd3ad
E180::kamrup,E180,2024-0399-IND,2024-05-01,Assam,Kamrup,district,FAO/GAUL/2015/level2,matched,17583,563.3929,S1,interim_s1_only,s1_interim,aoi,pending,track_b_not_run,,563.3929,,,,,,,,,,no-sits,False,100.0,,-13.25,False,BOTH,5.0,0.0,2833.5254,161.5654,1408.6863,4348.6225796054405,563.3929,S1,no_optical_s1,fs1-3016a20fd3ad
E180::karimganj,E180,2024-0399-IND,2024-05-01,Assam,Karimganj,district,FAO/GAUL/2015/level2,matched,17585,64.8878,S1,interim_s1_only,s1_interim,aoi,pending,track_b_not_run,,64.8878,41.9434,,,,,,,,,no-sits,True,0.1,0.9997,-13.75,False,BOTH,3.0,6.0,1051.2523,8.5912,454.5248,1856.722473230466,64.8878,S1,no_optical_s1,fs1-3016a20fd3ad
E180::lakhimpur,E180,2024-0399-IND,2024-05-01,Assam,Lakhimpur,district,FAO/GAUL/2015/level2,matched,70091,17.18,S1,interim_s1_only,s1_interim,aoi,pending,track_b_not_run,,17.18,16.0305,,,,,,,,,no-sits,True,6.0,0.9411,-16.75,False,BOTH,6.0,6.0,2563.3875,26.0117,1480.1181,2886.5239581816727,17.18,S1,no_optical_s1,fs1-3016a20fd3ad
E180::majuli,E180,2024-0399-IND,2024-05-01,Assam,Majuli,district,geoBoundaries/gbOpen/IND/ADM2/2021@8bef6929fd65432e7dc775e7c44473e84efff064ebddbfd6b834e6291546db40,matched,76128533B15157901669242,37.1837,S1,interim_s1_only,s1_interim,aoi,pending,track_b_not_run,,37.1837,14.8833,,,,,,,,,no-sits,True,17.2,0.843,-18.75,False,BOTH,8.0,4.0,895.4552,4.9644,388.9801,1250.5943287676694,37.1837,S1,no_optical_s1,fs1-3016a20fd3ad
E180::morigaon,E180,2024-0399-IND,2024-05-01,Assam,Morigaon,district,geoBoundaries/gbOpen/IND/ADM2/2021@8bef6929fd65432e7dc775e7c44473e84efff064ebddbfd6b834e6291546db40,matched,76128533B17968019348564,17.3151,S1,interim_s1_only,s1_interim,aoi,pending,track_b_not_run,,17.3151,2.7222,,,,,,,,,no-sits,True,90.9,0.1005,-18.75,False,BOTH,3.0,1.0,1311.7575,29.7776,855.9907,1508.3262903435707,17.3151,S1,no_optical_s1,fs1-3016a20fd3ad
E180::nagaon,E180,2024-0399-IND,2024-05-01,Assam,Nagaon,district,FAO/GAUL/2015/level2,matched,17589,104.5323,S1,interim_s1_only,s1_interim,aoi,pending,track_b_not_run,,104.5323,21.1551,,,,,,,,,no-sits,True,6.5,0.9405,-16.0,True,BOTH,5.0,8.0,3099.3518,85.1365,1748.5294,3997.4423095607103,104.5323,S1,no_optical_s1,fs1-3016a20fd3ad
E180::nalbari,E180,2024-0399-IND,2024-05-01,Assam,Nalbari,district,FAO/GAUL/2015/level2,matched,17590,25.7918,S1,interim_s1_only,s1_interim,aoi,pending,track_b_not_run,,25.7918,,,,,,,,,,no-sits,False,100.0,,-18.75,False,BOTH,4.0,0.0,2097.5834,38.1238,1132.0605,2339.8796955273547,25.7918,S1,no_optical_s1,fs1-3016a20fd3ad
E180::sivasagar,E180,2024-0399-IND,2024-05-01,Assam,Sivasagar,district,geoBoundaries/gbOpen/IND/ADM2/2021@8bef6929fd65432e7dc775e7c44473e84efff064ebddbfd6b834e6291546db40,matched,76128533B21722277889516,79.9422,S1,interim_s1_only,s1_interim,aoi,pending,track_b_not_run,,79.9422,5.3844,,,,,,,,,no-sits,True,36.8,0.6336,-13.75,False,BOTH,4.0,3.0,1387.3046,33.7338,786.7767,1526.6517657716288,79.9422,S1,no_optical_s1,fs1-3016a20fd3ad
E180::sonitpur,E180,2024-0399-IND,2024-05-01,Assam,Sonitpur,district,FAO/GAUL/2015/level2,matched,17593,95.73,S1,interim_s1_only,s1_interim,aoi,pending,track_b_not_run,,95.73,16.1308,,,,,,,,,no-sits,True,41.7,0.5804,-19.25,False,BOTH,9.0,3.0,4081.5881,70.4035,1950.1255,4676.158375740257,95.73,S1,no_optical_s1,fs1-3016a20fd3ad
E180::tamulpur,E180,2024-0399-IND,2024-05-01,Assam,Tamulpur,district,OpenStreetMap/snapshot/2026-09-12@2d2926aa53838f0df6ee9b40c723eb2daf7a4bafbbf75528a64bd4c3eec49281,matched,OSM:relation/16702229,18.1546,S1,interim_s1_only,s1_interim,aoi,pending,track_b_not_run,,18.1546,,,,,,,,,,no-sits,False,100.0,,-16.0,True,BOTH,4.0,0.0,790.5555,8.7039,412.9919,860.0009585836317,18.1546,S1,no_optical_s1,fs1-3016a20fd3ad
E180::tinsukia,E180,2024-0399-IND,2024-05-01,Assam,Tinsukia,district,FAO/GAUL/2015/level2,matched,70093,85.5982,S1,interim_s1_only,s1_interim,aoi,pending,track_b_not_run,,85.5982,48.371,,,,,,,,,no-sits,True,0.1,0.9994,-16.25,False,BOTH,4.0,10.0,3303.9786,35.8835,942.5054,3799.190193815676,85.5982,S1,no_optical_s1,fs1-3016a20fd3ad
E180::udalguri,E180,2024-0399-IND,2024-05-01,Assam,Udalguri,district,geoBoundaries/gbOpen/IND/ADM2/2021@8bef6929fd65432e7dc775e7c44473e84efff064ebddbfd6b834e6291546db40,matched,76128533B20307518801538,31.7846,S1,interim_s1_only,s1_interim,aoi,pending,track_b_not_run,,31.7846,,,,,,,,,,no-sits,False,100.0,,-16.0,True,BOTH,4.0,0.0,1902.4689,22.7021,962.0185,2056.2913712488325,31.7846,S1,no_optical_s1,fs1-3016a20fd3ad
E181::east%20jaintia%20hills,E181,2024-0399-IND,2024-05-01,Meghalaya,East Jaintia Hills,district,geoBoundaries/gbOpen/IND/ADM2/2021@8bef6929fd65432e7dc775e7c44473e84efff064ebddbfd6b834e6291546db40,matched,76128533B70185077694103,3.97,S1,interim_s1_only,s1_interim,aoi,pending,track_b_not_run,,3.97,1.5723,,,,,,,,,no-sits,True,6.3,0.9426,-16.0,True,BOTH,6.0,6.0,367.6072,5.9953,40.2083,2077.589780451139,3.97,S1,no_optical_s1,fs1-3016a20fd3ad
E181::east%20khasi%20hills,E181,2024-0399-IND,2024-05-01,Meghalaya,East Khasi Hills,district,FAO/GAUL/2015/level2,matched,17794,5.8244,S1,interim_s1_only,s1_interim,aoi,pending,track_b_not_run,,5.8244,0.452,,,,,,,,,no-sits,True,89.7,0.1177,-16.0,True,BOTH,6.0,2.0,428.7692,14.8444,127.4337,2889.6322510589234,5.8244,S1,no_optical_s1,fs1-3016a20fd3ad
E181::south%20west%20garo%20hills,E181,2024-0399-IND,2024-05-01,Meghalaya,South West Garo Hills,district,geoBoundaries/gbOpen/IND/ADM2/2021@8bef6929fd65432e7dc775e7c44473e84efff064ebddbfd6b834e6291546db40,matched,76128533B52906466328910,0.8026,S1,interim_s1_only,s1_interim,aoi,pending,track_b_not_run,,0.8026,0.4622,,,,,,,,,no-sits,True,0.0,1.0,-16.0,True,ASCENDING,2.0,9.0,176.2683,1.0934,85.0319,586.0218511059741,0.8026,S1,no_optical_s1,fs1-3016a20fd3ad
E181::west%20garo%20hills,E181,2024-0399-IND,2024-05-01,Meghalaya,West Garo Hills,district,FAO/GAUL/2015/level2,matched,17796,6.7377,S1,interim_s1_only,s1_interim,aoi,pending,track_b_not_run,,6.7377,3.3822,,,,,,,,,no-sits,True,28.7,0.8319,-16.0,True,ASCENDING,2.0,15.0,874.7395,5.6708,252.4921,3440.766036854824,6.7377,S1,no_optical_s1,fs1-3016a20fd3ad
E181::west%20jaintia%20hills,E181,2024-0399-IND,2024-05-01,Meghalaya,West Jaintia Hills,district,geoBoundaries/gbOpen/IND/ADM2/2021@8bef6929fd65432e7dc775e7c44473e84efff064ebddbfd6b834e6291546db40,matched,76128533B84622469201834,8.9027,S1,interim_s1_only,s1_interim,aoi,pending,track_b_not_run,,8.9027,0.8524,,,,,,,,,no-sits,True,46.9,0.4809,-16.0,True,BOTH,6.0,7.0,360.4319,7.3878,83.3484,1728.380997144831,8.9027,S1,no_optical_s1,fs1-3016a20fd3ad
E182::barpeta,E182,2024-0481-IND,2024-07-09,Assam,Barpeta,district,FAO/GAUL/2015/level2,matched,17576,355.8081,S1,interim_s1_only,s1_interim,aoi,pending,track_b_not_run,,355.8081,2.7625,,,,,,,,,no-sits,True,57.5,0.0253,-15.75,False,ASCENDING,3.0,3.0,2781.8165,53.1895,1401.2032,3253.622989828742,355.8081,S1,no_optical_s1,fs1-3016a20fd3ad
E182::biswanath,E182,2024-0481-IND,2024-07-09,Assam,Biswanath,district,geoBoundaries/gbOpen/IND/ADM2/2021@8bef6929fd65432e7dc775e7c44473e84efff064ebddbfd6b834e6291546db40,matched,76128533B40714385808093,52.3779,S1,interim_s1_only,s1_interim,aoi,pending,track_b_not_run,,52.3779,0.0002,,,,,,,,,no-sits,True,100.0,0.0001,-15.75,False,ASCENDING,2.0,2.0,1560.1555,18.4415,730.5119,1795.9804068303213,52.3779,S1,no_optical_s1,fs1-3016a20fd3ad
E182::cachar,E182,2024-0481-IND,2024-07-09,Assam,Cachar,district,FAO/GAUL/2015/level2,matched,17577,119.0141,S1,interim_s1_only,s1_interim,aoi,pending,track_b_not_run,,119.0141,21.5917,,,,,,,,,no-sits,True,44.5,0.5346,-13.25,False,ASCENDING,2.0,2.0,1742.352,28.6315,777.3899,3806.329961738336,119.0141,S1,no_optical_s1,fs1-3016a20fd3ad
E182::chirang,E182,2024-0481-IND,2024-07-09,Assam,Chirang,district,geoBoundaries/gbOpen/IND/ADM2/2021@8bef6929fd65432e7dc775e7c44473e84efff064ebddbfd6b834e6291546db40,matched,76128533B56012535339305,34.0732,S1,interim_s1_only,s1_interim,aoi,pending,track_b_not_run,,34.0732,8.0785,,,,,,,,,no-sits,True,53.3,0.1397,-16.0,True,ASCENDING,3.0,2.0,1479.252,14.0007,493.708,1586.6528982343073,34.0732,S1,no_optical_s1,fs1-3016a20fd3ad
E182::darrang,E182,2024-0481-IND,2024-07-09,Assam,Darrang,district,FAO/GAUL/2015/level2,matched,17578,262.8603,S1,interim_s1_only,s1_interim,aoi,pending,track_b_not_run,,262.8603,19.3589,,,,,,,,,no-sits,True,71.1,0.0431,-15.25,False,ASCENDING,2.0,3.0,3074.5271,59.1961,1652.486,3426.9679336953163,262.8603,S1,no_optical_s1,fs1-3016a20fd3ad
E182::dhemaji,E182,2024-0481-IND,2024-07-09,Assam,Dhemaji,district,FAO/GAUL/2015/level2,matched,70087,38.8416,S1,interim_s1_only,s1_interim,aoi,pending,track_b_not_run,,38.8416,,,,,,,,,,no-sits,False,100.0,,-16.0,True,ASCENDING,2.0,0.0,2240.4877,21.9993,1222.1808,2503.3476339074205,38.8416,S1,no_optical_s1,fs1-3016a20fd3ad
E182::dhubri,E182,2024-0481-IND,2024-07-09,Assam,Dhubri,district,geoBoundaries/gbOpen/IND/ADM2/2021@8bef6929fd65432e7dc775e7c44473e84efff064ebddbfd6b834e6291546db40,matched,76128533B25835998628545,283.3324,S1,interim_s1_only,s1_interim,aoi,pending,track_b_not_run,,283.3324,0.0779,,,,,,,,,no-sits,True,45.5,0.0034,-14.75,False,ASCENDING,1.0,8.0,1545.8668,29.1865,884.5081,1790.280077462252,283.3324,S1,no_optical_s1,fs1-3016a20fd3ad
E182::dibrugarh,E182,2024-0481-IND,2024-07-09,Assam,Dibrugarh,district,FAO/GAUL/2015/level2,matched,17580,68.094,S1,interim_s1_only,s1_interim,aoi,pending,track_b_not_run,,68.094,,,,,,,,,,no-sits,False,100.0,,-17.25,False,ASCENDING,2.0,0.0,2887.5515,56.4443,1158.2783,3397.4818067287138,68.094,S1,no_optical_s1,fs1-3016a20fd3ad
E182::goalpara,E182,2024-0481-IND,2024-07-09,Assam,Goalpara,district,FAO/GAUL/2015/level2,matched,17581,188.1259,S1,interim_s1_only,s1_interim,aoi,pending,track_b_not_run,,188.1259,0.7575,,,,,,,,,no-sits,True,94.3,0.0096,-15.75,False,ASCENDING,2.0,5.0,1408.4225,27.3769,712.6012,1904.60564716237,188.1259,S1,no_optical_s1,fs1-3016a20fd3ad
E182::golaghat,E182,2024-0481-IND,2024-07-09,Assam,Golaghat,district,FAO/GAUL/2015/level2,matched,17582,225.2649,S1,interim_s1_only,s1_interim,aoi,pending,track_b_not_run,,225.2649,0.0,,,,,,,,,no-sits,True,100.0,0.0,-15.25,False,ASCENDING,1.0,1.0,3111.5422,41.889,1494.8322,3532.2679838886856,225.2649,S1,no_optical_s1,fs1-3016a20fd3ad
E182::hailakandi,E182,2024-0481-IND,2024-07-09,Assam,Hailakandi,district,FAO/GAUL/2015/level2,matched,70088,20.166,S1,interim_s1_only,s1_interim,aoi,pending,track_b_not_run,,20.166,9.4682,,,,,,,,,no-sits,True,34.3,0.5584,-13.25,False,ASCENDING,1.0,2.0,629.4125,6.1457,284.6509,1336.4605858584375,20.166,S1,no_optical_s1,fs1-3016a20fd3ad
E182::jorhat,E182,2024-0481-IND,2024-07-09,Assam,Jorhat,district,FAO/GAUL/2015/level2,matched,70089,126.0237,S1,interim_s1_only,s1_interim,aoi,pending,track_b_not_run,,126.0237,,,,,,,,,,no-sits,False,100.0,,-16.75,False,ASCENDING,1.0,0.0,2306.1826,46.9407,1139.7231,2842.716884638612,126.0237,S1,no_optical_s1,fs1-3016a20fd3ad
E182::kamrup,E182,2024-0481-IND,2024-07-09,Assam,Kamrup,district,FAO/GAUL/2015/level2,matched,17583,388.596,S1,interim_s1_only,s1_interim,aoi,pending,track_b_not_run,,388.596,16.9182,,,,,,,,,no-sits,True,84.7,0.095,-13.75,False,ASCENDING,3.0,5.0,2833.5254,161.5654,1408.6863,4348.6225796054405,388.596,S1,no_optical_s1,fs1-3016a20fd3ad
E182::kamrup%20metropolitan,E182,2024-0481-IND,2024-07-09,Assam,Kamrup Metropolitan,district,geoBoundaries/gbOpen/IND/ADM2/2021@8bef6929fd65432e7dc775e7c44473e84efff064ebddbfd6b834e6291546db40,matched,76128533B38230828972906,41.0805,S1,interim_s1_only,s1_interim,aoi,pending,track_b_not_run,,41.0805,1.3338,,,,,,,,,no-sits,True,93.6,0.0534,-16.0,True,ASCENDING,1.0,4.0,448.608,80.2055,184.2046,1131.541200086081,41.0805,S1,no_optical_s1,fs1-3016a20fd3ad
E182::karimganj,E182,2024-0481-IND,2024-07-09,Assam,Karimganj,district,FAO/GAUL/2015/level2,matched,17585,26.518,S1,interim_s1_only,s1_interim,aoi,pending,track_b_not_run,,26.518,16.211,,,,,,,,,no-sits,True,37.0,0.4898,-13.75,False,ASCENDING,1.0,2.0,1051.2523,8.5912,454.5248,1856.722473230466,26.518,S1,no_optical_s1,fs1-3016a20fd3ad
E182::majuli,E182,2024-0481-IND,2024-07-09,Assam,Majuli,district,geoBoundaries/gbOpen/IND/ADM2/2021@8bef6929fd65432e7dc775e7c44473e84efff064ebddbfd6b834e6291546db40,matched,76128533B15157901669242,73.7863,S1,interim_s1_only,s1_interim,aoi,pending,track_b_not_run,,73.7863,,,,,,,,,,no-sits,False,100.0,,-17.25,False,ASCENDING,1.0,0.0,895.4552,4.9644,388.9801,1250.5943287676694,73.7863,S1,no_optical_s1,fs1-3016a20fd3ad
E182::morigaon,E182,2024-0481-IND,2024-07-09,Assam,Morigaon,district,geoBoundaries/gbOpen/IND/ADM2/2021@8bef6929fd65432e7dc775e7c44473e84efff064ebddbfd6b834e6291546db40,matched,76128533B17968019348564,260.5971,S1,interim_s1_only,s1_interim,aoi,pending,track_b_not_run,,260.5971,5.9808,,,,,,,,,no-sits,True,93.3,0.0501,-15.75,False,ASCENDING,1.0,4.0,1311.7575,29.7776,855.9907,1508.3262903435707,260.5971,S1,no_optical_s1,fs1-3016a20fd3ad
E182::nagaon,E182,2024-0481-IND,2024-07-09,Assam,Nagaon,district,FAO/GAUL/2015/level2,matched,17589,516.4405,S1,interim_s1_only,s1_interim,aoi,pending,track_b_not_run,,516.4405,7.8253,,,,,,,,,no-sits,True,94.3,0.0417,-13.75,False,ASCENDING,2.0,3.0,3099.3518,85.1365,1748.5294,3997.4423095607103,516.4405,S1,no_optical_s1,fs1-3016a20fd3ad
E182::nalbari,E182,2024-0481-IND,2024-07-09,Assam,Nalbari,district,FAO/GAUL/2015/level2,matched,17590,304.1711,S1,interim_s1_only,s1_interim,aoi,pending,track_b_not_run,,304.1711,12.7992,,,,,,,,,no-sits,True,33.3,0.1094,-13.25,False,ASCENDING,2.0,2.0,2097.5834,38.1238,1132.0605,2339.8796955273547,304.1711,S1,no_optical_s1,fs1-3016a20fd3ad
E182::sivasagar,E182,2024-0481-IND,2024-07-09,Assam,Sivasagar,district,geoBoundaries/gbOpen/IND/ADM2/2021@8bef6929fd65432e7dc775e7c44473e84efff064ebddbfd6b834e6291546db40,matched,76128533B21722277889516,198.6602,S1,interim_s1_only,s1_interim,aoi,pending,track_b_not_run,,198.6602,,,,,,,,,,no-sits,False,100.0,,-13.25,False,ASCENDING,1.0,0.0,1387.3046,33.7338,786.7767,1526.651765771626,198.6602,S1,no_optical_s1,fs1-3016a20fd3ad
E182::south%20salmara,E182,2024-0481-IND,2024-07-09,Assam,South Salmara,district,geoBoundaries/gbOpen/IND/ADM2/2021@8bef6929fd65432e7dc775e7c44473e84efff064ebddbfd6b834e6291546db40,matched,76128533B20298037622173,55.8512,S1,interim_s1_only,s1_interim,aoi,pending,track_b_not_run,,55.8512,2.401,,,,,,,,,no-sits,True,20.9,0.1079,-15.75,False,ASCENDING,1.0,5.0,473.1623,8.762,258.8428,719.1856651342704,55.8512,S1,no_optical_s1,fs1-3016a20fd3ad
E183::auraiya,E183,2024-0481-IND,2024-07-09,Uttar Pradesh,Auraiya,district,FAO/GAUL/2015/level2,matched,70258,275.6296,S1,interim_s1_only,s1_interim,aoi,pending,track_b_not_run,,275.6296,25.9766,,,,,,,,,no-sits,True,41.6,0.5774,-13.25,False,BOTH,3.0,4.0,1939.8871,68.7054,1543.5472,2182.3976584986426,275.6296,S1,no_optical_s1,fs1-3016a20fd3ad
E183::ayodhya,E183,2024-0481-IND,2024-07-09,Uttar Pradesh,Ayodhya,district,geoBoundaries/gbOpen/IND/ADM2/2021@8bef6929fd65432e7dc775e7c44473e84efff064ebddbfd6b834e6291546db40,matched,76128533B60320291189162,205.2326,S1,interim_s1_only,s1_interim,aoi,pending,track_b_not_run,,205.2326,84.1835,,,,,,,,,no-sits,True,27.4,0.7253,-13.75,False,BOTH,4.0,7.0,2541.1827,122.905,1608.6144,2675.8001543878418,205.2326,S1,no_optical_s1,fs1-3016a20fd3ad
E183::ballia,E183,2024-0481-IND,2024-07-09,Uttar Pradesh,Ballia,district,FAO/GAUL/2015/level2,matched,17894,186.387,S1,interim_s1_only,s1_interim,aoi,pending,track_b_not_run,,186.387,89.7513,,,,,,,,,no-sits,True,38.8,0.4688,-15.75,False,BOTH,5.0,7.0,2760.4153,133.4226,2158.8817,3013.8054759791835,186.387,S1,no_optical_s1,fs1-3016a20fd3ad
E183::balrampur,E183,2024-0481-IND,2024-07-09,Uttar Pradesh,Balrampur,district,FAO/GAUL/2015/level2,matched,70261,546.887,S1,interim_s1_only,s1_interim,aoi,pending,track_b_not_run,,546.887,51.224,,,,,,,,,no-sits,True,68.5,0.3158,-15.25,False,BOTH,4.0,6.0,3049.8684,76.4006,1970.5359,3379.881475532829,546.887,S1,no_optical_s1,fs1-3016a20fd3ad
E183::barabanki,E183,2024-0481-IND,2024-07-09,Uttar Pradesh,Barabanki,district,FAO/GAUL/2015/level2,matched,17896,674.4428,S1,interim_s1_only,s1_interim,aoi,pending,track_b_not_run,,674.4428,196.8397,,,,,,,,,no-sits,True,19.9,0.8022,-13.75,False,BOTH,5.0,10.0,4261.6796,180.5234,2989.9903,4440.0005417469865,674.4428,S1,no_optical_s1,fs1-3016a20fd3ad
E183::budaun,E183,2024-0481-IND,2024-07-09,Uttar Pradesh,Budaun,district,geoBoundaries/gbOpen/IND/ADM2/2021@8bef6929fd65432e7dc775e7c44473e84efff064ebddbfd6b834e6291546db40,matched,76128533B84679668760735,540.5397,S1,interim_s1_only,s1_interim,aoi,pending,track_b_not_run,,540.5397,156.8202,,,,,,,,,no-sits,True,22.9,0.7703,-13.75,False,BOTH,3.0,8.0,4128.2792,135.7385,3559.8498,4242.29880763651,540.5397,S1,no_optical_s1,fs1-3016a20fd3ad
E183::chandauli,E183,2024-0481-IND,2024-07-09,Uttar Pradesh,Chandauli,district,FAO/GAUL/2015/level2,matched,70262,428.7448,S1,interim_s1_only,s1_interim,aoi,pending,track_b_not_run,,428.7448,58.9264,,,,,,,,,no-sits,True,30.6,0.6141,-14.75,False,BOTH,8.0,4.0,2234.5406,94.5853,1558.2197,2540.7391966848068,428.7448,S1,no_optical_s1,fs1-3016a20fd3ad
E183::deoria,E183,2024-0481-IND,2024-07-09,Uttar Pradesh,Deoria,district,FAO/GAUL/2015/level2,matched,17904,347.5169,S1,interim_s1_only,s1_interim,aoi,pending,track_b_not_run,,347.5169,26.7887,,,,,,,,,no-sits,True,64.9,0.2799,-15.75,False,BOTH,7.0,7.0,2374.0823,131.916,1927.7898,2561.4288968732094,347.5169,S1,no_optical_s1,fs1-3016a20fd3ad
E183::gonda,E183,2024-0481-IND,2024-07-09,Uttar Pradesh,Gonda,district,FAO/GAUL/2015/level2,matched,17913,352.6103,S1,interim_s1_only,s1_interim,aoi,pending,track_b_not_run,,352.6103,125.2998,,,,,,,,,no-sits,True,33.1,0.6717,-14.25,False,BOTH,5.0,10.0,3851.7976,154.9602,2720.6742,4014.846082655345,352.6103,S1,no_optical_s1,fs1-3016a20fd3ad
E183::gorakhpur,E183,2024-0481-IND,2024-07-09,Uttar Pradesh,Gorakhpur,district,FAO/GAUL/2015/level2,matched,17914,517.6526,S1,interim_s1_only,s1_interim,aoi,pending,track_b_not_run,,517.6526,230.4782,,,,,,,,,no-sits,True,36.5,0.5775,-17.25,False,BOTH,7.0,2.0,2958.1684,220.2603,2262.7366,3072.188964505668,517.6526,S1,no_optical_s1,fs1-3016a20fd3ad
E183::hardoi,E183,2024-0481-IND,2024-07-09,Uttar Pradesh,Hardoi,district,FAO/GAUL/2015/level2,matched,17916,683.9657,S1,interim_s1_only,s1_interim,aoi,pending,track_b_not_run,,683.9657,405.2455,,,,,,,,,no-sits,True,17.4,0.826,-14.75,False,BOTH,7.0,16.0,5664.0933,180.8224,4413.9548,6020.112448537428,683.9657,S1,no_optical_s1,fs1-3016a20fd3ad
E183::hathras,E183,2024-0481-IND,2024-07-09,Uttar Pradesh,Hathras,district,FAO/GAUL/2015/level2,matched,70266,300.4987,S1,interim_s1_only,s1_interim,aoi,pending,track_b_not_run,,300.4987,21.1653,,,,,,,,,no-sits,True,9.0,0.906,-13.75,False,BOTH,5.0,9.0,1228.3242,62.088,1080.9728,1623.4987994509945,300.4987,S1,no_optical_s1,fs1-3016a20fd3ad
E183::kushinagar,E183,2024-0481-IND,2024-07-09,Uttar Pradesh,Kushinagar,district,FAO/GAUL/2015/level2,matched,70271,264.9631,S1,interim_s1_only,s1_interim,aoi,pending,track_b_not_run,,264.9631,18.5054,,,,,,,,,no-sits,True,65.9,0.2876,-14.75,False,BOTH,5.0,4.0,2844.4186,149.7609,2025.279,2893.16087554316,264.9631,S1,no_optical_s1,fs1-3016a20fd3ad
E183::lakhimpur%20kheri,E183,2024-0481-IND,2024-07-09,Uttar Pradesh,Lakhimpur Kheri,district,FAO/GAUL/2015/level2,matched,17921,634.8742,S1,interim_s1_only,s1_interim,aoi,pending,track_b_not_run,,634.8742,441.0074,,,,,,,,,no-sits,True,17.6,0.8234,-14.25,False,BOTH,6.0,17.0,7230.8731,186.4498,4775.211,7708.742992388735,634.8742,S1,no_optical_s1,fs1-3016a20fd3ad
E183::maharajganj,E183,2024-0481-IND,2024-07-09,Uttar Pradesh,Maharajganj,district,FAO/GAUL/2015/level2,matched,70272,673.6541,S1,interim_s1_only,s1_interim,aoi,pending,track_b_not_run,,673.6541,48.4541,,,,,,,,,no-sits,True,65.2,0.2922,-14.75,False,BOTH,5.0,3.0,3045.7182,111.0273,2195.7224,3197.0231063739748,673.6541,S1,no_optical_s1,fs1-3016a20fd3ad
E183::mainpuri,E183,2024-0481-IND,2024-07-09,Uttar Pradesh,Mainpuri,district,FAO/GAUL/2015/level2,matched,17924,340.3764,S1,interim_s1_only,s1_interim,aoi,pending,track_b_not_run,,340.3764,113.4633,,,,,,,,,no-sits,True,20.0,0.8001,-13.25,False,BOTH,6.0,8.0,2645.0548,96.3059,2261.7611,2755.0367810593875,340.3764,S1,no_optical_s1,fs1-3016a20fd3ad
E183::pilibhit,E183,2024-0481-IND,2024-07-09,Uttar Pradesh,Pilibhit,district,FAO/GAUL/2015/level2,matched,17931,378.8741,S1,interim_s1_only,s1_interim,aoi,pending,track_b_not_run,,378.8741,499.6659,,,,,,,,,no-sits,True,5.3,0.9469,-14.75,False,BOTH,6.0,10.0,3379.1475,80.6685,2168.8889,3594.1579683602813,378.8741,S1,no_optical_s1,fs1-3016a20fd3ad
E183::pratapgarh,E183,2024-0481-IND,2024-07-09,Uttar Pradesh,Pratapgarh,district,FAO/GAUL/2015/level2,matched,17933,116.618,S1,interim_s1_only,s1_interim,aoi,pending,track_b_not_run,,116.618,37.3574,,,,,,,,,no-sits,True,30.2,0.6964,-16.0,True,BOTH,3.0,8.0,3374.4766,113.1024,2286.754,3722.845628160076,116.618,S1,no_optical_s1,fs1-3016a20fd3ad
E183::prayagraj,E183,2024-0481-IND,2024-07-09,Uttar Pradesh,Prayagraj,district,geoBoundaries/gbOpen/IND/ADM2/2021@8bef6929fd65432e7dc775e7c44473e84efff064ebddbfd6b834e6291546db40,matched,76128533B51368558457506,174.0733,S1,interim_s1_only,s1_interim,aoi,pending,track_b_not_run,,174.0733,22.3345,,,,,,,,,no-sits,True,47.8,0.5238,-16.0,True,BOTH,3.0,9.0,5053.1415,244.795,3712.343,5474.7102581208,174.0733,S1,no_optical_s1,fs1-3016a20fd3ad
E183::shahjahanpur,E183,2024-0481-IND,2024-07-09,Uttar Pradesh,Shahjahanpur,district,FAO/GAUL/2015/level2,matched,17937,609.9426,S1,interim_s1_only,s1_interim,aoi,pending,track_b_not_run,,609.9426,547.2874,,,,,,,,,no-sits,True,11.9,0.8813,-15.25,False,BOTH,5.0,8.0,4562.9956,152.5661,3855.9908,4659.039376462991,609.9426,S1,no_optical_s1,fs1-3016a20fd3ad
E183::shrawasti,E183,2024-0481-IND,2024-07-09,Uttar Pradesh,Shrawasti,district,geoBoundaries/gbOpen/IND/ADM2/2021@8bef6929fd65432e7dc775e7c44473e84efff064ebddbfd6b834e6291546db40,matched,76128533B34832354589031,395.7905,S1,interim_s1_only,s1_interim,aoi,pending,track_b_not_run,,395.7905,56.1488,,,,,,,,,no-sits,True,52.8,0.4733,-13.75,False,BOTH,5.0,5.0,1867.7991,49.6451,1240.5182,1950.0124338088456,395.7905,S1,no_optical_s1,fs1-3016a20fd3ad
E183::siddharthnagar,E183,2024-0481-IND,2024-07-09,Uttar Pradesh,Siddharthnagar,district,FAO/GAUL/2015/level2,matched,70278,1090.3527,S1,interim_s1_only,s1_interim,aoi,pending,track_b_not_run,,1090.3527,75.2373,,,,,,,,,no-sits,True,81.9,0.1784,-16.25,False,BOTH,6.0,7.0,3290.957,110.3568,2735.2173,3492.6137371813147,1090.3527,S1,no_optical_s1,fs1-3016a20fd3ad
E183::sultanpur,E183,2024-0481-IND,2024-07-09,Uttar Pradesh,Sultanpur,district,FAO/GAUL/2015/level2,matched,17939,142.6291,S1,interim_s1_only,s1_interim,aoi,pending,track_b_not_run,,142.6291,69.0804,,,,,,,,,no-sits,True,23.9,0.7587,-16.0,True,BOTH,4.0,12.0,4109.2232,169.6178,2800.2259,4427.494295932419,142.6291,S1,no_optical_s1,fs1-3016a20fd3ad
E183::unnao,E183,2024-0481-IND,2024-07-09,Uttar Pradesh,Unnao,district,FAO/GAUL/2015/level2,matched,17941,716.3616,S1,interim_s1_only,s1_interim,aoi,pending,track_b_not_run,,716.3616,121.852,,,,,,,,,no-sits,True,43.4,0.5616,-14.25,False,BOTH,4.0,19.0,4416.467,147.0561,3204.5727,4606.848065112721,716.3616,S1,no_optical_s1,fs1-3016a20fd3ad
E183::varanasi,E183,2024-0481-IND,2024-07-09,Uttar Pradesh,Varanasi,district,FAO/GAUL/2015/level2,matched,17943,53.409,S1,interim_s1_only,s1_interim,aoi,pending,track_b_not_run,,53.409,3.7164,,,,,,,,,no-sits,True,86.1,0.1352,-16.0,True,BOTH,5.0,4.0,1499.8488,181.6677,989.7031,1554.288127138641,53.409,S1,no_optical_s1,fs1-3016a20fd3ad
E184::kullu,E184,2024-0561-IND,2024-07-31,Himachal Pradesh,Kullu,district,FAO/GAUL/2015/level2,matched,17671,7.5766,S1,interim_s1_only,s1_interim,aoi,pending,track_b_not_run,,7.5766,1.6491,,,,,,,,,no-sits,True,80.4,0.2286,-16.0,True,BOTH,5.0,4.0,113.1084,4.2954,2.1953,5505.982355912866,7.5766,S1,no_optical_s1,fs1-3016a20fd3ad
E184::mandi,E184,2024-0561-IND,2024-07-31,Himachal Pradesh,Mandi,district,FAO/GAUL/2015/level2,matched,17673,1.0249,S1,interim_s1_only,s1_interim,aoi,pending,track_b_not_run,,1.0249,0.2294,,,,,,,,,no-sits,True,78.6,0.1983,-16.0,True,ASCENDING,4.0,5.0,180.7402,9.2391,62.9296,3951.2717684747336,1.0249,S1,no_optical_s1,fs1-3016a20fd3ad
E184::shimla,E184,2024-0561-IND,2024-07-31,Himachal Pradesh,Shimla,district,FAO/GAUL/2015/level2,matched,17674,1.5293,S1,interim_s1_only,s1_interim,aoi,pending,track_b_not_run,,1.5293,0.0023,,,,,,,,,no-sits,True,85.7,0.0009,-16.0,True,BOTH,3.0,4.0,39.2503,0.8991,4.0632,5136.6062379686,1.5293,S1,no_optical_s1,fs1-3016a20fd3ad
E185::dhalai,E185,2024-0624-IND,2024-08-19,Tripura,Dhalai,district,FAO/GAUL/2015/level2,matched,70256,12.6619,S1,interim_s1_only,s1_interim,aoi,pending,track_b_not_run,,12.6619,2.3718,,,,,,,,,no-sits,True,69.6,0.1975,-16.0,True,BOTH,4.0,5.0,642.5375,4.5334,96.8207,2201.079367693781,12.6619,S1,no_optical_s1,fs1-3016a20fd3ad
E185::gomati,E185,2024-0624-IND,2024-08-19,Tripura,Gomati,district,geoBoundaries/gbOpen/IND/ADM2/2021@8bef6929fd65432e7dc775e7c44473e84efff064ebddbfd6b834e6291546db40,matched,76128533B94126463611805,71.8679,S1,interim_s1_only,s1_interim,aoi,pending,track_b_not_run,,71.8679,1.4435,,,,,,,,,no-sits,True,93.7,0.0498,-13.25,False,BOTH,4.0,3.0,610.8811,10.0637,122.3745,1617.9532415826357,71.8679,S1,no_optical_s1,fs1-3016a20fd3ad
E185::khowai,E185,2024-0624-IND,2024-08-19,Tripura,Khowai,district,geoBoundaries/gbOpen/IND/ADM2/2021@8bef6929fd65432e7dc775e7c44473e84efff064ebddbfd6b834e6291546db40,matched,76128533B67044589012853,4.2052,S1,interim_s1_only,s1_interim,aoi,pending,track_b_not_run,,4.2052,,,,,,,,,,no-sits,False,100.0,,-16.0,True,BOTH,4.0,0.0,465.6732,6.0347,108.608,1046.189742159586,4.2052,S1,no_optical_s1,fs1-3016a20fd3ad
E185::north%20tripura,E185,2024-0624-IND,2024-08-19,Tripura,North Tripura,district,FAO/GAUL/2015/level2,matched,17885,9.7329,S1,interim_s1_only,s1_interim,aoi,pending,track_b_not_run,,9.7329,1.1171,,,,,,,,,no-sits,True,51.4,0.2945,-16.0,True,BOTH,4.0,8.0,703.6525,10.8424,164.1349,2109.5271791468954,9.7329,S1,no_optical_s1,fs1-3016a20fd3ad
E185::sepahijala,E185,2024-0624-IND,2024-08-19,Tripura,Sepahijala,district,geoBoundaries/gbOpen/IND/ADM2/2021@8bef6929fd65432e7dc775e7c44473e84efff064ebddbfd6b834e6291546db40,matched,76128533B43965372582859,77.138,S1,interim_s1_only,s1_interim,aoi,pending,track_b_not_run,,77.138,,,,,,,,,,no-sits,False,100.0,,-13.25,False,BOTH,5.0,0.0,589.2958,10.4858,139.1707,1071.1594978769108,77.138,S1,no_optical_s1,fs1-3016a20fd3ad
E185::south%20tripura,E185,2024-0624-IND,2024-08-19,Tripura,South Tripura,district,FAO/GAUL/2015/level2,matched,17886,93.6975,S1,interim_s1_only,s1_interim,aoi,pending,track_b_not_run,,93.6975,2.3726,,,,,,,,,no-sits,True,92.5,0.0458,-16.0,True,BOTH,4.0,3.0,1349.3356,16.7041,270.5356,3224.5042086326357,93.6975,S1,no_optical_s1,fs1-3016a20fd3ad
E185::unakoti,E185,2024-0624-IND,2024-08-19,Tripura,Unakoti,district,geoBoundaries/gbOpen/IND/ADM2/2021@8bef6929fd65432e7dc775e7c44473e84efff064ebddbfd6b834e6291546db40,matched,76128533B4720703924950,7.7144,S1,interim_s1_only,s1_interim,aoi,pending,track_b_not_run,,7.7144,0.7304,,,,,,,,,no-sits,True,57.2,0.189,-16.0,True,BOTH,2.0,8.0,280.4761,4.4339,80.3066,657.9288906587705,7.7144,S1,no_optical_s1,fs1-3016a20fd3ad
E185::west%20tripura,E185,2024-0624-IND,2024-08-19,Tripura,West Tripura,district,FAO/GAUL/2015/level2,matched,17887,76.3513,S1,interim_s1_only,s1_interim,aoi,pending,track_b_not_run,,76.3513,,,,,,,,,,no-sits,False,100.0,,-16.0,True,BOTH,6.0,0.0,1614.0109,52.1747,365.7647,3039.951701839773,76.3513,S1,no_optical_s1,fs1-3016a20fd3ad
E186::ahmedabad,E186,2024-0647-IND,2024-08-26,Gujarat,Ahmedabad,district,geoBoundaries/gbOpen/IND/ADM2/2021@8bef6929fd65432e7dc775e7c44473e84efff064ebddbfd6b834e6291546db40,matched,76128533B93113981386565,1728.9404,S1,interim_s1_only,s1_interim,aoi,pending,track_b_not_run,,1728.9404,744.876,,,,,,,,,no-sits,True,34.4,0.4915,-14.25,False,DESCENDING,4.0,12.0,6623.7034,383.4507,5163.3995,7272.000354411259,1728.9404,S1,no_optical_s1,fs1-3016a20fd3ad
E186::amreli,E186,2024-0647-IND,2024-08-26,Gujarat,Amreli,district,FAO/GAUL/2015/level2,matched,17636,26.133,S1,interim_s1_only,s1_interim,aoi,pending,track_b_not_run,,26.133,2.1881,,,,,,,,,no-sits,True,59.9,0.1481,-16.0,True,DESCENDING,2.0,6.0,6520.1448,143.129,5306.5211,7335.055339616136,26.133,S1,no_optical_s1,fs1-3016a20fd3ad
E186::anand,E186,2024-0647-IND,2024-08-26,Gujarat,Anand,district,FAO/GAUL/2015/level2,matched,70124,338.4077,S1,interim_s1_only,s1_interim,aoi,pending,track_b_not_run,,338.4077,25.3562,,,,,,,,,no-sits,True,46.0,0.3962,-13.25,False,DESCENDING,3.0,6.0,2518.5538,117.3674,1690.7855,2708.431476288587,338.4077,S1,no_optical_s1,fs1-3016a20fd3ad
E186::aravalli,E186,2024-0647-IND,2024-08-26,Gujarat,Aravalli,district,geoBoundaries/gbOpen/IND/ADM2/2021@8bef6929fd65432e7dc775e7c44473e84efff064ebddbfd6b834e6291546db40,matched,76128533B62153454383166,43.9633,S1,interim_s1_only,s1_interim,aoi,pending,track_b_not_run,,43.9633,0.3898,,,,,,,,,no-sits,True,94.1,0.0271,-16.0,True,BOTH,2.0,3.0,2703.6543,57.2636,1962.2094,3271.526707635578,43.9633,S1,no_optical_s1,fs1-3016a20fd3ad
E186::botad,E186,2024-0647-IND,2024-08-26,Gujarat,Botad,district,geoBoundaries/gbOpen/IND/ADM2/2021@8bef6929fd65432e7dc775e7c44473e84efff064ebddbfd6b834e6291546db40,matched,76128533B48885555323596,172.2312,S1,interim_s1_only,s1_interim,aoi,pending,track_b_not_run,,172.2312,18.3566,,,,,,,,,no-sits,True,38.4,0.4067,-13.25,False,DESCENDING,2.0,4.0,2560.9719,56.5403,2110.0764,2635.4766256069506,172.2312,S1,no_optical_s1,fs1-3016a20fd3ad
E186::dahod,E186,2024-0647-IND,2024-08-26,Gujarat,Dahod,district,FAO/GAUL/2015/level2,matched,70125,39.4554,S1,interim_s1_only,s1_interim,aoi,pending,track_b_not_run,,39.4554,2.812,,,,,,,,,no-sits,True,61.6,0.1509,-16.0,True,DESCENDING,3.0,12.0,3781.29,47.8988,2533.8511,5236.527197799419,39.4554,S1,no_optical_s1,fs1-3016a20fd3ad
E186::devbhumi%20dwarka,E186,2024-0647-IND,2024-08-26,Gujarat,Devbhumi Dwarka,district,geoBoundaries/gbOpen/IND/ADM2/2021@8bef6929fd65432e7dc775e7c44473e84efff064ebddbfd6b834e6291546db40,matched,76128533B74381554567803,45.8783,S1,interim_s1_only,s1_interim,aoi,pending,track_b_not_run,,45.8783,3.3688,,,,,,,,,no-sits,True,65.9,0.2069,-15.25,False,DESCENDING,5.0,4.0,3892.1695,64.967,2753.5877,4320.429272751359,45.8783,S1,no_optical_s1,fs1-3016a20fd3ad
E186::jamnagar,E186,2024-0647-IND,2024-08-26,Gujarat,Jamnagar,district,FAO/GAUL/2015/level2,matched,17641,168.1511,S1,interim_s1_only,s1_interim,aoi,pending,track_b_not_run,,168.1511,3.1208,,,,,,,,,no-sits,True,85.0,0.0826,-15.25,False,DESCENDING,5.0,7.0,9782.7891,220.7431,7204.768,10822.719279552311,168.1511,S1,no_optical_s1,fs1-3016a20fd3ad
E186::junagadh,E186,2024-0647-IND,2024-08-26,Gujarat,Junagadh,district,FAO/GAUL/2015/level2,matched,17642,49.3523,S1,interim_s1_only,s1_interim,aoi,pending,track_b_not_run,,49.3523,1.6122,,,,,,,,,no-sits,True,80.0,0.0461,-16.0,True,DESCENDING,4.0,15.0,7214.2731,184.1183,4731.3894,8217.26323932205,49.3523,S1,no_optical_s1,fs1-3016a20fd3ad
E186::kheda,E186,2024-0647-IND,2024-08-26,Gujarat,Kheda,district,FAO/GAUL/2015/level2,matched,17644,195.0317,S1,interim_s1_only,s1_interim,aoi,pending,track_b_not_run,,195.0317,7.8855,,,,,,,,,no-sits,True,72.4,0.182,-16.0,True,DESCENDING,2.0,5.0,3720.4177,115.397,2413.0289,3992.831170210708,195.0317,S1,no_optical_s1,fs1-3016a20fd3ad
E186::kutch,E186,2024-0647-IND,2024-08-26,Gujarat,Kutch,district,geoBoundaries/gbOpen/IND/ADM2/2021@8bef6929fd65432e7dc775e7c44473e84efff064ebddbfd6b834e6291546db40,matched,76128533B91881382098572,3802.8304,S1,interim_s1_only,s1_interim,aoi,pending,track_b_not_run,,3802.8304,1285.2847,,,,,,,,,no-sits,True,77.9,0.1477,-16.75,False,BOTH,11.0,11.0,35085.3148,273.0757,9226.9329,42739.022712293714,3802.8304,S1,no_optical_s1,fs1-3016a20fd3ad
E186::mahisagar,E186,2024-0647-IND,2024-08-26,Gujarat,Mahisagar,district,geoBoundaries/gbOpen/IND/ADM2/2021@8bef6929fd65432e7dc775e7c44473e84efff064ebddbfd6b834e6291546db40,matched,76128533B49615943426842,51.3858,S1,interim_s1_only,s1_interim,aoi,pending,track_b_not_run,,51.3858,1.6117,,,,,,,,,no-sits,True,82.6,0.0873,-13.25,False,DESCENDING,1.0,1.0,1881.0732,36.3205,1112.3838,2507.754245036501,51.3858,S1,no_optical_s1,fs1-3016a20fd3ad
E186::morbi,E186,2024-0647-IND,2024-08-26,Gujarat,Morbi,district,geoBoundaries/gbOpen/IND/ADM2/2021@8bef6929fd65432e7dc775e7c44473e84efff064ebddbfd6b834e6291546db40,matched,76128533B2080752988715,190.0684,S1,interim_s1_only,s1_interim,aoi,pending,track_b_not_run,,190.0684,4.2121,,,,,,,,,no-sits,True,78.8,0.0896,-13.75,False,DESCENDING,4.0,2.0,4598.5249,124.0588,3448.1215,4845.3888221565,190.0684,S1,no_optical_s1,fs1-3016a20fd3ad
E186::panchmahal,E186,2024-0647-IND,2024-08-26,Gujarat,Panchmahal,district,geoBoundaries/gbOpen/IND/ADM2/2021@8bef6929fd65432e7dc775e7c44473e84efff064ebddbfd6b834e6291546db40,matched,76128533B16476001647323,30.9697,S1,interim_s1_only,s1_interim,aoi,pending,track_b_not_run,,30.9697,0.8798,,,,,,,,,no-sits,True,82.9,0.0651,-16.0,True,DESCENDING,2.0,2.0,2898.4087,71.1441,1636.7929,3329.087905817164,30.9697,S1,no_optical_s1,fs1-3016a20fd3ad
E186::rajkot,E186,2024-0647-IND,2024-08-26,Gujarat,Rajkot,district,FAO/GAUL/2015/level2,matched,17647,269.2542,S1,interim_s1_only,s1_interim,aoi,pending,track_b_not_run,,269.2542,3.2316,,,,,,,,,no-sits,True,89.1,0.0458,-14.25,False,DESCENDING,6.0,6.0,10594.8875,362.83,8303.7985,11175.751593133718,269.2542,S1,no_optical_s1,fs1-3016a20fd3ad
E186::surendranagar,E186,2024-0647-IND,2024-08-26,Gujarat,Surendranagar,district,FAO/GAUL/2015/level2,matched,17650,728.9771,S1,interim_s1_only,s1_interim,aoi,pending,track_b_not_run,,728.9771,307.5824,,,,,,,,,no-sits,True,36.4,0.4352,-16.0,True,DESCENDING,4.0,11.0,10206.8505,144.5097,7972.8737,10480.710406373057,728.9771,S1,no_optical_s1,fs1-3016a20fd3ad
E186::vadodara,E186,2024-0647-IND,2024-08-26,Gujarat,Vadodara,district,FAO/GAUL/2015/level2,matched,17652,123.8684,S1,interim_s1_only,s1_interim,aoi,pending,track_b_not_run,,123.8684,8.7013,,,,,,,,,no-sits,True,58.8,0.1217,-16.0,True,DESCENDING,4.0,15.0,6686.8143,252.4561,4257.0876,7758.226506800483,123.8684,S1,no_optical_s1,fs1-3016a20fd3ad
E187::kolhapur,E187,2024-0647-IND,2024-08-26,Maharashtra,Kolhapur,district,FAO/GAUL/2015/level2,matched,17769,10.7913,S1,interim_s1_only,s1_interim,aoi,pending,track_b_not_run,,10.7913,0.0,,,,,,,,,no-sits,True,97.1,0.0,-16.0,True,DESCENDING,2.0,2.0,4339.6371,164.0835,1998.2373,7680.572392490604,10.7913,S1,no_optical_s1,fs1-3016a20fd3ad
E187::nashik,E187,2024-0647-IND,2024-08-26,Maharashtra,Nashik,district,FAO/GAUL/2015/level2,matched,17773,46.9531,S1,interim_s1_only,s1_interim,aoi,pending,track_b_not_run,,46.9531,0.1944,,,,,,,,,no-sits,True,95.7,0.0011,-16.0,True,DESCENDING,3.0,5.0,10933.341,392.5205,7497.7904,15554.167322451072,46.9531,S1,no_optical_s1,fs1-3016a20fd3ad
E187::palghar,E187,2024-0647-IND,2024-08-26,Maharashtra,Palghar,district,geoBoundaries/gbOpen/IND/ADM2/2021@8bef6929fd65432e7dc775e7c44473e84efff064ebddbfd6b834e6291546db40,matched,76128533B37148244536449,9.514,S1,interim_s1_only,s1_interim,aoi,pending,track_b_not_run,,9.514,1.4446,,,,,,,,,no-sits,True,73.9,0.0617,-16.0,True,DESCENDING,3.0,6.0,2858.6379,81.4369,1358.025,5355.281971404182,9.514,S1,no_optical_s1,fs1-3016a20fd3ad
E187::pune,E187,2024-0647-IND,2024-08-26,Maharashtra,Pune,district,FAO/GAUL/2015/level2,matched,17776,27.5865,S1,interim_s1_only,s1_interim,aoi,pending,track_b_not_run,,27.5865,0.0,,,,,,,,,no-sits,True,100.0,0.0,-16.0,True,DESCENDING,4.0,1.0,10303.2933,728.4543,6115.6464,15649.899791716924,27.5865,S1,no_optical_s1,fs1-3016a20fd3ad
E187::raigad,E187,2024-0647-IND,2024-08-26,Maharashtra,Raigad,district,geoBoundaries/gbOpen/IND/ADM2/2021@8bef6929fd65432e7dc775e7c44473e84efff064ebddbfd6b834e6291546db40,matched,76128533B99895802074414,9.7336,S1,interim_s1_only,s1_interim,aoi,pending,track_b_not_run,,9.7336,3.987,,,,,,,,,no-sits,True,79.2,0.1082,-16.0,True,DESCENDING,4.0,8.0,2892.1404,117.3936,1262.6864,6987.901171136008,9.7336,S1,no_optical_s1,fs1-3016a20fd3ad
E187::ratnagiri,E187,2024-0647-IND,2024-08-26,Maharashtra,Ratnagiri,district,FAO/GAUL/2015/level2,matched,17778,3.9937,S1,interim_s1_only,s1_interim,aoi,pending,track_b_not_run,,3.9937,0.1965,,,,,,,,,no-sits,True,97.8,0.0135,-16.0,True,DESCENDING,4.0,5.0,2431.7672,30.6964,287.6809,8501.126377449938,3.9937,S1,no_optical_s1,fs1-3016a20fd3ad
E187::satara,E187,2024-0647-IND,2024-08-26,Maharashtra,Satara,district,FAO/GAUL/2015/level2,matched,17781,17.9136,S1,interim_s1_only,s1_interim,aoi,pending,track_b_not_run,,17.9136,,,,,,,,,,no-sits,False,100.0,,-16.0,True,DESCENDING,2.0,0.0,6563.2479,235.9561,3725.5248,10502.605850168617,17.9136,S1,no_optical_s1,fs1-3016a20fd3ad
E187::sindhudurg,E187,2024-0647-IND,2024-08-26,Maharashtra,Sindhudurg,district,FAO/GAUL/2015/level2,matched,17779,3.2245,S1,interim_s1_only,s1_interim,aoi,pending,track_b_not_run,,3.2245,0.0,,,,,,,,,no-sits,True,94.1,0.0001,-16.0,True,DESCENDING,2.0,2.0,2179.0404,12.2382,250.7732,5174.499083363021,3.2245,S1,no_optical_s1,fs1-3016a20fd3ad
E188::dhalai,E188,2024-0647-IND,2024-08-26,Tripura,Dhalai,district,FAO/GAUL/2015/level2,matched,70256,12.5538,S1,interim_s1_only,s1_interim,aoi,pending,track_b_not_run,,12.5538,3.8565,,,,,,,,,no-sits,True,7.5,0.297,-16.0,True,BOTH,4.0,14.0,642.5375,4.5334,96.8207,2201.079367693781,12.5538,S1,no_optical_s1,fs1-3016a20fd3ad
E188::gomati,E188,2024-0647-IND,2024-08-26,Tripura,Gomati,district,geoBoundaries/gbOpen/IND/ADM2/2021@8bef6929fd65432e7dc775e7c44473e84efff064ebddbfd6b834e6291546db40,matched,76128533B94126463611805,26.723,S1,interim_s1_only,s1_interim,aoi,pending,track_b_not_run,,26.723,2.9906,,,,,,,,,no-sits,True,36.7,0.115,-16.0,True,BOTH,4.0,10.0,610.8811,10.0637,122.3745,1617.9532415826357,26.723,S1,no_optical_s1,fs1-3016a20fd3ad
E188::khowai,E188,2024-0647-IND,2024-08-26,Tripura,Khowai,district,geoBoundaries/gbOpen/IND/ADM2/2021@8bef6929fd65432e7dc775e7c44473e84efff064ebddbfd6b834e6291546db40,matched,76128533B67044589012853,2.8119,S1,interim_s1_only,s1_interim,aoi,pending,track_b_not_run,,2.8119,,,,,,,,,,no-sits,False,13.8,,-16.0,True,BOTH,4.0,2.0,465.6732,6.0347,108.608,1046.1897421595445,2.8119,S1,no_optical_s1,fs1-3016a20fd3ad
E188::north%20tripura,E188,2024-0647-IND,2024-08-26,Tripura,North Tripura,district,FAO/GAUL/2015/level2,matched,17885,9.2109,S1,interim_s1_only,s1_interim,aoi,pending,track_b_not_run,,9.2109,4.2367,,,,,,,,,no-sits,True,2.8,0.5945,-16.0,True,BOTH,4.0,15.0,703.6525,10.8424,164.1349,2109.5271791468954,9.2109,S1,no_optical_s1,fs1-3016a20fd3ad
E188::sepahijala,E188,2024-0647-IND,2024-08-26,Tripura,Sepahijala,district,geoBoundaries/gbOpen/IND/ADM2/2021@8bef6929fd65432e7dc775e7c44473e84efff064ebddbfd6b834e6291546db40,matched,76128533B43965372582859,19.0437,S1,interim_s1_only,s1_interim,aoi,pending,track_b_not_run,,19.0437,0.7256,,,,,,,,,no-sits,True,33.0,0.0691,-16.0,True,BOTH,5.0,5.0,589.2958,10.4858,139.1707,1071.1594978769108,19.0437,S1,no_optical_s1,fs1-3016a20fd3ad
E188::south%20tripura,E188,2024-0647-IND,2024-08-26,Tripura,South Tripura,district,FAO/GAUL/2015/level2,matched,17886,36.2867,S1,interim_s1_only,s1_interim,aoi,pending,track_b_not_run,,36.2867,5.8495,,,,,,,,,no-sits,True,42.4,0.1789,-16.0,True,BOTH,4.0,10.0,1349.3356,16.7041,270.5356,3224.5042086326357,36.2867,S1,no_optical_s1,fs1-3016a20fd3ad
E188::unakoti,E188,2024-0647-IND,2024-08-26,Tripura,Unakoti,district,geoBoundaries/gbOpen/IND/ADM2/2021@8bef6929fd65432e7dc775e7c44473e84efff064ebddbfd6b834e6291546db40,matched,76128533B4720703924950,7.2942,S1,interim_s1_only,s1_interim,aoi,pending,track_b_not_run,,7.2942,1.492,,,,,,,,,no-sits,True,3.5,0.4218,-16.0,True,BOTH,2.0,15.0,280.4761,4.4339,80.3066,657.9288906584868,7.2942,S1,no_optical_s1,fs1-3016a20fd3ad
E188::west%20tripura,E188,2024-0647-IND,2024-08-26,Tripura,West Tripura,district,FAO/GAUL/2015/level2,matched,17887,24.3803,S1,interim_s1_only,s1_interim,aoi,pending,track_b_not_run,,24.3803,0.6699,,,,,,,,,no-sits,True,21.3,0.0278,-16.0,True,BOTH,6.0,5.0,1614.0109,52.1747,365.7647,3039.951701839773,24.3803,S1,no_optical_s1,fs1-3016a20fd3ad
E190::lohit,E190,2025-0402-IND,2025-05-31,Arunachal Pradesh,Lohit,district,FAO/GAUL/2015/level2,matched,17572,,NONE,no_s1,s1_interim,,pending,track_b_not_run,,,27.6123,,,,,,,,,no-sits,True,8.4,0.9833,,,,0.0,13.0,1645.3618,5.9041,248.1581,5476.171129046326,27.6123,NDWI,no_s1_ndwi,fs1-3016a20fd3ad
E190::lower%20dibang%20valley,E190,2025-0402-IND,2025-05-31,Arunachal Pradesh,Lower Dibang Valley,district,FAO/GAUL/2015/level2,matched,70084,,NONE,no_s1,s1_interim,,pending,track_b_not_run,,,28.7023,,,,,,,,,no-sits,True,9.1,0.9538,,,,0.0,15.0,921.3496,2.1467,156.4671,1481.008750945566,28.7023,NDWI,no_s1_ndwi,fs1-3016a20fd3ad
E190::lower%20subansiri,E190,2025-0402-IND,2025-05-31,Arunachal Pradesh,Lower Subansiri,district,FAO/GAUL/2015/level2,matched,17573,0.0147,S1,interim_s1_only,s1_interim,aoi,pending,track_b_not_run,,0.0147,0.0033,,,,,,,,,no-sits,True,0.0,0.9233,-16.0,True,ASCENDING,1.0,1.0,2.5244,0.1685,0.0701,19.786424622092788,0.0147,S1,no_optical_s1,fs1-3016a20fd3ad
E190::namsai,E190,2025-0402-IND,2025-05-31,Arunachal Pradesh,Namsai,district,geoBoundaries/gbOpen/IND/ADM2/2021@8bef6929fd65432e7dc775e7c44473e84efff064ebddbfd6b834e6291546db40,matched,76128533B1875965515331,,NONE,no_s1,s1_interim,,pending,track_b_not_run,,,3.4753,,,,,,,,,no-sits,True,2.7,0.9833,,,,0.0,6.0,892.7445,3.2491,191.9717,1281.1997378272836,3.4753,NDWI,no_s1_ndwi,fs1-3016a20fd3ad
E190::pakke%20kessang,E190,2025-0402-IND,2025-05-31,Arunachal Pradesh,Pakke Kessang,district,geoBoundaries/gbOpen/IND/ADM2/2021@8bef6929fd65432e7dc775e7c44473e84efff064ebddbfd6b834e6291546db40,matched,76128533B24017517661394,1.6036,S1,interim_s1_only,s1_interim,aoi,pending,track_b_not_run,,1.6036,1.1537,,,,,,,,,no-sits,True,31.8,0.868,-16.0,True,BOTH,7.0,9.0,147.7953,0.3496,12.6836,2124.67605931882,1.6036,S1,no_optical_s1,fs1-3016a20fd3ad
E191::bongaigaon,E191,2025-0402-IND,2025-05-31,Assam,Bongaigaon,district,FAO/GAUL/2015/level2,matched,70086,85.7266,S1,interim_s1_only,s1_interim,aoi,pending,track_b_not_run,,85.7266,44.1685,,,,,,,,,no-sits,True,14.1,0.6241,-16.25,False,BOTH,7.0,11.0,1849.5033,30.7452,701.4281,2332.582799042809,85.7266,S1,no_optical_s1,fs1-3016a20fd3ad
E191::cachar,E191,2025-0402-IND,2025-05-31,Assam,Cachar,district,FAO/GAUL/2015/level2,matched,17577,481.7379,S1,interim_s1_only,s1_interim,aoi,pending,track_b_not_run,,481.7379,234.6355,,,,,,,,,no-sits,True,34.8,0.7255,-14.75,False,BOTH,4.0,7.0,1742.352,28.6315,777.3899,3806.329961738336,481.7379,S1,no_optical_s1,fs1-3016a20fd3ad
E191::dima%20hasao,E191,2025-0402-IND,2025-05-31,Assam,Dima Hasao,district,geoBoundaries/gbOpen/IND/ADM2/2021@8bef6929fd65432e7dc775e7c44473e84efff064ebddbfd6b834e6291546db40,matched,76128533B66125202864966,7.6514,S1,interim_s1_only,s1_interim,aoi,pending,track_b_not_run,,7.6514,3.1787,,,,,,,,,no-sits,True,28.3,0.7591,-16.0,True,BOTH,8.0,6.0,670.5263,3.7235,78.9918,4914.108784116743,7.6514,S1,no_optical_s1,fs1-3016a20fd3ad
E191::hailakandi,E191,2025-0402-IND,2025-05-31,Assam,Hailakandi,district,FAO/GAUL/2015/level2,matched,70088,153.8651,S1,interim_s1_only,s1_interim,aoi,pending,track_b_not_run,,153.8651,60.2021,,,,,,,,,no-sits,True,36.6,0.5277,-15.25,False,BOTH,3.0,4.0,629.4125,6.1457,284.6509,1336.4605858584375,153.8651,S1,no_optical_s1,fs1-3016a20fd3ad
E191::kamrup,E191,2025-0402-IND,2025-05-31,Assam,Kamrup,district,FAO/GAUL/2015/level2,matched,17583,534.2799,S1,interim_s1_only,s1_interim,aoi,pending,track_b_not_run,,534.2799,206.5203,,,,,,,,,no-sits,True,8.4,0.8449,-15.75,False,BOTH,8.0,7.0,2833.5254,161.5654,1408.6863,4348.6225796054405,534.2799,S1,no_optical_s1,fs1-3016a20fd3ad
E191::lakhimpur,E191,2025-0402-IND,2025-05-31,Assam,Lakhimpur,district,FAO/GAUL/2015/level2,matched,70091,117.6709,S1,interim_s1_only,s1_interim,aoi,pending,track_b_not_run,,117.6709,42.1785,,,,,,,,,no-sits,True,1.5,0.897,-15.75,False,BOTH,3.0,4.0,2563.3875,26.0117,1480.1181,2886.5239581816727,117.6709,S1,no_optical_s1,fs1-3016a20fd3ad
E191::sribhumi%20%28karimganj%29,E191,2025-0402-IND,2025-05-31,Assam,Sribhumi (Karimganj),district,geoBoundaries/gbOpen/IND/ADM2/2021@8bef6929fd65432e7dc775e7c44473e84efff064ebddbfd6b834e6291546db40,matched,76128533B23092176497025,284.231,S1,interim_s1_only,s1_interim,aoi,pending,track_b_not_run,,284.231,210.0902,,,,,,,,,no-sits,True,8.8,0.9357,-14.25,False,BOTH,3.0,5.0,1121.9207,11.4465,491.7775,1851.5082949978823,284.231,S1,no_optical_s1,fs1-3016a20fd3ad
E192::bishnupur,E192,2025-0402-IND,2025-05-31,Manipur,Bishnupur,district,FAO/GAUL/2015/level2,matched,70188,9.2386,S1,interim_s1_only,s1_interim,aoi,pending,track_b_not_run,,9.2386,1.3635,,,,,,,,,no-sits,True,82.7,0.146,-16.0,True,ASCENDING,1.0,3.0,368.5485,21.6016,221.473,481.84963420103696,9.2386,S1,no_optical_s1,fs1-3016a20fd3ad
E192::imphal%20east,E192,2025-0402-IND,2025-05-31,Manipur,Imphal East,district,geoBoundaries/gbOpen/IND/ADM2/2021@8bef6929fd65432e7dc775e7c44473e84efff064ebddbfd6b834e6291546db40,matched,76128533B30779259886340,20.7886,S1,interim_s1_only,s1_interim,aoi,pending,track_b_not_run,,20.7886,2.9619,,,,,,,,,no-sits,True,75.5,0.1797,-16.0,True,ASCENDING,1.0,2.0,234.2262,44.094,161.4477,378.55443161734433,20.7886,S1,no_optical_s1,fs1-3016a20fd3ad
E192::imphal%20west,E192,2025-0402-IND,2025-05-31,Manipur,Imphal West,district,geoBoundaries/gbOpen/IND/ADM2/2021@8bef6929fd65432e7dc775e7c44473e84efff064ebddbfd6b834e6291546db40,matched,76128533B99807650893733,15.0677,S1,interim_s1_only,s1_interim,aoi,pending,track_b_not_run,,15.0677,4.1944,,,,,,,,,no-sits,True,83.2,0.1139,-16.0,True,ASCENDING,1.0,2.0,405.1745,45.0784,255.3161,504.9363985910239,15.0677,S1,no_optical_s1,fs1-3016a20fd3ad
E192::kangpokpi,E192,2025-0402-IND,2025-05-31,Manipur,Kangpokpi,district,geoBoundaries/gbOpen/IND/ADM2/2021@8bef6929fd65432e7dc775e7c44473e84efff064ebddbfd6b834e6291546db40,matched,76128533B56326354019534,2.9226,S1,interim_s1_only,s1_interim,aoi,pending,track_b_not_run,,2.9226,1.0612,,,,,,,,,no-sits,True,66.2,0.1702,-16.0,True,ASCENDING,1.0,4.0,156.0592,6.6535,107.287,1825.3176503754064,2.9226,S1,no_optical_s1,fs1-3016a20fd3ad
E192::noney,E192,2025-0402-IND,2025-05-31,Manipur,Noney,district,geoBoundaries/gbOpen/IND/ADM2/2021@8bef6929fd65432e7dc775e7c44473e84efff064ebddbfd6b834e6291546db40,matched,76128533B36594996191182,3.513,S1,interim_s1_only,s1_interim,aoi,pending,track_b_not_run,,3.513,0.0077,,,,,,,,,no-sits,True,94.5,0.0238,-16.0,True,BOTH,4.0,1.0,32.9177,0.4048,8.5369,1099.6192833435175,3.513,S1,no_optical_s1,fs1-3016a20fd3ad
E192::pherzawl,E192,2025-0402-IND,2025-05-31,Manipur,Pherzawl,district,geoBoundaries/gbOpen/IND/ADM2/2021@8bef6929fd65432e7dc775e7c44473e84efff064ebddbfd6b834e6291546db40,matched,76128533B71254158898830,1.8308,S1,interim_s1_only,s1_interim,aoi,pending,track_b_not_run,,1.8308,0.3151,,,,,,,,,no-sits,True,47.2,0.4116,-16.0,True,BOTH,4.0,6.0,75.825,0.1758,3.5691,2338.6376768542173,1.8308,S1,no_optical_s1,fs1-3016a20fd3ad
E192::senapati,E192,2025-0402-IND,2025-05-31,Manipur,Senapati,district,FAO/GAUL/2015/level2,matched,70192,1.4296,S1,interim_s1_only,s1_interim,aoi,pending,track_b_not_run,,1.4296,0.7288,,,,,,,,,no-sits,True,47.3,0.1824,-16.0,True,ASCENDING,1.0,4.0,151.5237,5.1206,84.5405,3491.671343960543,1.4296,S1,no_optical_s1,fs1-3016a20fd3ad
E192::tamenglong,E192,2025-0402-IND,2025-05-31,Manipur,Tamenglong,district,FAO/GAUL/2015/level2,matched,70193,4.8836,S1,interim_s1_only,s1_interim,aoi,pending,track_b_not_run,,4.8836,0.7448,,,,,,,,,no-sits,True,66.0,0.2838,-16.0,True,BOTH,5.0,2.0,123.1009,0.9361,19.5864,4205.580317998752,4.8836,S1,no_optical_s1,fs1-3016a20fd3ad
E192::ukhrul,E192,2025-0402-IND,2025-05-31,Manipur,Ukhrul,district,FAO/GAUL/2015/level2,matched,70195,0.8498,S1,interim_s1_only,s1_interim,aoi,pending,track_b_not_run,,0.8498,0.3408,,,,,,,,,no-sits,True,54.1,0.3031,-16.0,True,ASCENDING,1.0,5.0,83.3833,1.1702,19.6601,4426.124966872591,0.8498,S1,no_optical_s1,fs1-3016a20fd3ad
E193::east%20garo%20hills,E193,2025-0402-IND,2025-05-31,Meghalaya,East Garo Hills,district,FAO/GAUL/2015/level2,matched,17793,5.1446,S1,interim_s1_only,s1_interim,aoi,pending,track_b_not_run,,5.1446,4.1464,,,,,,,,,no-sits,True,13.1,0.885,-16.0,True,BOTH,5.0,9.0,541.0851,2.0274,100.5461,2940.3760891953966,5.1446,S1,no_optical_s1,fs1-3016a20fd3ad
E193::east%20jaintia%20hills,E193,2025-0402-IND,2025-05-31,Meghalaya,East Jaintia Hills,district,geoBoundaries/gbOpen/IND/ADM2/2021@8bef6929fd65432e7dc775e7c44473e84efff064ebddbfd6b834e6291546db40,matched,76128533B70185077694103,4.4807,S1,interim_s1_only,s1_interim,aoi,pending,track_b_not_run,,4.4807,0.5785,,,,,,,,,no-sits,True,36.7,0.6147,-16.0,True,BOTH,6.0,4.0,367.6072,5.9953,40.2083,2077.589780451139,4.4807,S1,no_optical_s1,fs1-3016a20fd3ad
E193::east%20khasi%20hills,E193,2025-0402-IND,2025-05-31,Meghalaya,East Khasi Hills,district,FAO/GAUL/2015/level2,matched,17794,6.2121,S1,interim_s1_only,s1_interim,aoi,pending,track_b_not_run,,6.2121,1.3206,,,,,,,,,no-sits,True,60.9,0.3001,-16.0,True,BOTH,8.0,4.0,428.7692,14.8444,127.4337,2889.6322510589234,6.2121,S1,no_optical_s1,fs1-3016a20fd3ad
E193::eastern%20west%20khasi%20hills,E193,2025-0402-IND,2025-05-31,Meghalaya,Eastern West Khasi Hills,district,OpenStreetMap/snapshot/2026-09-12@827fd131bafbdbbbf81e28421300da7604b44523d1f74da536f388d602fff10e,matched,OSM:relation/14723470,3.3526,S1,interim_s1_only,s1_interim,aoi,pending,track_b_not_run,,3.3526,0.2097,,,,,,,,,no-sits,True,38.4,0.403,-16.0,True,BOTH,5.0,1.0,145.3565,0.7446,47.1643,1229.5763041016378,3.3526,S1,no_optical_s1,fs1-3016a20fd3ad
E193::north%20garo%20hills,E193,2025-0402-IND,2025-05-31,Meghalaya,North Garo Hills,district,geoBoundaries/gbOpen/IND/ADM2/2021@8bef6929fd65432e7dc775e7c44473e84efff064ebddbfd6b834e6291546db40,matched,76128533B35759455556328,1.1519,S1,interim_s1_only,s1_interim,aoi,pending,track_b_not_run,,1.1519,0.8395,,,,,,,,,no-sits,True,10.7,0.9504,-16.0,True,BOTH,4.0,3.0,187.6001,0.4487,52.1789,1050.4969039025452,1.1519,S1,no_optical_s1,fs1-3016a20fd3ad
E193::ri%20bhoi,E193,2025-0402-IND,2025-05-31,Meghalaya,Ri Bhoi,district,FAO/GAUL/2015/level2,matched,70197,3.2921,S1,interim_s1_only,s1_interim,aoi,pending,track_b_not_run,,3.2921,1.3658,,,,,,,,,no-sits,True,19.5,0.7547,-16.0,True,BOTH,4.0,2.0,284.7036,4.8072,72.12,2389.7308835163144,3.2921,S1,no_optical_s1,fs1-3016a20fd3ad
E193::south%20garo%20hills,E193,2025-0402-IND,2025-05-31,Meghalaya,South Garo Hills,district,FAO/GAUL/2015/level2,matched,70198,1.7666,S1,interim_s1_only,s1_interim,aoi,pending,track_b_not_run,,1.7666,1.3867,,,,,,,,,no-sits,True,38.8,0.6155,-16.0,True,BOTH,5.0,4.0,250.9578,0.4167,27.3732,1876.767998735909,1.7666,S1,no_optical_s1,fs1-3016a20fd3ad
E193::south%20west%20garo%20hills,E193,2025-0402-IND,2025-05-31,Meghalaya,South West Garo Hills,district,geoBoundaries/gbOpen/IND/ADM2/2021@8bef6929fd65432e7dc775e7c44473e84efff064ebddbfd6b834e6291546db40,matched,76128533B52906466328910,3.6108,S1,interim_s1_only,s1_interim,aoi,pending,track_b_not_run,,3.6108,5.455,,,,,,,,,no-sits,True,19.7,0.8268,-16.0,True,BOTH,4.0,15.0,176.2683,1.0934,85.0319,586.0218511059741,3.6108,S1,no_optical_s1,fs1-3016a20fd3ad
E193::south%20west%20khasi%20hills,E193,2025-0402-IND,2025-05-31,Meghalaya,South West Khasi Hills,district,geoBoundaries/gbOpen/IND/ADM2/2021@8bef6929fd65432e7dc775e7c44473e84efff064ebddbfd6b834e6291546db40,matched,76128533B27102120636500,5.1024,S1,interim_s1_only,s1_interim,aoi,pending,track_b_not_run,,5.1024,0.4102,,,,,,,,,no-sits,True,65.3,0.3624,-16.0,True,BOTH,5.0,6.0,249.2269,1.1755,41.8893,1344.9013461709417,5.1024,S1,no_optical_s1,fs1-3016a20fd3ad
E193::west%20garo%20hills,E193,2025-0402-IND,2025-05-31,Meghalaya,West Garo Hills,district,FAO/GAUL/2015/level2,matched,17796,51.0119,S1,interim_s1_only,s1_interim,aoi,pending,track_b_not_run,,51.0119,43.1653,,,,,,,,,no-sits,True,19.0,0.8609,-16.0,True,BOTH,4.0,21.0,874.7395,5.6708,252.4921,3440.766036854824,51.0119,S1,no_optical_s1,fs1-3016a20fd3ad
E193::west%20jaintia%20hills,E193,2025-0402-IND,2025-05-31,Meghalaya,West Jaintia Hills,district,geoBoundaries/gbOpen/IND/ADM2/2021@8bef6929fd65432e7dc775e7c44473e84efff064ebddbfd6b834e6291546db40,matched,76128533B84622469201834,8.6782,S1,interim_s1_only,s1_interim,aoi,pending,track_b_not_run,,8.6782,0.5193,,,,,,,,,no-sits,True,53.1,0.3375,-16.0,True,BOTH,6.0,6.0,360.4319,7.3878,83.3484,1728.3809971447447,8.6782,S1,no_optical_s1,fs1-3016a20fd3ad
E193::west%20khasi%20hills,E193,2025-0402-IND,2025-05-31,Meghalaya,West Khasi Hills,district,FAO/GAUL/2015/level2,matched,17797,14.8909,S1,interim_s1_only,s1_interim,aoi,pending,track_b_not_run,,14.8909,1.0175,,,,,,,,,no-sits,True,48.1,0.4238,-16.0,True,BOTH,7.0,6.0,779.1487,3.0029,136.7206,5255.633999719938,14.8909,S1,no_optical_s1,fs1-3016a20fd3ad
E194::aizawl,E194,2025-0402-IND,2025-05-31,Mizoram,Aizawl,district,FAO/GAUL/2015/level2,matched,17798,1.6195,S1,interim_s1_only,s1_interim,aoi,pending,track_b_not_run,,1.6195,1.1306,,,,,,,,,no-sits,True,14.1,0.8376,-16.0,True,BOTH,8.0,10.0,59.0659,0.8279,1.4571,3461.099662744716,1.6195,S1,no_optical_s1,fs1-3016a20fd3ad
E194::kolasib,E194,2025-0402-IND,2025-05-31,Mizoram,Kolasib,district,FAO/GAUL/2015/level2,matched,70200,3.4777,S1,interim_s1_only,s1_interim,aoi,pending,track_b_not_run,,3.4777,2.8897,,,,,,,,,no-sits,True,3.1,0.9696,-16.0,True,BOTH,3.0,3.0,101.6163,0.9366,9.7204,1351.916645556901,3.4777,S1,no_optical_s1,fs1-3016a20fd3ad
E195::tuensang,E195,2025-0402-IND,2025-05-31,Nagaland,Tuensang,district,FAO/GAUL/2015/level2,matched,17805,0.479,S1,interim_s1_only,s1_interim,aoi,pending,track_b_not_run,,0.479,0.3641,,,,,,,,,no-sits,True,7.9,0.6516,-16.0,True,ASCENDING,2.0,15.0,60.0488,1.661,6.2475,3789.750062415454,0.479,S1,no_optical_s1,fs1-3016a20fd3ad
E196::mangan,E196,2025-0402-IND,2025-05-31,Sikkim,Mangan,district,geoBoundaries/gbOpen/IND/ADM2/2021@8bef6929fd65432e7dc775e7c44473e84efff064ebddbfd6b834e6291546db40,matched,76128533B65820903826030,22.8516,S1,interim_s1_only,s1_interim,aoi,pending,track_b_not_run,,22.8516,5.0019,,,,,,,,,no-sits,True,54.8,0.5932,-15.75,False,BOTH,3.0,9.0,158.8432,0.087,0.004,4277.456189629023,22.8516,S1,no_optical_s1,fs1-3016a20fd3ad
E197::gomati,E197,2025-0402-IND,2025-05-31,Tripura,Gomati,district,geoBoundaries/gbOpen/IND/ADM2/2021@8bef6929fd65432e7dc775e7c44473e84efff064ebddbfd6b834e6291546db40,matched,76128533B94126463611805,12.382,S1,interim_s1_only,s1_interim,aoi,pending,track_b_not_run,,12.382,3.2948,,,,,,,,,no-sits,True,30.5,0.7499,-16.0,True,BOTH,6.0,5.0,610.8811,10.0637,122.3745,1617.9532415825593,12.382,S1,no_optical_s1,fs1-3016a20fd3ad
E197::khowai,E197,2025-0402-IND,2025-05-31,Tripura,Khowai,district,geoBoundaries/gbOpen/IND/ADM2/2021@8bef6929fd65432e7dc775e7c44473e84efff064ebddbfd6b834e6291546db40,matched,76128533B67044589012853,4.9627,S1,interim_s1_only,s1_interim,aoi,pending,track_b_not_run,,4.9627,0.4674,,,,,,,,,no-sits,True,48.7,0.5114,-16.0,True,BOTH,5.0,1.0,465.6732,6.0347,108.608,1046.189742159586,4.9627,S1,no_optical_s1,fs1-3016a20fd3ad
E197::north%20tripura,E197,2025-0402-IND,2025-05-31,Tripura,North Tripura,district,FAO/GAUL/2015/level2,matched,17885,32.4037,S1,interim_s1_only,s1_interim,aoi,pending,track_b_not_run,,32.4037,12.4304,,,,,,,,,no-sits,True,14.0,0.8436,-16.0,True,BOTH,6.0,9.0,703.6525,10.8424,164.1349,2109.5271791468954,32.4037,S1,no_optical_s1,fs1-3016a20fd3ad
E197::unakoti,E197,2025-0402-IND,2025-05-31,Tripura,Unakoti,district,geoBoundaries/gbOpen/IND/ADM2/2021@8bef6929fd65432e7dc775e7c44473e84efff064ebddbfd6b834e6291546db40,matched,76128533B4720703924950,16.8552,S1,interim_s1_only,s1_interim,aoi,pending,track_b_not_run,,16.8552,4.9955,,,,,,,,,no-sits,True,28.8,0.6919,-16.0,True,BOTH,3.0,9.0,280.4761,4.4339,80.3066,657.9288906584868,16.8552,S1,no_optical_s1,fs1-3016a20fd3ad
E197::west%20tripura,E197,2025-0402-IND,2025-05-31,Tripura,West Tripura,district,FAO/GAUL/2015/level2,matched,17887,30.9465,S1,interim_s1_only,s1_interim,aoi,pending,track_b_not_run,,30.9465,3.5595,,,,,,,,,no-sits,True,34.7,0.6609,-16.0,True,BOTH,8.0,2.0,1614.0109,52.1747,365.7647,3039.951701839773,30.9465,S1,no_optical_s1,fs1-3016a20fd3ad
E198::chamba,E198,2025-0469-IND,2025-06-20,Himachal Pradesh,Chamba,district,FAO/GAUL/2015/level2,matched,17667,3.7012,S1,interim_s1_only,s1_interim,aoi,pending,track_b_not_run,,3.7012,1.9043,,,,,,,,,no-sits,True,61.9,0.3222,-15.75,False,BOTH,5.0,9.0,59.2943,1.0357,8.4746,6056.411356305338,3.7012,S1,no_optical_s1,fs1-3016a20fd3ad
E198::hamirpur,E198,2025-0469-IND,2025-06-20,Himachal Pradesh,Hamirpur,district,FAO/GAUL/2015/level2,matched,17668,4.3877,S1,interim_s1_only,s1_interim,aoi,pending,track_b_not_run,,4.3877,4.7723,,,,,,,,,no-sits,True,32.5,0.7301,-16.0,True,BOTH,4.0,4.0,265.4393,11.803,54.1364,1122.326232597962,4.3877,S1,no_optical_s1,fs1-3016a20fd3ad
E198::kinnaur,E198,2025-0469-IND,2025-06-20,Himachal Pradesh,Kinnaur,district,FAO/GAUL/2015/level2,matched,17670,10.5892,S1,interim_s1_only,s1_interim,aoi,pending,track_b_not_run,,10.5892,5.3087,,,,,,,,,no-sits,True,27.7,0.5054,-15.25,False,BOTH,5.0,15.0,95.3649,0.1389,0.1504,6345.302855411621,10.5892,S1,no_optical_s1,fs1-3016a20fd3ad
E198::kullu,E198,2025-0469-IND,2025-06-20,Himachal Pradesh,Kullu,district,FAO/GAUL/2015/level2,matched,17671,7.799,S1,interim_s1_only,s1_interim,aoi,pending,track_b_not_run,,7.799,5.1469,,,,,,,,,no-sits,True,53.8,0.4503,-15.75,False,BOTH,6.0,10.0,113.1084,4.2954,2.1953,5505.982355912866,7.799,S1,no_optical_s1,fs1-3016a20fd3ad
E198::mandi,E198,2025-0469-IND,2025-06-20,Himachal Pradesh,Mandi,district,FAO/GAUL/2015/level2,matched,17673,8.8829,S1,interim_s1_only,s1_interim,aoi,pending,track_b_not_run,,8.8829,2.7092,,,,,,,,,no-sits,True,49.7,0.7102,-13.25,False,BOTH,5.0,9.0,180.7402,9.2391,62.9296,3951.2717684747336,8.8829,S1,no_optical_s1,fs1-3016a20fd3ad
E198::shimla,E198,2025-0469-IND,2025-06-20,Himachal Pradesh,Shimla,district,FAO/GAUL/2015/level2,matched,17674,2.7963,S1,interim_s1_only,s1_interim,aoi,pending,track_b_not_run,,2.7963,0.4268,,,,,,,,,no-sits,True,68.0,0.3698,-14.75,False,BOTH,5.0,13.0,39.2503,0.8991,4.0632,5136.6062379686,2.7963,S1,no_optical_s1,fs1-3016a20fd3ad
E199::bageshwar,E199,2025-0469-IND,2025-06-20,Uttarakhand,Bageshwar,district,FAO/GAUL/2015/level2,matched,70281,2.5144,S1,interim_s1_only,s1_interim,aoi,pending,track_b_not_run,,2.5144,,,,,,,,,,no-sits,False,100.0,,-15.75,False,BOTH,7.0,0.0,38.1041,1.0387,9.0154,2283.823715697251,2.5144,S1,no_optical_s1,fs1-3016a20fd3ad
E199::chamoli,E199,2025-0469-IND,2025-06-20,Uttarakhand,Chamoli,district,FAO/GAUL/2015/level2,matched,70282,21.3179,S1,interim_s1_only,s1_interim,aoi,pending,track_b_not_run,,21.3179,,,,,,,,,,no-sits,False,100.0,,-15.75,False,BOTH,10.0,0.0,146.7279,0.8906,3.6667,7838.316284013912,21.3179,S1,no_optical_s1,fs1-3016a20fd3ad
E200::kishtwar,E200,2025-0690-IND,2025-08-14,Jammu and Kashmir,Kishtwar,district,geoBoundaries/gbOpen/IND/ADM2/2021@8bef6929fd65432e7dc775e7c44473e84efff064ebddbfd6b834e6291546db40,matched,76128533B20458430922604,21.4387,S1,interim_s1_only,s1_interim,aoi,pending,track_b_not_run,,21.4387,4.7807,,,,,,,,,no-sits,True,22.1,0.7603,-15.25,False,BOTH,5.0,11.0,174.7565,1.6339,4.3869,7915.862636956913,21.4387,S1,no_optical_s1,fs1-3016a20fd3ad
E201::amritsar,E201,2025-0751-IND,2025-08-15,Punjab,Amritsar,district,FAO/GAUL/2015/level2,matched,17821,1109.6296,S1,interim_s1_only,s1_interim,aoi,pending,track_b_not_run,,1109.6296,23.5238,,,,,,,,,no-sits,True,2.9,0.9669,-13.75,False,BOTH,8.0,7.0,3987.6435,260.8036,3497.4723,4850.355487392105,1109.6296,S1,no_optical_s1,fs1-3016a20fd3ad
E201::fazilka,E201,2025-0751-IND,2025-08-15,Punjab,Fazilka,district,geoBoundaries/gbOpen/IND/ADM2/2021@8bef6929fd65432e7dc775e7c44473e84efff064ebddbfd6b834e6291546db40,matched,76128533B7291413308870,172.225,S1,interim_s1_only,s1_interim,aoi,pending,track_b_not_run,,172.225,5.037,,,,,,,,,no-sits,True,29.3,0.2748,-16.0,True,BOTH,12.0,7.0,3125.647,127.0779,2741.2245,3260.9663717370954,172.225,S1,no_optical_s1,fs1-3016a20fd3ad
E201::firozpur,E201,2025-0751-IND,2025-08-15,Punjab,Firozpur,district,FAO/GAUL/2015/level2,matched,17825,1408.2857,S1,interim_s1_only,s1_interim,aoi,pending,track_b_not_run,,1408.2857,19.3498,,,,,,,,,no-sits,True,25.1,0.4551,-13.75,False,BOTH,12.0,9.0,4645.3722,207.1827,4100.2886,5185.395439607114,1408.2857,S1,no_optical_s1,fs1-3016a20fd3ad
E201::gurdaspur,E201,2025-0751-IND,2025-08-15,Punjab,Gurdaspur,district,FAO/GAUL/2015/level2,matched,17826,233.8439,S1,interim_s1_only,s1_interim,aoi,pending,track_b_not_run,,233.8439,16.113,,,,,,,,,no-sits,True,2.2,0.9186,-16.75,False,BOTH,7.0,7.0,3098.5477,167.6617,2486.9024,3507.09272056944,233.8439,S1,no_optical_s1,fs1-3016a20fd3ad
E201::hoshiarpur,E201,2025-0751-IND,2025-08-15,Punjab,Hoshiarpur,district,FAO/GAUL/2015/level2,matched,17827,61.2126,S1,interim_s1_only,s1_interim,aoi,pending,track_b_not_run,,61.2126,19.5307,,,,,,,,,no-sits,True,4.2,0.9362,-16.0,True,BOTH,9.0,12.0,2845.513,156.1101,1853.9934,3362.8966396342144,61.2126,S1,no_optical_s1,fs1-3016a20fd3ad
E201::jalandhar,E201,2025-0751-IND,2025-08-15,Punjab,Jalandhar,district,FAO/GAUL/2015/level2,matched,17828,194.3689,S1,interim_s1_only,s1_interim,aoi,pending,track_b_not_run,,194.3689,5.899,,,,,,,,,no-sits,True,13.4,0.8641,-16.0,True,BOTH,8.0,6.0,2536.5667,200.5457,2140.6614,2605.0531477191817,194.3689,S1,no_optical_s1,fs1-3016a20fd3ad
E201::kapurthala,E201,2025-0751-IND,2025-08-15,Punjab,Kapurthala,district,FAO/GAUL/2015/level2,matched,17829,87.3932,S1,interim_s1_only,s1_interim,aoi,pending,track_b_not_run,,87.3932,34.4388,,,,,,,,,no-sits,True,14.0,0.8452,-17.75,False,BOTH,7.0,6.0,1441.5894,74.9368,1247.8891,1659.308150376237,87.3932,S1,no_optical_s1,fs1-3016a20fd3ad
E201::ludhiana,E201,2025-0751-IND,2025-08-15,Punjab,Ludhiana,district,FAO/GAUL/2015/level2,matched,17830,330.2655,S1,interim_s1_only,s1_interim,aoi,pending,track_b_not_run,,330.2655,8.3242,,,,,,,,,no-sits,True,19.6,0.7917,-16.0,True,BOTH,5.0,18.0,3203.7682,294.0705,2636.351,3573.1078179391798,330.2655,S1,no_optical_s1,fs1-3016a20fd3ad
E201::moga,E201,2025-0751-IND,2025-08-15,Punjab,Moga,district,FAO/GAUL/2015/level2,matched,70233,1165.2628,S1,interim_s1_only,s1_interim,aoi,pending,track_b_not_run,,1165.2628,5.4036,,,,,,,,,no-sits,True,37.5,0.6199,-13.75,False,BOTH,4.0,9.0,2258.8489,117.7557,2066.4633,2304.7121791106997,1165.2628,S1,no_optical_s1,fs1-3016a20fd3ad
E201::pathankot,E201,2025-0751-IND,2025-08-15,Punjab,Pathankot,district,geoBoundaries/gbOpen/IND/ADM2/2021@8bef6929fd65432e7dc775e7c44473e84efff064ebddbfd6b834e6291546db40,matched,76128533B19630094725383,29.641,S1,interim_s1_only,s1_interim,aoi,pending,track_b_not_run,,29.641,11.6015,,,,,,,,,no-sits,True,4.4,0.8252,-16.25,False,BOTH,4.0,4.0,751.4754,46.7949,463.8746,999.949013574026,29.641,S1,no_optical_s1,fs1-3016a20fd3ad
E201::sangrur,E201,2025-0751-IND,2025-08-15,Punjab,Sangrur,district,FAO/GAUL/2015/level2,matched,17833,2098.3994,S1,interim_s1_only,s1_interim,aoi,pending,track_b_not_run,,2098.3994,5.1059,,,,,,,,,no-sits,True,17.7,0.8281,-14.25,False,BOTH,9.0,21.0,4117.7548,200.9589,3739.9046,5091.276351954565,2098.3994,S1,no_optical_s1,fs1-3016a20fd3ad
E201::sri%20muktsar%20sahib,E201,2025-0751-IND,2025-08-15,Punjab,Sri Muktsar Sahib,district,geoBoundaries/gbOpen/IND/ADM2/2021@8bef6929fd65432e7dc775e7c44473e84efff064ebddbfd6b834e6291546db40,matched,76128533B50184713016881,135.0755,S1,interim_s1_only,s1_interim,aoi,pending,track_b_not_run,,135.0755,0.8209,,,,,,,,,no-sits,True,29.7,0.3706,-16.0,True,BOTH,6.0,4.0,2559.7405,113.7591,2320.0237,2637.9147681685968,135.0755,S1,no_optical_s1,fs1-3016a20fd3ad
E202::bageshwar,E202,2025-0803-IND,2025-09-15,Uttarakhand,Bageshwar,district,FAO/GAUL/2015/level2,matched,70281,1.887,S1,interim_s1_only,s1_interim,aoi,pending,track_b_not_run,,1.887,0.0967,,,,,,,,,no-sits,True,19.7,0.8176,-16.25,False,BOTH,5.0,13.0,38.1041,1.0387,9.0154,2283.823715697251,1.887,S1,no_optical_s1,fs1-3016a20fd3ad
E202::champawat,E202,2025-0803-IND,2025-09-15,Uttarakhand,Champawat,district,FAO/GAUL/2015/level2,matched,70283,2.6776,S1,interim_s1_only,s1_interim,aoi,pending,track_b_not_run,,2.6776,0.1568,,,,,,,,,no-sits,True,8.2,0.8348,-14.25,False,BOTH,6.0,6.0,46.9631,0.5375,6.9536,1688.3763040453146,2.6776,S1,no_optical_s1,fs1-3016a20fd3ad
E202::dehradun,E202,2025-0803-IND,2025-09-15,Uttarakhand,Dehradun,district,FAO/GAUL/2015/level2,matched,17903,34.5387,S1,interim_s1_only,s1_interim,aoi,pending,track_b_not_run,,34.5387,11.0982,,,,,,,,,no-sits,True,0.1,0.9391,-13.25,False,BOTH,10.0,16.0,982.9091,116.2416,246.4921,3070.1655325092884,34.5387,S1,no_optical_s1,fs1-3016a20fd3ad
E202::haridwar,E202,2025-0803-IND,2025-09-15,Uttarakhand,Haridwar,district,FAO/GAUL/2015/level2,matched,70284,27.2693,S1,interim_s1_only,s1_interim,aoi,pending,track_b_not_run,,27.2693,15.6923,,,,,,,,,no-sits,True,0.0,0.9462,-16.0,True,BOTH,5.0,25.0,2028.6973,124.9707,948.5496,2388.487173667367,27.2693,S1,no_optical_s1,fs1-3016a20fd3ad
E202::nainital,E202,2025-0803-IND,2025-09-15,Uttarakhand,Nainital,district,FAO/GAUL/2015/level2,matched,70285,3.3517,S1,interim_s1_only,s1_interim,aoi,pending,track_b_not_run,,3.3517,4.7824,,,,,,,,,no-sits,True,4.4,0.9732,-16.0,True,BOTH,6.0,6.0,1382.9492,42.2851,260.4191,4068.963433579816,3.3517,S1,no_optical_s1,fs1-3016a20fd3ad
E202::pauri%20garhwal,E202,2025-0803-IND,2025-09-15,Uttarakhand,Pauri Garhwal,district,FAO/GAUL/2015/level2,matched,17910,5.7242,S1,interim_s1_only,s1_interim,aoi,pending,track_b_not_run,,5.7242,3.8444,,,,,,,,,no-sits,True,0.3,0.8989,-16.0,True,BOTH,2.0,29.0,373.3441,16.8996,63.5702,5461.918144346134,5.7242,S1,no_optical_s1,fs1-3016a20fd3ad
E202::pithoragarh,E202,2025-0803-IND,2025-09-15,Uttarakhand,Pithoragarh,district,FAO/GAUL/2015/level2,matched,17932,8.9915,S1,interim_s1_only,s1_interim,aoi,pending,track_b_not_run,,8.9915,0.602,,,,,,,,,no-sits,True,14.3,0.633,-15.25,False,BOTH,8.0,27.0,107.4879,1.9764,9.4874,7209.480621522472,8.9915,S1,no_optical_s1,fs1-3016a20fd3ad
E202::tehri%20garhwal,E202,2025-0803-IND,2025-09-15,Uttarakhand,Tehri Garhwal,district,FAO/GAUL/2015/level2,matched,70287,2.8019,S1,interim_s1_only,s1_interim,aoi,pending,track_b_not_run,,2.8019,0.6092,,,,,,,,,no-sits,True,2.5,0.6306,-13.75,False,BOTH,7.0,39.0,46.9933,0.7541,6.5246,4393.487663681659,2.8019,S1,no_optical_s1,fs1-3016a20fd3ad
E202::udham%20singh%20nagar,E202,2025-0803-IND,2025-09-15,Uttarakhand,Udham Singh Nagar,district,FAO/GAUL/2015/level2,matched,70288,42.1791,S1,interim_s1_only,s1_interim,aoi,pending,track_b_not_run,,42.1791,10.572,,,,,,,,,no-sits,True,0.0,0.9902,-16.0,True,BOTH,7.0,14.0,2584.6152,117.6935,1480.6837,2869.388323442663,42.1791,S1,no_optical_s1,fs1-3016a20fd3ad
E203::araria,E203,2025-0859-IND,2025-10-03,Bihar,Araria,district,FAO/GAUL/2015/level2,matched,70094,289.3347,S1,interim_s1_only,s1_interim,aoi,pending,track_b_not_run,,289.3347,120.6951,,,,,,,,,no-sits,True,0.9,0.9784,-16.0,True,BOTH,6.0,12.0,2783.8584,111.3615,2041.9874,2825.348194194397,289.3347,S1,no_optical_s1,fs1-3016a20fd3ad
E203::darbhanga,E203,2025-0859-IND,2025-10-03,Bihar,Darbhanga,district,FAO/GAUL/2015/level2,matched,17598,220.5247,S1,interim_s1_only,s1_interim,aoi,pending,track_b_not_run,,220.5247,163.8685,,,,,,,,,no-sits,True,0.0,0.9998,-14.75,False,BOTH,4.0,8.0,2116.2992,123.9895,1491.5896,2293.727225126986,220.5247,S1,no_optical_s1,fs1-3016a20fd3ad
E203::east%20champaran,E203,2025-0859-IND,2025-10-03,Bihar,East Champaran,district,geoBoundaries/gbOpen/IND/ADM2/2021@8bef6929fd65432e7dc775e7c44473e84efff064ebddbfd6b834e6291546db40,matched,76128533B49017555803526,346.3782,S1,interim_s1_only,s1_interim,aoi,pending,track_b_not_run,,346.3782,241.3784,,,,,,,,,no-sits,True,0.0,0.9934,-15.25,False,BOTH,5.0,13.0,4047.632,223.9597,2855.6906,4209.432168721379,346.3782,S1,no_optical_s1,fs1-3016a20fd3ad
E203::gopalganj,E203,2025-0859-IND,2025-10-03,Bihar,Gopalganj,district,FAO/GAUL/2015/level2,matched,17604,95.6469,S1,interim_s1_only,s1_interim,aoi,pending,track_b_not_run,,95.6469,28.5852,,,,,,,,,no-sits,True,0.0,0.9878,-13.75,False,BOTH,3.0,8.0,2001.4418,119.6197,1420.8562,2044.660708589624,95.6469,S1,no_optical_s1,fs1-3016a20fd3ad
E203::katihar,E203,2025-0859-IND,2025-10-03,Bihar,Katihar,district,FAO/GAUL/2015/level2,matched,17608,105.1604,S1,interim_s1_only,s1_interim,aoi,pending,track_b_not_run,,105.1604,26.9994,,,,,,,,,no-sits,True,0.0,0.9818,-16.25,False,BOTH,7.0,10.0,2843.7093,132.403,2077.447,3068.3721590224136,105.1604,S1,no_optical_s1,fs1-3016a20fd3ad
E203::kishanganj,E203,2025-0859-IND,2025-10-03,Bihar,Kishanganj,district,FAO/GAUL/2015/level2,matched,70100,63.9464,S1,interim_s1_only,s1_interim,aoi,pending,track_b_not_run,,63.9464,10.534,,,,,,,,,no-sits,True,0.0,1.0,-16.0,True,BOTH,4.0,12.0,1852.9673,64.5698,1314.1185,1932.7539351616576,63.9464,S1,no_optical_s1,fs1-3016a20fd3ad
E203::madhepura,E203,2025-0859-IND,2025-10-03,Bihar,Madhepura,district,FAO/GAUL/2015/level2,matched,17612,332.2179,S1,interim_s1_only,s1_interim,aoi,pending,track_b_not_run,,332.2179,15.7362,,,,,,,,,no-sits,True,0.0,0.9722,-13.75,False,BOTH,8.0,4.0,1815.6229,74.764,1333.9732,1841.8576584601997,332.2179,S1,no_optical_s1,fs1-3016a20fd3ad
E203::madhubani,E203,2025-0859-IND,2025-10-03,Bihar,Madhubani,district,FAO/GAUL/2015/level2,matched,17611,121.4143,S1,interim_s1_only,s1_interim,aoi,pending,track_b_not_run,,121.4143,125.7242,,,,,,,,,no-sits,True,0.0,0.9996,-16.0,True,BOTH,6.0,8.0,3212.7477,159.6917,2236.3901,3457.42262983169,121.4143,S1,no_optical_s1,fs1-3016a20fd3ad
E203::muzaffarpur,E203,2025-0859-IND,2025-10-03,Bihar,Muzaffarpur,district,FAO/GAUL/2015/level2,matched,17613,124.0638,S1,interim_s1_only,s1_interim,aoi,pending,track_b_not_run,,124.0638,171.5919,,,,,,,,,no-sits,True,0.0,0.9899,-15.25,False,BOTH,10.0,24.0,3129.3395,204.9248,2037.5739,3192.441978127565,124.0638,S1,no_optical_s1,fs1-3016a20fd3ad
E203::purnia,E203,2025-0859-IND,2025-10-03,Bihar,Purnia,district,FAO/GAUL/2015/level2,matched,17621,224.3726,S1,interim_s1_only,s1_interim,aoi,pending,track_b_not_run,,224.3726,67.6389,,,,,,,,,no-sits,True,0.0,0.9928,-16.0,True,BOTH,8.0,6.0,3216.5812,161.7457,2348.6834,3252.274864588641,224.3726,S1,no_optical_s1,fs1-3016a20fd3ad
E203::saharsa,E203,2025-0859-IND,2025-10-03,Bihar,Saharsa,district,FAO/GAUL/2015/level2,matched,17624,188.8319,S1,interim_s1_only,s1_interim,aoi,pending,track_b_not_run,,188.8319,100.1422,,,,,,,,,no-sits,True,0.0,0.9993,-13.75,False,BOTH,6.0,2.0,1597.4024,73.4795,1156.81,1692.2702412487936,188.8319,S1,no_optical_s1,fs1-3016a20fd3ad
E203::samastipur,E203,2025-0859-IND,2025-10-03,Bihar,Samastipur,district,FAO/GAUL/2015/level2,matched,17626,78.0893,S1,interim_s1_only,s1_interim,aoi,pending,track_b_not_run,,78.0893,88.87,,,,,,,,,no-sits,True,0.0,0.9937,-14.75,False,BOTH,5.0,4.0,2732.2727,163.9409,1804.9512,2911.492917812177,78.0893,S1,no_optical_s1,fs1-3016a20fd3ad
E203::saran,E203,2025-0859-IND,2025-10-03,Bihar,Saran,district,FAO/GAUL/2015/level2,matched,17628,84.5466,S1,interim_s1_only,s1_interim,aoi,pending,track_b_not_run,,84.5466,68.6442,,,,,,,,,no-sits,True,0.0,0.9752,-16.25,False,BOTH,10.0,19.0,2555.315,176.7369,1803.5769,2650.3366911206285,84.5466,S1,no_optical_s1,fs1-3016a20fd3ad
E203::sheohar,E203,2025-0859-IND,2025-10-03,Bihar,Sheohar,district,FAO/GAUL/2015/level2,matched,70103,15.9423,S1,interim_s1_only,s1_interim,aoi,pending,track_b_not_run,,15.9423,36.9886,,,,,,,,,no-sits,True,0.0,0.9999,-15.75,False,BOTH,4.0,5.0,566.1197,25.7266,391.2231,575.6280849211931,15.9423,S1,no_optical_s1,fs1-3016a20fd3ad
E203::sitamarhi,E203,2025-0859-IND,2025-10-03,Bihar,Sitamarhi,district,FAO/GAUL/2015/level2,matched,17630,172.8282,S1,interim_s1_only,s1_interim,aoi,pending,track_b_not_run,,172.8282,183.3546,,,,,,,,,no-sits,True,0.0,0.9993,-13.75,False,BOTH,4.0,5.0,2019.8231,104.0527,1393.9537,2075.1609189491032,172.8282,S1,no_optical_s1,fs1-3016a20fd3ad
E203::siwan,E203,2025-0859-IND,2025-10-03,Bihar,Siwan,district,FAO/GAUL/2015/level2,matched,17631,96.8538,S1,interim_s1_only,s1_interim,aoi,pending,track_b_not_run,,96.8538,51.2093,,,,,,,,,no-sits,True,0.0,0.9696,-13.75,False,BOTH,5.0,15.0,2163.4697,140.3064,1598.0864,2229.6509970655925,96.8538,S1,no_optical_s1,fs1-3016a20fd3ad
E203::supaul,E203,2025-0859-IND,2025-10-03,Bihar,Supaul,district,FAO/GAUL/2015/level2,matched,70104,376.3969,S1,interim_s1_only,s1_interim,aoi,pending,track_b_not_run,,376.3969,43.3165,,,,,,,,,no-sits,True,0.0,0.9984,-14.25,False,BOTH,7.0,8.0,2327.5369,73.558,1540.2276,2399.2927702222696,376.3969,S1,no_optical_s1,fs1-3016a20fd3ad
E203::west%20champaran,E203,2025-0859-IND,2025-10-03,Bihar,West Champaran,district,geoBoundaries/gbOpen/IND/ADM2/2021@8bef6929fd65432e7dc775e7c44473e84efff064ebddbfd6b834e6291546db40,matched,76128533B17762399278073,237.6942,S1,interim_s1_only,s1_interim,aoi,pending,track_b_not_run,,237.6942,131.1313,,,,,,,,,no-sits,True,0.0,0.9996,-15.25,False,BOTH,4.0,12.0,4613.9716,173.9217,3003.5522,5214.198372330475,237.6942,S1,no_optical_s1,fs1-3016a20fd3ad
E204::alipurduar,E204,2025-0859-IND,2025-10-03,West Bengal,Alipurduar,district,geoBoundaries/gbOpen/IND/ADM2/2021@8bef6929fd65432e7dc775e7c44473e84efff064ebddbfd6b834e6291546db40,matched,76128533B23858286755005,47.8929,S1,interim_s1_only,s1_interim,aoi,pending,track_b_not_run,,47.8929,6.3695,,,,,,,,,no-sits,True,0.1,1.0,-16.0,True,BOTH,5.0,4.0,2397.164,27.572,669.4875,2805.571892812931,47.8929,S1,no_optical_s1,fs1-3016a20fd3ad
E204::cooch%20behar,E204,2025-0859-IND,2025-10-03,West Bengal,Cooch Behar,district,geoBoundaries/gbOpen/IND/ADM2/2021@8bef6929fd65432e7dc775e7c44473e84efff064ebddbfd6b834e6291546db40,matched,76128533B64156747739715,347.8384,S1,interim_s1_only,s1_interim,aoi,pending,track_b_not_run,,347.8384,21.9411,,,,,,,,,no-sits,True,0.0,0.9956,-14.25,False,BOTH,6.0,6.0,3131.2864,35.6547,1811.0378,3288.1312386454174,347.8384,S1,no_optical_s1,fs1-3016a20fd3ad
E204::darjeeling,E204,2025-0859-IND,2025-10-03,West Bengal,Darjeeling,district,geoBoundaries/gbOpen/IND/ADM2/2021@8bef6929fd65432e7dc775e7c44473e84efff064ebddbfd6b834e6291546db40,matched,76128533B17109302371020,4.1148,S1,interim_s1_only,s1_interim,aoi,pending,track_b_not_run,,4.1148,3.7507,,,,,,,,,no-sits,True,0.0,0.9995,-16.0,True,BOTH,5.0,19.0,826.6807,47.8383,280.9187,2082.4452472301264,4.1148,S1,no_optical_s1,fs1-3016a20fd3ad
E204::jalpaiguri,E204,2025-0859-IND,2025-10-03,West Bengal,Jalpaiguri,district,FAO/GAUL/2015/level2,matched,17951,97.2842,S1,interim_s1_only,s1_interim,aoi,pending,track_b_not_run,,97.2842,30.3925,,,,,,,,,no-sits,True,0.0,1.0,-16.0,True,BOTH,9.0,4.0,5492.7966,96.2215,1798.9271,6200.341009430311,97.2842,S1,no_optical_s1,fs1-3016a20fd3ad
E204::kalimpong,E204,2025-0859-IND,2025-10-03,West Bengal,Kalimpong,district,geoBoundaries/gbOpen/IND/ADM2/2021@8bef6929fd65432e7dc775e7c44473e84efff064ebddbfd6b834e6291546db40,matched,76128533B78458325839103,0.3577,S1,interim_s1_only,s1_interim,aoi,pending,track_b_not_run,,0.3577,0.229,,,,,,,,,no-sits,True,0.0,0.9971,-16.0,True,BOTH,5.0,4.0,73.9352,0.8321,9.6083,1110.133398229132,0.3577,S1,no_optical_s1,fs1-3016a20fd3ad
