event_district_id,event_id,source_record_id,start_date,state,district,flood_area_km2,flood_ratio,aoi_area_km2,satellite_source,satellite_status,district_match_status,geometry_id,aoi_match_status,analysis_observation_status,route_reason,cloud_pct,otsu_fallback_used,s1_orbit,eligible_km2,flood_ratio_eligible,sits_status,converter_decision,legacy_flood_area_km2,legacy_satellite_source,spec_version
E001::anantnag,E001,2015-0107-IND,2015-03-20,Jammu and Kashmir,Anantnag,1.8372,0.0007,2744.7027110021554,S1,observed,matched,76128533B6393836306469,matched,observed,interim_s1_only,100.0,True,DESCENDING,460.8518,0.004,unavailable,,1.8372,S1,fs1-3016a20fd3ad
E001::budgam,E001,2015-0107-IND,2015-03-20,Jammu and Kashmir,Budgam,14.5393,0.0129,1130.5904895316958,S1,observed,matched,76128533B88214376170788,matched,observed,interim_s1_only,100.0,True,DESCENDING,414.6076,0.0351,unavailable,,14.5393,S1,fs1-3016a20fd3ad
E001::shopian,E001,2015-0107-IND,2015-03-20,Jammu and Kashmir,Shopian,2.9652,0.0065,453.0644785617448,S1,observed,matched,76128533B37825396764028,matched,observed,interim_s1_only,100.0,True,DESCENDING,204.64,0.0145,unavailable,,2.9652,S1,fs1-3016a20fd3ad
E001::srinagar,E001,2015-0107-IND,2015-03-20,Jammu and Kashmir,Srinagar,5.664,0.011,512.8831127978173,S1,observed,matched,76128533B32249045995424,matched,observed,interim_s1_only,100.0,True,DESCENDING,211.5697,0.0268,unavailable,,5.664,S1,fs1-3016a20fd3ad
E002::virudhunagar,E002,2015-0207-IND,2015-05-17,Tamil Nadu,Virudhunagar,,,4306.978436820998,NONE,missing,matched,17869.0,matched,missing,no_s1,100.0,,DESCENDING,3913.8888,,unavailable,,,NONE,fs1-3016a20fd3ad
E003::amreli,E003,2015-0249-IND,2015-06-19,Gujarat,Amreli,,,7335.055339616136,NONE,missing,matched,17636.0,matched,missing,no_s1,100.0,,,6520.1448,,unavailable,,,NONE,fs1-3016a20fd3ad
E003::morbi,E003,2015-0249-IND,2015-06-19,Gujarat,Morbi,0.0028,0.0,4845.388822156085,S1,observed,matched,76128533B2080752988715,matched,observed,interim_s1_only,100.0,True,DESCENDING,4598.5249,0.0,unavailable,,0.0028,S1,fs1-3016a20fd3ad
E003::rajkot,E003,2015-0249-IND,2015-06-19,Gujarat,Rajkot,,,11175.751593133718,NONE,missing,matched,17647.0,matched,missing,no_s1,100.0,,,10594.8875,,unavailable,,,NONE,fs1-3016a20fd3ad
E003::surat,E003,2015-0249-IND,2015-06-19,Gujarat,Surat,,,7486.82173633887,NONE,missing,matched,17649.0,matched,missing,no_s1,100.0,,,5860.6038,,unavailable,,,NONE,fs1-3016a20fd3ad
E003::tapi,E003,2015-0249-IND,2015-06-19,Gujarat,Tapi,,,3222.2181213994645,NONE,missing,matched,76128533B12519626815499,matched,missing,no_s1,100.0,,,2093.7467,,unavailable,,,NONE,fs1-3016a20fd3ad
E005::darjeeling,E005,2015-0253-IND,2015-06-23,West Bengal,Darjeeling,2.4859,0.0012,2082.4452472301264,S1,observed,matched,76128533B17109302371020,matched,observed,interim_s1_only,100.0,True,BOTH,826.6807,0.003,unavailable,,2.4859,S1,fs1-3016a20fd3ad
E009::anantnag,E009,2015-0333-IND,2015-07-07,Jammu and Kashmir,Anantnag,1.7994,0.0007,2744.702711002116,S1,observed,matched,76128533B6393836306469,matched,observed,interim_s1_only,100.0,True,ASCENDING,460.8518,0.0039,unavailable,,1.7994,S1,fs1-3016a20fd3ad
E012::barabanki,E012,2015-0333-IND,2015-07-07,Uttar Pradesh,Barabanki,783.3031,0.1764,4440.0005417469865,S1,observed,matched,17896.0,matched,observed,interim_s1_only,100.0,False,BOTH,4261.6796,0.1838,unavailable,,783.3031,S1,fs1-3016a20fd3ad
E015::dhemaji,E015,2015-0413-IND,2015-07-14,Assam,Dhemaji,12.8685,0.0051,2503.3476339074205,S1,observed,matched,70087.0,matched,observed,interim_s1_only,100.0,True,ASCENDING,2240.4877,0.0057,unavailable,,12.8685,S1,fs1-3016a20fd3ad
E015::kokrajhar,E015,2015-0413-IND,2015-07-14,Assam,Kokrajhar,42.6868,0.0128,3329.2233881813268,S1,observed,matched,70090.0,matched,observed,interim_s1_only,100.0,True,ASCENDING,3061.7037,0.0139,unavailable,,42.6868,S1,fs1-3016a20fd3ad
E015::lakhimpur,E015,2015-0413-IND,2015-07-14,Assam,Lakhimpur,51.7313,0.0179,2886.5239581816727,S1,observed,matched,70091.0,matched,observed,interim_s1_only,100.0,False,ASCENDING,2563.3875,0.0202,unavailable,,51.7313,S1,fs1-3016a20fd3ad
E015::sonitpur,E015,2015-0413-IND,2015-07-14,Assam,Sonitpur,68.551,0.0147,4676.158375740257,S1,observed,matched,17593.0,matched,observed,interim_s1_only,100.0,False,ASCENDING,4081.5881,0.0168,unavailable,,68.551,S1,fs1-3016a20fd3ad
E016::baksa,E016,2015-0317-IND,2015-07-15,Assam,Baksa,70.022,0.0292,2398.6209171216783,S1,observed,matched,76128533B8221925175605,matched,observed,interim_s1_only,100.0,True,ASCENDING,2223.2273,0.0315,unavailable,,70.022,S1,fs1-3016a20fd3ad
E016::barpeta,E016,2015-0317-IND,2015-07-15,Assam,Barpeta,158.5279,0.0487,3253.622989828742,S1,observed,matched,17576.0,matched,observed,interim_s1_only,100.0,False,ASCENDING,2781.8165,0.057,unavailable,,158.5279,S1,fs1-3016a20fd3ad
E016::bongaigaon,E016,2015-0317-IND,2015-07-15,Assam,Bongaigaon,68.1776,0.0292,2332.582799042809,S1,observed,matched,70086.0,matched,observed,interim_s1_only,100.0,False,ASCENDING,1849.5033,0.0369,unavailable,,68.1776,S1,fs1-3016a20fd3ad
E016::cachar,E016,2015-0317-IND,2015-07-15,Assam,Cachar,1.4569,0.0004,3806.329961738336,S1,observed,matched,17577.0,matched,observed,interim_s1_only,100.0,True,ASCENDING,1742.352,0.0008,unavailable,,1.4569,S1,fs1-3016a20fd3ad
E016::darrang,E016,2015-0317-IND,2015-07-15,Assam,Darrang,,,3426.9679336953163,NONE,missing,matched,17578.0,matched,missing,no_s1,100.0,,,3074.5271,,unavailable,,,NONE,fs1-3016a20fd3ad
E016::dhemaji,E016,2015-0317-IND,2015-07-15,Assam,Dhemaji,12.8685,0.0051,2503.3476339074205,S1,observed,matched,70087.0,matched,observed,interim_s1_only,100.0,True,ASCENDING,2240.4877,0.0057,unavailable,,12.8685,S1,fs1-3016a20fd3ad
E016::dhubri,E016,2015-0317-IND,2015-07-15,Assam,Dhubri,94.5726,0.0528,1790.280077462252,S1,observed,matched,76128533B25835998628545,matched,observed,interim_s1_only,100.0,False,ASCENDING,1545.8668,0.0612,unavailable,,94.5726,S1,fs1-3016a20fd3ad
E016::dibrugarh,E016,2015-0317-IND,2015-07-15,Assam,Dibrugarh,26.6159,0.0078,3397.4818067287138,S1,observed,matched,17580.0,matched,observed,interim_s1_only,100.0,False,ASCENDING,2887.5515,0.0092,unavailable,,26.6159,S1,fs1-3016a20fd3ad
E016::goalpara,E016,2015-0317-IND,2015-07-15,Assam,Goalpara,27.8387,0.0146,1904.60564716237,S1,observed,matched,17581.0,matched,observed,interim_s1_only,100.0,False,ASCENDING,1408.4225,0.0198,unavailable,,27.8387,S1,fs1-3016a20fd3ad
E016::jorhat,E016,2015-0317-IND,2015-07-15,Assam,Jorhat,16.3964,0.0058,2842.716884638612,S1,observed,matched,70089.0,matched,observed,interim_s1_only,100.0,False,ASCENDING,2306.1826,0.0071,unavailable,,16.3964,S1,fs1-3016a20fd3ad
E016::kamrup,E016,2015-0317-IND,2015-07-15,Assam,Kamrup,4.3507,0.001,4348.6225796054405,S1,observed,matched,17583.0,matched,observed,interim_s1_only,100.0,True,ASCENDING,2833.5254,0.0015,unavailable,,4.3507,S1,fs1-3016a20fd3ad
E016::karbi%20anglong,E016,2015-0317-IND,2015-07-15,Assam,Karbi Anglong,12.3412,0.0012,10446.406497647093,S1,observed,matched,17584.0,matched,observed,interim_s1_only,100.0,True,ASCENDING,2925.3894,0.0042,unavailable,,12.3412,S1,fs1-3016a20fd3ad
E016::kokrajhar,E016,2015-0317-IND,2015-07-15,Assam,Kokrajhar,48.58,0.0146,3329.2233881813268,S1,observed,matched,70090.0,matched,observed,interim_s1_only,100.0,True,ASCENDING,3061.7037,0.0159,unavailable,,48.58,S1,fs1-3016a20fd3ad
E016::lakhimpur,E016,2015-0317-IND,2015-07-15,Assam,Lakhimpur,51.7313,0.0179,2886.5239581816727,S1,observed,matched,70091.0,matched,observed,interim_s1_only,100.0,False,ASCENDING,2563.3875,0.0202,unavailable,,51.7313,S1,fs1-3016a20fd3ad
E016::morigaon,E016,2015-0317-IND,2015-07-15,Assam,Morigaon,,,1508.3262903435684,NONE,missing,matched,76128533B17968019348564,matched,missing,no_s1,100.0,,,1311.7575,,unavailable,,,NONE,fs1-3016a20fd3ad
E016::nagaon,E016,2015-0317-IND,2015-07-15,Assam,Nagaon,32.4244,0.0081,3997.4423095607103,S1,observed,matched,17589.0,matched,observed,interim_s1_only,100.0,True,ASCENDING,3099.3518,0.0105,unavailable,,32.4244,S1,fs1-3016a20fd3ad
E016::nalbari,E016,2015-0317-IND,2015-07-15,Assam,Nalbari,,,2339.8796955273547,NONE,missing,matched,17590.0,matched,missing,no_s1,100.0,,,2097.5834,,unavailable,,,NONE,fs1-3016a20fd3ad
E016::sonitpur,E016,2015-0317-IND,2015-07-15,Assam,Sonitpur,68.551,0.0147,4676.158375740257,S1,observed,matched,17593.0,matched,observed,interim_s1_only,100.0,False,ASCENDING,4081.5881,0.0168,unavailable,,68.551,S1,fs1-3016a20fd3ad
E016::tinsukia,E016,2015-0317-IND,2015-07-15,Assam,Tinsukia,6.4123,0.0017,3799.190193815676,S1,observed,matched,70093.0,matched,observed,interim_s1_only,100.0,True,DESCENDING,3303.9786,0.0019,unavailable,,6.4123,S1,fs1-3016a20fd3ad
E016::udalguri,E016,2015-0317-IND,2015-07-15,Assam,Udalguri,,,2056.2913712488325,NONE,missing,matched,76128533B20307518801538,matched,missing,no_s1,100.0,,,1902.4689,,unavailable,,,NONE,fs1-3016a20fd3ad
E017::banaskantha,E017,2015-0317-IND,2015-07-15,Gujarat,Banaskantha,,,10638.731207971712,NONE,missing,matched,17637.0,matched,missing,no_s1,100.0,,,9330.3213,,unavailable,,,NONE,fs1-3016a20fd3ad
E017::kutch,E017,2015-0317-IND,2015-07-15,Gujarat,Kutch,2389.9903,0.0559,42739.022712293714,S1,observed,matched,76128533B91881382098572,matched,observed,interim_s1_only,100.0,False,BOTH,35085.3176,0.0681,unavailable,,2389.9903,S1,fs1-3016a20fd3ad
E017::patan,E017,2015-0317-IND,2015-07-15,Gujarat,Patan,,,6017.262722245363,NONE,missing,matched,70129.0,matched,missing,no_s1,100.0,,,5815.1637,,unavailable,,,NONE,fs1-3016a20fd3ad
E019::bishnupur,E019,2015-0317-IND,2015-07-15,Manipur,Bishnupur,77.0245,0.1599,481.84963420103696,S1,observed,matched,70188.0,matched,observed,interim_s1_only,100.0,False,ASCENDING,368.5485,0.209,unavailable,,77.0245,S1,fs1-3016a20fd3ad
E019::chandel,E019,2015-0317-IND,2015-07-15,Manipur,Chandel,1.1076,0.0003,3203.022279023179,S1,observed,matched,70189.0,matched,observed,interim_s1_only,100.0,True,ASCENDING,121.2731,0.0091,unavailable,,1.1076,S1,fs1-3016a20fd3ad
E019::churachandpur,E019,2015-0317-IND,2015-07-15,Manipur,Churachandpur,5.1917,0.0011,4763.149584333486,S1,observed,matched,70190.0,matched,observed,interim_s1_only,100.0,True,ASCENDING,210.6588,0.0246,unavailable,,5.1917,S1,fs1-3016a20fd3ad
E019::jiribam,E019,2015-0317-IND,2015-07-15,Manipur,Jiribam,0.2862,0.002,146.20809022147196,S1,observed,matched,76128533B64881202564500,matched,observed,interim_s1_only,100.0,True,ASCENDING,51.0692,0.0056,unavailable,,0.2862,S1,fs1-3016a20fd3ad
E019::thoubal,E019,2015-0317-IND,2015-07-15,Manipur,Thoubal,62.3161,0.0871,715.5847965133187,S1,observed,matched,70194.0,matched,observed,interim_s1_only,100.0,True,ASCENDING,499.928,0.1247,unavailable,,62.3161,S1,fs1-3016a20fd3ad
E019::ukhrul,E019,2015-0317-IND,2015-07-15,Manipur,Ukhrul,0.2034,0.0,4426.124966872591,S1,observed,matched,70195.0,matched,observed,interim_s1_only,100.0,True,ASCENDING,83.3833,0.0024,unavailable,,0.2034,S1,fs1-3016a20fd3ad
E020::balasore,E020,2015-0317-IND,2015-07-15,Odisha,Balasore,255.9336,0.0696,3677.371422806349,S1,observed,matched,76128533B81147724102706,matched,observed,interim_s1_only,100.0,True,DESCENDING,3299.0039,0.0776,unavailable,,255.9336,S1,fs1-3016a20fd3ad
E020::bhadrak,E020,2015-0317-IND,2015-07-15,Odisha,Bhadrak,151.511,0.0617,2454.2507276454426,S1,observed,matched,70209.0,matched,observed,interim_s1_only,100.0,True,DESCENDING,2394.8429,0.0633,unavailable,,151.511,S1,fs1-3016a20fd3ad
E020::deogarh,E020,2015-0317-IND,2015-07-15,Odisha,Deogarh,9.2768,0.0033,2821.6464871491025,S1,observed,matched,70212.0,matched,observed,interim_s1_only,100.0,False,DESCENDING,1421.5718,0.0065,unavailable,,9.2768,S1,fs1-3016a20fd3ad
E020::jajpur,E020,2015-0317-IND,2015-07-15,Odisha,Jajpur,68.0919,0.0234,2911.772767533447,S1,observed,matched,70215.0,matched,observed,interim_s1_only,100.0,True,DESCENDING,2574.9049,0.0264,unavailable,,68.0919,S1,fs1-3016a20fd3ad
E020::jharsuguda,E020,2015-0317-IND,2015-07-15,Odisha,Jharsuguda,22.5954,0.0106,2125.859964241697,S1,observed,matched,70216.0,matched,observed,interim_s1_only,100.0,False,DESCENDING,1518.8658,0.0149,unavailable,,22.5954,S1,fs1-3016a20fd3ad
E020::keonjhar,E020,2015-0317-IND,2015-07-15,Odisha,Keonjhar,34.5658,0.0041,8345.992035086878,S1,observed,matched,17813.0,matched,observed,interim_s1_only,100.0,True,DESCENDING,5293.3862,0.0065,unavailable,,34.5658,S1,fs1-3016a20fd3ad
E020::mayurbhanj,E020,2015-0317-IND,2015-07-15,Odisha,Mayurbhanj,36.1866,0.0035,10478.47816152713,S1,observed,matched,17816.0,matched,observed,interim_s1_only,100.0,True,DESCENDING,6996.5592,0.0052,unavailable,,36.1866,S1,fs1-3016a20fd3ad
E021::baran,E021,2015-0317-IND,2015-07-15,Rajasthan,Baran,,,6837.623843421029,NONE,missing,matched,70236.0,matched,missing,no_s1,100.0,,,6238.9206,,unavailable,,,NONE,fs1-3016a20fd3ad
E021::barmer,E021,2015-0317-IND,2015-07-15,Rajasthan,Barmer,846.6019,0.0298,28422.68727445841,S1,observed,matched,17837.0,matched,observed,interim_s1_only,100.0,False,BOTH,22998.3988,0.0368,unavailable,,846.6019,S1,fs1-3016a20fd3ad
E021::dungarpur,E021,2015-0317-IND,2015-07-15,Rajasthan,Dungarpur,,,3785.079096662621,NONE,missing,matched,17845.0,matched,missing,no_s1,100.0,,,2531.8194,,unavailable,,,NONE,fs1-3016a20fd3ad
E021::jalore,E021,2015-0317-IND,2015-07-15,Rajasthan,Jalore,,,10759.887698144588,NONE,missing,matched,76128533B59459156188335,matched,missing,no_s1,100.0,,,9748.2941,,unavailable,,,NONE,fs1-3016a20fd3ad
E021::jhalawar,E021,2015-0317-IND,2015-07-15,Rajasthan,Jhalawar,,,6261.78152754128,NONE,missing,matched,17850.0,matched,missing,no_s1,100.0,,,5319.2421,,unavailable,,,NONE,fs1-3016a20fd3ad
E021::sirohi,E021,2015-0317-IND,2015-07-15,Rajasthan,Sirohi,,,5146.300422974388,NONE,missing,matched,17858.0,matched,missing,no_s1,100.0,,,3574.7529,,unavailable,,,NONE,fs1-3016a20fd3ad
E022::alipurduar,E022,2015-0317-IND,2015-07-15,West Bengal,Alipurduar,48.3584,0.0172,2805.571892812931,S1,observed,matched,76128533B23858286755005,matched,observed,interim_s1_only,100.0,True,BOTH,2397.164,0.0202,unavailable,,48.3584,S1,fs1-3016a20fd3ad
E022::jalpaiguri,E022,2015-0317-IND,2015-07-15,West Bengal,Jalpaiguri,331.0002,0.0534,6200.341009430311,S1,observed,matched,17951.0,matched,observed,interim_s1_only,100.0,True,BOTH,5492.7966,0.0603,unavailable,,331.0002,S1,fs1-3016a20fd3ad
E022::malda,E022,2015-0317-IND,2015-07-15,West Bengal,Malda,316.784,0.0887,3569.571917709693,S1,observed,matched,76128533B36734405131975,matched,observed,interim_s1_only,100.0,True,BOTH,3262.3654,0.0971,unavailable,,316.784,S1,fs1-3016a20fd3ad
E023::baksa,E023,2015-0374-IND,2015-08-13,Assam,Baksa,6.7693,0.0028,2398.6209171216647,S1,observed,matched,76128533B8221925175605,matched,observed,interim_s1_only,100.0,True,DESCENDING,2223.2273,0.003,unavailable,,6.7693,S1,fs1-3016a20fd3ad
E023::barpeta,E023,2015-0374-IND,2015-08-13,Assam,Barpeta,378.302,0.1163,3253.622989828742,S1,observed,matched,17576.0,matched,observed,interim_s1_only,100.0,False,DESCENDING,2781.8165,0.136,unavailable,,378.302,S1,fs1-3016a20fd3ad
E023::bongaigaon,E023,2015-0374-IND,2015-08-13,Assam,Bongaigaon,111.8341,0.0479,2332.582799042809,S1,observed,matched,70086.0,matched,observed,interim_s1_only,100.0,False,DESCENDING,1849.5033,0.0605,unavailable,,111.8341,S1,fs1-3016a20fd3ad
E023::cachar,E023,2015-0374-IND,2015-08-13,Assam,Cachar,1.1172,0.0003,3806.329961738336,S1,observed,matched,17577.0,matched,observed,interim_s1_only,100.0,True,DESCENDING,1742.352,0.0006,unavailable,,1.1172,S1,fs1-3016a20fd3ad
E023::darrang,E023,2015-0374-IND,2015-08-13,Assam,Darrang,,,3426.9679336953163,NONE,missing,matched,17578.0,matched,missing,no_s1,100.0,,DESCENDING,3074.5271,,unavailable,,,NONE,fs1-3016a20fd3ad
E023::dhemaji,E023,2015-0374-IND,2015-08-13,Assam,Dhemaji,,,2503.3476339074205,NONE,missing,matched,70087.0,matched,missing,no_s1,100.0,,,2240.4877,,unavailable,,,NONE,fs1-3016a20fd3ad
E023::dibrugarh,E023,2015-0374-IND,2015-08-13,Assam,Dibrugarh,,,3397.4818067287138,NONE,missing,matched,17580.0,matched,missing,no_s1,100.0,,,2887.5515,,unavailable,,,NONE,fs1-3016a20fd3ad
E023::goalpara,E023,2015-0374-IND,2015-08-13,Assam,Goalpara,232.5025,0.1221,1904.60564716237,S1,observed,matched,17581.0,matched,observed,interim_s1_only,100.0,False,DESCENDING,1408.4225,0.1651,unavailable,,232.5025,S1,fs1-3016a20fd3ad
E023::jorhat,E023,2015-0374-IND,2015-08-13,Assam,Jorhat,,,2842.716884638612,NONE,missing,matched,70089.0,matched,missing,no_s1,100.0,,,2306.1826,,unavailable,,,NONE,fs1-3016a20fd3ad
E023::kamrup,E023,2015-0374-IND,2015-08-13,Assam,Kamrup,121.3439,0.0279,4348.6225796054405,S1,observed,matched,17583.0,matched,observed,interim_s1_only,100.0,False,DESCENDING,2833.5254,0.0428,unavailable,,121.3439,S1,fs1-3016a20fd3ad
E023::kokrajhar,E023,2015-0374-IND,2015-08-13,Assam,Kokrajhar,19.0582,0.0057,3329.2233881813268,S1,observed,matched,70090.0,matched,observed,interim_s1_only,100.0,True,DESCENDING,3061.7037,0.0062,unavailable,,19.0582,S1,fs1-3016a20fd3ad
E023::lakhimpur,E023,2015-0374-IND,2015-08-13,Assam,Lakhimpur,8.7724,0.003,2886.5239581816727,S1,observed,matched,70091.0,matched,observed,interim_s1_only,100.0,True,DESCENDING,2563.3875,0.0034,unavailable,,8.7724,S1,fs1-3016a20fd3ad
E023::morigaon,E023,2015-0374-IND,2015-08-13,Assam,Morigaon,,,1508.3262903435707,NONE,missing,matched,76128533B17968019348564,matched,missing,no_s1,100.0,,DESCENDING,1311.7575,,unavailable,,,NONE,fs1-3016a20fd3ad
E023::nagaon,E023,2015-0374-IND,2015-08-13,Assam,Nagaon,19.0389,0.0048,3997.4423095607103,S1,observed,matched,17589.0,matched,observed,interim_s1_only,100.0,True,DESCENDING,3099.3518,0.0061,unavailable,,19.0389,S1,fs1-3016a20fd3ad
E023::nalbari,E023,2015-0374-IND,2015-08-13,Assam,Nalbari,,,2339.8796955273547,NONE,missing,matched,17590.0,matched,missing,no_s1,100.0,,DESCENDING,2097.5834,,unavailable,,,NONE,fs1-3016a20fd3ad
E023::sonitpur,E023,2015-0374-IND,2015-08-13,Assam,Sonitpur,84.8638,0.0181,4676.158375740257,S1,observed,matched,17593.0,matched,observed,interim_s1_only,100.0,False,DESCENDING,4081.5881,0.0208,unavailable,,84.8638,S1,fs1-3016a20fd3ad
E023::tinsukia,E023,2015-0374-IND,2015-08-13,Assam,Tinsukia,,,3799.190193815676,NONE,missing,matched,70093.0,matched,missing,no_s1,100.0,,,3303.9786,,unavailable,,,NONE,fs1-3016a20fd3ad
E023::udalguri,E023,2015-0374-IND,2015-08-13,Assam,Udalguri,,,2056.2913712488385,NONE,missing,matched,76128533B20307518801538,matched,missing,no_s1,100.0,,DESCENDING,1902.4689,,unavailable,,,NONE,fs1-3016a20fd3ad
E024::barpeta,E024,2015-0406-IND,2015-08-28,Assam,Barpeta,271.8776,0.0836,3253.622989828742,S1,observed,matched,17576.0,matched,observed,interim_s1_only,100.0,False,ASCENDING,2781.8165,0.0977,unavailable,,271.8776,S1,fs1-3016a20fd3ad
E024::bongaigaon,E024,2015-0406-IND,2015-08-28,Assam,Bongaigaon,72.1273,0.0309,2332.582799042809,S1,observed,matched,70086.0,matched,observed,interim_s1_only,100.0,False,ASCENDING,1849.5033,0.039,unavailable,,72.1273,S1,fs1-3016a20fd3ad
E024::cachar,E024,2015-0406-IND,2015-08-28,Assam,Cachar,264.6439,0.0695,3806.329961738336,S1,observed,matched,17577.0,matched,observed,interim_s1_only,100.0,False,ASCENDING,1742.352,0.1519,unavailable,,264.6439,S1,fs1-3016a20fd3ad
E024::darrang,E024,2015-0406-IND,2015-08-28,Assam,Darrang,72.6202,0.0212,3426.9679336953163,S1,observed,matched,17578.0,matched,observed,interim_s1_only,100.0,False,ASCENDING,3074.5271,0.0236,unavailable,,72.6202,S1,fs1-3016a20fd3ad
E024::dhemaji,E024,2015-0406-IND,2015-08-28,Assam,Dhemaji,473.9374,0.1893,2503.3476339074205,S1,observed,matched,70087.0,matched,observed,interim_s1_only,100.0,False,ASCENDING,2240.4877,0.2115,unavailable,,473.9374,S1,fs1-3016a20fd3ad
E024::dibrugarh,E024,2015-0406-IND,2015-08-28,Assam,Dibrugarh,446.667,0.1315,3397.4818067287138,S1,observed,matched,17580.0,matched,observed,interim_s1_only,100.0,False,ASCENDING,2887.5515,0.1547,unavailable,,446.667,S1,fs1-3016a20fd3ad
E024::goalpara,E024,2015-0406-IND,2015-08-28,Assam,Goalpara,107.866,0.0566,1904.60564716237,S1,observed,matched,17581.0,matched,observed,interim_s1_only,100.0,False,ASCENDING,1408.4225,0.0766,unavailable,,107.866,S1,fs1-3016a20fd3ad
E024::jorhat,E024,2015-0406-IND,2015-08-28,Assam,Jorhat,158.3971,0.0557,2842.716884638612,S1,observed,matched,70089.0,matched,observed,interim_s1_only,100.0,False,ASCENDING,2306.1826,0.0687,unavailable,,158.3971,S1,fs1-3016a20fd3ad
E024::kamrup,E024,2015-0406-IND,2015-08-28,Assam,Kamrup,161.2507,0.0371,4348.6225796054405,S1,observed,matched,17583.0,matched,observed,interim_s1_only,100.0,True,ASCENDING,2833.5254,0.0569,unavailable,,161.2507,S1,fs1-3016a20fd3ad
E024::kokrajhar,E024,2015-0406-IND,2015-08-28,Assam,Kokrajhar,54.1183,0.0163,3329.2233881813268,S1,observed,matched,70090.0,matched,observed,interim_s1_only,100.0,True,ASCENDING,3061.7037,0.0177,unavailable,,54.1183,S1,fs1-3016a20fd3ad
E024::lakhimpur,E024,2015-0406-IND,2015-08-28,Assam,Lakhimpur,412.7753,0.143,2886.5239581816727,S1,observed,matched,70091.0,matched,observed,interim_s1_only,100.0,False,BOTH,2563.3875,0.161,unavailable,,412.7753,S1,fs1-3016a20fd3ad
E024::morigaon,E024,2015-0406-IND,2015-08-28,Assam,Morigaon,179.0632,0.1187,1508.3262903435684,S1,observed,matched,76128533B17968019348564,matched,observed,interim_s1_only,100.0,False,ASCENDING,1311.7575,0.1365,unavailable,,179.0632,S1,fs1-3016a20fd3ad
E024::nalbari,E024,2015-0406-IND,2015-08-28,Assam,Nalbari,35.6911,0.0153,2339.8796955273547,S1,observed,matched,17590.0,matched,observed,interim_s1_only,100.0,True,ASCENDING,2097.5834,0.017,unavailable,,35.6911,S1,fs1-3016a20fd3ad
E024::sivasagar,E024,2015-0406-IND,2015-08-28,Assam,Sivasagar,109.3111,0.0716,1526.651765771626,S1,observed,matched,76128533B21722277889516,matched,observed,interim_s1_only,100.0,False,ASCENDING,1387.3046,0.0788,unavailable,,109.3111,S1,fs1-3016a20fd3ad
E024::sonitpur,E024,2015-0406-IND,2015-08-28,Assam,Sonitpur,362.6753,0.0776,4676.158375740257,S1,observed,matched,17593.0,matched,observed,interim_s1_only,100.0,False,ASCENDING,4081.5881,0.0889,unavailable,,362.6753,S1,fs1-3016a20fd3ad
E024::tinsukia,E024,2015-0406-IND,2015-08-28,Assam,Tinsukia,245.1251,0.0645,3799.190193815676,S1,observed,matched,70093.0,matched,observed,interim_s1_only,100.0,True,ASCENDING,3303.9786,0.0742,unavailable,,245.1251,S1,fs1-3016a20fd3ad
E025::chittoor,E025,2015-0504-IND,2015-11-08,Andhra Pradesh,Chittoor,43.5346,0.0029,15225.848296260026,S1,observed,matched,17549.0,matched,observed,interim_s1_only,100.0,True,DESCENDING,10158.7229,0.0043,unavailable,,43.5346,S1,fs1-3016a20fd3ad
E025::nellore,E025,2015-0504-IND,2015-11-08,Andhra Pradesh,Nellore,,,13465.479193999116,NONE,missing,matched,17561.0,matched,missing,no_s1,100.0,,DESCENDING,11397.9217,,unavailable,,,NONE,fs1-3016a20fd3ad
E025::prakasam,E025,2015-0504-IND,2015-11-08,Andhra Pradesh,Prakasam,,,17855.500293612782,NONE,missing,matched,17563.0,matched,missing,no_s1,100.0,,DESCENDING,13796.4042,,unavailable,,,NONE,fs1-3016a20fd3ad
E025::ysr%20kadapa,E025,2015-0504-IND,2015-11-08,Andhra Pradesh,YSR Kadapa,,,15070.574780835612,NONE,missing,matched,76128533B72109128179340,matched,missing,no_s1,100.0,,DESCENDING,10008.0209,,unavailable,,,NONE,fs1-3016a20fd3ad
E026::puducherry,E026,2015-0504-IND,2015-11-08,Puducherry,Puducherry,2.3602,0.0118,199.99944279980937,S1,observed,matched,70228.0,matched,observed,interim_s1_only,100.0,True,DESCENDING,176.2038,0.0134,unavailable,,2.3602,S1,fs1-3016a20fd3ad
E027::chennai,E027,2015-0504-IND,2015-11-08,Tamil Nadu,Chennai,0.2382,0.0012,196.6308822101988,S1,observed,matched,70242.0,matched,observed,interim_s1_only,100.0,True,DESCENDING,182.9401,0.0013,unavailable,,0.2382,S1,fs1-3016a20fd3ad
E027::cuddalore,E027,2015-0504-IND,2015-11-08,Tamil Nadu,Cuddalore,175.1886,0.0457,3834.148317022688,S1,observed,matched,70243.0,matched,observed,interim_s1_only,100.0,True,DESCENDING,3614.8545,0.0485,unavailable,,175.1886,S1,fs1-3016a20fd3ad
E027::kancheepuram,E027,2015-0504-IND,2015-11-08,Tamil Nadu,Kancheepuram,253.9104,0.0541,4692.505223595422,S1,observed,matched,70244.0,matched,observed,interim_s1_only,100.0,True,DESCENDING,4399.2167,0.0577,unavailable,,253.9104,S1,fs1-3016a20fd3ad
E027::nagapattinam,E027,2015-0504-IND,2015-11-08,Tamil Nadu,Nagapattinam,318.4027,0.0645,4937.704421608838,S1,observed,matched,70247.0,matched,observed,interim_s1_only,100.0,False,DESCENDING,4691.9213,0.0679,unavailable,,318.4027,S1,fs1-3016a20fd3ad
E027::thiruvallur,E027,2015-0504-IND,2015-11-08,Tamil Nadu,Thiruvallur,55.4456,0.017,3253.948176231063,S1,observed,matched,70251.0,matched,observed,interim_s1_only,100.0,True,DESCENDING,2961.105,0.0187,unavailable,,55.4456,S1,fs1-3016a20fd3ad
E027::thiruvarur,E027,2015-0504-IND,2015-11-08,Tamil Nadu,Thiruvarur,103.5416,0.0453,2285.385478948947,S1,observed,matched,76128533B45072089356239,matched,observed,interim_s1_only,100.0,False,DESCENDING,2166.9066,0.0478,unavailable,,103.5416,S1,fs1-3016a20fd3ad
E027::viluppuram,E027,2015-0504-IND,2015-11-08,Tamil Nadu,Viluppuram,81.8846,0.0205,3991.6051885927886,S1,observed,matched,76128533B86430586962522,matched,observed,interim_s1_only,100.0,True,DESCENDING,3589.6486,0.0228,unavailable,,81.8846,S1,fs1-3016a20fd3ad
E028::tawang,E028,2016-0139-IND,2016-04-22,Arunachal Pradesh,Tawang,6.7921,0.0029,2316.1238846718884,S1,observed,matched,76128533B18668117085772,matched,observed,interim_s1_only,100.0,True,BOTH,32.4827,0.2091,unavailable,,6.7921,S1,fs1-3016a20fd3ad
E029::barpeta,E029,2016-0139-IND,2016-04-22,Assam,Barpeta,103.7078,0.0319,3253.622989828742,S1,observed,matched,17576.0,matched,observed,interim_s1_only,100.0,False,BOTH,2781.8165,0.0373,unavailable,,103.7078,S1,fs1-3016a20fd3ad
E029::bongaigaon,E029,2016-0139-IND,2016-04-22,Assam,Bongaigaon,23.9307,0.0103,2332.582799042809,S1,observed,matched,70086.0,matched,observed,interim_s1_only,100.0,False,BOTH,1849.5033,0.0129,unavailable,,23.9307,S1,fs1-3016a20fd3ad
E029::dhemaji,E029,2016-0139-IND,2016-04-22,Assam,Dhemaji,39.2513,0.0157,2503.3476339074205,S1,observed,matched,70087.0,matched,observed,interim_s1_only,100.0,False,BOTH,2240.4877,0.0175,unavailable,,39.2513,S1,fs1-3016a20fd3ad
E029::dhubri,E029,2016-0139-IND,2016-04-22,Assam,Dhubri,46.3503,0.0259,1790.280077462252,S1,observed,matched,76128533B25835998628545,matched,observed,interim_s1_only,100.0,False,BOTH,1545.8668,0.03,unavailable,,46.3503,S1,fs1-3016a20fd3ad
E029::golaghat,E029,2016-0139-IND,2016-04-22,Assam,Golaghat,64.4527,0.0182,3532.2679838886856,S1,observed,matched,17582.0,matched,observed,interim_s1_only,100.0,False,BOTH,3111.5422,0.0207,unavailable,,64.4527,S1,fs1-3016a20fd3ad
E029::jorhat,E029,2016-0139-IND,2016-04-22,Assam,Jorhat,109.3807,0.0385,2842.716884638612,S1,observed,matched,70089.0,matched,observed,interim_s1_only,100.0,False,BOTH,2306.1826,0.0474,unavailable,,109.3807,S1,fs1-3016a20fd3ad
E029::lakhimpur,E029,2016-0139-IND,2016-04-22,Assam,Lakhimpur,32.8894,0.0114,2886.5239581816727,S1,observed,matched,70091.0,matched,observed,interim_s1_only,100.0,False,BOTH,2563.3875,0.0128,unavailable,,32.8894,S1,fs1-3016a20fd3ad
E030::mon,E030,2016-0139-IND,2016-04-22,Nagaland,Mon,1.0548,0.0005,2130.495255244007,S1,observed,matched,17803.0,matched,observed,interim_s1_only,100.0,True,BOTH,238.4421,0.0044,unavailable,,1.0548,S1,fs1-3016a20fd3ad
E031::namsai,E031,2016-0239-IND,2016-06-25,Arunachal Pradesh,Namsai,6.7844,0.0053,1281.1997378272174,S1,observed,matched,76128533B1875965515331,matched,observed,interim_s1_only,100.0,True,BOTH,892.7445,0.0076,unavailable,,6.7844,S1,fs1-3016a20fd3ad
E032::barpeta,E032,2016-0239-IND,2016-06-25,Assam,Barpeta,489.9709,0.1506,3253.622989828742,S1,observed,matched,17576.0,matched,observed,interim_s1_only,100.0,False,BOTH,2781.8165,0.1761,unavailable,,489.9709,S1,fs1-3016a20fd3ad
E032::bongaigaon,E032,2016-0239-IND,2016-06-25,Assam,Bongaigaon,163.3672,0.07,2332.582799042809,S1,observed,matched,70086.0,matched,observed,interim_s1_only,100.0,False,BOTH,1849.5033,0.0883,unavailable,,163.3672,S1,fs1-3016a20fd3ad
E032::darrang,E032,2016-0239-IND,2016-06-25,Assam,Darrang,238.5636,0.0696,3426.9679336953163,S1,observed,matched,17578.0,matched,observed,interim_s1_only,100.0,False,BOTH,3074.5271,0.0776,unavailable,,238.5636,S1,fs1-3016a20fd3ad
E032::dhemaji,E032,2016-0239-IND,2016-06-25,Assam,Dhemaji,91.3136,0.0365,2503.3476339074205,S1,observed,matched,70087.0,matched,observed,interim_s1_only,100.0,False,ASCENDING,2240.4877,0.0408,unavailable,,91.3136,S1,fs1-3016a20fd3ad
E032::dhubri,E032,2016-0239-IND,2016-06-25,Assam,Dhubri,148.1224,0.0827,1790.2800774622651,S1,observed,matched,76128533B25835998628545,matched,observed,interim_s1_only,100.0,False,BOTH,1545.8668,0.0958,unavailable,,148.1224,S1,fs1-3016a20fd3ad
E032::goalpara,E032,2016-0239-IND,2016-06-25,Assam,Goalpara,145.6271,0.0765,1904.60564716237,S1,observed,matched,17581.0,matched,observed,interim_s1_only,100.0,False,BOTH,1408.4225,0.1034,unavailable,,145.6271,S1,fs1-3016a20fd3ad
E032::golaghat,E032,2016-0239-IND,2016-06-25,Assam,Golaghat,,,3532.2679838886856,NONE,missing,matched,17582.0,matched,missing,no_s1,100.0,,,3111.5422,,unavailable,,,NONE,fs1-3016a20fd3ad
E032::jorhat,E032,2016-0239-IND,2016-06-25,Assam,Jorhat,1.2984,0.0005,2842.716884638612,S1,observed,matched,70089.0,matched,observed,interim_s1_only,100.0,False,ASCENDING,2306.1826,0.0006,unavailable,,1.2984,S1,fs1-3016a20fd3ad
E032::lakhimpur,E032,2016-0239-IND,2016-06-25,Assam,Lakhimpur,7.5119,0.0026,2886.5239581816727,S1,observed,matched,70091.0,matched,observed,interim_s1_only,100.0,False,ASCENDING,2563.3875,0.0029,unavailable,,7.5119,S1,fs1-3016a20fd3ad
E032::morigaon,E032,2016-0239-IND,2016-06-25,Assam,Morigaon,231.5336,0.1535,1508.3262903435707,S1,observed,matched,76128533B17968019348564,matched,observed,interim_s1_only,100.0,False,ASCENDING,1311.7575,0.1765,unavailable,,231.5336,S1,fs1-3016a20fd3ad
E032::sonitpur,E032,2016-0239-IND,2016-06-25,Assam,Sonitpur,198.4516,0.0424,4676.158375740257,S1,observed,matched,17593.0,matched,observed,interim_s1_only,100.0,False,ASCENDING,4081.5881,0.0486,unavailable,,198.4516,S1,fs1-3016a20fd3ad
E033::chamoli,E033,2016-0239-IND,2016-06-25,Uttarakhand,Chamoli,9.0449,0.0012,7838.316284013912,S1,observed,matched,70282.0,matched,observed,interim_s1_only,100.0,True,ASCENDING,146.7279,0.0616,unavailable,,9.0449,S1,fs1-3016a20fd3ad
E033::pithoragarh,E033,2016-0239-IND,2016-06-25,Uttarakhand,Pithoragarh,2.0143,0.0003,7209.480621522472,S1,observed,matched,17932.0,matched,observed,interim_s1_only,100.0,True,ASCENDING,107.4879,0.0187,unavailable,,2.0143,S1,fs1-3016a20fd3ad
E034::agar%20malwa,E034,2016-0276-IND,2016-07-09,Madhya Pradesh,Agar Malwa,,,2762.084548398019,NONE,missing,matched,76128533B29721759389119,matched,missing,no_s1,100.0,,,2498.6716,,unavailable,,,NONE,fs1-3016a20fd3ad
E034::bhopal,E034,2016-0276-IND,2016-07-09,Madhya Pradesh,Bhopal,,,2728.200542472355,NONE,missing,matched,17716.0,matched,missing,no_s1,100.0,,,2449.8108,,unavailable,,,NONE,fs1-3016a20fd3ad
E034::damoh,E034,2016-0276-IND,2016-07-09,Madhya Pradesh,Damoh,,,7370.294062152793,NONE,missing,matched,17720.0,matched,missing,no_s1,100.0,,,6042.8053,,unavailable,,,NONE,fs1-3016a20fd3ad
E034::harda,E034,2016-0276-IND,2016-07-09,Madhya Pradesh,Harda,,,3323.033941847883,NONE,missing,matched,70173.0,matched,missing,no_s1,100.0,,,2628.5524,,unavailable,,,NONE,fs1-3016a20fd3ad
E034::hoshangabad,E034,2016-0276-IND,2016-07-09,Madhya Pradesh,Hoshangabad,,,6725.4630131948015,NONE,missing,matched,17728.0,matched,missing,no_s1,100.0,,,5140.1169,,unavailable,,,NONE,fs1-3016a20fd3ad
E034::jabalpur,E034,2016-0276-IND,2016-07-09,Madhya Pradesh,Jabalpur,,,4021.328036682537,NONE,missing,matched,17730.0,matched,missing,no_s1,100.0,,,2920.5116,,unavailable,,,NONE,fs1-3016a20fd3ad
E034::mandla,E034,2016-0276-IND,2016-07-09,Madhya Pradesh,Mandla,,,6789.128068652252,NONE,missing,matched,17732.0,matched,missing,no_s1,100.0,,,3999.0185,,unavailable,,,NONE,fs1-3016a20fd3ad
E034::panna,E034,2016-0276-IND,2016-07-09,Madhya Pradesh,Panna,,,7129.189669540547,NONE,missing,matched,17736.0,matched,missing,no_s1,100.0,,,4708.9101,,unavailable,,,NONE,fs1-3016a20fd3ad
E034::raisen,E034,2016-0276-IND,2016-07-09,Madhya Pradesh,Raisen,,,8515.574877211904,NONE,missing,matched,17739.0,matched,missing,no_s1,100.0,,,6810.1448,,unavailable,,,NONE,fs1-3016a20fd3ad
E034::rewa,E034,2016-0276-IND,2016-07-09,Madhya Pradesh,Rewa,,,6327.703909411602,NONE,missing,matched,17743.0,matched,missing,no_s1,100.0,,ASCENDING,5574.5199,,unavailable,,,NONE,fs1-3016a20fd3ad
E034::sagar,E034,2016-0276-IND,2016-07-09,Madhya Pradesh,Sagar,,,10275.828536821178,NONE,missing,matched,17744.0,matched,missing,no_s1,100.0,,,8918.4273,,unavailable,,,NONE,fs1-3016a20fd3ad
E034::satna,E034,2016-0276-IND,2016-07-09,Madhya Pradesh,Satna,,,7518.918005922663,NONE,missing,matched,17745.0,matched,missing,no_s1,100.0,,ASCENDING,5591.4809,,unavailable,,,NONE,fs1-3016a20fd3ad
E034::sehore,E034,2016-0276-IND,2016-07-09,Madhya Pradesh,Sehore,,,6579.04852795314,NONE,missing,matched,17746.0,matched,missing,no_s1,100.0,,,5534.8231,,unavailable,,,NONE,fs1-3016a20fd3ad
E034::seoni,E034,2016-0276-IND,2016-07-09,Madhya Pradesh,Seoni,,,8779.066238181113,NONE,missing,matched,17747.0,matched,missing,no_s1,100.0,,,6554.5933,,unavailable,,,NONE,fs1-3016a20fd3ad
E034::shajapur,E034,2016-0276-IND,2016-07-09,Madhya Pradesh,Shajapur,,,6306.521423633077,NONE,missing,matched,17749.0,matched,missing,no_s1,100.0,,,5878.0228,,unavailable,,,NONE,fs1-3016a20fd3ad
E034::tikamgarh,E034,2016-0276-IND,2016-07-09,Madhya Pradesh,Tikamgarh,,,5076.989379004398,NONE,missing,matched,17753.0,matched,missing,no_s1,100.0,,,4044.8557,,unavailable,,,NONE,fs1-3016a20fd3ad
E034::vidisha,E034,2016-0276-IND,2016-07-09,Madhya Pradesh,Vidisha,,,7319.58909257645,NONE,missing,matched,17755.0,matched,missing,no_s1,100.0,,,6736.6328,,unavailable,,,NONE,fs1-3016a20fd3ad
E035::araria,E035,2016-0271-IND,2016-07-15,Bihar,Araria,,,2825.348194194397,NONE,missing,matched,70094.0,matched,missing,no_s1,100.0,,BOTH,2783.8584,,unavailable,,,NONE,fs1-3016a20fd3ad
E035::bhagalpur,E035,2016-0271-IND,2016-07-15,Bihar,Bhagalpur,,,2565.58862494004,NONE,missing,matched,17596.0,matched,missing,no_s1,100.0,,BOTH,2411.2606,,unavailable,,,NONE,fs1-3016a20fd3ad
E035::darbhanga,E035,2016-0271-IND,2016-07-15,Bihar,Darbhanga,,,2293.727225126986,NONE,missing,matched,17598.0,matched,missing,no_s1,100.0,,ASCENDING,2116.2992,,unavailable,,,NONE,fs1-3016a20fd3ad
E035::gopalganj,E035,2016-0271-IND,2016-07-15,Bihar,Gopalganj,100.1613,0.049,2044.660708589624,S1,observed,matched,17604.0,matched,observed,interim_s1_only,100.0,False,BOTH,2001.4418,0.05,unavailable,,100.1613,S1,fs1-3016a20fd3ad
E035::katihar,E035,2016-0271-IND,2016-07-15,Bihar,Katihar,,,3068.3721590224136,NONE,missing,matched,17608.0,matched,missing,no_s1,100.0,,BOTH,2843.7093,,unavailable,,,NONE,fs1-3016a20fd3ad
E035::khagaria,E035,2016-0271-IND,2016-07-15,Bihar,Khagaria,,,1494.410012910706,NONE,missing,matched,17609.0,matched,missing,no_s1,100.0,,ASCENDING,1407.6251,,unavailable,,,NONE,fs1-3016a20fd3ad
E035::kishanganj,E035,2016-0271-IND,2016-07-15,Bihar,Kishanganj,,,1932.7539351616576,NONE,missing,matched,70100.0,matched,missing,no_s1,100.0,,BOTH,1852.9673,,unavailable,,,NONE,fs1-3016a20fd3ad
E035::madhepura,E035,2016-0271-IND,2016-07-15,Bihar,Madhepura,,,1841.8576584602,NONE,missing,matched,17612.0,matched,missing,no_s1,100.0,,BOTH,1815.6229,,unavailable,,,NONE,fs1-3016a20fd3ad
E035::muzaffarpur,E035,2016-0271-IND,2016-07-15,Bihar,Muzaffarpur,29.569,0.0093,3192.441978127565,S1,observed,matched,17613.0,matched,observed,interim_s1_only,100.0,True,BOTH,3129.3395,0.0094,unavailable,,29.569,S1,fs1-3016a20fd3ad
E035::purnea,E035,2016-0271-IND,2016-07-15,Bihar,Purnea,,,3170.4644351487336,NONE,missing,matched,76128533B32499449492865,matched,missing,no_s1,100.0,,BOTH,3133.9604,,unavailable,,,NONE,fs1-3016a20fd3ad
E035::saharsa,E035,2016-0271-IND,2016-07-15,Bihar,Saharsa,,,1692.2702412487936,NONE,missing,matched,17624.0,matched,missing,no_s1,100.0,,ASCENDING,1597.4024,,unavailable,,,NONE,fs1-3016a20fd3ad
E035::supaul,E035,2016-0271-IND,2016-07-15,Bihar,Supaul,,,2399.2927702222696,NONE,missing,matched,70104.0,matched,missing,no_s1,100.0,,BOTH,2327.5369,,unavailable,,,NONE,fs1-3016a20fd3ad
E036::bahraich,E036,2016-0271-IND,2016-07-15,Uttar Pradesh,Bahraich,312.5531,0.0844,3705.0099637131552,S1,observed,matched,17893.0,matched,observed,interim_s1_only,100.0,False,ASCENDING,3485.1487,0.0897,unavailable,,312.5531,S1,fs1-3016a20fd3ad
E036::ballia,E036,2016-0271-IND,2016-07-15,Uttar Pradesh,Ballia,247.3121,0.0821,3013.8054759791835,S1,observed,matched,17894.0,matched,observed,interim_s1_only,100.0,False,BOTH,2760.4153,0.0896,unavailable,,247.3121,S1,fs1-3016a20fd3ad
E036::banda,E036,2016-0271-IND,2016-07-15,Uttar Pradesh,Banda,,,4528.7470438726,NONE,missing,matched,17895.0,matched,missing,no_s1,100.0,,ASCENDING,4293.5305,,unavailable,,,NONE,fs1-3016a20fd3ad
E036::barabanki,E036,2016-0271-IND,2016-07-15,Uttar Pradesh,Barabanki,193.8137,0.0437,4440.0005417469865,S1,observed,matched,17896.0,matched,observed,interim_s1_only,100.0,True,ASCENDING,4261.6796,0.0455,unavailable,,193.8137,S1,fs1-3016a20fd3ad
E036::basti,E036,2016-0271-IND,2016-07-15,Uttar Pradesh,Basti,296.6806,0.1176,2522.0744554746907,S1,observed,matched,17898.0,matched,observed,interim_s1_only,100.0,False,ASCENDING,2385.2448,0.1244,unavailable,,296.6806,S1,fs1-3016a20fd3ad
E036::ghazipur,E036,2016-0271-IND,2016-07-15,Uttar Pradesh,Ghazipur,411.2504,0.1212,3392.663587484302,S1,observed,matched,17912.0,matched,observed,interim_s1_only,100.0,False,BOTH,3179.0692,0.1294,unavailable,,411.2504,S1,fs1-3016a20fd3ad
E036::jalaun,E036,2016-0271-IND,2016-07-15,Uttar Pradesh,Jalaun,25.6653,0.0056,4572.286607377707,S1,observed,matched,17917.0,matched,observed,interim_s1_only,100.0,True,ASCENDING,3766.6406,0.0068,unavailable,,25.6653,S1,fs1-3016a20fd3ad
E036::kushinagar,E036,2016-0271-IND,2016-07-15,Uttar Pradesh,Kushinagar,51.9022,0.0179,2893.16087554316,S1,observed,matched,70271.0,matched,observed,interim_s1_only,100.0,True,BOTH,2844.4186,0.0182,unavailable,,51.9022,S1,fs1-3016a20fd3ad
E036::lakhimpur%20kheri,E036,2016-0271-IND,2016-07-15,Uttar Pradesh,Lakhimpur Kheri,110.0452,0.0143,7708.742992388735,S1,observed,matched,17921.0,matched,observed,interim_s1_only,100.0,True,ASCENDING,7230.8731,0.0152,unavailable,,110.0452,S1,fs1-3016a20fd3ad
E036::mirzapur,E036,2016-0271-IND,2016-07-15,Uttar Pradesh,Mirzapur,195.2366,0.0431,4526.889753258701,S1,observed,matched,17927.0,matched,observed,interim_s1_only,100.0,False,ASCENDING,3916.54,0.0498,unavailable,,195.2366,S1,fs1-3016a20fd3ad
E036::pilibhit,E036,2016-0271-IND,2016-07-15,Uttar Pradesh,Pilibhit,306.9164,0.0854,3594.1579683602813,S1,observed,matched,17931.0,matched,observed,interim_s1_only,100.0,False,ASCENDING,3379.1475,0.0908,unavailable,,306.9164,S1,fs1-3016a20fd3ad
E036::prayagraj,E036,2016-0271-IND,2016-07-15,Uttar Pradesh,Prayagraj,,,5474.710258122264,NONE,missing,matched,76128533B51368558457506,matched,missing,no_s1,100.0,,ASCENDING,5053.1415,,unavailable,,,NONE,fs1-3016a20fd3ad
E036::siddharthnagar,E036,2016-0271-IND,2016-07-15,Uttar Pradesh,Siddharthnagar,1077.7593,0.3086,3492.6137371813147,S1,observed,matched,70278.0,matched,observed,interim_s1_only,100.0,False,BOTH,3290.957,0.3275,unavailable,,1077.7593,S1,fs1-3016a20fd3ad
E036::varanasi,E036,2016-0271-IND,2016-07-15,Uttar Pradesh,Varanasi,158.3169,0.1019,1554.288127138641,S1,observed,matched,17943.0,matched,observed,interim_s1_only,100.0,False,BOTH,1499.8488,0.1056,unavailable,,158.3169,S1,fs1-3016a20fd3ad
E037::golaghat,E037,2016-0554-IND,2016-07-17,Assam,Golaghat,47.2999,0.0134,3532.2679838886856,S1,observed,matched,17582.0,matched,observed,interim_s1_only,100.0,False,DESCENDING,3111.5422,0.0152,unavailable,,47.2999,S1,fs1-3016a20fd3ad
E037::jorhat,E037,2016-0554-IND,2016-07-17,Assam,Jorhat,0.4361,0.0002,2842.716884638612,S1,observed,matched,70089.0,matched,observed,interim_s1_only,100.0,False,ASCENDING,2306.1826,0.0002,unavailable,,0.4361,S1,fs1-3016a20fd3ad
E038::barpeta,E038,2016-0267-IND,2016-07-28,Assam,Barpeta,312.5233,0.0961,3253.622989828742,S1,observed,matched,17576.0,matched,observed,interim_s1_only,100.0,False,BOTH,2781.8165,0.1123,unavailable,,312.5233,S1,fs1-3016a20fd3ad
E038::bongaigaon,E038,2016-0267-IND,2016-07-28,Assam,Bongaigaon,63.5291,0.0272,2332.582799042809,S1,observed,matched,70086.0,matched,observed,interim_s1_only,100.0,False,BOTH,1849.5033,0.0343,unavailable,,63.5291,S1,fs1-3016a20fd3ad
E038::darrang,E038,2016-0267-IND,2016-07-28,Assam,Darrang,197.6996,0.0577,3426.9679336953163,S1,observed,matched,17578.0,matched,observed,interim_s1_only,100.0,False,BOTH,3074.5271,0.0643,unavailable,,197.6996,S1,fs1-3016a20fd3ad
E038::dhubri,E038,2016-0267-IND,2016-07-28,Assam,Dhubri,130.3241,0.0728,1790.280077462252,S1,observed,matched,76128533B25835998628545,matched,observed,interim_s1_only,100.0,False,BOTH,1545.8668,0.0843,unavailable,,130.3241,S1,fs1-3016a20fd3ad
E038::goalpara,E038,2016-0267-IND,2016-07-28,Assam,Goalpara,111.1689,0.0584,1904.60564716237,S1,observed,matched,17581.0,matched,observed,interim_s1_only,100.0,False,BOTH,1408.4225,0.0789,unavailable,,111.1689,S1,fs1-3016a20fd3ad
E038::golaghat,E038,2016-0267-IND,2016-07-28,Assam,Golaghat,57.9665,0.0164,3532.2679838886856,S1,observed,matched,17582.0,matched,observed,interim_s1_only,100.0,False,BOTH,3111.5422,0.0186,unavailable,,57.9665,S1,fs1-3016a20fd3ad
E038::jorhat,E038,2016-0267-IND,2016-07-28,Assam,Jorhat,96.9068,0.0341,2842.716884638612,S1,observed,matched,70089.0,matched,observed,interim_s1_only,100.0,False,BOTH,2306.1826,0.042,unavailable,,96.9068,S1,fs1-3016a20fd3ad
E038::lakhimpur,E038,2016-0267-IND,2016-07-28,Assam,Lakhimpur,64.8926,0.0225,2886.5239581816727,S1,observed,matched,70091.0,matched,observed,interim_s1_only,100.0,False,BOTH,2563.3875,0.0253,unavailable,,64.8926,S1,fs1-3016a20fd3ad
E038::morigaon,E038,2016-0267-IND,2016-07-28,Assam,Morigaon,286.6718,0.1901,1508.3262903435707,S1,observed,matched,76128533B17968019348564,matched,observed,interim_s1_only,100.0,False,ASCENDING,1311.7575,0.2185,unavailable,,286.6718,S1,fs1-3016a20fd3ad
E038::nalbari,E038,2016-0267-IND,2016-07-28,Assam,Nalbari,105.4206,0.0451,2339.8796955273547,S1,observed,matched,17590.0,matched,observed,interim_s1_only,100.0,False,BOTH,2097.5834,0.0503,unavailable,,105.4206,S1,fs1-3016a20fd3ad
E039::chhota%20udaipur,E039,2016-0304-IND,2016-08-01,Gujarat,Chhota Udaipur,,,3474.27393700534,NONE,missing,matched,76128533B69417260894674,matched,missing,no_s1,100.0,,,2631.4253,,unavailable,,,NONE,fs1-3016a20fd3ad
E039::navsari,E039,2016-0304-IND,2016-08-01,Gujarat,Navsari,,,2097.600482441035,NONE,missing,matched,70127.0,matched,missing,no_s1,100.0,,,1702.3987,,unavailable,,,NONE,fs1-3016a20fd3ad
E039::surat,E039,2016-0304-IND,2016-08-01,Gujarat,Surat,,,7486.82173633887,NONE,missing,matched,17649.0,matched,missing,no_s1,100.0,,,5860.6038,,unavailable,,,NONE,fs1-3016a20fd3ad
E039::tapi,E039,2016-0304-IND,2016-08-01,Gujarat,Tapi,,,3222.218121399561,NONE,missing,matched,76128533B12519626815499,matched,missing,no_s1,100.0,,,2093.7467,,unavailable,,,NONE,fs1-3016a20fd3ad
E039::vadodara,E039,2016-0304-IND,2016-08-01,Gujarat,Vadodara,,,7758.226506800483,NONE,missing,matched,17652.0,matched,missing,no_s1,100.0,,,6686.8143,,unavailable,,,NONE,fs1-3016a20fd3ad
E039::valsad,E039,2016-0304-IND,2016-08-01,Gujarat,Valsad,,,3025.875446392478,NONE,missing,matched,17653.0,matched,missing,no_s1,100.0,,,1750.257,,unavailable,,,NONE,fs1-3016a20fd3ad
E040::kolhapur,E040,2016-0304-IND,2016-08-01,Maharashtra,Kolhapur,,,7680.572392490604,NONE,missing,matched,17769.0,matched,missing,no_s1,100.0,,,4339.6371,,unavailable,,,NONE,fs1-3016a20fd3ad
E040::nashik,E040,2016-0304-IND,2016-08-01,Maharashtra,Nashik,,,15554.167322451072,NONE,missing,matched,17773.0,matched,missing,no_s1,100.0,,,10933.341,,unavailable,,,NONE,fs1-3016a20fd3ad
E040::palghar,E040,2016-0304-IND,2016-08-01,Maharashtra,Palghar,,,5355.281971404182,NONE,missing,matched,76128533B37148244536449,matched,missing,no_s1,100.0,,,2858.6379,,unavailable,,,NONE,fs1-3016a20fd3ad
E040::pune,E040,2016-0304-IND,2016-08-01,Maharashtra,Pune,,,15649.899791716924,NONE,missing,matched,17776.0,matched,missing,no_s1,100.0,,,10303.2933,,unavailable,,,NONE,fs1-3016a20fd3ad
E040::raigarh,E040,2016-0304-IND,2016-08-01,Maharashtra,Raigarh,,,6912.842748779044,NONE,missing,matched,17777.0,matched,missing,no_s1,100.0,,,2805.455,,unavailable,,,NONE,fs1-3016a20fd3ad
E040::ratnagiri,E040,2016-0304-IND,2016-08-01,Maharashtra,Ratnagiri,,,8501.126377449938,NONE,missing,matched,17778.0,matched,missing,no_s1,100.0,,,2431.7672,,unavailable,,,NONE,fs1-3016a20fd3ad
E040::satara,E040,2016-0304-IND,2016-08-01,Maharashtra,Satara,,,10502.605850168617,NONE,missing,matched,17781.0,matched,missing,no_s1,100.0,,,6563.2479,,unavailable,,,NONE,fs1-3016a20fd3ad
E040::thane,E040,2016-0304-IND,2016-08-01,Maharashtra,Thane,,,9454.897228160951,NONE,missing,matched,17783.0,matched,missing,no_s1,100.0,,,5194.6674,,unavailable,,,NONE,fs1-3016a20fd3ad
E044::banaskantha,E044,2017-0294-IND,2017-06-01,Gujarat,Banaskantha,580.3933,0.0546,10638.731207971712,S1,observed,matched,17637.0,matched,observed,interim_s1_only,83.6,True,BOTH,9330.3213,0.0622,ok,,580.3933,S1,fs1-3016a20fd3ad
E044::navsari,E044,2017-0294-IND,2017-06-01,Gujarat,Navsari,9.1071,0.0043,2097.600482441035,S1,observed,matched,70127.0,matched,observed,interim_s1_only,100.0,True,DESCENDING,1702.3987,0.0053,unavailable,,9.1071,S1,fs1-3016a20fd3ad
E044::patan,E044,2017-0294-IND,2017-06-01,Gujarat,Patan,426.5533,0.0709,6017.262722245363,S1,observed,matched,70129.0,matched,observed,interim_s1_only,75.5,True,DESCENDING,5815.1637,0.0734,ok,,426.5533,S1,fs1-3016a20fd3ad
E044::sabarkantha,E044,2017-0294-IND,2017-06-01,Gujarat,Sabarkantha,333.6841,0.0447,7457.412888463912,S1,observed,matched,17648.0,matched,observed,interim_s1_only,84.2,True,DESCENDING,5966.5938,0.0559,ok,,333.6841,S1,fs1-3016a20fd3ad
E044::surat,E044,2017-0294-IND,2017-06-01,Gujarat,Surat,80.1947,0.0107,7486.82173633887,S1,observed,matched,17649.0,matched,observed,interim_s1_only,100.0,True,DESCENDING,5860.6038,0.0137,unavailable,,80.1947,S1,fs1-3016a20fd3ad
E044::valsad,E044,2017-0294-IND,2017-06-01,Gujarat,Valsad,7.6272,0.0025,3025.875446392478,S1,observed,matched,17653.0,matched,observed,interim_s1_only,100.0,True,DESCENDING,1750.257,0.0044,unavailable,,7.6272,S1,fs1-3016a20fd3ad
E045::barmer,E045,2017-0294-IND,2017-06-01,Rajasthan,Barmer,5894.8599,0.2074,28422.68727445841,S1,observed,matched,17837.0,matched,observed,interim_s1_only,97.8,False,BOTH,22998.3988,0.2563,ok,,5894.8599,S1,fs1-3016a20fd3ad
E045::jalore,E045,2017-0294-IND,2017-06-01,Rajasthan,Jalore,1934.5914,0.1798,10759.887698144885,S1,observed,matched,76128533B59459156188335,matched,observed,interim_s1_only,95.9,False,BOTH,9748.2941,0.1985,ok,,1934.5914,S1,fs1-3016a20fd3ad
E045::pali,E045,2017-0294-IND,2017-06-01,Rajasthan,Pali,1532.4031,0.1241,12347.51415570307,S1,observed,matched,17855.0,matched,observed,interim_s1_only,74.5,False,DESCENDING,11054.3689,0.1386,ok,,1532.4031,S1,fs1-3016a20fd3ad
E045::sirohi,E045,2017-0294-IND,2017-06-01,Rajasthan,Sirohi,440.5272,0.0856,5146.300422974388,S1,observed,matched,17858.0,matched,observed,interim_s1_only,91.3,True,BOTH,3574.7529,0.1232,ok,,440.5272,S1,fs1-3016a20fd3ad
E045::udaipur,E045,2017-0294-IND,2017-06-01,Rajasthan,Udaipur,143.5206,0.0113,12740.346309887644,S1,observed,matched,17860.0,matched,observed,interim_s1_only,52.4,True,DESCENDING,6064.2243,0.0237,ok,,0.7727,NDWI,fs1-3016a20fd3ad
E046::kolkata,E046,2017-0294-IND,2017-06-01,West Bengal,Kolkata,0.2846,0.0031,91.84529866788924,S1,observed,matched,70292.0,matched,observed,interim_s1_only,11.0,True,BOTH,78.8807,0.0036,unavailable,,0.2846,S1,fs1-3016a20fd3ad
E047::barpeta,E047,2017-0180-IND,2017-06-04,Assam,Barpeta,250.5961,0.077,3253.622989828742,S1,observed,matched,17576.0,matched,observed,interim_s1_only,100.0,False,BOTH,2781.8165,0.0901,unavailable,,250.5961,S1,fs1-3016a20fd3ad
E047::biswanath,E047,2017-0180-IND,2017-06-04,Assam,Biswanath,107.1084,0.0596,1795.9804068303213,S1,observed,matched,76128533B40714385808093,matched,observed,interim_s1_only,100.0,False,BOTH,1560.1555,0.0687,unavailable,,107.1084,S1,fs1-3016a20fd3ad
E047::bongaigaon,E047,2017-0180-IND,2017-06-04,Assam,Bongaigaon,38.4282,0.0165,2332.582799042809,S1,observed,matched,70086.0,matched,observed,interim_s1_only,100.0,False,ASCENDING,1849.5033,0.0208,unavailable,,38.4282,S1,fs1-3016a20fd3ad
E047::cachar,E047,2017-0180-IND,2017-06-04,Assam,Cachar,263.9738,0.0694,3806.329961738336,S1,observed,matched,17577.0,matched,observed,interim_s1_only,100.0,False,BOTH,1742.352,0.1515,unavailable,,263.9738,S1,fs1-3016a20fd3ad
E047::charaideo,E047,2017-0180-IND,2017-06-04,Assam,Charaideo,58.7284,0.0559,1051.501023918133,S1,observed,matched,76128533B89228414823983,matched,observed,interim_s1_only,100.0,True,BOTH,956.9246,0.0614,unavailable,,58.7284,S1,fs1-3016a20fd3ad
E047::chirang,E047,2017-0180-IND,2017-06-04,Assam,Chirang,4.9067,0.0031,1586.6528982343095,S1,observed,matched,76128533B56012535339305,matched,observed,interim_s1_only,100.0,True,ASCENDING,1479.252,0.0033,unavailable,,4.9067,S1,fs1-3016a20fd3ad
E047::darrang,E047,2017-0180-IND,2017-06-04,Assam,Darrang,72.4176,0.0211,3426.9679336953163,S1,observed,matched,17578.0,matched,observed,interim_s1_only,100.0,False,BOTH,3074.5271,0.0236,unavailable,,72.4176,S1,fs1-3016a20fd3ad
E047::dhemaji,E047,2017-0180-IND,2017-06-04,Assam,Dhemaji,68.8166,0.0275,2503.3476339074205,S1,observed,matched,70087.0,matched,observed,interim_s1_only,100.0,False,BOTH,2240.4877,0.0307,unavailable,,68.8166,S1,fs1-3016a20fd3ad
E047::dhubri,E047,2017-0180-IND,2017-06-04,Assam,Dhubri,47.3808,0.0265,1790.280077462252,S1,observed,matched,76128533B25835998628545,matched,observed,interim_s1_only,100.0,False,ASCENDING,1545.8668,0.0306,unavailable,,47.3808,S1,fs1-3016a20fd3ad
E047::dibrugarh,E047,2017-0180-IND,2017-06-04,Assam,Dibrugarh,176.8157,0.052,3397.4818067287138,S1,observed,matched,17580.0,matched,observed,interim_s1_only,100.0,False,BOTH,2887.5515,0.0612,unavailable,,176.8157,S1,fs1-3016a20fd3ad
E047::goalpara,E047,2017-0180-IND,2017-06-04,Assam,Goalpara,34.6373,0.0182,1904.60564716237,S1,observed,matched,17581.0,matched,observed,interim_s1_only,100.0,False,ASCENDING,1408.4225,0.0246,unavailable,,34.6373,S1,fs1-3016a20fd3ad
E047::golaghat,E047,2017-0180-IND,2017-06-04,Assam,Golaghat,96.7551,0.0274,3532.2679838886856,S1,observed,matched,17582.0,matched,observed,interim_s1_only,100.0,False,BOTH,3111.5422,0.0311,unavailable,,96.7551,S1,fs1-3016a20fd3ad
E047::hailakandi,E047,2017-0180-IND,2017-06-04,Assam,Hailakandi,71.6197,0.0536,1336.4605858584375,S1,observed,matched,70088.0,matched,observed,interim_s1_only,100.0,False,BOTH,629.4125,0.1138,unavailable,,71.6197,S1,fs1-3016a20fd3ad
E047::hojai,E047,2017-0180-IND,2017-06-04,Assam,Hojai,56.0479,0.0385,1456.4677644954024,S1,observed,matched,76128533B70315194619807,matched,observed,interim_s1_only,100.0,True,BOTH,989.2694,0.0567,unavailable,,56.0479,S1,fs1-3016a20fd3ad
E047::jorhat,E047,2017-0180-IND,2017-06-04,Assam,Jorhat,70.1483,0.0247,2842.716884638612,S1,observed,matched,70089.0,matched,observed,interim_s1_only,100.0,False,BOTH,2306.1826,0.0304,unavailable,,70.1483,S1,fs1-3016a20fd3ad
E047::kamrup,E047,2017-0180-IND,2017-06-04,Assam,Kamrup,171.0329,0.0393,4348.6225796054405,S1,observed,matched,17583.0,matched,observed,interim_s1_only,100.0,False,BOTH,2833.5254,0.0604,unavailable,,171.0329,S1,fs1-3016a20fd3ad
E047::kamrup%20metropolitan,E047,2017-0180-IND,2017-06-04,Assam,Kamrup Metropolitan,8.9521,0.0079,1131.5412000860365,S1,observed,matched,76128533B38230828972906,matched,observed,interim_s1_only,100.0,True,BOTH,448.608,0.02,unavailable,,8.9521,S1,fs1-3016a20fd3ad
E047::karbi%20anglong,E047,2017-0180-IND,2017-06-04,Assam,Karbi Anglong,102.9797,0.0099,10446.406497647093,S1,observed,matched,17584.0,matched,observed,interim_s1_only,100.0,True,BOTH,2925.3894,0.0352,unavailable,,102.9797,S1,fs1-3016a20fd3ad
E047::karimganj,E047,2017-0180-IND,2017-06-04,Assam,Karimganj,157.0558,0.0846,1856.722473230466,S1,observed,matched,17585.0,matched,observed,interim_s1_only,100.0,False,BOTH,1051.2523,0.1494,unavailable,,157.0558,S1,fs1-3016a20fd3ad
E047::kokrajhar,E047,2017-0180-IND,2017-06-04,Assam,Kokrajhar,7.5035,0.0023,3329.2233881813268,S1,observed,matched,70090.0,matched,observed,interim_s1_only,100.0,True,ASCENDING,3061.7037,0.0025,unavailable,,7.5035,S1,fs1-3016a20fd3ad
E047::lakhimpur,E047,2017-0180-IND,2017-06-04,Assam,Lakhimpur,136.1377,0.0472,2886.5239581816727,S1,observed,matched,70091.0,matched,observed,interim_s1_only,100.0,False,BOTH,2563.3875,0.0531,unavailable,,136.1377,S1,fs1-3016a20fd3ad
E047::majuli,E047,2017-0180-IND,2017-06-04,Assam,Majuli,39.7602,0.0318,1250.5943287676694,S1,observed,matched,76128533B15157901669242,matched,observed,interim_s1_only,100.0,False,BOTH,895.4552,0.0444,unavailable,,39.7602,S1,fs1-3016a20fd3ad
E047::morigaon,E047,2017-0180-IND,2017-06-04,Assam,Morigaon,119.622,0.0793,1508.3262903435707,S1,observed,matched,76128533B17968019348564,matched,observed,interim_s1_only,100.0,False,BOTH,1311.7575,0.0912,unavailable,,119.622,S1,fs1-3016a20fd3ad
E047::nagaon,E047,2017-0180-IND,2017-06-04,Assam,Nagaon,340.9535,0.0853,3997.4423095607103,S1,observed,matched,17589.0,matched,observed,interim_s1_only,100.0,False,BOTH,3099.3518,0.11,unavailable,,340.9535,S1,fs1-3016a20fd3ad
E047::nalbari,E047,2017-0180-IND,2017-06-04,Assam,Nalbari,46.8665,0.02,2339.8796955273547,S1,observed,matched,17590.0,matched,observed,interim_s1_only,100.0,False,BOTH,2097.5834,0.0223,unavailable,,46.8665,S1,fs1-3016a20fd3ad
E047::sivasagar,E047,2017-0180-IND,2017-06-04,Assam,Sivasagar,43.9966,0.0288,1526.651765771626,S1,observed,matched,76128533B21722277889516,matched,observed,interim_s1_only,100.0,True,BOTH,1387.3046,0.0317,unavailable,,43.9966,S1,fs1-3016a20fd3ad
E047::sonitpur,E047,2017-0180-IND,2017-06-04,Assam,Sonitpur,191.7441,0.041,4676.158375740257,S1,observed,matched,17593.0,matched,observed,interim_s1_only,100.0,False,BOTH,4081.5881,0.047,unavailable,,191.7441,S1,fs1-3016a20fd3ad
E047::south%20salmara,E047,2017-0180-IND,2017-06-04,Assam,South Salmara,11.8957,0.0165,719.1856651342704,S1,observed,matched,76128533B20298037622173,matched,observed,interim_s1_only,100.0,False,ASCENDING,473.1623,0.0251,unavailable,,11.8957,S1,fs1-3016a20fd3ad
E047::tinsukia,E047,2017-0180-IND,2017-06-04,Assam,Tinsukia,32.4133,0.0085,3799.190193815676,S1,observed,matched,70093.0,matched,observed,interim_s1_only,100.0,False,DESCENDING,3303.9786,0.0098,unavailable,,32.4133,S1,fs1-3016a20fd3ad
E047::udalguri,E047,2017-0180-IND,2017-06-04,Assam,Udalguri,13.5198,0.0066,2056.2913712488385,S1,observed,matched,76128533B20307518801538,matched,observed,interim_s1_only,100.0,True,BOTH,1902.4689,0.0071,unavailable,,13.5198,S1,fs1-3016a20fd3ad
E048::giridih,E048,2017-0180-IND,2017-06-04,Jharkhand,Giridih,555.8084,0.111,5007.663691854737,S1,observed,matched,70144.0,matched,observed,interim_s1_only,0.1,False,BOTH,4084.5721,0.1361,ok,,1.5256,SITS_NDWI,fs1-3016a20fd3ad
E049::bishnupur,E049,2017-0180-IND,2017-06-04,Manipur,Bishnupur,33.4713,0.0695,481.84963420103696,S1,observed,matched,70188.0,matched,observed,interim_s1_only,100.0,False,BOTH,368.5485,0.0908,unavailable,,33.4713,S1,fs1-3016a20fd3ad
E049::imphal%20east,E049,2017-0180-IND,2017-06-04,Manipur,Imphal East,90.6245,0.2394,378.5544316172313,S1,observed,matched,76128533B30779259886340,matched,observed,interim_s1_only,100.0,False,BOTH,234.2262,0.3869,unavailable,,90.6245,S1,fs1-3016a20fd3ad
E049::imphal%20west,E049,2017-0180-IND,2017-06-04,Manipur,Imphal West,107.2299,0.2124,504.9363985910239,S1,observed,matched,76128533B99807650893733,matched,observed,interim_s1_only,100.0,False,BOTH,405.1745,0.2647,unavailable,,107.2299,S1,fs1-3016a20fd3ad
E049::thoubal,E049,2017-0180-IND,2017-06-04,Manipur,Thoubal,141.2819,0.1974,715.5847965133187,S1,observed,matched,70194.0,matched,observed,interim_s1_only,100.0,False,BOTH,499.928,0.2826,unavailable,,141.2819,S1,fs1-3016a20fd3ad
E050::phek,E050,2017-0180-IND,2017-06-04,Nagaland,Phek,0.3775,0.0002,1906.428763538232,S1,observed,matched,17804.0,matched,observed,interim_s1_only,100.0,True,BOTH,24.7527,0.0153,unavailable,,0.3775,S1,fs1-3016a20fd3ad
E051::barpeta,E051,2017-0289-IND,2017-06-25,Assam,Barpeta,336.5586,0.1034,3253.622989828742,S1,observed,matched,17576.0,matched,observed,interim_s1_only,100.0,False,BOTH,2781.8165,0.121,unavailable,,336.5586,S1,fs1-3016a20fd3ad
E051::bongaigaon,E051,2017-0289-IND,2017-06-25,Assam,Bongaigaon,120.5061,0.0517,2332.582799042809,S1,observed,matched,70086.0,matched,observed,interim_s1_only,100.0,False,ASCENDING,1849.5033,0.0652,unavailable,,120.5061,S1,fs1-3016a20fd3ad
E051::cachar,E051,2017-0289-IND,2017-06-25,Assam,Cachar,224.3138,0.0589,3806.329961738336,S1,observed,matched,17577.0,matched,observed,interim_s1_only,100.0,False,BOTH,1742.352,0.1287,unavailable,,224.3138,S1,fs1-3016a20fd3ad
E051::charaideo,E051,2017-0289-IND,2017-06-25,Assam,Charaideo,89.5575,0.0852,1051.5010239181354,S1,observed,matched,76128533B89228414823983,matched,observed,interim_s1_only,100.0,True,ASCENDING,956.9246,0.0936,unavailable,,89.5575,S1,fs1-3016a20fd3ad
E051::chirang,E051,2017-0289-IND,2017-06-25,Assam,Chirang,24.5364,0.0155,1586.6528982343073,S1,observed,matched,76128533B56012535339305,matched,observed,interim_s1_only,100.0,True,ASCENDING,1479.252,0.0166,unavailable,,24.5364,S1,fs1-3016a20fd3ad
E051::darrang,E051,2017-0289-IND,2017-06-25,Assam,Darrang,307.6231,0.0898,3426.9679336953163,S1,observed,matched,17578.0,matched,observed,interim_s1_only,100.0,False,BOTH,3074.5271,0.1001,unavailable,,307.6231,S1,fs1-3016a20fd3ad
E051::dhemaji,E051,2017-0289-IND,2017-06-25,Assam,Dhemaji,304.6952,0.1217,2503.3476339074205,S1,observed,matched,70087.0,matched,observed,interim_s1_only,100.0,False,ASCENDING,2240.4877,0.136,unavailable,,304.6952,S1,fs1-3016a20fd3ad
E051::dhubri,E051,2017-0289-IND,2017-06-25,Assam,Dhubri,266.0777,0.1486,1790.2800774622651,S1,observed,matched,76128533B25835998628545,matched,observed,interim_s1_only,100.0,False,ASCENDING,1545.8668,0.1721,unavailable,,266.0777,S1,fs1-3016a20fd3ad
E051::dibrugarh,E051,2017-0289-IND,2017-06-25,Assam,Dibrugarh,350.8131,0.1033,3397.4818067287138,S1,observed,matched,17580.0,matched,observed,interim_s1_only,100.0,False,ASCENDING,2887.5515,0.1215,unavailable,,350.8131,S1,fs1-3016a20fd3ad
E051::goalpara,E051,2017-0289-IND,2017-06-25,Assam,Goalpara,145.7996,0.0766,1904.60564716237,S1,observed,matched,17581.0,matched,observed,interim_s1_only,100.0,False,ASCENDING,1408.4225,0.1035,unavailable,,145.7996,S1,fs1-3016a20fd3ad
E051::golaghat,E051,2017-0289-IND,2017-06-25,Assam,Golaghat,379.1439,0.1073,3532.2679838886856,S1,observed,matched,17582.0,matched,observed,interim_s1_only,100.0,False,BOTH,3111.5422,0.1219,unavailable,,379.1439,S1,fs1-3016a20fd3ad
E051::jorhat,E051,2017-0289-IND,2017-06-25,Assam,Jorhat,247.0631,0.0869,2842.716884638612,S1,observed,matched,70089.0,matched,observed,interim_s1_only,100.0,False,ASCENDING,2306.1826,0.1071,unavailable,,247.0631,S1,fs1-3016a20fd3ad
E051::karbi%20anglong,E051,2017-0289-IND,2017-06-25,Assam,Karbi Anglong,216.0979,0.0207,10446.406497647093,S1,observed,matched,17584.0,matched,observed,interim_s1_only,100.0,True,BOTH,2925.3894,0.0739,unavailable,,216.0979,S1,fs1-3016a20fd3ad
E051::karimganj,E051,2017-0289-IND,2017-06-25,Assam,Karimganj,62.407,0.0336,1856.722473230466,S1,observed,matched,17585.0,matched,observed,interim_s1_only,100.0,False,BOTH,1051.2523,0.0594,unavailable,,62.407,S1,fs1-3016a20fd3ad
E051::kokrajhar,E051,2017-0289-IND,2017-06-25,Assam,Kokrajhar,71.3019,0.0214,3329.2233881813268,S1,observed,matched,70090.0,matched,observed,interim_s1_only,100.0,True,ASCENDING,3061.7037,0.0233,unavailable,,71.3019,S1,fs1-3016a20fd3ad
E051::lakhimpur,E051,2017-0289-IND,2017-06-25,Assam,Lakhimpur,404.1734,0.14,2886.5239581816727,S1,observed,matched,70091.0,matched,observed,interim_s1_only,100.0,False,BOTH,2563.3875,0.1577,unavailable,,404.1734,S1,fs1-3016a20fd3ad
E051::majuli,E051,2017-0289-IND,2017-06-25,Assam,Majuli,123.4291,0.0987,1250.5943287677335,S1,observed,matched,76128533B15157901669242,matched,observed,interim_s1_only,100.0,False,BOTH,895.4552,0.1378,unavailable,,123.4291,S1,fs1-3016a20fd3ad
E051::morigaon,E051,2017-0289-IND,2017-06-25,Assam,Morigaon,165.1379,0.1095,1508.3262903435707,S1,observed,matched,76128533B17968019348564,matched,observed,interim_s1_only,100.0,False,BOTH,1311.7575,0.1259,unavailable,,165.1379,S1,fs1-3016a20fd3ad
E051::nagaon,E051,2017-0289-IND,2017-06-25,Assam,Nagaon,640.3307,0.1602,3997.4423095607103,S1,observed,matched,17589.0,matched,observed,interim_s1_only,100.0,False,BOTH,3099.3518,0.2066,unavailable,,640.3307,S1,fs1-3016a20fd3ad
E051::nalbari,E051,2017-0289-IND,2017-06-25,Assam,Nalbari,255.5906,0.1092,2339.8796955273547,S1,observed,matched,17590.0,matched,observed,interim_s1_only,100.0,False,BOTH,2097.5834,0.1219,unavailable,,255.5906,S1,fs1-3016a20fd3ad
E051::sivasagar,E051,2017-0289-IND,2017-06-25,Assam,Sivasagar,346.4162,0.2269,1526.6517657716288,S1,observed,matched,76128533B21722277889516,matched,observed,interim_s1_only,100.0,False,ASCENDING,1387.3046,0.2497,unavailable,,346.4162,S1,fs1-3016a20fd3ad
E051::sonitpur,E051,2017-0289-IND,2017-06-25,Assam,Sonitpur,576.1205,0.1232,4676.158375740257,S1,observed,matched,17593.0,matched,observed,interim_s1_only,100.0,False,BOTH,4081.5881,0.1412,unavailable,,576.1205,S1,fs1-3016a20fd3ad
E051::south%20salmara,E051,2017-0289-IND,2017-06-25,Assam,South Salmara,75.6329,0.1052,719.1856651342704,S1,observed,matched,76128533B20298037622173,matched,observed,interim_s1_only,100.0,False,ASCENDING,473.1623,0.1598,unavailable,,75.6329,S1,fs1-3016a20fd3ad
E052::bishnupur,E052,2017-0290-IND,2017-07-01,Manipur,Bishnupur,49.7023,0.1031,481.84963420103696,S1,observed,matched,70188.0,matched,observed,interim_s1_only,100.0,False,BOTH,368.5485,0.1349,unavailable,,49.7023,S1,fs1-3016a20fd3ad
E052::imphal%20east,E052,2017-0290-IND,2017-07-01,Manipur,Imphal East,39.7357,0.105,378.5544316172313,S1,observed,matched,76128533B30779259886340,matched,observed,interim_s1_only,100.0,False,BOTH,234.2262,0.1696,unavailable,,39.7357,S1,fs1-3016a20fd3ad
E052::imphal%20west,E052,2017-0290-IND,2017-07-01,Manipur,Imphal West,83.9578,0.1663,504.9363985854122,S1,observed,matched,76128533B99807650893733,matched,observed,interim_s1_only,100.0,False,BOTH,405.1745,0.2072,unavailable,,83.9578,S1,fs1-3016a20fd3ad
E052::thoubal,E052,2017-0290-IND,2017-07-01,Manipur,Thoubal,120.7044,0.1687,715.5847965133187,S1,observed,matched,70194.0,matched,observed,interim_s1_only,100.0,False,BOTH,499.928,0.2414,unavailable,,120.7044,S1,fs1-3016a20fd3ad
E053::araria,E053,2017-0342-IND,2017-08-11,Bihar,Araria,874.4115,0.3095,2825.348194194397,S1,observed,matched,70094.0,matched,observed,interim_s1_only,100.0,False,BOTH,2783.8584,0.3141,unavailable,,874.4115,S1,fs1-3016a20fd3ad
E053::darbhanga,E053,2017-0342-IND,2017-08-11,Bihar,Darbhanga,777.0853,0.3388,2293.727225126986,S1,observed,matched,17598.0,matched,observed,interim_s1_only,100.0,False,BOTH,2116.2992,0.3672,unavailable,,777.0853,S1,fs1-3016a20fd3ad
E053::east%20champaran,E053,2017-0342-IND,2017-08-11,Bihar,East Champaran,1166.022,0.277,4209.432168721379,S1,observed,matched,76128533B49017555803526,matched,observed,interim_s1_only,100.0,False,BOTH,4047.632,0.2881,unavailable,,1166.022,S1,fs1-3016a20fd3ad
E053::gopalganj,E053,2017-0342-IND,2017-08-11,Bihar,Gopalganj,180.9143,0.0885,2044.660708589624,S1,observed,matched,17604.0,matched,observed,interim_s1_only,100.0,False,BOTH,2001.4418,0.0904,unavailable,,180.9143,S1,fs1-3016a20fd3ad
E053::jogbani,E053,2017-0342-IND,2017-08-11,Bihar,Jogbani,,,,NONE,failed_aoi,failed,,failed,missing,,,,,,,,,,NONE,
E053::katihar,E053,2017-0342-IND,2017-08-11,Bihar,Katihar,1091.9621,0.3559,3068.3721590224136,S1,observed,matched,17608.0,matched,observed,interim_s1_only,100.0,False,BOTH,2843.7093,0.384,unavailable,,1091.9621,S1,fs1-3016a20fd3ad
E053::khagaria,E053,2017-0342-IND,2017-08-11,Bihar,Khagaria,349.771,0.2341,1494.410012910706,S1,observed,matched,17609.0,matched,observed,interim_s1_only,100.0,False,BOTH,1407.6251,0.2485,unavailable,,349.771,S1,fs1-3016a20fd3ad
E053::kishanganj,E053,2017-0342-IND,2017-08-11,Bihar,Kishanganj,176.9096,0.0915,1932.7539351616576,S1,observed,matched,70100.0,matched,observed,interim_s1_only,100.0,False,BOTH,1852.9673,0.0955,unavailable,,176.9096,S1,fs1-3016a20fd3ad
E053::madhepura,E053,2017-0342-IND,2017-08-11,Bihar,Madhepura,424.1729,0.2303,1841.8576584602,S1,observed,matched,17612.0,matched,observed,interim_s1_only,100.0,False,BOTH,1815.6229,0.2336,unavailable,,424.1729,S1,fs1-3016a20fd3ad
E053::madhubani,E053,2017-0342-IND,2017-08-11,Bihar,Madhubani,586.2801,0.1696,3457.42262983169,S1,observed,matched,17611.0,matched,observed,interim_s1_only,100.0,False,BOTH,3212.7477,0.1825,unavailable,,586.2801,S1,fs1-3016a20fd3ad
E053::muzaffarpur,E053,2017-0342-IND,2017-08-11,Bihar,Muzaffarpur,510.9322,0.16,3192.441978127565,S1,observed,matched,17613.0,matched,observed,interim_s1_only,100.0,False,BOTH,3129.3395,0.1633,unavailable,,510.9322,S1,fs1-3016a20fd3ad
E053::nalanda,E053,2017-0342-IND,2017-08-11,Bihar,Nalanda,465.3776,0.1987,2341.900504872643,S1,observed,matched,17615.0,matched,observed,interim_s1_only,100.0,False,BOTH,2272.3748,0.2048,unavailable,,465.3776,S1,fs1-3016a20fd3ad
E053::patna,E053,2017-0342-IND,2017-08-11,Bihar,Patna,423.1872,0.1318,3211.7699895027954,S1,observed,matched,17619.0,matched,observed,interim_s1_only,100.0,False,BOTH,3048.1971,0.1388,unavailable,,423.1872,S1,fs1-3016a20fd3ad
E053::purnea,E053,2017-0342-IND,2017-08-11,Bihar,Purnea,979.8721,0.3091,3170.464435145496,S1,observed,matched,76128533B32499449492865,matched,observed,interim_s1_only,100.0,False,BOTH,3133.9604,0.3127,unavailable,,979.8721,S1,fs1-3016a20fd3ad
E053::saharsa,E053,2017-0342-IND,2017-08-11,Bihar,Saharsa,412.7616,0.2439,1692.2702412487936,S1,observed,matched,17624.0,matched,observed,interim_s1_only,100.0,False,BOTH,1597.4024,0.2584,unavailable,,412.7616,S1,fs1-3016a20fd3ad
E053::samastipur,E053,2017-0342-IND,2017-08-11,Bihar,Samastipur,334.6415,0.1149,2911.492917812177,S1,observed,matched,17626.0,matched,observed,interim_s1_only,100.0,False,BOTH,2732.2727,0.1225,unavailable,,334.6415,S1,fs1-3016a20fd3ad
E053::saran,E053,2017-0342-IND,2017-08-11,Bihar,Saran,261.5523,0.0987,2650.3366911206285,S1,observed,matched,17628.0,matched,observed,interim_s1_only,100.0,False,BOTH,2555.315,0.1024,unavailable,,261.5523,S1,fs1-3016a20fd3ad
E053::sheohar,E053,2017-0342-IND,2017-08-11,Bihar,Sheohar,124.7081,0.2166,575.6280849211931,S1,observed,matched,70103.0,matched,observed,interim_s1_only,100.0,False,BOTH,566.1197,0.2203,unavailable,,124.7081,S1,fs1-3016a20fd3ad
E053::sitamarhi,E053,2017-0342-IND,2017-08-11,Bihar,Sitamarhi,554.8587,0.2674,2075.1609189491032,S1,observed,matched,17630.0,matched,observed,interim_s1_only,100.0,False,BOTH,2019.8231,0.2747,unavailable,,554.8587,S1,fs1-3016a20fd3ad
E053::siwan,E053,2017-0342-IND,2017-08-11,Bihar,Siwan,91.439,0.041,2229.6509970655925,S1,observed,matched,17631.0,matched,observed,interim_s1_only,100.0,False,BOTH,2163.4697,0.0423,unavailable,,91.439,S1,fs1-3016a20fd3ad
E053::supaul,E053,2017-0342-IND,2017-08-11,Bihar,Supaul,428.5538,0.1786,2399.2927702222696,S1,observed,matched,70104.0,matched,observed,interim_s1_only,100.0,False,BOTH,2327.5369,0.1841,unavailable,,428.5538,S1,fs1-3016a20fd3ad
E053::west%20champaran,E053,2017-0342-IND,2017-08-11,Bihar,West Champaran,785.4134,0.1506,5214.198372330435,S1,observed,matched,76128533B17762399278073,matched,observed,interim_s1_only,100.0,False,BOTH,4613.9716,0.1702,unavailable,,785.4134,S1,fs1-3016a20fd3ad
E054::ambedkar%20nagar,E054,2017-0342-IND,2017-08-11,Uttar Pradesh,Ambedkar Nagar,42.853,0.0184,2328.994244483866,S1,observed,matched,70257.0,matched,observed,interim_s1_only,16.6,False,BOTH,2207.7781,0.0194,unavailable,,42.853,S1,fs1-3016a20fd3ad
E054::ayodhya,E054,2017-0342-IND,2017-08-11,Uttar Pradesh,Ayodhya,54.488,0.0204,2675.8001543878418,S1,observed,matched,76128533B60320291189162,matched,observed,interim_s1_only,99.8,False,BOTH,2541.1827,0.0214,unavailable,,54.488,S1,fs1-3016a20fd3ad
E054::azamgarh,E054,2017-0342-IND,2017-08-11,Uttar Pradesh,Azamgarh,312.1706,0.08,3904.0182560646062,S1,observed,matched,17892.0,matched,observed,interim_s1_only,81.3,False,BOTH,3838.1089,0.0813,unavailable,,312.1706,S1,fs1-3016a20fd3ad
E054::bahraich,E054,2017-0342-IND,2017-08-11,Uttar Pradesh,Bahraich,391.3237,0.1056,3705.0099637131552,S1,observed,matched,17893.0,matched,observed,interim_s1_only,100.0,False,BOTH,3485.1487,0.1123,unavailable,,391.3237,S1,fs1-3016a20fd3ad
E054::ballia,E054,2017-0342-IND,2017-08-11,Uttar Pradesh,Ballia,108.2166,0.0359,3013.8054759791835,S1,observed,matched,17894.0,matched,observed,interim_s1_only,100.0,False,BOTH,2760.4153,0.0392,unavailable,,108.2166,S1,fs1-3016a20fd3ad
E054::balrampur,E054,2017-0342-IND,2017-08-11,Uttar Pradesh,Balrampur,439.6091,0.1301,3379.881475532829,S1,observed,matched,70261.0,matched,observed,interim_s1_only,100.0,False,BOTH,3049.8684,0.1441,unavailable,,439.6091,S1,fs1-3016a20fd3ad
E054::barabanki,E054,2017-0342-IND,2017-08-11,Uttar Pradesh,Barabanki,122.9597,0.0277,4440.0005417469865,S1,observed,matched,17896.0,matched,observed,interim_s1_only,100.0,False,BOTH,4261.6796,0.0289,unavailable,,122.9597,S1,fs1-3016a20fd3ad
E054::basti,E054,2017-0342-IND,2017-08-11,Uttar Pradesh,Basti,128.582,0.051,2522.0744554746907,S1,observed,matched,17898.0,matched,observed,interim_s1_only,31.9,False,BOTH,2385.2448,0.0539,unavailable,,128.582,S1,fs1-3016a20fd3ad
E054::bijnor,E054,2017-0342-IND,2017-08-11,Uttar Pradesh,Bijnor,29.2963,0.0068,4319.741895171613,S1,observed,matched,17899.0,matched,observed,interim_s1_only,100.0,True,BOTH,4207.6321,0.007,unavailable,,29.2963,S1,fs1-3016a20fd3ad
E054::budaun,E054,2017-0342-IND,2017-08-11,Uttar Pradesh,Budaun,88.429,0.0208,4242.298807636645,S1,observed,matched,76128533B84679668760735,matched,observed,interim_s1_only,90.3,False,BOTH,4128.2792,0.0214,unavailable,,88.429,S1,fs1-3016a20fd3ad
E054::deoria,E054,2017-0342-IND,2017-08-11,Uttar Pradesh,Deoria,77.5246,0.0303,2561.4288968732094,S1,observed,matched,17904.0,matched,observed,interim_s1_only,100.0,False,BOTH,2374.0823,0.0327,unavailable,,77.5246,S1,fs1-3016a20fd3ad
E054::farrukhabad,E054,2017-0342-IND,2017-08-11,Uttar Pradesh,Farrukhabad,80.5899,0.0368,2188.008861953001,S1,observed,matched,17908.0,matched,observed,interim_s1_only,100.0,False,BOTH,2144.1619,0.0376,unavailable,,80.5899,S1,fs1-3016a20fd3ad
E054::ghazipur,E054,2017-0342-IND,2017-08-11,Uttar Pradesh,Ghazipur,53.8453,0.0159,3392.663587484302,S1,observed,matched,17912.0,matched,observed,interim_s1_only,100.0,False,BOTH,3179.0692,0.0169,unavailable,,53.8453,S1,fs1-3016a20fd3ad
E054::gonda,E054,2017-0342-IND,2017-08-11,Uttar Pradesh,Gonda,170.9715,0.0426,4014.846082655345,S1,observed,matched,17913.0,matched,observed,interim_s1_only,99.8,False,BOTH,3851.7976,0.0444,unavailable,,170.9715,S1,fs1-3016a20fd3ad
E054::gorakhpur,E054,2017-0342-IND,2017-08-11,Uttar Pradesh,Gorakhpur,514.7975,0.1676,3072.188964505668,S1,observed,matched,17914.0,matched,observed,interim_s1_only,98.6,False,BOTH,2958.1684,0.174,unavailable,,514.7975,S1,fs1-3016a20fd3ad
E054::kushinagar,E054,2017-0342-IND,2017-08-11,Uttar Pradesh,Kushinagar,156.6199,0.0541,2893.16087554316,S1,observed,matched,70271.0,matched,observed,interim_s1_only,100.0,False,BOTH,2844.4186,0.0551,unavailable,,156.6199,S1,fs1-3016a20fd3ad
E054::lakhimpur%20kheri,E054,2017-0342-IND,2017-08-11,Uttar Pradesh,Lakhimpur Kheri,193.3806,0.0251,7708.742992388735,S1,observed,matched,17921.0,matched,observed,interim_s1_only,100.0,False,BOTH,7230.8731,0.0267,unavailable,,193.3806,S1,fs1-3016a20fd3ad
E054::maharajganj,E054,2017-0342-IND,2017-08-11,Uttar Pradesh,Maharajganj,612.0424,0.1914,3197.0231063739748,S1,observed,matched,70272.0,matched,observed,interim_s1_only,100.0,False,BOTH,3045.7182,0.201,unavailable,,612.0424,S1,fs1-3016a20fd3ad
E054::mau,E054,2017-0342-IND,2017-08-11,Uttar Pradesh,Mau,61.1913,0.0296,2070.491760227604,S1,observed,matched,70274.0,matched,observed,interim_s1_only,100.0,False,BOTH,1950.1749,0.0314,unavailable,,61.1913,S1,fs1-3016a20fd3ad
E054::mirzapur,E054,2017-0342-IND,2017-08-11,Uttar Pradesh,Mirzapur,82.7521,0.0183,4526.889753258701,S1,observed,matched,17927.0,matched,observed,interim_s1_only,100.0,False,BOTH,3916.54,0.0211,unavailable,,82.7521,S1,fs1-3016a20fd3ad
E054::pilibhit,E054,2017-0342-IND,2017-08-11,Uttar Pradesh,Pilibhit,200.171,0.0557,3594.1579683602813,S1,observed,matched,17931.0,matched,observed,interim_s1_only,100.0,False,BOTH,3379.1475,0.0592,unavailable,,200.171,S1,fs1-3016a20fd3ad
E054::sant%20kabir%20nagar,E054,2017-0342-IND,2017-08-11,Uttar Pradesh,Sant Kabir Nagar,102.1404,0.0768,1329.179989070325,S1,observed,matched,70275.0,matched,observed,interim_s1_only,20.3,False,BOTH,1268.8107,0.0805,unavailable,,102.1404,S1,fs1-3016a20fd3ad
E054::shrawasti,E054,2017-0342-IND,2017-08-11,Uttar Pradesh,Shrawasti,182.4553,0.0936,1950.0124338087928,S1,observed,matched,76128533B34832354589031,matched,observed,interim_s1_only,100.0,False,BOTH,1867.7991,0.0977,unavailable,,182.4553,S1,fs1-3016a20fd3ad
E054::siddharthnagar,E054,2017-0342-IND,2017-08-11,Uttar Pradesh,Siddharthnagar,851.2683,0.2437,3492.6137371813147,S1,observed,matched,70278.0,matched,observed,interim_s1_only,78.1,False,BOTH,3290.957,0.2587,unavailable,,851.2683,S1,fs1-3016a20fd3ad
E054::sitapur,E054,2017-0342-IND,2017-08-11,Uttar Pradesh,Sitapur,106.1501,0.0183,5789.793396469067,S1,observed,matched,17938.0,matched,observed,interim_s1_only,100.0,False,BOTH,5411.2124,0.0196,unavailable,,106.1501,S1,fs1-3016a20fd3ad
E055::alipurduar,E055,2017-0342-IND,2017-08-11,West Bengal,Alipurduar,93.6276,0.0334,2805.571892812845,S1,observed,matched,76128533B23858286755005,matched,observed,interim_s1_only,100.0,True,BOTH,2397.164,0.0391,unavailable,,93.6276,S1,fs1-3016a20fd3ad
E055::bankura,E055,2017-0342-IND,2017-08-11,West Bengal,Bankura,646.4194,0.0926,6981.566770524623,S1,observed,matched,17945.0,matched,observed,interim_s1_only,100.0,False,BOTH,6480.2521,0.0998,unavailable,,646.4194,S1,fs1-3016a20fd3ad
E055::birbhum,E055,2017-0342-IND,2017-08-11,West Bengal,Birbhum,468.961,0.1027,4566.040490140597,S1,observed,matched,17947.0,matched,observed,interim_s1_only,100.0,False,BOTH,4350.6007,0.1078,unavailable,,468.961,S1,fs1-3016a20fd3ad
E055::cooch%20behar,E055,2017-0342-IND,2017-08-11,West Bengal,Cooch Behar,657.4116,0.1999,3288.1312386454174,S1,observed,matched,76128533B64156747739715,matched,observed,interim_s1_only,100.0,False,BOTH,3131.2864,0.2099,unavailable,,657.4116,S1,fs1-3016a20fd3ad
E055::dakshin%20dinajpur,E055,2017-0342-IND,2017-08-11,West Bengal,Dakshin Dinajpur,656.9639,0.3117,2107.683120443892,S1,observed,matched,70290.0,matched,observed,interim_s1_only,100.0,False,BOTH,1989.8222,0.3302,unavailable,,656.9639,S1,fs1-3016a20fd3ad
E055::darjeeling,E055,2017-0342-IND,2017-08-11,West Bengal,Darjeeling,5.5738,0.0027,2082.4452472301264,S1,observed,matched,76128533B17109302371020,matched,observed,interim_s1_only,100.0,True,BOTH,826.6807,0.0067,unavailable,,5.5738,S1,fs1-3016a20fd3ad
E055::east%20medinipur,E055,2017-0342-IND,2017-08-11,West Bengal,East Medinipur,550.3548,0.1308,4206.535570897585,S1,observed,matched,76128533B25373378863054,matched,observed,interim_s1_only,100.0,False,BOTH,3810.954,0.1444,unavailable,,550.3548,S1,fs1-3016a20fd3ad
E055::hooghly,E055,2017-0342-IND,2017-08-11,West Bengal,Hooghly,124.6133,0.0395,3153.550053477295,S1,observed,matched,76128533B81857725777974,matched,observed,interim_s1_only,100.0,True,BOTH,2927.0037,0.0426,unavailable,,124.6133,S1,fs1-3016a20fd3ad
E055::howrah,E055,2017-0342-IND,2017-08-11,West Bengal,Howrah,32.09,0.0221,1451.5753227599494,S1,observed,matched,76128533B22077262393417,matched,observed,interim_s1_only,100.0,True,BOTH,1320.4393,0.0243,unavailable,,32.09,S1,fs1-3016a20fd3ad
E055::jalpaiguri,E055,2017-0342-IND,2017-08-11,West Bengal,Jalpaiguri,280.3438,0.0452,6200.341009430311,S1,observed,matched,17951.0,matched,observed,interim_s1_only,100.0,True,BOTH,5492.7966,0.051,unavailable,,280.3438,S1,fs1-3016a20fd3ad
E055::jhargram,E055,2017-0342-IND,2017-08-11,West Bengal,Jhargram,86.6302,0.028,3096.557448030717,S1,observed,matched,76128533B24861976740713,matched,observed,interim_s1_only,100.0,True,BOTH,2836.6669,0.0305,unavailable,,86.6302,S1,fs1-3016a20fd3ad
E055::malda,E055,2017-0342-IND,2017-08-11,West Bengal,Malda,671.4852,0.1881,3569.571917709693,S1,observed,matched,76128533B36734405131975,matched,observed,interim_s1_only,100.0,False,BOTH,3262.3654,0.2058,unavailable,,671.4852,S1,fs1-3016a20fd3ad
E055::murshidabad,E055,2017-0342-IND,2017-08-11,West Bengal,Murshidabad,485.2502,0.0887,5473.753950605631,S1,observed,matched,17955.0,matched,observed,interim_s1_only,100.0,False,BOTH,5136.0442,0.0945,unavailable,,485.2502,S1,fs1-3016a20fd3ad
E055::nadia,E055,2017-0342-IND,2017-08-11,West Bengal,Nadia,282.4446,0.0707,3995.2318634205153,S1,observed,matched,17956.0,matched,observed,interim_s1_only,100.0,False,BOTH,3646.9459,0.0774,unavailable,,282.4446,S1,fs1-3016a20fd3ad
E055::north%2024%20parganas,E055,2017-0342-IND,2017-08-11,West Bengal,North 24 Parganas,321.2649,0.0535,6006.604976683008,S1,observed,matched,70293.0,matched,observed,interim_s1_only,100.0,False,BOTH,5030.4328,0.0639,unavailable,,321.2649,S1,fs1-3016a20fd3ad
E055::paschim%20bardhaman,E055,2017-0342-IND,2017-08-11,West Bengal,Paschim Bardhaman,30.0283,0.0183,1638.342752616779,S1,observed,matched,76128533B60845263086042,matched,observed,interim_s1_only,100.0,True,BOTH,1491.1966,0.0201,unavailable,,30.0283,S1,fs1-3016a20fd3ad
E055::purba%20bardhaman,E055,2017-0342-IND,2017-08-11,West Bengal,Purba Bardhaman,286.2655,0.053,5396.808202076832,S1,observed,matched,76128533B59121537940607,matched,observed,interim_s1_only,100.0,True,BOTH,5222.3159,0.0548,unavailable,,286.2655,S1,fs1-3016a20fd3ad
E055::purulia,E055,2017-0342-IND,2017-08-11,West Bengal,Purulia,111.2853,0.0178,6255.530346174724,S1,observed,matched,76128533B16811573188243,matched,observed,interim_s1_only,100.0,True,BOTH,5092.3092,0.0219,unavailable,,111.2853,S1,fs1-3016a20fd3ad
E055::south%2024%20parganas,E055,2017-0342-IND,2017-08-11,West Bengal,South 24 Parganas,374.3912,0.068,5503.307786632012,S1,observed,matched,70294.0,matched,observed,interim_s1_only,100.0,False,BOTH,4761.6074,0.0786,unavailable,,374.3912,S1,fs1-3016a20fd3ad
E055::uttar%20dinajpur,E055,2017-0342-IND,2017-08-11,West Bengal,Uttar Dinajpur,781.7607,0.2329,3356.268468886421,S1,observed,matched,70295.0,matched,observed,interim_s1_only,100.0,False,BOTH,3168.8271,0.2467,unavailable,,781.7607,S1,fs1-3016a20fd3ad
E055::west%20medinipur,E055,2017-0342-IND,2017-08-11,West Bengal,West Medinipur,1094.269,0.1741,6284.990303075887,S1,observed,matched,76128533B88812350838807,matched,observed,interim_s1_only,100.0,False,BOTH,6123.409,0.1787,unavailable,,1094.269,S1,fs1-3016a20fd3ad
E056::ambedkar%20nagar,E056,2017-0517-IND,2017-08-16,Uttar Pradesh,Ambedkar Nagar,41.4171,0.0178,2328.994244483866,S1,observed,matched,70257.0,matched,observed,interim_s1_only,16.6,False,BOTH,2207.7781,0.0188,unavailable,,41.4171,S1,fs1-3016a20fd3ad
E056::azamgarh,E056,2017-0517-IND,2017-08-16,Uttar Pradesh,Azamgarh,303.0613,0.0776,3904.0182560646062,S1,observed,matched,17892.0,matched,observed,interim_s1_only,81.3,False,BOTH,3838.1089,0.079,unavailable,,303.0613,S1,fs1-3016a20fd3ad
E056::bahraich,E056,2017-0517-IND,2017-08-16,Uttar Pradesh,Bahraich,163.6839,0.0442,3705.0099637131552,S1,observed,matched,17893.0,matched,observed,interim_s1_only,100.0,False,BOTH,3485.1487,0.047,unavailable,,163.6839,S1,fs1-3016a20fd3ad
E056::ballia,E056,2017-0517-IND,2017-08-16,Uttar Pradesh,Ballia,148.8988,0.0494,3013.8054759791835,S1,observed,matched,17894.0,matched,observed,interim_s1_only,100.0,False,BOTH,2760.4153,0.0539,unavailable,,148.8988,S1,fs1-3016a20fd3ad
E056::balrampur,E056,2017-0517-IND,2017-08-16,Uttar Pradesh,Balrampur,361.1045,0.1068,3379.881475532829,S1,observed,matched,70261.0,matched,observed,interim_s1_only,100.0,False,BOTH,3049.8684,0.1184,unavailable,,361.1045,S1,fs1-3016a20fd3ad
E056::barabanki,E056,2017-0517-IND,2017-08-16,Uttar Pradesh,Barabanki,129.4537,0.0292,4440.0005417469865,S1,observed,matched,17896.0,matched,observed,interim_s1_only,100.0,False,BOTH,4261.6796,0.0304,unavailable,,129.4537,S1,fs1-3016a20fd3ad
E056::basti,E056,2017-0517-IND,2017-08-16,Uttar Pradesh,Basti,129.9705,0.0515,2522.0744554746907,S1,observed,matched,17898.0,matched,observed,interim_s1_only,31.9,False,BOTH,2385.2448,0.0545,unavailable,,129.9705,S1,fs1-3016a20fd3ad
E056::bijnor,E056,2017-0517-IND,2017-08-16,Uttar Pradesh,Bijnor,27.0075,0.0063,4319.741895171613,S1,observed,matched,17899.0,matched,observed,interim_s1_only,100.0,True,BOTH,4207.6321,0.0064,unavailable,,27.0075,S1,fs1-3016a20fd3ad
E056::budaun,E056,2017-0517-IND,2017-08-16,Uttar Pradesh,Budaun,23.0997,0.0054,4242.298807636645,S1,observed,matched,76128533B84679668760735,matched,observed,interim_s1_only,100.0,True,BOTH,4128.2792,0.0056,unavailable,,23.0997,S1,fs1-3016a20fd3ad
E056::deoria,E056,2017-0517-IND,2017-08-16,Uttar Pradesh,Deoria,160.0981,0.0625,2561.4288968732094,S1,observed,matched,17904.0,matched,observed,interim_s1_only,100.0,False,BOTH,2374.0823,0.0674,unavailable,,160.0981,S1,fs1-3016a20fd3ad
E056::faizabad,E056,2017-0517-IND,2017-08-16,Uttar Pradesh,Faizabad,48.6407,0.0231,2103.2792931237323,S1,observed,matched,17907.0,matched,observed,interim_s1_only,100.0,False,BOTH,1994.3485,0.0244,unavailable,,48.6407,S1,fs1-3016a20fd3ad
E056::farrukhabad,E056,2017-0517-IND,2017-08-16,Uttar Pradesh,Farrukhabad,21.0609,0.0096,2188.008861953001,S1,observed,matched,17908.0,matched,observed,interim_s1_only,100.0,False,BOTH,2144.1619,0.0098,unavailable,,21.0609,S1,fs1-3016a20fd3ad
E056::ghazipur,E056,2017-0517-IND,2017-08-16,Uttar Pradesh,Ghazipur,40.9049,0.0121,3392.663587484302,S1,observed,matched,17912.0,matched,observed,interim_s1_only,100.0,False,BOTH,3179.0692,0.0129,unavailable,,40.9049,S1,fs1-3016a20fd3ad
E056::gonda,E056,2017-0517-IND,2017-08-16,Uttar Pradesh,Gonda,167.5029,0.0417,4014.846082655345,S1,observed,matched,17913.0,matched,observed,interim_s1_only,99.8,False,BOTH,3851.7976,0.0435,unavailable,,167.5029,S1,fs1-3016a20fd3ad
E056::gorakhpur,E056,2017-0517-IND,2017-08-16,Uttar Pradesh,Gorakhpur,640.4564,0.2085,3072.188964505668,S1,observed,matched,17914.0,matched,observed,interim_s1_only,98.6,False,BOTH,2958.1684,0.2165,unavailable,,640.4564,S1,fs1-3016a20fd3ad
E056::kushinagar,E056,2017-0517-IND,2017-08-16,Uttar Pradesh,Kushinagar,147.8495,0.0511,2893.16087554316,S1,observed,matched,70271.0,matched,observed,interim_s1_only,100.0,False,BOTH,2844.4186,0.052,unavailable,,147.8495,S1,fs1-3016a20fd3ad
E056::lakhimpur%20kheri,E056,2017-0517-IND,2017-08-16,Uttar Pradesh,Lakhimpur Kheri,179.1026,0.0232,7708.742992388735,S1,observed,matched,17921.0,matched,observed,interim_s1_only,100.0,False,BOTH,7230.8731,0.0248,unavailable,,179.1026,S1,fs1-3016a20fd3ad
E056::maharajganj,E056,2017-0517-IND,2017-08-16,Uttar Pradesh,Maharajganj,418.9751,0.1311,3197.0231063739748,S1,observed,matched,70272.0,matched,observed,interim_s1_only,100.0,False,BOTH,3045.7182,0.1376,unavailable,,418.9751,S1,fs1-3016a20fd3ad
E056::mau,E056,2017-0517-IND,2017-08-16,Uttar Pradesh,Mau,68.8046,0.0332,2070.491760227604,S1,observed,matched,70274.0,matched,observed,interim_s1_only,100.0,False,BOTH,1950.1749,0.0353,unavailable,,68.8046,S1,fs1-3016a20fd3ad
E056::mirzapur,E056,2017-0517-IND,2017-08-16,Uttar Pradesh,Mirzapur,109.9635,0.0243,4526.889753258701,S1,observed,matched,17927.0,matched,observed,interim_s1_only,100.0,False,BOTH,3916.54,0.0281,unavailable,,109.9635,S1,fs1-3016a20fd3ad
E056::muzaffarnagar,E056,2017-0517-IND,2017-08-16,Uttar Pradesh,Muzaffarnagar,138.0618,0.0341,4053.9910928534105,S1,observed,matched,17929.0,matched,observed,interim_s1_only,100.0,True,BOTH,3930.0746,0.0351,unavailable,,138.0618,S1,fs1-3016a20fd3ad
E056::pilibhit,E056,2017-0517-IND,2017-08-16,Uttar Pradesh,Pilibhit,513.6609,0.1429,3594.1579683602813,S1,observed,matched,17931.0,matched,observed,interim_s1_only,100.0,False,BOTH,3379.1475,0.152,unavailable,,513.6609,S1,fs1-3016a20fd3ad
E056::sant%20kabir%20nagar,E056,2017-0517-IND,2017-08-16,Uttar Pradesh,Sant Kabir Nagar,102.6663,0.0772,1329.179989070325,S1,observed,matched,70275.0,matched,observed,interim_s1_only,20.3,False,BOTH,1268.8107,0.0809,unavailable,,102.6663,S1,fs1-3016a20fd3ad
E056::shamli,E056,2017-0517-IND,2017-08-16,Uttar Pradesh,Shamli,93.4927,0.0699,1337.6082125858356,S1,observed,matched,76128533B35465481868600,matched,observed,interim_s1_only,100.0,True,BOTH,1270.0296,0.0736,unavailable,,93.4927,S1,fs1-3016a20fd3ad
E056::shravasti,E056,2017-0517-IND,2017-08-16,Uttar Pradesh,Shravasti,84.7309,0.0268,3157.757775375263,S1,observed,matched,70277.0,matched,observed,interim_s1_only,100.0,True,BOTH,3040.3863,0.0279,unavailable,,84.7309,S1,fs1-3016a20fd3ad
E056::siddharth%20nagar,E056,2017-0517-IND,2017-08-16,Uttar Pradesh,Siddharth Nagar,640.3185,0.1833,3492.6137371813147,S1,observed,matched,70278.0,matched,observed,interim_s1_only,78.1,False,BOTH,3290.957,0.1946,unavailable,,640.3185,S1,fs1-3016a20fd3ad
E056::sitapur,E056,2017-0517-IND,2017-08-16,Uttar Pradesh,Sitapur,81.9896,0.0142,5789.793396469067,S1,observed,matched,17938.0,matched,observed,interim_s1_only,100.0,False,BOTH,5411.2124,0.0152,unavailable,,81.9896,S1,fs1-3016a20fd3ad
E057::mumbai%20city,E057,2017-0364-IND,2017-08-29,Maharashtra,Mumbai City,0.213,0.0028,77.22400864672608,S1,observed,matched,70184.0,matched,observed,interim_s1_only,100.0,True,DESCENDING,58.1333,0.0037,unavailable,,0.213,S1,fs1-3016a20fd3ad
E057::mumbai%20suburban,E057,2017-0364-IND,2017-08-29,Maharashtra,Mumbai Suburban,1.934,0.0047,409.3994670782586,S1,observed,matched,70183.0,matched,observed,interim_s1_only,100.0,True,DESCENDING,269.1381,0.0072,unavailable,,1.934,S1,fs1-3016a20fd3ad
E057::palghar,E057,2017-0364-IND,2017-08-29,Maharashtra,Palghar,28.4406,0.0053,5355.281971404182,S1,observed,matched,76128533B37148244536449,matched,observed,interim_s1_only,100.0,True,DESCENDING,2858.6379,0.0099,unavailable,,28.4406,S1,fs1-3016a20fd3ad
E057::thane,E057,2017-0364-IND,2017-08-29,Maharashtra,Thane,38.25,0.004,9454.897228160951,S1,observed,matched,17783.0,matched,observed,interim_s1_only,100.0,True,DESCENDING,5194.6674,0.0074,unavailable,,38.25,S1,fs1-3016a20fd3ad
E058::chennai,E058,2017-0495-IND,2017-10-30,Tamil Nadu,Chennai,0.3495,0.0018,196.6308822101988,S1,observed,matched,70242.0,matched,observed,interim_s1_only,100.0,True,DESCENDING,182.9401,0.0019,unavailable,,0.3495,S1,fs1-3016a20fd3ad
E059::dhalai,E059,2018-0213-IND,2018-05-17,Tripura,Dhalai,3.337,0.0015,2201.079367693781,S1,observed,matched,70256.0,matched,observed,interim_s1_only,99.8,True,DESCENDING,642.5375,0.0052,ok,,3.337,S1,fs1-3016a20fd3ad
E059::gomati,E059,2018-0213-IND,2018-05-17,Tripura,Gomati,12.3284,0.0076,1617.9532415826357,S1,observed,matched,76128533B94126463611805,matched,observed,interim_s1_only,100.0,True,BOTH,610.8811,0.0202,unavailable,,12.3284,S1,fs1-3016a20fd3ad
E059::khowai,E059,2018-0213-IND,2018-05-17,Tripura,Khowai,1.1592,0.0011,1046.189742159586,S1,observed,matched,76128533B67044589012853,matched,observed,interim_s1_only,100.0,True,BOTH,465.6732,0.0025,unavailable,,1.1592,S1,fs1-3016a20fd3ad
E059::north%20tripura,E059,2018-0213-IND,2018-05-17,Tripura,North Tripura,4.7696,0.0023,2109.5271791468954,S1,observed,matched,17885.0,matched,observed,interim_s1_only,99.3,True,DESCENDING,703.6525,0.0068,ok,,4.7696,S1,fs1-3016a20fd3ad
E059::sepahijala,E059,2018-0213-IND,2018-05-17,Tripura,Sepahijala,9.6727,0.009,1071.1594978769108,S1,observed,matched,76128533B43965372582859,matched,observed,interim_s1_only,100.0,True,BOTH,589.2958,0.0164,unavailable,,9.6727,S1,fs1-3016a20fd3ad
E059::south%20tripura,E059,2018-0213-IND,2018-05-17,Tripura,South Tripura,15.3488,0.0048,3224.504208632636,S1,observed,matched,17886.0,matched,observed,interim_s1_only,100.0,True,BOTH,1349.3356,0.0114,unavailable,,15.3488,S1,fs1-3016a20fd3ad
E059::unakoti,E059,2018-0213-IND,2018-05-17,Tripura,Unakoti,1.4855,0.0023,657.9288906584868,S1,observed,matched,76128533B4720703924950,matched,observed,interim_s1_only,100.0,True,DESCENDING,280.4761,0.0053,unavailable,,1.4855,S1,fs1-3016a20fd3ad
E059::west%20tripura,E059,2018-0213-IND,2018-05-17,Tripura,West Tripura,16.6597,0.0055,3039.951701839773,S1,observed,matched,17887.0,matched,observed,interim_s1_only,100.0,True,BOTH,1614.0109,0.0103,unavailable,,16.6597,S1,fs1-3016a20fd3ad
E060::dakshina%20kannada,E060,2018-0216-IND,2018-05-29,Karnataka,Dakshina Kannada,5.8174,0.0011,5243.21897884346,S1,observed,matched,76128533B54396396829952,matched,observed,interim_s1_only,72.8,True,BOTH,1903.6271,0.0031,unavailable,,5.8174,S1,fs1-3016a20fd3ad
E060::udupi,E060,2018-0216-IND,2018-05-29,Karnataka,Udupi,10.0828,0.0026,3905.2465000015695,S1,observed,matched,70166.0,matched,observed,interim_s1_only,74.3,True,BOTH,2069.3022,0.0049,ok,,10.0828,S1,fs1-3016a20fd3ad
E061::biswanath,E061,2018-0205-IND,2018-06-22,Assam,Biswanath,141.8962,0.079,1795.9804068303213,S1,observed,matched,76128533B40714385808093,matched,observed,interim_s1_only,100.0,False,BOTH,1560.1555,0.091,unavailable,,141.8962,S1,fs1-3016a20fd3ad
E061::cachar,E061,2018-0205-IND,2018-06-22,Assam,Cachar,253.4966,0.0666,3806.329961738336,S1,observed,matched,17577.0,matched,observed,interim_s1_only,100.0,False,BOTH,1742.352,0.1455,unavailable,,253.4966,S1,fs1-3016a20fd3ad
E061::east%20karbi%20anglong,E061,2018-0205-IND,2018-06-22,Assam,East Karbi Anglong,116.6973,0.016,7303.723967073078,S1,observed,matched,76128533B38548995376745,matched,observed,interim_s1_only,100.0,True,BOTH,2178.5669,0.0536,unavailable,,116.6973,S1,fs1-3016a20fd3ad
E061::golaghat,E061,2018-0205-IND,2018-06-22,Assam,Golaghat,135.6599,0.0384,3532.2679838886856,S1,observed,matched,17582.0,matched,observed,interim_s1_only,100.0,False,BOTH,3111.5422,0.0436,unavailable,,135.6599,S1,fs1-3016a20fd3ad
E061::hailakandi,E061,2018-0205-IND,2018-06-22,Assam,Hailakandi,56.5755,0.0423,1336.4605858584375,S1,observed,matched,70088.0,matched,observed,interim_s1_only,100.0,False,BOTH,629.4125,0.0899,unavailable,,56.5755,S1,fs1-3016a20fd3ad
E061::hojai,E061,2018-0205-IND,2018-06-22,Assam,Hojai,176.8669,0.1214,1456.4677644953886,S1,observed,matched,76128533B70315194619807,matched,observed,interim_s1_only,100.0,False,BOTH,989.2694,0.1788,unavailable,,176.8669,S1,fs1-3016a20fd3ad
E061::karimganj,E061,2018-0205-IND,2018-06-22,Assam,Karimganj,110.8674,0.0597,1856.722473230466,S1,observed,matched,17585.0,matched,observed,interim_s1_only,100.0,False,BOTH,1051.2523,0.1055,unavailable,,110.8674,S1,fs1-3016a20fd3ad
E061::nagaon,E061,2018-0205-IND,2018-06-22,Assam,Nagaon,442.3684,0.1107,3997.4423095607103,S1,observed,matched,17589.0,matched,observed,interim_s1_only,100.0,False,BOTH,3099.3518,0.1427,unavailable,,442.3684,S1,fs1-3016a20fd3ad
E061::west%20karbi%20anglong,E061,2018-0205-IND,2018-06-22,Assam,West Karbi Anglong,9.7002,0.0031,3106.68686919722,S1,observed,matched,76128533B57995625790051,matched,observed,interim_s1_only,100.0,True,BOTH,757.2,0.0128,unavailable,,9.7002,S1,fs1-3016a20fd3ad
E064::gajapati,E064,2018-0286-IND,2018-07-20,Odisha,Gajapati,11.8819,0.0029,4080.383431631814,S1,observed,matched,70213.0,matched,observed,interim_s1_only,100.0,True,DESCENDING,881.7653,0.0135,unavailable,,11.8819,S1,fs1-3016a20fd3ad
E064::kandhamal,E064,2018-0286-IND,2018-07-20,Odisha,Kandhamal,6.6943,0.0008,8088.528530440674,S1,observed,matched,70217.0,matched,observed,interim_s1_only,100.0,True,DESCENDING,1833.216,0.0037,unavailable,,6.6943,S1,fs1-3016a20fd3ad
E064::malkangiri,E064,2018-0286-IND,2018-07-20,Odisha,Malkangiri,34.4368,0.0059,5849.646224352819,S1,observed,matched,70220.0,matched,observed,interim_s1_only,100.0,False,DESCENDING,3064.5633,0.0112,unavailable,,34.4368,S1,fs1-3016a20fd3ad
E064::rayagada,E064,2018-0286-IND,2018-07-20,Odisha,Rayagada,20.099,0.0027,7404.113889009227,S1,observed,matched,70224.0,matched,observed,interim_s1_only,100.0,True,DESCENDING,2097.742,0.0096,unavailable,,20.099,S1,fs1-3016a20fd3ad
E067::barpeta,E067,2018-0345-IND,2018-08-02,Assam,Barpeta,118.6563,0.0365,3253.622989828742,S1,observed,matched,17576.0,matched,observed,interim_s1_only,100.0,False,BOTH,2781.8165,0.0427,unavailable,,118.6563,S1,fs1-3016a20fd3ad
E067::darrang,E067,2018-0345-IND,2018-08-02,Assam,Darrang,55.1946,0.0161,3426.9679336953163,S1,observed,matched,17578.0,matched,observed,interim_s1_only,100.0,False,BOTH,3074.5271,0.018,unavailable,,55.1946,S1,fs1-3016a20fd3ad
E067::dhemaji,E067,2018-0345-IND,2018-08-02,Assam,Dhemaji,63.6461,0.0254,2503.3476339074205,S1,observed,matched,70087.0,matched,observed,interim_s1_only,100.0,False,BOTH,2240.4877,0.0284,unavailable,,63.6461,S1,fs1-3016a20fd3ad
E067::golaghat,E067,2018-0345-IND,2018-08-02,Assam,Golaghat,136.2511,0.0386,3532.2679838886856,S1,observed,matched,17582.0,matched,observed,interim_s1_only,100.0,False,BOTH,3111.5422,0.0438,unavailable,,136.2511,S1,fs1-3016a20fd3ad
E067::lakhimpur,E067,2018-0345-IND,2018-08-02,Assam,Lakhimpur,79.6086,0.0276,2886.5239581816727,S1,observed,matched,70091.0,matched,observed,interim_s1_only,100.0,False,BOTH,2563.3875,0.0311,unavailable,,79.6086,S1,fs1-3016a20fd3ad
E067::sivasagar,E067,2018-0345-IND,2018-08-02,Assam,Sivasagar,237.6018,0.1556,1526.651765771626,S1,observed,matched,76128533B21722277889516,matched,observed,interim_s1_only,100.0,False,BOTH,1387.3046,0.1713,unavailable,,237.6018,S1,fs1-3016a20fd3ad
E067::sonitpur,E067,2018-0345-IND,2018-08-02,Assam,Sonitpur,142.0688,0.0304,4676.158375740257,S1,observed,matched,17593.0,matched,observed,interim_s1_only,100.0,False,BOTH,4081.5881,0.0348,unavailable,,142.0688,S1,fs1-3016a20fd3ad
E067::udalguri,E067,2018-0345-IND,2018-08-02,Assam,Udalguri,31.3294,0.0152,2056.2913712488385,S1,observed,matched,76128533B20307518801538,matched,observed,interim_s1_only,100.0,True,BOTH,1902.4689,0.0165,unavailable,,31.3294,S1,fs1-3016a20fd3ad
E068::bankura,E068,2018-0345-IND,2018-08-02,West Bengal,Bankura,1508.9989,0.2161,6981.566770524623,S1,observed,matched,17945.0,matched,observed,interim_s1_only,100.0,False,BOTH,6480.2521,0.2329,unavailable,,1508.9989,S1,fs1-3016a20fd3ad
E069::barpeta,E069,2018-0295-IND,2018-08-07,Assam,Barpeta,86.6802,0.0266,3253.622989828742,S1,observed,matched,17576.0,matched,observed,interim_s1_only,100.0,False,BOTH,2781.8165,0.0312,unavailable,,86.6802,S1,fs1-3016a20fd3ad
E069::biswanath,E069,2018-0295-IND,2018-08-07,Assam,Biswanath,31.0746,0.0173,1795.9804068303213,S1,observed,matched,76128533B40714385808093,matched,observed,interim_s1_only,100.0,False,BOTH,1560.1555,0.0199,unavailable,,31.0746,S1,fs1-3016a20fd3ad
E069::cachar,E069,2018-0295-IND,2018-08-07,Assam,Cachar,181.5911,0.0477,3806.329961738336,S1,observed,matched,17577.0,matched,observed,interim_s1_only,100.0,False,BOTH,1742.352,0.1042,unavailable,,181.5911,S1,fs1-3016a20fd3ad
E069::charaideo,E069,2018-0295-IND,2018-08-07,Assam,Charaideo,24.5204,0.0233,1051.5010239181354,S1,observed,matched,76128533B89228414823983,matched,observed,interim_s1_only,100.0,True,BOTH,956.9246,0.0256,unavailable,,24.5204,S1,fs1-3016a20fd3ad
E069::chirang,E069,2018-0295-IND,2018-08-07,Assam,Chirang,13.5371,0.0085,1586.6528982343073,S1,observed,matched,76128533B56012535339305,matched,observed,interim_s1_only,100.0,True,BOTH,1479.252,0.0092,unavailable,,13.5371,S1,fs1-3016a20fd3ad
E069::darrang,E069,2018-0295-IND,2018-08-07,Assam,Darrang,25.53,0.0074,3426.9679336953163,S1,observed,matched,17578.0,matched,observed,interim_s1_only,100.0,False,BOTH,3074.5271,0.0083,unavailable,,25.53,S1,fs1-3016a20fd3ad
E069::dhemaji,E069,2018-0295-IND,2018-08-07,Assam,Dhemaji,37.2699,0.0149,2503.3476339074205,S1,observed,matched,70087.0,matched,observed,interim_s1_only,100.0,False,BOTH,2240.4877,0.0166,unavailable,,37.2699,S1,fs1-3016a20fd3ad
E069::dibrugarh,E069,2018-0295-IND,2018-08-07,Assam,Dibrugarh,31.8206,0.0094,3397.4818067287138,S1,observed,matched,17580.0,matched,observed,interim_s1_only,100.0,False,BOTH,2887.5515,0.011,unavailable,,31.8206,S1,fs1-3016a20fd3ad
E069::dima%20hasao,E069,2018-0295-IND,2018-08-07,Assam,Dima Hasao,6.075,0.0012,4914.108784116743,S1,observed,matched,76128533B66125202864966,matched,observed,interim_s1_only,100.0,True,BOTH,670.5263,0.0091,unavailable,,6.075,S1,fs1-3016a20fd3ad
E069::east%20karbi%20anglong,E069,2018-0295-IND,2018-08-07,Assam,East Karbi Anglong,35.7781,0.0049,7303.723967073078,S1,observed,matched,76128533B38548995376745,matched,observed,interim_s1_only,100.0,True,BOTH,2178.5669,0.0164,unavailable,,35.7781,S1,fs1-3016a20fd3ad
E069::golaghat,E069,2018-0295-IND,2018-08-07,Assam,Golaghat,87.274,0.0247,3532.2679838886856,S1,observed,matched,17582.0,matched,observed,interim_s1_only,100.0,False,BOTH,3111.5422,0.028,unavailable,,87.274,S1,fs1-3016a20fd3ad
E069::hailakandi,E069,2018-0295-IND,2018-08-07,Assam,Hailakandi,69.0525,0.0517,1336.4605858584375,S1,observed,matched,70088.0,matched,observed,interim_s1_only,100.0,False,BOTH,629.4125,0.1097,unavailable,,69.0525,S1,fs1-3016a20fd3ad
E069::hojai,E069,2018-0295-IND,2018-08-07,Assam,Hojai,159.5885,0.1096,1456.4677644953886,S1,observed,matched,76128533B70315194619807,matched,observed,interim_s1_only,100.0,False,BOTH,989.2694,0.1613,unavailable,,159.5885,S1,fs1-3016a20fd3ad
E069::jorhat,E069,2018-0295-IND,2018-08-07,Assam,Jorhat,33.8965,0.0119,2842.716884638612,S1,observed,matched,70089.0,matched,observed,interim_s1_only,100.0,False,BOTH,2306.1826,0.0147,unavailable,,33.8965,S1,fs1-3016a20fd3ad
E069::karimganj,E069,2018-0295-IND,2018-08-07,Assam,Karimganj,80.0298,0.0431,1856.722473230466,S1,observed,matched,17585.0,matched,observed,interim_s1_only,100.0,False,BOTH,1051.2523,0.0761,unavailable,,80.0298,S1,fs1-3016a20fd3ad
E069::kokrajhar,E069,2018-0295-IND,2018-08-07,Assam,Kokrajhar,25.3999,0.0076,3329.2233881813268,S1,observed,matched,70090.0,matched,observed,interim_s1_only,100.0,True,BOTH,3061.7037,0.0083,unavailable,,25.3999,S1,fs1-3016a20fd3ad
E069::lakhimpur,E069,2018-0295-IND,2018-08-07,Assam,Lakhimpur,37.5329,0.013,2886.5239581816727,S1,observed,matched,70091.0,matched,observed,interim_s1_only,100.0,False,BOTH,2563.3875,0.0146,unavailable,,37.5329,S1,fs1-3016a20fd3ad
E069::majuli,E069,2018-0295-IND,2018-08-07,Assam,Majuli,20.6902,0.0165,1250.5943287677335,S1,observed,matched,76128533B15157901669242,matched,observed,interim_s1_only,100.0,False,BOTH,895.4552,0.0231,unavailable,,20.6902,S1,fs1-3016a20fd3ad
E069::nagaon,E069,2018-0295-IND,2018-08-07,Assam,Nagaon,369.2784,0.0924,3997.4423095607103,S1,observed,matched,17589.0,matched,observed,interim_s1_only,100.0,False,BOTH,3099.3518,0.1191,unavailable,,369.2784,S1,fs1-3016a20fd3ad
E069::nalbari,E069,2018-0295-IND,2018-08-07,Assam,Nalbari,53.029,0.0227,2339.8796955273547,S1,observed,matched,17590.0,matched,observed,interim_s1_only,100.0,False,BOTH,2097.5834,0.0253,unavailable,,53.029,S1,fs1-3016a20fd3ad
E069::sivasagar,E069,2018-0295-IND,2018-08-07,Assam,Sivasagar,176.4907,0.1156,1526.651765771626,S1,observed,matched,76128533B21722277889516,matched,observed,interim_s1_only,100.0,False,BOTH,1387.3046,0.1272,unavailable,,176.4907,S1,fs1-3016a20fd3ad
E069::sonitpur,E069,2018-0295-IND,2018-08-07,Assam,Sonitpur,93.3314,0.02,4676.158375740257,S1,observed,matched,17593.0,matched,observed,interim_s1_only,100.0,False,BOTH,4081.5881,0.0229,unavailable,,93.3314,S1,fs1-3016a20fd3ad
E069::tinsukia,E069,2018-0295-IND,2018-08-07,Assam,Tinsukia,43.402,0.0114,3799.190193815676,S1,observed,matched,70093.0,matched,observed,interim_s1_only,100.0,False,BOTH,3303.9786,0.0131,unavailable,,43.402,S1,fs1-3016a20fd3ad
E069::udalguri,E069,2018-0295-IND,2018-08-07,Assam,Udalguri,16.6206,0.0081,2056.2913712488325,S1,observed,matched,76128533B20307518801538,matched,observed,interim_s1_only,100.0,True,BOTH,1902.4689,0.0087,unavailable,,16.6206,S1,fs1-3016a20fd3ad
E069::west%20karbi%20anglong,E069,2018-0295-IND,2018-08-07,Assam,West Karbi Anglong,11.7056,0.0038,3106.6868691946506,S1,observed,matched,76128533B57995625790051,matched,observed,interim_s1_only,100.0,True,BOTH,757.2,0.0155,unavailable,,11.7056,S1,fs1-3016a20fd3ad
E070::chamba,E070,2018-0295-IND,2018-08-07,Himachal Pradesh,Chamba,4.3487,0.0007,6056.411356305338,S1,observed,matched,17667.0,matched,observed,interim_s1_only,100.0,False,BOTH,59.2943,0.0733,unavailable,,4.3487,S1,fs1-3016a20fd3ad
E070::hamirpur,E070,2018-0295-IND,2018-08-07,Himachal Pradesh,Hamirpur,2.4256,0.0022,1122.326232597962,S1,observed,matched,17668.0,matched,observed,interim_s1_only,100.0,True,BOTH,265.4393,0.0091,unavailable,,2.4256,S1,fs1-3016a20fd3ad
E070::kangra,E070,2018-0295-IND,2018-08-07,Himachal Pradesh,Kangra,31.9369,0.0056,5710.452547791486,S1,observed,matched,17669.0,matched,observed,interim_s1_only,100.0,False,BOTH,1405.7597,0.0227,unavailable,,31.9369,S1,fs1-3016a20fd3ad
E070::kullu,E070,2018-0295-IND,2018-08-07,Himachal Pradesh,Kullu,12.5878,0.0023,5505.982355912866,S1,observed,matched,17671.0,matched,observed,interim_s1_only,100.0,False,BOTH,113.1084,0.1113,unavailable,,12.5878,S1,fs1-3016a20fd3ad
E070::mandi,E070,2018-0295-IND,2018-08-07,Himachal Pradesh,Mandi,6.6667,0.0017,3951.2717684747336,S1,observed,matched,17673.0,matched,observed,interim_s1_only,100.0,False,BOTH,180.7402,0.0369,unavailable,,6.6667,S1,fs1-3016a20fd3ad
E070::shimla,E070,2018-0295-IND,2018-08-07,Himachal Pradesh,Shimla,3.0219,0.0006,5136.6062379686,S1,observed,matched,17674.0,matched,observed,interim_s1_only,100.0,False,BOTH,39.2503,0.077,unavailable,,3.0219,S1,fs1-3016a20fd3ad
E071::alappuzha,E071,2018-0295-IND,2018-08-07,Kerala,Alappuzha,21.745,0.0165,1316.6907112011845,S1,observed,matched,70298.0,matched,observed,interim_s1_only,100.0,False,DESCENDING,1087.5384,0.02,unavailable,,21.745,S1,fs1-3016a20fd3ad
E071::chengannur,E071,2018-0295-IND,2018-08-07,Kerala,Chengannur,,,,NONE,failed_aoi,failed,,failed,missing,,,,,,,,,,NONE,
E071::ernakulam,E071,2018-0295-IND,2018-08-07,Kerala,Ernakulam,10.8711,0.0047,2305.474714394872,S1,observed,matched,17699.0,matched,observed,interim_s1_only,100.0,False,DESCENDING,1224.6103,0.0089,unavailable,,10.8711,S1,fs1-3016a20fd3ad
E071::idukki,E071,2018-0295-IND,2018-08-07,Kerala,Idukki,2.881,0.0006,5010.411036324633,S1,observed,matched,17700.0,matched,observed,interim_s1_only,100.0,True,DESCENDING,480.7175,0.006,unavailable,,2.881,S1,fs1-3016a20fd3ad
E071::kannur,E071,2018-0295-IND,2018-08-07,Kerala,Kannur,2.7456,0.001,2812.193678917521,S1,observed,matched,17698.0,matched,observed,interim_s1_only,100.0,True,DESCENDING,1003.4021,0.0027,unavailable,,2.7456,S1,fs1-3016a20fd3ad
E071::kasaragod,E071,2018-0295-IND,2018-08-07,Kerala,Kasaragod,3.1666,0.0016,1972.6636827859088,S1,observed,matched,17701.0,matched,observed,interim_s1_only,100.0,True,BOTH,703.4457,0.0045,unavailable,,3.1666,S1,fs1-3016a20fd3ad
E071::kollam,E071,2018-0295-IND,2018-08-07,Kerala,Kollam,2.3003,0.001,2363.0186325698423,S1,observed,matched,17707.0,matched,observed,interim_s1_only,100.0,True,DESCENDING,826.5589,0.0028,unavailable,,2.3003,S1,fs1-3016a20fd3ad
E071::kottayam,E071,2018-0295-IND,2018-08-07,Kerala,Kottayam,21.8169,0.0102,2143.385583622296,S1,observed,matched,17702.0,matched,observed,interim_s1_only,100.0,True,DESCENDING,887.901,0.0246,unavailable,,21.8169,S1,fs1-3016a20fd3ad
E071::kozhikode,E071,2018-0295-IND,2018-08-07,Kerala,Kozhikode,3.4364,0.0015,2285.6176079375005,S1,observed,matched,17703.0,matched,observed,interim_s1_only,100.0,True,DESCENDING,881.0315,0.0039,unavailable,,3.4364,S1,fs1-3016a20fd3ad
E071::malappuram,E071,2018-0295-IND,2018-08-07,Kerala,Malappuram,8.7843,0.0025,3517.427723973104,S1,observed,matched,17704.0,matched,observed,interim_s1_only,100.0,True,DESCENDING,1353.5315,0.0065,unavailable,,8.7843,S1,fs1-3016a20fd3ad
E071::palakkad,E071,2018-0295-IND,2018-08-07,Kerala,Palakkad,17.3189,0.0039,4489.876823790321,S1,observed,matched,17705.0,matched,observed,interim_s1_only,100.0,True,DESCENDING,1777.7514,0.0097,unavailable,,17.3189,S1,fs1-3016a20fd3ad
E071::pathanamthitta,E071,2018-0295-IND,2018-08-07,Kerala,Pathanamthitta,2.5457,0.001,2663.6118314901764,S1,observed,matched,76128533B29330052395581,matched,observed,interim_s1_only,100.0,True,DESCENDING,492.0105,0.0052,unavailable,,2.5457,S1,fs1-3016a20fd3ad
E071::thiruvananthapuram,E071,2018-0295-IND,2018-08-07,Kerala,Thiruvananthapuram,0.9487,0.0005,2047.560453755721,S1,observed,matched,17709.0,matched,observed,interim_s1_only,100.0,True,DESCENDING,719.775,0.0013,unavailable,,0.9487,S1,fs1-3016a20fd3ad
E071::thrissur,E071,2018-0295-IND,2018-08-07,Kerala,Thrissur,21.1049,0.0071,2961.767200211148,S1,observed,matched,17708.0,matched,observed,interim_s1_only,100.0,True,DESCENDING,1501.3132,0.0141,unavailable,,21.1049,S1,fs1-3016a20fd3ad
E071::wayanad,E071,2018-0295-IND,2018-08-07,Kerala,Wayanad,13.9534,0.0065,2130.300649398313,S1,observed,matched,17710.0,matched,observed,interim_s1_only,100.0,True,DESCENDING,520.2411,0.0268,unavailable,,13.9534,S1,fs1-3016a20fd3ad
E073::dimapur,E073,2018-0295-IND,2018-08-07,Nagaland,Dimapur,3.6726,0.0042,868.5075566110293,S1,observed,matched,70205.0,matched,observed,interim_s1_only,100.0,True,BOTH,393.3048,0.0093,unavailable,,3.6726,S1,fs1-3016a20fd3ad
E073::kiphire,E073,2018-0295-IND,2018-08-07,Nagaland,Kiphire,0.1988,0.0002,1146.2673390398877,S1,observed,matched,76128533B49100243723360,matched,observed,interim_s1_only,100.0,True,BOTH,9.2875,0.0214,unavailable,,0.1988,S1,fs1-3016a20fd3ad
E073::kohima,E073,2018-0295-IND,2018-08-07,Nagaland,Kohima,1.1592,0.0004,3000.116257660175,S1,observed,matched,17801.0,matched,observed,interim_s1_only,100.0,True,BOTH,227.1574,0.0051,unavailable,,1.1592,S1,fs1-3016a20fd3ad
E073::longleng,E073,2018-0295-IND,2018-08-07,Nagaland,Longleng,0.3831,0.0008,510.4500440909514,S1,observed,matched,76128533B66411945144923,matched,observed,interim_s1_only,100.0,True,BOTH,26.346,0.0145,unavailable,,0.3831,S1,fs1-3016a20fd3ad
E073::mokokchung,E073,2018-0295-IND,2018-08-07,Nagaland,Mokokchung,0.6825,0.0004,1608.6120137611415,S1,observed,matched,17802.0,matched,observed,interim_s1_only,100.0,True,BOTH,120.5788,0.0057,unavailable,,0.6825,S1,fs1-3016a20fd3ad
E073::mon,E073,2018-0295-IND,2018-08-07,Nagaland,Mon,1.001,0.0005,2130.495255244007,S1,observed,matched,17803.0,matched,observed,interim_s1_only,100.0,True,BOTH,238.4421,0.0042,unavailable,,1.001,S1,fs1-3016a20fd3ad
E073::peren,E073,2018-0295-IND,2018-08-07,Nagaland,Peren,0.9479,0.0005,1794.7346034717525,S1,observed,matched,76128533B2970909480221,matched,observed,interim_s1_only,100.0,True,BOTH,228.3229,0.0042,unavailable,,0.9479,S1,fs1-3016a20fd3ad
E073::phek,E073,2018-0295-IND,2018-08-07,Nagaland,Phek,0.5878,0.0003,1906.428763538232,S1,observed,matched,17804.0,matched,observed,interim_s1_only,100.0,True,BOTH,24.7527,0.0237,unavailable,,0.5878,S1,fs1-3016a20fd3ad
E073::tuensang,E073,2018-0295-IND,2018-08-07,Nagaland,Tuensang,0.8405,0.0002,3789.750062415454,S1,observed,matched,17805.0,matched,observed,interim_s1_only,100.0,True,BOTH,60.0488,0.014,unavailable,,0.8405,S1,fs1-3016a20fd3ad
E073::wokha,E073,2018-0295-IND,2018-08-07,Nagaland,Wokha,1.2354,0.0008,1629.4709240929494,S1,observed,matched,17806.0,matched,observed,interim_s1_only,100.0,True,BOTH,142.3542,0.0087,unavailable,,1.2354,S1,fs1-3016a20fd3ad
E073::zunheboto,E073,2018-0295-IND,2018-08-07,Nagaland,Zunheboto,0.2386,0.0002,1576.6578363056528,S1,observed,matched,17807.0,matched,observed,interim_s1_only,100.0,True,BOTH,23.6048,0.0101,unavailable,,0.2386,S1,fs1-3016a20fd3ad
E075::ambedkar%20nagar,E075,2018-0295-IND,2018-08-07,Uttar Pradesh,Ambedkar Nagar,61.7076,0.0265,2328.994244483866,S1,observed,matched,70257.0,matched,observed,interim_s1_only,100.0,False,BOTH,2207.7781,0.028,unavailable,,61.7076,S1,fs1-3016a20fd3ad
E075::ayodhya,E075,2018-0295-IND,2018-08-07,Uttar Pradesh,Ayodhya,57.8342,0.0216,2675.800154387558,S1,observed,matched,76128533B60320291189162,matched,observed,interim_s1_only,100.0,False,BOTH,2541.1827,0.0228,unavailable,,57.8342,S1,fs1-3016a20fd3ad
E075::bahraich,E075,2018-0295-IND,2018-08-07,Uttar Pradesh,Bahraich,217.5024,0.0587,3705.0099637131552,S1,observed,matched,17893.0,matched,observed,interim_s1_only,100.0,False,BOTH,3485.1487,0.0624,unavailable,,217.5024,S1,fs1-3016a20fd3ad
E075::barabanki,E075,2018-0295-IND,2018-08-07,Uttar Pradesh,Barabanki,160.9096,0.0362,4440.0005417469865,S1,observed,matched,17896.0,matched,observed,interim_s1_only,100.0,False,BOTH,4261.6796,0.0378,unavailable,,160.9096,S1,fs1-3016a20fd3ad
E075::basti,E075,2018-0295-IND,2018-08-07,Uttar Pradesh,Basti,99.0292,0.0393,2522.0744554746907,S1,observed,matched,17898.0,matched,observed,interim_s1_only,100.0,False,BOTH,2385.2448,0.0415,unavailable,,99.0292,S1,fs1-3016a20fd3ad
E075::bijnor,E075,2018-0295-IND,2018-08-07,Uttar Pradesh,Bijnor,33.2417,0.0077,4319.741895171613,S1,observed,matched,17899.0,matched,observed,interim_s1_only,100.0,True,BOTH,4207.6321,0.0079,unavailable,,33.2417,S1,fs1-3016a20fd3ad
E075::farrukhabad,E075,2018-0295-IND,2018-08-07,Uttar Pradesh,Farrukhabad,98.2086,0.0449,2188.008861953001,S1,observed,matched,17908.0,matched,observed,interim_s1_only,100.0,False,BOTH,2144.1619,0.0458,unavailable,,98.2086,S1,fs1-3016a20fd3ad
E075::gonda,E075,2018-0295-IND,2018-08-07,Uttar Pradesh,Gonda,124.541,0.031,4014.846082655345,S1,observed,matched,17913.0,matched,observed,interim_s1_only,100.0,False,BOTH,3851.7976,0.0323,unavailable,,124.541,S1,fs1-3016a20fd3ad
E075::kanpur%20dehat,E075,2018-0295-IND,2018-08-07,Uttar Pradesh,Kanpur Dehat,283.6365,0.0562,5042.756979466441,S1,observed,matched,70269.0,matched,observed,interim_s1_only,100.0,False,BOTH,4839.6776,0.0586,unavailable,,283.6365,S1,fs1-3016a20fd3ad
E075::kanpur%20nagar,E075,2018-0295-IND,2018-08-07,Uttar Pradesh,Kanpur Nagar,164.6436,0.0567,2904.729879575871,S1,observed,matched,76128533B23710487943819,matched,observed,interim_s1_only,100.0,False,BOTH,2803.3297,0.0587,unavailable,,164.6436,S1,fs1-3016a20fd3ad
E075::kushinagar,E075,2018-0295-IND,2018-08-07,Uttar Pradesh,Kushinagar,139.1734,0.0481,2893.16087554316,S1,observed,matched,70271.0,matched,observed,interim_s1_only,100.0,False,BOTH,2844.4186,0.0489,unavailable,,139.1734,S1,fs1-3016a20fd3ad
E075::lakhimpur%20kheri,E075,2018-0295-IND,2018-08-07,Uttar Pradesh,Lakhimpur Kheri,167.946,0.0218,7708.742992388735,S1,observed,matched,17921.0,matched,observed,interim_s1_only,100.0,False,BOTH,7230.8731,0.0232,unavailable,,167.946,S1,fs1-3016a20fd3ad
E075::mau,E075,2018-0295-IND,2018-08-07,Uttar Pradesh,Mau,134.728,0.0651,2070.491760227604,S1,observed,matched,70274.0,matched,observed,interim_s1_only,100.0,False,BOTH,1950.1749,0.0691,unavailable,,134.728,S1,fs1-3016a20fd3ad
E075::pilibhit,E075,2018-0295-IND,2018-08-07,Uttar Pradesh,Pilibhit,103.4214,0.0288,3594.1579683602813,S1,observed,matched,17931.0,matched,observed,interim_s1_only,100.0,False,BOTH,3379.1475,0.0306,unavailable,,103.4214,S1,fs1-3016a20fd3ad
E075::sant%20kabir%20nagar,E075,2018-0295-IND,2018-08-07,Uttar Pradesh,Sant Kabir Nagar,85.1206,0.064,1329.179989070325,S1,observed,matched,70275.0,matched,observed,interim_s1_only,100.0,False,BOTH,1268.8107,0.0671,unavailable,,85.1206,S1,fs1-3016a20fd3ad
E075::siddharthnagar,E075,2018-0295-IND,2018-08-07,Uttar Pradesh,Siddharthnagar,326.0047,0.0933,3492.6137371813147,S1,observed,matched,70278.0,matched,observed,interim_s1_only,100.0,False,BOTH,3290.957,0.0991,unavailable,,326.0047,S1,fs1-3016a20fd3ad
E075::sitapur,E075,2018-0295-IND,2018-08-07,Uttar Pradesh,Sitapur,63.7929,0.011,5789.793396469067,S1,observed,matched,17938.0,matched,observed,interim_s1_only,100.0,True,BOTH,5411.2124,0.0118,unavailable,,63.7929,S1,fs1-3016a20fd3ad
E076::alipurduar,E076,2018-0295-IND,2018-08-07,West Bengal,Alipurduar,21.9462,0.0078,2805.571892812845,S1,observed,matched,76128533B23858286755005,matched,observed,interim_s1_only,100.0,True,BOTH,2397.164,0.0092,unavailable,,21.9462,S1,fs1-3016a20fd3ad
E076::bankura,E076,2018-0295-IND,2018-08-07,West Bengal,Bankura,270.3386,0.0387,6981.566770524623,S1,observed,matched,17945.0,matched,observed,interim_s1_only,100.0,True,BOTH,6480.2521,0.0417,unavailable,,270.3386,S1,fs1-3016a20fd3ad
E076::birbhum,E076,2018-0295-IND,2018-08-07,West Bengal,Birbhum,410.9675,0.09,4566.040490140597,S1,observed,matched,17947.0,matched,observed,interim_s1_only,100.0,True,BOTH,4350.6007,0.0945,unavailable,,410.9675,S1,fs1-3016a20fd3ad
E076::cooch%20behar,E076,2018-0295-IND,2018-08-07,West Bengal,Cooch Behar,55.5158,0.0169,3288.1312386454174,S1,observed,matched,76128533B64156747739715,matched,observed,interim_s1_only,100.0,False,BOTH,3131.2864,0.0177,unavailable,,55.5158,S1,fs1-3016a20fd3ad
E076::dakshin%20dinajpur,E076,2018-0295-IND,2018-08-07,West Bengal,Dakshin Dinajpur,47.9969,0.0228,2107.683120443892,S1,observed,matched,70290.0,matched,observed,interim_s1_only,100.0,True,BOTH,1989.8222,0.0241,unavailable,,47.9969,S1,fs1-3016a20fd3ad
E076::darjeeling,E076,2018-0295-IND,2018-08-07,West Bengal,Darjeeling,2.9133,0.0014,2082.4452472301264,S1,observed,matched,76128533B17109302371020,matched,observed,interim_s1_only,100.0,True,ASCENDING,826.6807,0.0035,unavailable,,2.9133,S1,fs1-3016a20fd3ad
E076::east%20medinipur,E076,2018-0295-IND,2018-08-07,West Bengal,East Medinipur,747.35,0.1777,4206.535570897585,S1,observed,matched,76128533B25373378863054,matched,observed,interim_s1_only,100.0,False,BOTH,3810.954,0.1961,unavailable,,747.35,S1,fs1-3016a20fd3ad
E076::hooghly,E076,2018-0295-IND,2018-08-07,West Bengal,Hooghly,262.0166,0.0831,3153.550053477295,S1,observed,matched,76128533B81857725777974,matched,observed,interim_s1_only,100.0,True,ASCENDING,2927.0037,0.0895,unavailable,,262.0166,S1,fs1-3016a20fd3ad
E076::howrah,E076,2018-0295-IND,2018-08-07,West Bengal,Howrah,50.3321,0.0347,1451.5753227599494,S1,observed,matched,76128533B22077262393417,matched,observed,interim_s1_only,100.0,True,BOTH,1320.4393,0.0381,unavailable,,50.3321,S1,fs1-3016a20fd3ad
E076::jalpaiguri,E076,2018-0295-IND,2018-08-07,West Bengal,Jalpaiguri,64.8934,0.0105,6200.341009430311,S1,observed,matched,17951.0,matched,observed,interim_s1_only,100.0,True,BOTH,5492.7966,0.0118,unavailable,,64.8934,S1,fs1-3016a20fd3ad
E076::jhargram,E076,2018-0295-IND,2018-08-07,West Bengal,Jhargram,206.3252,0.0666,3096.557448032797,S1,observed,matched,76128533B24861976740713,matched,observed,interim_s1_only,100.0,True,BOTH,2836.6669,0.0727,unavailable,,206.3252,S1,fs1-3016a20fd3ad
E076::kalimpong,E076,2018-0295-IND,2018-08-07,West Bengal,Kalimpong,0.2175,0.0002,1110.133398229132,S1,observed,matched,76128533B78458325839103,matched,observed,interim_s1_only,100.0,True,ASCENDING,73.9352,0.0029,unavailable,,0.2175,S1,fs1-3016a20fd3ad
E076::kolkata,E076,2018-0295-IND,2018-08-07,West Bengal,Kolkata,0.0949,0.001,91.84529866788924,S1,observed,matched,70292.0,matched,observed,interim_s1_only,100.0,True,ASCENDING,78.8807,0.0012,unavailable,,0.0949,S1,fs1-3016a20fd3ad
E076::murshidabad,E076,2018-0295-IND,2018-08-07,West Bengal,Murshidabad,277.4003,0.0507,5473.753950605631,S1,observed,matched,17955.0,matched,observed,interim_s1_only,100.0,True,ASCENDING,5136.0442,0.054,unavailable,,277.4003,S1,fs1-3016a20fd3ad
E076::nadia,E076,2018-0295-IND,2018-08-07,West Bengal,Nadia,106.7925,0.0267,3995.2318634205153,S1,observed,matched,17956.0,matched,observed,interim_s1_only,100.0,True,BOTH,3646.9459,0.0293,unavailable,,106.7925,S1,fs1-3016a20fd3ad
E076::north%2024%20parganas,E076,2018-0295-IND,2018-08-07,West Bengal,North 24 Parganas,348.5401,0.058,6006.604976683008,S1,observed,matched,70293.0,matched,observed,interim_s1_only,100.0,False,BOTH,5030.4328,0.0693,unavailable,,348.5401,S1,fs1-3016a20fd3ad
E076::paschim%20bardhaman,E076,2018-0295-IND,2018-08-07,West Bengal,Paschim Bardhaman,34.3035,0.0209,1638.342752616778,S1,observed,matched,76128533B60845263086042,matched,observed,interim_s1_only,100.0,True,BOTH,1491.1966,0.023,unavailable,,34.3035,S1,fs1-3016a20fd3ad
E076::purba%20bardhaman,E076,2018-0295-IND,2018-08-07,West Bengal,Purba Bardhaman,549.3415,0.1018,5396.808202076832,S1,observed,matched,76128533B59121537940607,matched,observed,interim_s1_only,100.0,True,ASCENDING,5222.3159,0.1052,unavailable,,549.3415,S1,fs1-3016a20fd3ad
E076::purulia,E076,2018-0295-IND,2018-08-07,West Bengal,Purulia,85.7356,0.0137,6255.530346174724,S1,observed,matched,76128533B16811573188243,matched,observed,interim_s1_only,100.0,True,BOTH,5092.3092,0.0168,unavailable,,85.7356,S1,fs1-3016a20fd3ad
E076::south%2024%20parganas,E076,2018-0295-IND,2018-08-07,West Bengal,South 24 Parganas,688.9654,0.1252,5503.307786632012,S1,observed,matched,70294.0,matched,observed,interim_s1_only,100.0,False,BOTH,4761.6074,0.1447,unavailable,,688.9654,S1,fs1-3016a20fd3ad
E076::uttar%20dinajpur,E076,2018-0295-IND,2018-08-07,West Bengal,Uttar Dinajpur,65.4326,0.0195,3356.268468886421,S1,observed,matched,70295.0,matched,observed,interim_s1_only,100.0,True,ASCENDING,3168.8271,0.0206,unavailable,,65.4326,S1,fs1-3016a20fd3ad
E076::west%20medinipur,E076,2018-0295-IND,2018-08-07,West Bengal,West Medinipur,1782.5446,0.2836,6284.990303074793,S1,observed,matched,76128533B88812350838807,matched,observed,interim_s1_only,100.0,False,BOTH,6123.409,0.2911,unavailable,,1782.5446,S1,fs1-3016a20fd3ad
E077::ambedkar%20nagar,E077,2018-0370-IND,2018-09-01,Uttar Pradesh,Ambedkar Nagar,23.5177,0.0101,2328.994244483866,S1,observed,matched,70257.0,matched,observed,interim_s1_only,100.0,False,BOTH,2207.7781,0.0107,unavailable,,23.5177,S1,fs1-3016a20fd3ad
E077::amethi,E077,2018-0370-IND,2018-09-01,Uttar Pradesh,Amethi,15.257,0.0058,2625.508237461462,S1,observed,matched,76128533B13908294104682,matched,observed,interim_s1_only,100.0,True,BOTH,2355.7253,0.0065,unavailable,,15.257,S1,fs1-3016a20fd3ad
E077::ayodhya,E077,2018-0370-IND,2018-09-01,Uttar Pradesh,Ayodhya,15.9523,0.006,2675.800154387558,S1,observed,matched,76128533B60320291189162,matched,observed,interim_s1_only,100.0,False,BOTH,2541.1827,0.0063,unavailable,,15.9523,S1,fs1-3016a20fd3ad
E077::azamgarh,E077,2018-0370-IND,2018-09-01,Uttar Pradesh,Azamgarh,89.1707,0.0228,3904.0182560646062,S1,observed,matched,17892.0,matched,observed,interim_s1_only,100.0,False,BOTH,3838.1089,0.0232,unavailable,,89.1707,S1,fs1-3016a20fd3ad
E077::bahraich,E077,2018-0370-IND,2018-09-01,Uttar Pradesh,Bahraich,53.8204,0.0145,3705.0099637131552,S1,observed,matched,17893.0,matched,observed,interim_s1_only,100.0,False,BOTH,3485.1487,0.0154,unavailable,,53.8204,S1,fs1-3016a20fd3ad
E077::ballia,E077,2018-0370-IND,2018-09-01,Uttar Pradesh,Ballia,204.5935,0.0679,3013.8054759791835,S1,observed,matched,17894.0,matched,observed,interim_s1_only,100.0,False,BOTH,2760.4153,0.0741,unavailable,,204.5935,S1,fs1-3016a20fd3ad
E077::balrampur,E077,2018-0370-IND,2018-09-01,Uttar Pradesh,Balrampur,20.8682,0.0062,3379.881475532829,S1,observed,matched,70261.0,matched,observed,interim_s1_only,100.0,True,BOTH,3049.8684,0.0068,unavailable,,20.8682,S1,fs1-3016a20fd3ad
E077::barabanki,E077,2018-0370-IND,2018-09-01,Uttar Pradesh,Barabanki,83.5166,0.0188,4440.0005417469865,S1,observed,matched,17896.0,matched,observed,interim_s1_only,100.0,False,BOTH,4261.6796,0.0196,unavailable,,83.5166,S1,fs1-3016a20fd3ad
E077::basti,E077,2018-0370-IND,2018-09-01,Uttar Pradesh,Basti,39.0263,0.0155,2522.0744554746907,S1,observed,matched,17898.0,matched,observed,interim_s1_only,100.0,False,BOTH,2385.2448,0.0164,unavailable,,39.0263,S1,fs1-3016a20fd3ad
E077::bijnor,E077,2018-0370-IND,2018-09-01,Uttar Pradesh,Bijnor,22.9875,0.0053,4319.741895171613,S1,observed,matched,17899.0,matched,observed,interim_s1_only,11.0,True,BOTH,4207.6321,0.0055,unavailable,,22.9875,S1,fs1-3016a20fd3ad
E077::budaun,E077,2018-0370-IND,2018-09-01,Uttar Pradesh,Budaun,77.6744,0.0183,4242.298807636645,S1,observed,matched,76128533B84679668760735,matched,observed,interim_s1_only,19.0,False,BOTH,4128.2792,0.0188,unavailable,,77.6744,S1,fs1-3016a20fd3ad
E077::chandauli,E077,2018-0370-IND,2018-09-01,Uttar Pradesh,Chandauli,67.2836,0.0265,2540.7391966848068,S1,observed,matched,70262.0,matched,observed,interim_s1_only,100.0,False,BOTH,2234.5406,0.0301,unavailable,,67.2836,S1,fs1-3016a20fd3ad
E077::farrukhabad,E077,2018-0370-IND,2018-09-01,Uttar Pradesh,Farrukhabad,130.8046,0.0598,2188.008861953001,S1,observed,matched,17908.0,matched,observed,interim_s1_only,0.7,False,BOTH,2144.1619,0.061,unavailable,,130.8046,S1,fs1-3016a20fd3ad
E077::gonda,E077,2018-0370-IND,2018-09-01,Uttar Pradesh,Gonda,39.8718,0.0099,4014.846082655345,S1,observed,matched,17913.0,matched,observed,interim_s1_only,100.0,False,BOTH,3851.7976,0.0104,unavailable,,39.8718,S1,fs1-3016a20fd3ad
E077::hardoi,E077,2018-0370-IND,2018-09-01,Uttar Pradesh,Hardoi,192.4265,0.032,6020.112448537428,S1,observed,matched,17916.0,matched,observed,interim_s1_only,51.5,False,BOTH,5664.0933,0.034,unavailable,,192.4265,S1,fs1-3016a20fd3ad
E077::kannauj,E077,2018-0370-IND,2018-09-01,Uttar Pradesh,Kannauj,83.6179,0.0402,2078.0905279653666,S1,observed,matched,70268.0,matched,observed,interim_s1_only,1.5,False,BOTH,2015.5466,0.0415,unavailable,,83.6179,S1,fs1-3016a20fd3ad
E077::kanpur%20dehat,E077,2018-0370-IND,2018-09-01,Uttar Pradesh,Kanpur Dehat,144.7479,0.0287,5042.756979466441,S1,observed,matched,70269.0,matched,observed,interim_s1_only,7.0,False,BOTH,4839.6776,0.0299,unavailable,,144.7479,S1,fs1-3016a20fd3ad
E077::kanpur%20nagar,E077,2018-0370-IND,2018-09-01,Uttar Pradesh,Kanpur Nagar,52.6394,0.0181,2904.729879575877,S1,observed,matched,76128533B23710487943819,matched,observed,interim_s1_only,17.7,False,BOTH,2803.3297,0.0188,unavailable,,52.6394,S1,fs1-3016a20fd3ad
E077::kasganj,E077,2018-0370-IND,2018-09-01,Uttar Pradesh,Kasganj,62.678,0.031,2019.3990921936088,S1,observed,matched,76128533B7643504807381,matched,observed,interim_s1_only,0.0,False,BOTH,1960.3782,0.032,unavailable,,62.678,S1,fs1-3016a20fd3ad
E077::kushinagar,E077,2018-0370-IND,2018-09-01,Uttar Pradesh,Kushinagar,38.1341,0.0132,2893.16087554316,S1,observed,matched,70271.0,matched,observed,interim_s1_only,100.0,False,BOTH,2844.4186,0.0134,unavailable,,38.1341,S1,fs1-3016a20fd3ad
E077::lakhimpur%20kheri,E077,2018-0370-IND,2018-09-01,Uttar Pradesh,Lakhimpur Kheri,172.932,0.0224,7708.742992388735,S1,observed,matched,17921.0,matched,observed,interim_s1_only,98.9,False,BOTH,7230.8731,0.0239,unavailable,,172.932,S1,fs1-3016a20fd3ad
E077::mau,E077,2018-0370-IND,2018-09-01,Uttar Pradesh,Mau,33.4554,0.0162,2070.491760227604,S1,observed,matched,70274.0,matched,observed,interim_s1_only,100.0,False,BOTH,1950.1749,0.0172,unavailable,,33.4554,S1,fs1-3016a20fd3ad
E077::moradabad,E077,2018-0370-IND,2018-09-01,Uttar Pradesh,Moradabad,14.9587,0.0044,3381.0455742757763,S1,observed,matched,17928.0,matched,observed,interim_s1_only,0.3,True,BOTH,3302.53,0.0045,unavailable,,14.9587,S1,fs1-3016a20fd3ad
E077::pilibhit,E077,2018-0370-IND,2018-09-01,Uttar Pradesh,Pilibhit,517.5724,0.144,3594.1579683602813,S1,observed,matched,17931.0,matched,observed,interim_s1_only,100.0,False,BOTH,3379.1475,0.1532,unavailable,,517.5724,S1,fs1-3016a20fd3ad
E077::sant%20kabir%20nagar,E077,2018-0370-IND,2018-09-01,Uttar Pradesh,Sant Kabir Nagar,17.4387,0.0131,1329.179989070325,S1,observed,matched,70275.0,matched,observed,interim_s1_only,100.0,False,BOTH,1268.8107,0.0137,unavailable,,17.4387,S1,fs1-3016a20fd3ad
E077::siddharthnagar,E077,2018-0370-IND,2018-09-01,Uttar Pradesh,Siddharthnagar,31.4464,0.009,3492.6137371813147,S1,observed,matched,70278.0,matched,observed,interim_s1_only,100.0,True,BOTH,3290.957,0.0096,unavailable,,31.4464,S1,fs1-3016a20fd3ad
E077::sitapur,E077,2018-0370-IND,2018-09-01,Uttar Pradesh,Sitapur,61.727,0.0107,5789.793396469067,S1,observed,matched,17938.0,matched,observed,interim_s1_only,100.0,False,BOTH,5411.2124,0.0114,unavailable,,61.727,S1,fs1-3016a20fd3ad
E077::unnao,E077,2018-0370-IND,2018-09-01,Uttar Pradesh,Unnao,232.7259,0.0505,4606.848065112721,S1,observed,matched,17941.0,matched,observed,interim_s1_only,62.6,False,BOTH,4416.467,0.0527,unavailable,,232.7259,S1,fs1-3016a20fd3ad
E079::amritsar,E079,2018-0372-IND,2018-09-23,Punjab,Amritsar,80.0252,0.0165,4850.355487392105,S1,observed,matched,17821.0,matched,observed,interim_s1_only,0.5,True,BOTH,3987.6435,0.0201,unavailable,,80.0252,S1,fs1-3016a20fd3ad
E079::faridkot,E079,2018-0372-IND,2018-09-23,Punjab,Faridkot,37.4184,0.0258,1449.1523634868656,S1,observed,matched,70230.0,matched,observed,interim_s1_only,0.3,True,BOTH,1292.5969,0.0289,ok,,0.013,NDWI,fs1-3016a20fd3ad
E079::fazilka,E079,2018-0372-IND,2018-09-23,Punjab,Fazilka,135.0405,0.0414,3260.9663717370954,S1,observed,matched,76128533B7291413308870,matched,observed,interim_s1_only,0.7,True,BOTH,3125.647,0.0432,ok,,1.1515,NDWI,fs1-3016a20fd3ad
E079::ferozepur,E079,2018-0372-IND,2018-09-23,Punjab,Ferozepur,364.4843,0.1783,2043.7012138180369,S1,observed,matched,76128533B421757708753,matched,observed,interim_s1_only,0.0,False,BOTH,1688.1593,0.2159,unavailable,,364.4843,S1,fs1-3016a20fd3ad
E079::hoshiarpur,E079,2018-0372-IND,2018-09-23,Punjab,Hoshiarpur,49.0916,0.0146,3362.8966396342144,S1,observed,matched,17827.0,matched,observed,interim_s1_only,1.6,True,BOTH,2845.513,0.0173,ok,,0.2906,NDWI,fs1-3016a20fd3ad
E079::jalandhar,E079,2018-0372-IND,2018-09-23,Punjab,Jalandhar,82.3202,0.0316,2605.0531477191817,S1,observed,matched,17828.0,matched,observed,interim_s1_only,0.0,True,BOTH,2536.5667,0.0325,unavailable,,82.3202,S1,fs1-3016a20fd3ad
E079::ludhiana,E079,2018-0372-IND,2018-09-23,Punjab,Ludhiana,140.1782,0.0392,3573.10781793918,S1,observed,matched,17830.0,matched,observed,interim_s1_only,0.0,True,BOTH,3203.7682,0.0438,ok,,4.1513,NDWI,fs1-3016a20fd3ad
E079::moga,E079,2018-0372-IND,2018-09-23,Punjab,Moga,410.7847,0.1782,2304.7121791107,S1,observed,matched,70233.0,matched,observed,interim_s1_only,0.0,False,BOTH,2258.8489,0.1819,ok,,0.5363,NDWI,fs1-3016a20fd3ad
E079::muktsar,E079,2018-0372-IND,2018-09-23,Punjab,Muktsar,91.9764,0.0354,2601.679753255548,S1,observed,matched,70234.0,matched,observed,interim_s1_only,0.4,True,BOTH,2525.1892,0.0364,unavailable,,91.9764,S1,fs1-3016a20fd3ad
E079::pathankot,E079,2018-0372-IND,2018-09-23,Punjab,Pathankot,12.7821,0.0128,999.949013574026,S1,observed,matched,76128533B19630094725383,matched,observed,interim_s1_only,17.4,False,BOTH,751.4754,0.017,unavailable,,12.7821,S1,fs1-3016a20fd3ad
E079::tarn%20taran,E079,2018-0372-IND,2018-09-23,Punjab,Tarn Taran,59.2829,0.0244,2426.872858514094,S1,observed,matched,76128533B54652028494758,matched,observed,interim_s1_only,0.0,True,BOTH,2111.1429,0.0281,unavailable,,59.2829,S1,fs1-3016a20fd3ad
E080::mumbai%20city,E080,2019-0288-IND,2019-06-28,Maharashtra,Mumbai City,0.2441,0.0032,77.22400864672608,S1,observed,matched,70184.0,matched,observed,interim_s1_only,100.0,True,DESCENDING,58.1333,0.0042,unavailable,,0.2441,S1,fs1-3016a20fd3ad
E080::pune,E080,2019-0288-IND,2019-06-28,Maharashtra,Pune,5.9231,0.0004,15649.899791716924,S1,observed,matched,17776.0,matched,observed,interim_s1_only,89.4,True,DESCENDING,10303.2933,0.0006,ok,,5.9231,S1,fs1-3016a20fd3ad
E080::ratnagiri,E080,2019-0288-IND,2019-06-28,Maharashtra,Ratnagiri,2.7466,0.0003,8501.126377449938,S1,observed,matched,17778.0,matched,observed,interim_s1_only,88.2,True,DESCENDING,2431.7672,0.0011,ok,,2.7466,S1,fs1-3016a20fd3ad
E081::baksa,E081,2019-0331-IND,2019-07-14,Assam,Baksa,418.5559,0.1745,2398.6209171216783,S1,observed,matched,76128533B8221925175605,matched,observed,interim_s1_only,32.0,False,BOTH,2223.2273,0.1883,ok,,47.8479,NDWI,fs1-3016a20fd3ad
E081::barpeta,E081,2019-0331-IND,2019-07-14,Assam,Barpeta,655.1889,0.2014,3253.622989828742,S1,observed,matched,17576.0,matched,observed,interim_s1_only,74.1,False,BOTH,2781.8165,0.2355,ok,,655.1889,S1,fs1-3016a20fd3ad
E081::biswanath,E081,2019-0331-IND,2019-07-14,Assam,Biswanath,131.2528,0.0731,1795.9804068304836,S1,observed,matched,76128533B40714385808093,matched,observed,interim_s1_only,100.0,False,BOTH,1560.1555,0.0841,unavailable,,131.2528,S1,fs1-3016a20fd3ad
E081::bongaigaon,E081,2019-0331-IND,2019-07-14,Assam,Bongaigaon,251.4619,0.1078,2332.582799042809,S1,observed,matched,70086.0,matched,observed,interim_s1_only,99.2,False,BOTH,1849.5033,0.136,ok,,251.4619,S1,fs1-3016a20fd3ad
E081::cachar,E081,2019-0331-IND,2019-07-14,Assam,Cachar,336.5385,0.0884,3806.329961738336,S1,observed,matched,17577.0,matched,observed,interim_s1_only,100.0,False,BOTH,1742.352,0.1932,unavailable,,336.5385,S1,fs1-3016a20fd3ad
E081::charaideo,E081,2019-0331-IND,2019-07-14,Assam,Charaideo,61.3481,0.0583,1051.5010239181354,S1,observed,matched,76128533B89228414823983,matched,observed,interim_s1_only,94.8,True,BOTH,956.9246,0.0641,ok,,61.3481,S1,fs1-3016a20fd3ad
E081::chirang,E081,2019-0331-IND,2019-07-14,Assam,Chirang,93.1555,0.0587,1586.6528982343073,S1,observed,matched,76128533B56012535339305,matched,observed,interim_s1_only,93.1,True,BOTH,1479.252,0.063,ok,,93.1555,S1,fs1-3016a20fd3ad
E081::darrang,E081,2019-0331-IND,2019-07-14,Assam,Darrang,382.0176,0.1115,3426.9679336953163,S1,observed,matched,17578.0,matched,observed,interim_s1_only,39.9,False,BOTH,3074.5271,0.1243,ok,,55.5689,SITS_NDWI,fs1-3016a20fd3ad
E081::dhemaji,E081,2019-0331-IND,2019-07-14,Assam,Dhemaji,423.2511,0.1691,2503.3476339074205,S1,observed,matched,70087.0,matched,observed,interim_s1_only,100.0,False,BOTH,2240.4877,0.1889,unavailable,,423.2511,S1,fs1-3016a20fd3ad
E081::dhubri,E081,2019-0331-IND,2019-07-14,Assam,Dhubri,415.5466,0.2321,1790.2800774622651,S1,observed,matched,76128533B25835998628545,matched,observed,interim_s1_only,94.4,False,BOTH,1545.8668,0.2688,ok,,415.5466,S1,fs1-3016a20fd3ad
E081::dibrugarh,E081,2019-0331-IND,2019-07-14,Assam,Dibrugarh,349.2091,0.1028,3397.4818067287138,S1,observed,matched,17580.0,matched,observed,interim_s1_only,100.0,False,BOTH,2887.5515,0.1209,unavailable,,349.2091,S1,fs1-3016a20fd3ad
E081::goalpara,E081,2019-0331-IND,2019-07-14,Assam,Goalpara,243.6011,0.1279,1904.60564716237,S1,observed,matched,17581.0,matched,observed,interim_s1_only,75.8,False,BOTH,1408.4225,0.173,ok,,243.6011,S1,fs1-3016a20fd3ad
E081::golaghat,E081,2019-0331-IND,2019-07-14,Assam,Golaghat,160.7601,0.0455,3532.2679838886856,S1,observed,matched,17582.0,matched,observed,interim_s1_only,100.0,False,BOTH,3111.5422,0.0517,unavailable,,160.7601,S1,fs1-3016a20fd3ad
E081::hailakandi,E081,2019-0331-IND,2019-07-14,Assam,Hailakandi,114.3158,0.0855,1336.4605858584375,S1,observed,matched,70088.0,matched,observed,interim_s1_only,100.0,False,BOTH,629.4125,0.1816,unavailable,,114.3158,S1,fs1-3016a20fd3ad
E081::hojai,E081,2019-0331-IND,2019-07-14,Assam,Hojai,264.9065,0.1819,1456.4677644954024,S1,observed,matched,76128533B70315194619807,matched,observed,interim_s1_only,95.1,False,BOTH,989.2694,0.2678,ok,,264.9065,S1,fs1-3016a20fd3ad
E081::jorhat,E081,2019-0331-IND,2019-07-14,Assam,Jorhat,129.3638,0.0455,2842.716884638612,S1,observed,matched,70089.0,matched,observed,interim_s1_only,100.0,False,BOTH,2306.1826,0.0561,unavailable,,129.3638,S1,fs1-3016a20fd3ad
E081::kamrup,E081,2019-0331-IND,2019-07-14,Assam,Kamrup,645.8695,0.1485,4348.6225796054405,S1,observed,matched,17583.0,matched,observed,interim_s1_only,52.8,False,BOTH,2833.5254,0.2279,ok,,245.3749,SITS_NDWI_RESTORED,fs1-3016a20fd3ad
E081::kamrup%20metropolitan,E081,2019-0331-IND,2019-07-14,Assam,Kamrup Metropolitan,83.2415,0.0736,1131.541200086081,S1,observed,matched,76128533B38230828972906,matched,observed,interim_s1_only,57.4,False,BOTH,448.608,0.1856,ok,,11.0751,SITS_NDWI,fs1-3016a20fd3ad
E081::karbi%20anglong,E081,2019-0331-IND,2019-07-14,Assam,Karbi Anglong,120.6229,0.0115,10446.406497647093,S1,observed,matched,17584.0,matched,observed,interim_s1_only,92.2,True,BOTH,2925.3894,0.0412,ok,,120.6229,S1,fs1-3016a20fd3ad
E081::karimganj,E081,2019-0331-IND,2019-07-14,Assam,Karimganj,203.9526,0.1098,1856.722473230466,S1,observed,matched,17585.0,matched,observed,interim_s1_only,90.1,False,BOTH,1051.2523,0.194,ok,,203.9526,S1,fs1-3016a20fd3ad
E081::kokrajhar,E081,2019-0331-IND,2019-07-14,Assam,Kokrajhar,233.9059,0.0703,3329.2233881813268,S1,observed,matched,70090.0,matched,observed,interim_s1_only,87.1,True,BOTH,3061.7037,0.0764,ok,,233.9059,S1,fs1-3016a20fd3ad
E081::lakhimpur,E081,2019-0331-IND,2019-07-14,Assam,Lakhimpur,331.1691,0.1147,2886.5239581816727,S1,observed,matched,70091.0,matched,observed,interim_s1_only,100.0,False,BOTH,2563.3875,0.1292,unavailable,,331.1691,S1,fs1-3016a20fd3ad
E081::majuli,E081,2019-0331-IND,2019-07-14,Assam,Majuli,71.2048,0.0569,1250.5943287676694,S1,observed,matched,76128533B15157901669242,matched,observed,interim_s1_only,100.0,False,BOTH,895.4552,0.0795,unavailable,,71.2048,S1,fs1-3016a20fd3ad
E081::morigaon,E081,2019-0331-IND,2019-07-14,Assam,Morigaon,457.1249,0.3031,1508.3262903435707,S1,observed,matched,76128533B17968019348564,matched,observed,interim_s1_only,44.7,False,BOTH,1311.7575,0.3485,ok,,55.0239,SITS_NDWI,fs1-3016a20fd3ad
E081::nagaon,E081,2019-0331-IND,2019-07-14,Assam,Nagaon,637.8704,0.1596,3997.4423095607103,S1,observed,matched,17589.0,matched,observed,interim_s1_only,83.9,False,BOTH,3099.3518,0.2058,ok,,637.8704,S1,fs1-3016a20fd3ad
E081::nalbari,E081,2019-0331-IND,2019-07-14,Assam,Nalbari,426.3039,0.1822,2339.8796955273547,S1,observed,matched,17590.0,matched,observed,interim_s1_only,23.2,False,BOTH,2097.5834,0.2032,ok,,119.9447,SITS_NDWI_RESTORED,fs1-3016a20fd3ad
E081::sivasagar,E081,2019-0331-IND,2019-07-14,Assam,Sivasagar,295.5608,0.1936,1526.651765771626,S1,observed,matched,76128533B21722277889516,matched,observed,interim_s1_only,100.0,False,BOTH,1387.3046,0.213,unavailable,,295.5608,S1,fs1-3016a20fd3ad
E081::sonitpur,E081,2019-0331-IND,2019-07-14,Assam,Sonitpur,396.6309,0.0848,4676.158375740257,S1,observed,matched,17593.0,matched,observed,interim_s1_only,94.3,False,BOTH,4081.5881,0.0972,ok,,396.6309,S1,fs1-3016a20fd3ad
E081::south%20salmara,E081,2019-0331-IND,2019-07-14,Assam,South Salmara,127.8297,0.1777,719.1856651342704,S1,observed,matched,76128533B20298037622173,matched,observed,interim_s1_only,67.8,False,BOTH,473.1623,0.2702,ok,,127.8297,S1,fs1-3016a20fd3ad
E081::tinsukia,E081,2019-0331-IND,2019-07-14,Assam,Tinsukia,194.7486,0.0513,3799.190193815676,S1,observed,matched,70093.0,matched,observed,interim_s1_only,99.9,False,BOTH,3303.9786,0.0589,ok,,194.7486,S1,fs1-3016a20fd3ad
E081::udalguri,E081,2019-0331-IND,2019-07-14,Assam,Udalguri,119.7309,0.0582,2056.2913712488385,S1,observed,matched,76128533B20307518801538,matched,observed,interim_s1_only,30.0,True,BOTH,1902.4689,0.0629,ok,,19.3972,SITS_NDWI,fs1-3016a20fd3ad
E081::west%20karbi%20anglong,E081,2019-0331-IND,2019-07-14,Assam,West Karbi Anglong,32.7593,0.0105,3106.6868691946506,S1,observed,matched,76128533B57995625790051,matched,observed,interim_s1_only,75.5,True,BOTH,757.2,0.0433,ok,,32.7593,S1,fs1-3016a20fd3ad
E082::araria,E082,2019-0331-IND,2019-07-14,Bihar,Araria,938.9668,0.3323,2825.348194194397,S1,observed,matched,70094.0,matched,observed,interim_s1_only,27.5,False,BOTH,2783.8584,0.3373,ok,,374.9111,SITS_NDWI_RESTORED,fs1-3016a20fd3ad
E082::darbhanga,E082,2019-0331-IND,2019-07-14,Bihar,Darbhanga,759.8922,0.3313,2293.727225126986,S1,observed,matched,17598.0,matched,observed,interim_s1_only,60.2,False,BOTH,2116.2992,0.3591,ok,,759.8922,S1,fs1-3016a20fd3ad
E082::east%20champaran,E082,2019-0331-IND,2019-07-14,Bihar,East Champaran,1199.7548,0.285,4209.432168721379,S1,observed,matched,76128533B49017555803526,matched,observed,interim_s1_only,32.2,False,BOTH,4047.632,0.2964,ok,,430.7128,SITS_NDWI,fs1-3016a20fd3ad
E082::katihar,E082,2019-0331-IND,2019-07-14,Bihar,Katihar,777.0454,0.2532,3068.3721590224136,S1,observed,matched,17608.0,matched,observed,interim_s1_only,36.1,False,BOTH,2843.7093,0.2733,ok,,139.862,SITS_NDWI,fs1-3016a20fd3ad
E082::kishanganj,E082,2019-0331-IND,2019-07-14,Bihar,Kishanganj,712.3735,0.3686,1932.7539351616576,S1,observed,matched,70100.0,matched,observed,interim_s1_only,13.2,False,BOTH,1852.9673,0.3845,ok,,86.1034,SITS_NDWI,fs1-3016a20fd3ad
E082::madhubani,E082,2019-0331-IND,2019-07-14,Bihar,Madhubani,950.1408,0.2748,3457.42262983169,S1,observed,matched,17611.0,matched,observed,interim_s1_only,24.5,False,BOTH,3212.7477,0.2957,ok,,384.462,SITS_NDWI,fs1-3016a20fd3ad
E082::muzaffarpur,E082,2019-0331-IND,2019-07-14,Bihar,Muzaffarpur,488.6139,0.1531,3192.441978127565,S1,observed,matched,17613.0,matched,observed,interim_s1_only,34.6,False,BOTH,3129.3395,0.1561,ok,,82.7753,SITS_NDWI,fs1-3016a20fd3ad
E082::purnia,E082,2019-0331-IND,2019-07-14,Bihar,Purnia,734.4879,0.2258,3252.274864588641,S1,observed,matched,17621.0,matched,observed,interim_s1_only,40.8,False,BOTH,3216.5812,0.2283,ok,,91.4132,SITS_NDWI,fs1-3016a20fd3ad
E082::saharsa,E082,2019-0331-IND,2019-07-14,Bihar,Saharsa,328.9291,0.1944,1692.2702412487936,S1,observed,matched,17624.0,matched,observed,interim_s1_only,83.2,False,BOTH,1597.4024,0.2059,ok,,328.9291,S1,fs1-3016a20fd3ad
E082::sheohar,E082,2019-0331-IND,2019-07-14,Bihar,Sheohar,186.8901,0.3247,575.6280849211931,S1,observed,matched,70103.0,matched,observed,interim_s1_only,5.7,False,BOTH,566.1197,0.3301,ok,,53.7179,SITS_NDWI,fs1-3016a20fd3ad
E082::sitamarhi,E082,2019-0331-IND,2019-07-14,Bihar,Sitamarhi,719.1297,0.3465,2075.1609189491032,S1,observed,matched,17630.0,matched,observed,interim_s1_only,58.5,False,BOTH,2019.8231,0.356,ok,,78.9869,SITS_NDWI,fs1-3016a20fd3ad
E082::supaul,E082,2019-0331-IND,2019-07-14,Bihar,Supaul,487.5948,0.2032,2399.2927702222696,S1,observed,matched,70104.0,matched,observed,interim_s1_only,14.5,False,BOTH,2327.5369,0.2095,ok,,98.2927,SITS_NDWI,fs1-3016a20fd3ad
E084::bagalkot,E084,2019-0331-IND,2019-07-14,Karnataka,Bagalkot,693.3598,0.1055,6575.100985988591,S1,observed,matched,70157.0,matched,observed,interim_s1_only,22.2,False,DESCENDING,5858.5775,0.1183,ok,,64.0564,NDWI,fs1-3016a20fd3ad
E084::belagavi,E084,2019-0331-IND,2019-07-14,Karnataka,Belagavi,1093.5972,0.0814,13437.79374447446,S1,observed,matched,76128533B74319098136622,matched,observed,interim_s1_only,65.2,False,DESCENDING,10911.9771,0.1002,ok,,1093.5972,S1,fs1-3016a20fd3ad
E084::chikkamagaluru,E084,2019-0331-IND,2019-07-14,Karnataka,Chikkamagaluru,95.5307,0.0138,6937.325023111647,S1,observed,matched,76128533B15550697205080,matched,observed,interim_s1_only,88.3,True,BOTH,3145.504,0.0304,ok,,95.5307,S1,fs1-3016a20fd3ad
E084::dakshina%20kannada,E084,2019-0331-IND,2019-07-14,Karnataka,Dakshina Kannada,15.534,0.003,5243.21897884346,S1,observed,matched,76128533B54396396829952,matched,observed,interim_s1_only,99.9,True,BOTH,1903.6271,0.0082,ok,,15.534,S1,fs1-3016a20fd3ad
E084::hassan,E084,2019-0331-IND,2019-07-14,Karnataka,Hassan,45.603,0.0067,6816.680673787337,S1,observed,matched,17688.0,matched,observed,interim_s1_only,75.8,True,BOTH,4765.3833,0.0096,ok,,45.603,S1,fs1-3016a20fd3ad
E084::haveri,E084,2019-0331-IND,2019-07-14,Karnataka,Haveri,119.11,0.0248,4811.456144597108,S1,observed,matched,70164.0,matched,observed,interim_s1_only,33.3,True,BOTH,4422.6993,0.0269,ok,,15.3787,NDWI,fs1-3016a20fd3ad
E084::kodagu,E084,2019-0331-IND,2019-07-14,Karnataka,Kodagu,11.5587,0.0028,4111.781559839673,S1,observed,matched,17689.0,matched,observed,interim_s1_only,99.9,True,BOTH,1106.2873,0.0104,ok,,11.5587,S1,fs1-3016a20fd3ad
E084::raichur,E084,2019-0331-IND,2019-07-14,Karnataka,Raichur,372.5928,0.044,8465.297775287587,S1,observed,matched,17693.0,matched,observed,interim_s1_only,23.7,True,DESCENDING,7642.1413,0.0488,ok,,13.3666,NDWI,fs1-3016a20fd3ad
E084::shivamogga,E084,2019-0331-IND,2019-07-14,Karnataka,Shivamogga,73.4935,0.0087,8475.375992282,S1,observed,matched,76128533B85389886560116,matched,observed,interim_s1_only,94.2,False,BOTH,4753.5743,0.0155,ok,,73.4935,S1,fs1-3016a20fd3ad
E084::udupi,E084,2019-0331-IND,2019-07-14,Karnataka,Udupi,30.4836,0.0078,3905.2465000015695,S1,observed,matched,70166.0,matched,observed,interim_s1_only,99.7,True,BOTH,2069.3022,0.0147,ok,,30.4836,S1,fs1-3016a20fd3ad
E084::uttara%20kannada,E084,2019-0331-IND,2019-07-14,Karnataka,Uttara Kannada,18.9188,0.0018,10404.181767076385,S1,observed,matched,76128533B79180273895456,matched,observed,interim_s1_only,89.9,True,BOTH,4002.0244,0.0047,ok,,18.9188,S1,fs1-3016a20fd3ad
E084::vijayapura,E084,2019-0331-IND,2019-07-14,Karnataka,Vijayapura,1755.8802,0.1682,10440.064567410886,S1,observed,matched,76128533B40495457052818,matched,observed,interim_s1_only,31.1,False,DESCENDING,9880.7524,0.1777,ok,,55.7895,NDWI,fs1-3016a20fd3ad
E084::yadgir,E084,2019-0331-IND,2019-07-14,Karnataka,Yadgir,133.6258,0.0252,5296.020634999596,S1,observed,matched,76128533B84927972855096,matched,observed,interim_s1_only,29.8,True,DESCENDING,4750.5234,0.0281,ok,,12.8559,NDWI,fs1-3016a20fd3ad
E085::alappuzha,E085,2019-0331-IND,2019-07-14,Kerala,Alappuzha,13.4676,0.0102,1316.6907112011845,S1,observed,matched,70298.0,matched,observed,interim_s1_only,98.5,False,DESCENDING,1087.5384,0.0124,ok,,13.4676,S1,fs1-3016a20fd3ad
E085::ernakulam,E085,2019-0331-IND,2019-07-14,Kerala,Ernakulam,8.6886,0.0038,2305.474714394872,S1,observed,matched,17699.0,matched,observed,interim_s1_only,100.0,False,DESCENDING,1224.6103,0.0071,unavailable,,8.6886,S1,fs1-3016a20fd3ad
E085::idukki,E085,2019-0331-IND,2019-07-14,Kerala,Idukki,1.0422,0.0002,5010.411036324633,S1,observed,matched,17700.0,matched,observed,interim_s1_only,100.0,True,DESCENDING,480.7175,0.0022,unavailable,,1.0422,S1,fs1-3016a20fd3ad
E085::kannur,E085,2019-0331-IND,2019-07-14,Kerala,Kannur,9.2508,0.0033,2812.193678917521,S1,observed,matched,17698.0,matched,observed,interim_s1_only,99.9,True,DESCENDING,1003.4021,0.0092,unavailable,,9.2508,S1,fs1-3016a20fd3ad
E085::kasaragod,E085,2019-0331-IND,2019-07-14,Kerala,Kasaragod,9.5867,0.0049,1972.6636827859088,S1,observed,matched,17701.0,matched,observed,interim_s1_only,99.7,True,BOTH,703.4457,0.0136,ok,,9.5867,S1,fs1-3016a20fd3ad
E085::kollam,E085,2019-0331-IND,2019-07-14,Kerala,Kollam,1.1057,0.0005,2363.0186325698423,S1,observed,matched,17707.0,matched,observed,interim_s1_only,89.6,True,DESCENDING,826.5589,0.0013,ok,,1.1057,S1,fs1-3016a20fd3ad
E085::kottayam,E085,2019-0331-IND,2019-07-14,Kerala,Kottayam,9.6524,0.0045,2143.385583622296,S1,observed,matched,17702.0,matched,observed,interim_s1_only,100.0,False,DESCENDING,887.901,0.0109,unavailable,,9.6524,S1,fs1-3016a20fd3ad
E085::kozhikode,E085,2019-0331-IND,2019-07-14,Kerala,Kozhikode,11.5426,0.0051,2285.6176079375005,S1,observed,matched,17703.0,matched,observed,interim_s1_only,100.0,True,DESCENDING,881.0315,0.0131,unavailable,,11.5426,S1,fs1-3016a20fd3ad
E085::malappuram,E085,2019-0331-IND,2019-07-14,Kerala,Malappuram,28.5605,0.0081,3517.427723973104,S1,observed,matched,17704.0,matched,observed,interim_s1_only,100.0,True,DESCENDING,1353.5315,0.0211,unavailable,,28.5605,S1,fs1-3016a20fd3ad
E085::palakkad,E085,2019-0331-IND,2019-07-14,Kerala,Palakkad,12.9364,0.0029,4489.876823790321,S1,observed,matched,17705.0,matched,observed,interim_s1_only,100.0,True,DESCENDING,1777.7514,0.0073,unavailable,,12.9364,S1,fs1-3016a20fd3ad
E085::thiruvananthapuram,E085,2019-0331-IND,2019-07-14,Kerala,Thiruvananthapuram,0.7764,0.0004,2047.560453755721,S1,observed,matched,17709.0,matched,observed,interim_s1_only,96.3,True,DESCENDING,719.775,0.0011,ok,,0.7764,S1,fs1-3016a20fd3ad
E085::thrissur,E085,2019-0331-IND,2019-07-14,Kerala,Thrissur,40.1482,0.0136,2961.767200211148,S1,observed,matched,17708.0,matched,observed,interim_s1_only,100.0,False,DESCENDING,1501.3132,0.0267,unavailable,,40.1482,S1,fs1-3016a20fd3ad
E085::wayanad,E085,2019-0331-IND,2019-07-14,Kerala,Wayanad,2.4764,0.0012,2130.300649398313,S1,observed,matched,17710.0,matched,observed,interim_s1_only,100.0,True,DESCENDING,520.2411,0.0048,unavailable,,2.4764,S1,fs1-3016a20fd3ad
E086::ahilyanagar,E086,2019-0331-IND,2019-07-14,Maharashtra,Ahilyanagar,33.2929,0.0019,17103.37464835857,S1,observed,matched,76128533B47816398970283,matched,observed,interim_s1_only,17.5,True,DESCENDING,13603.915,0.0024,ok,,27.9865,NDWI,fs1-3016a20fd3ad
E086::amravati,E086,2019-0331-IND,2019-07-14,Maharashtra,Amravati,160.3855,0.0131,12219.234057356958,S1,observed,matched,17759.0,matched,observed,interim_s1_only,20.6,True,DESCENDING,9045.5548,0.0177,ok,,153.5602,NDWI,fs1-3016a20fd3ad
E086::aurangabad,E086,2019-0331-IND,2019-07-14,Maharashtra,Aurangabad,190.4076,0.0188,10122.454799785144,S1,observed,matched,17786.0,matched,observed,interim_s1_only,17.5,False,DESCENDING,8451.0634,0.0225,ok,,51.2529,NDWI,fs1-3016a20fd3ad
E086::bhandara,E086,2019-0331-IND,2019-07-14,Maharashtra,Bhandara,52.1295,0.0111,4713.352518104012,S1,observed,matched,17761.0,matched,observed,interim_s1_only,3.0,True,DESCENDING,4129.3869,0.0126,ok,,21.9945,SITS_NDWI_RESTORED,fs1-3016a20fd3ad
E086::buldhana,E086,2019-0331-IND,2019-07-14,Maharashtra,Buldhana,71.7434,0.0073,9775.93581444362,S1,observed,matched,76128533B70021405538438,matched,observed,interim_s1_only,16.2,True,DESCENDING,8229.0006,0.0087,ok,,33.2163,NDWI,fs1-3016a20fd3ad
E086::dhule,E086,2019-0331-IND,2019-07-14,Maharashtra,Dhule,0.6901,0.0001,7186.255728507124,S1,observed,matched,17764.0,matched,observed,interim_s1_only,12.1,True,DESCENDING,5849.93,0.0001,ok,,27.1844,NDWI,fs1-3016a20fd3ad
E086::gadchiroli,E086,2019-0331-IND,2019-07-14,Maharashtra,Gadchiroli,23.322,0.0016,14484.822963236033,S1,observed,matched,76128533B36958871695926,matched,observed,interim_s1_only,19.2,True,DESCENDING,11066.2063,0.0021,ok,,13.3211,SITS_NDWI,fs1-3016a20fd3ad
E086::gondia,E086,2019-0331-IND,2019-07-14,Maharashtra,Gondia,25.3737,0.0049,5163.895494674012,S1,observed,matched,76128533B76286653784168,matched,observed,interim_s1_only,3.2,True,DESCENDING,4046.4397,0.0063,ok,,9.6386,SITS_NDWI,fs1-3016a20fd3ad
E086::hingoli,E086,2019-0331-IND,2019-07-14,Maharashtra,Hingoli,41.1679,0.0088,4699.451157302487,S1,observed,matched,70181.0,matched,observed,interim_s1_only,12.4,True,DESCENDING,3904.256,0.0105,ok,,19.9692,NDWI,fs1-3016a20fd3ad
E086::kolhapur,E086,2019-0331-IND,2019-07-14,Maharashtra,Kolhapur,,,7680.572392490604,NONE,missing,matched,17769.0,matched,missing,no_s1,79.3,,,4339.6371,,ok,,,NONE,fs1-3016a20fd3ad
E086::latur,E086,2019-0331-IND,2019-07-14,Maharashtra,Latur,387.5721,0.0534,7256.020203028519,S1,observed,matched,17770.0,matched,observed,interim_s1_only,31.5,True,DESCENDING,6790.144,0.0571,ok,,126.0678,NDWI,fs1-3016a20fd3ad
E086::nagpur,E086,2019-0331-IND,2019-07-14,Maharashtra,Nagpur,115.1568,0.0116,9953.45883218179,S1,observed,matched,17771.0,matched,observed,interim_s1_only,3.8,True,DESCENDING,8635.9999,0.0133,ok,,41.9232,SITS_NDWI_RESTORED,fs1-3016a20fd3ad
E086::nandurbar,E086,2019-0331-IND,2019-07-14,Maharashtra,Nandurbar,4.0387,0.0007,5947.719113281336,S1,observed,matched,70185.0,matched,observed,interim_s1_only,6.2,True,DESCENDING,3471.464,0.0012,ok,,11.8706,NDWI,fs1-3016a20fd3ad
E086::nashik,E086,2019-0331-IND,2019-07-14,Maharashtra,Nashik,14.9995,0.001,15554.167322451072,S1,observed,matched,17773.0,matched,observed,interim_s1_only,24.1,True,DESCENDING,10933.341,0.0014,ok,,25.8266,NDWI,fs1-3016a20fd3ad
E086::palghar,E086,2019-0331-IND,2019-07-14,Maharashtra,Palghar,18.5991,0.0035,5355.281971403595,S1,observed,matched,76128533B37148244536449,matched,observed,interim_s1_only,62.9,True,DESCENDING,2858.6379,0.0065,ok,,18.5991,S1,fs1-3016a20fd3ad
E086::pune,E086,2019-0331-IND,2019-07-14,Maharashtra,Pune,5.0864,0.0003,15649.899791716924,S1,observed,matched,17776.0,matched,observed,interim_s1_only,28.5,True,DESCENDING,10303.2933,0.0005,ok,,11.5435,NDWI,fs1-3016a20fd3ad
E086::raigad,E086,2019-0331-IND,2019-07-14,Maharashtra,Raigad,23.5329,0.0034,6987.901171135931,S1,observed,matched,76128533B99895802074414,matched,observed,interim_s1_only,29.1,True,DESCENDING,2892.1404,0.0081,ok,,15.0509,NDWI,fs1-3016a20fd3ad
E086::ratnagiri,E086,2019-0331-IND,2019-07-14,Maharashtra,Ratnagiri,2.4873,0.0003,8501.126377449938,S1,observed,matched,17778.0,matched,observed,interim_s1_only,50.7,True,DESCENDING,2431.7672,0.001,ok,,1.9248,NDWI,fs1-3016a20fd3ad
E086::sangli,E086,2019-0331-IND,2019-07-14,Maharashtra,Sangli,268.1808,0.0313,8563.308722938114,S1,observed,matched,17780.0,matched,observed,interim_s1_only,42.7,False,DESCENDING,7362.7661,0.0364,ok,,5.0184,SITS_NDWI,fs1-3016a20fd3ad
E086::thane,E086,2019-0331-IND,2019-07-14,Maharashtra,Thane,36.6854,0.0039,9454.897228160951,S1,observed,matched,17783.0,matched,observed,interim_s1_only,47.1,True,DESCENDING,5194.6674,0.0071,ok,,13.2813,NDWI,fs1-3016a20fd3ad
E086::wardha,E086,2019-0331-IND,2019-07-14,Maharashtra,Wardha,77.3623,0.0122,6326.751952312784,S1,observed,matched,17784.0,matched,observed,interim_s1_only,4.9,True,DESCENDING,5465.4311,0.0142,ok,,43.9142,SITS_NDWI,fs1-3016a20fd3ad
E086::yavatmal,E086,2019-0331-IND,2019-07-14,Maharashtra,Yavatmal,179.1699,0.0132,13565.870768873778,S1,observed,matched,17785.0,matched,observed,interim_s1_only,10.0,True,DESCENDING,11228.2973,0.016,ok,,76.5442,NDWI,fs1-3016a20fd3ad
E087::angul,E087,2019-0331-IND,2019-07-14,Odisha,Angul,10.5575,0.0017,6391.830313646586,S1,observed,matched,70206.0,matched,observed,interim_s1_only,4.7,True,DESCENDING,3770.6744,0.0028,ok,,1.964,SITS_NDWI_RESTORED,fs1-3016a20fd3ad
E087::bargarh,E087,2019-0331-IND,2019-07-14,Odisha,Bargarh,52.9074,0.0091,5804.743547051888,S1,observed,matched,76128533B74482494441458,matched,observed,interim_s1_only,52.0,True,DESCENDING,4422.5889,0.012,ok,,18.8628,NDWI,fs1-3016a20fd3ad
E087::bolangir,E087,2019-0331-IND,2019-07-14,Odisha,Bolangir,11.7624,0.0018,6595.817097284386,S1,observed,matched,70210.0,matched,observed,interim_s1_only,70.3,True,DESCENDING,4985.4824,0.0024,ok,,11.7624,S1,fs1-3016a20fd3ad
E087::boudh,E087,2019-0331-IND,2019-07-14,Odisha,Boudh,11.356,0.0036,3132.695897017485,S1,observed,matched,70211.0,matched,observed,interim_s1_only,2.0,True,DESCENDING,1855.8858,0.0061,ok,,1.3835,NDWI,fs1-3016a20fd3ad
E087::cuttack,E087,2019-0331-IND,2019-07-14,Odisha,Cuttack,262.4711,0.0664,3955.6007636385752,S1,observed,matched,17809.0,matched,observed,interim_s1_only,1.6,False,BOTH,3182.1368,0.0825,ok,,10.4797,SITS_NDWI_RESTORED,fs1-3016a20fd3ad
E087::gajapati,E087,2019-0331-IND,2019-07-14,Odisha,Gajapati,2.7302,0.0007,4080.383431631814,S1,observed,matched,70213.0,matched,observed,interim_s1_only,11.8,True,DESCENDING,881.7653,0.0031,ok,,0.7446,NDWI,fs1-3016a20fd3ad
E087::ganjam,E087,2019-0331-IND,2019-07-14,Odisha,Ganjam,34.8674,0.0041,8417.728037695964,S1,observed,matched,17811.0,matched,observed,interim_s1_only,7.5,True,DESCENDING,5551.9861,0.0063,ok,,10.1379,SITS_NDWI,fs1-3016a20fd3ad
E087::jagatsinghpur,E087,2019-0331-IND,2019-07-14,Odisha,Jagatsinghpur,217.4254,0.1286,1691.3201877833696,S1,observed,matched,70214.0,matched,observed,interim_s1_only,1.7,False,BOTH,1607.8605,0.1352,ok,,11.3971,NDWI,fs1-3016a20fd3ad
E087::kalahandi,E087,2019-0331-IND,2019-07-14,Odisha,Kalahandi,27.8783,0.0035,7938.930130032871,S1,observed,matched,17812.0,matched,observed,interim_s1_only,76.9,True,DESCENDING,4516.9205,0.0062,ok,,27.8783,S1,fs1-3016a20fd3ad
E087::kandhamal,E087,2019-0331-IND,2019-07-14,Odisha,Kandhamal,2.7252,0.0003,8088.528530440674,S1,observed,matched,70217.0,matched,observed,interim_s1_only,2.8,True,DESCENDING,1833.216,0.0015,ok,,0.5806,NDWI,fs1-3016a20fd3ad
E087::kendrapara,E087,2019-0331-IND,2019-07-14,Odisha,Kendrapara,78.8431,0.0318,2481.5263199879205,S1,observed,matched,70218.0,matched,observed,interim_s1_only,12.1,False,BOTH,2320.5318,0.034,ok,,14.4557,SITS_NDWI_RESTORED,fs1-3016a20fd3ad
E087::khordha,E087,2019-0331-IND,2019-07-14,Odisha,Khordha,67.5771,0.0244,2764.362815680045,S1,observed,matched,70219.0,matched,observed,interim_s1_only,11.4,True,BOTH,2353.1955,0.0287,ok,,19.1384,SITS_NDWI,fs1-3016a20fd3ad
E087::koraput,E087,2019-0331-IND,2019-07-14,Odisha,Koraput,58.705,0.0068,8608.98899052561,S1,observed,matched,17814.0,matched,observed,interim_s1_only,64.1,True,DESCENDING,3426.0635,0.0171,ok,,58.705,S1,fs1-3016a20fd3ad
E087::malkangiri,E087,2019-0331-IND,2019-07-14,Odisha,Malkangiri,11.8454,0.002,5849.646224352819,S1,observed,matched,70220.0,matched,observed,interim_s1_only,78.2,True,DESCENDING,3064.5633,0.0039,ok,,11.8454,S1,fs1-3016a20fd3ad
E087::nabarangpur,E087,2019-0331-IND,2019-07-14,Odisha,Nabarangpur,12.1257,0.0023,5324.008778426437,S1,observed,matched,70221.0,matched,observed,interim_s1_only,97.6,True,DESCENDING,4212.4411,0.0029,ok,,12.1257,S1,fs1-3016a20fd3ad
E087::nayagarh,E087,2019-0331-IND,2019-07-14,Odisha,Nayagarh,11.6371,0.003,3910.6442801996345,S1,observed,matched,70222.0,matched,observed,interim_s1_only,6.9,True,DESCENDING,2238.4825,0.0052,ok,,8.4661,SITS_NDWI,fs1-3016a20fd3ad
E087::nuapada,E087,2019-0331-IND,2019-07-14,Odisha,Nuapada,8.9673,0.0023,3881.856999707553,S1,observed,matched,70223.0,matched,observed,interim_s1_only,93.2,True,DESCENDING,2243.6434,0.004,ok,,8.9673,S1,fs1-3016a20fd3ad
E087::puri,E087,2019-0331-IND,2019-07-14,Odisha,Puri,174.2758,0.0496,3511.969251866753,S1,observed,matched,17818.0,matched,observed,interim_s1_only,3.3,False,BOTH,2598.3148,0.0671,ok,,45.194,NDWI,fs1-3016a20fd3ad
E087::rayagada,E087,2019-0331-IND,2019-07-14,Odisha,Rayagada,7.3507,0.001,7404.113889009227,S1,observed,matched,70224.0,matched,observed,interim_s1_only,22.6,True,DESCENDING,2097.742,0.0035,ok,,1.9109,NDWI,fs1-3016a20fd3ad
E087::sambalpur,E087,2019-0331-IND,2019-07-14,Odisha,Sambalpur,21.2662,0.0031,6762.307318916143,S1,observed,matched,17819.0,matched,observed,interim_s1_only,4.1,True,DESCENDING,4204.9729,0.0051,ok,,19.0545,NDWI,fs1-3016a20fd3ad
E087::subarnapur,E087,2019-0331-IND,2019-07-14,Odisha,Subarnapur,22.0957,0.0094,2356.7180608276617,S1,observed,matched,76128533B6884509901047,matched,observed,interim_s1_only,9.8,True,DESCENDING,2125.5315,0.0104,ok,,14.2069,NDWI,fs1-3016a20fd3ad
E087::sundargarh,E087,2019-0331-IND,2019-07-14,Odisha,Sundargarh,21.1485,0.0022,9764.412335512005,S1,observed,matched,17820.0,matched,observed,interim_s1_only,4.1,True,DESCENDING,5679.4239,0.0037,ok,,14.1122,SITS_NDWI,fs1-3016a20fd3ad
E088::amritsar,E088,2019-0331-IND,2019-07-14,Punjab,Amritsar,637.1087,0.1314,4850.355487392105,S1,observed,matched,17821.0,matched,observed,interim_s1_only,28.8,False,BOTH,3987.6435,0.1598,ok,,108.0279,NDWI,fs1-3016a20fd3ad
E088::bathinda,E088,2019-0331-IND,2019-07-14,Punjab,Bathinda,417.1367,0.1239,3366.4412884112767,S1,observed,matched,17822.0,matched,observed,interim_s1_only,18.8,False,BOTH,3208.5353,0.13,ok,,47.2254,SITS_NDWI,fs1-3016a20fd3ad
E088::faridkot,E088,2019-0331-IND,2019-07-14,Punjab,Faridkot,196.9788,0.1359,1449.1523634868656,S1,observed,matched,70230.0,matched,observed,interim_s1_only,40.6,False,BOTH,1292.5969,0.1524,ok,,53.1615,NDWI,fs1-3016a20fd3ad
E088::fazilka,E088,2019-0331-IND,2019-07-14,Punjab,Fazilka,160.7093,0.0493,3260.9663717370954,S1,observed,matched,76128533B7291413308870,matched,observed,interim_s1_only,47.8,True,BOTH,3125.647,0.0514,ok,,20.0977,NDWI,fs1-3016a20fd3ad
E088::ferozepur,E088,2019-0331-IND,2019-07-14,Punjab,Ferozepur,158.7913,0.0777,2043.701213817955,S1,observed,matched,76128533B421757708753,matched,observed,interim_s1_only,57.2,False,BOTH,1688.1593,0.0941,ok,,50.617,NDWI,fs1-3016a20fd3ad
E088::gurdaspur,E088,2019-0331-IND,2019-07-14,Punjab,Gurdaspur,547.1506,0.156,3507.09272056944,S1,observed,matched,17826.0,matched,observed,interim_s1_only,2.0,False,BOTH,3098.5477,0.1766,ok,,43.1095,SITS_NDWI,fs1-3016a20fd3ad
E088::hoshiarpur,E088,2019-0331-IND,2019-07-14,Punjab,Hoshiarpur,57.0501,0.017,3362.8966396342144,S1,observed,matched,17827.0,matched,observed,interim_s1_only,13.8,True,BOTH,2845.513,0.02,ok,,7.7711,SITS_NDWI,fs1-3016a20fd3ad
E088::jalandhar,E088,2019-0331-IND,2019-07-14,Punjab,Jalandhar,485.6677,0.1864,2605.0531477191817,S1,observed,matched,17828.0,matched,observed,interim_s1_only,3.6,False,BOTH,2536.5667,0.1915,ok,,9.4742,SITS_NDWI,fs1-3016a20fd3ad
E088::ludhiana,E088,2019-0331-IND,2019-07-14,Punjab,Ludhiana,552.9724,0.1548,3573.10781793918,S1,observed,matched,17830.0,matched,observed,interim_s1_only,4.2,False,BOTH,3203.7682,0.1726,ok,,139.7576,NDWI,fs1-3016a20fd3ad
E088::mansa,E088,2019-0331-IND,2019-07-14,Punjab,Mansa,307.8913,0.1393,2209.549070653662,S1,observed,matched,70232.0,matched,observed,interim_s1_only,34.4,False,BOTH,1691.1475,0.1821,ok,,22.3686,SITS_NDWI,fs1-3016a20fd3ad
E088::moga,E088,2019-0331-IND,2019-07-14,Punjab,Moga,68.4302,0.0297,2304.7121791107,S1,observed,matched,70233.0,matched,observed,interim_s1_only,25.3,True,BOTH,2258.8489,0.0303,ok,,14.1014,SITS_NDWI,fs1-3016a20fd3ad
E088::muktsar,E088,2019-0331-IND,2019-07-14,Punjab,Muktsar,454.6711,0.1748,2601.679753255548,S1,observed,matched,70234.0,matched,observed,interim_s1_only,21.3,False,BOTH,2525.1892,0.1801,ok,,69.5068,NDWI,fs1-3016a20fd3ad
E088::pathankot,E088,2019-0331-IND,2019-07-14,Punjab,Pathankot,29.6841,0.0297,999.949013574026,S1,observed,matched,76128533B19630094725383,matched,observed,interim_s1_only,5.5,True,BOTH,751.4754,0.0395,ok,,4.784,SITS_NDWI,fs1-3016a20fd3ad
E088::patiala,E088,2019-0331-IND,2019-07-14,Punjab,Patiala,81.2122,0.0219,3716.087632293798,S1,observed,matched,17831.0,matched,observed,interim_s1_only,4.7,True,BOTH,3362.4907,0.0242,ok,,137.802,NDWI,fs1-3016a20fd3ad
E088::rupnagar,E088,2019-0331-IND,2019-07-14,Punjab,Rupnagar,10.9768,0.0052,2095.7343025165355,S1,observed,matched,17832.0,matched,observed,interim_s1_only,0.4,True,BOTH,1738.0685,0.0063,ok,,10.1135,SITS_NDWI,fs1-3016a20fd3ad
E088::sas%20nagar,E088,2019-0331-IND,2019-07-14,Punjab,SAS Nagar,12.6803,0.0115,1101.7298561292196,S1,observed,matched,76128533B12197302963241,matched,observed,interim_s1_only,1.0,True,ASCENDING,970.3828,0.0131,ok,,2.2255,NDWI,fs1-3016a20fd3ad
E088::sbs%20nagar,E088,2019-0331-IND,2019-07-14,Punjab,SBS Nagar,107.1685,0.0838,1278.323970559273,S1,observed,matched,76128533B14984770113274,matched,observed,interim_s1_only,4.9,True,BOTH,1160.9254,0.0923,ok,,37.8804,NDWI,fs1-3016a20fd3ad
E088::sangrur,E088,2019-0331-IND,2019-07-14,Punjab,Sangrur,758.7788,0.149,5091.276351954565,S1,observed,matched,17833.0,matched,observed,interim_s1_only,1.7,False,BOTH,4117.7548,0.1843,ok,,128.9644,NDWI,fs1-3016a20fd3ad
E089::baran,E089,2019-0331-IND,2019-07-14,Rajasthan,Baran,785.7031,0.1149,6837.623843421029,S1,observed,matched,70236.0,matched,observed,interim_s1_only,6.0,False,DESCENDING,6238.9206,0.1259,ok,,6.9021,SITS_NDWI,fs1-3016a20fd3ad
E089::bundi,E089,2019-0331-IND,2019-07-14,Rajasthan,Bundi,,,5584.729928001412,NONE,missing,matched,17841.0,matched,missing,no_s1,30.8,,,4928.4754,,ok,,37.169,SITS_NDWI,fs1-3016a20fd3ad
E089::chittorgarh,E089,2019-0331-IND,2019-07-14,Rajasthan,Chittorgarh,44.7796,0.0059,7610.780196310265,S1,observed,matched,76128533B58527154065354,matched,observed,interim_s1_only,2.7,True,DESCENDING,6531.5955,0.0069,ok,,12.6254,NDWI,fs1-3016a20fd3ad
E089::churu,E089,2019-0331-IND,2019-07-14,Rajasthan,Churu,1410.8442,0.0826,17075.11286515193,S1,observed,matched,17843.0,matched,observed,interim_s1_only,45.3,False,BOTH,14150.5178,0.0997,ok,,2.9075,SITS_NDWI,fs1-3016a20fd3ad
E089::dholpur,E089,2019-0331-IND,2019-07-14,Rajasthan,Dholpur,560.4551,0.1849,3030.9408891577045,S1,observed,matched,76128533B64898456093948,matched,observed,interim_s1_only,0.3,False,BOTH,2324.3959,0.2411,ok,,3.7985,SITS_NDWI,fs1-3016a20fd3ad
E089::jhalawar,E089,2019-0331-IND,2019-07-14,Rajasthan,Jhalawar,13.7526,0.0022,6261.78152754128,S1,observed,matched,17850.0,matched,observed,interim_s1_only,4.0,True,DESCENDING,5319.2421,0.0026,ok,,12.5448,SITS_NDWI_RESTORED,fs1-3016a20fd3ad
E089::kota,E089,2019-0331-IND,2019-07-14,Rajasthan,Kota,0.1395,0.0,5514.285932841976,S1,observed,matched,17853.0,matched,observed,interim_s1_only,3.3,False,DESCENDING,4964.1113,0.0,ok,,14.7318,NDWI,fs1-3016a20fd3ad
E089::rajsamand,E089,2019-0331-IND,2019-07-14,Rajasthan,Rajsamand,34.2699,0.0074,4601.202060349811,S1,observed,matched,70240.0,matched,observed,interim_s1_only,20.6,True,DESCENDING,3062.8005,0.0112,ok,,2.6373,NDWI,fs1-3016a20fd3ad
E089::sikar,E089,2019-0331-IND,2019-07-14,Rajasthan,Sikar,226.8464,0.0295,7693.658799376819,S1,observed,matched,17857.0,matched,observed,interim_s1_only,3.2,True,BOTH,6715.7345,0.0338,ok,,1.2138,NDWI,fs1-3016a20fd3ad
E090::agra,E090,2019-0331-IND,2019-07-14,Uttar Pradesh,Agra,775.5445,0.2196,3532.421316691642,S1,observed,matched,17888.0,matched,observed,interim_s1_only,1.5,False,BOTH,2806.534,0.2763,ok,,4.4407,NDWI,fs1-3016a20fd3ad
E090::ambedkar%20nagar,E090,2019-0331-IND,2019-07-14,Uttar Pradesh,Ambedkar Nagar,325.1029,0.1396,2328.994244483866,S1,observed,matched,70257.0,matched,observed,interim_s1_only,23.0,False,BOTH,2207.7781,0.1473,ok,,36.059,SITS_NDWI,fs1-3016a20fd3ad
E090::amroha,E090,2019-0331-IND,2019-07-14,Uttar Pradesh,Amroha,51.2957,0.0225,2281.647503522424,S1,observed,matched,76128533B21119051307760,matched,observed,interim_s1_only,13.3,False,BOTH,2256.2582,0.0227,ok,,3.7299,SITS_NDWI,fs1-3016a20fd3ad
E090::auraiya,E090,2019-0331-IND,2019-07-14,Uttar Pradesh,Auraiya,332.8094,0.1525,2182.3976584986426,S1,observed,matched,70258.0,matched,observed,interim_s1_only,14.5,False,BOTH,1939.8871,0.1716,ok,,7.0369,SITS_NDWI,fs1-3016a20fd3ad
E090::ayodhya,E090,2019-0331-IND,2019-07-14,Uttar Pradesh,Ayodhya,224.9407,0.0841,2675.800154387558,S1,observed,matched,76128533B60320291189162,matched,observed,interim_s1_only,40.1,False,ASCENDING,2541.1827,0.0885,ok,,3.6078,SITS_NDWI,fs1-3016a20fd3ad
E090::bahraich,E090,2019-0331-IND,2019-07-14,Uttar Pradesh,Bahraich,304.5614,0.0822,3705.0099637131552,S1,observed,matched,17893.0,matched,observed,interim_s1_only,17.3,False,BOTH,3485.1487,0.0874,ok,,63.7685,SITS_NDWI_RESTORED,fs1-3016a20fd3ad
E090::ballia,E090,2019-0331-IND,2019-07-14,Uttar Pradesh,Ballia,427.7909,0.1419,3013.8054759791835,S1,observed,matched,17894.0,matched,observed,interim_s1_only,16.6,False,BOTH,2760.4153,0.155,ok,,485.022,NDWI,fs1-3016a20fd3ad
E090::balrampur,E090,2019-0331-IND,2019-07-14,Uttar Pradesh,Balrampur,440.1454,0.1302,3379.881475532829,S1,observed,matched,70261.0,matched,observed,interim_s1_only,14.9,False,ASCENDING,3049.8684,0.1443,ok,,54.8806,SITS_NDWI,fs1-3016a20fd3ad
E090::banda,E090,2019-0331-IND,2019-07-14,Uttar Pradesh,Banda,632.0968,0.1396,4528.7470438726,S1,observed,matched,17895.0,matched,observed,interim_s1_only,0.5,False,BOTH,4293.5305,0.1472,ok,,38.19,SITS_NDWI_RESTORED,fs1-3016a20fd3ad
E090::barabanki,E090,2019-0331-IND,2019-07-14,Uttar Pradesh,Barabanki,751.1339,0.1692,4440.0005417469865,S1,observed,matched,17896.0,matched,observed,interim_s1_only,34.4,False,BOTH,4261.6796,0.1763,ok,,32.2644,NDWI,fs1-3016a20fd3ad
E090::etawah,E090,2019-0331-IND,2019-07-14,Uttar Pradesh,Etawah,294.4786,0.1366,2156.538962907565,S1,observed,matched,17906.0,matched,observed,interim_s1_only,7.5,False,BOTH,2003.7716,0.147,ok,,21.8824,NDWI,fs1-3016a20fd3ad
E090::farrukhabad,E090,2019-0331-IND,2019-07-14,Uttar Pradesh,Farrukhabad,211.83,0.0968,2188.008861953001,S1,observed,matched,17908.0,matched,observed,interim_s1_only,12.8,False,BOTH,2144.1619,0.0988,ok,,3.033,SITS_NDWI,fs1-3016a20fd3ad
E090::ghazipur,E090,2019-0331-IND,2019-07-14,Uttar Pradesh,Ghazipur,305.7346,0.0901,3392.663587484302,S1,observed,matched,17912.0,matched,observed,interim_s1_only,9.5,False,BOTH,3179.0692,0.0962,ok,,111.1876,SITS_NDWI,fs1-3016a20fd3ad
E090::gonda,E090,2019-0331-IND,2019-07-14,Uttar Pradesh,Gonda,469.5983,0.117,4014.846082655345,S1,observed,matched,17913.0,matched,observed,interim_s1_only,37.1,False,BOTH,3851.7976,0.1219,ok,,6.7506,SITS_NDWI,fs1-3016a20fd3ad
E090::hamirpur,E090,2019-0331-IND,2019-07-14,Uttar Pradesh,Hamirpur,826.9126,0.1936,4271.154307143049,S1,observed,matched,17915.0,matched,observed,interim_s1_only,0.6,False,BOTH,3850.5254,0.2148,ok,,19.4556,SITS_NDWI_RESTORED,fs1-3016a20fd3ad
E090::jalaun,E090,2019-0331-IND,2019-07-14,Uttar Pradesh,Jalaun,808.7951,0.1769,4572.286607377707,S1,observed,matched,17917.0,matched,observed,interim_s1_only,6.1,False,BOTH,3766.6406,0.2147,ok,,7.5222,SITS_NDWI,fs1-3016a20fd3ad
E090::kanpur%20dehat,E090,2019-0331-IND,2019-07-14,Uttar Pradesh,Kanpur Dehat,926.7332,0.1838,5042.756979466441,S1,observed,matched,70269.0,matched,observed,interim_s1_only,9.6,False,BOTH,4839.6776,0.1915,ok,,40.4516,SITS_NDWI,fs1-3016a20fd3ad
E090::kanpur%20nagar,E090,2019-0331-IND,2019-07-14,Uttar Pradesh,Kanpur Nagar,405.8028,0.1397,2904.729879575871,S1,observed,matched,76128533B23710487943819,matched,observed,interim_s1_only,1.3,False,BOTH,2803.3297,0.1448,ok,,26.0236,SITS_NDWI_RESTORED,fs1-3016a20fd3ad
E090::kushinagar,E090,2019-0331-IND,2019-07-14,Uttar Pradesh,Kushinagar,295.0164,0.102,2893.16087554316,S1,observed,matched,70271.0,matched,observed,interim_s1_only,1.3,False,BOTH,2844.4186,0.1037,ok,,289.015,SITS_NDWI,fs1-3016a20fd3ad
E090::lakhimpur%20kheri,E090,2019-0331-IND,2019-07-14,Uttar Pradesh,Lakhimpur Kheri,369.3326,0.0479,7708.742992388735,S1,observed,matched,17921.0,matched,observed,interim_s1_only,9.0,False,BOTH,7230.8731,0.0511,ok,,13.2851,SITS_NDWI,fs1-3016a20fd3ad
E090::mirzapur,E090,2019-0331-IND,2019-07-14,Uttar Pradesh,Mirzapur,486.2501,0.1074,4526.889753258701,S1,observed,matched,17927.0,matched,observed,interim_s1_only,4.5,False,BOTH,3916.54,0.1242,ok,,13.5685,SITS_NDWI,fs1-3016a20fd3ad
E090::pilibhit,E090,2019-0331-IND,2019-07-14,Uttar Pradesh,Pilibhit,251.4441,0.07,3594.1579683602813,S1,observed,matched,17931.0,matched,observed,interim_s1_only,37.9,False,BOTH,3379.1475,0.0744,ok,,2.5811,SITS_NDWI,fs1-3016a20fd3ad
E090::prayagraj,E090,2019-0331-IND,2019-07-14,Uttar Pradesh,Prayagraj,807.8863,0.1476,5474.7102581208,S1,observed,matched,76128533B51368558457506,matched,observed,interim_s1_only,8.8,False,ASCENDING,5053.1415,0.1599,ok,,9.507,SITS_NDWI,fs1-3016a20fd3ad
E090::sant%20kabir%20nagar,E090,2019-0331-IND,2019-07-14,Uttar Pradesh,Sant Kabir Nagar,134.0377,0.1008,1329.179989070325,S1,observed,matched,70275.0,matched,observed,interim_s1_only,6.6,False,BOTH,1268.8107,0.1056,ok,,132.941,SITS_NDWI,fs1-3016a20fd3ad
E090::shrawasti,E090,2019-0331-IND,2019-07-14,Uttar Pradesh,Shrawasti,397.5411,0.2039,1950.0124338087928,S1,observed,matched,76128533B34832354589031,matched,observed,interim_s1_only,28.7,False,BOTH,1867.7991,0.2128,ok,,21.574,SITS_NDWI,fs1-3016a20fd3ad
E090::sitapur,E090,2019-0331-IND,2019-07-14,Uttar Pradesh,Sitapur,160.0567,0.0276,5789.793396469067,S1,observed,matched,17938.0,matched,observed,interim_s1_only,20.0,True,BOTH,5411.2124,0.0296,ok,,10.9126,SITS_NDWI,fs1-3016a20fd3ad
E090::varanasi,E090,2019-0331-IND,2019-07-14,Uttar Pradesh,Varanasi,177.5062,0.1142,1554.288127138641,S1,observed,matched,17943.0,matched,observed,interim_s1_only,8.2,False,BOTH,1499.8488,0.1183,ok,,4.1201,NDWI,fs1-3016a20fd3ad
E091::almora,E091,2019-0331-IND,2019-07-14,Uttarakhand,Almora,6.9545,0.0022,3105.697721313062,S1,observed,matched,70280.0,matched,observed,interim_s1_only,74.2,False,BOTH,84.8558,0.082,ok,,6.9545,S1,fs1-3016a20fd3ad
E091::bageshwar,E091,2019-0331-IND,2019-07-14,Uttarakhand,Bageshwar,1.5446,0.0007,2283.823715697251,S1,observed,matched,70281.0,matched,observed,interim_s1_only,90.4,False,BOTH,38.1041,0.0405,ok,,1.5446,S1,fs1-3016a20fd3ad
E091::chamoli,E091,2019-0331-IND,2019-07-14,Uttarakhand,Chamoli,14.3763,0.0018,7838.316284013912,S1,observed,matched,70282.0,matched,observed,interim_s1_only,76.6,False,BOTH,146.7279,0.098,ok,,14.3763,S1,fs1-3016a20fd3ad
E091::champawat,E091,2019-0331-IND,2019-07-14,Uttarakhand,Champawat,2.666,0.0016,1688.3763040453146,S1,observed,matched,70283.0,matched,observed,interim_s1_only,37.5,False,BOTH,46.9631,0.0568,ok,,0.6588,NDWI,fs1-3016a20fd3ad
E091::dehradun,E091,2019-0331-IND,2019-07-14,Uttarakhand,Dehradun,29.3658,0.0096,3070.1655325092884,S1,observed,matched,17903.0,matched,observed,interim_s1_only,60.5,False,BOTH,982.9091,0.0299,ok,,29.3658,S1,fs1-3016a20fd3ad
E091::haridwar,E091,2019-0331-IND,2019-07-14,Uttarakhand,Haridwar,30.1562,0.0126,2388.487173667367,S1,observed,matched,70284.0,matched,observed,interim_s1_only,32.8,True,BOTH,2028.6973,0.0149,ok,,8.0493,SITS_NDWI,fs1-3016a20fd3ad
E091::nainital,E091,2019-0331-IND,2019-07-14,Uttarakhand,Nainital,11.8945,0.0029,4068.963433579816,S1,observed,matched,70285.0,matched,observed,interim_s1_only,38.2,True,BOTH,1382.9492,0.0086,ok,,1.947,SITS_NDWI,fs1-3016a20fd3ad
E091::pauri%20garhwal,E091,2019-0331-IND,2019-07-14,Uttarakhand,Pauri Garhwal,2.6667,0.0005,5461.918144346134,S1,observed,matched,17910.0,matched,observed,interim_s1_only,57.0,True,BOTH,373.3441,0.0071,ok,,4.2996,NDWI,fs1-3016a20fd3ad
E091::pithoragarh,E091,2019-0331-IND,2019-07-14,Uttarakhand,Pithoragarh,7.8293,0.0011,7209.480621522472,S1,observed,matched,17932.0,matched,observed,interim_s1_only,68.9,False,BOTH,107.4879,0.0728,ok,,7.8293,S1,fs1-3016a20fd3ad
E091::rudraprayag,E091,2019-0331-IND,2019-07-14,Uttarakhand,Rudraprayag,0.8348,0.0007,1215.2753847771737,S1,observed,matched,70286.0,matched,observed,interim_s1_only,66.9,False,BOTH,13.0587,0.0639,ok,,0.8348,S1,fs1-3016a20fd3ad
E091::tehri%20garhwal,E091,2019-0331-IND,2019-07-14,Uttarakhand,Tehri Garhwal,2.3605,0.0005,4393.487663681659,S1,observed,matched,70287.0,matched,observed,interim_s1_only,42.8,False,BOTH,46.9933,0.0502,ok,,0.3592,NDWI,fs1-3016a20fd3ad
E091::udham%20singh%20nagar,E091,2019-0331-IND,2019-07-14,Uttarakhand,Udham Singh Nagar,494.9982,0.1725,2869.388323442663,S1,observed,matched,70288.0,matched,observed,interim_s1_only,9.2,False,BOTH,2584.6152,0.1915,ok,,10.1365,SITS_NDWI,fs1-3016a20fd3ad
E091::uttarkashi,E091,2019-0331-IND,2019-07-14,Uttarakhand,Uttarkashi,8.3467,0.0013,6642.1631687539975,S1,observed,matched,70289.0,matched,observed,interim_s1_only,41.4,False,BOTH,119.6664,0.0697,ok,,1.6766,NDWI,fs1-3016a20fd3ad
E092::alipurduar,E092,2019-0331-IND,2019-07-14,West Bengal,Alipurduar,157.1175,0.056,2805.571892812845,S1,observed,matched,76128533B23858286755005,matched,observed,interim_s1_only,99.3,True,BOTH,2397.164,0.0655,ok,,157.1175,S1,fs1-3016a20fd3ad
E092::bankura,E092,2019-0331-IND,2019-07-14,West Bengal,Bankura,175.3457,0.0251,6981.566770524623,S1,observed,matched,17945.0,matched,observed,interim_s1_only,14.9,True,BOTH,6480.2521,0.0271,ok,,27.153,NDWI,fs1-3016a20fd3ad
E092::birbhum,E092,2019-0331-IND,2019-07-14,West Bengal,Birbhum,1107.8131,0.2426,4566.040490140597,S1,observed,matched,17947.0,matched,observed,interim_s1_only,33.3,False,BOTH,4350.6007,0.2546,ok,,64.6136,NDWI,fs1-3016a20fd3ad
E092::cooch%20behar,E092,2019-0331-IND,2019-07-14,West Bengal,Cooch Behar,1071.1594,0.3258,3288.1312386460245,S1,observed,matched,76128533B64156747739715,matched,observed,interim_s1_only,100.0,False,BOTH,3131.2864,0.3421,unavailable,,1071.1594,S1,fs1-3016a20fd3ad
E092::dakshin%20dinajpur,E092,2019-0331-IND,2019-07-14,West Bengal,Dakshin Dinajpur,860.2229,0.4081,2107.683120443892,S1,observed,matched,70290.0,matched,observed,interim_s1_only,61.1,False,BOTH,1989.8222,0.4323,ok,,860.2229,S1,fs1-3016a20fd3ad
E092::darjeeling,E092,2019-0331-IND,2019-07-14,West Bengal,Darjeeling,39.8227,0.0191,2082.4452472301264,S1,observed,matched,76128533B17109302371020,matched,observed,interim_s1_only,38.9,True,BOTH,826.6807,0.0482,ok,,1.27,SITS_NDWI,fs1-3016a20fd3ad
E092::east%20medinipur,E092,2019-0331-IND,2019-07-14,West Bengal,East Medinipur,159.372,0.0379,4206.535570897585,S1,observed,matched,76128533B25373378863054,matched,observed,interim_s1_only,54.0,False,BOTH,3810.954,0.0418,ok,,34.5026,NDWI,fs1-3016a20fd3ad
E092::hooghly,E092,2019-0331-IND,2019-07-14,West Bengal,Hooghly,99.6714,0.0316,3153.550053477295,S1,observed,matched,76128533B81857725777974,matched,observed,interim_s1_only,48.9,True,BOTH,2927.0037,0.0341,ok,,3.9959,SITS_NDWI,fs1-3016a20fd3ad
E092::howrah,E092,2019-0331-IND,2019-07-14,West Bengal,Howrah,49.9374,0.0344,1451.5753227599494,S1,observed,matched,76128533B22077262393417,matched,observed,interim_s1_only,45.6,False,BOTH,1320.4393,0.0378,ok,,5.1772,NDWI,fs1-3016a20fd3ad
E092::jalpaiguri,E092,2019-0331-IND,2019-07-14,West Bengal,Jalpaiguri,1016.9423,0.164,6200.341009430311,S1,observed,matched,17951.0,matched,observed,interim_s1_only,76.2,False,BOTH,5492.7966,0.1851,ok,,1016.9423,S1,fs1-3016a20fd3ad
E092::jhargram,E092,2019-0331-IND,2019-07-14,West Bengal,Jhargram,58.2874,0.0188,3096.557448030717,S1,observed,matched,76128533B24861976740713,matched,observed,interim_s1_only,19.7,True,BOTH,2836.6669,0.0205,ok,,2.932,NDWI,fs1-3016a20fd3ad
E092::kalimpong,E092,2019-0331-IND,2019-07-14,West Bengal,Kalimpong,0.338,0.0003,1110.1333982291185,S1,observed,matched,76128533B78458325839103,matched,observed,interim_s1_only,75.7,True,BOTH,73.9352,0.0046,ok,,0.338,S1,fs1-3016a20fd3ad
E092::kolkata,E092,2019-0331-IND,2019-07-14,West Bengal,Kolkata,0.1868,0.002,91.84529866788924,S1,observed,matched,70292.0,matched,observed,interim_s1_only,40.1,True,BOTH,78.8807,0.0024,ok,,0.9055,NDWI,fs1-3016a20fd3ad
E092::malda,E092,2019-0331-IND,2019-07-14,West Bengal,Malda,851.4557,0.2385,3569.571917709693,S1,observed,matched,76128533B36734405131975,matched,observed,interim_s1_only,29.2,False,BOTH,3262.3654,0.261,ok,,231.2342,NDWI,fs1-3016a20fd3ad
E092::murshidabad,E092,2019-0331-IND,2019-07-14,West Bengal,Murshidabad,886.6365,0.162,5473.753950605631,S1,observed,matched,17955.0,matched,observed,interim_s1_only,39.0,False,BOTH,5136.0442,0.1726,ok,,28.4212,SITS_NDWI,fs1-3016a20fd3ad
E092::nadia,E092,2019-0331-IND,2019-07-14,West Bengal,Nadia,56.7001,0.0142,3995.2318634205153,S1,observed,matched,17956.0,matched,observed,interim_s1_only,21.8,True,BOTH,3646.9459,0.0155,ok,,11.7795,NDWI,fs1-3016a20fd3ad
E092::north%2024%20parganas,E092,2019-0331-IND,2019-07-14,West Bengal,North 24 Parganas,125.4763,0.0209,6006.604976683008,S1,observed,matched,70293.0,matched,observed,interim_s1_only,34.3,False,BOTH,5030.4328,0.0249,ok,,6.5114,SITS_NDWI,fs1-3016a20fd3ad
E092::paschim%20bardhaman,E092,2019-0331-IND,2019-07-14,West Bengal,Paschim Bardhaman,31.6733,0.0193,1638.342752616779,S1,observed,matched,76128533B60845263086042,matched,observed,interim_s1_only,13.1,True,BOTH,1491.1966,0.0212,ok,,4.3271,SITS_NDWI,fs1-3016a20fd3ad
E092::purba%20bardhaman,E092,2019-0331-IND,2019-07-14,West Bengal,Purba Bardhaman,484.8423,0.0898,5396.808202076744,S1,observed,matched,76128533B59121537940607,matched,observed,interim_s1_only,21.0,True,BOTH,5222.3159,0.0928,ok,,80.4588,NDWI,fs1-3016a20fd3ad
E092::purulia,E092,2019-0331-IND,2019-07-14,West Bengal,Purulia,83.0804,0.0133,6255.530346174724,S1,observed,matched,76128533B16811573188243,matched,observed,interim_s1_only,6.1,True,BOTH,5092.3092,0.0163,ok,,7.5505,SITS_NDWI_RESTORED,fs1-3016a20fd3ad
E092::south%2024%20parganas,E092,2019-0331-IND,2019-07-14,West Bengal,South 24 Parganas,214.8572,0.039,5503.307786632012,S1,observed,matched,70294.0,matched,observed,interim_s1_only,36.2,False,BOTH,4761.6074,0.0451,ok,,35.2917,SITS_NDWI,fs1-3016a20fd3ad
E092::uttar%20dinajpur,E092,2019-0331-IND,2019-07-14,West Bengal,Uttar Dinajpur,1006.3228,0.2998,3356.268468886421,S1,observed,matched,70295.0,matched,observed,interim_s1_only,55.1,False,BOTH,3168.8271,0.3176,ok,,178.5745,NDWI,fs1-3016a20fd3ad
E092::west%20medinipur,E092,2019-0331-IND,2019-07-14,West Bengal,West Medinipur,173.2895,0.0276,6284.990303075887,S1,observed,matched,76128533B88812350838807,matched,observed,interim_s1_only,54.5,True,BOTH,6123.409,0.0283,ok,,5.5352,NDWI,fs1-3016a20fd3ad
E093::alappuzha,E093,2019-0383-IND,2019-08-12,Kerala,Alappuzha,55.3574,0.042,1316.6907112011845,S1,observed,matched,70298.0,matched,observed,interim_s1_only,96.9,False,DESCENDING,1087.5384,0.0509,ok,,55.3574,S1,fs1-3016a20fd3ad
E093::ernakulam,E093,2019-0383-IND,2019-08-12,Kerala,Ernakulam,8.3475,0.0036,2305.474714394872,S1,observed,matched,17699.0,matched,observed,interim_s1_only,83.9,False,DESCENDING,1224.6103,0.0068,ok,,8.3475,S1,fs1-3016a20fd3ad
E093::idukki,E093,2019-0383-IND,2019-08-12,Kerala,Idukki,3.7881,0.0008,5010.411036324633,S1,observed,matched,17700.0,matched,observed,interim_s1_only,94.9,True,DESCENDING,480.7175,0.0079,unavailable,,3.7881,S1,fs1-3016a20fd3ad
E093::kannur,E093,2019-0383-IND,2019-08-12,Kerala,Kannur,1.8182,0.0006,2812.193678917521,S1,observed,matched,17698.0,matched,observed,interim_s1_only,51.3,True,DESCENDING,1003.4021,0.0018,ok,,1.2146,NDWI,fs1-3016a20fd3ad
E093::kasaragod,E093,2019-0383-IND,2019-08-12,Kerala,Kasaragod,2.3852,0.0012,1972.6636827859088,S1,observed,matched,17701.0,matched,observed,interim_s1_only,82.0,True,BOTH,703.4457,0.0034,ok,,2.3852,S1,fs1-3016a20fd3ad
E093::kottayam,E093,2019-0383-IND,2019-08-12,Kerala,Kottayam,31.3028,0.0146,2143.385583622296,S1,observed,matched,17702.0,matched,observed,interim_s1_only,97.1,False,DESCENDING,887.901,0.0353,ok,,31.3028,S1,fs1-3016a20fd3ad
E093::kozhikode,E093,2019-0383-IND,2019-08-12,Kerala,Kozhikode,1.5005,0.0007,2285.6176079375005,S1,observed,matched,17703.0,matched,observed,interim_s1_only,65.6,True,DESCENDING,881.0315,0.0017,ok,,1.5005,S1,fs1-3016a20fd3ad
E093::malappuram,E093,2019-0383-IND,2019-08-12,Kerala,Malappuram,7.7448,0.0022,3517.427723973104,S1,observed,matched,17704.0,matched,observed,interim_s1_only,93.1,True,DESCENDING,1353.5315,0.0057,ok,,7.7448,S1,fs1-3016a20fd3ad
E093::pathanamthitta,E093,2019-0383-IND,2019-08-12,Kerala,Pathanamthitta,4.4182,0.0017,2663.6118314901764,S1,observed,matched,76128533B29330052395581,matched,observed,interim_s1_only,87.5,True,DESCENDING,492.0105,0.009,ok,,4.4182,S1,fs1-3016a20fd3ad
E093::thrissur,E093,2019-0383-IND,2019-08-12,Kerala,Thrissur,22.6573,0.0076,2961.767200211148,S1,observed,matched,17708.0,matched,observed,interim_s1_only,77.6,False,DESCENDING,1501.3132,0.0151,ok,,22.6573,S1,fs1-3016a20fd3ad
E093::wayanad,E093,2019-0383-IND,2019-08-12,Kerala,Wayanad,3.0212,0.0014,2130.300649398313,S1,observed,matched,17710.0,matched,observed,interim_s1_only,90.3,True,DESCENDING,520.2411,0.0058,ok,,3.0212,S1,fs1-3016a20fd3ad
E094::kolhapur,E094,2019-0383-IND,2019-08-12,Maharashtra,Kolhapur,,,7680.572392490604,NONE,missing,matched,17769.0,matched,missing,no_s1,100.0,,DESCENDING,4339.6371,,unavailable,,,NONE,fs1-3016a20fd3ad
E094::sangli,E094,2019-0383-IND,2019-08-12,Maharashtra,Sangli,63.9976,0.0075,8563.308722938114,S1,observed,matched,17780.0,matched,observed,interim_s1_only,84.2,True,DESCENDING,7362.7661,0.0087,ok,,63.9976,S1,fs1-3016a20fd3ad
E095::balangir,E095,2019-0383-IND,2019-08-12,Odisha,Balangir,59.3213,0.009,6589.423663538448,S1,observed,matched,76128533B44395557448920,matched,observed,interim_s1_only,85.3,True,DESCENDING,4997.6022,0.0119,ok,,59.3213,S1,fs1-3016a20fd3ad
E095::kalahandi,E095,2019-0383-IND,2019-08-12,Odisha,Kalahandi,41.476,0.0052,7938.930130032871,S1,observed,matched,17812.0,matched,observed,interim_s1_only,44.8,True,DESCENDING,4516.9205,0.0092,ok,,5.0316,NDWI,fs1-3016a20fd3ad
E095::kandhamal,E095,2019-0383-IND,2019-08-12,Odisha,Kandhamal,24.2991,0.003,8088.528530440674,S1,observed,matched,70217.0,matched,observed,interim_s1_only,29.1,True,DESCENDING,1833.216,0.0133,ok,,1.6714,NDWI,fs1-3016a20fd3ad
E095::nuapada,E095,2019-0383-IND,2019-08-12,Odisha,Nuapada,16.6862,0.0043,3881.856999707553,S1,observed,matched,70223.0,matched,observed,interim_s1_only,100.0,True,DESCENDING,2243.6434,0.0074,unavailable,,16.6862,S1,fs1-3016a20fd3ad
E095::subarnapur,E095,2019-0383-IND,2019-08-12,Odisha,Subarnapur,56.5929,0.024,2356.718060827676,S1,observed,matched,76128533B6884509901047,matched,observed,interim_s1_only,21.8,True,DESCENDING,2125.5315,0.0266,ok,,28.9791,SITS_NDWI,fs1-3016a20fd3ad
E096::birbhum,E096,2019-0383-IND,2019-08-12,West Bengal,Birbhum,1110.3094,0.2432,4566.040490140597,S1,observed,matched,17947.0,matched,observed,interim_s1_only,63.9,False,BOTH,4350.6007,0.2552,ok,,1110.3094,S1,fs1-3016a20fd3ad
E096::darjeeling,E096,2019-0383-IND,2019-08-12,West Bengal,Darjeeling,3.7669,0.0018,2082.445247229802,S1,observed,matched,76128533B17109302371020,matched,observed,interim_s1_only,71.2,True,BOTH,826.6807,0.0046,ok,,3.7669,S1,fs1-3016a20fd3ad
E096::kalimpong,E096,2019-0383-IND,2019-08-12,West Bengal,Kalimpong,0.2433,0.0002,1110.133398229132,S1,observed,matched,76128533B78458325839103,matched,observed,interim_s1_only,94.0,True,BOTH,73.9352,0.0033,ok,,0.2433,S1,fs1-3016a20fd3ad
E096::nadia,E096,2019-0383-IND,2019-08-12,West Bengal,Nadia,72.2368,0.0181,3995.2318634205153,S1,observed,matched,17956.0,matched,observed,interim_s1_only,90.4,True,BOTH,3646.9459,0.0198,ok,,72.2368,S1,fs1-3016a20fd3ad
E097::belagavi,E097,2019-0499-IND,2019-10-19,Karnataka,Belagavi,144.2015,0.0107,13437.79374447446,S1,observed,matched,76128533B74319098136622,matched,observed,interim_s1_only,31.6,True,DESCENDING,10911.9771,0.0132,ok,,32.2466,NDWI,fs1-3016a20fd3ad
E097::gadag,E097,2019-0499-IND,2019-10-19,Karnataka,Gadag,89.1879,0.0192,4647.273331660636,S1,observed,matched,70163.0,matched,observed,interim_s1_only,17.9,True,BOTH,4305.9468,0.0207,ok,,6.0211,NDWI,fs1-3016a20fd3ad
E097::koppal,E097,2019-0499-IND,2019-10-19,Karnataka,Koppal,60.0394,0.0108,5575.478276779294,S1,observed,matched,70165.0,matched,observed,interim_s1_only,12.3,True,BOTH,5066.6839,0.0118,ok,,12.1456,NDWI,fs1-3016a20fd3ad
E098::alappuzha,E098,2019-0499-IND,2019-10-19,Kerala,Alappuzha,43.0215,0.0327,1316.6907112011845,S1,observed,matched,70298.0,matched,observed,interim_s1_only,99.5,False,DESCENDING,1087.5384,0.0396,ok,,43.0215,S1,fs1-3016a20fd3ad
E098::ernakulam,E098,2019-0499-IND,2019-10-19,Kerala,Ernakulam,13.2813,0.0058,2305.474714394872,S1,observed,matched,17699.0,matched,observed,interim_s1_only,92.2,False,DESCENDING,1224.6103,0.0108,ok,,13.2813,S1,fs1-3016a20fd3ad
E098::kannur,E098,2019-0499-IND,2019-10-19,Kerala,Kannur,3.9154,0.0014,2812.193678917521,S1,observed,matched,17698.0,matched,observed,interim_s1_only,100.0,True,DESCENDING,1003.4021,0.0039,unavailable,,3.9154,S1,fs1-3016a20fd3ad
E098::kasaragod,E098,2019-0499-IND,2019-10-19,Kerala,Kasaragod,5.7029,0.0029,1972.6636827859088,S1,observed,matched,17701.0,matched,observed,interim_s1_only,93.7,True,BOTH,703.4457,0.0081,ok,,5.7029,S1,fs1-3016a20fd3ad
E098::kollam,E098,2019-0499-IND,2019-10-19,Kerala,Kollam,2.5313,0.0011,2363.0186325698423,S1,observed,matched,17707.0,matched,observed,interim_s1_only,100.0,True,DESCENDING,826.5589,0.0031,unavailable,,2.5313,S1,fs1-3016a20fd3ad
E098::kottayam,E098,2019-0499-IND,2019-10-19,Kerala,Kottayam,41.233,0.0192,2143.385583622296,S1,observed,matched,17702.0,matched,observed,interim_s1_only,100.0,False,DESCENDING,887.901,0.0464,unavailable,,41.233,S1,fs1-3016a20fd3ad
E098::palakkad,E098,2019-0499-IND,2019-10-19,Kerala,Palakkad,41.7447,0.0093,4489.876823790321,S1,observed,matched,17705.0,matched,observed,interim_s1_only,98.9,True,DESCENDING,1777.7514,0.0235,ok,,41.7447,S1,fs1-3016a20fd3ad
E098::thiruvananthapuram,E098,2019-0499-IND,2019-10-19,Kerala,Thiruvananthapuram,1.3458,0.0007,2047.560453755721,S1,observed,matched,17709.0,matched,observed,interim_s1_only,100.0,True,DESCENDING,719.775,0.0019,unavailable,,1.3458,S1,fs1-3016a20fd3ad
E098::thrissur,E098,2019-0499-IND,2019-10-19,Kerala,Thrissur,38.8918,0.0131,2961.767200211148,S1,observed,matched,17708.0,matched,observed,interim_s1_only,90.2,False,DESCENDING,1501.3132,0.0259,ok,,38.8918,S1,fs1-3016a20fd3ad
E100::puducherry,E100,2019-0574-IND,2019-11-29,Puducherry,Puducherry,3.2266,0.0161,199.99944279980937,S1,observed,matched,70228.0,matched,observed,interim_s1_only,1.6,True,DESCENDING,176.2038,0.0183,ok,,1.146,NDWI,fs1-3016a20fd3ad
E101::coimbatore,E101,2019-0574-IND,2019-11-29,Tamil Nadu,Coimbatore,6.8141,0.0009,7435.549976623285,S1,observed,matched,17867.0,matched,observed,interim_s1_only,4.0,True,DESCENDING,5271.3636,0.0013,ok,,5.2528,SITS_NDWI,fs1-3016a20fd3ad
E101::cuddalore,E101,2019-0574-IND,2019-11-29,Tamil Nadu,Cuddalore,250.8783,0.0654,3834.148317022688,S1,observed,matched,70243.0,matched,observed,interim_s1_only,25.3,False,DESCENDING,3614.8545,0.0694,ok,,17.7097,SITS_NDWI_RESTORED,fs1-3016a20fd3ad
E101::nagapattinam,E101,2019-0574-IND,2019-11-29,Tamil Nadu,Nagapattinam,216.8688,0.0439,4937.704421608838,S1,observed,matched,70247.0,matched,observed,interim_s1_only,47.3,False,DESCENDING,4691.9213,0.0462,ok,,2.5825,SITS_NDWI,fs1-3016a20fd3ad
E101::thiruvarur,E101,2019-0574-IND,2019-11-29,Tamil Nadu,Thiruvarur,48.6371,0.0213,2285.385478948947,S1,observed,matched,76128533B45072089356239,matched,observed,interim_s1_only,46.0,False,DESCENDING,2166.9066,0.0224,ok,,2.3307,SITS_NDWI,fs1-3016a20fd3ad
E101::thoothukudi,E101,2019-0574-IND,2019-11-29,Tamil Nadu,Thoothukudi,234.4629,0.0493,4753.760490296577,S1,observed,matched,17866,matched,observed,interim_s1_only,35.1,False,DESCENDING,4592.2261,0.0511,ok,,4.4382,SITS_NDWI_RESTORED,fs1-3016a20fd3ad
E101::tiruppur,E101,2019-0574-IND,2019-11-29,Tamil Nadu,Tiruppur,5.8425,0.0011,5200.603913602986,S1,observed,matched,76128533B57036825942975,matched,observed,interim_s1_only,5.5,True,DESCENDING,4606.7251,0.0013,ok,,2.0899,SITS_NDWI,fs1-3016a20fd3ad
E103::darrang,E103,2020-0206-IND,2020-05-24,Assam,Darrang,126.1925,0.0368,3426.9679336953163,S1,observed,matched,17578.0,matched,observed,interim_s1_only,100.0,False,BOTH,3074.5271,0.041,unavailable,,126.1925,S1,fs1-3016a20fd3ad
E103::goalpara,E103,2020-0206-IND,2020-05-24,Assam,Goalpara,279.2571,0.1466,1904.60564716237,S1,observed,matched,17581.0,matched,observed,interim_s1_only,84.2,False,BOTH,1408.4225,0.1983,ok,,279.2571,S1,fs1-3016a20fd3ad
E103::lakhimpur,E103,2020-0206-IND,2020-05-24,Assam,Lakhimpur,83.4515,0.0289,2886.5239581816727,S1,observed,matched,70091.0,matched,observed,interim_s1_only,3.1,False,BOTH,2563.3875,0.0326,ok,,83.4385,SITS_NDWI,fs1-3016a20fd3ad
E103::sonitpur,E103,2020-0206-IND,2020-05-24,Assam,Sonitpur,217.5947,0.0465,4676.158375740257,S1,observed,matched,17593.0,matched,observed,interim_s1_only,22.6,False,BOTH,4081.5881,0.0533,ok,,73.1519,SITS_NDWI,fs1-3016a20fd3ad
E103::udalguri,E103,2020-0206-IND,2020-05-24,Assam,Udalguri,9.4447,0.0046,2056.2913712488385,S1,observed,matched,76128533B20307518801538,matched,observed,interim_s1_only,100.0,True,BOTH,1902.4689,0.005,unavailable,,9.4447,S1,fs1-3016a20fd3ad
E106::east%20siang,E106,2020-0304-IND,2020-06-01,Arunachal Pradesh,East Siang,14.713,0.0155,947.3283946599408,S1,observed,matched,17571.0,matched,observed,interim_s1_only,44.4,True,ASCENDING,724.6954,0.0203,ok,,2.7448,SITS_NDWI,fs1-3016a20fd3ad
E106::namsai,E106,2020-0304-IND,2020-06-01,Arunachal Pradesh,Namsai,11.7055,0.0091,1281.1997378272174,S1,observed,matched,76128533B1875965515331,matched,observed,interim_s1_only,8.6,True,BOTH,892.7445,0.0131,ok,,12.0699,SITS_NDWI,fs1-3016a20fd3ad
E107::baksa,E107,2020-0304-IND,2020-06-01,Assam,Baksa,88.7648,0.037,2398.6209171216647,S1,observed,matched,76128533B8221925175605,matched,observed,interim_s1_only,65.8,True,BOTH,2223.2273,0.0399,ok,,88.7648,S1,fs1-3016a20fd3ad
E107::barpeta,E107,2020-0304-IND,2020-06-01,Assam,Barpeta,318.375,0.0979,3253.622989828742,S1,observed,matched,17576.0,matched,observed,interim_s1_only,80.5,False,BOTH,2781.8165,0.1144,ok,,318.375,S1,fs1-3016a20fd3ad
E107::biswanath,E107,2020-0304-IND,2020-06-01,Assam,Biswanath,79.7495,0.0444,1795.9804068303213,S1,observed,matched,76128533B40714385808093,matched,observed,interim_s1_only,45.9,False,ASCENDING,1560.1555,0.0511,ok,,26.572,SITS_NDWI_RESTORED,fs1-3016a20fd3ad
E107::bongaigaon,E107,2020-0304-IND,2020-06-01,Assam,Bongaigaon,47.2974,0.0203,2332.582799042809,S1,observed,matched,70086.0,matched,observed,interim_s1_only,51.4,False,BOTH,1849.5033,0.0256,ok,,4.348,SITS_NDWI,fs1-3016a20fd3ad
E107::cachar,E107,2020-0304-IND,2020-06-01,Assam,Cachar,398.1917,0.1046,3806.329961738336,S1,observed,matched,17577.0,matched,observed,interim_s1_only,77.3,False,ASCENDING,1742.352,0.2285,ok,,398.1917,S1,fs1-3016a20fd3ad
E107::charaideo,E107,2020-0304-IND,2020-06-01,Assam,Charaideo,57.5157,0.0547,1051.5010239181354,S1,observed,matched,76128533B89228414823983,matched,observed,interim_s1_only,18.5,True,ASCENDING,956.9246,0.0601,ok,,8.8972,NDWI,fs1-3016a20fd3ad
E107::chirang,E107,2020-0304-IND,2020-06-01,Assam,Chirang,12.0971,0.0076,1586.6528982343073,S1,observed,matched,76128533B56012535339305,matched,observed,interim_s1_only,6.9,True,BOTH,1479.252,0.0082,ok,,5.3652,SITS_NDWI,fs1-3016a20fd3ad
E107::darrang,E107,2020-0304-IND,2020-06-01,Assam,Darrang,108.8363,0.0318,3426.9679336953163,S1,observed,matched,17578.0,matched,observed,interim_s1_only,85.1,False,BOTH,3074.5271,0.0354,ok,,108.8363,S1,fs1-3016a20fd3ad
E107::dhemaji,E107,2020-0304-IND,2020-06-01,Assam,Dhemaji,100.62,0.0402,2503.3476339074205,S1,observed,matched,70087.0,matched,observed,interim_s1_only,86.6,False,ASCENDING,2240.4877,0.0449,ok,,100.62,S1,fs1-3016a20fd3ad
E107::dhubri,E107,2020-0304-IND,2020-06-01,Assam,Dhubri,95.0426,0.0531,1790.280077462252,S1,observed,matched,76128533B25835998628545,matched,observed,interim_s1_only,18.8,False,BOTH,1545.8668,0.0615,ok,,78.2409,NDWI,fs1-3016a20fd3ad
E107::dibrugarh,E107,2020-0304-IND,2020-06-01,Assam,Dibrugarh,292.1039,0.086,3397.4818067287138,S1,observed,matched,17580.0,matched,observed,interim_s1_only,47.0,False,ASCENDING,2887.5515,0.1012,ok,,9.8553,SITS_NDWI,fs1-3016a20fd3ad
E107::goalpara,E107,2020-0304-IND,2020-06-01,Assam,Goalpara,183.9599,0.0966,1904.60564716237,S1,observed,matched,17581.0,matched,observed,interim_s1_only,79.6,False,BOTH,1408.4225,0.1306,ok,,183.9599,S1,fs1-3016a20fd3ad
E107::golaghat,E107,2020-0304-IND,2020-06-01,Assam,Golaghat,54.4604,0.0154,3532.2679838886856,S1,observed,matched,17582.0,matched,observed,interim_s1_only,12.6,False,ASCENDING,3111.5422,0.0175,ok,,23.3563,SITS_NDWI,fs1-3016a20fd3ad
E107::hojai,E107,2020-0304-IND,2020-06-01,Assam,Hojai,188.8591,0.1297,1456.4677644954024,S1,observed,matched,76128533B70315194619807,matched,observed,interim_s1_only,0.9,False,ASCENDING,989.2694,0.1909,ok,,82.5596,SITS_NDWI,fs1-3016a20fd3ad
E107::jorhat,E107,2020-0304-IND,2020-06-01,Assam,Jorhat,69.5119,0.0245,2842.716884638612,S1,observed,matched,70089.0,matched,observed,interim_s1_only,37.2,False,ASCENDING,2306.1826,0.0301,ok,,35.1785,SITS_NDWI,fs1-3016a20fd3ad
E107::kamrup,E107,2020-0304-IND,2020-06-01,Assam,Kamrup,278.4135,0.064,4348.6225796054405,S1,observed,matched,17583.0,matched,observed,interim_s1_only,100.0,False,BOTH,2833.5254,0.0983,unavailable,,278.4135,S1,fs1-3016a20fd3ad
E107::kamrup%20metropolitan,E107,2020-0304-IND,2020-06-01,Assam,Kamrup Metropolitan,18.6449,0.0165,1131.5412000860365,S1,observed,matched,76128533B38230828972906,matched,observed,interim_s1_only,100.0,True,BOTH,448.608,0.0416,unavailable,,18.6449,S1,fs1-3016a20fd3ad
E107::karbi%20anglong,E107,2020-0304-IND,2020-06-01,Assam,Karbi Anglong,33.0176,0.0032,10446.406497647093,S1,observed,matched,17584.0,matched,observed,interim_s1_only,26.4,True,ASCENDING,2925.3894,0.0113,ok,,21.5396,SITS_NDWI,fs1-3016a20fd3ad
E107::kokrajhar,E107,2020-0304-IND,2020-06-01,Assam,Kokrajhar,27.5088,0.0083,3329.2233881813268,S1,observed,matched,70090.0,matched,observed,interim_s1_only,5.5,True,BOTH,3061.7037,0.009,ok,,26.9759,SITS_NDWI,fs1-3016a20fd3ad
E107::lakhimpur,E107,2020-0304-IND,2020-06-01,Assam,Lakhimpur,97.9712,0.0339,2886.5239581816727,S1,observed,matched,70091.0,matched,observed,interim_s1_only,80.9,False,ASCENDING,2563.3875,0.0382,ok,,97.9712,S1,fs1-3016a20fd3ad
E107::majuli,E107,2020-0304-IND,2020-06-01,Assam,Majuli,67.9414,0.0543,1250.5943287676694,S1,observed,matched,76128533B15157901669242,matched,observed,interim_s1_only,33.2,False,ASCENDING,895.4552,0.0759,ok,,23.9436,SITS_NDWI,fs1-3016a20fd3ad
E107::morigaon,E107,2020-0304-IND,2020-06-01,Assam,Morigaon,169.2202,0.1122,1508.3262903435684,S1,observed,matched,76128533B17968019348564,matched,observed,interim_s1_only,93.9,False,ASCENDING,1311.7575,0.129,ok,,169.2202,S1,fs1-3016a20fd3ad
E107::nagaon,E107,2020-0304-IND,2020-06-01,Assam,Nagaon,364.2071,0.0911,3997.4423095607103,S1,observed,matched,17589.0,matched,observed,interim_s1_only,17.9,False,ASCENDING,3099.3518,0.1175,ok,,39.6906,SITS_NDWI,fs1-3016a20fd3ad
E107::nalbari,E107,2020-0304-IND,2020-06-01,Assam,Nalbari,216.5846,0.0926,2339.8796955273547,S1,observed,matched,17590.0,matched,observed,interim_s1_only,87.5,False,BOTH,2097.5834,0.1033,ok,,216.5846,S1,fs1-3016a20fd3ad
E107::sivasagar,E107,2020-0304-IND,2020-06-01,Assam,Sivasagar,196.4534,0.1287,1526.651765771626,S1,observed,matched,76128533B21722277889516,matched,observed,interim_s1_only,25.2,False,ASCENDING,1387.3046,0.1416,ok,,49.4325,SITS_NDWI_RESTORED,fs1-3016a20fd3ad
E107::sonitpur,E107,2020-0304-IND,2020-06-01,Assam,Sonitpur,179.9831,0.0385,4676.158375740257,S1,observed,matched,17593.0,matched,observed,interim_s1_only,39.5,False,ASCENDING,4081.5881,0.0441,ok,,15.9981,SITS_NDWI,fs1-3016a20fd3ad
E107::south%20salmara,E107,2020-0304-IND,2020-06-01,Assam,South Salmara,67.6869,0.0941,719.1856651342532,S1,observed,matched,76128533B20298037622173,matched,observed,interim_s1_only,34.5,False,BOTH,473.1623,0.1431,ok,,52.2643,NDWI,fs1-3016a20fd3ad
E107::tinsukia,E107,2020-0304-IND,2020-06-01,Assam,Tinsukia,175.7259,0.0463,3799.190193815676,S1,observed,matched,70093.0,matched,observed,interim_s1_only,0.9,False,BOTH,3303.9786,0.0532,ok,,45.3302,SITS_NDWI,fs1-3016a20fd3ad
E107::udalguri,E107,2020-0304-IND,2020-06-01,Assam,Udalguri,46.8793,0.0228,2056.2913712488385,S1,observed,matched,76128533B20307518801538,matched,observed,interim_s1_only,69.7,True,BOTH,1902.4689,0.0246,ok,,46.8793,S1,fs1-3016a20fd3ad
E107::west%20karbi%20anglong,E107,2020-0304-IND,2020-06-01,Assam,West Karbi Anglong,13.619,0.0044,3106.68686919722,S1,observed,matched,76128533B57995625790051,matched,observed,interim_s1_only,35.7,True,ASCENDING,757.2,0.018,ok,,22.3946,NDWI,fs1-3016a20fd3ad
E108::darbhanga,E108,2020-0304-IND,2020-06-01,Bihar,Darbhanga,29.066,0.0127,2293.727225126986,S1,observed,matched,17598.0,matched,observed,interim_s1_only,25.5,True,BOTH,2116.2992,0.0137,ok,,3.6629,SITS_NDWI,fs1-3016a20fd3ad
E108::east%20champaran,E108,2020-0304-IND,2020-06-01,Bihar,East Champaran,39.3547,0.0093,4209.432168721379,S1,observed,matched,76128533B49017555803526,matched,observed,interim_s1_only,0.7,True,BOTH,4047.632,0.0097,ok,,23.6743,SITS_NDWI_RESTORED,fs1-3016a20fd3ad
E108::gopalganj,E108,2020-0304-IND,2020-06-01,Bihar,Gopalganj,21.7583,0.0106,2044.660708589624,S1,observed,matched,17604.0,matched,observed,interim_s1_only,0.7,True,BOTH,2001.4418,0.0109,ok,,6.8787,SITS_NDWI,fs1-3016a20fd3ad
E108::khagaria,E108,2020-0304-IND,2020-06-01,Bihar,Khagaria,8.4803,0.0057,1494.410012910706,S1,observed,matched,17609.0,matched,observed,interim_s1_only,26.1,False,BOTH,1407.6251,0.006,ok,,1.1852,SITS_NDWI,fs1-3016a20fd3ad
E108::kishanganj,E108,2020-0304-IND,2020-06-01,Bihar,Kishanganj,13.1609,0.0068,1932.7539351616576,S1,observed,matched,70100.0,matched,observed,interim_s1_only,3.2,True,BOTH,1852.9673,0.0071,ok,,7.2715,SITS_NDWI,fs1-3016a20fd3ad
E108::madhepura,E108,2020-0304-IND,2020-06-01,Bihar,Madhepura,4.7068,0.0026,1841.8576584602,S1,observed,matched,17612.0,matched,observed,interim_s1_only,19.6,True,BOTH,1815.6229,0.0026,ok,,3.9729,NDWI,fs1-3016a20fd3ad
E108::madhubani,E108,2020-0304-IND,2020-06-01,Bihar,Madhubani,11.9885,0.0035,3457.42262983169,S1,observed,matched,17611.0,matched,observed,interim_s1_only,9.8,True,BOTH,3212.7477,0.0037,ok,,5.8835,SITS_NDWI_RESTORED,fs1-3016a20fd3ad
E108::muzaffarpur,E108,2020-0304-IND,2020-06-01,Bihar,Muzaffarpur,25.9486,0.0081,3192.441978127565,S1,observed,matched,17613.0,matched,observed,interim_s1_only,15.8,True,BOTH,3129.3395,0.0083,ok,,4.6665,SITS_NDWI,fs1-3016a20fd3ad
E108::saharsa,E108,2020-0304-IND,2020-06-01,Bihar,Saharsa,13.4531,0.0079,1692.2702412487936,S1,observed,matched,17624.0,matched,observed,interim_s1_only,28.2,False,BOTH,1597.4024,0.0084,ok,,1.283,SITS_NDWI,fs1-3016a20fd3ad
E108::samastipur,E108,2020-0304-IND,2020-06-01,Bihar,Samastipur,6.9759,0.0024,2911.492917812177,S1,observed,matched,17626.0,matched,observed,interim_s1_only,54.6,True,BOTH,2732.2727,0.0026,ok,,1.5063,NDWI,fs1-3016a20fd3ad
E108::saran,E108,2020-0304-IND,2020-06-01,Bihar,Saran,47.6751,0.018,2650.3366911206285,S1,observed,matched,17628.0,matched,observed,interim_s1_only,2.8,False,BOTH,2555.315,0.0187,ok,,18.8081,SITS_NDWI,fs1-3016a20fd3ad
E108::sheohar,E108,2020-0304-IND,2020-06-01,Bihar,Sheohar,2.1716,0.0038,575.6280849211931,S1,observed,matched,70103.0,matched,observed,interim_s1_only,1.5,True,BOTH,566.1197,0.0038,ok,,1.9489,SITS_NDWI,fs1-3016a20fd3ad
E108::sitamarhi,E108,2020-0304-IND,2020-06-01,Bihar,Sitamarhi,5.2412,0.0025,2075.1609189491032,S1,observed,matched,17630.0,matched,observed,interim_s1_only,3.6,True,BOTH,2019.8231,0.0026,ok,,3.8424,SITS_NDWI_RESTORED,fs1-3016a20fd3ad
E108::siwan,E108,2020-0304-IND,2020-06-01,Bihar,Siwan,23.3487,0.0105,2229.6509970655925,S1,observed,matched,17631.0,matched,observed,interim_s1_only,1.8,True,BOTH,2163.4697,0.0108,ok,,13.3042,SITS_NDWI_RESTORED,fs1-3016a20fd3ad
E108::supaul,E108,2020-0304-IND,2020-06-01,Bihar,Supaul,34.6376,0.0144,2399.2927702222696,S1,observed,matched,70104.0,matched,observed,interim_s1_only,23.8,False,BOTH,2327.5369,0.0149,ok,,12.7162,SITS_NDWI,fs1-3016a20fd3ad
E108::west%20champaran,E108,2020-0304-IND,2020-06-01,Bihar,West Champaran,87.3721,0.0168,5214.198372330475,S1,observed,matched,76128533B17762399278073,matched,observed,interim_s1_only,1.2,True,BOTH,4613.9716,0.0189,ok,,5.6152,SITS_NDWI,fs1-3016a20fd3ad
E109::balod,E109,2020-0304-IND,2020-06-01,Chhattisgarh,Balod,9.5254,0.0028,3424.6142622764123,S1,observed,matched,76128533B90169585758701,matched,observed,interim_s1_only,0.4,True,DESCENDING,2904.5758,0.0033,ok,,40.9269,SITS_NDWI,fs1-3016a20fd3ad
E109::balodabazar,E109,2020-0304-IND,2020-06-01,Chhattisgarh,Balodabazar,49.3428,0.0124,3980.136098307729,S1,observed,matched,76128533B54306414631532,matched,observed,interim_s1_only,0.5,True,DESCENDING,3112.3722,0.0159,ok,,15.9832,SITS_NDWI,fs1-3016a20fd3ad
E109::balrampur,E109,2020-0304-IND,2020-06-01,Chhattisgarh,Balrampur,54.7745,0.0071,7697.7932658673,S1,observed,matched,76128533B14598081584747,matched,observed,interim_s1_only,12.3,True,BOTH,4098.2421,0.0134,ok,,5.4568,NDWI,fs1-3016a20fd3ad
E109::bastar,E109,2020-0304-IND,2020-06-01,Chhattisgarh,Bastar,170.8712,0.0114,14993.252103989971,S1,observed,matched,70105.0,matched,observed,interim_s1_only,28.4,True,DESCENDING,9149.3762,0.0187,ok,,8.9866,SITS_NDWI,fs1-3016a20fd3ad
E109::bijapur,E109,2020-0304-IND,2020-06-01,Chhattisgarh,Bijapur,20.462,0.0022,9166.228880349568,S1,observed,matched,76128533B66145460152555,matched,observed,interim_s1_only,9.1,True,DESCENDING,5703.6185,0.0036,ok,,5.38,NDWI,fs1-3016a20fd3ad
E109::dantewada,E109,2020-0304-IND,2020-06-01,Chhattisgarh,Dantewada,67.3798,0.0039,17077.80807219265,S1,observed,matched,70107.0,matched,observed,interim_s1_only,35.0,True,DESCENDING,10709.8921,0.0063,ok,,7.102,NDWI,fs1-3016a20fd3ad
E109::dhamtari,E109,2020-0304-IND,2020-06-01,Chhattisgarh,Dhamtari,18.8231,0.0046,4074.566265206066,S1,observed,matched,70108.0,matched,observed,interim_s1_only,2.4,True,DESCENDING,3313.6933,0.0057,ok,,7.6974,NDWI,fs1-3016a20fd3ad
E109::gariyaband,E109,2020-0304-IND,2020-06-01,Chhattisgarh,Gariyaband,25.1348,0.0051,4884.817356965688,S1,observed,matched,76128533B93063337202124,matched,observed,interim_s1_only,10.9,True,DESCENDING,2957.5403,0.0085,ok,,4.3893,SITS_NDWI,fs1-3016a20fd3ad
E109::janjgir-champa,E109,2020-0304-IND,2020-06-01,Chhattisgarh,Janjgir-Champa,62.3018,0.016,3884.879746251652,S1,observed,matched,70109.0,matched,observed,interim_s1_only,4.8,True,DESCENDING,3426.1222,0.0182,ok,,6.5586,SITS_NDWI_RESTORED,fs1-3016a20fd3ad
E109::jashpur,E109,2020-0304-IND,2020-06-01,Chhattisgarh,Jashpur,14.0436,0.0024,5837.85108396611,S1,observed,matched,70110.0,matched,observed,interim_s1_only,16.1,True,DESCENDING,3101.5237,0.0045,ok,,5.9718,NDWI,fs1-3016a20fd3ad
E109::kabirdham,E109,2020-0304-IND,2020-06-01,Chhattisgarh,Kabirdham,13.9896,0.0033,4238.122137436689,S1,observed,matched,76128533B48077510234542,matched,observed,interim_s1_only,20.8,True,DESCENDING,2451.5297,0.0057,ok,,48.1058,SITS_NDWI,fs1-3016a20fd3ad
E109::kanker,E109,2020-0304-IND,2020-06-01,Chhattisgarh,Kanker,39.2027,0.0055,7178.171664130548,S1,observed,matched,70111.0,matched,observed,interim_s1_only,3.4,True,DESCENDING,4830.5317,0.0081,ok,,6.5654,NDWI,fs1-3016a20fd3ad
E109::kondagaon,E109,2020-0304-IND,2020-06-01,Chhattisgarh,Kondagaon,36.4317,0.007,5191.089149731457,S1,observed,matched,76128533B12144400448811,matched,observed,interim_s1_only,14.8,True,DESCENDING,3819.9589,0.0095,ok,,6.5861,NDWI,fs1-3016a20fd3ad
E109::koriya,E109,2020-0304-IND,2020-06-01,Chhattisgarh,Koriya,20.2813,0.003,6652.802732133683,S1,observed,matched,70114.0,matched,observed,interim_s1_only,15.5,True,DESCENDING,3565.3988,0.0057,ok,,2.7838,SITS_NDWI,fs1-3016a20fd3ad
E109::mungeli,E109,2020-0304-IND,2020-06-01,Chhattisgarh,Mungeli,5.1131,0.002,2554.8731088739232,S1,observed,matched,76128533B17292264941997,matched,observed,interim_s1_only,1.3,True,DESCENDING,1895.0407,0.0027,pending,,5.1131,S1,fs1-3016a20fd3ad
E109::narayanpur,E109,2020-0304-IND,2020-06-01,Chhattisgarh,Narayanpur,6.4905,0.0017,3840.847589539658,S1,observed,matched,76128533B89979485471283,matched,observed,interim_s1_only,27.4,True,DESCENDING,1355.1998,0.0048,pending,,6.4905,S1,fs1-3016a20fd3ad
E109::raigarh,E109,2020-0304-IND,2020-06-01,Chhattisgarh,Raigarh,49.5076,0.007,7102.445664121135,S1,observed,matched,70297.0,matched,observed,interim_s1_only,9.5,True,DESCENDING,4909.2515,0.0101,pending,,49.5076,S1,fs1-3016a20fd3ad
E109::raipur,E109,2020-0304-IND,2020-06-01,Chhattisgarh,Raipur,112.0761,0.009,12483.455862122348,S1,observed,matched,70116.0,matched,observed,interim_s1_only,4.5,True,DESCENDING,9366.8459,0.012,pending,,112.0761,S1,fs1-3016a20fd3ad
E109::rajnandgaon,E109,2020-0304-IND,2020-06-01,Chhattisgarh,Rajnandgaon,39.3482,0.0049,8087.838209926009,S1,observed,matched,70117.0,matched,observed,interim_s1_only,5.4,True,DESCENDING,6160.9946,0.0064,pending,,39.3482,S1,fs1-3016a20fd3ad
E109::sukma,E109,2020-0304-IND,2020-06-01,Chhattisgarh,Sukma,35.2414,0.0062,5670.751812032168,S1,observed,matched,76128533B53316015271969,matched,observed,interim_s1_only,83.3,True,DESCENDING,3850.226,0.0092,pending,,35.2414,S1,fs1-3016a20fd3ad
E109::surajpur,E109,2020-0304-IND,2020-06-01,Chhattisgarh,Surajpur,57.5625,0.0182,3160.829851999189,S1,observed,matched,76128533B46979893461805,matched,observed,interim_s1_only,6.9,True,DESCENDING,2224.6249,0.0259,pending,,57.5625,S1,fs1-3016a20fd3ad
E110::ahmedabad,E110,2020-0304-IND,2020-06-01,Gujarat,Ahmedabad,1408.7961,0.1937,7272.000354400464,S1,observed,matched,76128533B93113981386565,matched,observed,interim_s1_only,0.7,False,DESCENDING,6623.7034,0.2127,pending,,1408.7961,S1,fs1-3016a20fd3ad
E110::amreli,E110,2020-0304-IND,2020-06-01,Gujarat,Amreli,176.1755,0.024,7335.055339616136,S1,observed,matched,17636.0,matched,observed,interim_s1_only,14.9,True,DESCENDING,6520.1448,0.027,pending,,176.1755,S1,fs1-3016a20fd3ad
E110::anand,E110,2020-0304-IND,2020-06-01,Gujarat,Anand,75.5824,0.0279,2708.431476288587,S1,observed,matched,70124.0,matched,observed,interim_s1_only,1.5,True,DESCENDING,2518.5538,0.03,pending,,75.5824,S1,fs1-3016a20fd3ad
E110::bharuch,E110,2020-0304-IND,2020-06-01,Gujarat,Bharuch,409.0656,0.0774,5286.80850824333,S1,observed,matched,17638.0,matched,observed,interim_s1_only,1.0,False,DESCENDING,4616.1811,0.0886,pending,,409.0656,S1,fs1-3016a20fd3ad
E110::bhavnagar,E110,2020-0304-IND,2020-06-01,Gujarat,Bhavnagar,444.2554,0.0549,8098.916054779909,S1,observed,matched,17639.0,matched,observed,interim_s1_only,6.3,True,DESCENDING,7330.648,0.0606,pending,,444.2554,S1,fs1-3016a20fd3ad
E110::botad,E110,2020-0304-IND,2020-06-01,Gujarat,Botad,68.0375,0.0258,2635.4766256069506,S1,observed,matched,76128533B48885555323596,matched,observed,interim_s1_only,0.3,True,DESCENDING,2560.9719,0.0266,pending,,68.0375,S1,fs1-3016a20fd3ad
E110::devbhumi%20dwarka,E110,2020-0304-IND,2020-06-01,Gujarat,Devbhumi Dwarka,143.9437,0.0333,4320.429272751922,S1,observed,matched,76128533B74381554567803,matched,observed,interim_s1_only,6.5,True,DESCENDING,3892.1695,0.037,pending,,143.9437,S1,fs1-3016a20fd3ad
E110::gandhinagar,E110,2020-0304-IND,2020-06-01,Gujarat,Gandhinagar,83.7919,0.0485,1727.568227550091,S1,observed,matched,17640.0,matched,observed,interim_s1_only,0.0,True,DESCENDING,1578.9874,0.0531,pending,,83.7919,S1,fs1-3016a20fd3ad
E110::gir%20somnath,E110,2020-0304-IND,2020-06-01,Gujarat,Gir Somnath,21.4109,0.0057,3780.874903082573,S1,observed,matched,76128533B45037556977273,matched,observed,interim_s1_only,14.1,True,DESCENDING,3075.7366,0.007,pending,,21.4109,S1,fs1-3016a20fd3ad
E110::jamnagar,E110,2020-0304-IND,2020-06-01,Gujarat,Jamnagar,570.1848,0.0527,10822.719279552311,S1,observed,matched,17641.0,matched,observed,interim_s1_only,6.4,True,DESCENDING,9782.7889,0.0583,pending,,570.1848,S1,fs1-3016a20fd3ad
E110::junagadh,E110,2020-0304-IND,2020-06-01,Gujarat,Junagadh,211.844,0.0258,8217.26323932205,S1,observed,matched,17642.0,matched,observed,interim_s1_only,15.1,True,DESCENDING,7214.2731,0.0294,pending,,211.844,S1,fs1-3016a20fd3ad
E110::kutch,E110,2020-0304-IND,2020-06-01,Gujarat,Kutch,5664.3827,0.1325,42739.022712293714,S1,observed,matched,76128533B91881382098572,matched,observed,interim_s1_only,5.0,False,BOTH,35085.3148,0.1614,pending,,5664.3827,S1,fs1-3016a20fd3ad
E110::mehsana,E110,2020-0304-IND,2020-06-01,Gujarat,Mehsana,1031.793,0.2346,4397.478999391727,S1,observed,matched,76128533B81661995166840,matched,observed,interim_s1_only,0.0,False,DESCENDING,4185.3479,0.2465,pending,,1031.793,S1,fs1-3016a20fd3ad
E110::morbi,E110,2020-0304-IND,2020-06-01,Gujarat,Morbi,340.0329,0.0702,4845.3888221565,S1,observed,matched,76128533B2080752988715,matched,observed,interim_s1_only,3.0,True,DESCENDING,4598.5249,0.0739,pending,,340.0329,S1,fs1-3016a20fd3ad
E110::narmada,E110,2020-0304-IND,2020-06-01,Gujarat,Narmada,11.6808,0.0045,2575.207321742988,S1,observed,matched,70126.0,matched,observed,interim_s1_only,2.7,False,DESCENDING,1246.0082,0.0094,pending,,11.6808,S1,fs1-3016a20fd3ad
E110::navsari,E110,2020-0304-IND,2020-06-01,Gujarat,Navsari,14.1519,0.0067,2097.600482441035,S1,observed,matched,70127.0,matched,observed,interim_s1_only,18.6,True,DESCENDING,1702.3987,0.0083,pending,,14.1519,S1,fs1-3016a20fd3ad
E110::patan,E110,2020-0304-IND,2020-06-01,Gujarat,Patan,226.0923,0.0376,6017.262722245363,S1,observed,matched,70129.0,matched,observed,interim_s1_only,0.0,True,DESCENDING,5815.1637,0.0389,pending,,226.0923,S1,fs1-3016a20fd3ad
E110::porbandar,E110,2020-0304-IND,2020-06-01,Gujarat,Porbandar,79.0158,0.0333,2369.3926933976804,S1,observed,matched,70130.0,matched,observed,interim_s1_only,3.8,True,DESCENDING,2208.7117,0.0358,pending,,79.0158,S1,fs1-3016a20fd3ad
E110::rajkot,E110,2020-0304-IND,2020-06-01,Gujarat,Rajkot,609.8781,0.0546,11175.751593133718,S1,observed,matched,17647.0,matched,observed,interim_s1_only,7.3,True,DESCENDING,10594.8875,0.0576,pending,,609.8781,S1,fs1-3016a20fd3ad
E110::sabarkantha,E110,2020-0304-IND,2020-06-01,Gujarat,Sabarkantha,235.959,0.0316,7457.412888463912,S1,observed,matched,17648.0,matched,observed,interim_s1_only,0.0,True,DESCENDING,5966.5938,0.0395,pending,,235.959,S1,fs1-3016a20fd3ad
E110::surat,E110,2020-0304-IND,2020-06-01,Gujarat,Surat,70.2685,0.0094,7486.82173633887,S1,observed,matched,17649.0,matched,observed,interim_s1_only,11.1,False,DESCENDING,5860.6038,0.012,pending,,70.2685,S1,fs1-3016a20fd3ad
E110::surendranagar,E110,2020-0304-IND,2020-06-01,Gujarat,Surendranagar,237.1536,0.0226,10480.710406373057,S1,observed,matched,17650.0,matched,observed,interim_s1_only,0.5,True,DESCENDING,10206.8505,0.0232,pending,,237.1536,S1,fs1-3016a20fd3ad
E110::tapi,E110,2020-0304-IND,2020-06-01,Gujarat,Tapi,8.2594,0.0026,3222.2181213994645,S1,observed,matched,76128533B12519626815499,matched,observed,interim_s1_only,23.8,False,DESCENDING,2093.7467,0.0039,pending,,8.2594,S1,fs1-3016a20fd3ad
E110::vadodara,E110,2020-0304-IND,2020-06-01,Gujarat,Vadodara,97.5905,0.0126,7758.226506800483,S1,observed,matched,17652.0,matched,observed,interim_s1_only,3.4,True,DESCENDING,6686.8143,0.0146,pending,,97.5905,S1,fs1-3016a20fd3ad
E111::bagalkot,E111,2020-0304-IND,2020-06-01,Karnataka,Bagalkot,141.9962,0.0216,6575.100985988591,S1,observed,matched,70157.0,matched,observed,interim_s1_only,1.5,True,DESCENDING,5858.5775,0.0242,pending,,141.9962,S1,fs1-3016a20fd3ad
E111::belagavi,E111,2020-0304-IND,2020-06-01,Karnataka,Belagavi,54.1649,0.004,13437.793744475348,S1,observed,matched,76128533B74319098136622,matched,observed,interim_s1_only,24.2,True,DESCENDING,10911.9771,0.005,pending,,54.1649,S1,fs1-3016a20fd3ad
E111::chamarajanagar,E111,2020-0304-IND,2020-06-01,Karnataka,Chamarajanagar,7.6647,0.0013,5769.577402856972,S1,observed,matched,76128533B16628456658675,matched,observed,interim_s1_only,84.1,True,DESCENDING,3148.4148,0.0024,pending,,7.6647,S1,fs1-3016a20fd3ad
E111::chikkamagaluru,E111,2020-0304-IND,2020-06-01,Karnataka,Chikkamagaluru,18.5362,0.0027,6937.32502311172,S1,observed,matched,76128533B15550697205080,matched,observed,interim_s1_only,42.3,True,BOTH,3145.504,0.0059,pending,,18.5362,S1,fs1-3016a20fd3ad
E111::kodagu,E111,2020-0304-IND,2020-06-01,Karnataka,Kodagu,1.3019,0.0003,4111.781559839673,S1,observed,matched,17689.0,matched,observed,interim_s1_only,68.1,True,BOTH,1106.2873,0.0012,pending,,1.3019,S1,fs1-3016a20fd3ad
E111::mysuru,E111,2020-0304-IND,2020-06-01,Karnataka,Mysuru,21.4389,0.0033,6454.066401223182,S1,observed,matched,76128533B95879808095476,matched,observed,interim_s1_only,37.2,True,DESCENDING,5324.391,0.004,pending,,21.4389,S1,fs1-3016a20fd3ad
E111::raichur,E111,2020-0304-IND,2020-06-01,Karnataka,Raichur,119.065,0.0141,8465.297775287587,S1,observed,matched,17693.0,matched,observed,interim_s1_only,7.0,True,DESCENDING,7642.1413,0.0156,pending,,119.065,S1,fs1-3016a20fd3ad
E111::shivamogga,E111,2020-0304-IND,2020-06-01,Karnataka,Shivamogga,9.8259,0.0012,8475.375992281286,S1,observed,matched,76128533B85389886560116,matched,observed,interim_s1_only,21.6,True,BOTH,4753.5743,0.0021,pending,,9.8259,S1,fs1-3016a20fd3ad
E111::vijayapura,E111,2020-0304-IND,2020-06-01,Karnataka,Vijayapura,166.8066,0.016,10440.064567410886,S1,observed,matched,76128533B40495457052818,matched,observed,interim_s1_only,0.2,True,DESCENDING,9880.7524,0.0169,pending,,166.8066,S1,fs1-3016a20fd3ad
E112::alappuzha,E112,2020-0304-IND,2020-06-01,Kerala,Alappuzha,30.1827,0.0229,1316.6907112011845,S1,observed,matched,70298.0,matched,observed,interim_s1_only,97.4,False,DESCENDING,1087.5384,0.0278,pending,,30.1827,S1,fs1-3016a20fd3ad
E112::ernakulam,E112,2020-0304-IND,2020-06-01,Kerala,Ernakulam,2.7149,0.0012,2305.474714394872,S1,observed,matched,17699.0,matched,observed,interim_s1_only,95.3,True,DESCENDING,1224.6103,0.0022,pending,,2.7149,S1,fs1-3016a20fd3ad
E112::idukki,E112,2020-0304-IND,2020-06-01,Kerala,Idukki,0.7194,0.0001,5010.411036324633,S1,observed,matched,17700.0,matched,observed,interim_s1_only,99.5,True,DESCENDING,480.7175,0.0015,pending,,0.7194,S1,fs1-3016a20fd3ad
E112::kannur,E112,2020-0304-IND,2020-06-01,Kerala,Kannur,2.4478,0.0009,2812.193678917521,S1,observed,matched,17698.0,matched,observed,interim_s1_only,62.2,True,DESCENDING,1003.4021,0.0024,pending,,2.4478,S1,fs1-3016a20fd3ad
E112::kasaragod,E112,2020-0304-IND,2020-06-01,Kerala,Kasaragod,2.702,0.0014,1972.6636827859088,S1,observed,matched,17701.0,matched,observed,interim_s1_only,89.3,True,BOTH,703.4457,0.0038,pending,,2.702,S1,fs1-3016a20fd3ad
E112::kollam,E112,2020-0304-IND,2020-06-01,Kerala,Kollam,3.1339,0.0013,2363.0186325698423,S1,observed,matched,17707.0,matched,observed,interim_s1_only,65.7,True,DESCENDING,826.5589,0.0038,pending,,3.1339,S1,fs1-3016a20fd3ad
E112::kottayam,E112,2020-0304-IND,2020-06-01,Kerala,Kottayam,16.5647,0.0077,2143.385583622296,S1,observed,matched,17702.0,matched,observed,interim_s1_only,99.8,False,DESCENDING,887.901,0.0187,pending,,16.5647,S1,fs1-3016a20fd3ad
E112::kozhikode,E112,2020-0304-IND,2020-06-01,Kerala,Kozhikode,5.7148,0.0025,2285.6176079375005,S1,observed,matched,17703.0,matched,observed,interim_s1_only,56.2,True,DESCENDING,881.0315,0.0065,pending,,5.7148,S1,fs1-3016a20fd3ad
E112::malappuram,E112,2020-0304-IND,2020-06-01,Kerala,Malappuram,6.5259,0.0019,3517.427723973104,S1,observed,matched,17704.0,matched,observed,interim_s1_only,66.7,True,DESCENDING,1353.5315,0.0048,pending,,6.5259,S1,fs1-3016a20fd3ad
E112::palakkad,E112,2020-0304-IND,2020-06-01,Kerala,Palakkad,3.6231,0.0008,4489.876823790321,S1,observed,matched,17705.0,matched,observed,interim_s1_only,92.9,True,DESCENDING,1777.7514,0.002,pending,,3.6231,S1,fs1-3016a20fd3ad
E112::pathanamthitta,E112,2020-0304-IND,2020-06-01,Kerala,Pathanamthitta,1.5929,0.0006,2663.6118314901764,S1,observed,matched,76128533B29330052395581,matched,observed,interim_s1_only,88.8,True,DESCENDING,492.0105,0.0032,pending,,1.5929,S1,fs1-3016a20fd3ad
E112::thiruvananthapuram,E112,2020-0304-IND,2020-06-01,Kerala,Thiruvananthapuram,1.3333,0.0007,2047.560453755721,S1,observed,matched,17709.0,matched,observed,interim_s1_only,34.1,True,DESCENDING,719.775,0.0019,pending,,1.3333,S1,fs1-3016a20fd3ad
E112::thrissur,E112,2020-0304-IND,2020-06-01,Kerala,Thrissur,21.4784,0.0073,2961.767200211148,S1,observed,matched,17708.0,matched,observed,interim_s1_only,80.0,True,DESCENDING,1501.3132,0.0143,pending,,21.4784,S1,fs1-3016a20fd3ad
E112::wayanad,E112,2020-0304-IND,2020-06-01,Kerala,Wayanad,0.4467,0.0002,2130.300649398313,S1,observed,matched,17710.0,matched,observed,interim_s1_only,55.0,True,DESCENDING,520.2411,0.0009,pending,,0.4467,S1,fs1-3016a20fd3ad
E113::alirajpur,E113,2020-0304-IND,2020-06-01,Madhya Pradesh,Alirajpur,50.4684,0.0152,3328.147125634416,S1,observed,matched,76128533B35167844027544,matched,observed,interim_s1_only,16.4,True,DESCENDING,1932.9656,0.0261,pending,,50.4684,S1,fs1-3016a20fd3ad
E113::balaghat,E113,2020-0304-IND,2020-06-01,Madhya Pradesh,Balaghat,29.1764,0.0031,9273.202911700502,S1,observed,matched,17712.0,matched,observed,interim_s1_only,2.4,True,DESCENDING,6244.7907,0.0047,pending,,29.1764,S1,fs1-3016a20fd3ad
E113::barwani,E113,2020-0304-IND,2020-06-01,Madhya Pradesh,Barwani,14.5556,0.0027,5438.720763562563,S1,observed,matched,70170.0,matched,observed,interim_s1_only,24.8,True,DESCENDING,3011.5193,0.0048,pending,,14.5556,S1,fs1-3016a20fd3ad
E113::betul,E113,2020-0304-IND,2020-06-01,Madhya Pradesh,Betul,45.3568,0.0045,10094.739119322416,S1,observed,matched,17714.0,matched,observed,interim_s1_only,2.8,True,DESCENDING,5947.3184,0.0076,pending,,45.3568,S1,fs1-3016a20fd3ad
E113::bhopal,E113,2020-0304-IND,2020-06-01,Madhya Pradesh,Bhopal,0.2956,0.0001,2728.200542472355,S1,observed,matched,17716.0,matched,observed,interim_s1_only,0.0,True,DESCENDING,2449.8108,0.0001,pending,,0.2956,S1,fs1-3016a20fd3ad
E113::chhatarpur,E113,2020-0304-IND,2020-06-01,Madhya Pradesh,Chhatarpur,193.0446,0.0221,8731.555849631459,S1,observed,matched,17718.0,matched,observed,interim_s1_only,0.5,True,DESCENDING,7283.5736,0.0265,pending,,193.0446,S1,fs1-3016a20fd3ad
E113::chhindwara,E113,2020-0304-IND,2020-06-01,Madhya Pradesh,Chhindwara,55.1054,0.0047,11835.366817221411,S1,observed,matched,17719.0,matched,observed,interim_s1_only,1.2,True,DESCENDING,7001.8726,0.0079,pending,,55.1054,S1,fs1-3016a20fd3ad
E113::damoh,E113,2020-0304-IND,2020-06-01,Madhya Pradesh,Damoh,209.3865,0.0284,7370.294062152793,S1,observed,matched,17720.0,matched,observed,interim_s1_only,0.0,True,DESCENDING,6042.8053,0.0347,pending,,209.3865,S1,fs1-3016a20fd3ad
E113::dewas,E113,2020-0304-IND,2020-06-01,Madhya Pradesh,Dewas,4.0567,0.0006,6974.172329238148,S1,observed,matched,17722.0,matched,observed,interim_s1_only,6.9,True,DESCENDING,5931.2577,0.0007,pending,,4.0567,S1,fs1-3016a20fd3ad
E113::dhar,E113,2020-0304-IND,2020-06-01,Madhya Pradesh,Dhar,44.6677,0.0055,8154.940181899847,S1,observed,matched,17723.0,matched,observed,interim_s1_only,27.1,True,DESCENDING,6311.3987,0.0071,pending,,44.6677,S1,fs1-3016a20fd3ad
E113::dindori,E113,2020-0304-IND,2020-06-01,Madhya Pradesh,Dindori,8.4334,0.0013,6504.619166448908,S1,observed,matched,70172.0,matched,observed,interim_s1_only,8.0,True,DESCENDING,2917.5398,0.0029,pending,,8.4334,S1,fs1-3016a20fd3ad
E113::guna,E113,2020-0304-IND,2020-06-01,Madhya Pradesh,Guna,96.1364,0.0152,6310.701784637522,S1,observed,matched,17726.0,matched,observed,interim_s1_only,0.1,True,DESCENDING,5645.4584,0.017,pending,,96.1364,S1,fs1-3016a20fd3ad
E113::jhabua,E113,2020-0304-IND,2020-06-01,Madhya Pradesh,Jhabua,82.464,0.0122,6774.846818095545,S1,observed,matched,17731.0,matched,observed,interim_s1_only,17.6,True,DESCENDING,4370.5803,0.0189,pending,,82.464,S1,fs1-3016a20fd3ad
E113::katni,E113,2020-0304-IND,2020-06-01,Madhya Pradesh,Katni,47.5267,0.0077,6177.827815693768,S1,observed,matched,70174.0,matched,observed,interim_s1_only,0.0,True,DESCENDING,4464.83,0.0106,pending,,47.5267,S1,fs1-3016a20fd3ad
E113::khandwa,E113,2020-0304-IND,2020-06-01,Madhya Pradesh,Khandwa,7.4443,0.001,7569.444773775944,S1,observed,matched,76128533B71271011331008,matched,observed,interim_s1_only,6.6,True,DESCENDING,5782.1478,0.0013,pending,,7.4443,S1,fs1-3016a20fd3ad
E113::khargone,E113,2020-0304-IND,2020-06-01,Madhya Pradesh,Khargone,36.9212,0.0046,8025.990695313751,S1,observed,matched,76128533B69481535535995,matched,observed,interim_s1_only,25.5,True,DESCENDING,6120.2315,0.006,pending,,36.9212,S1,fs1-3016a20fd3ad
E113::mandla,E113,2020-0304-IND,2020-06-01,Madhya Pradesh,Mandla,28.3448,0.0042,6789.128068652252,S1,observed,matched,17732.0,matched,observed,interim_s1_only,1.5,True,DESCENDING,3999.0185,0.0071,pending,,28.3448,S1,fs1-3016a20fd3ad
E113::mandsaur,E113,2020-0304-IND,2020-06-01,Madhya Pradesh,Mandsaur,322.1909,0.0571,5643.701304302103,S1,observed,matched,17733.0,matched,observed,interim_s1_only,2.3,False,DESCENDING,4963.7718,0.0649,pending,,322.1909,S1,fs1-3016a20fd3ad
E113::morena,E113,2020-0304-IND,2020-06-01,Madhya Pradesh,Morena,137.9082,0.0276,4993.90562255651,S1,observed,matched,17734.0,matched,observed,interim_s1_only,0.1,True,BOTH,3970.6772,0.0347,pending,,137.9082,S1,fs1-3016a20fd3ad
E113::narmadapuram,E113,2020-0304-IND,2020-06-01,Madhya Pradesh,Narmadapuram,26.0419,0.0039,6700.110425846931,S1,observed,matched,76128533B45314020251888,matched,observed,interim_s1_only,0.0,True,DESCENDING,5105.9417,0.0051,pending,,26.0419,S1,fs1-3016a20fd3ad
E113::narsinghpur,E113,2020-0304-IND,2020-06-01,Madhya Pradesh,Narsinghpur,27.6077,0.0054,5157.19083673726,S1,observed,matched,17735.0,matched,observed,interim_s1_only,2.5,True,DESCENDING,4104.7679,0.0067,pending,,27.6077,S1,fs1-3016a20fd3ad
E113::neemuch,E113,2020-0304-IND,2020-06-01,Madhya Pradesh,Neemuch,294.0717,0.0706,4163.266735725532,S1,observed,matched,70175.0,matched,observed,interim_s1_only,0.1,False,DESCENDING,3641.5885,0.0808,pending,,294.0717,S1,fs1-3016a20fd3ad
E113::panna,E113,2020-0304-IND,2020-06-01,Madhya Pradesh,Panna,105.4923,0.0148,7129.189669540547,S1,observed,matched,17736.0,matched,observed,interim_s1_only,0.1,True,DESCENDING,4708.9101,0.0224,pending,,105.4923,S1,fs1-3016a20fd3ad
E113::raisen,E113,2020-0304-IND,2020-06-01,Madhya Pradesh,Raisen,67.7077,0.008,8515.574877211904,S1,observed,matched,17739.0,matched,observed,interim_s1_only,0.9,True,DESCENDING,6810.1448,0.0099,pending,,67.7077,S1,fs1-3016a20fd3ad
E113::rajgarh,E113,2020-0304-IND,2020-06-01,Madhya Pradesh,Rajgarh,9.9259,0.0016,6134.20538789803,S1,observed,matched,17741.0,matched,observed,interim_s1_only,3.9,True,DESCENDING,5656.9664,0.0018,pending,,9.9259,S1,fs1-3016a20fd3ad
E113::rewa,E113,2020-0304-IND,2020-06-01,Madhya Pradesh,Rewa,560.2483,0.0885,6327.703909411602,S1,observed,matched,17743.0,matched,observed,interim_s1_only,1.3,False,BOTH,5574.5199,0.1005,pending,,560.2483,S1,fs1-3016a20fd3ad
E113::satna,E113,2020-0304-IND,2020-06-01,Madhya Pradesh,Satna,116.8839,0.0155,7518.918005922663,S1,observed,matched,17745.0,matched,observed,interim_s1_only,0.1,True,BOTH,5591.4809,0.0209,pending,,116.8839,S1,fs1-3016a20fd3ad
E113::sehore,E113,2020-0304-IND,2020-06-01,Madhya Pradesh,Sehore,1.8238,0.0003,6579.04852795314,S1,observed,matched,17746.0,matched,observed,interim_s1_only,0.4,True,DESCENDING,5534.8231,0.0003,pending,,1.8238,S1,fs1-3016a20fd3ad
E113::seoni,E113,2020-0304-IND,2020-06-01,Madhya Pradesh,Seoni,32.3419,0.0037,8779.066238181113,S1,observed,matched,17747.0,matched,observed,interim_s1_only,2.8,True,DESCENDING,6554.5933,0.0049,pending,,32.3419,S1,fs1-3016a20fd3ad
E113::shahdol,E113,2020-0304-IND,2020-06-01,Madhya Pradesh,Shahdol,7.2245,0.0009,8337.887459537009,S1,observed,matched,17748.0,matched,observed,interim_s1_only,4.3,True,DESCENDING,5338.5426,0.0014,pending,,7.2245,S1,fs1-3016a20fd3ad
E113::sheopur,E113,2020-0304-IND,2020-06-01,Madhya Pradesh,Sheopur,908.6724,0.139,6537.313947628205,S1,observed,matched,70176.0,matched,observed,interim_s1_only,0.2,False,DESCENDING,5587.0465,0.1626,pending,,908.6724,S1,fs1-3016a20fd3ad
E113::shivpuri,E113,2020-0304-IND,2020-06-01,Madhya Pradesh,Shivpuri,170.9573,0.0163,10487.445637716834,S1,observed,matched,17750.0,matched,observed,interim_s1_only,0.1,True,BOTH,9053.6345,0.0189,pending,,170.9573,S1,fs1-3016a20fd3ad
E113::sidhi,E113,2020-0304-IND,2020-06-01,Madhya Pradesh,Sidhi,74.7748,0.0071,10590.123062249128,S1,observed,matched,17751.0,matched,observed,interim_s1_only,1.7,True,BOTH,6572.1913,0.0114,pending,,74.7748,S1,fs1-3016a20fd3ad
E113::singrauli,E113,2020-0304-IND,2020-06-01,Madhya Pradesh,Singrauli,54.5056,0.0091,5989.58196704583,S1,observed,matched,76128533B50014751336341,matched,observed,interim_s1_only,2.6,True,BOTH,3531.7681,0.0154,pending,,54.5056,S1,fs1-3016a20fd3ad
E113::tikamgarh,E113,2020-0304-IND,2020-06-01,Madhya Pradesh,Tikamgarh,676.4938,0.1332,5076.989379004398,S1,observed,matched,17753.0,matched,observed,interim_s1_only,0.2,False,BOTH,4044.8557,0.1672,pending,,676.4938,S1,fs1-3016a20fd3ad
E113::umaria,E113,2020-0304-IND,2020-06-01,Madhya Pradesh,Umaria,11.3876,0.003,3734.613924952783,S1,observed,matched,70177.0,matched,observed,interim_s1_only,3.8,True,DESCENDING,2613.6459,0.0044,pending,,11.3876,S1,fs1-3016a20fd3ad
E113::vidisha,E113,2020-0304-IND,2020-06-01,Madhya Pradesh,Vidisha,0.3765,0.0001,7319.58909257645,S1,observed,matched,17755.0,matched,observed,interim_s1_only,0.0,True,DESCENDING,6736.6328,0.0001,pending,,0.3765,S1,fs1-3016a20fd3ad
E114::kolhapur,E114,2020-0304-IND,2020-06-01,Maharashtra,Kolhapur,6.721,0.0009,7680.572392490604,S1,observed,matched,17769.0,matched,observed,interim_s1_only,37.4,True,DESCENDING,4339.6371,0.0015,pending,,6.721,S1,fs1-3016a20fd3ad
E115::koraput,E115,2020-0304-IND,2020-06-01,Odisha,Koraput,52.0442,0.006,8608.98899052561,S1,observed,matched,17814.0,matched,observed,interim_s1_only,59.3,True,DESCENDING,3426.0635,0.0152,pending,,52.0442,S1,fs1-3016a20fd3ad
E115::malkangiri,E115,2020-0304-IND,2020-06-01,Odisha,Malkangiri,70.6345,0.0121,5849.646224352819,S1,observed,matched,70220.0,matched,observed,interim_s1_only,70.0,True,DESCENDING,3064.5633,0.023,pending,,70.6345,S1,fs1-3016a20fd3ad
E115::nabarangpur,E115,2020-0304-IND,2020-06-01,Odisha,Nabarangpur,27.9449,0.0052,5324.008778426437,S1,observed,matched,70221.0,matched,observed,interim_s1_only,11.4,True,DESCENDING,4212.4411,0.0066,pending,,27.9449,S1,fs1-3016a20fd3ad
E116::ambedkar%20nagar,E116,2020-0304-IND,2020-06-01,Uttar Pradesh,Ambedkar Nagar,426.9816,0.1833,2328.994244483866,S1,observed,matched,70257.0,matched,observed,interim_s1_only,5.1,False,BOTH,2207.7781,0.1934,pending,,426.9816,S1,fs1-3016a20fd3ad
E116::ayodhya,E116,2020-0304-IND,2020-06-01,Uttar Pradesh,Ayodhya,55.6208,0.0208,2675.800154387558,S1,observed,matched,76128533B60320291189162,matched,observed,interim_s1_only,17.5,True,BOTH,2541.1827,0.0219,pending,,55.6208,S1,fs1-3016a20fd3ad
E116::azamgarh,E116,2020-0304-IND,2020-06-01,Uttar Pradesh,Azamgarh,950.7817,0.2435,3904.0182560646062,S1,observed,matched,17892.0,matched,observed,interim_s1_only,0.0,False,BOTH,3838.1089,0.2477,pending,,950.7817,S1,fs1-3016a20fd3ad
E116::bahraich,E116,2020-0304-IND,2020-06-01,Uttar Pradesh,Bahraich,327.0938,0.0883,3705.0099637131552,S1,observed,matched,17893.0,matched,observed,interim_s1_only,4.8,False,BOTH,3485.1487,0.0939,pending,,327.0938,S1,fs1-3016a20fd3ad
E116::balrampur,E116,2020-0304-IND,2020-06-01,Uttar Pradesh,Balrampur,51.7833,0.0153,3379.881475532829,S1,observed,matched,70261.0,matched,observed,interim_s1_only,9.3,True,BOTH,3049.8684,0.017,pending,,51.7833,S1,fs1-3016a20fd3ad
E116::barabanki,E116,2020-0304-IND,2020-06-01,Uttar Pradesh,Barabanki,61.9884,0.014,4440.0005417469865,S1,observed,matched,17896.0,matched,observed,interim_s1_only,10.7,True,BOTH,4261.6796,0.0145,pending,,61.9884,S1,fs1-3016a20fd3ad
E116::gonda,E116,2020-0304-IND,2020-06-01,Uttar Pradesh,Gonda,63.096,0.0157,4014.846082655345,S1,observed,matched,17913.0,matched,observed,interim_s1_only,26.4,True,BOTH,3851.7976,0.0164,pending,,63.096,S1,fs1-3016a20fd3ad
E116::gorakhpur,E116,2020-0304-IND,2020-06-01,Uttar Pradesh,Gorakhpur,796.2081,0.2592,3072.188964505668,S1,observed,matched,17914.0,matched,observed,interim_s1_only,0.0,False,BOTH,2958.1684,0.2692,pending,,796.2081,S1,fs1-3016a20fd3ad
E116::kushinagar,E116,2020-0304-IND,2020-06-01,Uttar Pradesh,Kushinagar,33.2923,0.0115,2893.16087554316,S1,observed,matched,70271.0,matched,observed,interim_s1_only,0.6,True,BOTH,2844.4186,0.0117,pending,,33.2923,S1,fs1-3016a20fd3ad
E116::lakhimpur%20kheri,E116,2020-0304-IND,2020-06-01,Uttar Pradesh,Lakhimpur Kheri,122.8573,0.0159,7708.742992388735,S1,observed,matched,17921.0,matched,observed,interim_s1_only,0.3,True,BOTH,7230.8731,0.017,pending,,122.8573,S1,fs1-3016a20fd3ad
E116::maharajganj,E116,2020-0304-IND,2020-06-01,Uttar Pradesh,Maharajganj,160.0894,0.0501,3197.0231063739748,S1,observed,matched,70272.0,matched,observed,interim_s1_only,4.4,True,BOTH,3045.7182,0.0526,pending,,160.0894,S1,fs1-3016a20fd3ad
E116::mau,E116,2020-0304-IND,2020-06-01,Uttar Pradesh,Mau,44.3587,0.0214,2070.491760227604,S1,observed,matched,70274.0,matched,observed,interim_s1_only,0.0,True,BOTH,1950.1749,0.0227,pending,,44.3587,S1,fs1-3016a20fd3ad
E116::sant%20kabir%20nagar,E116,2020-0304-IND,2020-06-01,Uttar Pradesh,Sant Kabir Nagar,26.3347,0.0198,1329.179989070325,S1,observed,matched,70275.0,matched,observed,interim_s1_only,0.0,True,BOTH,1268.8107,0.0208,pending,,26.3347,S1,fs1-3016a20fd3ad
E116::siddharth%20nagar,E116,2020-0304-IND,2020-06-01,Uttar Pradesh,Siddharth Nagar,67.0088,0.0192,3492.6137371813147,S1,observed,matched,70278.0,matched,observed,interim_s1_only,4.3,True,BOTH,3290.957,0.0204,pending,,67.0088,S1,fs1-3016a20fd3ad
E116::sitapur,E116,2020-0304-IND,2020-06-01,Uttar Pradesh,Sitapur,84.2427,0.0146,5789.793396469067,S1,observed,matched,17938.0,matched,observed,interim_s1_only,0.5,True,BOTH,5411.2124,0.0156,pending,,84.2427,S1,fs1-3016a20fd3ad
E117::alipurduar,E117,2020-0304-IND,2020-06-01,West Bengal,Alipurduar,14.7452,0.0053,2805.571892812845,S1,observed,matched,76128533B23858286755005,matched,observed,interim_s1_only,9.5,True,BOTH,2397.164,0.0062,pending,,14.7452,S1,fs1-3016a20fd3ad
E117::bankura,E117,2020-0304-IND,2020-06-01,West Bengal,Bankura,60.1762,0.0086,6981.566770524623,S1,observed,matched,17945.0,matched,observed,interim_s1_only,0.1,True,BOTH,6480.2521,0.0093,pending,,60.1762,S1,fs1-3016a20fd3ad
E117::birbhum,E117,2020-0304-IND,2020-06-01,West Bengal,Birbhum,45.4916,0.01,4566.040490140597,S1,observed,matched,17947.0,matched,observed,interim_s1_only,0.4,True,BOTH,4350.6007,0.0105,pending,,45.4916,S1,fs1-3016a20fd3ad
E117::cooch%20behar,E117,2020-0304-IND,2020-06-01,West Bengal,Cooch Behar,73.9194,0.0225,3288.1312386454174,S1,observed,matched,76128533B64156747739715,matched,observed,interim_s1_only,24.6,False,BOTH,3131.2864,0.0236,pending,,73.9194,S1,fs1-3016a20fd3ad
E117::dakshin%20dinajpur,E117,2020-0304-IND,2020-06-01,West Bengal,Dakshin Dinajpur,16.3734,0.0078,2107.683120443892,S1,observed,matched,70290.0,matched,observed,interim_s1_only,3.1,True,BOTH,1989.8222,0.0082,pending,,16.3734,S1,fs1-3016a20fd3ad
E117::darjeeling,E117,2020-0304-IND,2020-06-01,West Bengal,Darjeeling,2.1019,0.001,2082.4452472301264,S1,observed,matched,76128533B17109302371020,matched,observed,interim_s1_only,32.8,True,BOTH,826.6807,0.0025,pending,,2.1019,S1,fs1-3016a20fd3ad
E117::east%20medinipur,E117,2020-0304-IND,2020-06-01,West Bengal,East Medinipur,372.3854,0.0885,4206.535570896404,S1,observed,matched,76128533B25373378863054,matched,observed,interim_s1_only,22.1,False,BOTH,3810.954,0.0977,pending,,372.3854,S1,fs1-3016a20fd3ad
E117::hooghly,E117,2020-0304-IND,2020-06-01,West Bengal,Hooghly,26.6752,0.0085,3153.550053477295,S1,observed,matched,76128533B81857725777974,matched,observed,interim_s1_only,0.3,True,BOTH,2927.0037,0.0091,pending,,26.6752,S1,fs1-3016a20fd3ad
E117::howrah,E117,2020-0304-IND,2020-06-01,West Bengal,Howrah,16.4235,0.0113,1451.5753227599494,S1,observed,matched,76128533B22077262393417,matched,observed,interim_s1_only,1.7,True,BOTH,1320.4393,0.0124,pending,,16.4235,S1,fs1-3016a20fd3ad
E117::jalpaiguri,E117,2020-0304-IND,2020-06-01,West Bengal,Jalpaiguri,56.4625,0.0091,6200.341009430311,S1,observed,matched,17951.0,matched,observed,interim_s1_only,7.8,True,BOTH,5492.7966,0.0103,pending,,56.4625,S1,fs1-3016a20fd3ad
E117::jhargram,E117,2020-0304-IND,2020-06-01,West Bengal,Jhargram,32.3519,0.0104,3096.557448030717,S1,observed,matched,76128533B24861976740713,matched,observed,interim_s1_only,0.1,True,BOTH,2836.6669,0.0114,pending,,32.3519,S1,fs1-3016a20fd3ad
E117::kalimpong,E117,2020-0304-IND,2020-06-01,West Bengal,Kalimpong,0.2965,0.0003,1110.1333982291185,S1,observed,matched,76128533B78458325839103,matched,observed,interim_s1_only,36.9,True,BOTH,73.9352,0.004,pending,,0.2965,S1,fs1-3016a20fd3ad
E117::kolkata,E117,2020-0304-IND,2020-06-01,West Bengal,Kolkata,0.1051,0.0011,91.84529866788924,S1,observed,matched,70292.0,matched,observed,interim_s1_only,0.1,True,BOTH,78.8807,0.0013,pending,,0.1051,S1,fs1-3016a20fd3ad
E117::malda,E117,2020-0304-IND,2020-06-01,West Bengal,Malda,39.8768,0.0112,3569.571917708908,S1,observed,matched,76128533B36734405131975,matched,observed,interim_s1_only,0.9,False,BOTH,3262.3654,0.0122,pending,,39.8768,S1,fs1-3016a20fd3ad
E117::murshidabad,E117,2020-0304-IND,2020-06-01,West Bengal,Murshidabad,92.4941,0.0169,5473.753950605631,S1,observed,matched,17955.0,matched,observed,interim_s1_only,0.4,False,BOTH,5136.0442,0.018,pending,,92.4941,S1,fs1-3016a20fd3ad
E117::nadia,E117,2020-0304-IND,2020-06-01,West Bengal,Nadia,36.844,0.0092,3995.2318634205153,S1,observed,matched,17956.0,matched,observed,interim_s1_only,0.2,True,BOTH,3646.9459,0.0101,pending,,36.844,S1,fs1-3016a20fd3ad
E117::north%2024%20parganas,E117,2020-0304-IND,2020-06-01,West Bengal,North 24 Parganas,160.3969,0.0267,6006.604976683008,S1,observed,matched,70293.0,matched,observed,interim_s1_only,10.3,False,BOTH,5030.4328,0.0319,pending,,160.3969,S1,fs1-3016a20fd3ad
E117::paschim%20bardhaman,E117,2020-0304-IND,2020-06-01,West Bengal,Paschim Bardhaman,23.7858,0.0145,1638.342752616779,S1,observed,matched,76128533B60845263086042,matched,observed,interim_s1_only,0.4,True,BOTH,1491.1966,0.016,pending,,23.7858,S1,fs1-3016a20fd3ad
E117::purba%20bardhaman,E117,2020-0304-IND,2020-06-01,West Bengal,Purba Bardhaman,124.3378,0.023,5396.808202076832,S1,observed,matched,76128533B59121537940607,matched,observed,interim_s1_only,0.2,True,BOTH,5222.3159,0.0238,pending,,124.3378,S1,fs1-3016a20fd3ad
E117::purulia,E117,2020-0304-IND,2020-06-01,West Bengal,Purulia,80.6618,0.0129,6255.530346174724,S1,observed,matched,76128533B16811573188243,matched,observed,interim_s1_only,9.4,True,BOTH,5092.3092,0.0158,pending,,80.6618,S1,fs1-3016a20fd3ad
E117::south%2024%20parganas,E117,2020-0304-IND,2020-06-01,West Bengal,South 24 Parganas,126.657,0.023,5503.307786632012,S1,observed,matched,70294.0,matched,observed,interim_s1_only,17.5,False,BOTH,4761.6074,0.0266,pending,,126.657,S1,fs1-3016a20fd3ad
E117::uttar%20dinajpur,E117,2020-0304-IND,2020-06-01,West Bengal,Uttar Dinajpur,19.7844,0.0059,3356.268468886421,S1,observed,matched,70295.0,matched,observed,interim_s1_only,1.4,True,BOTH,3168.8271,0.0062,pending,,19.7844,S1,fs1-3016a20fd3ad
E117::west%20medinipur,E117,2020-0304-IND,2020-06-01,West Bengal,West Medinipur,63.1919,0.0101,6284.990303075887,S1,observed,matched,76128533B88812350838807,matched,observed,interim_s1_only,1.1,True,BOTH,6123.409,0.0103,pending,,63.1919,S1,fs1-3016a20fd3ad
E118::east%20godavari,E118,2020-0446-IND,2020-10-01,Andhra Pradesh,East Godavari,100.6341,0.0095,10551.28549542384,S1,observed,matched,17551.0,matched,observed,interim_s1_only,81.7,True,DESCENDING,6753.9866,0.0149,pending,,100.6341,S1,fs1-3016a20fd3ad
E118::guntur,E118,2020-0446-IND,2020-10-01,Andhra Pradesh,Guntur,136.4706,0.0119,11426.357332991543,S1,observed,matched,17552.0,matched,observed,interim_s1_only,99.7,True,DESCENDING,10288.2354,0.0133,pending,,136.4706,S1,fs1-3016a20fd3ad
E118::krishna,E118,2020-0446-IND,2020-10-01,Andhra Pradesh,Krishna,212.739,0.0252,8431.670297917331,S1,observed,matched,17556.0,matched,observed,interim_s1_only,90.8,False,DESCENDING,7580.1139,0.0281,pending,,212.739,S1,fs1-3016a20fd3ad
E118::kurnool,E118,2020-0446-IND,2020-10-01,Andhra Pradesh,Kurnool,381.3212,0.0214,17841.084408442177,S1,observed,matched,17557.0,matched,observed,interim_s1_only,51.8,True,DESCENDING,14624.8845,0.0261,pending,,381.3212,S1,fs1-3016a20fd3ad
E118::nellore,E118,2020-0446-IND,2020-10-01,Andhra Pradesh,Nellore,229.945,0.0171,13465.479193999116,S1,observed,matched,17561.0,matched,observed,interim_s1_only,55.9,False,DESCENDING,11397.9217,0.0202,pending,,229.945,S1,fs1-3016a20fd3ad
E118::srikakulam,E118,2020-0446-IND,2020-10-01,Andhra Pradesh,Srikakulam,40.0351,0.0064,6302.635009694529,S1,observed,matched,17565.0,matched,observed,interim_s1_only,24.9,True,DESCENDING,4522.9356,0.0089,pending,,40.0351,S1,fs1-3016a20fd3ad
E118::visakhapatnam,E118,2020-0446-IND,2020-10-01,Andhra Pradesh,Visakhapatnam,15.064,0.0013,11393.738361166628,S1,observed,matched,76128533B71485440235524,matched,observed,interim_s1_only,57.4,True,DESCENDING,4275.4835,0.0035,pending,,15.064,S1,fs1-3016a20fd3ad
E118::west%20godavari,E118,2020-0446-IND,2020-10-01,Andhra Pradesh,West Godavari,480.434,0.0618,7779.945166152504,S1,observed,matched,17569.0,matched,observed,interim_s1_only,96.8,False,DESCENDING,6761.4458,0.0711,pending,,480.434,S1,fs1-3016a20fd3ad
E119::kalaburagi,E119,2020-0446-IND,2020-10-01,Karnataka,Kalaburagi,80.2292,0.0073,11005.005984759722,S1,observed,matched,76128533B1083016608278,matched,observed,interim_s1_only,17.1,True,DESCENDING,10108.1439,0.0079,pending,,80.2292,S1,fs1-3016a20fd3ad
E119::koppal,E119,2020-0446-IND,2020-10-01,Karnataka,Koppal,85.3527,0.0153,5575.478276779294,S1,observed,matched,70165.0,matched,observed,interim_s1_only,5.5,True,BOTH,5066.6839,0.0168,pending,,85.3527,S1,fs1-3016a20fd3ad
E119::raichur,E119,2020-0446-IND,2020-10-01,Karnataka,Raichur,128.4099,0.0152,8465.297775287587,S1,observed,matched,17693.0,matched,observed,interim_s1_only,29.7,True,DESCENDING,7642.1413,0.0168,pending,,128.4099,S1,fs1-3016a20fd3ad
E119::vijayapura,E119,2020-0446-IND,2020-10-01,Karnataka,Vijayapura,117.8969,0.0113,10440.064567410886,S1,observed,matched,76128533B40495457052818,matched,observed,interim_s1_only,13.4,True,DESCENDING,9880.7524,0.0119,pending,,117.8969,S1,fs1-3016a20fd3ad
E119::yadgir,E119,2020-0446-IND,2020-10-01,Karnataka,Yadgir,35.5372,0.0067,5296.020634999596,S1,observed,matched,76128533B84927972855096,matched,observed,interim_s1_only,20.8,True,DESCENDING,4750.5234,0.0075,pending,,35.5372,S1,fs1-3016a20fd3ad
E120::bauda,E120,2020-0446-IND,2020-10-01,Odisha,Bauda,20.569,0.0066,3124.5504724848097,S1,observed,matched,76128533B84772375641700,matched,observed,interim_s1_only,31.6,False,DESCENDING,1865.0572,0.011,pending,,20.569,S1,fs1-3016a20fd3ad
E120::gajapati,E120,2020-0446-IND,2020-10-01,Odisha,Gajapati,2.468,0.0006,4080.383431631814,S1,observed,matched,70213.0,matched,observed,interim_s1_only,23.5,True,DESCENDING,881.7653,0.0028,pending,,2.468,S1,fs1-3016a20fd3ad
E120::ganjam,E120,2020-0446-IND,2020-10-01,Odisha,Ganjam,24.0832,0.0029,8417.728037695964,S1,observed,matched,17811.0,matched,observed,interim_s1_only,9.7,True,DESCENDING,5551.9861,0.0043,pending,,24.0832,S1,fs1-3016a20fd3ad
E120::kalahandi,E120,2020-0446-IND,2020-10-01,Odisha,Kalahandi,9.482,0.0012,7938.930130032871,S1,observed,matched,17812.0,matched,observed,interim_s1_only,54.7,True,DESCENDING,4516.9205,0.0021,pending,,9.482,S1,fs1-3016a20fd3ad
E120::kandhamal,E120,2020-0446-IND,2020-10-01,Odisha,Kandhamal,1.6137,0.0002,8088.528530440674,S1,observed,matched,70217.0,matched,observed,interim_s1_only,24.9,True,DESCENDING,1833.216,0.0009,pending,,1.6137,S1,fs1-3016a20fd3ad
E120::koraput,E120,2020-0446-IND,2020-10-01,Odisha,Koraput,7.4118,0.0009,8608.98899052561,S1,observed,matched,17814.0,matched,observed,interim_s1_only,53.9,True,DESCENDING,3426.0635,0.0022,pending,,7.4118,S1,fs1-3016a20fd3ad
E120::malkangiri,E120,2020-0446-IND,2020-10-01,Odisha,Malkangiri,12.732,0.0022,5849.646224352819,S1,observed,matched,70220.0,matched,observed,interim_s1_only,35.7,False,DESCENDING,3064.5633,0.0042,pending,,12.732,S1,fs1-3016a20fd3ad
E120::nabarangapur,E120,2020-0446-IND,2020-10-01,Odisha,Nabarangapur,6.813,0.0013,5413.792578312975,S1,observed,matched,76128533B99037046327658,matched,observed,interim_s1_only,38.0,True,DESCENDING,4237.4974,0.0016,pending,,6.813,S1,fs1-3016a20fd3ad
E120::nuapada,E120,2020-0446-IND,2020-10-01,Odisha,Nuapada,5.9943,0.0015,3881.856999707553,S1,observed,matched,70223.0,matched,observed,interim_s1_only,78.5,True,DESCENDING,2243.6434,0.0027,pending,,5.9943,S1,fs1-3016a20fd3ad
E120::rayagada,E120,2020-0446-IND,2020-10-01,Odisha,Rayagada,4.4636,0.0006,7404.113889009227,S1,observed,matched,70224.0,matched,observed,interim_s1_only,27.3,True,DESCENDING,2097.742,0.0021,pending,,4.4636,S1,fs1-3016a20fd3ad
E121::hyderabad,E121,2020-0446-IND,2020-10-01,Telangana,Hyderabad,0.2815,0.0016,178.60393182299086,S1,observed,matched,17553.0,matched,observed,interim_s1_only,21.9,True,DESCENDING,146.8652,0.0019,pending,,0.2815,S1,fs1-3016a20fd3ad
E121::nalgonda,E121,2020-0446-IND,2020-10-01,Telangana,Nalgonda,178.5565,0.0126,14141.06734194607,S1,observed,matched,17560.0,matched,observed,interim_s1_only,91.5,False,DESCENDING,12753.5421,0.014,pending,,178.5565,S1,fs1-3016a20fd3ad
E121::ranga%20reddy,E121,2020-0446-IND,2020-10-01,Telangana,Ranga Reddy,23.5435,0.0046,5091.524779829647,S1,observed,matched,76128533B31175522938788,matched,observed,interim_s1_only,54.1,True,DESCENDING,4373.6786,0.0054,pending,,23.5435,S1,fs1-3016a20fd3ad
E122::darbhanga,E122,2021-0316-IND,2021-06-01,Bihar,Darbhanga,264.1748,0.1152,2293.727225126986,S1,observed,matched,17598.0,matched,observed,interim_s1_only,5.5,False,BOTH,2116.2992,0.1248,pending,,264.1748,S1,fs1-3016a20fd3ad
E122::east%20champaran,E122,2021-0316-IND,2021-06-01,Bihar,East Champaran,75.7114,0.018,4209.432168721379,S1,observed,matched,76128533B49017555803526,matched,observed,interim_s1_only,19.6,True,BOTH,4047.632,0.0187,pending,,75.7114,S1,fs1-3016a20fd3ad
E122::gopalganj,E122,2021-0316-IND,2021-06-01,Bihar,Gopalganj,44.3163,0.0217,2044.660708589624,S1,observed,matched,17604.0,matched,observed,interim_s1_only,71.5,True,BOTH,2001.4418,0.0221,pending,,44.3163,S1,fs1-3016a20fd3ad
E122::madhubani,E122,2021-0316-IND,2021-06-01,Bihar,Madhubani,66.7341,0.0193,3457.42262983169,S1,observed,matched,17611.0,matched,observed,interim_s1_only,3.4,True,BOTH,3212.7477,0.0208,pending,,66.7341,S1,fs1-3016a20fd3ad
E122::muzaffarpur,E122,2021-0316-IND,2021-06-01,Bihar,Muzaffarpur,59.8007,0.0187,3192.441978127565,S1,observed,matched,17613.0,matched,observed,interim_s1_only,1.4,True,BOTH,3129.3395,0.0191,pending,,59.8007,S1,fs1-3016a20fd3ad
E122::samastipur,E122,2021-0316-IND,2021-06-01,Bihar,Samastipur,89.1756,0.0306,2911.492917812177,S1,observed,matched,17626.0,matched,observed,interim_s1_only,1.3,False,BOTH,2732.2727,0.0326,pending,,89.1756,S1,fs1-3016a20fd3ad
E122::saran,E122,2021-0316-IND,2021-06-01,Bihar,Saran,87.3196,0.0329,2650.3366911206285,S1,observed,matched,17628.0,matched,observed,interim_s1_only,15.0,False,BOTH,2555.315,0.0342,pending,,87.3196,S1,fs1-3016a20fd3ad
E122::sitamarhi,E122,2021-0316-IND,2021-06-01,Bihar,Sitamarhi,27.4424,0.0132,2075.1609189491032,S1,observed,matched,17630.0,matched,observed,interim_s1_only,0.2,True,BOTH,2019.8231,0.0136,pending,,27.4424,S1,fs1-3016a20fd3ad
E122::siwan,E122,2021-0316-IND,2021-06-01,Bihar,Siwan,44.3148,0.0199,2229.6509970655925,S1,observed,matched,17631.0,matched,observed,interim_s1_only,52.0,True,BOTH,2163.4697,0.0205,pending,,44.3148,S1,fs1-3016a20fd3ad
E122::vaishali,E122,2021-0316-IND,2021-06-01,Bihar,Vaishali,156.8293,0.0779,2013.541665625586,S1,observed,matched,17632.0,matched,observed,interim_s1_only,1.1,False,BOTH,1891.6094,0.0829,pending,,156.8293,S1,fs1-3016a20fd3ad
E122::west%20champaran,E122,2021-0316-IND,2021-06-01,Bihar,West Champaran,74.0627,0.0142,5214.198372330475,S1,observed,matched,76128533B17762399278073,matched,observed,interim_s1_only,13.0,True,BOTH,4613.9716,0.0161,pending,,74.0627,S1,fs1-3016a20fd3ad
E124::navsari,E124,2021-0316-IND,2021-06-01,Gujarat,Navsari,4.9349,0.0024,2097.600482441035,S1,observed,matched,70127.0,matched,observed,interim_s1_only,22.1,True,DESCENDING,1702.3987,0.0029,pending,,4.9349,S1,fs1-3016a20fd3ad
E124::surat,E124,2021-0316-IND,2021-06-01,Gujarat,Surat,36.1375,0.0048,7486.82173633887,S1,observed,matched,17649.0,matched,observed,interim_s1_only,28.2,True,DESCENDING,5860.6038,0.0062,pending,,36.1375,S1,fs1-3016a20fd3ad
E124::valsad,E124,2021-0316-IND,2021-06-01,Gujarat,Valsad,2.0239,0.0007,3025.875446392478,S1,observed,matched,17653.0,matched,observed,interim_s1_only,8.9,True,DESCENDING,1750.257,0.0012,pending,,2.0239,S1,fs1-3016a20fd3ad
E125::bagalkot,E125,2021-0316-IND,2021-06-01,Karnataka,Bagalkot,248.5208,0.0378,6575.100985988591,S1,observed,matched,70157.0,matched,observed,interim_s1_only,24.8,True,DESCENDING,5858.5775,0.0424,pending,,248.5208,S1,fs1-3016a20fd3ad
E125::belagavi,E125,2021-0316-IND,2021-06-01,Karnataka,Belagavi,162.7489,0.0121,13437.79374447446,S1,observed,matched,76128533B74319098136622,matched,observed,interim_s1_only,21.3,True,DESCENDING,10911.9771,0.0149,pending,,162.7489,S1,fs1-3016a20fd3ad
E125::chikkamagaluru,E125,2021-0316-IND,2021-06-01,Karnataka,Chikkamagaluru,28.0311,0.004,6937.32502311172,S1,observed,matched,76128533B15550697205080,matched,observed,interim_s1_only,38.0,True,BOTH,3145.504,0.0089,pending,,28.0311,S1,fs1-3016a20fd3ad
E125::davanagere,E125,2021-0316-IND,2021-06-01,Karnataka,Davanagere,60.5097,0.0091,6632.831187518178,S1,observed,matched,70162.0,matched,observed,interim_s1_only,32.6,True,BOTH,5327.5163,0.0114,pending,,60.5097,S1,fs1-3016a20fd3ad
E125::dharwad,E125,2021-0316-IND,2021-06-01,Karnataka,Dharwad,98.8733,0.0231,4276.067791973122,S1,observed,matched,17686.0,matched,observed,interim_s1_only,35.3,True,BOTH,3831.7745,0.0258,pending,,98.8733,S1,fs1-3016a20fd3ad
E125::gadag,E125,2021-0316-IND,2021-06-01,Karnataka,Gadag,333.1778,0.0717,4647.273331660636,S1,observed,matched,70163.0,matched,observed,interim_s1_only,30.4,True,BOTH,4305.9468,0.0774,pending,,333.1778,S1,fs1-3016a20fd3ad
E125::haveri,E125,2021-0316-IND,2021-06-01,Karnataka,Haveri,63.2639,0.0131,4811.456144597108,S1,observed,matched,70164.0,matched,observed,interim_s1_only,30.2,True,BOTH,4422.6993,0.0143,pending,,63.2639,S1,fs1-3016a20fd3ad
E125::kodagu,E125,2021-0316-IND,2021-06-01,Karnataka,Kodagu,1.0469,0.0003,4111.781559839673,S1,observed,matched,17689.0,matched,observed,interim_s1_only,71.3,True,BOTH,1106.2873,0.0009,pending,,1.0469,S1,fs1-3016a20fd3ad
E125::shivamogga,E125,2021-0316-IND,2021-06-01,Karnataka,Shivamogga,14.6394,0.0017,8475.375992282,S1,observed,matched,76128533B85389886560116,matched,observed,interim_s1_only,65.7,True,BOTH,4753.5743,0.0031,pending,,14.6394,S1,fs1-3016a20fd3ad
E125::uttara%20kannada,E125,2021-0316-IND,2021-06-01,Karnataka,Uttara Kannada,9.154,0.0009,10404.181767076385,S1,observed,matched,76128533B79180273895456,matched,observed,interim_s1_only,52.7,True,BOTH,4002.0244,0.0023,pending,,9.154,S1,fs1-3016a20fd3ad
E126::idukki,E126,2021-0316-IND,2021-06-01,Kerala,Idukki,1.0208,0.0002,5010.411036324633,S1,observed,matched,17700.0,matched,observed,interim_s1_only,8.1,True,DESCENDING,480.7175,0.0021,pending,,1.0208,S1,fs1-3016a20fd3ad
E126::kottayam,E126,2021-0316-IND,2021-06-01,Kerala,Kottayam,18.5933,0.0087,2143.385583622296,S1,observed,matched,17702.0,matched,observed,interim_s1_only,4.6,False,DESCENDING,887.901,0.0209,pending,,18.5933,S1,fs1-3016a20fd3ad
E126::pathanamthitta,E126,2021-0316-IND,2021-06-01,Kerala,Pathanamthitta,5.4407,0.002,2663.6118314901764,S1,observed,matched,76128533B29330052395581,matched,observed,interim_s1_only,5.0,True,DESCENDING,492.0105,0.0111,pending,,5.4407,S1,fs1-3016a20fd3ad
E127::kolhapur,E127,2021-0316-IND,2021-06-01,Maharashtra,Kolhapur,2.0171,0.0003,7680.572392490604,S1,observed,matched,17769.0,matched,observed,interim_s1_only,49.6,True,DESCENDING,4339.6371,0.0005,pending,,2.0171,S1,fs1-3016a20fd3ad
E127::mumbai%20suburban,E127,2021-0316-IND,2021-06-01,Maharashtra,Mumbai Suburban,1.2741,0.0031,409.3994670782586,S1,observed,matched,70183.0,matched,observed,interim_s1_only,1.0,True,DESCENDING,269.1381,0.0047,pending,,1.2741,S1,fs1-3016a20fd3ad
E127::pune,E127,2021-0316-IND,2021-06-01,Maharashtra,Pune,48.4414,0.0031,15649.899791716924,S1,observed,matched,17776.0,matched,observed,interim_s1_only,28.4,True,DESCENDING,10303.2933,0.0047,pending,,48.4414,S1,fs1-3016a20fd3ad
E127::raigad,E127,2021-0316-IND,2021-06-01,Maharashtra,Raigad,18.8022,0.0027,6987.901171136008,S1,observed,matched,76128533B99895802074414,matched,observed,interim_s1_only,14.1,True,DESCENDING,2892.1404,0.0065,pending,,18.8022,S1,fs1-3016a20fd3ad
E127::ratnagiri,E127,2021-0316-IND,2021-06-01,Maharashtra,Ratnagiri,6.2369,0.0007,8501.126377449938,S1,observed,matched,17778.0,matched,observed,interim_s1_only,72.4,True,DESCENDING,2431.7672,0.0026,pending,,6.2369,S1,fs1-3016a20fd3ad
E127::sangli,E127,2021-0316-IND,2021-06-01,Maharashtra,Sangli,86.6254,0.0101,8563.308722938114,S1,observed,matched,17780.0,matched,observed,interim_s1_only,34.7,True,DESCENDING,7362.7661,0.0118,pending,,86.6254,S1,fs1-3016a20fd3ad
E127::satara,E127,2021-0316-IND,2021-06-01,Maharashtra,Satara,13.4175,0.0013,10502.605850168617,S1,observed,matched,17781.0,matched,observed,interim_s1_only,36.3,True,DESCENDING,6563.2479,0.002,pending,,13.4175,S1,fs1-3016a20fd3ad
E127::sindhudurg,E127,2021-0316-IND,2021-06-01,Maharashtra,Sindhudurg,2.6197,0.0005,5174.499083363021,S1,observed,matched,17779.0,matched,observed,interim_s1_only,54.4,True,DESCENDING,2179.0404,0.0012,pending,,2.6197,S1,fs1-3016a20fd3ad
E127::thane,E127,2021-0316-IND,2021-06-01,Maharashtra,Thane,20.2076,0.0021,9454.897228160951,S1,observed,matched,17783.0,matched,observed,interim_s1_only,3.4,True,DESCENDING,5194.6674,0.0039,pending,,20.2076,S1,fs1-3016a20fd3ad
E127::wardha,E127,2021-0316-IND,2021-06-01,Maharashtra,Wardha,104.1893,0.0165,6326.751952312784,S1,observed,matched,17784.0,matched,observed,interim_s1_only,52.0,True,DESCENDING,5465.4311,0.0191,pending,,104.1893,S1,fs1-3016a20fd3ad
E128::gomati,E128,2021-0316-IND,2021-06-01,Tripura,Gomati,5.9708,0.0037,1617.9532415825593,S1,observed,matched,76128533B94126463611805,matched,observed,interim_s1_only,98.9,True,BOTH,610.8811,0.0098,pending,,5.9708,S1,fs1-3016a20fd3ad
E128::south%20tripura,E128,2021-0316-IND,2021-06-01,Tripura,South Tripura,11.4849,0.0036,3224.504208632636,S1,observed,matched,17886.0,matched,observed,interim_s1_only,98.9,True,BOTH,1349.3356,0.0085,pending,,11.4849,S1,fs1-3016a20fd3ad
E128::west%20tripura,E128,2021-0316-IND,2021-06-01,Tripura,West Tripura,11.3941,0.0037,3039.951701839773,S1,observed,matched,17887.0,matched,observed,interim_s1_only,100.0,True,BOTH,1614.0109,0.0071,pending,,11.3941,S1,fs1-3016a20fd3ad
E129::ayodhya,E129,2021-0316-IND,2021-06-01,Uttar Pradesh,Ayodhya,12.8433,0.0048,2675.8001543878418,S1,observed,matched,76128533B60320291189162,matched,observed,interim_s1_only,0.0,True,BOTH,2541.1827,0.0051,pending,,12.8433,S1,fs1-3016a20fd3ad
E129::ballia,E129,2021-0316-IND,2021-06-01,Uttar Pradesh,Ballia,45.6357,0.0151,3013.8054759791835,S1,observed,matched,17894.0,matched,observed,interim_s1_only,38.8,False,BOTH,2760.4153,0.0165,pending,,45.6357,S1,fs1-3016a20fd3ad
E129::barabanki,E129,2021-0316-IND,2021-06-01,Uttar Pradesh,Barabanki,65.246,0.0147,4440.0005417469865,S1,observed,matched,17896.0,matched,observed,interim_s1_only,0.0,True,BOTH,4261.6796,0.0153,pending,,65.246,S1,fs1-3016a20fd3ad
E129::budaun,E129,2021-0316-IND,2021-06-01,Uttar Pradesh,Budaun,564.3184,0.133,4242.298807636645,S1,observed,matched,76128533B84679668760735,matched,observed,interim_s1_only,23.9,False,BOTH,4128.2792,0.1367,pending,,564.3184,S1,fs1-3016a20fd3ad
E129::lakhimpur%20kheri,E129,2021-0316-IND,2021-06-01,Uttar Pradesh,Lakhimpur Kheri,127.8281,0.0166,7708.742992388735,S1,observed,matched,17921.0,matched,observed,interim_s1_only,11.6,True,BOTH,7230.8731,0.0177,pending,,127.8281,S1,fs1-3016a20fd3ad
E130::bageshwar,E130,2021-0316-IND,2021-06-01,Uttarakhand,Bageshwar,2.8345,0.0012,2283.823715697251,S1,observed,matched,70281.0,matched,observed,interim_s1_only,54.5,False,BOTH,38.1041,0.0744,pending,,2.8345,S1,fs1-3016a20fd3ad
E130::chamoli,E130,2021-0316-IND,2021-06-01,Uttarakhand,Chamoli,51.5134,0.0066,7838.316284013912,S1,observed,matched,70282.0,matched,observed,interim_s1_only,72.7,False,BOTH,146.7279,0.3511,pending,,51.5134,S1,fs1-3016a20fd3ad
E130::pithoragarh,E130,2021-0316-IND,2021-06-01,Uttarakhand,Pithoragarh,14.8467,0.0021,7209.480621522472,S1,observed,matched,17932.0,matched,observed,interim_s1_only,70.4,False,BOTH,107.4879,0.1381,pending,,14.8467,S1,fs1-3016a20fd3ad
E131::cooch%20behar,E131,2021-0316-IND,2021-06-01,West Bengal,Cooch Behar,59.8795,0.0182,3288.1312386454174,S1,observed,matched,76128533B64156747739715,matched,observed,interim_s1_only,22.6,False,BOTH,3131.2864,0.0191,pending,,59.8795,S1,fs1-3016a20fd3ad
E131::darjeeling,E131,2021-0316-IND,2021-06-01,West Bengal,Darjeeling,1.8939,0.0009,2082.4452472301264,S1,observed,matched,76128533B17109302371020,matched,observed,interim_s1_only,44.2,True,BOTH,826.6807,0.0023,pending,,1.8939,S1,fs1-3016a20fd3ad
E131::jalpaiguri,E131,2021-0316-IND,2021-06-01,West Bengal,Jalpaiguri,62.6675,0.0101,6200.341009430311,S1,observed,matched,17951.0,matched,observed,interim_s1_only,13.2,True,BOTH,5492.7966,0.0114,pending,,62.6675,S1,fs1-3016a20fd3ad
E132::north%20goa,E132,2021-0435-IND,2021-06-01,Goa,North Goa,1.9305,0.0011,1692.9665550824852,S1,observed,matched,70122.0,matched,observed,interim_s1_only,38.2,True,DESCENDING,713.3966,0.0027,pending,,1.9305,S1,fs1-3016a20fd3ad
E132::south%20goa,E132,2021-0435-IND,2021-06-01,Goa,South Goa,0.8769,0.0004,1992.3538358024769,S1,observed,matched,70123.0,matched,observed,interim_s1_only,24.0,True,DESCENDING,723.8956,0.0012,pending,,0.8769,S1,fs1-3016a20fd3ad
E133::lahaul%20and%20spiti,E133,2021-0435-IND,2021-06-01,Himachal Pradesh,Lahaul and Spiti,159.932,0.0116,13839.679584293348,S1,observed,matched,76128533B75359793481950,matched,observed,interim_s1_only,63.5,False,BOTH,475.4647,0.3364,pending,,159.932,S1,fs1-3016a20fd3ad
E134::sahibganj,E134,2021-0435-IND,2021-06-01,Jharkhand,Sahibganj,24.6254,0.0112,2203.455310809673,S1,observed,matched,70154.0,matched,observed,interim_s1_only,2.6,False,BOTH,1537.1202,0.016,pending,,24.6254,S1,fs1-3016a20fd3ad
E135::bagalkot,E135,2021-0435-IND,2021-06-01,Karnataka,Bagalkot,248.5208,0.0378,6575.100985988591,S1,observed,matched,70157.0,matched,observed,interim_s1_only,24.8,True,DESCENDING,5858.5775,0.0424,pending,,248.5208,S1,fs1-3016a20fd3ad
E135::belagavi,E135,2021-0435-IND,2021-06-01,Karnataka,Belagavi,162.7489,0.0121,13437.79374447446,S1,observed,matched,76128533B74319098136622,matched,observed,interim_s1_only,21.3,True,DESCENDING,10911.9771,0.0149,pending,,162.7489,S1,fs1-3016a20fd3ad
E135::chikkamagaluru,E135,2021-0435-IND,2021-06-01,Karnataka,Chikkamagaluru,28.0311,0.004,6937.325023111647,S1,observed,matched,76128533B15550697205080,matched,observed,interim_s1_only,38.0,True,BOTH,3145.504,0.0089,pending,,28.0311,S1,fs1-3016a20fd3ad
E135::davanagere,E135,2021-0435-IND,2021-06-01,Karnataka,Davanagere,60.5097,0.0091,6632.831187518178,S1,observed,matched,70162.0,matched,observed,interim_s1_only,32.6,True,BOTH,5327.5163,0.0114,pending,,60.5097,S1,fs1-3016a20fd3ad
E135::dharwad,E135,2021-0435-IND,2021-06-01,Karnataka,Dharwad,98.8733,0.0231,4276.067791973122,S1,observed,matched,17686.0,matched,observed,interim_s1_only,35.3,True,BOTH,3831.7745,0.0258,pending,,98.8733,S1,fs1-3016a20fd3ad
E135::gadag,E135,2021-0435-IND,2021-06-01,Karnataka,Gadag,333.1778,0.0717,4647.273331660636,S1,observed,matched,70163.0,matched,observed,interim_s1_only,30.4,True,BOTH,4305.9468,0.0774,pending,,333.1778,S1,fs1-3016a20fd3ad
E135::haveri,E135,2021-0435-IND,2021-06-01,Karnataka,Haveri,63.2639,0.0131,4811.456144597108,S1,observed,matched,70164.0,matched,observed,interim_s1_only,30.2,True,BOTH,4422.6993,0.0143,pending,,63.2639,S1,fs1-3016a20fd3ad
E135::kodagu,E135,2021-0435-IND,2021-06-01,Karnataka,Kodagu,1.0469,0.0003,4111.781559839673,S1,observed,matched,17689.0,matched,observed,interim_s1_only,71.3,True,BOTH,1106.2873,0.0009,pending,,1.0469,S1,fs1-3016a20fd3ad
E135::shivamogga,E135,2021-0435-IND,2021-06-01,Karnataka,Shivamogga,14.6394,0.0017,8475.375992282,S1,observed,matched,76128533B85389886560116,matched,observed,interim_s1_only,65.7,True,BOTH,4753.5743,0.0031,pending,,14.6394,S1,fs1-3016a20fd3ad
E135::uttara%20kannada,E135,2021-0435-IND,2021-06-01,Karnataka,Uttara Kannada,9.154,0.0009,10404.181767075685,S1,observed,matched,76128533B79180273895456,matched,observed,interim_s1_only,52.7,True,BOTH,4002.0244,0.0023,pending,,9.154,S1,fs1-3016a20fd3ad
E136::pune,E136,2021-0435-IND,2021-06-01,Maharashtra,Pune,48.4414,0.0031,15649.899791716924,S1,observed,matched,17776.0,matched,observed,interim_s1_only,28.4,True,DESCENDING,10303.2933,0.0047,pending,,48.4414,S1,fs1-3016a20fd3ad
E136::raigarh,E136,2021-0435-IND,2021-06-01,Maharashtra,Raigarh,17.8941,0.0026,6912.842748779044,S1,observed,matched,17777.0,matched,observed,interim_s1_only,14.5,True,DESCENDING,2805.455,0.0064,pending,,17.8941,S1,fs1-3016a20fd3ad
E136::ratnagiri,E136,2021-0435-IND,2021-06-01,Maharashtra,Ratnagiri,6.2369,0.0007,8501.126377449938,S1,observed,matched,17778.0,matched,observed,interim_s1_only,72.4,True,DESCENDING,2431.7672,0.0026,pending,,6.2369,S1,fs1-3016a20fd3ad
E136::satara,E136,2021-0435-IND,2021-06-01,Maharashtra,Satara,13.4175,0.0013,10502.605850168617,S1,observed,matched,17781.0,matched,observed,interim_s1_only,36.3,True,DESCENDING,6563.2479,0.002,pending,,13.4175,S1,fs1-3016a20fd3ad
E137::bageshwar,E137,2021-0435-IND,2021-06-01,Uttarakhand,Bageshwar,2.8345,0.0012,2283.823715697251,S1,observed,matched,70281.0,matched,observed,interim_s1_only,54.5,False,BOTH,38.1041,0.0744,pending,,2.8345,S1,fs1-3016a20fd3ad
E137::chamoli,E137,2021-0435-IND,2021-06-01,Uttarakhand,Chamoli,51.5134,0.0066,7838.316284013912,S1,observed,matched,70282.0,matched,observed,interim_s1_only,72.7,False,BOTH,146.7279,0.3511,pending,,51.5134,S1,fs1-3016a20fd3ad
E137::dehradun,E137,2021-0435-IND,2021-06-01,Uttarakhand,Dehradun,43.6494,0.0142,3070.1655325092884,S1,observed,matched,17903.0,matched,observed,interim_s1_only,0.3,False,BOTH,982.9091,0.0444,pending,,43.6494,S1,fs1-3016a20fd3ad
E137::pithoragarh,E137,2021-0435-IND,2021-06-01,Uttarakhand,Pithoragarh,14.8467,0.0021,7209.480621522472,S1,observed,matched,17932.0,matched,observed,interim_s1_only,70.4,False,BOTH,107.4879,0.1381,pending,,14.8467,S1,fs1-3016a20fd3ad
E137::uttarkashi,E137,2021-0435-IND,2021-06-01,Uttarakhand,Uttarkashi,26.4347,0.004,6642.1631687539975,S1,observed,matched,70289.0,matched,observed,interim_s1_only,25.9,False,BOTH,119.6664,0.2209,pending,,26.4347,S1,fs1-3016a20fd3ad
E138::east%20medinipur,E138,2021-0435-IND,2021-06-01,West Bengal,East Medinipur,228.209,0.0543,4206.535570896404,S1,observed,matched,76128533B25373378863054,matched,observed,interim_s1_only,7.7,False,BOTH,3810.954,0.0599,pending,,228.209,S1,fs1-3016a20fd3ad
E138::hooghly,E138,2021-0435-IND,2021-06-01,West Bengal,Hooghly,21.0256,0.0067,3153.550053477295,S1,observed,matched,76128533B81857725777974,matched,observed,interim_s1_only,2.0,True,BOTH,2927.0037,0.0072,pending,,21.0256,S1,fs1-3016a20fd3ad
E138::west%20medinipur,E138,2021-0435-IND,2021-06-01,West Bengal,West Medinipur,49.4802,0.0079,6284.990303075887,S1,observed,matched,76128533B88812350838807,matched,observed,interim_s1_only,2.6,True,BOTH,6123.409,0.0081,pending,,49.4802,S1,fs1-3016a20fd3ad
E139::bongaigaon,E139,2021-0366-IND,2021-07-01,Assam,Bongaigaon,148.4536,0.0636,2332.582799042809,S1,observed,matched,70086.0,matched,observed,interim_s1_only,73.2,False,BOTH,1849.5033,0.0803,pending,,148.4536,S1,fs1-3016a20fd3ad
E139::chirang,E139,2021-0366-IND,2021-07-01,Assam,Chirang,44.1198,0.0278,1586.6528982343073,S1,observed,matched,76128533B56012535339305,matched,observed,interim_s1_only,48.6,True,BOTH,1479.252,0.0298,pending,,44.1198,S1,fs1-3016a20fd3ad
E139::dhemaji,E139,2021-0366-IND,2021-07-01,Assam,Dhemaji,98.6379,0.0394,2503.3476339074205,S1,observed,matched,70087.0,matched,observed,interim_s1_only,75.4,False,BOTH,2240.4877,0.044,pending,,98.6379,S1,fs1-3016a20fd3ad
E139::dibrugarh,E139,2021-0366-IND,2021-07-01,Assam,Dibrugarh,91.8003,0.027,3397.4818067287138,S1,observed,matched,17580.0,matched,observed,interim_s1_only,59.3,False,BOTH,2887.5515,0.0318,pending,,91.8003,S1,fs1-3016a20fd3ad
E140::lahaul%20and%20spiti,E140,2021-0458-IND,2021-07-28,Himachal Pradesh,Lahaul and Spiti,33.1474,0.0024,13839.679584293348,S1,observed,matched,76128533B75359793481950,matched,observed,interim_s1_only,55.5,False,BOTH,475.4647,0.0697,pending,,33.1474,S1,fs1-3016a20fd3ad
E141::anantnag,E141,2021-0458-IND,2021-07-28,Jammu and Kashmir,Anantnag,21.4981,0.0078,2744.702711002116,S1,observed,matched,76128533B6393836306469,matched,observed,interim_s1_only,15.7,False,BOTH,460.8518,0.0466,pending,,21.4981,S1,fs1-3016a20fd3ad
E141::bandipora,E141,2021-0458-IND,2021-07-28,Jammu and Kashmir,Bandipora,42.3163,0.0142,2983.0559101124977,S1,observed,matched,76128533B41744580856133,matched,observed,interim_s1_only,5.6,False,BOTH,403.7405,0.1048,pending,,42.3163,S1,fs1-3016a20fd3ad
E141::ganderbal,E141,2021-0458-IND,2021-07-28,Jammu and Kashmir,Ganderbal,13.3026,0.0092,1447.329423481058,S1,observed,matched,76128533B20504715877560,matched,observed,interim_s1_only,10.9,False,BOTH,213.6741,0.0623,pending,,13.3026,S1,fs1-3016a20fd3ad
E141::kishtwar,E141,2021-0458-IND,2021-07-28,Jammu and Kashmir,Kishtwar,9.5612,0.0012,7915.862636956913,S1,observed,matched,76128533B20458430922604,matched,observed,interim_s1_only,48.5,False,BOTH,174.7565,0.0547,pending,,9.5612,S1,fs1-3016a20fd3ad
E142::devbhumi%20dwarka,E142,2021-0585-IND,2021-09-13,Gujarat,Devbhumi Dwarka,90.3887,0.0209,4320.429272751359,S1,observed,matched,76128533B74381554567803,matched,observed,interim_s1_only,41.4,False,DESCENDING,3892.1695,0.0232,pending,,90.3887,S1,fs1-3016a20fd3ad
E142::gir%20somnath,E142,2021-0585-IND,2021-09-13,Gujarat,Gir Somnath,26.4186,0.007,3780.874903082649,S1,observed,matched,76128533B45037556977273,matched,observed,interim_s1_only,59.9,False,DESCENDING,3075.7366,0.0086,pending,,26.4186,S1,fs1-3016a20fd3ad
E142::jamnagar,E142,2021-0585-IND,2021-09-13,Gujarat,Jamnagar,287.4083,0.0266,10822.719279552311,S1,observed,matched,17641.0,matched,observed,interim_s1_only,60.2,False,DESCENDING,9782.7889,0.0294,pending,,287.4083,S1,fs1-3016a20fd3ad
E142::junagadh,E142,2021-0585-IND,2021-09-13,Gujarat,Junagadh,118.297,0.0144,8217.26323932205,S1,observed,matched,17642.0,matched,observed,interim_s1_only,51.1,True,DESCENDING,7214.2731,0.0164,pending,,118.297,S1,fs1-3016a20fd3ad
E142::morbi,E142,2021-0585-IND,2021-09-13,Gujarat,Morbi,58.0531,0.012,4845.388822156085,S1,observed,matched,76128533B2080752988715,matched,observed,interim_s1_only,28.0,True,DESCENDING,4598.5249,0.0126,pending,,58.0531,S1,fs1-3016a20fd3ad
E142::porbandar,E142,2021-0585-IND,2021-09-13,Gujarat,Porbandar,362.4826,0.153,2369.3926933976804,S1,observed,matched,70130.0,matched,observed,interim_s1_only,49.9,False,DESCENDING,2208.7117,0.1641,pending,,362.4826,S1,fs1-3016a20fd3ad
E142::rajkot,E142,2021-0585-IND,2021-09-13,Gujarat,Rajkot,127.9755,0.0115,11175.751593133718,S1,observed,matched,17647.0,matched,observed,interim_s1_only,64.1,True,DESCENDING,10594.8875,0.0121,pending,,127.9755,S1,fs1-3016a20fd3ad
E142::valsad,E142,2021-0585-IND,2021-09-13,Gujarat,Valsad,12.2083,0.004,3025.875446392478,S1,observed,matched,17653.0,matched,observed,interim_s1_only,58.5,True,DESCENDING,1750.257,0.007,pending,,12.2083,S1,fs1-3016a20fd3ad
E143::alappuzha,E143,2021-0677-IND,2021-10-11,Kerala,Alappuzha,34.5955,0.0263,1316.6907112011845,S1,observed,matched,70298.0,matched,observed,interim_s1_only,51.2,True,DESCENDING,1087.5384,0.0318,pending,,34.5955,S1,fs1-3016a20fd3ad
E143::idukki,E143,2021-0677-IND,2021-10-11,Kerala,Idukki,1.1007,0.0002,5010.411036324633,S1,observed,matched,17700.0,matched,observed,interim_s1_only,27.9,True,DESCENDING,480.7175,0.0023,pending,,1.1007,S1,fs1-3016a20fd3ad
E143::kollam,E143,2021-0677-IND,2021-10-11,Kerala,Kollam,1.9568,0.0008,2363.0186325698423,S1,observed,matched,17707.0,matched,observed,interim_s1_only,65.4,True,DESCENDING,826.5589,0.0024,pending,,1.9568,S1,fs1-3016a20fd3ad
E143::kottayam,E143,2021-0677-IND,2021-10-11,Kerala,Kottayam,36.6517,0.0171,2143.385583622296,S1,observed,matched,17702.0,matched,observed,interim_s1_only,45.8,True,DESCENDING,887.901,0.0413,pending,,36.6517,S1,fs1-3016a20fd3ad
E143::pathanamthitta,E143,2021-0677-IND,2021-10-11,Kerala,Pathanamthitta,3.0006,0.0011,2663.6118314901764,S1,observed,matched,76128533B29330052395581,matched,observed,interim_s1_only,53.6,True,DESCENDING,492.0105,0.0061,pending,,3.0006,S1,fs1-3016a20fd3ad
E143::thiruvananthapuram,E143,2021-0677-IND,2021-10-11,Kerala,Thiruvananthapuram,0.856,0.0004,2047.560453755721,S1,observed,matched,17709.0,matched,observed,interim_s1_only,43.4,True,DESCENDING,719.775,0.0012,pending,,0.856,S1,fs1-3016a20fd3ad
E144::nainital,E144,2021-0681-IND,2021-10-18,Uttarakhand,Nainital,6.9809,0.0017,4068.963433579816,S1,observed,matched,70285.0,matched,observed,interim_s1_only,0.0,True,BOTH,1382.9492,0.005,pending,,6.9809,S1,fs1-3016a20fd3ad
E145::ariyalur,E145,2021-0722-IND,2021-11-06,Tamil Nadu,Ariyalur,68.6166,0.035,1958.3064553750903,S1,observed,matched,70241.0,matched,observed,interim_s1_only,100.0,True,BOTH,1912.6981,0.0359,pending,,68.6166,S1,fs1-3016a20fd3ad
E145::chengalpattu,E145,2021-0722-IND,2021-11-06,Tamil Nadu,Chengalpattu,79.8628,0.0457,1747.8224548823348,S1,observed,matched,76128533B88669134807148,matched,observed,interim_s1_only,73.8,False,BOTH,1659.3045,0.0481,pending,,79.8628,S1,fs1-3016a20fd3ad
E145::chennai,E145,2021-0722-IND,2021-11-06,Tamil Nadu,Chennai,0.4683,0.0024,196.6308822101988,S1,observed,matched,70242.0,matched,observed,interim_s1_only,91.6,True,DESCENDING,182.9401,0.0026,pending,,0.4683,S1,fs1-3016a20fd3ad
E145::coimbatore,E145,2021-0722-IND,2021-11-06,Tamil Nadu,Coimbatore,4.892,0.0007,7435.549976623285,S1,observed,matched,17867.0,matched,observed,interim_s1_only,41.3,True,DESCENDING,5271.3636,0.0009,pending,,4.892,S1,fs1-3016a20fd3ad
E145::cuddalore,E145,2021-0722-IND,2021-11-06,Tamil Nadu,Cuddalore,158.8376,0.0414,3834.148317022688,S1,observed,matched,70243.0,matched,observed,interim_s1_only,98.9,False,BOTH,3614.8545,0.0439,pending,,158.8376,S1,fs1-3016a20fd3ad
E145::dharmapuri,E145,2021-0722-IND,2021-11-06,Tamil Nadu,Dharmapuri,17.6702,0.0018,9684.922166393157,S1,observed,matched,17868.0,matched,observed,interim_s1_only,100.0,True,DESCENDING,6285.9501,0.0028,pending,,17.6702,S1,fs1-3016a20fd3ad
E145::dindigul,E145,2021-0722-IND,2021-11-06,Tamil Nadu,Dindigul,13.474,0.0022,6081.469626741037,S1,observed,matched,17877.0,matched,observed,interim_s1_only,19.1,True,DESCENDING,3778.4261,0.0036,pending,,13.474,S1,fs1-3016a20fd3ad
E145::erode,E145,2021-0722-IND,2021-11-06,Tamil Nadu,Erode,11.3287,0.0014,8207.833450241802,S1,observed,matched,17875.0,matched,observed,interim_s1_only,58.2,True,DESCENDING,6096.5449,0.0019,pending,,11.3287,S1,fs1-3016a20fd3ad
E145::kallakurichi,E145,2021-0722-IND,2021-11-06,Tamil Nadu,Kallakurichi,63.4972,0.0196,3245.170359418769,S1,observed,matched,76128533B19545859035458,matched,observed,interim_s1_only,100.0,True,BOTH,2612.5217,0.0243,pending,,63.4972,S1,fs1-3016a20fd3ad
E145::kanchipuram,E145,2021-0722-IND,2021-11-06,Tamil Nadu,Kanchipuram,229.2997,0.084,2731.115914393623,S1,observed,matched,76128533B83644689337946,matched,observed,interim_s1_only,56.8,False,BOTH,2537.7135,0.0904,pending,,229.2997,S1,fs1-3016a20fd3ad
E145::kanyakumari,E145,2021-0722-IND,2021-11-06,Tamil Nadu,Kanyakumari,12.6722,0.0073,1731.6509313616805,S1,observed,matched,76128533B53796141759805,matched,observed,interim_s1_only,96.8,True,DESCENDING,754.9815,0.0168,pending,,12.6722,S1,fs1-3016a20fd3ad
E145::karur,E145,2021-0722-IND,2021-11-06,Tamil Nadu,Karur,9.0029,0.0031,2900.724851309244,S1,observed,matched,70245.0,matched,observed,interim_s1_only,13.8,True,DESCENDING,2709.8554,0.0033,pending,,9.0029,S1,fs1-3016a20fd3ad
E145::krishnagiri,E145,2021-0722-IND,2021-11-06,Tamil Nadu,Krishnagiri,5.1035,0.001,5026.624371104349,S1,observed,matched,76128533B35717069663408,matched,observed,interim_s1_only,100.0,True,DESCENDING,3401.4593,0.0015,pending,,5.1035,S1,fs1-3016a20fd3ad
E145::madurai,E145,2021-0722-IND,2021-11-06,Tamil Nadu,Madurai,32.4691,0.0088,3702.726669804037,S1,observed,matched,70246.0,matched,observed,interim_s1_only,13.9,True,DESCENDING,2958.5481,0.011,pending,,32.4691,S1,fs1-3016a20fd3ad
E145::mayiladuthurai,E145,2021-0722-IND,2021-11-06,Tamil Nadu,Mayiladuthurai,32.9114,0.028,1174.077442614741,S1,observed,matched,76128533B63176236753619,matched,observed,interim_s1_only,100.0,True,BOTH,1127.1668,0.0292,pending,,32.9114,S1,fs1-3016a20fd3ad
E145::nagapattinam,E145,2021-0722-IND,2021-11-06,Tamil Nadu,Nagapattinam,263.2062,0.0533,4937.704421608838,S1,observed,matched,70247.0,matched,observed,interim_s1_only,100.0,False,BOTH,4691.9213,0.0561,pending,,263.2062,S1,fs1-3016a20fd3ad
E145::namakkal,E145,2021-0722-IND,2021-11-06,Tamil Nadu,Namakkal,12.7423,0.0037,3414.24793933839,S1,observed,matched,70248.0,matched,observed,interim_s1_only,65.8,True,DESCENDING,2682.6536,0.0047,pending,,12.7423,S1,fs1-3016a20fd3ad
E145::nilgiris,E145,2021-0722-IND,2021-11-06,Tamil Nadu,Nilgiris,0.5422,0.0002,2556.29022980388,S1,observed,matched,17873.0,matched,observed,interim_s1_only,79.5,True,DESCENDING,316.5457,0.0017,pending,,0.5422,S1,fs1-3016a20fd3ad
E145::perambalur,E145,2021-0722-IND,2021-11-06,Tamil Nadu,Perambalur,13.5506,0.0077,1759.1102381935702,S1,observed,matched,70249.0,matched,observed,interim_s1_only,99.5,True,DESCENDING,1563.5948,0.0087,pending,,13.5506,S1,fs1-3016a20fd3ad
E145::pudukkottai,E145,2021-0722-IND,2021-11-06,Tamil Nadu,Pudukkottai,124.5614,0.0264,4709.377629855288,S1,observed,matched,17876.0,matched,observed,interim_s1_only,47.1,True,DESCENDING,4562.4374,0.0273,pending,,124.5614,S1,fs1-3016a20fd3ad
E145::ramanathapuram,E145,2021-0722-IND,2021-11-06,Tamil Nadu,Ramanathapuram,60.7057,0.0142,4278.157270652974,S1,observed,matched,17878.0,matched,observed,interim_s1_only,12.1,True,DESCENDING,4050.3746,0.015,pending,,60.7057,S1,fs1-3016a20fd3ad
E145::ranipet,E145,2021-0722-IND,2021-11-06,Tamil Nadu,Ranipet,59.1401,0.0298,1986.629305567598,S1,observed,matched,76128533B22687502928564,matched,observed,interim_s1_only,94.7,False,DESCENDING,1794.6845,0.033,pending,,59.1401,S1,fs1-3016a20fd3ad
E145::salem,E145,2021-0722-IND,2021-11-06,Tamil Nadu,Salem,17.6457,0.0034,5230.961119330676,S1,observed,matched,17879.0,matched,observed,interim_s1_only,92.8,True,DESCENDING,3418.8695,0.0052,pending,,17.6457,S1,fs1-3016a20fd3ad
E145::sivagangai,E145,2021-0722-IND,2021-11-06,Tamil Nadu,Sivagangai,65.5522,0.0153,4280.53346902515,S1,observed,matched,76128533B89925537847414,matched,observed,interim_s1_only,9.5,True,DESCENDING,4072.4879,0.0161,pending,,65.5522,S1,fs1-3016a20fd3ad
E145::tenkasi,E145,2021-0722-IND,2021-11-06,Tamil Nadu,Tenkasi,62.1985,0.0216,2880.477474023877,S1,observed,matched,76128533B27604563137530,matched,observed,interim_s1_only,32.6,True,DESCENDING,2416.5276,0.0257,pending,,62.1985,S1,fs1-3016a20fd3ad
E145::thanjavur,E145,2021-0722-IND,2021-11-06,Tamil Nadu,Thanjavur,125.278,0.0368,3405.566823416965,S1,observed,matched,17881.0,matched,observed,interim_s1_only,94.0,True,BOTH,3289.6115,0.0381,pending,,125.278,S1,fs1-3016a20fd3ad
E145::theni,E145,2021-0722-IND,2021-11-06,Tamil Nadu,Theni,8.5381,0.003,2856.8492311065897,S1,observed,matched,70250.0,matched,observed,interim_s1_only,35.1,True,DESCENDING,1524.7981,0.0056,pending,,8.5381,S1,fs1-3016a20fd3ad
E145::thoothukudi,E145,2021-0722-IND,2021-11-06,Tamil Nadu,Thoothukudi,112.3052,0.0236,4753.760490296577,S1,observed,matched,17866.0,matched,observed,interim_s1_only,10.1,True,DESCENDING,4592.2261,0.0245,pending,,112.3052,S1,fs1-3016a20fd3ad
E145::tiruchirappalli,E145,2021-0722-IND,2021-11-06,Tamil Nadu,Tiruchirappalli,97.5562,0.0216,4524.2622324673775,S1,observed,matched,76128533B1645877589145,matched,observed,interim_s1_only,52.1,True,DESCENDING,3957.6916,0.0246,pending,,97.5562,S1,fs1-3016a20fd3ad
E145::tirunelveli,E145,2021-0722-IND,2021-11-06,Tamil Nadu,Tirunelveli,112.1637,0.0296,3791.340968942823,S1,observed,matched,76128533B52639434516056,matched,observed,interim_s1_only,34.6,True,DESCENDING,2902.3671,0.0386,pending,,112.1637,S1,fs1-3016a20fd3ad
E145::tirupattur,E145,2021-0722-IND,2021-11-06,Tamil Nadu,Tirupattur,2.4119,0.0012,1947.0368816738523,S1,observed,matched,76128533B11403491783632,matched,observed,interim_s1_only,100.0,True,DESCENDING,1171.4124,0.0021,pending,,2.4119,S1,fs1-3016a20fd3ad
E145::tiruvallur,E145,2021-0722-IND,2021-11-06,Tamil Nadu,Tiruvallur,123.7679,0.0365,3391.9537715379174,S1,observed,matched,76128533B45592431373253,matched,observed,interim_s1_only,63.2,False,DESCENDING,3048.361,0.0406,pending,,123.7679,S1,fs1-3016a20fd3ad
E145::tiruvannamalai,E145,2021-0722-IND,2021-11-06,Tamil Nadu,Tiruvannamalai,217.3267,0.035,6207.479555086647,S1,observed,matched,70253.0,matched,observed,interim_s1_only,92.5,False,BOTH,4997.1822,0.0435,pending,,217.3267,S1,fs1-3016a20fd3ad
E145::tiruvarur,E145,2021-0722-IND,2021-11-06,Tamil Nadu,Tiruvarur,128.6342,0.0563,2285.385478948947,S1,observed,matched,76128533B45072089356239,matched,observed,interim_s1_only,100.0,False,BOTH,2166.9066,0.0594,pending,,128.6342,S1,fs1-3016a20fd3ad
E145::vellore,E145,2021-0722-IND,2021-11-06,Tamil Nadu,Vellore,46.8953,0.0077,6090.809604094498,S1,observed,matched,70254.0,matched,observed,interim_s1_only,98.3,True,DESCENDING,4245.7546,0.011,pending,,46.8953,S1,fs1-3016a20fd3ad
E145::villupuram,E145,2021-0722-IND,2021-11-06,Tamil Nadu,Villupuram,342.5173,0.0467,7328.713531089985,S1,observed,matched,70255.0,matched,observed,interim_s1_only,89.2,False,BOTH,6262.7695,0.0547,pending,,342.5173,S1,fs1-3016a20fd3ad
E145::virudhunagar,E145,2021-0722-IND,2021-11-06,Tamil Nadu,Virudhunagar,28.457,0.0066,4306.978436820998,S1,observed,matched,17869.0,matched,observed,interim_s1_only,26.6,True,DESCENDING,3913.8888,0.0073,pending,,28.457,S1,fs1-3016a20fd3ad
E146::anantapur,E146,2021-0748-IND,2021-11-18,Andhra Pradesh,Anantapur,159.3675,0.0083,19296.69211755829,S1,observed,matched,17548.0,matched,observed,interim_s1_only,49.3,True,BOTH,15722.6691,0.0101,pending,,159.3675,S1,fs1-3016a20fd3ad
E146::chittoor,E146,2021-0748-IND,2021-11-18,Andhra Pradesh,Chittoor,181.0263,0.0119,15225.848296260026,S1,observed,matched,17549.0,matched,observed,interim_s1_only,65.8,True,DESCENDING,10158.7229,0.0178,pending,,181.0263,S1,fs1-3016a20fd3ad
E146::nellore,E146,2021-0748-IND,2021-11-18,Andhra Pradesh,Nellore,1272.6396,0.0945,13465.479193999116,S1,observed,matched,17561.0,matched,observed,interim_s1_only,31.3,False,DESCENDING,11397.9217,0.1117,pending,,1272.6396,S1,fs1-3016a20fd3ad
E146::ysr%20kadapa,E146,2021-0748-IND,2021-11-18,Andhra Pradesh,YSR Kadapa,146.1257,0.0097,15070.574780835612,S1,observed,matched,76128533B72109128179340,matched,observed,interim_s1_only,68.0,True,DESCENDING,10008.0209,0.0146,pending,,146.1257,S1,fs1-3016a20fd3ad
E148::bajali,E148,2022-0293-IND,2022-05-17,Assam,Bajali,76.6063,0.1855,413.0211318854061,S1,observed,matched,OSM:relation/16704179,matched,observed,interim_s1_only,47.6,False,BOTH,389.0165,0.1969,pending,,76.6063,S1,fs1-3016a20fd3ad
E148::baksa,E148,2022-0293-IND,2022-05-17,Assam,Baksa,75.1596,0.0313,2398.6209171216783,S1,observed,matched,76128533B8221925175605,matched,observed,interim_s1_only,64.0,True,BOTH,2223.2273,0.0338,pending,,75.1596,S1,fs1-3016a20fd3ad
E148::barpeta,E148,2022-0293-IND,2022-05-17,Assam,Barpeta,336.1254,0.1033,3253.622989828742,S1,observed,matched,17576.0,matched,observed,interim_s1_only,35.8,False,BOTH,2781.8165,0.1208,pending,,336.1254,S1,fs1-3016a20fd3ad
E148::biswanath,E148,2022-0293-IND,2022-05-17,Assam,Biswanath,151.9015,0.0846,1795.9804068303213,S1,observed,matched,76128533B40714385808093,matched,observed,interim_s1_only,25.6,False,BOTH,1560.1555,0.0974,pending,,151.9015,S1,fs1-3016a20fd3ad
E148::bongaigaon,E148,2022-0293-IND,2022-05-17,Assam,Bongaigaon,53.3515,0.0229,2332.582799042809,S1,observed,matched,70086.0,matched,observed,interim_s1_only,24.9,False,BOTH,1849.5033,0.0288,pending,,53.3515,S1,fs1-3016a20fd3ad
E148::cachar,E148,2022-0293-IND,2022-05-17,Assam,Cachar,429.0637,0.1127,3806.329961738336,S1,observed,matched,17577.0,matched,observed,interim_s1_only,20.5,False,BOTH,1742.352,0.2463,pending,,429.0637,S1,fs1-3016a20fd3ad
E148::chirang,E148,2022-0293-IND,2022-05-17,Assam,Chirang,7.2975,0.0046,1586.6528982343095,S1,observed,matched,76128533B56012535339305,matched,observed,interim_s1_only,21.2,True,BOTH,1479.252,0.0049,pending,,7.2975,S1,fs1-3016a20fd3ad
E148::darrang,E148,2022-0293-IND,2022-05-17,Assam,Darrang,128.433,0.0375,3426.9679336953163,S1,observed,matched,17578.0,matched,observed,interim_s1_only,34.6,False,BOTH,3074.5271,0.0418,pending,,128.433,S1,fs1-3016a20fd3ad
E148::dhemaji,E148,2022-0293-IND,2022-05-17,Assam,Dhemaji,172.3855,0.0689,2503.3476339074205,S1,observed,matched,70087.0,matched,observed,interim_s1_only,54.2,False,BOTH,2240.4877,0.0769,pending,,172.3855,S1,fs1-3016a20fd3ad
E148::dhubri,E148,2022-0293-IND,2022-05-17,Assam,Dhubri,121.3518,0.0678,1790.280077462252,S1,observed,matched,76128533B25835998628545,matched,observed,interim_s1_only,9.1,False,BOTH,1545.8668,0.0785,pending,,121.3518,S1,fs1-3016a20fd3ad
E148::dibrugarh,E148,2022-0293-IND,2022-05-17,Assam,Dibrugarh,230.8592,0.068,3397.4818067287138,S1,observed,matched,17580.0,matched,observed,interim_s1_only,47.3,False,BOTH,2887.5515,0.0799,pending,,230.8592,S1,fs1-3016a20fd3ad
E148::dima%20hasao,E148,2022-0293-IND,2022-05-17,Assam,Dima Hasao,6.6324,0.0013,4914.108784116717,S1,observed,matched,76128533B66125202864966,matched,observed,interim_s1_only,53.1,True,BOTH,670.5263,0.0099,pending,,6.6324,S1,fs1-3016a20fd3ad
E148::goalpara,E148,2022-0293-IND,2022-05-17,Assam,Goalpara,189.071,0.0993,1904.60564716237,S1,observed,matched,17581.0,matched,observed,interim_s1_only,27.8,False,BOTH,1408.4225,0.1342,pending,,189.071,S1,fs1-3016a20fd3ad
E148::golaghat,E148,2022-0293-IND,2022-05-17,Assam,Golaghat,91.8299,0.026,3532.2679838886856,S1,observed,matched,17582.0,matched,observed,interim_s1_only,35.0,False,BOTH,3111.5422,0.0295,pending,,91.8299,S1,fs1-3016a20fd3ad
E148::hailakandi,E148,2022-0293-IND,2022-05-17,Assam,Hailakandi,81.1547,0.0607,1336.4605858584375,S1,observed,matched,70088.0,matched,observed,interim_s1_only,17.4,False,BOTH,629.4125,0.1289,pending,,81.1547,S1,fs1-3016a20fd3ad
E148::hojai,E148,2022-0293-IND,2022-05-17,Assam,Hojai,154.8362,0.1063,1456.4677644953886,S1,observed,matched,76128533B70315194619807,matched,observed,interim_s1_only,5.9,False,BOTH,989.2694,0.1565,pending,,154.8362,S1,fs1-3016a20fd3ad
E148::kamrup,E148,2022-0293-IND,2022-05-17,Assam,Kamrup,399.2783,0.0918,4348.6225796054405,S1,observed,matched,17583.0,matched,observed,interim_s1_only,45.5,False,BOTH,2833.5254,0.1409,pending,,399.2783,S1,fs1-3016a20fd3ad
E148::kamrup%20metropolitan,E148,2022-0293-IND,2022-05-17,Assam,Kamrup Metropolitan,23.2884,0.0206,1131.541200086081,S1,observed,matched,76128533B38230828972906,matched,observed,interim_s1_only,37.6,True,BOTH,448.608,0.0519,pending,,23.2884,S1,fs1-3016a20fd3ad
E148::karimganj,E148,2022-0293-IND,2022-05-17,Assam,Karimganj,132.4436,0.0713,1856.722473230466,S1,observed,matched,17585.0,matched,observed,interim_s1_only,37.2,False,BOTH,1051.2523,0.126,pending,,132.4436,S1,fs1-3016a20fd3ad
E148::kokrajhar,E148,2022-0293-IND,2022-05-17,Assam,Kokrajhar,27.5927,0.0083,3329.2233881813268,S1,observed,matched,70090.0,matched,observed,interim_s1_only,2.5,True,BOTH,3061.7037,0.009,pending,,27.5927,S1,fs1-3016a20fd3ad
E148::lakhimpur,E148,2022-0293-IND,2022-05-17,Assam,Lakhimpur,263.5247,0.0913,2886.5239581816727,S1,observed,matched,70091.0,matched,observed,interim_s1_only,35.6,False,BOTH,2563.3875,0.1028,pending,,263.5247,S1,fs1-3016a20fd3ad
E148::majuli,E148,2022-0293-IND,2022-05-17,Assam,Majuli,129.5183,0.1036,1250.5943287676694,S1,observed,matched,76128533B15157901669242,matched,observed,interim_s1_only,12.3,False,BOTH,895.4552,0.1446,pending,,129.5183,S1,fs1-3016a20fd3ad
E148::morigaon,E148,2022-0293-IND,2022-05-17,Assam,Morigaon,218.2678,0.1447,1508.3262903435707,S1,observed,matched,76128533B17968019348564,matched,observed,interim_s1_only,8.8,False,BOTH,1311.7575,0.1664,pending,,218.2678,S1,fs1-3016a20fd3ad
E148::nagaon,E148,2022-0293-IND,2022-05-17,Assam,Nagaon,491.408,0.1229,3997.4423095607103,S1,observed,matched,17589.0,matched,observed,interim_s1_only,4.5,False,BOTH,3099.3518,0.1586,pending,,491.408,S1,fs1-3016a20fd3ad
E148::nalbari,E148,2022-0293-IND,2022-05-17,Assam,Nalbari,183.0514,0.0782,2339.8796955273547,S1,observed,matched,17590.0,matched,observed,interim_s1_only,58.1,False,BOTH,2097.5834,0.0873,pending,,183.0514,S1,fs1-3016a20fd3ad
E148::sivasagar,E148,2022-0293-IND,2022-05-17,Assam,Sivasagar,243.0892,0.1592,1526.651765771626,S1,observed,matched,76128533B21722277889516,matched,observed,interim_s1_only,9.9,False,BOTH,1387.3046,0.1752,pending,,243.0892,S1,fs1-3016a20fd3ad
E148::sonitpur,E148,2022-0293-IND,2022-05-17,Assam,Sonitpur,303.5849,0.0649,4676.158375740257,S1,observed,matched,17593.0,matched,observed,interim_s1_only,19.3,False,BOTH,4081.5881,0.0744,pending,,303.5849,S1,fs1-3016a20fd3ad
E148::south%20salmara,E148,2022-0293-IND,2022-05-17,Assam,South Salmara,49.3179,0.0686,719.1856651342704,S1,observed,matched,76128533B20298037622173,matched,observed,interim_s1_only,0.6,False,BOTH,473.1623,0.1042,pending,,49.3179,S1,fs1-3016a20fd3ad
E148::tamulpur,E148,2022-0293-IND,2022-05-17,Assam,Tamulpur,40.4039,0.047,860.0009585836317,S1,observed,matched,OSM:relation/16702229,matched,observed,interim_s1_only,84.6,True,BOTH,790.5555,0.0511,pending,,40.4039,S1,fs1-3016a20fd3ad
E148::tinsukia,E148,2022-0293-IND,2022-05-17,Assam,Tinsukia,72.667,0.0191,3799.190193815676,S1,observed,matched,70093.0,matched,observed,interim_s1_only,0.2,False,BOTH,3303.9786,0.022,pending,,72.667,S1,fs1-3016a20fd3ad
E148::udalguri,E148,2022-0293-IND,2022-05-17,Assam,Udalguri,22.3246,0.0109,2056.2913712488325,S1,observed,matched,76128533B20307518801538,matched,observed,interim_s1_only,39.0,True,BOTH,1902.4689,0.0117,pending,,22.3246,S1,fs1-3016a20fd3ad
E148::west%20karbi%20anglong,E148,2022-0293-IND,2022-05-17,Assam,West Karbi Anglong,35.8533,0.0115,3106.68686919722,S1,observed,matched,76128533B57995625790051,matched,observed,interim_s1_only,39.5,True,BOTH,757.2,0.0473,pending,,35.8533,S1,fs1-3016a20fd3ad
E150::bharuch,E150,2022-0293-IND,2022-05-17,Gujarat,Bharuch,76.0473,0.0144,5286.80850824333,S1,observed,matched,17638.0,matched,observed,interim_s1_only,0.2,True,DESCENDING,4616.1811,0.0165,pending,,76.0473,S1,fs1-3016a20fd3ad
E150::dang,E150,2022-0293-IND,2022-05-17,Gujarat,Dang,42.597,0.0246,1729.7639971550238,S1,observed,matched,76128533B16271917438029,matched,observed,interim_s1_only,0.0,True,DESCENDING,444.8982,0.0957,pending,,42.597,S1,fs1-3016a20fd3ad
E150::navsari,E150,2022-0293-IND,2022-05-17,Gujarat,Navsari,8.916,0.0043,2097.600482441035,S1,observed,matched,70127.0,matched,observed,interim_s1_only,0.0,True,DESCENDING,1702.3987,0.0052,pending,,8.916,S1,fs1-3016a20fd3ad
E150::surat,E150,2022-0293-IND,2022-05-17,Gujarat,Surat,93.1904,0.0124,7486.82173633887,S1,observed,matched,17649.0,matched,observed,interim_s1_only,0.1,True,DESCENDING,5860.6038,0.0159,pending,,93.1904,S1,fs1-3016a20fd3ad
E150::tapi,E150,2022-0293-IND,2022-05-17,Gujarat,Tapi,59.7755,0.0186,3222.2181213994645,S1,observed,matched,76128533B12519626815499,matched,observed,interim_s1_only,0.1,True,DESCENDING,2093.7467,0.0285,pending,,59.7755,S1,fs1-3016a20fd3ad
E150::vadodara,E150,2022-0293-IND,2022-05-17,Gujarat,Vadodara,137.0183,0.0177,7758.226506800483,S1,observed,matched,17652.0,matched,observed,interim_s1_only,0.0,True,DESCENDING,6686.8143,0.0205,pending,,137.0183,S1,fs1-3016a20fd3ad
E150::valsad,E150,2022-0293-IND,2022-05-17,Gujarat,Valsad,10.1913,0.0034,3025.875446392478,S1,observed,matched,17653.0,matched,observed,interim_s1_only,0.0,True,DESCENDING,1750.257,0.0058,pending,,10.1913,S1,fs1-3016a20fd3ad
E151::chamba,E151,2022-0293-IND,2022-05-17,Himachal Pradesh,Chamba,6.9779,0.0012,6056.411356305338,S1,observed,matched,17667.0,matched,observed,interim_s1_only,16.1,False,BOTH,59.2943,0.1177,pending,,6.9779,S1,fs1-3016a20fd3ad
E151::kangra,E151,2022-0293-IND,2022-05-17,Himachal Pradesh,Kangra,56.0246,0.0098,5710.452547791486,S1,observed,matched,17669.0,matched,observed,interim_s1_only,6.7,False,BOTH,1405.7597,0.0399,pending,,56.0246,S1,fs1-3016a20fd3ad
E151::kullu,E151,2022-0293-IND,2022-05-17,Himachal Pradesh,Kullu,20.0626,0.0036,5505.982355912866,S1,observed,matched,17671.0,matched,observed,interim_s1_only,28.4,False,BOTH,113.1084,0.1774,pending,,20.0626,S1,fs1-3016a20fd3ad
E151::mandi,E151,2022-0293-IND,2022-05-17,Himachal Pradesh,Mandi,14.1715,0.0036,3951.2717684747336,S1,observed,matched,17673.0,matched,observed,interim_s1_only,0.0,False,BOTH,180.7402,0.0784,pending,,14.1715,S1,fs1-3016a20fd3ad
E152::narmadapuram,E152,2022-0293-IND,2022-05-17,Madhya Pradesh,Narmadapuram,54.8178,0.0082,6700.110425846857,S1,observed,matched,76128533B45314020251888,matched,observed,interim_s1_only,0.0,True,DESCENDING,5105.9417,0.0107,pending,,54.8178,S1,fs1-3016a20fd3ad
E152::raisen,E152,2022-0293-IND,2022-05-17,Madhya Pradesh,Raisen,178.0541,0.0209,8515.574877211904,S1,observed,matched,17739.0,matched,observed,interim_s1_only,0.0,True,DESCENDING,6810.1448,0.0261,pending,,178.0541,S1,fs1-3016a20fd3ad
E153::bhandara,E153,2022-0293-IND,2022-05-17,Maharashtra,Bhandara,44.11,0.0094,4713.352518104012,S1,observed,matched,17761.0,matched,observed,interim_s1_only,0.0,True,DESCENDING,4129.3869,0.0107,pending,,44.11,S1,fs1-3016a20fd3ad
E153::gadchiroli,E153,2022-0293-IND,2022-05-17,Maharashtra,Gadchiroli,80.7297,0.0056,14484.822963236316,S1,observed,matched,76128533B36958871695926,matched,observed,interim_s1_only,0.0,True,DESCENDING,11066.2063,0.0073,pending,,80.7297,S1,fs1-3016a20fd3ad
E153::kolhapur,E153,2022-0293-IND,2022-05-17,Maharashtra,Kolhapur,,,7680.572392490604,NONE,missing,matched,17769.0,matched,missing,no_s1,11.1,,DESCENDING,4339.6371,,pending,,7.621,NDWI,fs1-3016a20fd3ad
E153::mumbai%20suburban,E153,2022-0293-IND,2022-05-17,Maharashtra,Mumbai Suburban,1.8597,0.0045,409.3994670782586,S1,observed,matched,70183.0,matched,observed,interim_s1_only,26.1,True,DESCENDING,269.1381,0.0069,pending,,1.8597,S1,fs1-3016a20fd3ad
E153::nandurbar,E153,2022-0293-IND,2022-05-17,Maharashtra,Nandurbar,164.9192,0.0277,5947.719113281336,S1,observed,matched,70185.0,matched,observed,interim_s1_only,0.1,True,DESCENDING,3471.464,0.0475,pending,,164.9192,S1,fs1-3016a20fd3ad
E154::east%20khasi%20hills,E154,2022-0293-IND,2022-05-17,Meghalaya,East Khasi Hills,3.8099,0.0013,2889.6322510589234,S1,observed,matched,17794.0,matched,observed,interim_s1_only,70.4,True,BOTH,428.7692,0.0089,pending,,3.8099,S1,fs1-3016a20fd3ad
E154::ri%20bhoi,E154,2022-0293-IND,2022-05-17,Meghalaya,Ri Bhoi,1.6609,0.0007,2389.7308835163144,S1,observed,matched,70197.0,matched,observed,interim_s1_only,62.1,True,BOTH,284.7036,0.0058,pending,,1.6609,S1,fs1-3016a20fd3ad
E156::chamba,E156,2022-0539-IND,2022-08-01,Himachal Pradesh,Chamba,4.8516,0.0008,6056.411356305338,S1,observed,matched,17667.0,matched,observed,interim_s1_only,11.8,False,BOTH,59.2943,0.0818,pending,,4.8516,S1,fs1-3016a20fd3ad
E156::kangra,E156,2022-0539-IND,2022-08-01,Himachal Pradesh,Kangra,30.9067,0.0054,5710.452547791486,S1,observed,matched,17669.0,matched,observed,interim_s1_only,4.0,False,BOTH,1405.7597,0.022,pending,,30.9067,S1,fs1-3016a20fd3ad
E156::mandi,E156,2022-0539-IND,2022-08-01,Himachal Pradesh,Mandi,7.1847,0.0018,3951.2717684747336,S1,observed,matched,17673.0,matched,observed,interim_s1_only,7.0,False,BOTH,180.7402,0.0398,pending,,7.1847,S1,fs1-3016a20fd3ad
E157::sahibganj,E157,2022-0539-IND,2022-08-01,Jharkhand,Sahibganj,51.3604,0.0233,2203.455310809673,S1,observed,matched,70154.0,matched,observed,interim_s1_only,40.9,False,BOTH,1537.1202,0.0334,pending,,51.3604,S1,fs1-3016a20fd3ad
E158::dehradun,E158,2022-0539-IND,2022-08-01,Uttarakhand,Dehradun,21.4341,0.007,3070.1655325092884,S1,observed,matched,17903.0,matched,observed,interim_s1_only,22.8,False,BOTH,982.9091,0.0218,pending,,21.4341,S1,fs1-3016a20fd3ad
E158::pauri%20garhwal,E158,2022-0539-IND,2022-08-01,Uttarakhand,Pauri Garhwal,3.8843,0.0007,5461.918144346134,S1,observed,matched,17910.0,matched,observed,interim_s1_only,52.3,True,BOTH,373.3441,0.0104,pending,,3.8843,S1,fs1-3016a20fd3ad
E158::rudraprayag,E158,2022-0539-IND,2022-08-01,Uttarakhand,Rudraprayag,0.8216,0.0007,1215.2753847771737,S1,observed,matched,70286.0,matched,observed,interim_s1_only,58.3,False,BOTH,13.0587,0.0629,pending,,0.8216,S1,fs1-3016a20fd3ad
E158::tehri%20garhwal,E158,2022-0539-IND,2022-08-01,Uttarakhand,Tehri Garhwal,3.3295,0.0008,4393.487663681659,S1,observed,matched,70287.0,matched,observed,interim_s1_only,14.8,False,BOTH,46.9933,0.0709,pending,,3.3295,S1,fs1-3016a20fd3ad
E158::uttarkashi,E158,2022-0539-IND,2022-08-01,Uttarakhand,Uttarkashi,10.5665,0.0016,6642.1631687539975,S1,observed,matched,70289.0,matched,observed,interim_s1_only,17.1,False,BOTH,119.6664,0.0883,pending,,10.5665,S1,fs1-3016a20fd3ad
E159::ballia,E159,2022-0590-IND,2022-09-18,Uttar Pradesh,Ballia,42.1654,0.014,3013.8054759791835,S1,observed,matched,17894.0,matched,observed,interim_s1_only,20.7,False,BOTH,2760.4153,0.0153,pending,,42.1654,S1,fs1-3016a20fd3ad
E159::budaun,E159,2022-0590-IND,2022-09-18,Uttar Pradesh,Budaun,87.7567,0.0207,4242.29880763651,S1,observed,matched,76128533B84679668760735,matched,observed,interim_s1_only,5.7,True,BOTH,4128.2792,0.0213,pending,,87.7567,S1,fs1-3016a20fd3ad
E160::bajali,E160,2023-0330-IND,2023-06-14,Assam,Bajali,157.7766,0.382,413.0211318853963,S1,observed,matched,OSM:relation/16704179,matched,observed,interim_s1_only,5.4,False,BOTH,389.0165,0.4056,pending,,157.7766,S1,fs1-3016a20fd3ad
E160::baksa,E160,2023-0330-IND,2023-06-14,Assam,Baksa,134.0241,0.0559,2398.6209171216783,S1,observed,matched,76128533B8221925175605,matched,observed,interim_s1_only,25.8,True,BOTH,2223.2273,0.0603,pending,,134.0241,S1,fs1-3016a20fd3ad
E160::barpeta,E160,2023-0330-IND,2023-06-14,Assam,Barpeta,593.5921,0.1824,3253.622989828742,S1,observed,matched,17576.0,matched,observed,interim_s1_only,11.1,False,BOTH,2781.8165,0.2134,pending,,593.5921,S1,fs1-3016a20fd3ad
E160::lakhimpur,E160,2023-0330-IND,2023-06-14,Assam,Lakhimpur,248.8386,0.0862,2886.5239581816727,S1,observed,matched,70091.0,matched,observed,interim_s1_only,100.0,False,BOTH,2563.3875,0.0971,pending,,248.8386,S1,fs1-3016a20fd3ad
E160::nalbari,E160,2023-0330-IND,2023-06-14,Assam,Nalbari,268.7312,0.1148,2339.8796955273547,S1,observed,matched,17590.0,matched,observed,interim_s1_only,17.1,False,BOTH,2097.5834,0.1281,pending,,268.7312,S1,fs1-3016a20fd3ad
E161::mangan,E161,2023-0330-IND,2023-06-14,Sikkim,Mangan,23.4692,0.0055,4277.456189628874,S1,observed,matched,76128533B65820903826030,matched,observed,interim_s1_only,77.5,False,BOTH,158.8432,0.1478,pending,,23.4692,S1,fs1-3016a20fd3ad
E162::dhemaji,E162,2023-0428-IND,2023-06-25,Assam,Dhemaji,190.4482,0.0761,2503.3476339074205,S1,observed,matched,70087.0,matched,observed,interim_s1_only,100.0,False,BOTH,2240.4877,0.085,pending,,190.4482,S1,fs1-3016a20fd3ad
E162::lakhimpur,E162,2023-0428-IND,2023-06-25,Assam,Lakhimpur,162.3326,0.0562,2886.5239581816727,S1,observed,matched,70091.0,matched,observed,interim_s1_only,100.0,False,BOTH,2563.3875,0.0633,pending,,162.3326,S1,fs1-3016a20fd3ad
E163::supaul,E163,2023-0428-IND,2023-06-25,Bihar,Supaul,226.9902,0.0946,2399.2927702222696,S1,observed,matched,70104.0,matched,observed,interim_s1_only,82.8,False,BOTH,2327.5369,0.0975,pending,,226.9902,S1,fs1-3016a20fd3ad
E164::dhamtari,E164,2023-0428-IND,2023-06-25,Chhattisgarh,Dhamtari,22.1047,0.0054,4074.566265206066,S1,observed,matched,70108.0,matched,observed,interim_s1_only,70.1,True,DESCENDING,3313.6933,0.0067,pending,,22.1047,S1,fs1-3016a20fd3ad
E164::gariaband,E164,2023-0428-IND,2023-06-25,Chhattisgarh,Gariaband,48.3954,0.0099,4884.817356965688,S1,observed,matched,76128533B93063337202124,matched,observed,interim_s1_only,41.0,True,DESCENDING,2957.5403,0.0164,pending,,48.3954,S1,fs1-3016a20fd3ad
E164::narayanpur,E164,2023-0428-IND,2023-06-25,Chhattisgarh,Narayanpur,0.131,0.0,3840.847589539658,S1,observed,matched,76128533B89979485471283,matched,observed,interim_s1_only,41.8,True,DESCENDING,1355.1998,0.0001,pending,,0.131,S1,fs1-3016a20fd3ad
E164::raipur,E164,2023-0428-IND,2023-06-25,Chhattisgarh,Raipur,118.9186,0.0095,12483.455862122348,S1,observed,matched,70116.0,matched,observed,interim_s1_only,58.7,True,DESCENDING,9366.8459,0.0127,pending,,118.9186,S1,fs1-3016a20fd3ad
E165::central%20delhi,E165,2023-0428-IND,2023-06-25,Delhi,Central Delhi,0.4457,0.0059,75.4258124733981,S1,observed,matched,76128533B19832024635761,matched,observed,interim_s1_only,39.6,True,BOTH,61.2611,0.0073,pending,,0.4457,S1,fs1-3016a20fd3ad
E165::east%20delhi,E165,2023-0428-IND,2023-06-25,Delhi,East Delhi,0.3519,0.0053,66.11030367841411,S1,observed,matched,76128533B72485933575946,matched,observed,interim_s1_only,53.1,True,BOTH,54.6152,0.0064,pending,,0.3519,S1,fs1-3016a20fd3ad
E165::north%20east%20delhi,E165,2023-0428-IND,2023-06-25,Delhi,North East Delhi,0.5538,0.0143,38.85904249874403,S1,observed,matched,76128533B9976625304286,matched,observed,interim_s1_only,70.1,False,BOTH,33.405,0.0166,pending,,0.5538,S1,fs1-3016a20fd3ad
E165::shahdara,E165,2023-0428-IND,2023-06-25,Delhi,Shahdara,0.045,0.0017,26.658849212845475,S1,observed,matched,76128533B81419063387740,matched,observed,interim_s1_only,77.5,True,BOTH,22.5926,0.002,pending,,0.045,S1,fs1-3016a20fd3ad
E166::bhavnagar,E166,2023-0428-IND,2023-06-25,Gujarat,Bhavnagar,588.2334,0.0726,8098.916054779909,S1,observed,matched,17639.0,matched,observed,interim_s1_only,100.0,False,DESCENDING,7330.648,0.0802,pending,,588.2334,S1,fs1-3016a20fd3ad
E166::chhota%20udaipur,E166,2023-0428-IND,2023-06-25,Gujarat,Chhota Udaipur,7.9914,0.0023,3474.2739370047093,S1,observed,matched,76128533B69417260894674,matched,observed,interim_s1_only,78.1,True,DESCENDING,2631.4253,0.003,pending,,7.9914,S1,fs1-3016a20fd3ad
E166::dang,E166,2023-0428-IND,2023-06-25,Gujarat,Dang,1.5359,0.0009,1729.7639971550243,S1,observed,matched,76128533B16271917438029,matched,observed,interim_s1_only,100.0,True,DESCENDING,444.8982,0.0035,pending,,1.5359,S1,fs1-3016a20fd3ad
E166::navsari,E166,2023-0428-IND,2023-06-25,Gujarat,Navsari,19.2066,0.0092,2097.600482441035,S1,observed,matched,70127.0,matched,observed,interim_s1_only,100.0,True,DESCENDING,1702.3987,0.0113,pending,,19.2066,S1,fs1-3016a20fd3ad
E166::surat,E166,2023-0428-IND,2023-06-25,Gujarat,Surat,24.5293,0.0033,7486.82173633887,S1,observed,matched,17649.0,matched,observed,interim_s1_only,100.0,True,DESCENDING,5860.6038,0.0042,pending,,24.5293,S1,fs1-3016a20fd3ad
E166::tapi,E166,2023-0428-IND,2023-06-25,Gujarat,Tapi,12.9061,0.004,3222.218121399561,S1,observed,matched,76128533B12519626815499,matched,observed,interim_s1_only,100.0,False,DESCENDING,2093.7467,0.0062,pending,,12.9061,S1,fs1-3016a20fd3ad
E166::valsad,E166,2023-0428-IND,2023-06-25,Gujarat,Valsad,12.0806,0.004,3025.875446392478,S1,observed,matched,17653.0,matched,observed,interim_s1_only,100.0,True,DESCENDING,1750.257,0.0069,pending,,12.0806,S1,fs1-3016a20fd3ad
E167::bilaspur,E167,2023-0428-IND,2023-06-25,Himachal Pradesh,Bilaspur,1.0098,0.0009,1167.0529956737664,S1,observed,matched,17666.0,matched,observed,interim_s1_only,20.0,False,BOTH,154.0539,0.0066,pending,,1.0098,S1,fs1-3016a20fd3ad
E167::chamba,E167,2023-0428-IND,2023-06-25,Himachal Pradesh,Chamba,3.7093,0.0006,6056.411356305338,S1,observed,matched,17667.0,matched,observed,interim_s1_only,29.8,False,BOTH,59.2943,0.0626,pending,,3.7093,S1,fs1-3016a20fd3ad
E167::hamirpur,E167,2023-0428-IND,2023-06-25,Himachal Pradesh,Hamirpur,1.673,0.0015,1122.326232597962,S1,observed,matched,17668.0,matched,observed,interim_s1_only,26.7,True,BOTH,265.4393,0.0063,pending,,1.673,S1,fs1-3016a20fd3ad
E167::kangra,E167,2023-0428-IND,2023-06-25,Himachal Pradesh,Kangra,17.3819,0.003,5710.452547791486,S1,observed,matched,17669.0,matched,observed,interim_s1_only,47.5,False,BOTH,1405.7597,0.0124,pending,,17.3819,S1,fs1-3016a20fd3ad
E167::mandi,E167,2023-0428-IND,2023-06-25,Himachal Pradesh,Mandi,8.9928,0.0023,3951.2717684747336,S1,observed,matched,17673.0,matched,observed,interim_s1_only,45.4,False,BOTH,180.7402,0.0498,pending,,8.9928,S1,fs1-3016a20fd3ad
E167::shimla,E167,2023-0428-IND,2023-06-25,Himachal Pradesh,Shimla,2.3978,0.0005,5136.6062379686,S1,observed,matched,17674.0,matched,observed,interim_s1_only,41.2,False,BOTH,39.2503,0.0611,pending,,2.3978,S1,fs1-3016a20fd3ad
E167::sirmaur,E167,2023-0428-IND,2023-06-25,Himachal Pradesh,Sirmaur,8.669,0.0031,2811.440665900108,S1,observed,matched,17675.0,matched,observed,interim_s1_only,52.3,True,BOTH,261.8072,0.0331,pending,,8.669,S1,fs1-3016a20fd3ad
E167::solan,E167,2023-0428-IND,2023-06-25,Himachal Pradesh,Solan,3.2835,0.0017,1957.7422724549936,S1,observed,matched,17676.0,matched,observed,interim_s1_only,38.5,True,BOTH,307.5316,0.0107,pending,,3.2835,S1,fs1-3016a20fd3ad
E168::belagavi,E168,2023-0428-IND,2023-06-25,Karnataka,Belagavi,338.8301,0.0252,13437.79374447446,S1,observed,matched,76128533B74319098136622,matched,observed,interim_s1_only,100.0,True,DESCENDING,10911.9771,0.0311,pending,,338.8301,S1,fs1-3016a20fd3ad
E168::chikkamagaluru,E168,2023-0428-IND,2023-06-25,Karnataka,Chikkamagaluru,9.5385,0.0014,6937.32502311172,S1,observed,matched,76128533B15550697205080,matched,observed,interim_s1_only,81.3,True,DESCENDING,3145.504,0.003,pending,,9.5385,S1,fs1-3016a20fd3ad
E168::shivamogga,E168,2023-0428-IND,2023-06-25,Karnataka,Shivamogga,17.6609,0.0021,8475.375992281286,S1,observed,matched,76128533B85389886560116,matched,observed,interim_s1_only,98.4,True,DESCENDING,4753.5743,0.0037,pending,,17.6609,S1,fs1-3016a20fd3ad
E168::uttara%20kannada,E168,2023-0428-IND,2023-06-25,Karnataka,Uttara Kannada,26.0356,0.0025,10404.181767075685,S1,observed,matched,76128533B79180273895456,matched,observed,interim_s1_only,99.3,True,DESCENDING,4002.0244,0.0065,pending,,26.0356,S1,fs1-3016a20fd3ad
E169::alirajpur,E169,2023-0428-IND,2023-06-25,Madhya Pradesh,Alirajpur,3.3568,0.001,3328.147125634296,S1,observed,matched,76128533B35167844027544,matched,observed,interim_s1_only,58.2,True,DESCENDING,1932.9656,0.0017,pending,,3.3568,S1,fs1-3016a20fd3ad
E169::balaghat,E169,2023-0428-IND,2023-06-25,Madhya Pradesh,Balaghat,16.6196,0.0018,9273.202911700502,S1,observed,matched,17712.0,matched,observed,interim_s1_only,100.0,True,DESCENDING,6244.7907,0.0027,pending,,16.6196,S1,fs1-3016a20fd3ad
E169::betul,E169,2023-0428-IND,2023-06-25,Madhya Pradesh,Betul,18.6592,0.0018,10094.739119322416,S1,observed,matched,17714.0,matched,observed,interim_s1_only,93.0,True,DESCENDING,5947.3184,0.0031,pending,,18.6592,S1,fs1-3016a20fd3ad
E169::dewas,E169,2023-0428-IND,2023-06-25,Madhya Pradesh,Dewas,29.8801,0.0043,6974.172329238148,S1,observed,matched,17722.0,matched,observed,interim_s1_only,85.6,True,DESCENDING,5931.2577,0.005,pending,,29.8801,S1,fs1-3016a20fd3ad
E169::narmadapuram,E169,2023-0428-IND,2023-06-25,Madhya Pradesh,Narmadapuram,84.3672,0.0126,6700.110425846931,S1,observed,matched,76128533B45314020251888,matched,observed,interim_s1_only,95.2,True,DESCENDING,5105.9417,0.0165,pending,,84.3672,S1,fs1-3016a20fd3ad
E169::raisen,E169,2023-0428-IND,2023-06-25,Madhya Pradesh,Raisen,56.6161,0.0066,8515.574877211904,S1,observed,matched,17739.0,matched,observed,interim_s1_only,85.9,True,DESCENDING,6810.1448,0.0083,pending,,56.6161,S1,fs1-3016a20fd3ad
E169::sagar,E169,2023-0428-IND,2023-06-25,Madhya Pradesh,Sagar,85.3669,0.0083,10275.828536821178,S1,observed,matched,17744.0,matched,observed,interim_s1_only,70.4,True,DESCENDING,8918.4273,0.0096,pending,,85.3669,S1,fs1-3016a20fd3ad
E170::amravati,E170,2023-0428-IND,2023-06-25,Maharashtra,Amravati,79.7866,0.0065,12219.234057356958,S1,observed,matched,17759.0,matched,observed,interim_s1_only,99.9,True,DESCENDING,9045.5548,0.0088,pending,,79.7866,S1,fs1-3016a20fd3ad
E170::beed,E170,2023-0428-IND,2023-06-25,Maharashtra,Beed,85.2595,0.008,10598.453108887354,S1,observed,matched,76128533B5215906594478,matched,observed,interim_s1_only,100.0,True,DESCENDING,8719.2995,0.0098,pending,,85.2595,S1,fs1-3016a20fd3ad
E170::chandrapur,E170,2023-0428-IND,2023-06-25,Maharashtra,Chandrapur,27.4195,0.0024,11341.418798804118,S1,observed,matched,17763.0,matched,observed,interim_s1_only,100.0,True,DESCENDING,10054.7759,0.0027,pending,,27.4195,S1,fs1-3016a20fd3ad
E170::gondia,E170,2023-0428-IND,2023-06-25,Maharashtra,Gondia,19.6285,0.0038,5163.895494674012,S1,observed,matched,76128533B76286653784168,matched,observed,interim_s1_only,100.0,True,DESCENDING,4046.4397,0.0049,pending,,19.6285,S1,fs1-3016a20fd3ad
E170::hingoli,E170,2023-0428-IND,2023-06-25,Maharashtra,Hingoli,14.7935,0.0031,4699.451157302487,S1,observed,matched,70181.0,matched,observed,interim_s1_only,100.0,True,DESCENDING,3904.256,0.0038,pending,,14.7935,S1,fs1-3016a20fd3ad
E170::kolhapur,E170,2023-0428-IND,2023-06-25,Maharashtra,Kolhapur,2.9259,0.0004,7680.572392490604,S1,observed,matched,17769.0,matched,observed,interim_s1_only,100.0,True,DESCENDING,4339.6371,0.0007,pending,,2.9259,S1,fs1-3016a20fd3ad
E170::latur,E170,2023-0428-IND,2023-06-25,Maharashtra,Latur,44.9225,0.0062,7256.020203028519,S1,observed,matched,17770.0,matched,observed,interim_s1_only,99.5,True,DESCENDING,6790.144,0.0066,pending,,44.9225,S1,fs1-3016a20fd3ad
E170::mumbai%20city,E170,2023-0428-IND,2023-06-25,Maharashtra,Mumbai City,0.1544,0.002,77.22400864672608,S1,observed,matched,70184.0,matched,observed,interim_s1_only,100.0,True,DESCENDING,58.1333,0.0027,pending,,0.1544,S1,fs1-3016a20fd3ad
E170::mumbai%20suburban,E170,2023-0428-IND,2023-06-25,Maharashtra,Mumbai Suburban,1.9072,0.0047,409.3994670782586,S1,observed,matched,70183.0,matched,observed,interim_s1_only,100.0,True,DESCENDING,269.1381,0.0071,pending,,1.9072,S1,fs1-3016a20fd3ad
E170::nagpur,E170,2023-0428-IND,2023-06-25,Maharashtra,Nagpur,27.782,0.0028,9953.45883218179,S1,observed,matched,17771.0,matched,observed,interim_s1_only,100.0,True,DESCENDING,8635.9999,0.0032,pending,,27.782,S1,fs1-3016a20fd3ad
E170::nanded,E170,2023-0428-IND,2023-06-25,Maharashtra,Nanded,352.0409,0.0331,10620.660986533989,S1,observed,matched,17772.0,matched,observed,interim_s1_only,96.8,True,DESCENDING,8839.3377,0.0398,pending,,352.0409,S1,fs1-3016a20fd3ad
E170::nandurbar,E170,2023-0428-IND,2023-06-25,Maharashtra,Nandurbar,5.082,0.0009,5947.719113281336,S1,observed,matched,70185.0,matched,observed,interim_s1_only,81.3,True,DESCENDING,3471.464,0.0015,pending,,5.082,S1,fs1-3016a20fd3ad
E170::nashik,E170,2023-0428-IND,2023-06-25,Maharashtra,Nashik,18.398,0.0012,15554.167322451072,S1,observed,matched,17773.0,matched,observed,interim_s1_only,100.0,True,DESCENDING,10933.341,0.0017,pending,,18.398,S1,fs1-3016a20fd3ad
E170::palghar,E170,2023-0428-IND,2023-06-25,Maharashtra,Palghar,138.5786,0.0259,5355.281971404182,S1,observed,matched,76128533B37148244536449,matched,observed,interim_s1_only,100.0,False,DESCENDING,2858.6379,0.0485,pending,,138.5786,S1,fs1-3016a20fd3ad
E170::pune,E170,2023-0428-IND,2023-06-25,Maharashtra,Pune,19.3217,0.0012,15649.899791716924,S1,observed,matched,17776.0,matched,observed,interim_s1_only,100.0,True,DESCENDING,10303.2933,0.0019,pending,,19.3217,S1,fs1-3016a20fd3ad
E170::raigad,E170,2023-0428-IND,2023-06-25,Maharashtra,Raigad,29.0543,0.0042,6987.901171136008,S1,observed,matched,76128533B99895802074414,matched,observed,interim_s1_only,99.0,True,DESCENDING,2892.1404,0.01,pending,,29.0543,S1,fs1-3016a20fd3ad
E170::ratnagiri,E170,2023-0428-IND,2023-06-25,Maharashtra,Ratnagiri,7.463,0.0009,8501.126377449938,S1,observed,matched,17778.0,matched,observed,interim_s1_only,97.9,True,DESCENDING,2431.7672,0.0031,pending,,7.463,S1,fs1-3016a20fd3ad
E170::satara,E170,2023-0428-IND,2023-06-25,Maharashtra,Satara,16.944,0.0016,10502.605850168617,S1,observed,matched,17781.0,matched,observed,interim_s1_only,100.0,True,DESCENDING,6563.2479,0.0026,pending,,16.944,S1,fs1-3016a20fd3ad
E170::sindhudurg,E170,2023-0428-IND,2023-06-25,Maharashtra,Sindhudurg,7.7609,0.0015,5174.499083363021,S1,observed,matched,17779.0,matched,observed,interim_s1_only,100.0,True,DESCENDING,2179.0404,0.0036,pending,,7.7609,S1,fs1-3016a20fd3ad
E170::thane,E170,2023-0428-IND,2023-06-25,Maharashtra,Thane,124.5614,0.0132,9454.897228160951,S1,observed,matched,17783.0,matched,observed,interim_s1_only,100.0,True,DESCENDING,5194.6674,0.024,pending,,124.5614,S1,fs1-3016a20fd3ad
E170::yavatmal,E170,2023-0428-IND,2023-06-25,Maharashtra,Yavatmal,129.8224,0.0096,13565.870768873778,S1,observed,matched,17785.0,matched,observed,interim_s1_only,100.0,True,DESCENDING,11228.2973,0.0116,pending,,129.8224,S1,fs1-3016a20fd3ad
E171::fazilka,E171,2023-0428-IND,2023-06-25,Punjab,Fazilka,770.5962,0.2363,3260.9663717370954,S1,observed,matched,76128533B7291413308870,matched,observed,interim_s1_only,0.0,False,BOTH,3125.647,0.2465,pending,,770.5962,S1,fs1-3016a20fd3ad
E171::firozpur,E171,2023-0428-IND,2023-06-25,Punjab,Firozpur,1417.2031,0.2733,5185.395439607114,S1,observed,matched,17825.0,matched,observed,interim_s1_only,0.0,False,BOTH,4645.3722,0.3051,pending,,1417.2031,S1,fs1-3016a20fd3ad
E171::gurdaspur,E171,2023-0428-IND,2023-06-25,Punjab,Gurdaspur,1201.0871,0.3425,3507.09272056944,S1,observed,matched,17826.0,matched,observed,interim_s1_only,65.7,False,BOTH,3098.5477,0.3876,pending,,1201.0871,S1,fs1-3016a20fd3ad
E171::kapurthala,E171,2023-0428-IND,2023-06-25,Punjab,Kapurthala,552.0456,0.3327,1659.308150376237,S1,observed,matched,17829.0,matched,observed,interim_s1_only,10.6,False,BOTH,1441.5894,0.3829,pending,,552.0456,S1,fs1-3016a20fd3ad
E171::mansa,E171,2023-0428-IND,2023-06-25,Punjab,Mansa,536.8967,0.243,2209.549070653662,S1,observed,matched,70232.0,matched,observed,interim_s1_only,0.2,False,BOTH,1691.1475,0.3175,pending,,536.8967,S1,fs1-3016a20fd3ad
E171::rupnagar,E171,2023-0428-IND,2023-06-25,Punjab,Rupnagar,374.8732,0.1789,2095.7343025165355,S1,observed,matched,17832.0,matched,observed,interim_s1_only,9.7,False,BOTH,1738.0685,0.2157,pending,,374.8732,S1,fs1-3016a20fd3ad
E171::tarn%20taran,E171,2023-0428-IND,2023-06-25,Punjab,Tarn Taran,926.6257,0.3818,2426.872858514094,S1,observed,matched,76128533B54652028494758,matched,observed,interim_s1_only,4.5,False,BOTH,2111.1429,0.4389,pending,,926.6257,S1,fs1-3016a20fd3ad
E172::bageshwar,E172,2023-0428-IND,2023-06-25,Uttarakhand,Bageshwar,2.0463,0.0009,2283.823715697251,S1,observed,matched,70281.0,matched,observed,interim_s1_only,100.0,False,BOTH,38.1041,0.0537,pending,,2.0463,S1,fs1-3016a20fd3ad
E172::champawat,E172,2023-0428-IND,2023-06-25,Uttarakhand,Champawat,3.6503,0.0022,1688.3763040453146,S1,observed,matched,70283.0,matched,observed,interim_s1_only,100.0,False,BOTH,46.9631,0.0777,pending,,3.6503,S1,fs1-3016a20fd3ad
E172::dehradun,E172,2023-0428-IND,2023-06-25,Uttarakhand,Dehradun,33.3067,0.0108,3070.1655325092884,S1,observed,matched,17903.0,matched,observed,interim_s1_only,48.9,False,BOTH,982.9091,0.0339,pending,,33.3067,S1,fs1-3016a20fd3ad
E172::pauri%20garhwal,E172,2023-0428-IND,2023-06-25,Uttarakhand,Pauri Garhwal,4.4566,0.0008,5461.918144346134,S1,observed,matched,17910.0,matched,observed,interim_s1_only,73.8,True,BOTH,373.3441,0.0119,pending,,4.4566,S1,fs1-3016a20fd3ad
E172::pithoragarh,E172,2023-0428-IND,2023-06-25,Uttarakhand,Pithoragarh,11.2995,0.0016,7209.480621522472,S1,observed,matched,17932.0,matched,observed,interim_s1_only,99.2,False,BOTH,107.4879,0.1051,pending,,11.2995,S1,fs1-3016a20fd3ad
E172::tehri%20garhwal,E172,2023-0428-IND,2023-06-25,Uttarakhand,Tehri Garhwal,4.2875,0.001,4393.487663681659,S1,observed,matched,70287.0,matched,observed,interim_s1_only,49.5,False,BOTH,46.9933,0.0912,pending,,4.2875,S1,fs1-3016a20fd3ad
E172::udham%20singh%20nagar,E172,2023-0428-IND,2023-06-25,Uttarakhand,Udham Singh Nagar,534.3501,0.1862,2869.388323442663,S1,observed,matched,70288.0,matched,observed,interim_s1_only,100.0,False,BOTH,2584.6152,0.2067,pending,,534.3501,S1,fs1-3016a20fd3ad
E173::central%20delhi,E173,2023-0359-IND,2023-06-26,Delhi,Central Delhi,0.4457,0.0059,75.42581247339129,S1,observed,matched,76128533B19832024635761,matched,observed,interim_s1_only,39.6,True,BOTH,61.2611,0.0073,pending,,0.4457,S1,fs1-3016a20fd3ad
E173::east%20delhi,E173,2023-0359-IND,2023-06-26,Delhi,East Delhi,0.3544,0.0054,66.11030367841411,S1,observed,matched,76128533B72485933575946,matched,observed,interim_s1_only,53.1,True,BOTH,54.6152,0.0065,pending,,0.3544,S1,fs1-3016a20fd3ad
E173::north%20east%20delhi,E173,2023-0359-IND,2023-06-26,Delhi,North East Delhi,0.5538,0.0143,38.8590424987533,S1,observed,matched,76128533B9976625304286,matched,observed,interim_s1_only,70.1,False,BOTH,33.405,0.0166,pending,,0.5538,S1,fs1-3016a20fd3ad
E173::shahdara,E173,2023-0359-IND,2023-06-26,Delhi,Shahdara,0.0438,0.0016,26.658849212845475,S1,observed,matched,76128533B81419063387740,matched,observed,interim_s1_only,77.5,True,BOTH,22.5926,0.0019,pending,,0.0438,S1,fs1-3016a20fd3ad
E174::ambala,E174,2023-0359-IND,2023-06-26,Haryana,Ambala,435.6638,0.2483,1754.8220982240537,S1,observed,matched,17654.0,matched,observed,interim_s1_only,17.3,False,BOTH,1707.1634,0.2552,pending,,435.6638,S1,fs1-3016a20fd3ad
E174::faridabad,E174,2023-0359-IND,2023-06-26,Haryana,Faridabad,407.1815,0.188,2165.3468184420803,S1,observed,matched,70131.0,matched,observed,interim_s1_only,8.9,False,BOTH,1923.0868,0.2117,pending,,407.1815,S1,fs1-3016a20fd3ad
E174::fatehabad,E174,2023-0359-IND,2023-06-26,Haryana,Fatehabad,807.197,0.336,2402.682593892363,S1,observed,matched,70132.0,matched,observed,interim_s1_only,2.0,False,BOTH,2128.3968,0.3793,pending,,807.197,S1,fs1-3016a20fd3ad
E174::kaithal,E174,2023-0359-IND,2023-06-26,Haryana,Kaithal,826.901,0.359,2303.1655202632046,S1,observed,matched,70134.0,matched,observed,interim_s1_only,8.8,False,BOTH,2083.4008,0.3969,pending,,826.901,S1,fs1-3016a20fd3ad
E174::karnal,E174,2023-0359-IND,2023-06-26,Haryana,Karnal,988.1674,0.3819,2587.709213685723,S1,observed,matched,17660.0,matched,observed,interim_s1_only,14.3,False,BOTH,2522.754,0.3917,pending,,988.1674,S1,fs1-3016a20fd3ad
E174::kurukshetra,E174,2023-0359-IND,2023-06-26,Haryana,Kurukshetra,667.9973,0.3634,1838.022753083565,S1,observed,matched,17661.0,matched,observed,interim_s1_only,1.5,False,BOTH,1802.9011,0.3705,pending,,667.9973,S1,fs1-3016a20fd3ad
E174::palwal,E174,2023-0359-IND,2023-06-26,Haryana,Palwal,264.1985,0.1962,1346.920657107067,S1,observed,matched,76128533B71088079535368,matched,observed,interim_s1_only,7.2,False,BOTH,1273.9278,0.2074,pending,,264.1985,S1,fs1-3016a20fd3ad
E174::panchkula,E174,2023-0359-IND,2023-06-26,Haryana,Panchkula,10.807,0.0146,738.5529941627982,S1,observed,matched,70135.0,matched,observed,interim_s1_only,43.1,True,BOTH,341.5271,0.0316,pending,,10.807,S1,fs1-3016a20fd3ad
E174::panipat,E174,2023-0359-IND,2023-06-26,Haryana,Panipat,380.4302,0.3102,1226.2433904646914,S1,observed,matched,70136.0,matched,observed,interim_s1_only,21.5,False,BOTH,1043.4847,0.3646,pending,,380.4302,S1,fs1-3016a20fd3ad
E174::sirsa,E174,2023-0359-IND,2023-06-26,Haryana,Sirsa,380.3494,0.0898,4236.29365519208,S1,observed,matched,17664.0,matched,observed,interim_s1_only,2.0,True,BOTH,3977.2661,0.0956,pending,,380.3494,S1,fs1-3016a20fd3ad
E174::sonipat,E174,2023-0359-IND,2023-06-26,Haryana,Sonipat,499.1369,0.2371,2105.149168379413,S1,observed,matched,76128533B69536039643660,matched,observed,interim_s1_only,20.2,False,BOTH,1751.4299,0.285,pending,,499.1369,S1,fs1-3016a20fd3ad
E174::yamunanagar,E174,2023-0359-IND,2023-06-26,Haryana,Yamunanagar,84.0717,0.0643,1306.606219119248,S1,observed,matched,70138.0,matched,observed,interim_s1_only,5.7,True,BOTH,1180.132,0.0712,pending,,84.0717,S1,fs1-3016a20fd3ad
E175::hamirpur,E175,2023-0359-IND,2023-06-26,Himachal Pradesh,Hamirpur,1.673,0.0015,1122.326232597962,S1,observed,matched,17668.0,matched,observed,interim_s1_only,26.7,True,BOTH,265.4393,0.0063,pending,,1.673,S1,fs1-3016a20fd3ad
E175::mandi,E175,2023-0359-IND,2023-06-26,Himachal Pradesh,Mandi,8.9928,0.0023,3951.2717684747336,S1,observed,matched,17673.0,matched,observed,interim_s1_only,45.4,False,BOTH,180.7402,0.0498,pending,,8.9928,S1,fs1-3016a20fd3ad
E175::solan,E175,2023-0359-IND,2023-06-26,Himachal Pradesh,Solan,3.2835,0.0017,1957.7422724549936,S1,observed,matched,17676.0,matched,observed,interim_s1_only,38.5,True,BOTH,307.5316,0.0107,pending,,3.2835,S1,fs1-3016a20fd3ad
E176::faridkot,E176,2023-0359-IND,2023-06-26,Punjab,Faridkot,510.5322,0.3523,1449.1523634868656,S1,observed,matched,70230.0,matched,observed,interim_s1_only,0.0,False,BOTH,1292.5969,0.395,pending,,510.5322,S1,fs1-3016a20fd3ad
E176::fatehgarh%20sahib,E176,2023-0359-IND,2023-06-26,Punjab,Fatehgarh Sahib,489.7609,0.417,1174.4102610014374,S1,observed,matched,70231.0,matched,observed,interim_s1_only,0.3,False,BOTH,1090.3159,0.4492,pending,,489.7609,S1,fs1-3016a20fd3ad
E176::firozpur,E176,2023-0359-IND,2023-06-26,Punjab,Firozpur,1706.1758,0.329,5185.395439607114,S1,observed,matched,17825.0,matched,observed,interim_s1_only,0.0,False,BOTH,4645.3722,0.3673,pending,,1706.1758,S1,fs1-3016a20fd3ad
E176::hoshiarpur,E176,2023-0359-IND,2023-06-26,Punjab,Hoshiarpur,606.6013,0.1804,3362.8966396342144,S1,observed,matched,17827.0,matched,observed,interim_s1_only,35.5,False,BOTH,2845.513,0.2132,pending,,606.6013,S1,fs1-3016a20fd3ad
E176::jalandhar,E176,2023-0359-IND,2023-06-26,Punjab,Jalandhar,972.2523,0.3732,2605.0531477191817,S1,observed,matched,17828.0,matched,observed,interim_s1_only,18.3,False,BOTH,2536.5667,0.3833,pending,,972.2523,S1,fs1-3016a20fd3ad
E176::ludhiana,E176,2023-0359-IND,2023-06-26,Punjab,Ludhiana,1471.016,0.4117,3573.10781793918,S1,observed,matched,17830.0,matched,observed,interim_s1_only,1.9,False,BOTH,3203.7682,0.4592,pending,,1471.016,S1,fs1-3016a20fd3ad
E176::moga,E176,2023-0359-IND,2023-06-26,Punjab,Moga,1145.8312,0.4972,2304.7121791107,S1,observed,matched,70233.0,matched,observed,interim_s1_only,0.0,False,BOTH,2258.8489,0.5073,pending,,1145.8312,S1,fs1-3016a20fd3ad
E176::pathankot,E176,2023-0359-IND,2023-06-26,Punjab,Pathankot,164.0309,0.164,999.949013574026,S1,observed,matched,76128533B19630094725383,matched,observed,interim_s1_only,65.1,False,BOTH,751.4754,0.2183,pending,,164.0309,S1,fs1-3016a20fd3ad
E176::patiala,E176,2023-0359-IND,2023-06-26,Punjab,Patiala,1344.2951,0.3618,3716.087632293798,S1,observed,matched,17831.0,matched,observed,interim_s1_only,8.1,False,BOTH,3362.4907,0.3998,pending,,1344.2951,S1,fs1-3016a20fd3ad
E176::rupnagar,E176,2023-0359-IND,2023-06-26,Punjab,Rupnagar,374.8732,0.1789,2095.7343025165355,S1,observed,matched,17832.0,matched,observed,interim_s1_only,9.7,False,BOTH,1738.0685,0.2157,pending,,374.8732,S1,fs1-3016a20fd3ad
E176::sas%20nagar,E176,2023-0359-IND,2023-06-26,Punjab,SAS Nagar,95.6742,0.0868,1101.7298561292196,S1,observed,matched,76128533B12197302963241,matched,observed,interim_s1_only,21.5,True,BOTH,970.3828,0.0986,pending,,95.6742,S1,fs1-3016a20fd3ad
E176::sbs%20nagar,E176,2023-0359-IND,2023-06-26,Punjab,SBS Nagar,376.592,0.2946,1278.3239705605308,S1,observed,matched,76128533B14984770113274,matched,observed,interim_s1_only,3.0,False,BOTH,1160.9254,0.3244,pending,,376.592,S1,fs1-3016a20fd3ad
E176::sangrur,E176,2023-0359-IND,2023-06-26,Punjab,Sangrur,1987.7868,0.3904,5091.276351954565,S1,observed,matched,17833.0,matched,observed,interim_s1_only,0.1,False,BOTH,4117.7548,0.4827,pending,,1987.7868,S1,fs1-3016a20fd3ad
E176::tarn%20taran,E176,2023-0359-IND,2023-06-26,Punjab,Tarn Taran,1044.7641,0.4305,2426.872858514094,S1,observed,matched,76128533B54652028494758,matched,observed,interim_s1_only,4.5,False,BOTH,2111.1429,0.4949,pending,,1044.7641,S1,fs1-3016a20fd3ad
E178::bhadradri%20kothagudem,E178,2023-0486-IND,2023-07-27,Telangana,Bhadradri Kothagudem,79.5894,0.0112,7117.081054504196,S1,observed,matched,OSM:relation/7698599,matched,observed,interim_s1_only,91.6,True,DESCENDING,5084.1362,0.0157,pending,,79.5894,S1,fs1-3016a20fd3ad
E178::jayashankar%20bhupalpally,E178,2023-0486-IND,2023-07-27,Telangana,Jayashankar Bhupalpally,81.0534,0.0281,2881.8116820895457,S1,observed,matched,76128533B60322704115131,matched,observed,interim_s1_only,84.1,True,DESCENDING,2602.7633,0.0311,pending,,81.0534,S1,fs1-3016a20fd3ad
E178::mancherial,E178,2023-0486-IND,2023-07-27,Telangana,Mancherial,94.8602,0.0252,3766.351512701602,S1,observed,matched,76128533B53018054761164,matched,observed,interim_s1_only,80.7,True,DESCENDING,3197.5668,0.0297,pending,,94.8602,S1,fs1-3016a20fd3ad
E178::mulugu,E178,2023-0486-IND,2023-07-27,Telangana,Mulugu,56.7576,0.0187,3027.383916109492,S1,observed,matched,76128533B84398038505400,matched,observed,interim_s1_only,65.8,True,DESCENDING,2263.06,0.0251,pending,,56.7576,S1,fs1-3016a20fd3ad
E178::nirmal,E178,2023-0486-IND,2023-07-27,Telangana,Nirmal,119.2797,0.0319,3734.707359958707,S1,observed,matched,76128533B25280172436550,matched,observed,interim_s1_only,99.5,True,DESCENDING,3082.0556,0.0387,pending,,119.2797,S1,fs1-3016a20fd3ad
E179::kanyakumari,E179,2023-0846-IND,2023-12-18,Tamil Nadu,Kanyakumari,2.0265,0.0012,1731.6509313616805,S1,observed,matched,76128533B53796141759805,matched,observed,interim_s1_only,9.2,True,DESCENDING,754.9815,0.0027,pending,,2.0265,S1,fs1-3016a20fd3ad
E179::tenkasi,E179,2023-0846-IND,2023-12-18,Tamil Nadu,Tenkasi,35.9735,0.0125,2880.477474023877,S1,observed,matched,76128533B27604563137530,matched,observed,interim_s1_only,97.1,True,DESCENDING,2416.5276,0.0149,pending,,35.9735,S1,fs1-3016a20fd3ad
E179::thoothukudi,E179,2023-0846-IND,2023-12-18,Tamil Nadu,Thoothukudi,7.4166,0.0016,4753.760490296577,S1,observed,matched,17866.0,matched,observed,interim_s1_only,58.2,True,DESCENDING,4592.2261,0.0016,pending,,7.4166,S1,fs1-3016a20fd3ad
E179::tirunelveli,E179,2023-0846-IND,2023-12-18,Tamil Nadu,Tirunelveli,68.6698,0.0181,3791.340968942823,S1,observed,matched,76128533B52639434516056,matched,observed,interim_s1_only,72.7,True,DESCENDING,2902.3671,0.0237,pending,,68.6698,S1,fs1-3016a20fd3ad
E180::biswanath,E180,2024-0399-IND,2024-05-01,Assam,Biswanath,31.1083,0.0173,1795.9804068304836,S1,observed,matched,76128533B40714385808093,matched,observed,interim_s1_only,53.3,False,BOTH,1560.1555,0.0199,pending,,31.1083,S1,fs1-3016a20fd3ad
E180::cachar,E180,2024-0399-IND,2024-05-01,Assam,Cachar,175.8924,0.0462,3806.329961738336,S1,observed,matched,17577.0,matched,observed,interim_s1_only,3.3,False,BOTH,1742.352,0.101,pending,,175.8924,S1,fs1-3016a20fd3ad
E180::darrang,E180,2024-0399-IND,2024-05-01,Assam,Darrang,37.6785,0.011,3426.9679336953163,S1,observed,matched,17578.0,matched,observed,interim_s1_only,100.0,False,BOTH,3074.5271,0.0123,pending,,37.6785,S1,fs1-3016a20fd3ad
E180::dhemaji,E180,2024-0399-IND,2024-05-01,Assam,Dhemaji,32.2478,0.0129,2503.3476339074205,S1,observed,matched,70087.0,matched,observed,interim_s1_only,20.0,False,BOTH,2240.4877,0.0144,pending,,32.2478,S1,fs1-3016a20fd3ad
E180::dibrugarh,E180,2024-0399-IND,2024-05-01,Assam,Dibrugarh,125.0029,0.0368,3397.4818067287138,S1,observed,matched,17580.0,matched,observed,interim_s1_only,6.8,False,BOTH,2887.5515,0.0433,pending,,125.0029,S1,fs1-3016a20fd3ad
E180::golaghat,E180,2024-0399-IND,2024-05-01,Assam,Golaghat,32.7283,0.0093,3532.2679838886856,S1,observed,matched,17582.0,matched,observed,interim_s1_only,37.7,False,BOTH,3111.5422,0.0105,pending,,32.7283,S1,fs1-3016a20fd3ad
E180::jorhat,E180,2024-0399-IND,2024-05-01,Assam,Jorhat,27.8222,0.0098,2842.716884638612,S1,observed,matched,70089.0,matched,observed,interim_s1_only,17.8,False,BOTH,2306.1826,0.0121,pending,,27.8222,S1,fs1-3016a20fd3ad
E180::kamrup,E180,2024-0399-IND,2024-05-01,Assam,Kamrup,563.3929,0.1296,4348.6225796054405,S1,observed,matched,17583.0,matched,observed,interim_s1_only,100.0,False,BOTH,2833.5254,0.1988,pending,,563.3929,S1,fs1-3016a20fd3ad
E180::karimganj,E180,2024-0399-IND,2024-05-01,Assam,Karimganj,64.8878,0.0349,1856.722473230466,S1,observed,matched,17585.0,matched,observed,interim_s1_only,0.1,False,BOTH,1051.2523,0.0617,pending,,64.8878,S1,fs1-3016a20fd3ad
E180::lakhimpur,E180,2024-0399-IND,2024-05-01,Assam,Lakhimpur,17.18,0.006,2886.5239581816727,S1,observed,matched,70091.0,matched,observed,interim_s1_only,6.0,False,BOTH,2563.3875,0.0067,pending,,17.18,S1,fs1-3016a20fd3ad
E180::majuli,E180,2024-0399-IND,2024-05-01,Assam,Majuli,37.1837,0.0297,1250.5943287676694,S1,observed,matched,76128533B15157901669242,matched,observed,interim_s1_only,17.2,False,BOTH,895.4552,0.0415,pending,,37.1837,S1,fs1-3016a20fd3ad
E180::morigaon,E180,2024-0399-IND,2024-05-01,Assam,Morigaon,17.3151,0.0115,1508.3262903435707,S1,observed,matched,76128533B17968019348564,matched,observed,interim_s1_only,90.9,False,BOTH,1311.7575,0.0132,pending,,17.3151,S1,fs1-3016a20fd3ad
E180::nagaon,E180,2024-0399-IND,2024-05-01,Assam,Nagaon,104.5323,0.0261,3997.4423095607103,S1,observed,matched,17589.0,matched,observed,interim_s1_only,6.5,True,BOTH,3099.3518,0.0337,pending,,104.5323,S1,fs1-3016a20fd3ad
E180::nalbari,E180,2024-0399-IND,2024-05-01,Assam,Nalbari,25.7918,0.011,2339.8796955273547,S1,observed,matched,17590.0,matched,observed,interim_s1_only,100.0,False,BOTH,2097.5834,0.0123,pending,,25.7918,S1,fs1-3016a20fd3ad
E180::sivasagar,E180,2024-0399-IND,2024-05-01,Assam,Sivasagar,79.9422,0.0524,1526.6517657716288,S1,observed,matched,76128533B21722277889516,matched,observed,interim_s1_only,36.8,False,BOTH,1387.3046,0.0576,pending,,79.9422,S1,fs1-3016a20fd3ad
E180::sonitpur,E180,2024-0399-IND,2024-05-01,Assam,Sonitpur,95.73,0.0205,4676.158375740257,S1,observed,matched,17593.0,matched,observed,interim_s1_only,41.7,False,BOTH,4081.5881,0.0235,pending,,95.73,S1,fs1-3016a20fd3ad
E180::tamulpur,E180,2024-0399-IND,2024-05-01,Assam,Tamulpur,18.1546,0.0211,860.0009585836317,S1,observed,matched,OSM:relation/16702229,matched,observed,interim_s1_only,100.0,True,BOTH,790.5555,0.023,pending,,18.1546,S1,fs1-3016a20fd3ad
E180::tinsukia,E180,2024-0399-IND,2024-05-01,Assam,Tinsukia,85.5982,0.0225,3799.190193815676,S1,observed,matched,70093.0,matched,observed,interim_s1_only,0.1,False,BOTH,3303.9786,0.0259,pending,,85.5982,S1,fs1-3016a20fd3ad
E180::udalguri,E180,2024-0399-IND,2024-05-01,Assam,Udalguri,31.7846,0.0155,2056.2913712488325,S1,observed,matched,76128533B20307518801538,matched,observed,interim_s1_only,100.0,True,BOTH,1902.4689,0.0167,pending,,31.7846,S1,fs1-3016a20fd3ad
E181::east%20jaintia%20hills,E181,2024-0399-IND,2024-05-01,Meghalaya,East Jaintia Hills,3.97,0.0019,2077.589780451139,S1,observed,matched,76128533B70185077694103,matched,observed,interim_s1_only,6.3,True,BOTH,367.6072,0.0108,pending,,3.97,S1,fs1-3016a20fd3ad
E181::east%20khasi%20hills,E181,2024-0399-IND,2024-05-01,Meghalaya,East Khasi Hills,5.8244,0.002,2889.6322510589234,S1,observed,matched,17794.0,matched,observed,interim_s1_only,89.7,True,BOTH,428.7692,0.0136,pending,,5.8244,S1,fs1-3016a20fd3ad
E181::south%20west%20garo%20hills,E181,2024-0399-IND,2024-05-01,Meghalaya,South West Garo Hills,0.8026,0.0014,586.0218511059741,S1,observed,matched,76128533B52906466328910,matched,observed,interim_s1_only,0.0,True,ASCENDING,176.2683,0.0046,pending,,0.8026,S1,fs1-3016a20fd3ad
E181::west%20garo%20hills,E181,2024-0399-IND,2024-05-01,Meghalaya,West Garo Hills,6.7377,0.002,3440.766036854824,S1,observed,matched,17796.0,matched,observed,interim_s1_only,28.7,True,ASCENDING,874.7395,0.0077,pending,,6.7377,S1,fs1-3016a20fd3ad
E181::west%20jaintia%20hills,E181,2024-0399-IND,2024-05-01,Meghalaya,West Jaintia Hills,8.9027,0.0052,1728.380997144831,S1,observed,matched,76128533B84622469201834,matched,observed,interim_s1_only,46.9,True,BOTH,360.4319,0.0247,pending,,8.9027,S1,fs1-3016a20fd3ad
E182::barpeta,E182,2024-0481-IND,2024-07-09,Assam,Barpeta,355.8081,0.1094,3253.622989828742,S1,observed,matched,17576.0,matched,observed,interim_s1_only,57.5,False,ASCENDING,2781.8165,0.1279,pending,,355.8081,S1,fs1-3016a20fd3ad
E182::biswanath,E182,2024-0481-IND,2024-07-09,Assam,Biswanath,52.3779,0.0292,1795.9804068303213,S1,observed,matched,76128533B40714385808093,matched,observed,interim_s1_only,100.0,False,ASCENDING,1560.1555,0.0336,pending,,52.3779,S1,fs1-3016a20fd3ad
E182::cachar,E182,2024-0481-IND,2024-07-09,Assam,Cachar,119.0141,0.0313,3806.329961738336,S1,observed,matched,17577.0,matched,observed,interim_s1_only,44.5,False,ASCENDING,1742.352,0.0683,pending,,119.0141,S1,fs1-3016a20fd3ad
E182::chirang,E182,2024-0481-IND,2024-07-09,Assam,Chirang,34.0732,0.0215,1586.6528982343073,S1,observed,matched,76128533B56012535339305,matched,observed,interim_s1_only,53.3,True,ASCENDING,1479.252,0.023,pending,,34.0732,S1,fs1-3016a20fd3ad
E182::darrang,E182,2024-0481-IND,2024-07-09,Assam,Darrang,262.8603,0.0767,3426.9679336953163,S1,observed,matched,17578.0,matched,observed,interim_s1_only,71.1,False,ASCENDING,3074.5271,0.0855,pending,,262.8603,S1,fs1-3016a20fd3ad
E182::dhemaji,E182,2024-0481-IND,2024-07-09,Assam,Dhemaji,38.8416,0.0155,2503.3476339074205,S1,observed,matched,70087.0,matched,observed,interim_s1_only,100.0,True,ASCENDING,2240.4877,0.0173,pending,,38.8416,S1,fs1-3016a20fd3ad
E182::dhubri,E182,2024-0481-IND,2024-07-09,Assam,Dhubri,283.3324,0.1583,1790.280077462252,S1,observed,matched,76128533B25835998628545,matched,observed,interim_s1_only,45.5,False,ASCENDING,1545.8668,0.1833,pending,,283.3324,S1,fs1-3016a20fd3ad
E182::dibrugarh,E182,2024-0481-IND,2024-07-09,Assam,Dibrugarh,68.094,0.02,3397.4818067287138,S1,observed,matched,17580.0,matched,observed,interim_s1_only,100.0,False,ASCENDING,2887.5515,0.0236,pending,,68.094,S1,fs1-3016a20fd3ad
E182::goalpara,E182,2024-0481-IND,2024-07-09,Assam,Goalpara,188.1259,0.0988,1904.60564716237,S1,observed,matched,17581.0,matched,observed,interim_s1_only,94.3,False,ASCENDING,1408.4225,0.1336,pending,,188.1259,S1,fs1-3016a20fd3ad
E182::golaghat,E182,2024-0481-IND,2024-07-09,Assam,Golaghat,225.2649,0.0638,3532.2679838886856,S1,observed,matched,17582.0,matched,observed,interim_s1_only,100.0,False,ASCENDING,3111.5422,0.0724,pending,,225.2649,S1,fs1-3016a20fd3ad
E182::hailakandi,E182,2024-0481-IND,2024-07-09,Assam,Hailakandi,20.166,0.0151,1336.4605858584375,S1,observed,matched,70088.0,matched,observed,interim_s1_only,34.3,False,ASCENDING,629.4125,0.032,pending,,20.166,S1,fs1-3016a20fd3ad
E182::jorhat,E182,2024-0481-IND,2024-07-09,Assam,Jorhat,126.0237,0.0443,2842.716884638612,S1,observed,matched,70089.0,matched,observed,interim_s1_only,100.0,False,ASCENDING,2306.1826,0.0546,pending,,126.0237,S1,fs1-3016a20fd3ad
E182::kamrup,E182,2024-0481-IND,2024-07-09,Assam,Kamrup,388.596,0.0894,4348.6225796054405,S1,observed,matched,17583.0,matched,observed,interim_s1_only,84.7,False,ASCENDING,2833.5254,0.1371,pending,,388.596,S1,fs1-3016a20fd3ad
E182::kamrup%20metropolitan,E182,2024-0481-IND,2024-07-09,Assam,Kamrup Metropolitan,41.0805,0.0363,1131.541200086081,S1,observed,matched,76128533B38230828972906,matched,observed,interim_s1_only,93.6,True,ASCENDING,448.608,0.0916,pending,,41.0805,S1,fs1-3016a20fd3ad
E182::karimganj,E182,2024-0481-IND,2024-07-09,Assam,Karimganj,26.518,0.0143,1856.722473230466,S1,observed,matched,17585.0,matched,observed,interim_s1_only,37.0,False,ASCENDING,1051.2523,0.0252,pending,,26.518,S1,fs1-3016a20fd3ad
E182::majuli,E182,2024-0481-IND,2024-07-09,Assam,Majuli,73.7863,0.059,1250.5943287676694,S1,observed,matched,76128533B15157901669242,matched,observed,interim_s1_only,100.0,False,ASCENDING,895.4552,0.0824,pending,,73.7863,S1,fs1-3016a20fd3ad
E182::morigaon,E182,2024-0481-IND,2024-07-09,Assam,Morigaon,260.5971,0.1728,1508.3262903435707,S1,observed,matched,76128533B17968019348564,matched,observed,interim_s1_only,93.3,False,ASCENDING,1311.7575,0.1987,pending,,260.5971,S1,fs1-3016a20fd3ad
E182::nagaon,E182,2024-0481-IND,2024-07-09,Assam,Nagaon,516.4405,0.1292,3997.4423095607103,S1,observed,matched,17589.0,matched,observed,interim_s1_only,94.3,False,ASCENDING,3099.3518,0.1666,pending,,516.4405,S1,fs1-3016a20fd3ad
E182::nalbari,E182,2024-0481-IND,2024-07-09,Assam,Nalbari,304.1711,0.13,2339.8796955273547,S1,observed,matched,17590.0,matched,observed,interim_s1_only,33.3,False,ASCENDING,2097.5834,0.145,pending,,304.1711,S1,fs1-3016a20fd3ad
E182::sivasagar,E182,2024-0481-IND,2024-07-09,Assam,Sivasagar,198.6602,0.1301,1526.651765771626,S1,observed,matched,76128533B21722277889516,matched,observed,interim_s1_only,100.0,False,ASCENDING,1387.3046,0.1432,pending,,198.6602,S1,fs1-3016a20fd3ad
E182::south%20salmara,E182,2024-0481-IND,2024-07-09,Assam,South Salmara,55.8512,0.0777,719.1856651342704,S1,observed,matched,76128533B20298037622173,matched,observed,interim_s1_only,20.9,False,ASCENDING,473.1623,0.118,pending,,55.8512,S1,fs1-3016a20fd3ad
E183::auraiya,E183,2024-0481-IND,2024-07-09,Uttar Pradesh,Auraiya,275.6296,0.1263,2182.3976584986426,S1,observed,matched,70258.0,matched,observed,interim_s1_only,41.6,False,BOTH,1939.8871,0.1421,pending,,275.6296,S1,fs1-3016a20fd3ad
E183::ayodhya,E183,2024-0481-IND,2024-07-09,Uttar Pradesh,Ayodhya,205.2326,0.0767,2675.8001543878418,S1,observed,matched,76128533B60320291189162,matched,observed,interim_s1_only,27.4,False,BOTH,2541.1827,0.0808,pending,,205.2326,S1,fs1-3016a20fd3ad
E183::ballia,E183,2024-0481-IND,2024-07-09,Uttar Pradesh,Ballia,186.387,0.0618,3013.8054759791835,S1,observed,matched,17894.0,matched,observed,interim_s1_only,38.8,False,BOTH,2760.4153,0.0675,pending,,186.387,S1,fs1-3016a20fd3ad
E183::balrampur,E183,2024-0481-IND,2024-07-09,Uttar Pradesh,Balrampur,546.887,0.1618,3379.881475532829,S1,observed,matched,70261.0,matched,observed,interim_s1_only,68.5,False,BOTH,3049.8684,0.1793,pending,,546.887,S1,fs1-3016a20fd3ad
E183::barabanki,E183,2024-0481-IND,2024-07-09,Uttar Pradesh,Barabanki,674.4428,0.1519,4440.0005417469865,S1,observed,matched,17896.0,matched,observed,interim_s1_only,19.9,False,BOTH,4261.6796,0.1583,pending,,674.4428,S1,fs1-3016a20fd3ad
E183::budaun,E183,2024-0481-IND,2024-07-09,Uttar Pradesh,Budaun,540.5397,0.1274,4242.29880763651,S1,observed,matched,76128533B84679668760735,matched,observed,interim_s1_only,22.9,False,BOTH,4128.2792,0.1309,pending,,540.5397,S1,fs1-3016a20fd3ad
E183::chandauli,E183,2024-0481-IND,2024-07-09,Uttar Pradesh,Chandauli,428.7448,0.1687,2540.7391966848068,S1,observed,matched,70262.0,matched,observed,interim_s1_only,30.6,False,BOTH,2234.5406,0.1919,pending,,428.7448,S1,fs1-3016a20fd3ad
E183::deoria,E183,2024-0481-IND,2024-07-09,Uttar Pradesh,Deoria,347.5169,0.1357,2561.4288968732094,S1,observed,matched,17904.0,matched,observed,interim_s1_only,64.9,False,BOTH,2374.0823,0.1464,pending,,347.5169,S1,fs1-3016a20fd3ad
E183::gonda,E183,2024-0481-IND,2024-07-09,Uttar Pradesh,Gonda,352.6103,0.0878,4014.846082655345,S1,observed,matched,17913.0,matched,observed,interim_s1_only,33.1,False,BOTH,3851.7976,0.0915,pending,,352.6103,S1,fs1-3016a20fd3ad
E183::gorakhpur,E183,2024-0481-IND,2024-07-09,Uttar Pradesh,Gorakhpur,517.6526,0.1685,3072.188964505668,S1,observed,matched,17914.0,matched,observed,interim_s1_only,36.5,False,BOTH,2958.1684,0.175,pending,,517.6526,S1,fs1-3016a20fd3ad
E183::hardoi,E183,2024-0481-IND,2024-07-09,Uttar Pradesh,Hardoi,683.9657,0.1136,6020.112448537428,S1,observed,matched,17916.0,matched,observed,interim_s1_only,17.4,False,BOTH,5664.0933,0.1208,pending,,683.9657,S1,fs1-3016a20fd3ad
E183::hathras,E183,2024-0481-IND,2024-07-09,Uttar Pradesh,Hathras,300.4987,0.1851,1623.4987994509945,S1,observed,matched,70266.0,matched,observed,interim_s1_only,9.0,False,BOTH,1228.3242,0.2446,pending,,300.4987,S1,fs1-3016a20fd3ad
E183::kushinagar,E183,2024-0481-IND,2024-07-09,Uttar Pradesh,Kushinagar,264.9631,0.0916,2893.16087554316,S1,observed,matched,70271.0,matched,observed,interim_s1_only,65.9,False,BOTH,2844.4186,0.0932,pending,,264.9631,S1,fs1-3016a20fd3ad
E183::lakhimpur%20kheri,E183,2024-0481-IND,2024-07-09,Uttar Pradesh,Lakhimpur Kheri,634.8742,0.0824,7708.742992388735,S1,observed,matched,17921.0,matched,observed,interim_s1_only,17.6,False,BOTH,7230.8731,0.0878,pending,,634.8742,S1,fs1-3016a20fd3ad
E183::maharajganj,E183,2024-0481-IND,2024-07-09,Uttar Pradesh,Maharajganj,673.6541,0.2107,3197.0231063739748,S1,observed,matched,70272.0,matched,observed,interim_s1_only,65.2,False,BOTH,3045.7182,0.2212,pending,,673.6541,S1,fs1-3016a20fd3ad
E183::mainpuri,E183,2024-0481-IND,2024-07-09,Uttar Pradesh,Mainpuri,340.3764,0.1235,2755.0367810593875,S1,observed,matched,17924.0,matched,observed,interim_s1_only,20.0,False,BOTH,2645.0548,0.1287,pending,,340.3764,S1,fs1-3016a20fd3ad
E183::pilibhit,E183,2024-0481-IND,2024-07-09,Uttar Pradesh,Pilibhit,378.8741,0.1054,3594.1579683602813,S1,observed,matched,17931.0,matched,observed,interim_s1_only,5.3,False,BOTH,3379.1475,0.1121,pending,,378.8741,S1,fs1-3016a20fd3ad
E183::pratapgarh,E183,2024-0481-IND,2024-07-09,Uttar Pradesh,Pratapgarh,116.618,0.0313,3722.845628160076,S1,observed,matched,17933.0,matched,observed,interim_s1_only,30.2,True,BOTH,3374.4766,0.0346,pending,,116.618,S1,fs1-3016a20fd3ad
E183::prayagraj,E183,2024-0481-IND,2024-07-09,Uttar Pradesh,Prayagraj,174.0733,0.0318,5474.7102581208,S1,observed,matched,76128533B51368558457506,matched,observed,interim_s1_only,47.8,True,BOTH,5053.1415,0.0344,pending,,174.0733,S1,fs1-3016a20fd3ad
E183::shahjahanpur,E183,2024-0481-IND,2024-07-09,Uttar Pradesh,Shahjahanpur,609.9426,0.1309,4659.039376462991,S1,observed,matched,17937.0,matched,observed,interim_s1_only,11.9,False,BOTH,4562.9956,0.1337,pending,,609.9426,S1,fs1-3016a20fd3ad
E183::shrawasti,E183,2024-0481-IND,2024-07-09,Uttar Pradesh,Shrawasti,395.7905,0.203,1950.0124338088456,S1,observed,matched,76128533B34832354589031,matched,observed,interim_s1_only,52.8,False,BOTH,1867.7991,0.2119,pending,,395.7905,S1,fs1-3016a20fd3ad
E183::siddharthnagar,E183,2024-0481-IND,2024-07-09,Uttar Pradesh,Siddharthnagar,1090.3527,0.3122,3492.6137371813147,S1,observed,matched,70278.0,matched,observed,interim_s1_only,81.9,False,BOTH,3290.957,0.3313,pending,,1090.3527,S1,fs1-3016a20fd3ad
E183::sultanpur,E183,2024-0481-IND,2024-07-09,Uttar Pradesh,Sultanpur,142.6291,0.0322,4427.494295932419,S1,observed,matched,17939.0,matched,observed,interim_s1_only,23.9,True,BOTH,4109.2232,0.0347,pending,,142.6291,S1,fs1-3016a20fd3ad
E183::unnao,E183,2024-0481-IND,2024-07-09,Uttar Pradesh,Unnao,716.3616,0.1555,4606.848065112721,S1,observed,matched,17941.0,matched,observed,interim_s1_only,43.4,False,BOTH,4416.467,0.1622,pending,,716.3616,S1,fs1-3016a20fd3ad
E183::varanasi,E183,2024-0481-IND,2024-07-09,Uttar Pradesh,Varanasi,53.409,0.0344,1554.288127138641,S1,observed,matched,17943.0,matched,observed,interim_s1_only,86.1,True,BOTH,1499.8488,0.0356,pending,,53.409,S1,fs1-3016a20fd3ad
E184::kullu,E184,2024-0561-IND,2024-07-31,Himachal Pradesh,Kullu,7.5766,0.0014,5505.982355912866,S1,observed,matched,17671.0,matched,observed,interim_s1_only,80.4,True,BOTH,113.1084,0.067,pending,,7.5766,S1,fs1-3016a20fd3ad
E184::mandi,E184,2024-0561-IND,2024-07-31,Himachal Pradesh,Mandi,1.0249,0.0003,3951.2717684747336,S1,observed,matched,17673.0,matched,observed,interim_s1_only,78.6,True,ASCENDING,180.7402,0.0057,pending,,1.0249,S1,fs1-3016a20fd3ad
E184::shimla,E184,2024-0561-IND,2024-07-31,Himachal Pradesh,Shimla,1.5293,0.0003,5136.6062379686,S1,observed,matched,17674.0,matched,observed,interim_s1_only,85.7,True,BOTH,39.2503,0.039,pending,,1.5293,S1,fs1-3016a20fd3ad
E185::dhalai,E185,2024-0624-IND,2024-08-19,Tripura,Dhalai,12.6619,0.0058,2201.079367693781,S1,observed,matched,70256.0,matched,observed,interim_s1_only,69.6,True,BOTH,642.5375,0.0197,pending,,12.6619,S1,fs1-3016a20fd3ad
E185::gomati,E185,2024-0624-IND,2024-08-19,Tripura,Gomati,71.8679,0.0444,1617.9532415826357,S1,observed,matched,76128533B94126463611805,matched,observed,interim_s1_only,93.7,False,BOTH,610.8811,0.1176,pending,,71.8679,S1,fs1-3016a20fd3ad
E185::khowai,E185,2024-0624-IND,2024-08-19,Tripura,Khowai,4.2052,0.004,1046.189742159586,S1,observed,matched,76128533B67044589012853,matched,observed,interim_s1_only,100.0,True,BOTH,465.6732,0.009,pending,,4.2052,S1,fs1-3016a20fd3ad
E185::north%20tripura,E185,2024-0624-IND,2024-08-19,Tripura,North Tripura,9.7329,0.0046,2109.5271791468954,S1,observed,matched,17885.0,matched,observed,interim_s1_only,51.4,True,BOTH,703.6525,0.0138,pending,,9.7329,S1,fs1-3016a20fd3ad
E185::sepahijala,E185,2024-0624-IND,2024-08-19,Tripura,Sepahijala,77.138,0.072,1071.1594978769108,S1,observed,matched,76128533B43965372582859,matched,observed,interim_s1_only,100.0,False,BOTH,589.2958,0.1309,pending,,77.138,S1,fs1-3016a20fd3ad
E185::south%20tripura,E185,2024-0624-IND,2024-08-19,Tripura,South Tripura,93.6975,0.0291,3224.504208632636,S1,observed,matched,17886.0,matched,observed,interim_s1_only,92.5,True,BOTH,1349.3356,0.0694,pending,,93.6975,S1,fs1-3016a20fd3ad
E185::unakoti,E185,2024-0624-IND,2024-08-19,Tripura,Unakoti,7.7144,0.0117,657.9288906587705,S1,observed,matched,76128533B4720703924950,matched,observed,interim_s1_only,57.2,True,BOTH,280.4761,0.0275,pending,,7.7144,S1,fs1-3016a20fd3ad
E185::west%20tripura,E185,2024-0624-IND,2024-08-19,Tripura,West Tripura,76.3513,0.0251,3039.951701839773,S1,observed,matched,17887.0,matched,observed,interim_s1_only,100.0,True,BOTH,1614.0109,0.0473,pending,,76.3513,S1,fs1-3016a20fd3ad
E186::ahmedabad,E186,2024-0647-IND,2024-08-26,Gujarat,Ahmedabad,1728.9404,0.2378,7272.000354411259,S1,observed,matched,76128533B93113981386565,matched,observed,interim_s1_only,34.4,False,DESCENDING,6623.7034,0.261,pending,,1728.9404,S1,fs1-3016a20fd3ad
E186::amreli,E186,2024-0647-IND,2024-08-26,Gujarat,Amreli,26.133,0.0036,7335.055339616136,S1,observed,matched,17636.0,matched,observed,interim_s1_only,59.9,True,DESCENDING,6520.1448,0.004,pending,,26.133,S1,fs1-3016a20fd3ad
E186::anand,E186,2024-0647-IND,2024-08-26,Gujarat,Anand,338.4077,0.1249,2708.431476288587,S1,observed,matched,70124.0,matched,observed,interim_s1_only,46.0,False,DESCENDING,2518.5538,0.1344,pending,,338.4077,S1,fs1-3016a20fd3ad
E186::aravalli,E186,2024-0647-IND,2024-08-26,Gujarat,Aravalli,43.9633,0.0134,3271.526707635578,S1,observed,matched,76128533B62153454383166,matched,observed,interim_s1_only,94.1,True,BOTH,2703.6543,0.0163,pending,,43.9633,S1,fs1-3016a20fd3ad
E186::botad,E186,2024-0647-IND,2024-08-26,Gujarat,Botad,172.2312,0.0654,2635.4766256069506,S1,observed,matched,76128533B48885555323596,matched,observed,interim_s1_only,38.4,False,DESCENDING,2560.9719,0.0673,pending,,172.2312,S1,fs1-3016a20fd3ad
E186::dahod,E186,2024-0647-IND,2024-08-26,Gujarat,Dahod,39.4554,0.0075,5236.527197799419,S1,observed,matched,70125.0,matched,observed,interim_s1_only,61.6,True,DESCENDING,3781.29,0.0104,pending,,39.4554,S1,fs1-3016a20fd3ad
E186::devbhumi%20dwarka,E186,2024-0647-IND,2024-08-26,Gujarat,Devbhumi Dwarka,45.8783,0.0106,4320.429272751359,S1,observed,matched,76128533B74381554567803,matched,observed,interim_s1_only,65.9,False,DESCENDING,3892.1695,0.0118,pending,,45.8783,S1,fs1-3016a20fd3ad
E186::jamnagar,E186,2024-0647-IND,2024-08-26,Gujarat,Jamnagar,168.1511,0.0155,10822.719279552311,S1,observed,matched,17641.0,matched,observed,interim_s1_only,85.0,False,DESCENDING,9782.7891,0.0172,pending,,168.1511,S1,fs1-3016a20fd3ad
E186::junagadh,E186,2024-0647-IND,2024-08-26,Gujarat,Junagadh,49.3523,0.006,8217.26323932205,S1,observed,matched,17642.0,matched,observed,interim_s1_only,80.0,True,DESCENDING,7214.2731,0.0068,pending,,49.3523,S1,fs1-3016a20fd3ad
E186::kheda,E186,2024-0647-IND,2024-08-26,Gujarat,Kheda,195.0317,0.0488,3992.831170210708,S1,observed,matched,17644.0,matched,observed,interim_s1_only,72.4,True,DESCENDING,3720.4177,0.0524,pending,,195.0317,S1,fs1-3016a20fd3ad
E186::kutch,E186,2024-0647-IND,2024-08-26,Gujarat,Kutch,3802.8304,0.089,42739.022712293714,S1,observed,matched,76128533B91881382098572,matched,observed,interim_s1_only,77.9,False,BOTH,35085.3148,0.1084,pending,,3802.8304,S1,fs1-3016a20fd3ad
E186::mahisagar,E186,2024-0647-IND,2024-08-26,Gujarat,Mahisagar,51.3858,0.0205,2507.754245036501,S1,observed,matched,76128533B49615943426842,matched,observed,interim_s1_only,82.6,False,DESCENDING,1881.0732,0.0273,pending,,51.3858,S1,fs1-3016a20fd3ad
E186::morbi,E186,2024-0647-IND,2024-08-26,Gujarat,Morbi,190.0684,0.0392,4845.3888221565,S1,observed,matched,76128533B2080752988715,matched,observed,interim_s1_only,78.8,False,DESCENDING,4598.5249,0.0413,pending,,190.0684,S1,fs1-3016a20fd3ad
E186::panchmahal,E186,2024-0647-IND,2024-08-26,Gujarat,Panchmahal,30.9697,0.0093,3329.087905817164,S1,observed,matched,76128533B16476001647323,matched,observed,interim_s1_only,82.9,True,DESCENDING,2898.4087,0.0107,pending,,30.9697,S1,fs1-3016a20fd3ad
E186::rajkot,E186,2024-0647-IND,2024-08-26,Gujarat,Rajkot,269.2542,0.0241,11175.751593133718,S1,observed,matched,17647.0,matched,observed,interim_s1_only,89.1,False,DESCENDING,10594.8875,0.0254,pending,,269.2542,S1,fs1-3016a20fd3ad
E186::surendranagar,E186,2024-0647-IND,2024-08-26,Gujarat,Surendranagar,728.9771,0.0696,10480.710406373057,S1,observed,matched,17650.0,matched,observed,interim_s1_only,36.4,True,DESCENDING,10206.8505,0.0714,pending,,728.9771,S1,fs1-3016a20fd3ad
E186::vadodara,E186,2024-0647-IND,2024-08-26,Gujarat,Vadodara,123.8684,0.016,7758.226506800483,S1,observed,matched,17652.0,matched,observed,interim_s1_only,58.8,True,DESCENDING,6686.8143,0.0185,pending,,123.8684,S1,fs1-3016a20fd3ad
E187::kolhapur,E187,2024-0647-IND,2024-08-26,Maharashtra,Kolhapur,10.7913,0.0014,7680.572392490604,S1,observed,matched,17769.0,matched,observed,interim_s1_only,97.1,True,DESCENDING,4339.6371,0.0025,pending,,10.7913,S1,fs1-3016a20fd3ad
E187::nashik,E187,2024-0647-IND,2024-08-26,Maharashtra,Nashik,46.9531,0.003,15554.167322451072,S1,observed,matched,17773.0,matched,observed,interim_s1_only,95.7,True,DESCENDING,10933.341,0.0043,pending,,46.9531,S1,fs1-3016a20fd3ad
E187::palghar,E187,2024-0647-IND,2024-08-26,Maharashtra,Palghar,9.514,0.0018,5355.281971404182,S1,observed,matched,76128533B37148244536449,matched,observed,interim_s1_only,73.9,True,DESCENDING,2858.6379,0.0033,pending,,9.514,S1,fs1-3016a20fd3ad
E187::pune,E187,2024-0647-IND,2024-08-26,Maharashtra,Pune,27.5865,0.0018,15649.899791716924,S1,observed,matched,17776.0,matched,observed,interim_s1_only,100.0,True,DESCENDING,10303.2933,0.0027,pending,,27.5865,S1,fs1-3016a20fd3ad
E187::raigad,E187,2024-0647-IND,2024-08-26,Maharashtra,Raigad,9.7336,0.0014,6987.901171136008,S1,observed,matched,76128533B99895802074414,matched,observed,interim_s1_only,79.2,True,DESCENDING,2892.1404,0.0034,pending,,9.7336,S1,fs1-3016a20fd3ad
E187::ratnagiri,E187,2024-0647-IND,2024-08-26,Maharashtra,Ratnagiri,3.9937,0.0005,8501.126377449938,S1,observed,matched,17778.0,matched,observed,interim_s1_only,97.8,True,DESCENDING,2431.7672,0.0016,pending,,3.9937,S1,fs1-3016a20fd3ad
E187::satara,E187,2024-0647-IND,2024-08-26,Maharashtra,Satara,17.9136,0.0017,10502.605850168617,S1,observed,matched,17781.0,matched,observed,interim_s1_only,100.0,True,DESCENDING,6563.2479,0.0027,pending,,17.9136,S1,fs1-3016a20fd3ad
E187::sindhudurg,E187,2024-0647-IND,2024-08-26,Maharashtra,Sindhudurg,3.2245,0.0006,5174.499083363021,S1,observed,matched,17779.0,matched,observed,interim_s1_only,94.1,True,DESCENDING,2179.0404,0.0015,pending,,3.2245,S1,fs1-3016a20fd3ad
E188::dhalai,E188,2024-0647-IND,2024-08-26,Tripura,Dhalai,12.5538,0.0057,2201.079367693781,S1,observed,matched,70256.0,matched,observed,interim_s1_only,7.5,True,BOTH,642.5375,0.0195,pending,,12.5538,S1,fs1-3016a20fd3ad
E188::gomati,E188,2024-0647-IND,2024-08-26,Tripura,Gomati,26.723,0.0165,1617.9532415826357,S1,observed,matched,76128533B94126463611805,matched,observed,interim_s1_only,36.7,True,BOTH,610.8811,0.0437,pending,,26.723,S1,fs1-3016a20fd3ad
E188::khowai,E188,2024-0647-IND,2024-08-26,Tripura,Khowai,2.8119,0.0027,1046.1897421595445,S1,observed,matched,76128533B67044589012853,matched,observed,interim_s1_only,13.8,True,BOTH,465.6732,0.006,pending,,2.8119,S1,fs1-3016a20fd3ad
E188::north%20tripura,E188,2024-0647-IND,2024-08-26,Tripura,North Tripura,9.2109,0.0044,2109.5271791468954,S1,observed,matched,17885.0,matched,observed,interim_s1_only,2.8,True,BOTH,703.6525,0.0131,pending,,9.2109,S1,fs1-3016a20fd3ad
E188::sepahijala,E188,2024-0647-IND,2024-08-26,Tripura,Sepahijala,19.0437,0.0178,1071.1594978769108,S1,observed,matched,76128533B43965372582859,matched,observed,interim_s1_only,33.0,True,BOTH,589.2958,0.0323,pending,,19.0437,S1,fs1-3016a20fd3ad
E188::south%20tripura,E188,2024-0647-IND,2024-08-26,Tripura,South Tripura,36.2867,0.0113,3224.504208632636,S1,observed,matched,17886.0,matched,observed,interim_s1_only,42.4,True,BOTH,1349.3356,0.0269,pending,,36.2867,S1,fs1-3016a20fd3ad
E188::unakoti,E188,2024-0647-IND,2024-08-26,Tripura,Unakoti,7.2942,0.0111,657.9288906584868,S1,observed,matched,76128533B4720703924950,matched,observed,interim_s1_only,3.5,True,BOTH,280.4761,0.026,pending,,7.2942,S1,fs1-3016a20fd3ad
E188::west%20tripura,E188,2024-0647-IND,2024-08-26,Tripura,West Tripura,24.3803,0.008,3039.951701839773,S1,observed,matched,17887.0,matched,observed,interim_s1_only,21.3,True,BOTH,1614.0109,0.0151,pending,,24.3803,S1,fs1-3016a20fd3ad
E190::itanagar%20capital%20region,E190,2025-0402-IND,2025-05-31,Arunachal Pradesh,Itanagar Capital Region,,,,NONE,failed_aoi,failed,,failed,missing,,,,,,,,,,NONE,
E190::lohit,E190,2025-0402-IND,2025-05-31,Arunachal Pradesh,Lohit,,,5476.171129046326,NONE,missing,matched,17572.0,matched,missing,no_s1,8.4,,,1645.3618,,pending,,27.6123,NDWI,fs1-3016a20fd3ad
E190::lower%20dibang%20valley,E190,2025-0402-IND,2025-05-31,Arunachal Pradesh,Lower Dibang Valley,,,1481.008750945566,NONE,missing,matched,70084.0,matched,missing,no_s1,9.1,,,921.3496,,pending,,28.7023,NDWI,fs1-3016a20fd3ad
E190::lower%20subansiri,E190,2025-0402-IND,2025-05-31,Arunachal Pradesh,Lower Subansiri,0.0147,0.0007,19.786424622092788,S1,observed,matched,17573.0,matched,observed,interim_s1_only,0.0,True,ASCENDING,2.5244,0.0058,pending,,0.0147,S1,fs1-3016a20fd3ad
E190::namsai,E190,2025-0402-IND,2025-05-31,Arunachal Pradesh,Namsai,,,1281.1997378272836,NONE,missing,matched,76128533B1875965515331,matched,missing,no_s1,2.7,,,892.7445,,pending,,3.4753,NDWI,fs1-3016a20fd3ad
E190::pakke%20kessang,E190,2025-0402-IND,2025-05-31,Arunachal Pradesh,Pakke Kessang,1.6036,0.0008,2124.67605931882,S1,observed,matched,76128533B24017517661394,matched,observed,interim_s1_only,31.8,True,BOTH,147.7953,0.0109,pending,,1.6036,S1,fs1-3016a20fd3ad
E191::bongaigaon,E191,2025-0402-IND,2025-05-31,Assam,Bongaigaon,85.7266,0.0368,2332.582799042809,S1,observed,matched,70086.0,matched,observed,interim_s1_only,14.1,False,BOTH,1849.5033,0.0464,pending,,85.7266,S1,fs1-3016a20fd3ad
E191::cachar,E191,2025-0402-IND,2025-05-31,Assam,Cachar,481.7379,0.1266,3806.329961738336,S1,observed,matched,17577.0,matched,observed,interim_s1_only,34.8,False,BOTH,1742.352,0.2765,pending,,481.7379,S1,fs1-3016a20fd3ad
E191::dima%20hasao,E191,2025-0402-IND,2025-05-31,Assam,Dima Hasao,7.6514,0.0016,4914.108784116743,S1,observed,matched,76128533B66125202864966,matched,observed,interim_s1_only,28.3,True,BOTH,670.5263,0.0114,pending,,7.6514,S1,fs1-3016a20fd3ad
E191::hailakandi,E191,2025-0402-IND,2025-05-31,Assam,Hailakandi,153.8651,0.1151,1336.4605858584375,S1,observed,matched,70088.0,matched,observed,interim_s1_only,36.6,False,BOTH,629.4125,0.2445,pending,,153.8651,S1,fs1-3016a20fd3ad
E191::kamrup,E191,2025-0402-IND,2025-05-31,Assam,Kamrup,534.2799,0.1229,4348.6225796054405,S1,observed,matched,17583.0,matched,observed,interim_s1_only,8.4,False,BOTH,2833.5254,0.1886,pending,,534.2799,S1,fs1-3016a20fd3ad
E191::lakhimpur,E191,2025-0402-IND,2025-05-31,Assam,Lakhimpur,117.6709,0.0408,2886.5239581816727,S1,observed,matched,70091.0,matched,observed,interim_s1_only,1.5,False,BOTH,2563.3875,0.0459,pending,,117.6709,S1,fs1-3016a20fd3ad
E191::sribhumi%20%28karimganj%29,E191,2025-0402-IND,2025-05-31,Assam,Sribhumi (Karimganj),284.231,0.1535,1851.5082949978823,S1,observed,matched,76128533B23092176497025,matched,observed,interim_s1_only,8.8,False,BOTH,1121.9207,0.2533,pending,,284.231,S1,fs1-3016a20fd3ad
E192::bishnupur,E192,2025-0402-IND,2025-05-31,Manipur,Bishnupur,9.2386,0.0192,481.84963420103696,S1,observed,matched,70188.0,matched,observed,interim_s1_only,82.7,True,ASCENDING,368.5485,0.0251,pending,,9.2386,S1,fs1-3016a20fd3ad
E192::imphal%20east,E192,2025-0402-IND,2025-05-31,Manipur,Imphal East,20.7886,0.0549,378.55443161734433,S1,observed,matched,76128533B30779259886340,matched,observed,interim_s1_only,75.5,True,ASCENDING,234.2262,0.0888,pending,,20.7886,S1,fs1-3016a20fd3ad
E192::imphal%20west,E192,2025-0402-IND,2025-05-31,Manipur,Imphal West,15.0677,0.0298,504.9363985910239,S1,observed,matched,76128533B99807650893733,matched,observed,interim_s1_only,83.2,True,ASCENDING,405.1745,0.0372,pending,,15.0677,S1,fs1-3016a20fd3ad
E192::kangpokpi,E192,2025-0402-IND,2025-05-31,Manipur,Kangpokpi,2.9226,0.0016,1825.3176503754064,S1,observed,matched,76128533B56326354019534,matched,observed,interim_s1_only,66.2,True,ASCENDING,156.0592,0.0187,pending,,2.9226,S1,fs1-3016a20fd3ad
E192::noney,E192,2025-0402-IND,2025-05-31,Manipur,Noney,3.513,0.0032,1099.6192833435175,S1,observed,matched,76128533B36594996191182,matched,observed,interim_s1_only,94.5,True,BOTH,32.9177,0.1067,pending,,3.513,S1,fs1-3016a20fd3ad
E192::pherzawl,E192,2025-0402-IND,2025-05-31,Manipur,Pherzawl,1.8308,0.0008,2338.6376768542173,S1,observed,matched,76128533B71254158898830,matched,observed,interim_s1_only,47.2,True,BOTH,75.825,0.0241,pending,,1.8308,S1,fs1-3016a20fd3ad
E192::senapati,E192,2025-0402-IND,2025-05-31,Manipur,Senapati,1.4296,0.0004,3491.671343960543,S1,observed,matched,70192.0,matched,observed,interim_s1_only,47.3,True,ASCENDING,151.5237,0.0094,pending,,1.4296,S1,fs1-3016a20fd3ad
E192::tamenglong,E192,2025-0402-IND,2025-05-31,Manipur,Tamenglong,4.8836,0.0012,4205.580317998752,S1,observed,matched,70193.0,matched,observed,interim_s1_only,66.0,True,BOTH,123.1009,0.0397,pending,,4.8836,S1,fs1-3016a20fd3ad
E192::ukhrul,E192,2025-0402-IND,2025-05-31,Manipur,Ukhrul,0.8498,0.0002,4426.124966872591,S1,observed,matched,70195.0,matched,observed,interim_s1_only,54.1,True,ASCENDING,83.3833,0.0102,pending,,0.8498,S1,fs1-3016a20fd3ad
E193::east%20garo%20hills,E193,2025-0402-IND,2025-05-31,Meghalaya,East Garo Hills,5.1446,0.0017,2940.3760891953966,S1,observed,matched,17793.0,matched,observed,interim_s1_only,13.1,True,BOTH,541.0851,0.0095,pending,,5.1446,S1,fs1-3016a20fd3ad
E193::east%20jaintia%20hills,E193,2025-0402-IND,2025-05-31,Meghalaya,East Jaintia Hills,4.4807,0.0022,2077.589780451139,S1,observed,matched,76128533B70185077694103,matched,observed,interim_s1_only,36.7,True,BOTH,367.6072,0.0122,pending,,4.4807,S1,fs1-3016a20fd3ad
E193::east%20khasi%20hills,E193,2025-0402-IND,2025-05-31,Meghalaya,East Khasi Hills,6.2121,0.0021,2889.6322510589234,S1,observed,matched,17794.0,matched,observed,interim_s1_only,60.9,True,BOTH,428.7692,0.0145,pending,,6.2121,S1,fs1-3016a20fd3ad
E193::eastern%20west%20khasi%20hills,E193,2025-0402-IND,2025-05-31,Meghalaya,Eastern West Khasi Hills,3.3526,0.0027,1229.5763041016378,S1,observed,matched,OSM:relation/14723470,matched,observed,interim_s1_only,38.4,True,BOTH,145.3565,0.0231,pending,,3.3526,S1,fs1-3016a20fd3ad
E193::north%20garo%20hills,E193,2025-0402-IND,2025-05-31,Meghalaya,North Garo Hills,1.1519,0.0011,1050.4969039025452,S1,observed,matched,76128533B35759455556328,matched,observed,interim_s1_only,10.7,True,BOTH,187.6001,0.0061,pending,,1.1519,S1,fs1-3016a20fd3ad
E193::ri%20bhoi,E193,2025-0402-IND,2025-05-31,Meghalaya,Ri Bhoi,3.2921,0.0014,2389.7308835163144,S1,observed,matched,70197,matched,observed,interim_s1_only,19.5,True,BOTH,284.7036,0.0116,pending,,3.2921,S1,fs1-3016a20fd3ad
E193::south%20garo%20hills,E193,2025-0402-IND,2025-05-31,Meghalaya,South Garo Hills,1.7666,0.0009,1876.767998735909,S1,observed,matched,70198.0,matched,observed,interim_s1_only,38.8,True,BOTH,250.9578,0.007,pending,,1.7666,S1,fs1-3016a20fd3ad
E193::south%20west%20garo%20hills,E193,2025-0402-IND,2025-05-31,Meghalaya,South West Garo Hills,3.6108,0.0062,586.0218511059741,S1,observed,matched,76128533B52906466328910,matched,observed,interim_s1_only,19.7,True,BOTH,176.2683,0.0205,pending,,3.6108,S1,fs1-3016a20fd3ad
E193::south%20west%20khasi%20hills,E193,2025-0402-IND,2025-05-31,Meghalaya,South West Khasi Hills,5.1024,0.0038,1344.9013461709417,S1,observed,matched,76128533B27102120636500,matched,observed,interim_s1_only,65.3,True,BOTH,249.2269,0.0205,pending,,5.1024,S1,fs1-3016a20fd3ad
E193::west%20garo%20hills,E193,2025-0402-IND,2025-05-31,Meghalaya,West Garo Hills,51.0119,0.0148,3440.766036854824,S1,observed,matched,17796.0,matched,observed,interim_s1_only,19.0,True,BOTH,874.7395,0.0583,pending,,51.0119,S1,fs1-3016a20fd3ad
E193::west%20jaintia%20hills,E193,2025-0402-IND,2025-05-31,Meghalaya,West Jaintia Hills,8.6782,0.005,1728.3809971447447,S1,observed,matched,76128533B84622469201834,matched,observed,interim_s1_only,53.1,True,BOTH,360.4319,0.0241,pending,,8.6782,S1,fs1-3016a20fd3ad
E193::west%20khasi%20hills,E193,2025-0402-IND,2025-05-31,Meghalaya,West Khasi Hills,14.8909,0.0028,5255.633999719938,S1,observed,matched,17797.0,matched,observed,interim_s1_only,48.1,True,BOTH,779.1487,0.0191,pending,,14.8909,S1,fs1-3016a20fd3ad
E194::aizawl,E194,2025-0402-IND,2025-05-31,Mizoram,Aizawl,1.6195,0.0005,3461.099662744716,S1,observed,matched,17798.0,matched,observed,interim_s1_only,14.1,True,BOTH,59.0659,0.0274,pending,,1.6195,S1,fs1-3016a20fd3ad
E194::kolasib,E194,2025-0402-IND,2025-05-31,Mizoram,Kolasib,3.4777,0.0026,1351.916645556901,S1,observed,matched,70200.0,matched,observed,interim_s1_only,3.1,True,BOTH,101.6163,0.0342,pending,,3.4777,S1,fs1-3016a20fd3ad
E195::chumoukedima,E195,2025-0402-IND,2025-05-31,Nagaland,Chumoukedima,,,,NONE,failed_aoi,failed,,failed,missing,,,,,,,,,,NONE,
E195::shamator,E195,2025-0402-IND,2025-05-31,Nagaland,Shamator,,,,NONE,failed_aoi,failed,,failed,missing,,,,,,,,,,NONE,
E195::tuensang,E195,2025-0402-IND,2025-05-31,Nagaland,Tuensang,0.479,0.0001,3789.750062415454,S1,observed,matched,17805.0,matched,observed,interim_s1_only,7.9,True,ASCENDING,60.0488,0.008,pending,,0.479,S1,fs1-3016a20fd3ad
E196::mangan,E196,2025-0402-IND,2025-05-31,Sikkim,Mangan,22.8516,0.0053,4277.456189629023,S1,observed,matched,76128533B65820903826030,matched,observed,interim_s1_only,54.8,False,BOTH,158.8432,0.1439,pending,,22.8516,S1,fs1-3016a20fd3ad
E197::gomati,E197,2025-0402-IND,2025-05-31,Tripura,Gomati,12.382,0.0077,1617.9532415825593,S1,observed,matched,76128533B94126463611805,matched,observed,interim_s1_only,30.5,True,BOTH,610.8811,0.0203,pending,,12.382,S1,fs1-3016a20fd3ad
E197::khowai,E197,2025-0402-IND,2025-05-31,Tripura,Khowai,4.9627,0.0047,1046.189742159586,S1,observed,matched,76128533B67044589012853,matched,observed,interim_s1_only,48.7,True,BOTH,465.6732,0.0107,pending,,4.9627,S1,fs1-3016a20fd3ad
E197::north%20tripura,E197,2025-0402-IND,2025-05-31,Tripura,North Tripura,32.4037,0.0154,2109.5271791468954,S1,observed,matched,17885.0,matched,observed,interim_s1_only,14.0,True,BOTH,703.6525,0.0461,pending,,32.4037,S1,fs1-3016a20fd3ad
E197::unakoti,E197,2025-0402-IND,2025-05-31,Tripura,Unakoti,16.8552,0.0256,657.9288906584868,S1,observed,matched,76128533B4720703924950,matched,observed,interim_s1_only,28.8,True,BOTH,280.4761,0.0601,pending,,16.8552,S1,fs1-3016a20fd3ad
E197::west%20tripura,E197,2025-0402-IND,2025-05-31,Tripura,West Tripura,30.9465,0.0102,3039.951701839773,S1,observed,matched,17887.0,matched,observed,interim_s1_only,34.7,True,BOTH,1614.0109,0.0192,pending,,30.9465,S1,fs1-3016a20fd3ad
E198::chamba,E198,2025-0469-IND,2025-06-20,Himachal Pradesh,Chamba,3.7012,0.0006,6056.411356305338,S1,observed,matched,17667.0,matched,observed,interim_s1_only,61.9,False,BOTH,59.2943,0.0624,pending,,3.7012,S1,fs1-3016a20fd3ad
E198::hamirpur,E198,2025-0469-IND,2025-06-20,Himachal Pradesh,Hamirpur,4.3877,0.0039,1122.326232597962,S1,observed,matched,17668.0,matched,observed,interim_s1_only,32.5,True,BOTH,265.4393,0.0165,pending,,4.3877,S1,fs1-3016a20fd3ad
E198::kinnaur,E198,2025-0469-IND,2025-06-20,Himachal Pradesh,Kinnaur,10.5892,0.0017,6345.302855411621,S1,observed,matched,17670.0,matched,observed,interim_s1_only,27.7,False,BOTH,95.3649,0.111,pending,,10.5892,S1,fs1-3016a20fd3ad
E198::kullu,E198,2025-0469-IND,2025-06-20,Himachal Pradesh,Kullu,7.799,0.0014,5505.982355912866,S1,observed,matched,17671.0,matched,observed,interim_s1_only,53.8,False,BOTH,113.1084,0.069,pending,,7.799,S1,fs1-3016a20fd3ad
E198::mandi,E198,2025-0469-IND,2025-06-20,Himachal Pradesh,Mandi,8.8829,0.0022,3951.2717684747336,S1,observed,matched,17673.0,matched,observed,interim_s1_only,49.7,False,BOTH,180.7402,0.0491,pending,,8.8829,S1,fs1-3016a20fd3ad
E198::shimla,E198,2025-0469-IND,2025-06-20,Himachal Pradesh,Shimla,2.7963,0.0005,5136.6062379686,S1,observed,matched,17674.0,matched,observed,interim_s1_only,68.0,False,BOTH,39.2503,0.0712,pending,,2.7963,S1,fs1-3016a20fd3ad
E199::bageshwar,E199,2025-0469-IND,2025-06-20,Uttarakhand,Bageshwar,2.5144,0.0011,2283.823715697251,S1,observed,matched,70281.0,matched,observed,interim_s1_only,100.0,False,BOTH,38.1041,0.066,pending,,2.5144,S1,fs1-3016a20fd3ad
E199::chamoli,E199,2025-0469-IND,2025-06-20,Uttarakhand,Chamoli,21.3179,0.0027,7838.316284013912,S1,observed,matched,70282.0,matched,observed,interim_s1_only,100.0,False,BOTH,146.7279,0.1453,pending,,21.3179,S1,fs1-3016a20fd3ad
E200::kishtwar,E200,2025-0690-IND,2025-08-14,Jammu and Kashmir,Kishtwar,21.4387,0.0027,7915.862636956913,S1,observed,matched,76128533B20458430922604,matched,observed,interim_s1_only,22.1,False,BOTH,174.7565,0.1227,pending,,21.4387,S1,fs1-3016a20fd3ad
E201::amritsar,E201,2025-0751-IND,2025-08-15,Punjab,Amritsar,1109.6296,0.2288,4850.355487392105,S1,observed,matched,17821.0,matched,observed,interim_s1_only,2.9,False,BOTH,3987.6435,0.2783,pending,,1109.6296,S1,fs1-3016a20fd3ad
E201::fazilka,E201,2025-0751-IND,2025-08-15,Punjab,Fazilka,172.225,0.0528,3260.9663717370954,S1,observed,matched,76128533B7291413308870,matched,observed,interim_s1_only,29.3,True,BOTH,3125.647,0.0551,pending,,172.225,S1,fs1-3016a20fd3ad
E201::firozpur,E201,2025-0751-IND,2025-08-15,Punjab,Firozpur,1408.2857,0.2716,5185.395439607114,S1,observed,matched,17825.0,matched,observed,interim_s1_only,25.1,False,BOTH,4645.3722,0.3032,pending,,1408.2857,S1,fs1-3016a20fd3ad
E201::gurdaspur,E201,2025-0751-IND,2025-08-15,Punjab,Gurdaspur,233.8439,0.0667,3507.09272056944,S1,observed,matched,17826.0,matched,observed,interim_s1_only,2.2,False,BOTH,3098.5477,0.0755,pending,,233.8439,S1,fs1-3016a20fd3ad
E201::hoshiarpur,E201,2025-0751-IND,2025-08-15,Punjab,Hoshiarpur,61.2126,0.0182,3362.8966396342144,S1,observed,matched,17827.0,matched,observed,interim_s1_only,4.2,True,BOTH,2845.513,0.0215,pending,,61.2126,S1,fs1-3016a20fd3ad
E201::jalandhar,E201,2025-0751-IND,2025-08-15,Punjab,Jalandhar,194.3689,0.0746,2605.0531477191817,S1,observed,matched,17828.0,matched,observed,interim_s1_only,13.4,True,BOTH,2536.5667,0.0766,pending,,194.3689,S1,fs1-3016a20fd3ad
E201::kapurthala,E201,2025-0751-IND,2025-08-15,Punjab,Kapurthala,87.3932,0.0527,1659.308150376237,S1,observed,matched,17829.0,matched,observed,interim_s1_only,14.0,False,BOTH,1441.5894,0.0606,pending,,87.3932,S1,fs1-3016a20fd3ad
E201::ludhiana,E201,2025-0751-IND,2025-08-15,Punjab,Ludhiana,330.2655,0.0924,3573.10781793918,S1,observed,matched,17830.0,matched,observed,interim_s1_only,19.6,True,BOTH,3203.7682,0.1031,pending,,330.2655,S1,fs1-3016a20fd3ad
E201::moga,E201,2025-0751-IND,2025-08-15,Punjab,Moga,1165.2628,0.5056,2304.7121791107,S1,observed,matched,70233.0,matched,observed,interim_s1_only,37.5,False,BOTH,2258.8489,0.5159,pending,,1165.2628,S1,fs1-3016a20fd3ad
E201::pathankot,E201,2025-0751-IND,2025-08-15,Punjab,Pathankot,29.641,0.0296,999.949013574026,S1,observed,matched,76128533B19630094725383,matched,observed,interim_s1_only,4.4,False,BOTH,751.4754,0.0394,pending,,29.641,S1,fs1-3016a20fd3ad
E201::sangrur,E201,2025-0751-IND,2025-08-15,Punjab,Sangrur,2098.3994,0.4122,5091.276351954565,S1,observed,matched,17833.0,matched,observed,interim_s1_only,17.7,False,BOTH,4117.7548,0.5096,pending,,2098.3994,S1,fs1-3016a20fd3ad
E201::sri%20muktsar%20sahib,E201,2025-0751-IND,2025-08-15,Punjab,Sri Muktsar Sahib,135.0755,0.0512,2637.9147681685968,S1,observed,matched,76128533B50184713016881,matched,observed,interim_s1_only,29.7,True,BOTH,2559.7405,0.0528,pending,,135.0755,S1,fs1-3016a20fd3ad
E202::bageshwar,E202,2025-0803-IND,2025-09-15,Uttarakhand,Bageshwar,1.887,0.0008,2283.823715697251,S1,observed,matched,70281.0,matched,observed,interim_s1_only,19.7,False,BOTH,38.1041,0.0495,pending,,1.887,S1,fs1-3016a20fd3ad
E202::champawat,E202,2025-0803-IND,2025-09-15,Uttarakhand,Champawat,2.6776,0.0016,1688.3763040453146,S1,observed,matched,70283.0,matched,observed,interim_s1_only,8.2,False,BOTH,46.9631,0.057,pending,,2.6776,S1,fs1-3016a20fd3ad
E202::dehradun,E202,2025-0803-IND,2025-09-15,Uttarakhand,Dehradun,34.5387,0.0112,3070.1655325092884,S1,observed,matched,17903.0,matched,observed,interim_s1_only,0.1,False,BOTH,982.9091,0.0351,pending,,34.5387,S1,fs1-3016a20fd3ad
E202::haridwar,E202,2025-0803-IND,2025-09-15,Uttarakhand,Haridwar,27.2693,0.0114,2388.487173667367,S1,observed,matched,70284.0,matched,observed,interim_s1_only,0.0,True,BOTH,2028.6973,0.0134,pending,,27.2693,S1,fs1-3016a20fd3ad
E202::nainital,E202,2025-0803-IND,2025-09-15,Uttarakhand,Nainital,3.3517,0.0008,4068.963433579816,S1,observed,matched,70285.0,matched,observed,interim_s1_only,4.4,True,BOTH,1382.9492,0.0024,pending,,3.3517,S1,fs1-3016a20fd3ad
E202::pauri%20garhwal,E202,2025-0803-IND,2025-09-15,Uttarakhand,Pauri Garhwal,5.7242,0.001,5461.918144346134,S1,observed,matched,17910.0,matched,observed,interim_s1_only,0.3,True,BOTH,373.3441,0.0153,pending,,5.7242,S1,fs1-3016a20fd3ad
E202::pithoragarh,E202,2025-0803-IND,2025-09-15,Uttarakhand,Pithoragarh,8.9915,0.0012,7209.480621522472,S1,observed,matched,17932.0,matched,observed,interim_s1_only,14.3,False,BOTH,107.4879,0.0837,pending,,8.9915,S1,fs1-3016a20fd3ad
E202::tehri%20garhwal,E202,2025-0803-IND,2025-09-15,Uttarakhand,Tehri Garhwal,2.8019,0.0006,4393.487663681659,S1,observed,matched,70287.0,matched,observed,interim_s1_only,2.5,False,BOTH,46.9933,0.0596,pending,,2.8019,S1,fs1-3016a20fd3ad
E202::udham%20singh%20nagar,E202,2025-0803-IND,2025-09-15,Uttarakhand,Udham Singh Nagar,42.1791,0.0147,2869.388323442663,S1,observed,matched,70288.0,matched,observed,interim_s1_only,0.0,True,BOTH,2584.6152,0.0163,pending,,42.1791,S1,fs1-3016a20fd3ad
E203::araria,E203,2025-0859-IND,2025-10-03,Bihar,Araria,289.3347,0.1024,2825.348194194397,S1,observed,matched,70094.0,matched,observed,interim_s1_only,0.9,True,BOTH,2783.8584,0.1039,pending,,289.3347,S1,fs1-3016a20fd3ad
E203::darbhanga,E203,2025-0859-IND,2025-10-03,Bihar,Darbhanga,220.5247,0.0961,2293.727225126986,S1,observed,matched,17598.0,matched,observed,interim_s1_only,0.0,False,BOTH,2116.2992,0.1042,pending,,220.5247,S1,fs1-3016a20fd3ad
E203::east%20champaran,E203,2025-0859-IND,2025-10-03,Bihar,East Champaran,346.3782,0.0823,4209.432168721379,S1,observed,matched,76128533B49017555803526,matched,observed,interim_s1_only,0.0,False,BOTH,4047.632,0.0856,pending,,346.3782,S1,fs1-3016a20fd3ad
E203::gopalganj,E203,2025-0859-IND,2025-10-03,Bihar,Gopalganj,95.6469,0.0468,2044.660708589624,S1,observed,matched,17604.0,matched,observed,interim_s1_only,0.0,False,BOTH,2001.4418,0.0478,pending,,95.6469,S1,fs1-3016a20fd3ad
E203::katihar,E203,2025-0859-IND,2025-10-03,Bihar,Katihar,105.1604,0.0343,3068.3721590224136,S1,observed,matched,17608.0,matched,observed,interim_s1_only,0.0,False,BOTH,2843.7093,0.037,pending,,105.1604,S1,fs1-3016a20fd3ad
E203::kishanganj,E203,2025-0859-IND,2025-10-03,Bihar,Kishanganj,63.9464,0.0331,1932.7539351616576,S1,observed,matched,70100.0,matched,observed,interim_s1_only,0.0,True,BOTH,1852.9673,0.0345,pending,,63.9464,S1,fs1-3016a20fd3ad
E203::madhepura,E203,2025-0859-IND,2025-10-03,Bihar,Madhepura,332.2179,0.1804,1841.8576584602,S1,observed,matched,17612.0,matched,observed,interim_s1_only,0.0,False,BOTH,1815.6229,0.183,pending,,332.2179,S1,fs1-3016a20fd3ad
E203::madhubani,E203,2025-0859-IND,2025-10-03,Bihar,Madhubani,121.4143,0.0351,3457.42262983169,S1,observed,matched,17611.0,matched,observed,interim_s1_only,0.0,True,BOTH,3212.7477,0.0378,pending,,121.4143,S1,fs1-3016a20fd3ad
E203::muzaffarpur,E203,2025-0859-IND,2025-10-03,Bihar,Muzaffarpur,124.0638,0.0389,3192.441978127565,S1,observed,matched,17613.0,matched,observed,interim_s1_only,0.0,False,BOTH,3129.3395,0.0396,pending,,124.0638,S1,fs1-3016a20fd3ad
E203::purnia,E203,2025-0859-IND,2025-10-03,Bihar,Purnia,224.3726,0.069,3252.274864588641,S1,observed,matched,17621.0,matched,observed,interim_s1_only,0.0,True,BOTH,3216.5812,0.0698,pending,,224.3726,S1,fs1-3016a20fd3ad
E203::saharsa,E203,2025-0859-IND,2025-10-03,Bihar,Saharsa,188.8319,0.1116,1692.2702412487936,S1,observed,matched,17624.0,matched,observed,interim_s1_only,0.0,False,BOTH,1597.4024,0.1182,pending,,188.8319,S1,fs1-3016a20fd3ad
E203::samastipur,E203,2025-0859-IND,2025-10-03,Bihar,Samastipur,78.0893,0.0268,2911.492917812177,S1,observed,matched,17626.0,matched,observed,interim_s1_only,0.0,False,BOTH,2732.2727,0.0286,pending,,78.0893,S1,fs1-3016a20fd3ad
E203::saran,E203,2025-0859-IND,2025-10-03,Bihar,Saran,84.5466,0.0319,2650.3366911206285,S1,observed,matched,17628.0,matched,observed,interim_s1_only,0.0,False,BOTH,2555.315,0.0331,pending,,84.5466,S1,fs1-3016a20fd3ad
E203::sheohar,E203,2025-0859-IND,2025-10-03,Bihar,Sheohar,15.9423,0.0277,575.6280849211931,S1,observed,matched,70103.0,matched,observed,interim_s1_only,0.0,False,BOTH,566.1197,0.0282,pending,,15.9423,S1,fs1-3016a20fd3ad
E203::sitamarhi,E203,2025-0859-IND,2025-10-03,Bihar,Sitamarhi,172.8282,0.0833,2075.1609189491032,S1,observed,matched,17630.0,matched,observed,interim_s1_only,0.0,False,BOTH,2019.8231,0.0856,pending,,172.8282,S1,fs1-3016a20fd3ad
E203::siwan,E203,2025-0859-IND,2025-10-03,Bihar,Siwan,96.8538,0.0434,2229.6509970655925,S1,observed,matched,17631.0,matched,observed,interim_s1_only,0.0,False,BOTH,2163.4697,0.0448,pending,,96.8538,S1,fs1-3016a20fd3ad
E203::supaul,E203,2025-0859-IND,2025-10-03,Bihar,Supaul,376.3969,0.1569,2399.2927702222696,S1,observed,matched,70104.0,matched,observed,interim_s1_only,0.0,False,BOTH,2327.5369,0.1617,pending,,376.3969,S1,fs1-3016a20fd3ad
E203::west%20champaran,E203,2025-0859-IND,2025-10-03,Bihar,West Champaran,237.6942,0.0456,5214.198372330475,S1,observed,matched,76128533B17762399278073,matched,observed,interim_s1_only,0.0,False,BOTH,4613.9716,0.0515,pending,,237.6942,S1,fs1-3016a20fd3ad
E204::alipurduar,E204,2025-0859-IND,2025-10-03,West Bengal,Alipurduar,47.8929,0.0171,2805.571892812931,S1,observed,matched,76128533B23858286755005,matched,observed,interim_s1_only,0.1,True,BOTH,2397.164,0.02,pending,,47.8929,S1,fs1-3016a20fd3ad
E204::cooch%20behar,E204,2025-0859-IND,2025-10-03,West Bengal,Cooch Behar,347.8384,0.1058,3288.1312386454174,S1,observed,matched,76128533B64156747739715,matched,observed,interim_s1_only,0.0,False,BOTH,3131.2864,0.1111,pending,,347.8384,S1,fs1-3016a20fd3ad
E204::darjeeling,E204,2025-0859-IND,2025-10-03,West Bengal,Darjeeling,4.1148,0.002,2082.4452472301264,S1,observed,matched,76128533B17109302371020,matched,observed,interim_s1_only,0.0,True,BOTH,826.6807,0.005,pending,,4.1148,S1,fs1-3016a20fd3ad
E204::jalpaiguri,E204,2025-0859-IND,2025-10-03,West Bengal,Jalpaiguri,97.2842,0.0157,6200.341009430311,S1,observed,matched,17951.0,matched,observed,interim_s1_only,0.0,True,BOTH,5492.7966,0.0177,pending,,97.2842,S1,fs1-3016a20fd3ad
E204::kalimpong,E204,2025-0859-IND,2025-10-03,West Bengal,Kalimpong,0.3577,0.0003,1110.133398229132,S1,observed,matched,76128533B78458325839103,matched,observed,interim_s1_only,0.0,True,BOTH,73.9352,0.0048,pending,,0.3577,S1,fs1-3016a20fd3ad
