event_district_id,event_id,source_record_id,start_date,state,district,aoi_level,aoi_source,aoi_match_status,geometry_id,aoi_area_km2,spec_version,aoi_error,aoi_boundary_year,aoi_match_method,aoi_reference_name,aoi_historical_boundary_verified,aoi_match_evidence,aoi_boundary_note,aoi_lgd_code
E001::anantnag,E001,2015-0107-IND,2015-03-20,Jammu and Kashmir,Anantnag,district,geoBoundaries/gbOpen/IND/ADM2/2021@8bef6929fd65432e7dc775e7c44473e84efff064ebddbfd6b834e6291546db40,matched,76128533B6393836306469,2744.7027110021554,fs1-3016a20fd3ad,,2021.0,exact_or_spacing,Anantnag,False,https://www.geoboundaries.org/api/current/gbOpen/IND/ADM2/,"District identity matched; 2021 reference geometry, NOT event-year boundary equivalence. No parent substitution.",
E001::bandipora,E001,2015-0107-IND,2015-03-20,Jammu and Kashmir,Bandipora,district,geoBoundaries/gbOpen/IND/ADM2/2021@8bef6929fd65432e7dc775e7c44473e84efff064ebddbfd6b834e6291546db40,matched,76128533B41744580856133,2983.0559101126523,fs1-3016a20fd3ad,,2021.0,census_label_alias,Bandipore,False,https://censusindia.gov.in/nada/index.php/catalog/42557,"District identity matched; 2021 reference geometry, NOT event-year boundary equivalence. No parent substitution.",
E001::baramulla,E001,2015-0107-IND,2015-03-20,Jammu and Kashmir,Baramulla,district,geoBoundaries/gbOpen/IND/ADM2/2021@8bef6929fd65432e7dc775e7c44473e84efff064ebddbfd6b834e6291546db40,matched,76128533B15567489974292,1957.959792898658,fs1-3016a20fd3ad,,2021.0,census_label_alias,Baramula,False,https://censusindia.gov.in/nada/index.php/catalog/42557,"District identity matched; 2021 reference geometry, NOT event-year boundary equivalence. No parent substitution.",
E001::budgam,E001,2015-0107-IND,2015-03-20,Jammu and Kashmir,Budgam,district,geoBoundaries/gbOpen/IND/ADM2/2021@8bef6929fd65432e7dc775e7c44473e84efff064ebddbfd6b834e6291546db40,matched,76128533B88214376170788,1130.5904895316958,fs1-3016a20fd3ad,,2021.0,census_label_alias,Badgam,False,https://censusindia.gov.in/nada/index.php/catalog/42557,"District identity matched; 2021 reference geometry, NOT event-year boundary equivalence. No parent substitution.",
E001::ganderbal,E001,2015-0107-IND,2015-03-20,Jammu and Kashmir,Ganderbal,district,geoBoundaries/gbOpen/IND/ADM2/2021@8bef6929fd65432e7dc775e7c44473e84efff064ebddbfd6b834e6291546db40,matched,76128533B20504715877560,1447.3294234807574,fs1-3016a20fd3ad,,2021.0,exact_or_spacing,Ganderbal,False,https://www.geoboundaries.org/api/current/gbOpen/IND/ADM2/,"District identity matched; 2021 reference geometry, NOT event-year boundary equivalence. No parent substitution.",
E001::pulwama,E001,2015-0107-IND,2015-03-20,Jammu and Kashmir,Pulwama,district,geoBoundaries/gbOpen/IND/ADM2/2021@8bef6929fd65432e7dc775e7c44473e84efff064ebddbfd6b834e6291546db40,matched,76128533B74958462315105,828.2463390233863,fs1-3016a20fd3ad,,2021.0,exact_or_spacing,Pulwama,False,https://www.geoboundaries.org/api/current/gbOpen/IND/ADM2/,"District identity matched; 2021 reference geometry, NOT event-year boundary equivalence. No parent substitution.",
E001::shopian,E001,2015-0107-IND,2015-03-20,Jammu and Kashmir,Shopian,district,geoBoundaries/gbOpen/IND/ADM2/2021@8bef6929fd65432e7dc775e7c44473e84efff064ebddbfd6b834e6291546db40,matched,76128533B37825396764028,453.0644785617448,fs1-3016a20fd3ad,,2021.0,census_label_alias,Shupiyan,False,https://censusindia.gov.in/nada/index.php/catalog/42557,"District identity matched; 2021 reference geometry, NOT event-year boundary equivalence. No parent substitution.",
E001::srinagar,E001,2015-0107-IND,2015-03-20,Jammu and Kashmir,Srinagar,district,geoBoundaries/gbOpen/IND/ADM2/2021@8bef6929fd65432e7dc775e7c44473e84efff064ebddbfd6b834e6291546db40,matched,76128533B32249045995424,512.8831127978173,fs1-3016a20fd3ad,,2021.0,exact_or_spacing,Srinagar,False,https://www.geoboundaries.org/api/current/gbOpen/IND/ADM2/,"District identity matched; 2021 reference geometry, NOT event-year boundary equivalence. No parent substitution.",
E002::virudhunagar,E002,2015-0207-IND,2015-05-17,Tamil Nadu,Virudhunagar,district,FAO/GAUL/2015/level2,matched,17869.0,4306.978436820998,fs1-3016a20fd3ad,,,,,,,,
E003::amreli,E003,2015-0249-IND,2015-06-19,Gujarat,Amreli,district,FAO/GAUL/2015/level2,matched,17636.0,7335.055339616136,fs1-3016a20fd3ad,,,,,,,,
E003::morbi,E003,2015-0249-IND,2015-06-19,Gujarat,Morbi,district,geoBoundaries/gbOpen/IND/ADM2/2021@8bef6929fd65432e7dc775e7c44473e84efff064ebddbfd6b834e6291546db40,matched,76128533B2080752988715,4845.388822156085,fs1-3016a20fd3ad,,2021.0,exact_or_spacing,Morbi,False,https://www.geoboundaries.org/api/current/gbOpen/IND/ADM2/,"District identity matched; 2021 reference geometry, NOT event-year boundary equivalence. No parent substitution.",
E003::rajkot,E003,2015-0249-IND,2015-06-19,Gujarat,Rajkot,district,FAO/GAUL/2015/level2,matched,17647.0,11175.751593133718,fs1-3016a20fd3ad,,,,,,,,
E003::surat,E003,2015-0249-IND,2015-06-19,Gujarat,Surat,district,FAO/GAUL/2015/level2,matched,17649.0,7486.82173633887,fs1-3016a20fd3ad,,,,,,,,
E003::tapi,E003,2015-0249-IND,2015-06-19,Gujarat,Tapi,district,geoBoundaries/gbOpen/IND/ADM2/2021@8bef6929fd65432e7dc775e7c44473e84efff064ebddbfd6b834e6291546db40,matched,76128533B12519626815499,3222.2181213994645,fs1-3016a20fd3ad,,2021.0,exact_or_spacing,Tapi,False,https://www.geoboundaries.org/api/current/gbOpen/IND/ADM2/,"District identity matched; 2021 reference geometry, NOT event-year boundary equivalence. No parent substitution.",
E004::mumbai%20city,E004,2015-0249-IND,2015-06-19,Maharashtra,Mumbai City,district,FAO/GAUL/2015/level2,matched,70184.0,77.22400864672608,fs1-3016a20fd3ad,,,,,,,,
E004::mumbai%20suburban,E004,2015-0249-IND,2015-06-19,Maharashtra,Mumbai Suburban,district,FAO/GAUL/2015/level2,matched,70183.0,409.3994670782586,fs1-3016a20fd3ad,,,,,,,,
E004::palghar,E004,2015-0249-IND,2015-06-19,Maharashtra,Palghar,district,geoBoundaries/gbOpen/IND/ADM2/2021@8bef6929fd65432e7dc775e7c44473e84efff064ebddbfd6b834e6291546db40,matched,76128533B37148244536449,5355.281971403595,fs1-3016a20fd3ad,,2021.0,exact_or_spacing,Palghar,False,https://www.geoboundaries.org/api/current/gbOpen/IND/ADM2/,"District identity matched; 2021 reference geometry, NOT event-year boundary equivalence. No parent substitution.",
E004::thane,E004,2015-0249-IND,2015-06-19,Maharashtra,Thane,district,FAO/GAUL/2015/level2,matched,17783.0,9454.897228160951,fs1-3016a20fd3ad,,,,,,,,
E005::darjeeling,E005,2015-0253-IND,2015-06-23,West Bengal,Darjeeling,district,geoBoundaries/gbOpen/IND/ADM2/2021@8bef6929fd65432e7dc775e7c44473e84efff064ebddbfd6b834e6291546db40,matched,76128533B17109302371020,2082.4452472301264,fs1-3016a20fd3ad,,2021.0,reviewed_alias,Darjiling,False,https://www.geoboundaries.org/api/current/gbOpen/IND/ADM2/,"District identity matched; 2021 reference geometry, NOT event-year boundary equivalence. No parent substitution.",
E008::kullu,E008,2015-0333-IND,2015-07-07,Himachal Pradesh,Kullu,district,FAO/GAUL/2015/level2,matched,17671.0,5505.982355912866,fs1-3016a20fd3ad,,,,,,,,
E008::mandi,E008,2015-0333-IND,2015-07-07,Himachal Pradesh,Mandi,district,FAO/GAUL/2015/level2,matched,17673.0,3951.2717684747336,fs1-3016a20fd3ad,,,,,,,,
E009::anantnag,E009,2015-0333-IND,2015-07-07,Jammu and Kashmir,Anantnag,district,geoBoundaries/gbOpen/IND/ADM2/2021@8bef6929fd65432e7dc775e7c44473e84efff064ebddbfd6b834e6291546db40,matched,76128533B6393836306469,2744.702711002116,fs1-3016a20fd3ad,,2021.0,exact_or_spacing,Anantnag,False,https://www.geoboundaries.org/api/current/gbOpen/IND/ADM2/,"District identity matched; 2021 reference geometry, NOT event-year boundary equivalence. No parent substitution.",
E010::barnala,E010,2015-0333-IND,2015-07-07,Punjab,Barnala,district,geoBoundaries/gbOpen/IND/ADM2/2021@8bef6929fd65432e7dc775e7c44473e84efff064ebddbfd6b834e6291546db40,matched,76128533B39051871473194,1406.539382498226,fs1-3016a20fd3ad,,2021.0,exact_or_spacing,Barnala,False,https://www.geoboundaries.org/api/current/gbOpen/IND/ADM2/,"District identity matched; 2021 reference geometry, NOT event-year boundary equivalence. No parent substitution.",
E012::barabanki,E012,2015-0333-IND,2015-07-07,Uttar Pradesh,Barabanki,district,FAO/GAUL/2015/level2,matched,17896.0,4440.0005417469865,fs1-3016a20fd3ad,,,,,,,,
E013::nainital,E013,2015-0333-IND,2015-07-07,Uttarakhand,Nainital,district,FAO/GAUL/2015/level2,matched,70285.0,4068.963433579816,fs1-3016a20fd3ad,,,,,,,,
E014::east%20kameng,E014,2015-0413-IND,2015-07-14,Arunachal Pradesh,East Kameng,district,geoBoundaries/gbOpen/IND/ADM2/2021@8bef6929fd65432e7dc775e7c44473e84efff064ebddbfd6b834e6291546db40,matched,76128533B76129461078086,4466.180297949177,fs1-3016a20fd3ad,,2021.0,exact_or_spacing,East Kameng,False,https://www.geoboundaries.org/api/current/gbOpen/IND/ADM2/,"District identity matched; 2021 reference geometry, NOT event-year boundary equivalence. No parent substitution.",
E015::dhemaji,E015,2015-0413-IND,2015-07-14,Assam,Dhemaji,district,FAO/GAUL/2015/level2,matched,70087.0,2503.3476339074205,fs1-3016a20fd3ad,,,,,,,,
E015::kokrajhar,E015,2015-0413-IND,2015-07-14,Assam,Kokrajhar,district,FAO/GAUL/2015/level2,matched,70090.0,3329.2233881813268,fs1-3016a20fd3ad,,,,,,,,
E015::lakhimpur,E015,2015-0413-IND,2015-07-14,Assam,Lakhimpur,district,FAO/GAUL/2015/level2,matched,70091.0,2886.5239581816727,fs1-3016a20fd3ad,,,,,,,,
E015::sonitpur,E015,2015-0413-IND,2015-07-14,Assam,Sonitpur,district,FAO/GAUL/2015/level2,matched,17593.0,4676.158375740257,fs1-3016a20fd3ad,,,,,,,,
E016::baksa,E016,2015-0317-IND,2015-07-15,Assam,Baksa,district,geoBoundaries/gbOpen/IND/ADM2/2021@8bef6929fd65432e7dc775e7c44473e84efff064ebddbfd6b834e6291546db40,matched,76128533B8221925175605,2398.6209171216783,fs1-3016a20fd3ad,,2021.0,exact_or_spacing,Baksa,False,https://www.geoboundaries.org/api/current/gbOpen/IND/ADM2/,"District identity matched; 2021 reference geometry, NOT event-year boundary equivalence. No parent substitution.",
E016::barpeta,E016,2015-0317-IND,2015-07-15,Assam,Barpeta,district,FAO/GAUL/2015/level2,matched,17576.0,3253.622989828742,fs1-3016a20fd3ad,,,,,,,,
E016::bongaigaon,E016,2015-0317-IND,2015-07-15,Assam,Bongaigaon,district,FAO/GAUL/2015/level2,matched,70086.0,2332.582799042809,fs1-3016a20fd3ad,,,,,,,,
E016::cachar,E016,2015-0317-IND,2015-07-15,Assam,Cachar,district,FAO/GAUL/2015/level2,matched,17577.0,3806.329961738336,fs1-3016a20fd3ad,,,,,,,,
E016::darrang,E016,2015-0317-IND,2015-07-15,Assam,Darrang,district,FAO/GAUL/2015/level2,matched,17578.0,3426.9679336953163,fs1-3016a20fd3ad,,,,,,,,
E016::dhemaji,E016,2015-0317-IND,2015-07-15,Assam,Dhemaji,district,FAO/GAUL/2015/level2,matched,70087.0,2503.3476339074205,fs1-3016a20fd3ad,,,,,,,,
E016::dhubri,E016,2015-0317-IND,2015-07-15,Assam,Dhubri,district,geoBoundaries/gbOpen/IND/ADM2/2021@8bef6929fd65432e7dc775e7c44473e84efff064ebddbfd6b834e6291546db40,matched,76128533B25835998628545,1790.280077462252,fs1-3016a20fd3ad,,2021.0,exact_or_spacing,Dhubri,False,https://www.geoboundaries.org/api/current/gbOpen/IND/ADM2/,"District identity matched; 2021 reference geometry, NOT event-year boundary equivalence. No parent substitution.",
E016::dibrugarh,E016,2015-0317-IND,2015-07-15,Assam,Dibrugarh,district,FAO/GAUL/2015/level2,matched,17580.0,3397.4818067287138,fs1-3016a20fd3ad,,,,,,,,
E016::goalpara,E016,2015-0317-IND,2015-07-15,Assam,Goalpara,district,FAO/GAUL/2015/level2,matched,17581.0,1904.60564716237,fs1-3016a20fd3ad,,,,,,,,
E016::jorhat,E016,2015-0317-IND,2015-07-15,Assam,Jorhat,district,FAO/GAUL/2015/level2,matched,70089.0,2842.716884638612,fs1-3016a20fd3ad,,,,,,,,
E016::kamrup,E016,2015-0317-IND,2015-07-15,Assam,Kamrup,district,FAO/GAUL/2015/level2,matched,17583.0,4348.6225796054405,fs1-3016a20fd3ad,,,,,,,,
E016::karbi%20anglong,E016,2015-0317-IND,2015-07-15,Assam,Karbi Anglong,district,FAO/GAUL/2015/level2,matched,17584.0,10446.406497647093,fs1-3016a20fd3ad,,,,,,,,
E016::kokrajhar,E016,2015-0317-IND,2015-07-15,Assam,Kokrajhar,district,FAO/GAUL/2015/level2,matched,70090.0,3329.2233881813268,fs1-3016a20fd3ad,,,,,,,,
E016::lakhimpur,E016,2015-0317-IND,2015-07-15,Assam,Lakhimpur,district,FAO/GAUL/2015/level2,matched,70091.0,2886.5239581816727,fs1-3016a20fd3ad,,,,,,,,
E016::morigaon,E016,2015-0317-IND,2015-07-15,Assam,Morigaon,district,geoBoundaries/gbOpen/IND/ADM2/2021@8bef6929fd65432e7dc775e7c44473e84efff064ebddbfd6b834e6291546db40,matched,76128533B17968019348564,1508.3262903435684,fs1-3016a20fd3ad,,2021.0,exact_or_spacing,Morigaon,False,https://www.geoboundaries.org/api/current/gbOpen/IND/ADM2/,"District identity matched; 2021 reference geometry, NOT event-year boundary equivalence. No parent substitution.",
E016::nagaon,E016,2015-0317-IND,2015-07-15,Assam,Nagaon,district,FAO/GAUL/2015/level2,matched,17589.0,3997.4423095607103,fs1-3016a20fd3ad,,,,,,,,
E016::nalbari,E016,2015-0317-IND,2015-07-15,Assam,Nalbari,district,FAO/GAUL/2015/level2,matched,17590.0,2339.8796955273547,fs1-3016a20fd3ad,,,,,,,,
E016::sonitpur,E016,2015-0317-IND,2015-07-15,Assam,Sonitpur,district,FAO/GAUL/2015/level2,matched,17593.0,4676.158375740257,fs1-3016a20fd3ad,,,,,,,,
E016::tinsukia,E016,2015-0317-IND,2015-07-15,Assam,Tinsukia,district,FAO/GAUL/2015/level2,matched,70093.0,3799.190193815676,fs1-3016a20fd3ad,,,,,,,,
E016::udalguri,E016,2015-0317-IND,2015-07-15,Assam,Udalguri,district,geoBoundaries/gbOpen/IND/ADM2/2021@8bef6929fd65432e7dc775e7c44473e84efff064ebddbfd6b834e6291546db40,matched,76128533B20307518801538,2056.2913712488325,fs1-3016a20fd3ad,,2021.0,exact_or_spacing,Udalguri,False,https://www.geoboundaries.org/api/current/gbOpen/IND/ADM2/,"District identity matched; 2021 reference geometry, NOT event-year boundary equivalence. No parent substitution.",
E017::banaskantha,E017,2015-0317-IND,2015-07-15,Gujarat,Banaskantha,district,FAO/GAUL/2015/level2,matched,17637.0,10638.731207971712,fs1-3016a20fd3ad,,,,,,,,
E017::kutch,E017,2015-0317-IND,2015-07-15,Gujarat,Kutch,district,geoBoundaries/gbOpen/IND/ADM2/2021@8bef6929fd65432e7dc775e7c44473e84efff064ebddbfd6b834e6291546db40,matched,76128533B91881382098572,42739.022712293714,fs1-3016a20fd3ad,,2021.0,census_label_alias,Kachchh,False,https://censusindia.gov.in/nada/index.php/catalog/42557,"District identity matched; 2021 reference geometry, NOT event-year boundary equivalence. No parent substitution.",
E017::patan,E017,2015-0317-IND,2015-07-15,Gujarat,Patan,district,FAO/GAUL/2015/level2,matched,70129.0,6017.262722245363,fs1-3016a20fd3ad,,,,,,,,
E019::bishnupur,E019,2015-0317-IND,2015-07-15,Manipur,Bishnupur,district,FAO/GAUL/2015/level2,matched,70188.0,481.84963420103696,fs1-3016a20fd3ad,,,,,,,,
E019::chandel,E019,2015-0317-IND,2015-07-15,Manipur,Chandel,district,FAO/GAUL/2015/level2,matched,70189.0,3203.022279023179,fs1-3016a20fd3ad,,,,,,,,
E019::churachandpur,E019,2015-0317-IND,2015-07-15,Manipur,Churachandpur,district,FAO/GAUL/2015/level2,matched,70190.0,4763.149584333486,fs1-3016a20fd3ad,,,,,,,,
E019::jiribam,E019,2015-0317-IND,2015-07-15,Manipur,Jiribam,district,geoBoundaries/gbOpen/IND/ADM2/2021@8bef6929fd65432e7dc775e7c44473e84efff064ebddbfd6b834e6291546db40,matched,76128533B64881202564500,146.20809022147196,fs1-3016a20fd3ad,,2021.0,exact_or_spacing,Jiribam,False,https://www.geoboundaries.org/api/current/gbOpen/IND/ADM2/,"District identity matched; 2021 reference geometry, NOT event-year boundary equivalence. No parent substitution.",
E019::thoubal,E019,2015-0317-IND,2015-07-15,Manipur,Thoubal,district,FAO/GAUL/2015/level2,matched,70194.0,715.5847965133187,fs1-3016a20fd3ad,,,,,,,,
E019::ukhrul,E019,2015-0317-IND,2015-07-15,Manipur,Ukhrul,district,FAO/GAUL/2015/level2,matched,70195.0,4426.124966872591,fs1-3016a20fd3ad,,,,,,,,
E020::balasore,E020,2015-0317-IND,2015-07-15,Odisha,Balasore,district,geoBoundaries/gbOpen/IND/ADM2/2021@8bef6929fd65432e7dc775e7c44473e84efff064ebddbfd6b834e6291546db40,matched,76128533B81147724102706,3677.371422806349,fs1-3016a20fd3ad,,2021.0,census_label_alias,Baleshwar,False,https://censusindia.gov.in/nada/index.php/catalog/42557,"District identity matched; 2021 reference geometry, NOT event-year boundary equivalence. No parent substitution.",
E020::bhadrak,E020,2015-0317-IND,2015-07-15,Odisha,Bhadrak,district,FAO/GAUL/2015/level2,matched,70209.0,2454.2507276454426,fs1-3016a20fd3ad,,,,,,,,
E020::deogarh,E020,2015-0317-IND,2015-07-15,Odisha,Deogarh,district,FAO/GAUL/2015/level2,matched,70212.0,2821.6464871491025,fs1-3016a20fd3ad,,,,,,,,
E020::jajpur,E020,2015-0317-IND,2015-07-15,Odisha,Jajpur,district,FAO/GAUL/2015/level2,matched,70215.0,2911.772767533447,fs1-3016a20fd3ad,,,,,,,,
E020::jharsuguda,E020,2015-0317-IND,2015-07-15,Odisha,Jharsuguda,district,FAO/GAUL/2015/level2,matched,70216.0,2125.859964241697,fs1-3016a20fd3ad,,,,,,,,
E020::keonjhar,E020,2015-0317-IND,2015-07-15,Odisha,Keonjhar,district,FAO/GAUL/2015/level2,matched,17813.0,8345.992035086878,fs1-3016a20fd3ad,,,,,,,,
E020::mayurbhanj,E020,2015-0317-IND,2015-07-15,Odisha,Mayurbhanj,district,FAO/GAUL/2015/level2,matched,17816.0,10478.47816152713,fs1-3016a20fd3ad,,,,,,,,
E021::baran,E021,2015-0317-IND,2015-07-15,Rajasthan,Baran,district,FAO/GAUL/2015/level2,matched,70236.0,6837.623843421029,fs1-3016a20fd3ad,,,,,,,,
E021::barmer,E021,2015-0317-IND,2015-07-15,Rajasthan,Barmer,district,FAO/GAUL/2015/level2,matched,17837.0,28422.68727445841,fs1-3016a20fd3ad,,,,,,,,
E021::dungarpur,E021,2015-0317-IND,2015-07-15,Rajasthan,Dungarpur,district,FAO/GAUL/2015/level2,matched,17845.0,3785.079096662621,fs1-3016a20fd3ad,,,,,,,,
E021::jalore,E021,2015-0317-IND,2015-07-15,Rajasthan,Jalore,district,geoBoundaries/gbOpen/IND/ADM2/2021@8bef6929fd65432e7dc775e7c44473e84efff064ebddbfd6b834e6291546db40,matched,76128533B59459156188335,10759.887698144588,fs1-3016a20fd3ad,,2021.0,census_label_alias,Jalor,False,https://censusindia.gov.in/nada/index.php/catalog/42557,"District identity matched; 2021 reference geometry, NOT event-year boundary equivalence. No parent substitution.",
E021::jhalawar,E021,2015-0317-IND,2015-07-15,Rajasthan,Jhalawar,district,FAO/GAUL/2015/level2,matched,17850.0,6261.78152754128,fs1-3016a20fd3ad,,,,,,,,
E021::sirohi,E021,2015-0317-IND,2015-07-15,Rajasthan,Sirohi,district,FAO/GAUL/2015/level2,matched,17858.0,5146.300422974388,fs1-3016a20fd3ad,,,,,,,,
E022::alipurduar,E022,2015-0317-IND,2015-07-15,West Bengal,Alipurduar,district,geoBoundaries/gbOpen/IND/ADM2/2021@8bef6929fd65432e7dc775e7c44473e84efff064ebddbfd6b834e6291546db40,matched,76128533B23858286755005,2805.571892812931,fs1-3016a20fd3ad,,2021.0,exact_or_spacing,Alipurduar,False,https://www.geoboundaries.org/api/current/gbOpen/IND/ADM2/,"District identity matched; 2021 reference geometry, NOT event-year boundary equivalence. No parent substitution.",
E022::jalpaiguri,E022,2015-0317-IND,2015-07-15,West Bengal,Jalpaiguri,district,FAO/GAUL/2015/level2,matched,17951.0,6200.341009430311,fs1-3016a20fd3ad,,,,,,,,
E022::malda,E022,2015-0317-IND,2015-07-15,West Bengal,Malda,district,geoBoundaries/gbOpen/IND/ADM2/2021@8bef6929fd65432e7dc775e7c44473e84efff064ebddbfd6b834e6291546db40,matched,76128533B36734405131975,3569.571917709693,fs1-3016a20fd3ad,,2021.0,census_label_alias,Maldah,False,https://censusindia.gov.in/nada/index.php/catalog/42557,"District identity matched; 2021 reference geometry, NOT event-year boundary equivalence. No parent substitution.",
E023::baksa,E023,2015-0374-IND,2015-08-13,Assam,Baksa,district,geoBoundaries/gbOpen/IND/ADM2/2021@8bef6929fd65432e7dc775e7c44473e84efff064ebddbfd6b834e6291546db40,matched,76128533B8221925175605,2398.6209171216647,fs1-3016a20fd3ad,,2021.0,exact_or_spacing,Baksa,False,https://www.geoboundaries.org/api/current/gbOpen/IND/ADM2/,"District identity matched; 2021 reference geometry, NOT event-year boundary equivalence. No parent substitution.",
E023::barpeta,E023,2015-0374-IND,2015-08-13,Assam,Barpeta,district,FAO/GAUL/2015/level2,matched,17576.0,3253.622989828742,fs1-3016a20fd3ad,,,,,,,,
E023::bongaigaon,E023,2015-0374-IND,2015-08-13,Assam,Bongaigaon,district,FAO/GAUL/2015/level2,matched,70086.0,2332.582799042809,fs1-3016a20fd3ad,,,,,,,,
E023::cachar,E023,2015-0374-IND,2015-08-13,Assam,Cachar,district,FAO/GAUL/2015/level2,matched,17577.0,3806.329961738336,fs1-3016a20fd3ad,,,,,,,,
E023::darrang,E023,2015-0374-IND,2015-08-13,Assam,Darrang,district,FAO/GAUL/2015/level2,matched,17578.0,3426.9679336953163,fs1-3016a20fd3ad,,,,,,,,
E023::dhemaji,E023,2015-0374-IND,2015-08-13,Assam,Dhemaji,district,FAO/GAUL/2015/level2,matched,70087.0,2503.3476339074205,fs1-3016a20fd3ad,,,,,,,,
E023::dibrugarh,E023,2015-0374-IND,2015-08-13,Assam,Dibrugarh,district,FAO/GAUL/2015/level2,matched,17580.0,3397.4818067287138,fs1-3016a20fd3ad,,,,,,,,
E023::goalpara,E023,2015-0374-IND,2015-08-13,Assam,Goalpara,district,FAO/GAUL/2015/level2,matched,17581.0,1904.60564716237,fs1-3016a20fd3ad,,,,,,,,
E023::jorhat,E023,2015-0374-IND,2015-08-13,Assam,Jorhat,district,FAO/GAUL/2015/level2,matched,70089.0,2842.716884638612,fs1-3016a20fd3ad,,,,,,,,
E023::kamrup,E023,2015-0374-IND,2015-08-13,Assam,Kamrup,district,FAO/GAUL/2015/level2,matched,17583.0,4348.6225796054405,fs1-3016a20fd3ad,,,,,,,,
E023::kokrajhar,E023,2015-0374-IND,2015-08-13,Assam,Kokrajhar,district,FAO/GAUL/2015/level2,matched,70090.0,3329.2233881813268,fs1-3016a20fd3ad,,,,,,,,
E023::lakhimpur,E023,2015-0374-IND,2015-08-13,Assam,Lakhimpur,district,FAO/GAUL/2015/level2,matched,70091.0,2886.5239581816727,fs1-3016a20fd3ad,,,,,,,,
E023::morigaon,E023,2015-0374-IND,2015-08-13,Assam,Morigaon,district,geoBoundaries/gbOpen/IND/ADM2/2021@8bef6929fd65432e7dc775e7c44473e84efff064ebddbfd6b834e6291546db40,matched,76128533B17968019348564,1508.3262903435707,fs1-3016a20fd3ad,,2021.0,exact_or_spacing,Morigaon,False,https://www.geoboundaries.org/api/current/gbOpen/IND/ADM2/,"District identity matched; 2021 reference geometry, NOT event-year boundary equivalence. No parent substitution.",
E023::nagaon,E023,2015-0374-IND,2015-08-13,Assam,Nagaon,district,FAO/GAUL/2015/level2,matched,17589.0,3997.4423095607103,fs1-3016a20fd3ad,,,,,,,,
E023::nalbari,E023,2015-0374-IND,2015-08-13,Assam,Nalbari,district,FAO/GAUL/2015/level2,matched,17590.0,2339.8796955273547,fs1-3016a20fd3ad,,,,,,,,
E023::sonitpur,E023,2015-0374-IND,2015-08-13,Assam,Sonitpur,district,FAO/GAUL/2015/level2,matched,17593.0,4676.158375740257,fs1-3016a20fd3ad,,,,,,,,
E023::tinsukia,E023,2015-0374-IND,2015-08-13,Assam,Tinsukia,district,FAO/GAUL/2015/level2,matched,70093.0,3799.190193815676,fs1-3016a20fd3ad,,,,,,,,
E023::udalguri,E023,2015-0374-IND,2015-08-13,Assam,Udalguri,district,geoBoundaries/gbOpen/IND/ADM2/2021@8bef6929fd65432e7dc775e7c44473e84efff064ebddbfd6b834e6291546db40,matched,76128533B20307518801538,2056.2913712488385,fs1-3016a20fd3ad,,2021.0,exact_or_spacing,Udalguri,False,https://www.geoboundaries.org/api/current/gbOpen/IND/ADM2/,"District identity matched; 2021 reference geometry, NOT event-year boundary equivalence. No parent substitution.",
E024::barpeta,E024,2015-0406-IND,2015-08-28,Assam,Barpeta,district,FAO/GAUL/2015/level2,matched,17576.0,3253.622989828742,fs1-3016a20fd3ad,,,,,,,,
E024::bongaigaon,E024,2015-0406-IND,2015-08-28,Assam,Bongaigaon,district,FAO/GAUL/2015/level2,matched,70086.0,2332.582799042809,fs1-3016a20fd3ad,,,,,,,,
E024::cachar,E024,2015-0406-IND,2015-08-28,Assam,Cachar,district,FAO/GAUL/2015/level2,matched,17577.0,3806.329961738336,fs1-3016a20fd3ad,,,,,,,,
E024::darrang,E024,2015-0406-IND,2015-08-28,Assam,Darrang,district,FAO/GAUL/2015/level2,matched,17578.0,3426.9679336953163,fs1-3016a20fd3ad,,,,,,,,
E024::dhemaji,E024,2015-0406-IND,2015-08-28,Assam,Dhemaji,district,FAO/GAUL/2015/level2,matched,70087.0,2503.3476339074205,fs1-3016a20fd3ad,,,,,,,,
E024::dibrugarh,E024,2015-0406-IND,2015-08-28,Assam,Dibrugarh,district,FAO/GAUL/2015/level2,matched,17580.0,3397.4818067287138,fs1-3016a20fd3ad,,,,,,,,
E024::goalpara,E024,2015-0406-IND,2015-08-28,Assam,Goalpara,district,FAO/GAUL/2015/level2,matched,17581.0,1904.60564716237,fs1-3016a20fd3ad,,,,,,,,
E024::jorhat,E024,2015-0406-IND,2015-08-28,Assam,Jorhat,district,FAO/GAUL/2015/level2,matched,70089.0,2842.716884638612,fs1-3016a20fd3ad,,,,,,,,
E024::kamrup,E024,2015-0406-IND,2015-08-28,Assam,Kamrup,district,FAO/GAUL/2015/level2,matched,17583.0,4348.6225796054405,fs1-3016a20fd3ad,,,,,,,,
E024::kokrajhar,E024,2015-0406-IND,2015-08-28,Assam,Kokrajhar,district,FAO/GAUL/2015/level2,matched,70090.0,3329.2233881813268,fs1-3016a20fd3ad,,,,,,,,
E024::lakhimpur,E024,2015-0406-IND,2015-08-28,Assam,Lakhimpur,district,FAO/GAUL/2015/level2,matched,70091.0,2886.5239581816727,fs1-3016a20fd3ad,,,,,,,,
E024::morigaon,E024,2015-0406-IND,2015-08-28,Assam,Morigaon,district,geoBoundaries/gbOpen/IND/ADM2/2021@8bef6929fd65432e7dc775e7c44473e84efff064ebddbfd6b834e6291546db40,matched,76128533B17968019348564,1508.3262903435684,fs1-3016a20fd3ad,,2021.0,exact_or_spacing,Morigaon,False,https://www.geoboundaries.org/api/current/gbOpen/IND/ADM2/,"District identity matched; 2021 reference geometry, NOT event-year boundary equivalence. No parent substitution.",
E024::nalbari,E024,2015-0406-IND,2015-08-28,Assam,Nalbari,district,FAO/GAUL/2015/level2,matched,17590.0,2339.8796955273547,fs1-3016a20fd3ad,,,,,,,,
E024::sivasagar,E024,2015-0406-IND,2015-08-28,Assam,Sivasagar,district,geoBoundaries/gbOpen/IND/ADM2/2021@8bef6929fd65432e7dc775e7c44473e84efff064ebddbfd6b834e6291546db40,matched,76128533B21722277889516,1526.651765771626,fs1-3016a20fd3ad,,2021.0,exact_or_spacing,Sivasagar,False,https://www.geoboundaries.org/api/current/gbOpen/IND/ADM2/,"District identity matched; 2021 reference geometry, NOT event-year boundary equivalence. No parent substitution.",
E024::sonitpur,E024,2015-0406-IND,2015-08-28,Assam,Sonitpur,district,FAO/GAUL/2015/level2,matched,17593.0,4676.158375740257,fs1-3016a20fd3ad,,,,,,,,
E024::tinsukia,E024,2015-0406-IND,2015-08-28,Assam,Tinsukia,district,FAO/GAUL/2015/level2,matched,70093.0,3799.190193815676,fs1-3016a20fd3ad,,,,,,,,
E025::chittoor,E025,2015-0504-IND,2015-11-08,Andhra Pradesh,Chittoor,district,FAO/GAUL/2015/level2,matched,17549.0,15225.848296260026,fs1-3016a20fd3ad,,,,,,,,
E025::nellore,E025,2015-0504-IND,2015-11-08,Andhra Pradesh,Nellore,district,FAO/GAUL/2015/level2,matched,17561.0,13465.479193999116,fs1-3016a20fd3ad,,,,,,,,
E025::prakasam,E025,2015-0504-IND,2015-11-08,Andhra Pradesh,Prakasam,district,FAO/GAUL/2015/level2,matched,17563.0,17855.500293612782,fs1-3016a20fd3ad,,,,,,,,
E025::ysr%20kadapa,E025,2015-0504-IND,2015-11-08,Andhra Pradesh,YSR Kadapa,district,geoBoundaries/gbOpen/IND/ADM2/2021@8bef6929fd65432e7dc775e7c44473e84efff064ebddbfd6b834e6291546db40,matched,76128533B72109128179340,15070.574780835612,fs1-3016a20fd3ad,,2021.0,reviewed_alias,Kadapa(YSR),False,https://www.geoboundaries.org/api/current/gbOpen/IND/ADM2/,"District identity matched; 2021 reference geometry, NOT event-year boundary equivalence. No parent substitution.",
E026::puducherry,E026,2015-0504-IND,2015-11-08,Puducherry,Puducherry,district,FAO/GAUL/2015/level2,matched,70228.0,199.99944279980937,fs1-3016a20fd3ad,,,,,,,,
E027::chennai,E027,2015-0504-IND,2015-11-08,Tamil Nadu,Chennai,district,FAO/GAUL/2015/level2,matched,70242.0,196.6308822101988,fs1-3016a20fd3ad,,,,,,,,
E027::cuddalore,E027,2015-0504-IND,2015-11-08,Tamil Nadu,Cuddalore,district,FAO/GAUL/2015/level2,matched,70243.0,3834.148317022688,fs1-3016a20fd3ad,,,,,,,,
E027::kancheepuram,E027,2015-0504-IND,2015-11-08,Tamil Nadu,Kancheepuram,district,FAO/GAUL/2015/level2,matched,70244.0,4692.505223595422,fs1-3016a20fd3ad,,,,,,,,
E027::nagapattinam,E027,2015-0504-IND,2015-11-08,Tamil Nadu,Nagapattinam,district,FAO/GAUL/2015/level2,matched,70247.0,4937.704421608838,fs1-3016a20fd3ad,,,,,,,,
E027::thiruvallur,E027,2015-0504-IND,2015-11-08,Tamil Nadu,Thiruvallur,district,FAO/GAUL/2015/level2,matched,70251.0,3253.948176231063,fs1-3016a20fd3ad,,,,,,,,
E027::thiruvarur,E027,2015-0504-IND,2015-11-08,Tamil Nadu,Thiruvarur,district,geoBoundaries/gbOpen/IND/ADM2/2021@8bef6929fd65432e7dc775e7c44473e84efff064ebddbfd6b834e6291546db40,matched,76128533B45072089356239,2285.385478948947,fs1-3016a20fd3ad,,2021.0,exact_or_spacing,Thiruvarur,False,https://www.geoboundaries.org/api/current/gbOpen/IND/ADM2/,"District identity matched; 2021 reference geometry, NOT event-year boundary equivalence. No parent substitution.",
E027::viluppuram,E027,2015-0504-IND,2015-11-08,Tamil Nadu,Viluppuram,district,geoBoundaries/gbOpen/IND/ADM2/2021@8bef6929fd65432e7dc775e7c44473e84efff064ebddbfd6b834e6291546db40,matched,76128533B86430586962522,3991.6051885927886,fs1-3016a20fd3ad,,2021.0,exact_or_spacing,Viluppuram,False,https://www.geoboundaries.org/api/current/gbOpen/IND/ADM2/,"District identity matched; 2021 reference geometry, NOT event-year boundary equivalence. No parent substitution.",
E028::tawang,E028,2016-0139-IND,2016-04-22,Arunachal Pradesh,Tawang,district,geoBoundaries/gbOpen/IND/ADM2/2021@8bef6929fd65432e7dc775e7c44473e84efff064ebddbfd6b834e6291546db40,matched,76128533B18668117085772,2316.1238846718884,fs1-3016a20fd3ad,,2021.0,exact_or_spacing,Tawang,False,https://www.geoboundaries.org/api/current/gbOpen/IND/ADM2/,"District identity matched; 2021 reference geometry, NOT event-year boundary equivalence. No parent substitution.",
E029::barpeta,E029,2016-0139-IND,2016-04-22,Assam,Barpeta,district,FAO/GAUL/2015/level2,matched,17576.0,3253.622989828742,fs1-3016a20fd3ad,,,,,,,,
E029::bongaigaon,E029,2016-0139-IND,2016-04-22,Assam,Bongaigaon,district,FAO/GAUL/2015/level2,matched,70086.0,2332.582799042809,fs1-3016a20fd3ad,,,,,,,,
E029::dhemaji,E029,2016-0139-IND,2016-04-22,Assam,Dhemaji,district,FAO/GAUL/2015/level2,matched,70087.0,2503.3476339074205,fs1-3016a20fd3ad,,,,,,,,
E029::dhubri,E029,2016-0139-IND,2016-04-22,Assam,Dhubri,district,geoBoundaries/gbOpen/IND/ADM2/2021@8bef6929fd65432e7dc775e7c44473e84efff064ebddbfd6b834e6291546db40,matched,76128533B25835998628545,1790.280077462252,fs1-3016a20fd3ad,,2021.0,exact_or_spacing,Dhubri,False,https://www.geoboundaries.org/api/current/gbOpen/IND/ADM2/,"District identity matched; 2021 reference geometry, NOT event-year boundary equivalence. No parent substitution.",
E029::golaghat,E029,2016-0139-IND,2016-04-22,Assam,Golaghat,district,FAO/GAUL/2015/level2,matched,17582.0,3532.2679838886856,fs1-3016a20fd3ad,,,,,,,,
E029::jorhat,E029,2016-0139-IND,2016-04-22,Assam,Jorhat,district,FAO/GAUL/2015/level2,matched,70089.0,2842.716884638612,fs1-3016a20fd3ad,,,,,,,,
E029::lakhimpur,E029,2016-0139-IND,2016-04-22,Assam,Lakhimpur,district,FAO/GAUL/2015/level2,matched,70091.0,2886.5239581816727,fs1-3016a20fd3ad,,,,,,,,
E030::mokokchung,E030,2016-0139-IND,2016-04-22,Nagaland,Mokokchung,district,FAO/GAUL/2015/level2,matched,17802.0,1608.6120137611415,fs1-3016a20fd3ad,,,,,,,,
E030::mon,E030,2016-0139-IND,2016-04-22,Nagaland,Mon,district,FAO/GAUL/2015/level2,matched,17803.0,2130.495255244007,fs1-3016a20fd3ad,,,,,,,,
E031::namsai,E031,2016-0239-IND,2016-06-25,Arunachal Pradesh,Namsai,district,geoBoundaries/gbOpen/IND/ADM2/2021@8bef6929fd65432e7dc775e7c44473e84efff064ebddbfd6b834e6291546db40,matched,76128533B1875965515331,1281.1997378272174,fs1-3016a20fd3ad,,2021.0,exact_or_spacing,Namsai,False,https://www.geoboundaries.org/api/current/gbOpen/IND/ADM2/,"District identity matched; 2021 reference geometry, NOT event-year boundary equivalence. No parent substitution.",
E032::barpeta,E032,2016-0239-IND,2016-06-25,Assam,Barpeta,district,FAO/GAUL/2015/level2,matched,17576.0,3253.622989828742,fs1-3016a20fd3ad,,,,,,,,
E032::bongaigaon,E032,2016-0239-IND,2016-06-25,Assam,Bongaigaon,district,FAO/GAUL/2015/level2,matched,70086.0,2332.582799042809,fs1-3016a20fd3ad,,,,,,,,
E032::darrang,E032,2016-0239-IND,2016-06-25,Assam,Darrang,district,FAO/GAUL/2015/level2,matched,17578.0,3426.9679336953163,fs1-3016a20fd3ad,,,,,,,,
E032::dhemaji,E032,2016-0239-IND,2016-06-25,Assam,Dhemaji,district,FAO/GAUL/2015/level2,matched,70087.0,2503.3476339074205,fs1-3016a20fd3ad,,,,,,,,
E032::dhubri,E032,2016-0239-IND,2016-06-25,Assam,Dhubri,district,geoBoundaries/gbOpen/IND/ADM2/2021@8bef6929fd65432e7dc775e7c44473e84efff064ebddbfd6b834e6291546db40,matched,76128533B25835998628545,1790.2800774622651,fs1-3016a20fd3ad,,2021.0,exact_or_spacing,Dhubri,False,https://www.geoboundaries.org/api/current/gbOpen/IND/ADM2/,"District identity matched; 2021 reference geometry, NOT event-year boundary equivalence. No parent substitution.",
E032::goalpara,E032,2016-0239-IND,2016-06-25,Assam,Goalpara,district,FAO/GAUL/2015/level2,matched,17581.0,1904.60564716237,fs1-3016a20fd3ad,,,,,,,,
E032::golaghat,E032,2016-0239-IND,2016-06-25,Assam,Golaghat,district,FAO/GAUL/2015/level2,matched,17582.0,3532.2679838886856,fs1-3016a20fd3ad,,,,,,,,
E032::jorhat,E032,2016-0239-IND,2016-06-25,Assam,Jorhat,district,FAO/GAUL/2015/level2,matched,70089.0,2842.716884638612,fs1-3016a20fd3ad,,,,,,,,
E032::lakhimpur,E032,2016-0239-IND,2016-06-25,Assam,Lakhimpur,district,FAO/GAUL/2015/level2,matched,70091.0,2886.5239581816727,fs1-3016a20fd3ad,,,,,,,,
E032::morigaon,E032,2016-0239-IND,2016-06-25,Assam,Morigaon,district,geoBoundaries/gbOpen/IND/ADM2/2021@8bef6929fd65432e7dc775e7c44473e84efff064ebddbfd6b834e6291546db40,matched,76128533B17968019348564,1508.3262903435707,fs1-3016a20fd3ad,,2021.0,exact_or_spacing,Morigaon,False,https://www.geoboundaries.org/api/current/gbOpen/IND/ADM2/,"District identity matched; 2021 reference geometry, NOT event-year boundary equivalence. No parent substitution.",
E032::sonitpur,E032,2016-0239-IND,2016-06-25,Assam,Sonitpur,district,FAO/GAUL/2015/level2,matched,17593.0,4676.158375740257,fs1-3016a20fd3ad,,,,,,,,
E033::chamoli,E033,2016-0239-IND,2016-06-25,Uttarakhand,Chamoli,district,FAO/GAUL/2015/level2,matched,70282.0,7838.316284013912,fs1-3016a20fd3ad,,,,,,,,
E033::pithoragarh,E033,2016-0239-IND,2016-06-25,Uttarakhand,Pithoragarh,district,FAO/GAUL/2015/level2,matched,17932.0,7209.480621522472,fs1-3016a20fd3ad,,,,,,,,
E034::agar%20malwa,E034,2016-0276-IND,2016-07-09,Madhya Pradesh,Agar Malwa,district,geoBoundaries/gbOpen/IND/ADM2/2021@8bef6929fd65432e7dc775e7c44473e84efff064ebddbfd6b834e6291546db40,matched,76128533B29721759389119,2762.084548398019,fs1-3016a20fd3ad,,2021.0,reviewed_alias,Agar,False,https://www.geoboundaries.org/api/current/gbOpen/IND/ADM2/,"District identity matched; 2021 reference geometry, NOT event-year boundary equivalence. No parent substitution.",
E034::bhopal,E034,2016-0276-IND,2016-07-09,Madhya Pradesh,Bhopal,district,FAO/GAUL/2015/level2,matched,17716.0,2728.200542472355,fs1-3016a20fd3ad,,,,,,,,
E034::damoh,E034,2016-0276-IND,2016-07-09,Madhya Pradesh,Damoh,district,FAO/GAUL/2015/level2,matched,17720.0,7370.294062152793,fs1-3016a20fd3ad,,,,,,,,
E034::harda,E034,2016-0276-IND,2016-07-09,Madhya Pradesh,Harda,district,FAO/GAUL/2015/level2,matched,70173.0,3323.033941847883,fs1-3016a20fd3ad,,,,,,,,
E034::hoshangabad,E034,2016-0276-IND,2016-07-09,Madhya Pradesh,Hoshangabad,district,FAO/GAUL/2015/level2,matched,17728.0,6725.4630131948015,fs1-3016a20fd3ad,,,,,,,,
E034::jabalpur,E034,2016-0276-IND,2016-07-09,Madhya Pradesh,Jabalpur,district,FAO/GAUL/2015/level2,matched,17730.0,4021.328036682537,fs1-3016a20fd3ad,,,,,,,,
E034::mandla,E034,2016-0276-IND,2016-07-09,Madhya Pradesh,Mandla,district,FAO/GAUL/2015/level2,matched,17732.0,6789.128068652252,fs1-3016a20fd3ad,,,,,,,,
E034::panna,E034,2016-0276-IND,2016-07-09,Madhya Pradesh,Panna,district,FAO/GAUL/2015/level2,matched,17736.0,7129.189669540547,fs1-3016a20fd3ad,,,,,,,,
E034::raisen,E034,2016-0276-IND,2016-07-09,Madhya Pradesh,Raisen,district,FAO/GAUL/2015/level2,matched,17739.0,8515.574877211904,fs1-3016a20fd3ad,,,,,,,,
E034::rewa,E034,2016-0276-IND,2016-07-09,Madhya Pradesh,Rewa,district,FAO/GAUL/2015/level2,matched,17743.0,6327.703909411602,fs1-3016a20fd3ad,,,,,,,,
E034::sagar,E034,2016-0276-IND,2016-07-09,Madhya Pradesh,Sagar,district,FAO/GAUL/2015/level2,matched,17744.0,10275.828536821178,fs1-3016a20fd3ad,,,,,,,,
E034::satna,E034,2016-0276-IND,2016-07-09,Madhya Pradesh,Satna,district,FAO/GAUL/2015/level2,matched,17745.0,7518.918005922663,fs1-3016a20fd3ad,,,,,,,,
E034::sehore,E034,2016-0276-IND,2016-07-09,Madhya Pradesh,Sehore,district,FAO/GAUL/2015/level2,matched,17746.0,6579.04852795314,fs1-3016a20fd3ad,,,,,,,,
E034::seoni,E034,2016-0276-IND,2016-07-09,Madhya Pradesh,Seoni,district,FAO/GAUL/2015/level2,matched,17747.0,8779.066238181113,fs1-3016a20fd3ad,,,,,,,,
E034::shajapur,E034,2016-0276-IND,2016-07-09,Madhya Pradesh,Shajapur,district,FAO/GAUL/2015/level2,matched,17749.0,6306.521423633077,fs1-3016a20fd3ad,,,,,,,,
E034::tikamgarh,E034,2016-0276-IND,2016-07-09,Madhya Pradesh,Tikamgarh,district,FAO/GAUL/2015/level2,matched,17753.0,5076.989379004398,fs1-3016a20fd3ad,,,,,,,,
E034::vidisha,E034,2016-0276-IND,2016-07-09,Madhya Pradesh,Vidisha,district,FAO/GAUL/2015/level2,matched,17755.0,7319.58909257645,fs1-3016a20fd3ad,,,,,,,,
E035::araria,E035,2016-0271-IND,2016-07-15,Bihar,Araria,district,FAO/GAUL/2015/level2,matched,70094.0,2825.348194194397,fs1-3016a20fd3ad,,,,,,,,
E035::bhagalpur,E035,2016-0271-IND,2016-07-15,Bihar,Bhagalpur,district,FAO/GAUL/2015/level2,matched,17596.0,2565.58862494004,fs1-3016a20fd3ad,,,,,,,,
E035::darbhanga,E035,2016-0271-IND,2016-07-15,Bihar,Darbhanga,district,FAO/GAUL/2015/level2,matched,17598.0,2293.727225126986,fs1-3016a20fd3ad,,,,,,,,
E035::gopalganj,E035,2016-0271-IND,2016-07-15,Bihar,Gopalganj,district,FAO/GAUL/2015/level2,matched,17604.0,2044.660708589624,fs1-3016a20fd3ad,,,,,,,,
E035::katihar,E035,2016-0271-IND,2016-07-15,Bihar,Katihar,district,FAO/GAUL/2015/level2,matched,17608.0,3068.3721590224136,fs1-3016a20fd3ad,,,,,,,,
E035::khagaria,E035,2016-0271-IND,2016-07-15,Bihar,Khagaria,district,FAO/GAUL/2015/level2,matched,17609.0,1494.410012910706,fs1-3016a20fd3ad,,,,,,,,
E035::kishanganj,E035,2016-0271-IND,2016-07-15,Bihar,Kishanganj,district,FAO/GAUL/2015/level2,matched,70100.0,1932.7539351616576,fs1-3016a20fd3ad,,,,,,,,
E035::madhepura,E035,2016-0271-IND,2016-07-15,Bihar,Madhepura,district,FAO/GAUL/2015/level2,matched,17612.0,1841.8576584602,fs1-3016a20fd3ad,,,,,,,,
E035::muzaffarpur,E035,2016-0271-IND,2016-07-15,Bihar,Muzaffarpur,district,FAO/GAUL/2015/level2,matched,17613.0,3192.441978127565,fs1-3016a20fd3ad,,,,,,,,
E035::purnea,E035,2016-0271-IND,2016-07-15,Bihar,Purnea,district,geoBoundaries/gbOpen/IND/ADM2/2021@8bef6929fd65432e7dc775e7c44473e84efff064ebddbfd6b834e6291546db40,matched,76128533B32499449492865,3170.4644351487336,fs1-3016a20fd3ad,,2021.0,census_label_alias,Purnia,False,https://censusindia.gov.in/nada/index.php/catalog/42557,"District identity matched; 2021 reference geometry, NOT event-year boundary equivalence. No parent substitution.",
E035::saharsa,E035,2016-0271-IND,2016-07-15,Bihar,Saharsa,district,FAO/GAUL/2015/level2,matched,17624.0,1692.2702412487936,fs1-3016a20fd3ad,,,,,,,,
E035::supaul,E035,2016-0271-IND,2016-07-15,Bihar,Supaul,district,FAO/GAUL/2015/level2,matched,70104.0,2399.2927702222696,fs1-3016a20fd3ad,,,,,,,,
E036::bahraich,E036,2016-0271-IND,2016-07-15,Uttar Pradesh,Bahraich,district,FAO/GAUL/2015/level2,matched,17893.0,3705.0099637131552,fs1-3016a20fd3ad,,,,,,,,
E036::ballia,E036,2016-0271-IND,2016-07-15,Uttar Pradesh,Ballia,district,FAO/GAUL/2015/level2,matched,17894.0,3013.8054759791835,fs1-3016a20fd3ad,,,,,,,,
E036::banda,E036,2016-0271-IND,2016-07-15,Uttar Pradesh,Banda,district,FAO/GAUL/2015/level2,matched,17895.0,4528.7470438726,fs1-3016a20fd3ad,,,,,,,,
E036::barabanki,E036,2016-0271-IND,2016-07-15,Uttar Pradesh,Barabanki,district,FAO/GAUL/2015/level2,matched,17896.0,4440.0005417469865,fs1-3016a20fd3ad,,,,,,,,
E036::basti,E036,2016-0271-IND,2016-07-15,Uttar Pradesh,Basti,district,FAO/GAUL/2015/level2,matched,17898.0,2522.0744554746907,fs1-3016a20fd3ad,,,,,,,,
E036::ghazipur,E036,2016-0271-IND,2016-07-15,Uttar Pradesh,Ghazipur,district,FAO/GAUL/2015/level2,matched,17912.0,3392.663587484302,fs1-3016a20fd3ad,,,,,,,,
E036::jalaun,E036,2016-0271-IND,2016-07-15,Uttar Pradesh,Jalaun,district,FAO/GAUL/2015/level2,matched,17917.0,4572.286607377707,fs1-3016a20fd3ad,,,,,,,,
E036::kushinagar,E036,2016-0271-IND,2016-07-15,Uttar Pradesh,Kushinagar,district,FAO/GAUL/2015/level2,matched,70271.0,2893.16087554316,fs1-3016a20fd3ad,,,,,,,,
E036::lakhimpur%20kheri,E036,2016-0271-IND,2016-07-15,Uttar Pradesh,Lakhimpur Kheri,district,FAO/GAUL/2015/level2,matched,17921.0,7708.742992388735,fs1-3016a20fd3ad,,,,,,,,
E036::mirzapur,E036,2016-0271-IND,2016-07-15,Uttar Pradesh,Mirzapur,district,FAO/GAUL/2015/level2,matched,17927.0,4526.889753258701,fs1-3016a20fd3ad,,,,,,,,
E036::pilibhit,E036,2016-0271-IND,2016-07-15,Uttar Pradesh,Pilibhit,district,FAO/GAUL/2015/level2,matched,17931.0,3594.1579683602813,fs1-3016a20fd3ad,,,,,,,,
E036::prayagraj,E036,2016-0271-IND,2016-07-15,Uttar Pradesh,Prayagraj,district,geoBoundaries/gbOpen/IND/ADM2/2021@8bef6929fd65432e7dc775e7c44473e84efff064ebddbfd6b834e6291546db40,matched,76128533B51368558457506,5474.710258122264,fs1-3016a20fd3ad,,2021.0,reviewed_alias,Allahabad,False,https://prayagraj.nic.in/history/,"District identity matched; 2021 reference geometry, NOT event-year boundary equivalence. No parent substitution.",
E036::siddharthnagar,E036,2016-0271-IND,2016-07-15,Uttar Pradesh,Siddharthnagar,district,FAO/GAUL/2015/level2,matched,70278.0,3492.6137371813147,fs1-3016a20fd3ad,,,,,,,,
E036::varanasi,E036,2016-0271-IND,2016-07-15,Uttar Pradesh,Varanasi,district,FAO/GAUL/2015/level2,matched,17943.0,1554.288127138641,fs1-3016a20fd3ad,,,,,,,,
E037::golaghat,E037,2016-0554-IND,2016-07-17,Assam,Golaghat,district,FAO/GAUL/2015/level2,matched,17582.0,3532.2679838886856,fs1-3016a20fd3ad,,,,,,,,
E037::jorhat,E037,2016-0554-IND,2016-07-17,Assam,Jorhat,district,FAO/GAUL/2015/level2,matched,70089.0,2842.716884638612,fs1-3016a20fd3ad,,,,,,,,
E038::barpeta,E038,2016-0267-IND,2016-07-28,Assam,Barpeta,district,FAO/GAUL/2015/level2,matched,17576.0,3253.622989828742,fs1-3016a20fd3ad,,,,,,,,
E038::bongaigaon,E038,2016-0267-IND,2016-07-28,Assam,Bongaigaon,district,FAO/GAUL/2015/level2,matched,70086.0,2332.582799042809,fs1-3016a20fd3ad,,,,,,,,
E038::darrang,E038,2016-0267-IND,2016-07-28,Assam,Darrang,district,FAO/GAUL/2015/level2,matched,17578.0,3426.9679336953163,fs1-3016a20fd3ad,,,,,,,,
E038::dhubri,E038,2016-0267-IND,2016-07-28,Assam,Dhubri,district,geoBoundaries/gbOpen/IND/ADM2/2021@8bef6929fd65432e7dc775e7c44473e84efff064ebddbfd6b834e6291546db40,matched,76128533B25835998628545,1790.280077462252,fs1-3016a20fd3ad,,2021.0,exact_or_spacing,Dhubri,False,https://www.geoboundaries.org/api/current/gbOpen/IND/ADM2/,"District identity matched; 2021 reference geometry, NOT event-year boundary equivalence. No parent substitution.",
E038::goalpara,E038,2016-0267-IND,2016-07-28,Assam,Goalpara,district,FAO/GAUL/2015/level2,matched,17581.0,1904.60564716237,fs1-3016a20fd3ad,,,,,,,,
E038::golaghat,E038,2016-0267-IND,2016-07-28,Assam,Golaghat,district,FAO/GAUL/2015/level2,matched,17582.0,3532.2679838886856,fs1-3016a20fd3ad,,,,,,,,
E038::jorhat,E038,2016-0267-IND,2016-07-28,Assam,Jorhat,district,FAO/GAUL/2015/level2,matched,70089.0,2842.716884638612,fs1-3016a20fd3ad,,,,,,,,
E038::lakhimpur,E038,2016-0267-IND,2016-07-28,Assam,Lakhimpur,district,FAO/GAUL/2015/level2,matched,70091.0,2886.5239581816727,fs1-3016a20fd3ad,,,,,,,,
E038::morigaon,E038,2016-0267-IND,2016-07-28,Assam,Morigaon,district,geoBoundaries/gbOpen/IND/ADM2/2021@8bef6929fd65432e7dc775e7c44473e84efff064ebddbfd6b834e6291546db40,matched,76128533B17968019348564,1508.3262903435707,fs1-3016a20fd3ad,,2021.0,exact_or_spacing,Morigaon,False,https://www.geoboundaries.org/api/current/gbOpen/IND/ADM2/,"District identity matched; 2021 reference geometry, NOT event-year boundary equivalence. No parent substitution.",
E038::nalbari,E038,2016-0267-IND,2016-07-28,Assam,Nalbari,district,FAO/GAUL/2015/level2,matched,17590.0,2339.8796955273547,fs1-3016a20fd3ad,,,,,,,,
E039::chhota%20udaipur,E039,2016-0304-IND,2016-08-01,Gujarat,Chhota Udaipur,district,geoBoundaries/gbOpen/IND/ADM2/2021@8bef6929fd65432e7dc775e7c44473e84efff064ebddbfd6b834e6291546db40,matched,76128533B69417260894674,3474.27393700534,fs1-3016a20fd3ad,,2021.0,exact_or_spacing,Chhota Udaipur,False,https://www.geoboundaries.org/api/current/gbOpen/IND/ADM2/,"District identity matched; 2021 reference geometry, NOT event-year boundary equivalence. No parent substitution.",
E039::navsari,E039,2016-0304-IND,2016-08-01,Gujarat,Navsari,district,FAO/GAUL/2015/level2,matched,70127.0,2097.600482441035,fs1-3016a20fd3ad,,,,,,,,
E039::surat,E039,2016-0304-IND,2016-08-01,Gujarat,Surat,district,FAO/GAUL/2015/level2,matched,17649.0,7486.82173633887,fs1-3016a20fd3ad,,,,,,,,
E039::tapi,E039,2016-0304-IND,2016-08-01,Gujarat,Tapi,district,geoBoundaries/gbOpen/IND/ADM2/2021@8bef6929fd65432e7dc775e7c44473e84efff064ebddbfd6b834e6291546db40,matched,76128533B12519626815499,3222.218121399561,fs1-3016a20fd3ad,,2021.0,exact_or_spacing,Tapi,False,https://www.geoboundaries.org/api/current/gbOpen/IND/ADM2/,"District identity matched; 2021 reference geometry, NOT event-year boundary equivalence. No parent substitution.",
E039::vadodara,E039,2016-0304-IND,2016-08-01,Gujarat,Vadodara,district,FAO/GAUL/2015/level2,matched,17652.0,7758.226506800483,fs1-3016a20fd3ad,,,,,,,,
E039::valsad,E039,2016-0304-IND,2016-08-01,Gujarat,Valsad,district,FAO/GAUL/2015/level2,matched,17653.0,3025.875446392478,fs1-3016a20fd3ad,,,,,,,,
E040::kolhapur,E040,2016-0304-IND,2016-08-01,Maharashtra,Kolhapur,district,FAO/GAUL/2015/level2,matched,17769.0,7680.572392490604,fs1-3016a20fd3ad,,,,,,,,
E040::nashik,E040,2016-0304-IND,2016-08-01,Maharashtra,Nashik,district,FAO/GAUL/2015/level2,matched,17773.0,15554.167322451072,fs1-3016a20fd3ad,,,,,,,,
E040::palghar,E040,2016-0304-IND,2016-08-01,Maharashtra,Palghar,district,geoBoundaries/gbOpen/IND/ADM2/2021@8bef6929fd65432e7dc775e7c44473e84efff064ebddbfd6b834e6291546db40,matched,76128533B37148244536449,5355.281971404182,fs1-3016a20fd3ad,,2021.0,exact_or_spacing,Palghar,False,https://www.geoboundaries.org/api/current/gbOpen/IND/ADM2/,"District identity matched; 2021 reference geometry, NOT event-year boundary equivalence. No parent substitution.",
E040::pune,E040,2016-0304-IND,2016-08-01,Maharashtra,Pune,district,FAO/GAUL/2015/level2,matched,17776.0,15649.899791716924,fs1-3016a20fd3ad,,,,,,,,
E040::raigarh,E040,2016-0304-IND,2016-08-01,Maharashtra,Raigarh,district,FAO/GAUL/2015/level2,matched,17777.0,6912.842748779044,fs1-3016a20fd3ad,,,,,,,,
E040::ratnagiri,E040,2016-0304-IND,2016-08-01,Maharashtra,Ratnagiri,district,FAO/GAUL/2015/level2,matched,17778.0,8501.126377449938,fs1-3016a20fd3ad,,,,,,,,
E040::satara,E040,2016-0304-IND,2016-08-01,Maharashtra,Satara,district,FAO/GAUL/2015/level2,matched,17781.0,10502.605850168617,fs1-3016a20fd3ad,,,,,,,,
E040::thane,E040,2016-0304-IND,2016-08-01,Maharashtra,Thane,district,FAO/GAUL/2015/level2,matched,17783.0,9454.897228160951,fs1-3016a20fd3ad,,,,,,,,
E041::east%20godavari,E041,2016-0391-IND,2016-09-21,Andhra Pradesh,East Godavari,district,FAO/GAUL/2015/level2,matched,17551.0,10551.28549542384,fs1-3016a20fd3ad,,,,,,,,
E041::guntur,E041,2016-0391-IND,2016-09-21,Andhra Pradesh,Guntur,district,FAO/GAUL/2015/level2,matched,17552.0,11426.357332991543,fs1-3016a20fd3ad,,,,,,,,
E041::krishna,E041,2016-0391-IND,2016-09-21,Andhra Pradesh,Krishna,district,FAO/GAUL/2015/level2,matched,17556.0,8431.670297917331,fs1-3016a20fd3ad,,,,,,,,
E041::prakasam,E041,2016-0391-IND,2016-09-21,Andhra Pradesh,Prakasam,district,FAO/GAUL/2015/level2,matched,17563.0,17855.500293612782,fs1-3016a20fd3ad,,,,,,,,
E041::visakhapatnam,E041,2016-0391-IND,2016-09-21,Andhra Pradesh,Visakhapatnam,district,geoBoundaries/gbOpen/IND/ADM2/2021@8bef6929fd65432e7dc775e7c44473e84efff064ebddbfd6b834e6291546db40,matched,76128533B71485440235524,11393.738361166628,fs1-3016a20fd3ad,,2021.0,exact_or_spacing,Visakhapatnam,False,https://www.geoboundaries.org/api/current/gbOpen/IND/ADM2/,"District identity matched; 2021 reference geometry, NOT event-year boundary equivalence. No parent substitution.",
E042::hyderabad,E042,2016-0391-IND,2016-09-21,Telangana,Hyderabad,district,FAO/GAUL/2015/level2,matched,17553.0,178.60393182299086,fs1-3016a20fd3ad,,,,,,,,
E042::karimnagar,E042,2016-0391-IND,2016-09-21,Telangana,Karimnagar,district,FAO/GAUL/2015/level2,matched,17554.0,11937.519354832888,fs1-3016a20fd3ad,,,,,,,,
E042::medak,E042,2016-0391-IND,2016-09-21,Telangana,Medak,district,FAO/GAUL/2015/level2,matched,17559.0,9788.72634545968,fs1-3016a20fd3ad,,,,,,,,
E042::warangal,E042,2016-0391-IND,2016-09-21,Telangana,Warangal,district,FAO/GAUL/2015/level2,matched,17568.0,12850.090342090336,fs1-3016a20fd3ad,,,,,,,,
E044::banaskantha,E044,2017-0294-IND,2017-06-01,Gujarat,Banaskantha,district,FAO/GAUL/2015/level2,matched,17637.0,10638.731207971712,fs1-3016a20fd3ad,,,,,,,,
E044::navsari,E044,2017-0294-IND,2017-06-01,Gujarat,Navsari,district,FAO/GAUL/2015/level2,matched,70127.0,2097.600482441035,fs1-3016a20fd3ad,,,,,,,,
E044::patan,E044,2017-0294-IND,2017-06-01,Gujarat,Patan,district,FAO/GAUL/2015/level2,matched,70129.0,6017.262722245363,fs1-3016a20fd3ad,,,,,,,,
E044::sabarkantha,E044,2017-0294-IND,2017-06-01,Gujarat,Sabarkantha,district,FAO/GAUL/2015/level2,matched,17648.0,7457.412888463912,fs1-3016a20fd3ad,,,,,,,,
E044::surat,E044,2017-0294-IND,2017-06-01,Gujarat,Surat,district,FAO/GAUL/2015/level2,matched,17649.0,7486.82173633887,fs1-3016a20fd3ad,,,,,,,,
E044::valsad,E044,2017-0294-IND,2017-06-01,Gujarat,Valsad,district,FAO/GAUL/2015/level2,matched,17653.0,3025.875446392478,fs1-3016a20fd3ad,,,,,,,,
E045::barmer,E045,2017-0294-IND,2017-06-01,Rajasthan,Barmer,district,FAO/GAUL/2015/level2,matched,17837.0,28422.68727445841,fs1-3016a20fd3ad,,,,,,,,
E045::jalore,E045,2017-0294-IND,2017-06-01,Rajasthan,Jalore,district,geoBoundaries/gbOpen/IND/ADM2/2021@8bef6929fd65432e7dc775e7c44473e84efff064ebddbfd6b834e6291546db40,matched,76128533B59459156188335,10759.887698144885,fs1-3016a20fd3ad,,2021.0,census_label_alias,Jalor,False,https://censusindia.gov.in/nada/index.php/catalog/42557,"District identity matched; 2021 reference geometry, NOT event-year boundary equivalence. No parent substitution.",
E045::pali,E045,2017-0294-IND,2017-06-01,Rajasthan,Pali,district,FAO/GAUL/2015/level2,matched,17855.0,12347.51415570307,fs1-3016a20fd3ad,,,,,,,,
E045::sirohi,E045,2017-0294-IND,2017-06-01,Rajasthan,Sirohi,district,FAO/GAUL/2015/level2,matched,17858.0,5146.300422974388,fs1-3016a20fd3ad,,,,,,,,
E045::udaipur,E045,2017-0294-IND,2017-06-01,Rajasthan,Udaipur,district,FAO/GAUL/2015/level2,matched,17860.0,12740.346309887644,fs1-3016a20fd3ad,,,,,,,,
E046::kolkata,E046,2017-0294-IND,2017-06-01,West Bengal,Kolkata,district,FAO/GAUL/2015/level2,matched,70292.0,91.84529866788924,fs1-3016a20fd3ad,,,,,,,,
E047::barpeta,E047,2017-0180-IND,2017-06-04,Assam,Barpeta,district,FAO/GAUL/2015/level2,matched,17576.0,3253.622989828742,fs1-3016a20fd3ad,,,,,,,,
E047::biswanath,E047,2017-0180-IND,2017-06-04,Assam,Biswanath,district,geoBoundaries/gbOpen/IND/ADM2/2021@8bef6929fd65432e7dc775e7c44473e84efff064ebddbfd6b834e6291546db40,matched,76128533B40714385808093,1795.9804068303213,fs1-3016a20fd3ad,,2021.0,exact_or_spacing,Biswanath,False,https://www.geoboundaries.org/api/current/gbOpen/IND/ADM2/,"District identity matched; 2021 reference geometry, NOT event-year boundary equivalence. No parent substitution.",
E047::bongaigaon,E047,2017-0180-IND,2017-06-04,Assam,Bongaigaon,district,FAO/GAUL/2015/level2,matched,70086.0,2332.582799042809,fs1-3016a20fd3ad,,,,,,,,
E047::cachar,E047,2017-0180-IND,2017-06-04,Assam,Cachar,district,FAO/GAUL/2015/level2,matched,17577.0,3806.329961738336,fs1-3016a20fd3ad,,,,,,,,
E047::charaideo,E047,2017-0180-IND,2017-06-04,Assam,Charaideo,district,geoBoundaries/gbOpen/IND/ADM2/2021@8bef6929fd65432e7dc775e7c44473e84efff064ebddbfd6b834e6291546db40,matched,76128533B89228414823983,1051.501023918133,fs1-3016a20fd3ad,,2021.0,exact_or_spacing,Charaideo,False,https://www.geoboundaries.org/api/current/gbOpen/IND/ADM2/,"District identity matched; 2021 reference geometry, NOT event-year boundary equivalence. No parent substitution.",
E047::chirang,E047,2017-0180-IND,2017-06-04,Assam,Chirang,district,geoBoundaries/gbOpen/IND/ADM2/2021@8bef6929fd65432e7dc775e7c44473e84efff064ebddbfd6b834e6291546db40,matched,76128533B56012535339305,1586.6528982343095,fs1-3016a20fd3ad,,2021.0,exact_or_spacing,Chirang,False,https://www.geoboundaries.org/api/current/gbOpen/IND/ADM2/,"District identity matched; 2021 reference geometry, NOT event-year boundary equivalence. No parent substitution.",
E047::darrang,E047,2017-0180-IND,2017-06-04,Assam,Darrang,district,FAO/GAUL/2015/level2,matched,17578.0,3426.9679336953163,fs1-3016a20fd3ad,,,,,,,,
E047::dhemaji,E047,2017-0180-IND,2017-06-04,Assam,Dhemaji,district,FAO/GAUL/2015/level2,matched,70087.0,2503.3476339074205,fs1-3016a20fd3ad,,,,,,,,
E047::dhubri,E047,2017-0180-IND,2017-06-04,Assam,Dhubri,district,geoBoundaries/gbOpen/IND/ADM2/2021@8bef6929fd65432e7dc775e7c44473e84efff064ebddbfd6b834e6291546db40,matched,76128533B25835998628545,1790.280077462252,fs1-3016a20fd3ad,,2021.0,exact_or_spacing,Dhubri,False,https://www.geoboundaries.org/api/current/gbOpen/IND/ADM2/,"District identity matched; 2021 reference geometry, NOT event-year boundary equivalence. No parent substitution.",
E047::dibrugarh,E047,2017-0180-IND,2017-06-04,Assam,Dibrugarh,district,FAO/GAUL/2015/level2,matched,17580.0,3397.4818067287138,fs1-3016a20fd3ad,,,,,,,,
E047::goalpara,E047,2017-0180-IND,2017-06-04,Assam,Goalpara,district,FAO/GAUL/2015/level2,matched,17581.0,1904.60564716237,fs1-3016a20fd3ad,,,,,,,,
E047::golaghat,E047,2017-0180-IND,2017-06-04,Assam,Golaghat,district,FAO/GAUL/2015/level2,matched,17582.0,3532.2679838886856,fs1-3016a20fd3ad,,,,,,,,
E047::hailakandi,E047,2017-0180-IND,2017-06-04,Assam,Hailakandi,district,FAO/GAUL/2015/level2,matched,70088.0,1336.4605858584375,fs1-3016a20fd3ad,,,,,,,,
E047::hojai,E047,2017-0180-IND,2017-06-04,Assam,Hojai,district,geoBoundaries/gbOpen/IND/ADM2/2021@8bef6929fd65432e7dc775e7c44473e84efff064ebddbfd6b834e6291546db40,matched,76128533B70315194619807,1456.4677644954024,fs1-3016a20fd3ad,,2021.0,exact_or_spacing,Hojai,False,https://www.geoboundaries.org/api/current/gbOpen/IND/ADM2/,"District identity matched; 2021 reference geometry, NOT event-year boundary equivalence. No parent substitution.",
E047::jorhat,E047,2017-0180-IND,2017-06-04,Assam,Jorhat,district,FAO/GAUL/2015/level2,matched,70089.0,2842.716884638612,fs1-3016a20fd3ad,,,,,,,,
E047::kamrup,E047,2017-0180-IND,2017-06-04,Assam,Kamrup,district,FAO/GAUL/2015/level2,matched,17583.0,4348.6225796054405,fs1-3016a20fd3ad,,,,,,,,
E047::kamrup%20metropolitan,E047,2017-0180-IND,2017-06-04,Assam,Kamrup Metropolitan,district,geoBoundaries/gbOpen/IND/ADM2/2021@8bef6929fd65432e7dc775e7c44473e84efff064ebddbfd6b834e6291546db40,matched,76128533B38230828972906,1131.5412000860365,fs1-3016a20fd3ad,,2021.0,exact_or_spacing,Kamrup Metropolitan,False,https://www.geoboundaries.org/api/current/gbOpen/IND/ADM2/,"District identity matched; 2021 reference geometry, NOT event-year boundary equivalence. No parent substitution.",
E047::karbi%20anglong,E047,2017-0180-IND,2017-06-04,Assam,Karbi Anglong,district,FAO/GAUL/2015/level2,matched,17584.0,10446.406497647093,fs1-3016a20fd3ad,,,,,,,,
E047::karimganj,E047,2017-0180-IND,2017-06-04,Assam,Karimganj,district,FAO/GAUL/2015/level2,matched,17585.0,1856.722473230466,fs1-3016a20fd3ad,,,,,,,,
E047::kokrajhar,E047,2017-0180-IND,2017-06-04,Assam,Kokrajhar,district,FAO/GAUL/2015/level2,matched,70090.0,3329.2233881813268,fs1-3016a20fd3ad,,,,,,,,
E047::lakhimpur,E047,2017-0180-IND,2017-06-04,Assam,Lakhimpur,district,FAO/GAUL/2015/level2,matched,70091.0,2886.5239581816727,fs1-3016a20fd3ad,,,,,,,,
E047::majuli,E047,2017-0180-IND,2017-06-04,Assam,Majuli,district,geoBoundaries/gbOpen/IND/ADM2/2021@8bef6929fd65432e7dc775e7c44473e84efff064ebddbfd6b834e6291546db40,matched,76128533B15157901669242,1250.5943287676694,fs1-3016a20fd3ad,,2021.0,exact_or_spacing,Majuli,False,https://www.geoboundaries.org/api/current/gbOpen/IND/ADM2/,"District identity matched; 2021 reference geometry, NOT event-year boundary equivalence. No parent substitution.",
E047::morigaon,E047,2017-0180-IND,2017-06-04,Assam,Morigaon,district,geoBoundaries/gbOpen/IND/ADM2/2021@8bef6929fd65432e7dc775e7c44473e84efff064ebddbfd6b834e6291546db40,matched,76128533B17968019348564,1508.3262903435707,fs1-3016a20fd3ad,,2021.0,exact_or_spacing,Morigaon,False,https://www.geoboundaries.org/api/current/gbOpen/IND/ADM2/,"District identity matched; 2021 reference geometry, NOT event-year boundary equivalence. No parent substitution.",
E047::nagaon,E047,2017-0180-IND,2017-06-04,Assam,Nagaon,district,FAO/GAUL/2015/level2,matched,17589.0,3997.4423095607103,fs1-3016a20fd3ad,,,,,,,,
E047::nalbari,E047,2017-0180-IND,2017-06-04,Assam,Nalbari,district,FAO/GAUL/2015/level2,matched,17590.0,2339.8796955273547,fs1-3016a20fd3ad,,,,,,,,
E047::sivasagar,E047,2017-0180-IND,2017-06-04,Assam,Sivasagar,district,geoBoundaries/gbOpen/IND/ADM2/2021@8bef6929fd65432e7dc775e7c44473e84efff064ebddbfd6b834e6291546db40,matched,76128533B21722277889516,1526.651765771626,fs1-3016a20fd3ad,,2021.0,exact_or_spacing,Sivasagar,False,https://www.geoboundaries.org/api/current/gbOpen/IND/ADM2/,"District identity matched; 2021 reference geometry, NOT event-year boundary equivalence. No parent substitution.",
E047::sonitpur,E047,2017-0180-IND,2017-06-04,Assam,Sonitpur,district,FAO/GAUL/2015/level2,matched,17593.0,4676.158375740257,fs1-3016a20fd3ad,,,,,,,,
E047::south%20salmara,E047,2017-0180-IND,2017-06-04,Assam,South Salmara,district,geoBoundaries/gbOpen/IND/ADM2/2021@8bef6929fd65432e7dc775e7c44473e84efff064ebddbfd6b834e6291546db40,matched,76128533B20298037622173,719.1856651342704,fs1-3016a20fd3ad,,2021.0,reviewed_alias,South Salmara-Mankachar,False,https://www.geoboundaries.org/api/current/gbOpen/IND/ADM2/,"District identity matched; 2021 reference geometry, NOT event-year boundary equivalence. No parent substitution.",
E047::tinsukia,E047,2017-0180-IND,2017-06-04,Assam,Tinsukia,district,FAO/GAUL/2015/level2,matched,70093.0,3799.190193815676,fs1-3016a20fd3ad,,,,,,,,
E047::udalguri,E047,2017-0180-IND,2017-06-04,Assam,Udalguri,district,geoBoundaries/gbOpen/IND/ADM2/2021@8bef6929fd65432e7dc775e7c44473e84efff064ebddbfd6b834e6291546db40,matched,76128533B20307518801538,2056.2913712488385,fs1-3016a20fd3ad,,2021.0,exact_or_spacing,Udalguri,False,https://www.geoboundaries.org/api/current/gbOpen/IND/ADM2/,"District identity matched; 2021 reference geometry, NOT event-year boundary equivalence. No parent substitution.",
E048::giridih,E048,2017-0180-IND,2017-06-04,Jharkhand,Giridih,district,FAO/GAUL/2015/level2,matched,70144.0,5007.663691854737,fs1-3016a20fd3ad,,,,,,,,
E049::bishnupur,E049,2017-0180-IND,2017-06-04,Manipur,Bishnupur,district,FAO/GAUL/2015/level2,matched,70188.0,481.84963420103696,fs1-3016a20fd3ad,,,,,,,,
E049::imphal%20east,E049,2017-0180-IND,2017-06-04,Manipur,Imphal East,district,geoBoundaries/gbOpen/IND/ADM2/2021@8bef6929fd65432e7dc775e7c44473e84efff064ebddbfd6b834e6291546db40,matched,76128533B30779259886340,378.5544316172313,fs1-3016a20fd3ad,,2021.0,exact_or_spacing,Imphal East,False,https://www.geoboundaries.org/api/current/gbOpen/IND/ADM2/,"District identity matched; 2021 reference geometry, NOT event-year boundary equivalence. No parent substitution.",
E049::imphal%20west,E049,2017-0180-IND,2017-06-04,Manipur,Imphal West,district,geoBoundaries/gbOpen/IND/ADM2/2021@8bef6929fd65432e7dc775e7c44473e84efff064ebddbfd6b834e6291546db40,matched,76128533B99807650893733,504.9363985910239,fs1-3016a20fd3ad,,2021.0,exact_or_spacing,Imphal West,False,https://www.geoboundaries.org/api/current/gbOpen/IND/ADM2/,"District identity matched; 2021 reference geometry, NOT event-year boundary equivalence. No parent substitution.",
E049::thoubal,E049,2017-0180-IND,2017-06-04,Manipur,Thoubal,district,FAO/GAUL/2015/level2,matched,70194.0,715.5847965133187,fs1-3016a20fd3ad,,,,,,,,
E050::phek,E050,2017-0180-IND,2017-06-04,Nagaland,Phek,district,FAO/GAUL/2015/level2,matched,17804.0,1906.428763538232,fs1-3016a20fd3ad,,,,,,,,
E051::barpeta,E051,2017-0289-IND,2017-06-25,Assam,Barpeta,district,FAO/GAUL/2015/level2,matched,17576.0,3253.622989828742,fs1-3016a20fd3ad,,,,,,,,
E051::bongaigaon,E051,2017-0289-IND,2017-06-25,Assam,Bongaigaon,district,FAO/GAUL/2015/level2,matched,70086.0,2332.582799042809,fs1-3016a20fd3ad,,,,,,,,
E051::cachar,E051,2017-0289-IND,2017-06-25,Assam,Cachar,district,FAO/GAUL/2015/level2,matched,17577.0,3806.329961738336,fs1-3016a20fd3ad,,,,,,,,
E051::charaideo,E051,2017-0289-IND,2017-06-25,Assam,Charaideo,district,geoBoundaries/gbOpen/IND/ADM2/2021@8bef6929fd65432e7dc775e7c44473e84efff064ebddbfd6b834e6291546db40,matched,76128533B89228414823983,1051.5010239181354,fs1-3016a20fd3ad,,2021.0,exact_or_spacing,Charaideo,False,https://www.geoboundaries.org/api/current/gbOpen/IND/ADM2/,"District identity matched; 2021 reference geometry, NOT event-year boundary equivalence. No parent substitution.",
E051::chirang,E051,2017-0289-IND,2017-06-25,Assam,Chirang,district,geoBoundaries/gbOpen/IND/ADM2/2021@8bef6929fd65432e7dc775e7c44473e84efff064ebddbfd6b834e6291546db40,matched,76128533B56012535339305,1586.6528982343073,fs1-3016a20fd3ad,,2021.0,exact_or_spacing,Chirang,False,https://www.geoboundaries.org/api/current/gbOpen/IND/ADM2/,"District identity matched; 2021 reference geometry, NOT event-year boundary equivalence. No parent substitution.",
E051::darrang,E051,2017-0289-IND,2017-06-25,Assam,Darrang,district,FAO/GAUL/2015/level2,matched,17578.0,3426.9679336953163,fs1-3016a20fd3ad,,,,,,,,
E051::dhemaji,E051,2017-0289-IND,2017-06-25,Assam,Dhemaji,district,FAO/GAUL/2015/level2,matched,70087.0,2503.3476339074205,fs1-3016a20fd3ad,,,,,,,,
E051::dhubri,E051,2017-0289-IND,2017-06-25,Assam,Dhubri,district,geoBoundaries/gbOpen/IND/ADM2/2021@8bef6929fd65432e7dc775e7c44473e84efff064ebddbfd6b834e6291546db40,matched,76128533B25835998628545,1790.2800774622651,fs1-3016a20fd3ad,,2021.0,exact_or_spacing,Dhubri,False,https://www.geoboundaries.org/api/current/gbOpen/IND/ADM2/,"District identity matched; 2021 reference geometry, NOT event-year boundary equivalence. No parent substitution.",
E051::dibrugarh,E051,2017-0289-IND,2017-06-25,Assam,Dibrugarh,district,FAO/GAUL/2015/level2,matched,17580.0,3397.4818067287138,fs1-3016a20fd3ad,,,,,,,,
E051::goalpara,E051,2017-0289-IND,2017-06-25,Assam,Goalpara,district,FAO/GAUL/2015/level2,matched,17581.0,1904.60564716237,fs1-3016a20fd3ad,,,,,,,,
E051::golaghat,E051,2017-0289-IND,2017-06-25,Assam,Golaghat,district,FAO/GAUL/2015/level2,matched,17582.0,3532.2679838886856,fs1-3016a20fd3ad,,,,,,,,
E051::jorhat,E051,2017-0289-IND,2017-06-25,Assam,Jorhat,district,FAO/GAUL/2015/level2,matched,70089.0,2842.716884638612,fs1-3016a20fd3ad,,,,,,,,
E051::karbi%20anglong,E051,2017-0289-IND,2017-06-25,Assam,Karbi Anglong,district,FAO/GAUL/2015/level2,matched,17584.0,10446.406497647093,fs1-3016a20fd3ad,,,,,,,,
E051::karimganj,E051,2017-0289-IND,2017-06-25,Assam,Karimganj,district,FAO/GAUL/2015/level2,matched,17585.0,1856.722473230466,fs1-3016a20fd3ad,,,,,,,,
E051::kokrajhar,E051,2017-0289-IND,2017-06-25,Assam,Kokrajhar,district,FAO/GAUL/2015/level2,matched,70090.0,3329.2233881813268,fs1-3016a20fd3ad,,,,,,,,
E051::lakhimpur,E051,2017-0289-IND,2017-06-25,Assam,Lakhimpur,district,FAO/GAUL/2015/level2,matched,70091.0,2886.5239581816727,fs1-3016a20fd3ad,,,,,,,,
E051::majuli,E051,2017-0289-IND,2017-06-25,Assam,Majuli,district,geoBoundaries/gbOpen/IND/ADM2/2021@8bef6929fd65432e7dc775e7c44473e84efff064ebddbfd6b834e6291546db40,matched,76128533B15157901669242,1250.5943287677335,fs1-3016a20fd3ad,,2021.0,exact_or_spacing,Majuli,False,https://www.geoboundaries.org/api/current/gbOpen/IND/ADM2/,"District identity matched; 2021 reference geometry, NOT event-year boundary equivalence. No parent substitution.",
E051::morigaon,E051,2017-0289-IND,2017-06-25,Assam,Morigaon,district,geoBoundaries/gbOpen/IND/ADM2/2021@8bef6929fd65432e7dc775e7c44473e84efff064ebddbfd6b834e6291546db40,matched,76128533B17968019348564,1508.3262903435707,fs1-3016a20fd3ad,,2021.0,exact_or_spacing,Morigaon,False,https://www.geoboundaries.org/api/current/gbOpen/IND/ADM2/,"District identity matched; 2021 reference geometry, NOT event-year boundary equivalence. No parent substitution.",
E051::nagaon,E051,2017-0289-IND,2017-06-25,Assam,Nagaon,district,FAO/GAUL/2015/level2,matched,17589.0,3997.4423095607103,fs1-3016a20fd3ad,,,,,,,,
E051::nalbari,E051,2017-0289-IND,2017-06-25,Assam,Nalbari,district,FAO/GAUL/2015/level2,matched,17590.0,2339.8796955273547,fs1-3016a20fd3ad,,,,,,,,
E051::sivasagar,E051,2017-0289-IND,2017-06-25,Assam,Sivasagar,district,geoBoundaries/gbOpen/IND/ADM2/2021@8bef6929fd65432e7dc775e7c44473e84efff064ebddbfd6b834e6291546db40,matched,76128533B21722277889516,1526.6517657716288,fs1-3016a20fd3ad,,2021.0,exact_or_spacing,Sivasagar,False,https://www.geoboundaries.org/api/current/gbOpen/IND/ADM2/,"District identity matched; 2021 reference geometry, NOT event-year boundary equivalence. No parent substitution.",
E051::sonitpur,E051,2017-0289-IND,2017-06-25,Assam,Sonitpur,district,FAO/GAUL/2015/level2,matched,17593.0,4676.158375740257,fs1-3016a20fd3ad,,,,,,,,
E051::south%20salmara,E051,2017-0289-IND,2017-06-25,Assam,South Salmara,district,geoBoundaries/gbOpen/IND/ADM2/2021@8bef6929fd65432e7dc775e7c44473e84efff064ebddbfd6b834e6291546db40,matched,76128533B20298037622173,719.1856651342704,fs1-3016a20fd3ad,,2021.0,reviewed_alias,South Salmara-Mankachar,False,https://www.geoboundaries.org/api/current/gbOpen/IND/ADM2/,"District identity matched; 2021 reference geometry, NOT event-year boundary equivalence. No parent substitution.",
E052::bishnupur,E052,2017-0290-IND,2017-07-01,Manipur,Bishnupur,district,FAO/GAUL/2015/level2,matched,70188.0,481.84963420103696,fs1-3016a20fd3ad,,,,,,,,
E052::imphal%20east,E052,2017-0290-IND,2017-07-01,Manipur,Imphal East,district,geoBoundaries/gbOpen/IND/ADM2/2021@8bef6929fd65432e7dc775e7c44473e84efff064ebddbfd6b834e6291546db40,matched,76128533B30779259886340,378.5544316172313,fs1-3016a20fd3ad,,2021.0,exact_or_spacing,Imphal East,False,https://www.geoboundaries.org/api/current/gbOpen/IND/ADM2/,"District identity matched; 2021 reference geometry, NOT event-year boundary equivalence. No parent substitution.",
E052::imphal%20west,E052,2017-0290-IND,2017-07-01,Manipur,Imphal West,district,geoBoundaries/gbOpen/IND/ADM2/2021@8bef6929fd65432e7dc775e7c44473e84efff064ebddbfd6b834e6291546db40,matched,76128533B99807650893733,504.9363985854122,fs1-3016a20fd3ad,,2021.0,exact_or_spacing,Imphal West,False,https://www.geoboundaries.org/api/current/gbOpen/IND/ADM2/,"District identity matched; 2021 reference geometry, NOT event-year boundary equivalence. No parent substitution.",
E052::thoubal,E052,2017-0290-IND,2017-07-01,Manipur,Thoubal,district,FAO/GAUL/2015/level2,matched,70194.0,715.5847965133187,fs1-3016a20fd3ad,,,,,,,,
E053::araria,E053,2017-0342-IND,2017-08-11,Bihar,Araria,district,FAO/GAUL/2015/level2,matched,70094.0,2825.348194194397,fs1-3016a20fd3ad,,,,,,,,
E053::darbhanga,E053,2017-0342-IND,2017-08-11,Bihar,Darbhanga,district,FAO/GAUL/2015/level2,matched,17598.0,2293.727225126986,fs1-3016a20fd3ad,,,,,,,,
E053::east%20champaran,E053,2017-0342-IND,2017-08-11,Bihar,East Champaran,district,geoBoundaries/gbOpen/IND/ADM2/2021@8bef6929fd65432e7dc775e7c44473e84efff064ebddbfd6b834e6291546db40,matched,76128533B49017555803526,4209.432168721379,fs1-3016a20fd3ad,,2021.0,census_label_alias,Purba Champaran,False,https://censusindia.gov.in/nada/index.php/catalog/42557,"District identity matched; 2021 reference geometry, NOT event-year boundary equivalence. No parent substitution.",
E053::gopalganj,E053,2017-0342-IND,2017-08-11,Bihar,Gopalganj,district,FAO/GAUL/2015/level2,matched,17604.0,2044.660708589624,fs1-3016a20fd3ad,,,,,,,,
E053::katihar,E053,2017-0342-IND,2017-08-11,Bihar,Katihar,district,FAO/GAUL/2015/level2,matched,17608.0,3068.3721590224136,fs1-3016a20fd3ad,,,,,,,,
E053::khagaria,E053,2017-0342-IND,2017-08-11,Bihar,Khagaria,district,FAO/GAUL/2015/level2,matched,17609.0,1494.410012910706,fs1-3016a20fd3ad,,,,,,,,
E053::kishanganj,E053,2017-0342-IND,2017-08-11,Bihar,Kishanganj,district,FAO/GAUL/2015/level2,matched,70100.0,1932.7539351616576,fs1-3016a20fd3ad,,,,,,,,
E053::madhepura,E053,2017-0342-IND,2017-08-11,Bihar,Madhepura,district,FAO/GAUL/2015/level2,matched,17612.0,1841.8576584602,fs1-3016a20fd3ad,,,,,,,,
E053::madhubani,E053,2017-0342-IND,2017-08-11,Bihar,Madhubani,district,FAO/GAUL/2015/level2,matched,17611.0,3457.42262983169,fs1-3016a20fd3ad,,,,,,,,
E053::muzaffarpur,E053,2017-0342-IND,2017-08-11,Bihar,Muzaffarpur,district,FAO/GAUL/2015/level2,matched,17613.0,3192.441978127565,fs1-3016a20fd3ad,,,,,,,,
E053::nalanda,E053,2017-0342-IND,2017-08-11,Bihar,Nalanda,district,FAO/GAUL/2015/level2,matched,17615.0,2341.900504872643,fs1-3016a20fd3ad,,,,,,,,
E053::patna,E053,2017-0342-IND,2017-08-11,Bihar,Patna,district,FAO/GAUL/2015/level2,matched,17619.0,3211.7699895027954,fs1-3016a20fd3ad,,,,,,,,
E053::purnea,E053,2017-0342-IND,2017-08-11,Bihar,Purnea,district,geoBoundaries/gbOpen/IND/ADM2/2021@8bef6929fd65432e7dc775e7c44473e84efff064ebddbfd6b834e6291546db40,matched,76128533B32499449492865,3170.464435145496,fs1-3016a20fd3ad,,2021.0,census_label_alias,Purnia,False,https://censusindia.gov.in/nada/index.php/catalog/42557,"District identity matched; 2021 reference geometry, NOT event-year boundary equivalence. No parent substitution.",
E053::saharsa,E053,2017-0342-IND,2017-08-11,Bihar,Saharsa,district,FAO/GAUL/2015/level2,matched,17624.0,1692.2702412487936,fs1-3016a20fd3ad,,,,,,,,
E053::samastipur,E053,2017-0342-IND,2017-08-11,Bihar,Samastipur,district,FAO/GAUL/2015/level2,matched,17626.0,2911.492917812177,fs1-3016a20fd3ad,,,,,,,,
E053::saran,E053,2017-0342-IND,2017-08-11,Bihar,Saran,district,FAO/GAUL/2015/level2,matched,17628.0,2650.3366911206285,fs1-3016a20fd3ad,,,,,,,,
E053::sheohar,E053,2017-0342-IND,2017-08-11,Bihar,Sheohar,district,FAO/GAUL/2015/level2,matched,70103.0,575.6280849211931,fs1-3016a20fd3ad,,,,,,,,
E053::sitamarhi,E053,2017-0342-IND,2017-08-11,Bihar,Sitamarhi,district,FAO/GAUL/2015/level2,matched,17630.0,2075.1609189491032,fs1-3016a20fd3ad,,,,,,,,
E053::siwan,E053,2017-0342-IND,2017-08-11,Bihar,Siwan,district,FAO/GAUL/2015/level2,matched,17631.0,2229.6509970655925,fs1-3016a20fd3ad,,,,,,,,
E053::supaul,E053,2017-0342-IND,2017-08-11,Bihar,Supaul,district,FAO/GAUL/2015/level2,matched,70104.0,2399.2927702222696,fs1-3016a20fd3ad,,,,,,,,
E053::west%20champaran,E053,2017-0342-IND,2017-08-11,Bihar,West Champaran,district,geoBoundaries/gbOpen/IND/ADM2/2021@8bef6929fd65432e7dc775e7c44473e84efff064ebddbfd6b834e6291546db40,matched,76128533B17762399278073,5214.198372330435,fs1-3016a20fd3ad,,2021.0,census_label_alias,Pashchim Champaran,False,https://censusindia.gov.in/nada/index.php/catalog/42557,"District identity matched; 2021 reference geometry, NOT event-year boundary equivalence. No parent substitution.",
E054::ambedkar%20nagar,E054,2017-0342-IND,2017-08-11,Uttar Pradesh,Ambedkar Nagar,district,FAO/GAUL/2015/level2,matched,70257.0,2328.994244483866,fs1-3016a20fd3ad,,,,,,,,
E054::ayodhya,E054,2017-0342-IND,2017-08-11,Uttar Pradesh,Ayodhya,district,geoBoundaries/gbOpen/IND/ADM2/2021@8bef6929fd65432e7dc775e7c44473e84efff064ebddbfd6b834e6291546db40,matched,76128533B60320291189162,2675.8001543878418,fs1-3016a20fd3ad,,2021.0,reviewed_alias,Faizabad,False,https://ayodhya.nic.in/,"District identity matched; 2021 reference geometry, NOT event-year boundary equivalence. No parent substitution.",
E054::azamgarh,E054,2017-0342-IND,2017-08-11,Uttar Pradesh,Azamgarh,district,FAO/GAUL/2015/level2,matched,17892.0,3904.0182560646062,fs1-3016a20fd3ad,,,,,,,,
E054::bahraich,E054,2017-0342-IND,2017-08-11,Uttar Pradesh,Bahraich,district,FAO/GAUL/2015/level2,matched,17893.0,3705.0099637131552,fs1-3016a20fd3ad,,,,,,,,
E054::ballia,E054,2017-0342-IND,2017-08-11,Uttar Pradesh,Ballia,district,FAO/GAUL/2015/level2,matched,17894.0,3013.8054759791835,fs1-3016a20fd3ad,,,,,,,,
E054::balrampur,E054,2017-0342-IND,2017-08-11,Uttar Pradesh,Balrampur,district,FAO/GAUL/2015/level2,matched,70261.0,3379.881475532829,fs1-3016a20fd3ad,,,,,,,,
E054::barabanki,E054,2017-0342-IND,2017-08-11,Uttar Pradesh,Barabanki,district,FAO/GAUL/2015/level2,matched,17896.0,4440.0005417469865,fs1-3016a20fd3ad,,,,,,,,
E054::basti,E054,2017-0342-IND,2017-08-11,Uttar Pradesh,Basti,district,FAO/GAUL/2015/level2,matched,17898.0,2522.0744554746907,fs1-3016a20fd3ad,,,,,,,,
E054::bijnor,E054,2017-0342-IND,2017-08-11,Uttar Pradesh,Bijnor,district,FAO/GAUL/2015/level2,matched,17899.0,4319.741895171613,fs1-3016a20fd3ad,,,,,,,,
E054::budaun,E054,2017-0342-IND,2017-08-11,Uttar Pradesh,Budaun,district,geoBoundaries/gbOpen/IND/ADM2/2021@8bef6929fd65432e7dc775e7c44473e84efff064ebddbfd6b834e6291546db40,matched,76128533B84679668760735,4242.298807636645,fs1-3016a20fd3ad,,2021.0,exact_or_spacing,Budaun,False,https://www.geoboundaries.org/api/current/gbOpen/IND/ADM2/,"District identity matched; 2021 reference geometry, NOT event-year boundary equivalence. No parent substitution.",
E054::deoria,E054,2017-0342-IND,2017-08-11,Uttar Pradesh,Deoria,district,FAO/GAUL/2015/level2,matched,17904.0,2561.4288968732094,fs1-3016a20fd3ad,,,,,,,,
E054::farrukhabad,E054,2017-0342-IND,2017-08-11,Uttar Pradesh,Farrukhabad,district,FAO/GAUL/2015/level2,matched,17908.0,2188.008861953001,fs1-3016a20fd3ad,,,,,,,,
E054::ghazipur,E054,2017-0342-IND,2017-08-11,Uttar Pradesh,Ghazipur,district,FAO/GAUL/2015/level2,matched,17912.0,3392.663587484302,fs1-3016a20fd3ad,,,,,,,,
E054::gonda,E054,2017-0342-IND,2017-08-11,Uttar Pradesh,Gonda,district,FAO/GAUL/2015/level2,matched,17913.0,4014.846082655345,fs1-3016a20fd3ad,,,,,,,,
E054::gorakhpur,E054,2017-0342-IND,2017-08-11,Uttar Pradesh,Gorakhpur,district,FAO/GAUL/2015/level2,matched,17914.0,3072.188964505668,fs1-3016a20fd3ad,,,,,,,,
E054::kushinagar,E054,2017-0342-IND,2017-08-11,Uttar Pradesh,Kushinagar,district,FAO/GAUL/2015/level2,matched,70271.0,2893.16087554316,fs1-3016a20fd3ad,,,,,,,,
E054::lakhimpur%20kheri,E054,2017-0342-IND,2017-08-11,Uttar Pradesh,Lakhimpur Kheri,district,FAO/GAUL/2015/level2,matched,17921.0,7708.742992388735,fs1-3016a20fd3ad,,,,,,,,
E054::maharajganj,E054,2017-0342-IND,2017-08-11,Uttar Pradesh,Maharajganj,district,FAO/GAUL/2015/level2,matched,70272.0,3197.0231063739748,fs1-3016a20fd3ad,,,,,,,,
E054::mau,E054,2017-0342-IND,2017-08-11,Uttar Pradesh,Mau,district,FAO/GAUL/2015/level2,matched,70274.0,2070.491760227604,fs1-3016a20fd3ad,,,,,,,,
E054::mirzapur,E054,2017-0342-IND,2017-08-11,Uttar Pradesh,Mirzapur,district,FAO/GAUL/2015/level2,matched,17927.0,4526.889753258701,fs1-3016a20fd3ad,,,,,,,,
E054::pilibhit,E054,2017-0342-IND,2017-08-11,Uttar Pradesh,Pilibhit,district,FAO/GAUL/2015/level2,matched,17931.0,3594.1579683602813,fs1-3016a20fd3ad,,,,,,,,
E054::sant%20kabir%20nagar,E054,2017-0342-IND,2017-08-11,Uttar Pradesh,Sant Kabir Nagar,district,FAO/GAUL/2015/level2,matched,70275.0,1329.179989070325,fs1-3016a20fd3ad,,,,,,,,
E054::shrawasti,E054,2017-0342-IND,2017-08-11,Uttar Pradesh,Shrawasti,district,geoBoundaries/gbOpen/IND/ADM2/2021@8bef6929fd65432e7dc775e7c44473e84efff064ebddbfd6b834e6291546db40,matched,76128533B34832354589031,1950.0124338087928,fs1-3016a20fd3ad,,2021.0,exact_or_spacing,Shrawasti,False,https://www.geoboundaries.org/api/current/gbOpen/IND/ADM2/,"District identity matched; 2021 reference geometry, NOT event-year boundary equivalence. No parent substitution.",
E054::siddharthnagar,E054,2017-0342-IND,2017-08-11,Uttar Pradesh,Siddharthnagar,district,FAO/GAUL/2015/level2,matched,70278.0,3492.6137371813147,fs1-3016a20fd3ad,,,,,,,,
E054::sitapur,E054,2017-0342-IND,2017-08-11,Uttar Pradesh,Sitapur,district,FAO/GAUL/2015/level2,matched,17938.0,5789.793396469067,fs1-3016a20fd3ad,,,,,,,,
E055::alipurduar,E055,2017-0342-IND,2017-08-11,West Bengal,Alipurduar,district,geoBoundaries/gbOpen/IND/ADM2/2021@8bef6929fd65432e7dc775e7c44473e84efff064ebddbfd6b834e6291546db40,matched,76128533B23858286755005,2805.571892812845,fs1-3016a20fd3ad,,2021.0,exact_or_spacing,Alipurduar,False,https://www.geoboundaries.org/api/current/gbOpen/IND/ADM2/,"District identity matched; 2021 reference geometry, NOT event-year boundary equivalence. No parent substitution.",
E055::bankura,E055,2017-0342-IND,2017-08-11,West Bengal,Bankura,district,FAO/GAUL/2015/level2,matched,17945.0,6981.566770524623,fs1-3016a20fd3ad,,,,,,,,
E055::birbhum,E055,2017-0342-IND,2017-08-11,West Bengal,Birbhum,district,FAO/GAUL/2015/level2,matched,17947.0,4566.040490140597,fs1-3016a20fd3ad,,,,,,,,
E055::cooch%20behar,E055,2017-0342-IND,2017-08-11,West Bengal,Cooch Behar,district,geoBoundaries/gbOpen/IND/ADM2/2021@8bef6929fd65432e7dc775e7c44473e84efff064ebddbfd6b834e6291546db40,matched,76128533B64156747739715,3288.1312386454174,fs1-3016a20fd3ad,,2021.0,census_label_alias,Koch Bihar,False,https://censusindia.gov.in/nada/index.php/catalog/42557,"District identity matched; 2021 reference geometry, NOT event-year boundary equivalence. No parent substitution.",
E055::dakshin%20dinajpur,E055,2017-0342-IND,2017-08-11,West Bengal,Dakshin Dinajpur,district,FAO/GAUL/2015/level2,matched,70290.0,2107.683120443892,fs1-3016a20fd3ad,,,,,,,,
E055::darjeeling,E055,2017-0342-IND,2017-08-11,West Bengal,Darjeeling,district,geoBoundaries/gbOpen/IND/ADM2/2021@8bef6929fd65432e7dc775e7c44473e84efff064ebddbfd6b834e6291546db40,matched,76128533B17109302371020,2082.4452472301264,fs1-3016a20fd3ad,,2021.0,reviewed_alias,Darjiling,False,https://www.geoboundaries.org/api/current/gbOpen/IND/ADM2/,"District identity matched; 2021 reference geometry, NOT event-year boundary equivalence. No parent substitution.",
E055::east%20medinipur,E055,2017-0342-IND,2017-08-11,West Bengal,East Medinipur,district,geoBoundaries/gbOpen/IND/ADM2/2021@8bef6929fd65432e7dc775e7c44473e84efff064ebddbfd6b834e6291546db40,matched,76128533B25373378863054,4206.535570897585,fs1-3016a20fd3ad,,2021.0,census_label_alias,Purba Medinipur,False,https://censusindia.gov.in/nada/index.php/catalog/42557,"District identity matched; 2021 reference geometry, NOT event-year boundary equivalence. No parent substitution.",
E055::hooghly,E055,2017-0342-IND,2017-08-11,West Bengal,Hooghly,district,geoBoundaries/gbOpen/IND/ADM2/2021@8bef6929fd65432e7dc775e7c44473e84efff064ebddbfd6b834e6291546db40,matched,76128533B81857725777974,3153.550053477295,fs1-3016a20fd3ad,,2021.0,census_label_alias,Hugli,False,https://censusindia.gov.in/nada/index.php/catalog/42557,"District identity matched; 2021 reference geometry, NOT event-year boundary equivalence. No parent substitution.",
E055::howrah,E055,2017-0342-IND,2017-08-11,West Bengal,Howrah,district,geoBoundaries/gbOpen/IND/ADM2/2021@8bef6929fd65432e7dc775e7c44473e84efff064ebddbfd6b834e6291546db40,matched,76128533B22077262393417,1451.5753227599494,fs1-3016a20fd3ad,,2021.0,census_label_alias,Haora,False,https://censusindia.gov.in/nada/index.php/catalog/42557,"District identity matched; 2021 reference geometry, NOT event-year boundary equivalence. No parent substitution.",
E055::jalpaiguri,E055,2017-0342-IND,2017-08-11,West Bengal,Jalpaiguri,district,FAO/GAUL/2015/level2,matched,17951.0,6200.341009430311,fs1-3016a20fd3ad,,,,,,,,
E055::jhargram,E055,2017-0342-IND,2017-08-11,West Bengal,Jhargram,district,geoBoundaries/gbOpen/IND/ADM2/2021@8bef6929fd65432e7dc775e7c44473e84efff064ebddbfd6b834e6291546db40,matched,76128533B24861976740713,3096.557448030717,fs1-3016a20fd3ad,,2021.0,exact_or_spacing,Jhargram,False,https://www.geoboundaries.org/api/current/gbOpen/IND/ADM2/,"District identity matched; 2021 reference geometry, NOT event-year boundary equivalence. No parent substitution.",
E055::malda,E055,2017-0342-IND,2017-08-11,West Bengal,Malda,district,geoBoundaries/gbOpen/IND/ADM2/2021@8bef6929fd65432e7dc775e7c44473e84efff064ebddbfd6b834e6291546db40,matched,76128533B36734405131975,3569.571917709693,fs1-3016a20fd3ad,,2021.0,census_label_alias,Maldah,False,https://censusindia.gov.in/nada/index.php/catalog/42557,"District identity matched; 2021 reference geometry, NOT event-year boundary equivalence. No parent substitution.",
E055::murshidabad,E055,2017-0342-IND,2017-08-11,West Bengal,Murshidabad,district,FAO/GAUL/2015/level2,matched,17955.0,5473.753950605631,fs1-3016a20fd3ad,,,,,,,,
E055::nadia,E055,2017-0342-IND,2017-08-11,West Bengal,Nadia,district,FAO/GAUL/2015/level2,matched,17956.0,3995.2318634205153,fs1-3016a20fd3ad,,,,,,,,
E055::north%2024%20parganas,E055,2017-0342-IND,2017-08-11,West Bengal,North 24 Parganas,district,FAO/GAUL/2015/level2,matched,70293.0,6006.604976683008,fs1-3016a20fd3ad,,,,,,,,
E055::paschim%20bardhaman,E055,2017-0342-IND,2017-08-11,West Bengal,Paschim Bardhaman,district,geoBoundaries/gbOpen/IND/ADM2/2021@8bef6929fd65432e7dc775e7c44473e84efff064ebddbfd6b834e6291546db40,matched,76128533B60845263086042,1638.342752616779,fs1-3016a20fd3ad,,2021.0,reviewed_alias,Paschim Barddhaman,False,https://www.geoboundaries.org/api/current/gbOpen/IND/ADM2/,"District identity matched; 2021 reference geometry, NOT event-year boundary equivalence. No parent substitution.",
E055::purba%20bardhaman,E055,2017-0342-IND,2017-08-11,West Bengal,Purba Bardhaman,district,geoBoundaries/gbOpen/IND/ADM2/2021@8bef6929fd65432e7dc775e7c44473e84efff064ebddbfd6b834e6291546db40,matched,76128533B59121537940607,5396.808202076832,fs1-3016a20fd3ad,,2021.0,reviewed_alias,Barddhaman,False,https://www.geoboundaries.org/api/current/gbOpen/IND/ADM2/,"District identity matched; 2021 reference geometry, NOT event-year boundary equivalence. No parent substitution.",
E055::purulia,E055,2017-0342-IND,2017-08-11,West Bengal,Purulia,district,geoBoundaries/gbOpen/IND/ADM2/2021@8bef6929fd65432e7dc775e7c44473e84efff064ebddbfd6b834e6291546db40,matched,76128533B16811573188243,6255.530346174724,fs1-3016a20fd3ad,,2021.0,census_label_alias,Puruliya,False,https://censusindia.gov.in/nada/index.php/catalog/42557,"District identity matched; 2021 reference geometry, NOT event-year boundary equivalence. No parent substitution.",
E055::south%2024%20parganas,E055,2017-0342-IND,2017-08-11,West Bengal,South 24 Parganas,district,FAO/GAUL/2015/level2,matched,70294.0,5503.307786632012,fs1-3016a20fd3ad,,,,,,,,
E055::uttar%20dinajpur,E055,2017-0342-IND,2017-08-11,West Bengal,Uttar Dinajpur,district,FAO/GAUL/2015/level2,matched,70295.0,3356.268468886421,fs1-3016a20fd3ad,,,,,,,,
E055::west%20medinipur,E055,2017-0342-IND,2017-08-11,West Bengal,West Medinipur,district,geoBoundaries/gbOpen/IND/ADM2/2021@8bef6929fd65432e7dc775e7c44473e84efff064ebddbfd6b834e6291546db40,matched,76128533B88812350838807,6284.990303075887,fs1-3016a20fd3ad,,2021.0,reviewed_alias,Paschim Medinipur,False,https://www.geoboundaries.org/api/current/gbOpen/IND/ADM2/,"District identity matched; 2021 reference geometry, NOT event-year boundary equivalence. No parent substitution.",
E056::ambedkar%20nagar,E056,2017-0517-IND,2017-08-16,Uttar Pradesh,Ambedkar Nagar,district,FAO/GAUL/2015/level2,matched,70257.0,2328.994244483866,fs1-3016a20fd3ad,,,,,,,,
E056::azamgarh,E056,2017-0517-IND,2017-08-16,Uttar Pradesh,Azamgarh,district,FAO/GAUL/2015/level2,matched,17892.0,3904.0182560646062,fs1-3016a20fd3ad,,,,,,,,
E056::bahraich,E056,2017-0517-IND,2017-08-16,Uttar Pradesh,Bahraich,district,FAO/GAUL/2015/level2,matched,17893.0,3705.0099637131552,fs1-3016a20fd3ad,,,,,,,,
E056::ballia,E056,2017-0517-IND,2017-08-16,Uttar Pradesh,Ballia,district,FAO/GAUL/2015/level2,matched,17894.0,3013.8054759791835,fs1-3016a20fd3ad,,,,,,,,
E056::balrampur,E056,2017-0517-IND,2017-08-16,Uttar Pradesh,Balrampur,district,FAO/GAUL/2015/level2,matched,70261.0,3379.881475532829,fs1-3016a20fd3ad,,,,,,,,
E056::barabanki,E056,2017-0517-IND,2017-08-16,Uttar Pradesh,Barabanki,district,FAO/GAUL/2015/level2,matched,17896.0,4440.0005417469865,fs1-3016a20fd3ad,,,,,,,,
E056::basti,E056,2017-0517-IND,2017-08-16,Uttar Pradesh,Basti,district,FAO/GAUL/2015/level2,matched,17898.0,2522.0744554746907,fs1-3016a20fd3ad,,,,,,,,
E056::bijnor,E056,2017-0517-IND,2017-08-16,Uttar Pradesh,Bijnor,district,FAO/GAUL/2015/level2,matched,17899.0,4319.741895171613,fs1-3016a20fd3ad,,,,,,,,
E056::budaun,E056,2017-0517-IND,2017-08-16,Uttar Pradesh,Budaun,district,geoBoundaries/gbOpen/IND/ADM2/2021@8bef6929fd65432e7dc775e7c44473e84efff064ebddbfd6b834e6291546db40,matched,76128533B84679668760735,4242.298807636645,fs1-3016a20fd3ad,,2021.0,exact_or_spacing,Budaun,False,https://www.geoboundaries.org/api/current/gbOpen/IND/ADM2/,"District identity matched; 2021 reference geometry, NOT event-year boundary equivalence. No parent substitution.",
E056::deoria,E056,2017-0517-IND,2017-08-16,Uttar Pradesh,Deoria,district,FAO/GAUL/2015/level2,matched,17904.0,2561.4288968732094,fs1-3016a20fd3ad,,,,,,,,
E056::faizabad,E056,2017-0517-IND,2017-08-16,Uttar Pradesh,Faizabad,district,FAO/GAUL/2015/level2,matched,17907.0,2103.2792931237323,fs1-3016a20fd3ad,,,,,,,,
E056::farrukhabad,E056,2017-0517-IND,2017-08-16,Uttar Pradesh,Farrukhabad,district,FAO/GAUL/2015/level2,matched,17908.0,2188.008861953001,fs1-3016a20fd3ad,,,,,,,,
E056::ghazipur,E056,2017-0517-IND,2017-08-16,Uttar Pradesh,Ghazipur,district,FAO/GAUL/2015/level2,matched,17912.0,3392.663587484302,fs1-3016a20fd3ad,,,,,,,,
E056::gonda,E056,2017-0517-IND,2017-08-16,Uttar Pradesh,Gonda,district,FAO/GAUL/2015/level2,matched,17913.0,4014.846082655345,fs1-3016a20fd3ad,,,,,,,,
E056::gorakhpur,E056,2017-0517-IND,2017-08-16,Uttar Pradesh,Gorakhpur,district,FAO/GAUL/2015/level2,matched,17914.0,3072.188964505668,fs1-3016a20fd3ad,,,,,,,,
E056::kushinagar,E056,2017-0517-IND,2017-08-16,Uttar Pradesh,Kushinagar,district,FAO/GAUL/2015/level2,matched,70271.0,2893.16087554316,fs1-3016a20fd3ad,,,,,,,,
E056::lakhimpur%20kheri,E056,2017-0517-IND,2017-08-16,Uttar Pradesh,Lakhimpur Kheri,district,FAO/GAUL/2015/level2,matched,17921.0,7708.742992388735,fs1-3016a20fd3ad,,,,,,,,
E056::maharajganj,E056,2017-0517-IND,2017-08-16,Uttar Pradesh,Maharajganj,district,FAO/GAUL/2015/level2,matched,70272.0,3197.0231063739748,fs1-3016a20fd3ad,,,,,,,,
E056::mau,E056,2017-0517-IND,2017-08-16,Uttar Pradesh,Mau,district,FAO/GAUL/2015/level2,matched,70274.0,2070.491760227604,fs1-3016a20fd3ad,,,,,,,,
E056::mirzapur,E056,2017-0517-IND,2017-08-16,Uttar Pradesh,Mirzapur,district,FAO/GAUL/2015/level2,matched,17927.0,4526.889753258701,fs1-3016a20fd3ad,,,,,,,,
E056::muzaffarnagar,E056,2017-0517-IND,2017-08-16,Uttar Pradesh,Muzaffarnagar,district,FAO/GAUL/2015/level2,matched,17929.0,4053.9910928534105,fs1-3016a20fd3ad,,,,,,,,
E056::pilibhit,E056,2017-0517-IND,2017-08-16,Uttar Pradesh,Pilibhit,district,FAO/GAUL/2015/level2,matched,17931.0,3594.1579683602813,fs1-3016a20fd3ad,,,,,,,,
E056::sant%20kabir%20nagar,E056,2017-0517-IND,2017-08-16,Uttar Pradesh,Sant Kabir Nagar,district,FAO/GAUL/2015/level2,matched,70275.0,1329.179989070325,fs1-3016a20fd3ad,,,,,,,,
E056::shamli,E056,2017-0517-IND,2017-08-16,Uttar Pradesh,Shamli,district,geoBoundaries/gbOpen/IND/ADM2/2021@8bef6929fd65432e7dc775e7c44473e84efff064ebddbfd6b834e6291546db40,matched,76128533B35465481868600,1337.6082125858356,fs1-3016a20fd3ad,,2021.0,reviewed_alias,Samli,False,https://www.geoboundaries.org/api/current/gbOpen/IND/ADM2/,"District identity matched; 2021 reference geometry, NOT event-year boundary equivalence. No parent substitution.",
E056::shravasti,E056,2017-0517-IND,2017-08-16,Uttar Pradesh,Shravasti,district,FAO/GAUL/2015/level2,matched,70277.0,3157.757775375263,fs1-3016a20fd3ad,,,,,,,,
E056::siddharth%20nagar,E056,2017-0517-IND,2017-08-16,Uttar Pradesh,Siddharth Nagar,district,FAO/GAUL/2015/level2,matched,70278.0,3492.6137371813147,fs1-3016a20fd3ad,,,,,,,,
E056::sitapur,E056,2017-0517-IND,2017-08-16,Uttar Pradesh,Sitapur,district,FAO/GAUL/2015/level2,matched,17938.0,5789.793396469067,fs1-3016a20fd3ad,,,,,,,,
E057::mumbai%20city,E057,2017-0364-IND,2017-08-29,Maharashtra,Mumbai City,district,FAO/GAUL/2015/level2,matched,70184.0,77.22400864672608,fs1-3016a20fd3ad,,,,,,,,
E057::mumbai%20suburban,E057,2017-0364-IND,2017-08-29,Maharashtra,Mumbai Suburban,district,FAO/GAUL/2015/level2,matched,70183.0,409.3994670782586,fs1-3016a20fd3ad,,,,,,,,
E057::palghar,E057,2017-0364-IND,2017-08-29,Maharashtra,Palghar,district,geoBoundaries/gbOpen/IND/ADM2/2021@8bef6929fd65432e7dc775e7c44473e84efff064ebddbfd6b834e6291546db40,matched,76128533B37148244536449,5355.281971404182,fs1-3016a20fd3ad,,2021.0,exact_or_spacing,Palghar,False,https://www.geoboundaries.org/api/current/gbOpen/IND/ADM2/,"District identity matched; 2021 reference geometry, NOT event-year boundary equivalence. No parent substitution.",
E057::thane,E057,2017-0364-IND,2017-08-29,Maharashtra,Thane,district,FAO/GAUL/2015/level2,matched,17783.0,9454.897228160951,fs1-3016a20fd3ad,,,,,,,,
E058::chennai,E058,2017-0495-IND,2017-10-30,Tamil Nadu,Chennai,district,FAO/GAUL/2015/level2,matched,70242.0,196.6308822101988,fs1-3016a20fd3ad,,,,,,,,
E059::dhalai,E059,2018-0213-IND,2018-05-17,Tripura,Dhalai,district,FAO/GAUL/2015/level2,matched,70256.0,2201.079367693781,fs1-3016a20fd3ad,,,,,,,,
E059::gomati,E059,2018-0213-IND,2018-05-17,Tripura,Gomati,district,geoBoundaries/gbOpen/IND/ADM2/2021@8bef6929fd65432e7dc775e7c44473e84efff064ebddbfd6b834e6291546db40,matched,76128533B94126463611805,1617.9532415826357,fs1-3016a20fd3ad,,2021.0,exact_or_spacing,Gomati,False,https://www.geoboundaries.org/api/current/gbOpen/IND/ADM2/,"District identity matched; 2021 reference geometry, NOT event-year boundary equivalence. No parent substitution.",
E059::khowai,E059,2018-0213-IND,2018-05-17,Tripura,Khowai,district,geoBoundaries/gbOpen/IND/ADM2/2021@8bef6929fd65432e7dc775e7c44473e84efff064ebddbfd6b834e6291546db40,matched,76128533B67044589012853,1046.189742159586,fs1-3016a20fd3ad,,2021.0,exact_or_spacing,Khowai,False,https://www.geoboundaries.org/api/current/gbOpen/IND/ADM2/,"District identity matched; 2021 reference geometry, NOT event-year boundary equivalence. No parent substitution.",
E059::north%20tripura,E059,2018-0213-IND,2018-05-17,Tripura,North Tripura,district,FAO/GAUL/2015/level2,matched,17885.0,2109.5271791468954,fs1-3016a20fd3ad,,,,,,,,
E059::sepahijala,E059,2018-0213-IND,2018-05-17,Tripura,Sepahijala,district,geoBoundaries/gbOpen/IND/ADM2/2021@8bef6929fd65432e7dc775e7c44473e84efff064ebddbfd6b834e6291546db40,matched,76128533B43965372582859,1071.1594978769108,fs1-3016a20fd3ad,,2021.0,reviewed_alias,Sipahijula,False,https://www.geoboundaries.org/api/current/gbOpen/IND/ADM2/,"District identity matched; 2021 reference geometry, NOT event-year boundary equivalence. No parent substitution.",
E059::south%20tripura,E059,2018-0213-IND,2018-05-17,Tripura,South Tripura,district,FAO/GAUL/2015/level2,matched,17886.0,3224.504208632636,fs1-3016a20fd3ad,,,,,,,,
E059::unakoti,E059,2018-0213-IND,2018-05-17,Tripura,Unakoti,district,geoBoundaries/gbOpen/IND/ADM2/2021@8bef6929fd65432e7dc775e7c44473e84efff064ebddbfd6b834e6291546db40,matched,76128533B4720703924950,657.9288906584868,fs1-3016a20fd3ad,,2021.0,reviewed_alias,Unokoti,False,https://www.geoboundaries.org/api/current/gbOpen/IND/ADM2/,"District identity matched; 2021 reference geometry, NOT event-year boundary equivalence. No parent substitution.",
E059::west%20tripura,E059,2018-0213-IND,2018-05-17,Tripura,West Tripura,district,FAO/GAUL/2015/level2,matched,17887.0,3039.951701839773,fs1-3016a20fd3ad,,,,,,,,
E060::dakshina%20kannada,E060,2018-0216-IND,2018-05-29,Karnataka,Dakshina Kannada,district,geoBoundaries/gbOpen/IND/ADM2/2021@8bef6929fd65432e7dc775e7c44473e84efff064ebddbfd6b834e6291546db40,matched,76128533B54396396829952,5243.21897884346,fs1-3016a20fd3ad,,2021.0,exact_or_spacing,Dakshina Kannada,False,https://www.geoboundaries.org/api/current/gbOpen/IND/ADM2/,"District identity matched; 2021 reference geometry, NOT event-year boundary equivalence. No parent substitution.",
E060::udupi,E060,2018-0216-IND,2018-05-29,Karnataka,Udupi,district,FAO/GAUL/2015/level2,matched,70166.0,3905.2465000015695,fs1-3016a20fd3ad,,,,,,,,
E061::biswanath,E061,2018-0205-IND,2018-06-22,Assam,Biswanath,district,geoBoundaries/gbOpen/IND/ADM2/2021@8bef6929fd65432e7dc775e7c44473e84efff064ebddbfd6b834e6291546db40,matched,76128533B40714385808093,1795.9804068303213,fs1-3016a20fd3ad,,2021.0,exact_or_spacing,Biswanath,False,https://www.geoboundaries.org/api/current/gbOpen/IND/ADM2/,"District identity matched; 2021 reference geometry, NOT event-year boundary equivalence. No parent substitution.",
E061::cachar,E061,2018-0205-IND,2018-06-22,Assam,Cachar,district,FAO/GAUL/2015/level2,matched,17577.0,3806.329961738336,fs1-3016a20fd3ad,,,,,,,,
E061::east%20karbi%20anglong,E061,2018-0205-IND,2018-06-22,Assam,East Karbi Anglong,district,geoBoundaries/gbOpen/IND/ADM2/2021@8bef6929fd65432e7dc775e7c44473e84efff064ebddbfd6b834e6291546db40,matched,76128533B38548995376745,7303.723967073078,fs1-3016a20fd3ad,,2021.0,reviewed_alias,Karbi Anglong East,False,https://www.geoboundaries.org/api/current/gbOpen/IND/ADM2/,"District identity matched; 2021 reference geometry, NOT event-year boundary equivalence. No parent substitution.",
E061::golaghat,E061,2018-0205-IND,2018-06-22,Assam,Golaghat,district,FAO/GAUL/2015/level2,matched,17582.0,3532.2679838886856,fs1-3016a20fd3ad,,,,,,,,
E061::hailakandi,E061,2018-0205-IND,2018-06-22,Assam,Hailakandi,district,FAO/GAUL/2015/level2,matched,70088.0,1336.4605858584375,fs1-3016a20fd3ad,,,,,,,,
E061::hojai,E061,2018-0205-IND,2018-06-22,Assam,Hojai,district,geoBoundaries/gbOpen/IND/ADM2/2021@8bef6929fd65432e7dc775e7c44473e84efff064ebddbfd6b834e6291546db40,matched,76128533B70315194619807,1456.4677644953886,fs1-3016a20fd3ad,,2021.0,exact_or_spacing,Hojai,False,https://www.geoboundaries.org/api/current/gbOpen/IND/ADM2/,"District identity matched; 2021 reference geometry, NOT event-year boundary equivalence. No parent substitution.",
E061::karimganj,E061,2018-0205-IND,2018-06-22,Assam,Karimganj,district,FAO/GAUL/2015/level2,matched,17585.0,1856.722473230466,fs1-3016a20fd3ad,,,,,,,,
E061::nagaon,E061,2018-0205-IND,2018-06-22,Assam,Nagaon,district,FAO/GAUL/2015/level2,matched,17589.0,3997.4423095607103,fs1-3016a20fd3ad,,,,,,,,
E061::west%20karbi%20anglong,E061,2018-0205-IND,2018-06-22,Assam,West Karbi Anglong,district,geoBoundaries/gbOpen/IND/ADM2/2021@8bef6929fd65432e7dc775e7c44473e84efff064ebddbfd6b834e6291546db40,matched,76128533B57995625790051,3106.68686919722,fs1-3016a20fd3ad,,2021.0,reviewed_alias,Karbi Anglong West,False,https://www.geoboundaries.org/api/current/gbOpen/IND/ADM2/,"District identity matched; 2021 reference geometry, NOT event-year boundary equivalence. No parent substitution.",
E064::gajapati,E064,2018-0286-IND,2018-07-20,Odisha,Gajapati,district,FAO/GAUL/2015/level2,matched,70213.0,4080.383431631814,fs1-3016a20fd3ad,,,,,,,,
E064::kandhamal,E064,2018-0286-IND,2018-07-20,Odisha,Kandhamal,district,FAO/GAUL/2015/level2,matched,70217.0,8088.528530440674,fs1-3016a20fd3ad,,,,,,,,
E064::malkangiri,E064,2018-0286-IND,2018-07-20,Odisha,Malkangiri,district,FAO/GAUL/2015/level2,matched,70220.0,5849.646224352819,fs1-3016a20fd3ad,,,,,,,,
E064::rayagada,E064,2018-0286-IND,2018-07-20,Odisha,Rayagada,district,FAO/GAUL/2015/level2,matched,70224.0,7404.113889009227,fs1-3016a20fd3ad,,,,,,,,
E065::banswara,E065,2018-0267-IND,2018-07-26,Rajasthan,Banswara,district,FAO/GAUL/2015/level2,matched,17836.0,5054.788817709968,fs1-3016a20fd3ad,,,,,,,,
E065::dungarpur,E065,2018-0267-IND,2018-07-26,Rajasthan,Dungarpur,district,FAO/GAUL/2015/level2,matched,17845.0,3785.079096662621,fs1-3016a20fd3ad,,,,,,,,
E065::jhalawar,E065,2018-0267-IND,2018-07-26,Rajasthan,Jhalawar,district,FAO/GAUL/2015/level2,matched,17850.0,6261.78152754128,fs1-3016a20fd3ad,,,,,,,,
E065::kota,E065,2018-0267-IND,2018-07-26,Rajasthan,Kota,district,FAO/GAUL/2015/level2,matched,17853.0,5514.285932841976,fs1-3016a20fd3ad,,,,,,,,
E066::agra,E066,2018-0267-IND,2018-07-26,Uttar Pradesh,Agra,district,FAO/GAUL/2015/level2,matched,17888.0,3532.421316691642,fs1-3016a20fd3ad,,,,,,,,
E066::baghpat,E066,2018-0267-IND,2018-07-26,Uttar Pradesh,Baghpat,district,FAO/GAUL/2015/level2,matched,70260.0,1334.180902576051,fs1-3016a20fd3ad,,,,,,,,
E066::banda,E066,2018-0267-IND,2018-07-26,Uttar Pradesh,Banda,district,FAO/GAUL/2015/level2,matched,17895.0,4528.7470438726,fs1-3016a20fd3ad,,,,,,,,
E066::bareilly,E066,2018-0267-IND,2018-07-26,Uttar Pradesh,Bareilly,district,FAO/GAUL/2015/level2,matched,17897.0,3788.7356046539953,fs1-3016a20fd3ad,,,,,,,,
E066::bulandshahr,E066,2018-0267-IND,2018-07-26,Uttar Pradesh,Bulandshahr,district,FAO/GAUL/2015/level2,matched,17901.0,3584.07720572916,fs1-3016a20fd3ad,,,,,,,,
E066::ghaziabad,E066,2018-0267-IND,2018-07-26,Uttar Pradesh,Ghaziabad,district,FAO/GAUL/2015/level2,matched,17911.0,1978.232816865952,fs1-3016a20fd3ad,,,,,,,,
E066::hapur,E066,2018-0267-IND,2018-07-26,Uttar Pradesh,Hapur,district,geoBoundaries/gbOpen/IND/ADM2/2021@8bef6929fd65432e7dc775e7c44473e84efff064ebddbfd6b834e6291546db40,matched,76128533B87317961648652,1066.5711412404885,fs1-3016a20fd3ad,,2021.0,exact_or_spacing,Hapur,False,https://www.geoboundaries.org/api/current/gbOpen/IND/ADM2/,"District identity matched; 2021 reference geometry, NOT event-year boundary equivalence. No parent substitution.",
E066::jalaun,E066,2018-0267-IND,2018-07-26,Uttar Pradesh,Jalaun,district,FAO/GAUL/2015/level2,matched,17917.0,4572.286607377707,fs1-3016a20fd3ad,,,,,,,,
E066::kasganj,E066,2018-0267-IND,2018-07-26,Uttar Pradesh,Kasganj,district,geoBoundaries/gbOpen/IND/ADM2/2021@8bef6929fd65432e7dc775e7c44473e84efff064ebddbfd6b834e6291546db40,matched,76128533B7643504807381,2019.3990921935888,fs1-3016a20fd3ad,,2021.0,reviewed_alias,Kanshiram Nagar,False,https://www.geoboundaries.org/api/current/gbOpen/IND/ADM2/,"District identity matched; 2021 reference geometry, NOT event-year boundary equivalence. No parent substitution.",
E066::mainpuri,E066,2018-0267-IND,2018-07-26,Uttar Pradesh,Mainpuri,district,FAO/GAUL/2015/level2,matched,17924.0,2755.0367810593875,fs1-3016a20fd3ad,,,,,,,,
E066::mathura,E066,2018-0267-IND,2018-07-26,Uttar Pradesh,Mathura,district,FAO/GAUL/2015/level2,matched,17925.0,3379.400652903366,fs1-3016a20fd3ad,,,,,,,,
E066::meerut,E066,2018-0267-IND,2018-07-26,Uttar Pradesh,Meerut,district,FAO/GAUL/2015/level2,matched,17926.0,2608.57578610324,fs1-3016a20fd3ad,,,,,,,,
E066::muzaffarnagar,E066,2018-0267-IND,2018-07-26,Uttar Pradesh,Muzaffarnagar,district,FAO/GAUL/2015/level2,matched,17929.0,4053.9910928534105,fs1-3016a20fd3ad,,,,,,,,
E066::saharanpur,E066,2018-0267-IND,2018-07-26,Uttar Pradesh,Saharanpur,district,FAO/GAUL/2015/level2,matched,17936.0,3724.500994339668,fs1-3016a20fd3ad,,,,,,,,
E067::barpeta,E067,2018-0345-IND,2018-08-02,Assam,Barpeta,district,FAO/GAUL/2015/level2,matched,17576.0,3253.622989828742,fs1-3016a20fd3ad,,,,,,,,
E067::darrang,E067,2018-0345-IND,2018-08-02,Assam,Darrang,district,FAO/GAUL/2015/level2,matched,17578.0,3426.9679336953163,fs1-3016a20fd3ad,,,,,,,,
E067::dhemaji,E067,2018-0345-IND,2018-08-02,Assam,Dhemaji,district,FAO/GAUL/2015/level2,matched,70087.0,2503.3476339074205,fs1-3016a20fd3ad,,,,,,,,
E067::golaghat,E067,2018-0345-IND,2018-08-02,Assam,Golaghat,district,FAO/GAUL/2015/level2,matched,17582.0,3532.2679838886856,fs1-3016a20fd3ad,,,,,,,,
E067::lakhimpur,E067,2018-0345-IND,2018-08-02,Assam,Lakhimpur,district,FAO/GAUL/2015/level2,matched,70091.0,2886.5239581816727,fs1-3016a20fd3ad,,,,,,,,
E067::sivasagar,E067,2018-0345-IND,2018-08-02,Assam,Sivasagar,district,geoBoundaries/gbOpen/IND/ADM2/2021@8bef6929fd65432e7dc775e7c44473e84efff064ebddbfd6b834e6291546db40,matched,76128533B21722277889516,1526.651765771626,fs1-3016a20fd3ad,,2021.0,exact_or_spacing,Sivasagar,False,https://www.geoboundaries.org/api/current/gbOpen/IND/ADM2/,"District identity matched; 2021 reference geometry, NOT event-year boundary equivalence. No parent substitution.",
E067::sonitpur,E067,2018-0345-IND,2018-08-02,Assam,Sonitpur,district,FAO/GAUL/2015/level2,matched,17593.0,4676.158375740257,fs1-3016a20fd3ad,,,,,,,,
E067::udalguri,E067,2018-0345-IND,2018-08-02,Assam,Udalguri,district,geoBoundaries/gbOpen/IND/ADM2/2021@8bef6929fd65432e7dc775e7c44473e84efff064ebddbfd6b834e6291546db40,matched,76128533B20307518801538,2056.2913712488385,fs1-3016a20fd3ad,,2021.0,exact_or_spacing,Udalguri,False,https://www.geoboundaries.org/api/current/gbOpen/IND/ADM2/,"District identity matched; 2021 reference geometry, NOT event-year boundary equivalence. No parent substitution.",
E068::bankura,E068,2018-0345-IND,2018-08-02,West Bengal,Bankura,district,FAO/GAUL/2015/level2,matched,17945.0,6981.566770524623,fs1-3016a20fd3ad,,,,,,,,
E069::barpeta,E069,2018-0295-IND,2018-08-07,Assam,Barpeta,district,FAO/GAUL/2015/level2,matched,17576.0,3253.622989828742,fs1-3016a20fd3ad,,,,,,,,
E069::biswanath,E069,2018-0295-IND,2018-08-07,Assam,Biswanath,district,geoBoundaries/gbOpen/IND/ADM2/2021@8bef6929fd65432e7dc775e7c44473e84efff064ebddbfd6b834e6291546db40,matched,76128533B40714385808093,1795.9804068303213,fs1-3016a20fd3ad,,2021.0,exact_or_spacing,Biswanath,False,https://www.geoboundaries.org/api/current/gbOpen/IND/ADM2/,"District identity matched; 2021 reference geometry, NOT event-year boundary equivalence. No parent substitution.",
E069::cachar,E069,2018-0295-IND,2018-08-07,Assam,Cachar,district,FAO/GAUL/2015/level2,matched,17577.0,3806.329961738336,fs1-3016a20fd3ad,,,,,,,,
E069::charaideo,E069,2018-0295-IND,2018-08-07,Assam,Charaideo,district,geoBoundaries/gbOpen/IND/ADM2/2021@8bef6929fd65432e7dc775e7c44473e84efff064ebddbfd6b834e6291546db40,matched,76128533B89228414823983,1051.5010239181354,fs1-3016a20fd3ad,,2021.0,exact_or_spacing,Charaideo,False,https://www.geoboundaries.org/api/current/gbOpen/IND/ADM2/,"District identity matched; 2021 reference geometry, NOT event-year boundary equivalence. No parent substitution.",
E069::chirang,E069,2018-0295-IND,2018-08-07,Assam,Chirang,district,geoBoundaries/gbOpen/IND/ADM2/2021@8bef6929fd65432e7dc775e7c44473e84efff064ebddbfd6b834e6291546db40,matched,76128533B56012535339305,1586.6528982343073,fs1-3016a20fd3ad,,2021.0,exact_or_spacing,Chirang,False,https://www.geoboundaries.org/api/current/gbOpen/IND/ADM2/,"District identity matched; 2021 reference geometry, NOT event-year boundary equivalence. No parent substitution.",
E069::darrang,E069,2018-0295-IND,2018-08-07,Assam,Darrang,district,FAO/GAUL/2015/level2,matched,17578.0,3426.9679336953163,fs1-3016a20fd3ad,,,,,,,,
E069::dhemaji,E069,2018-0295-IND,2018-08-07,Assam,Dhemaji,district,FAO/GAUL/2015/level2,matched,70087.0,2503.3476339074205,fs1-3016a20fd3ad,,,,,,,,
E069::dibrugarh,E069,2018-0295-IND,2018-08-07,Assam,Dibrugarh,district,FAO/GAUL/2015/level2,matched,17580.0,3397.4818067287138,fs1-3016a20fd3ad,,,,,,,,
E069::dima%20hasao,E069,2018-0295-IND,2018-08-07,Assam,Dima Hasao,district,geoBoundaries/gbOpen/IND/ADM2/2021@8bef6929fd65432e7dc775e7c44473e84efff064ebddbfd6b834e6291546db40,matched,76128533B66125202864966,4914.108784116743,fs1-3016a20fd3ad,,2021.0,exact_or_spacing,Dima Hasao,False,https://www.geoboundaries.org/api/current/gbOpen/IND/ADM2/,"District identity matched; 2021 reference geometry, NOT event-year boundary equivalence. No parent substitution.",
E069::east%20karbi%20anglong,E069,2018-0295-IND,2018-08-07,Assam,East Karbi Anglong,district,geoBoundaries/gbOpen/IND/ADM2/2021@8bef6929fd65432e7dc775e7c44473e84efff064ebddbfd6b834e6291546db40,matched,76128533B38548995376745,7303.723967073078,fs1-3016a20fd3ad,,2021.0,reviewed_alias,Karbi Anglong East,False,https://www.geoboundaries.org/api/current/gbOpen/IND/ADM2/,"District identity matched; 2021 reference geometry, NOT event-year boundary equivalence. No parent substitution.",
E069::golaghat,E069,2018-0295-IND,2018-08-07,Assam,Golaghat,district,FAO/GAUL/2015/level2,matched,17582.0,3532.2679838886856,fs1-3016a20fd3ad,,,,,,,,
E069::hailakandi,E069,2018-0295-IND,2018-08-07,Assam,Hailakandi,district,FAO/GAUL/2015/level2,matched,70088.0,1336.4605858584375,fs1-3016a20fd3ad,,,,,,,,
E069::hojai,E069,2018-0295-IND,2018-08-07,Assam,Hojai,district,geoBoundaries/gbOpen/IND/ADM2/2021@8bef6929fd65432e7dc775e7c44473e84efff064ebddbfd6b834e6291546db40,matched,76128533B70315194619807,1456.4677644953886,fs1-3016a20fd3ad,,2021.0,exact_or_spacing,Hojai,False,https://www.geoboundaries.org/api/current/gbOpen/IND/ADM2/,"District identity matched; 2021 reference geometry, NOT event-year boundary equivalence. No parent substitution.",
E069::jorhat,E069,2018-0295-IND,2018-08-07,Assam,Jorhat,district,FAO/GAUL/2015/level2,matched,70089.0,2842.716884638612,fs1-3016a20fd3ad,,,,,,,,
E069::karimganj,E069,2018-0295-IND,2018-08-07,Assam,Karimganj,district,FAO/GAUL/2015/level2,matched,17585.0,1856.722473230466,fs1-3016a20fd3ad,,,,,,,,
E069::kokrajhar,E069,2018-0295-IND,2018-08-07,Assam,Kokrajhar,district,FAO/GAUL/2015/level2,matched,70090.0,3329.2233881813268,fs1-3016a20fd3ad,,,,,,,,
E069::lakhimpur,E069,2018-0295-IND,2018-08-07,Assam,Lakhimpur,district,FAO/GAUL/2015/level2,matched,70091.0,2886.5239581816727,fs1-3016a20fd3ad,,,,,,,,
E069::majuli,E069,2018-0295-IND,2018-08-07,Assam,Majuli,district,geoBoundaries/gbOpen/IND/ADM2/2021@8bef6929fd65432e7dc775e7c44473e84efff064ebddbfd6b834e6291546db40,matched,76128533B15157901669242,1250.5943287677335,fs1-3016a20fd3ad,,2021.0,exact_or_spacing,Majuli,False,https://www.geoboundaries.org/api/current/gbOpen/IND/ADM2/,"District identity matched; 2021 reference geometry, NOT event-year boundary equivalence. No parent substitution.",
E069::nagaon,E069,2018-0295-IND,2018-08-07,Assam,Nagaon,district,FAO/GAUL/2015/level2,matched,17589.0,3997.4423095607103,fs1-3016a20fd3ad,,,,,,,,
E069::nalbari,E069,2018-0295-IND,2018-08-07,Assam,Nalbari,district,FAO/GAUL/2015/level2,matched,17590.0,2339.8796955273547,fs1-3016a20fd3ad,,,,,,,,
E069::sivasagar,E069,2018-0295-IND,2018-08-07,Assam,Sivasagar,district,geoBoundaries/gbOpen/IND/ADM2/2021@8bef6929fd65432e7dc775e7c44473e84efff064ebddbfd6b834e6291546db40,matched,76128533B21722277889516,1526.651765771626,fs1-3016a20fd3ad,,2021.0,exact_or_spacing,Sivasagar,False,https://www.geoboundaries.org/api/current/gbOpen/IND/ADM2/,"District identity matched; 2021 reference geometry, NOT event-year boundary equivalence. No parent substitution.",
E069::sonitpur,E069,2018-0295-IND,2018-08-07,Assam,Sonitpur,district,FAO/GAUL/2015/level2,matched,17593.0,4676.158375740257,fs1-3016a20fd3ad,,,,,,,,
E069::tinsukia,E069,2018-0295-IND,2018-08-07,Assam,Tinsukia,district,FAO/GAUL/2015/level2,matched,70093.0,3799.190193815676,fs1-3016a20fd3ad,,,,,,,,
E069::udalguri,E069,2018-0295-IND,2018-08-07,Assam,Udalguri,district,geoBoundaries/gbOpen/IND/ADM2/2021@8bef6929fd65432e7dc775e7c44473e84efff064ebddbfd6b834e6291546db40,matched,76128533B20307518801538,2056.2913712488325,fs1-3016a20fd3ad,,2021.0,exact_or_spacing,Udalguri,False,https://www.geoboundaries.org/api/current/gbOpen/IND/ADM2/,"District identity matched; 2021 reference geometry, NOT event-year boundary equivalence. No parent substitution.",
E069::west%20karbi%20anglong,E069,2018-0295-IND,2018-08-07,Assam,West Karbi Anglong,district,geoBoundaries/gbOpen/IND/ADM2/2021@8bef6929fd65432e7dc775e7c44473e84efff064ebddbfd6b834e6291546db40,matched,76128533B57995625790051,3106.6868691946506,fs1-3016a20fd3ad,,2021.0,reviewed_alias,Karbi Anglong West,False,https://www.geoboundaries.org/api/current/gbOpen/IND/ADM2/,"District identity matched; 2021 reference geometry, NOT event-year boundary equivalence. No parent substitution.",
E070::chamba,E070,2018-0295-IND,2018-08-07,Himachal Pradesh,Chamba,district,FAO/GAUL/2015/level2,matched,17667.0,6056.411356305338,fs1-3016a20fd3ad,,,,,,,,
E070::hamirpur,E070,2018-0295-IND,2018-08-07,Himachal Pradesh,Hamirpur,district,FAO/GAUL/2015/level2,matched,17668.0,1122.326232597962,fs1-3016a20fd3ad,,,,,,,,
E070::kangra,E070,2018-0295-IND,2018-08-07,Himachal Pradesh,Kangra,district,FAO/GAUL/2015/level2,matched,17669.0,5710.452547791486,fs1-3016a20fd3ad,,,,,,,,
E070::kullu,E070,2018-0295-IND,2018-08-07,Himachal Pradesh,Kullu,district,FAO/GAUL/2015/level2,matched,17671.0,5505.982355912866,fs1-3016a20fd3ad,,,,,,,,
E070::mandi,E070,2018-0295-IND,2018-08-07,Himachal Pradesh,Mandi,district,FAO/GAUL/2015/level2,matched,17673.0,3951.2717684747336,fs1-3016a20fd3ad,,,,,,,,
E070::shimla,E070,2018-0295-IND,2018-08-07,Himachal Pradesh,Shimla,district,FAO/GAUL/2015/level2,matched,17674.0,5136.6062379686,fs1-3016a20fd3ad,,,,,,,,
E071::alappuzha,E071,2018-0295-IND,2018-08-07,Kerala,Alappuzha,district,FAO/GAUL/2015/level2,matched,70298.0,1316.6907112011845,fs1-3016a20fd3ad,,,,,,,,
E071::ernakulam,E071,2018-0295-IND,2018-08-07,Kerala,Ernakulam,district,FAO/GAUL/2015/level2,matched,17699.0,2305.474714394872,fs1-3016a20fd3ad,,,,,,,,
E071::idukki,E071,2018-0295-IND,2018-08-07,Kerala,Idukki,district,FAO/GAUL/2015/level2,matched,17700.0,5010.411036324633,fs1-3016a20fd3ad,,,,,,,,
E071::kannur,E071,2018-0295-IND,2018-08-07,Kerala,Kannur,district,FAO/GAUL/2015/level2,matched,17698.0,2812.193678917521,fs1-3016a20fd3ad,,,,,,,,
E071::kasaragod,E071,2018-0295-IND,2018-08-07,Kerala,Kasaragod,district,FAO/GAUL/2015/level2,matched,17701.0,1972.6636827859088,fs1-3016a20fd3ad,,,,,,,,
E071::kollam,E071,2018-0295-IND,2018-08-07,Kerala,Kollam,district,FAO/GAUL/2015/level2,matched,17707.0,2363.0186325698423,fs1-3016a20fd3ad,,,,,,,,
E071::kottayam,E071,2018-0295-IND,2018-08-07,Kerala,Kottayam,district,FAO/GAUL/2015/level2,matched,17702.0,2143.385583622296,fs1-3016a20fd3ad,,,,,,,,
E071::kozhikode,E071,2018-0295-IND,2018-08-07,Kerala,Kozhikode,district,FAO/GAUL/2015/level2,matched,17703.0,2285.6176079375005,fs1-3016a20fd3ad,,,,,,,,
E071::malappuram,E071,2018-0295-IND,2018-08-07,Kerala,Malappuram,district,FAO/GAUL/2015/level2,matched,17704.0,3517.427723973104,fs1-3016a20fd3ad,,,,,,,,
E071::palakkad,E071,2018-0295-IND,2018-08-07,Kerala,Palakkad,district,FAO/GAUL/2015/level2,matched,17705.0,4489.876823790321,fs1-3016a20fd3ad,,,,,,,,
E071::pathanamthitta,E071,2018-0295-IND,2018-08-07,Kerala,Pathanamthitta,district,geoBoundaries/gbOpen/IND/ADM2/2021@8bef6929fd65432e7dc775e7c44473e84efff064ebddbfd6b834e6291546db40,matched,76128533B29330052395581,2663.6118314901764,fs1-3016a20fd3ad,,2021.0,exact_or_spacing,Pathanamthitta,False,https://www.geoboundaries.org/api/current/gbOpen/IND/ADM2/,"District identity matched; 2021 reference geometry, NOT event-year boundary equivalence. No parent substitution.",
E071::thiruvananthapuram,E071,2018-0295-IND,2018-08-07,Kerala,Thiruvananthapuram,district,FAO/GAUL/2015/level2,matched,17709.0,2047.560453755721,fs1-3016a20fd3ad,,,,,,,,
E071::thrissur,E071,2018-0295-IND,2018-08-07,Kerala,Thrissur,district,FAO/GAUL/2015/level2,matched,17708.0,2961.767200211148,fs1-3016a20fd3ad,,,,,,,,
E071::wayanad,E071,2018-0295-IND,2018-08-07,Kerala,Wayanad,district,FAO/GAUL/2015/level2,matched,17710.0,2130.300649398313,fs1-3016a20fd3ad,,,,,,,,
E072::kolhapur,E072,2018-0295-IND,2018-08-07,Maharashtra,Kolhapur,district,FAO/GAUL/2015/level2,matched,17769.0,7680.572392490604,fs1-3016a20fd3ad,,,,,,,,
E072::mumbai%20city,E072,2018-0295-IND,2018-08-07,Maharashtra,Mumbai City,district,FAO/GAUL/2015/level2,matched,70184.0,77.22400864672608,fs1-3016a20fd3ad,,,,,,,,
E072::mumbai%20suburban,E072,2018-0295-IND,2018-08-07,Maharashtra,Mumbai Suburban,district,FAO/GAUL/2015/level2,matched,70183.0,409.3994670782586,fs1-3016a20fd3ad,,,,,,,,
E072::palghar,E072,2018-0295-IND,2018-08-07,Maharashtra,Palghar,district,geoBoundaries/gbOpen/IND/ADM2/2021@8bef6929fd65432e7dc775e7c44473e84efff064ebddbfd6b834e6291546db40,matched,76128533B37148244536449,5355.281971404182,fs1-3016a20fd3ad,,2021.0,exact_or_spacing,Palghar,False,https://www.geoboundaries.org/api/current/gbOpen/IND/ADM2/,"District identity matched; 2021 reference geometry, NOT event-year boundary equivalence. No parent substitution.",
E072::raigad,E072,2018-0295-IND,2018-08-07,Maharashtra,Raigad,district,geoBoundaries/gbOpen/IND/ADM2/2021@8bef6929fd65432e7dc775e7c44473e84efff064ebddbfd6b834e6291546db40,matched,76128533B99895802074414,6987.901171135931,fs1-3016a20fd3ad,,2021.0,census_label_alias,Raigarh,False,https://censusindia.gov.in/nada/index.php/catalog/42557,"District identity matched; 2021 reference geometry, NOT event-year boundary equivalence. No parent substitution.",
E072::ratnagiri,E072,2018-0295-IND,2018-08-07,Maharashtra,Ratnagiri,district,FAO/GAUL/2015/level2,matched,17778.0,8501.126377449938,fs1-3016a20fd3ad,,,,,,,,
E072::thane,E072,2018-0295-IND,2018-08-07,Maharashtra,Thane,district,FAO/GAUL/2015/level2,matched,17783.0,9454.897228160951,fs1-3016a20fd3ad,,,,,,,,
E073::dimapur,E073,2018-0295-IND,2018-08-07,Nagaland,Dimapur,district,FAO/GAUL/2015/level2,matched,70205.0,868.5075566110293,fs1-3016a20fd3ad,,,,,,,,
E073::kiphire,E073,2018-0295-IND,2018-08-07,Nagaland,Kiphire,district,geoBoundaries/gbOpen/IND/ADM2/2021@8bef6929fd65432e7dc775e7c44473e84efff064ebddbfd6b834e6291546db40,matched,76128533B49100243723360,1146.2673390398877,fs1-3016a20fd3ad,,2021.0,exact_or_spacing,Kiphire,False,https://www.geoboundaries.org/api/current/gbOpen/IND/ADM2/,"District identity matched; 2021 reference geometry, NOT event-year boundary equivalence. No parent substitution.",
E073::kohima,E073,2018-0295-IND,2018-08-07,Nagaland,Kohima,district,FAO/GAUL/2015/level2,matched,17801.0,3000.116257660175,fs1-3016a20fd3ad,,,,,,,,
E073::longleng,E073,2018-0295-IND,2018-08-07,Nagaland,Longleng,district,geoBoundaries/gbOpen/IND/ADM2/2021@8bef6929fd65432e7dc775e7c44473e84efff064ebddbfd6b834e6291546db40,matched,76128533B66411945144923,510.4500440909514,fs1-3016a20fd3ad,,2021.0,exact_or_spacing,Longleng,False,https://www.geoboundaries.org/api/current/gbOpen/IND/ADM2/,"District identity matched; 2021 reference geometry, NOT event-year boundary equivalence. No parent substitution.",
E073::mokokchung,E073,2018-0295-IND,2018-08-07,Nagaland,Mokokchung,district,FAO/GAUL/2015/level2,matched,17802.0,1608.6120137611415,fs1-3016a20fd3ad,,,,,,,,
E073::mon,E073,2018-0295-IND,2018-08-07,Nagaland,Mon,district,FAO/GAUL/2015/level2,matched,17803.0,2130.495255244007,fs1-3016a20fd3ad,,,,,,,,
E073::peren,E073,2018-0295-IND,2018-08-07,Nagaland,Peren,district,geoBoundaries/gbOpen/IND/ADM2/2021@8bef6929fd65432e7dc775e7c44473e84efff064ebddbfd6b834e6291546db40,matched,76128533B2970909480221,1794.7346034717525,fs1-3016a20fd3ad,,2021.0,exact_or_spacing,Peren,False,https://www.geoboundaries.org/api/current/gbOpen/IND/ADM2/,"District identity matched; 2021 reference geometry, NOT event-year boundary equivalence. No parent substitution.",
E073::phek,E073,2018-0295-IND,2018-08-07,Nagaland,Phek,district,FAO/GAUL/2015/level2,matched,17804.0,1906.428763538232,fs1-3016a20fd3ad,,,,,,,,
E073::tuensang,E073,2018-0295-IND,2018-08-07,Nagaland,Tuensang,district,FAO/GAUL/2015/level2,matched,17805.0,3789.750062415454,fs1-3016a20fd3ad,,,,,,,,
E073::wokha,E073,2018-0295-IND,2018-08-07,Nagaland,Wokha,district,FAO/GAUL/2015/level2,matched,17806.0,1629.4709240929494,fs1-3016a20fd3ad,,,,,,,,
E073::zunheboto,E073,2018-0295-IND,2018-08-07,Nagaland,Zunheboto,district,FAO/GAUL/2015/level2,matched,17807.0,1576.6578363056528,fs1-3016a20fd3ad,,,,,,,,
E074::koraput,E074,2018-0295-IND,2018-08-07,Odisha,Koraput,district,FAO/GAUL/2015/level2,matched,17814.0,8608.98899052561,fs1-3016a20fd3ad,,,,,,,,
E074::nabarangpur,E074,2018-0295-IND,2018-08-07,Odisha,Nabarangpur,district,FAO/GAUL/2015/level2,matched,70221.0,5324.008778426437,fs1-3016a20fd3ad,,,,,,,,
E074::rayagada,E074,2018-0295-IND,2018-08-07,Odisha,Rayagada,district,FAO/GAUL/2015/level2,matched,70224.0,7404.113889009227,fs1-3016a20fd3ad,,,,,,,,
E075::ambedkar%20nagar,E075,2018-0295-IND,2018-08-07,Uttar Pradesh,Ambedkar Nagar,district,FAO/GAUL/2015/level2,matched,70257.0,2328.994244483866,fs1-3016a20fd3ad,,,,,,,,
E075::ayodhya,E075,2018-0295-IND,2018-08-07,Uttar Pradesh,Ayodhya,district,geoBoundaries/gbOpen/IND/ADM2/2021@8bef6929fd65432e7dc775e7c44473e84efff064ebddbfd6b834e6291546db40,matched,76128533B60320291189162,2675.800154387558,fs1-3016a20fd3ad,,2021.0,reviewed_alias,Faizabad,False,https://ayodhya.nic.in/,"District identity matched; 2021 reference geometry, NOT event-year boundary equivalence. No parent substitution.",
E075::bahraich,E075,2018-0295-IND,2018-08-07,Uttar Pradesh,Bahraich,district,FAO/GAUL/2015/level2,matched,17893.0,3705.0099637131552,fs1-3016a20fd3ad,,,,,,,,
E075::barabanki,E075,2018-0295-IND,2018-08-07,Uttar Pradesh,Barabanki,district,FAO/GAUL/2015/level2,matched,17896.0,4440.0005417469865,fs1-3016a20fd3ad,,,,,,,,
E075::basti,E075,2018-0295-IND,2018-08-07,Uttar Pradesh,Basti,district,FAO/GAUL/2015/level2,matched,17898.0,2522.0744554746907,fs1-3016a20fd3ad,,,,,,,,
E075::bijnor,E075,2018-0295-IND,2018-08-07,Uttar Pradesh,Bijnor,district,FAO/GAUL/2015/level2,matched,17899.0,4319.741895171613,fs1-3016a20fd3ad,,,,,,,,
E075::farrukhabad,E075,2018-0295-IND,2018-08-07,Uttar Pradesh,Farrukhabad,district,FAO/GAUL/2015/level2,matched,17908.0,2188.008861953001,fs1-3016a20fd3ad,,,,,,,,
E075::gonda,E075,2018-0295-IND,2018-08-07,Uttar Pradesh,Gonda,district,FAO/GAUL/2015/level2,matched,17913.0,4014.846082655345,fs1-3016a20fd3ad,,,,,,,,
E075::kanpur%20dehat,E075,2018-0295-IND,2018-08-07,Uttar Pradesh,Kanpur Dehat,district,FAO/GAUL/2015/level2,matched,70269.0,5042.756979466441,fs1-3016a20fd3ad,,,,,,,,
E075::kanpur%20nagar,E075,2018-0295-IND,2018-08-07,Uttar Pradesh,Kanpur Nagar,district,geoBoundaries/gbOpen/IND/ADM2/2021@8bef6929fd65432e7dc775e7c44473e84efff064ebddbfd6b834e6291546db40,matched,76128533B23710487943819,2904.729879575871,fs1-3016a20fd3ad,,2021.0,exact_or_spacing,Kanpur Nagar,False,https://www.geoboundaries.org/api/current/gbOpen/IND/ADM2/,"District identity matched; 2021 reference geometry, NOT event-year boundary equivalence. No parent substitution.",
E075::kushinagar,E075,2018-0295-IND,2018-08-07,Uttar Pradesh,Kushinagar,district,FAO/GAUL/2015/level2,matched,70271.0,2893.16087554316,fs1-3016a20fd3ad,,,,,,,,
E075::lakhimpur%20kheri,E075,2018-0295-IND,2018-08-07,Uttar Pradesh,Lakhimpur Kheri,district,FAO/GAUL/2015/level2,matched,17921.0,7708.742992388735,fs1-3016a20fd3ad,,,,,,,,
E075::mau,E075,2018-0295-IND,2018-08-07,Uttar Pradesh,Mau,district,FAO/GAUL/2015/level2,matched,70274.0,2070.491760227604,fs1-3016a20fd3ad,,,,,,,,
E075::pilibhit,E075,2018-0295-IND,2018-08-07,Uttar Pradesh,Pilibhit,district,FAO/GAUL/2015/level2,matched,17931.0,3594.1579683602813,fs1-3016a20fd3ad,,,,,,,,
E075::sant%20kabir%20nagar,E075,2018-0295-IND,2018-08-07,Uttar Pradesh,Sant Kabir Nagar,district,FAO/GAUL/2015/level2,matched,70275.0,1329.179989070325,fs1-3016a20fd3ad,,,,,,,,
E075::siddharthnagar,E075,2018-0295-IND,2018-08-07,Uttar Pradesh,Siddharthnagar,district,FAO/GAUL/2015/level2,matched,70278.0,3492.6137371813147,fs1-3016a20fd3ad,,,,,,,,
E075::sitapur,E075,2018-0295-IND,2018-08-07,Uttar Pradesh,Sitapur,district,FAO/GAUL/2015/level2,matched,17938.0,5789.793396469067,fs1-3016a20fd3ad,,,,,,,,
E076::alipurduar,E076,2018-0295-IND,2018-08-07,West Bengal,Alipurduar,district,geoBoundaries/gbOpen/IND/ADM2/2021@8bef6929fd65432e7dc775e7c44473e84efff064ebddbfd6b834e6291546db40,matched,76128533B23858286755005,2805.571892812845,fs1-3016a20fd3ad,,2021.0,exact_or_spacing,Alipurduar,False,https://www.geoboundaries.org/api/current/gbOpen/IND/ADM2/,"District identity matched; 2021 reference geometry, NOT event-year boundary equivalence. No parent substitution.",
E076::bankura,E076,2018-0295-IND,2018-08-07,West Bengal,Bankura,district,FAO/GAUL/2015/level2,matched,17945.0,6981.566770524623,fs1-3016a20fd3ad,,,,,,,,
E076::birbhum,E076,2018-0295-IND,2018-08-07,West Bengal,Birbhum,district,FAO/GAUL/2015/level2,matched,17947.0,4566.040490140597,fs1-3016a20fd3ad,,,,,,,,
E076::cooch%20behar,E076,2018-0295-IND,2018-08-07,West Bengal,Cooch Behar,district,geoBoundaries/gbOpen/IND/ADM2/2021@8bef6929fd65432e7dc775e7c44473e84efff064ebddbfd6b834e6291546db40,matched,76128533B64156747739715,3288.1312386454174,fs1-3016a20fd3ad,,2021.0,census_label_alias,Koch Bihar,False,https://censusindia.gov.in/nada/index.php/catalog/42557,"District identity matched; 2021 reference geometry, NOT event-year boundary equivalence. No parent substitution.",
E076::dakshin%20dinajpur,E076,2018-0295-IND,2018-08-07,West Bengal,Dakshin Dinajpur,district,FAO/GAUL/2015/level2,matched,70290.0,2107.683120443892,fs1-3016a20fd3ad,,,,,,,,
E076::darjeeling,E076,2018-0295-IND,2018-08-07,West Bengal,Darjeeling,district,geoBoundaries/gbOpen/IND/ADM2/2021@8bef6929fd65432e7dc775e7c44473e84efff064ebddbfd6b834e6291546db40,matched,76128533B17109302371020,2082.4452472301264,fs1-3016a20fd3ad,,2021.0,reviewed_alias,Darjiling,False,https://www.geoboundaries.org/api/current/gbOpen/IND/ADM2/,"District identity matched; 2021 reference geometry, NOT event-year boundary equivalence. No parent substitution.",
E076::east%20medinipur,E076,2018-0295-IND,2018-08-07,West Bengal,East Medinipur,district,geoBoundaries/gbOpen/IND/ADM2/2021@8bef6929fd65432e7dc775e7c44473e84efff064ebddbfd6b834e6291546db40,matched,76128533B25373378863054,4206.535570897585,fs1-3016a20fd3ad,,2021.0,census_label_alias,Purba Medinipur,False,https://censusindia.gov.in/nada/index.php/catalog/42557,"District identity matched; 2021 reference geometry, NOT event-year boundary equivalence. No parent substitution.",
E076::hooghly,E076,2018-0295-IND,2018-08-07,West Bengal,Hooghly,district,geoBoundaries/gbOpen/IND/ADM2/2021@8bef6929fd65432e7dc775e7c44473e84efff064ebddbfd6b834e6291546db40,matched,76128533B81857725777974,3153.550053477295,fs1-3016a20fd3ad,,2021.0,census_label_alias,Hugli,False,https://censusindia.gov.in/nada/index.php/catalog/42557,"District identity matched; 2021 reference geometry, NOT event-year boundary equivalence. No parent substitution.",
E076::howrah,E076,2018-0295-IND,2018-08-07,West Bengal,Howrah,district,geoBoundaries/gbOpen/IND/ADM2/2021@8bef6929fd65432e7dc775e7c44473e84efff064ebddbfd6b834e6291546db40,matched,76128533B22077262393417,1451.5753227599494,fs1-3016a20fd3ad,,2021.0,census_label_alias,Haora,False,https://censusindia.gov.in/nada/index.php/catalog/42557,"District identity matched; 2021 reference geometry, NOT event-year boundary equivalence. No parent substitution.",
E076::jalpaiguri,E076,2018-0295-IND,2018-08-07,West Bengal,Jalpaiguri,district,FAO/GAUL/2015/level2,matched,17951.0,6200.341009430311,fs1-3016a20fd3ad,,,,,,,,
E076::jhargram,E076,2018-0295-IND,2018-08-07,West Bengal,Jhargram,district,geoBoundaries/gbOpen/IND/ADM2/2021@8bef6929fd65432e7dc775e7c44473e84efff064ebddbfd6b834e6291546db40,matched,76128533B24861976740713,3096.557448032797,fs1-3016a20fd3ad,,2021.0,exact_or_spacing,Jhargram,False,https://www.geoboundaries.org/api/current/gbOpen/IND/ADM2/,"District identity matched; 2021 reference geometry, NOT event-year boundary equivalence. No parent substitution.",
E076::kalimpong,E076,2018-0295-IND,2018-08-07,West Bengal,Kalimpong,district,geoBoundaries/gbOpen/IND/ADM2/2021@8bef6929fd65432e7dc775e7c44473e84efff064ebddbfd6b834e6291546db40,matched,76128533B78458325839103,1110.133398229132,fs1-3016a20fd3ad,,2021.0,exact_or_spacing,Kalimpong,False,https://www.geoboundaries.org/api/current/gbOpen/IND/ADM2/,"District identity matched; 2021 reference geometry, NOT event-year boundary equivalence. No parent substitution.",
E076::kolkata,E076,2018-0295-IND,2018-08-07,West Bengal,Kolkata,district,FAO/GAUL/2015/level2,matched,70292.0,91.84529866788924,fs1-3016a20fd3ad,,,,,,,,
E076::murshidabad,E076,2018-0295-IND,2018-08-07,West Bengal,Murshidabad,district,FAO/GAUL/2015/level2,matched,17955.0,5473.753950605631,fs1-3016a20fd3ad,,,,,,,,
E076::nadia,E076,2018-0295-IND,2018-08-07,West Bengal,Nadia,district,FAO/GAUL/2015/level2,matched,17956.0,3995.2318634205153,fs1-3016a20fd3ad,,,,,,,,
E076::north%2024%20parganas,E076,2018-0295-IND,2018-08-07,West Bengal,North 24 Parganas,district,FAO/GAUL/2015/level2,matched,70293.0,6006.604976683008,fs1-3016a20fd3ad,,,,,,,,
E076::paschim%20bardhaman,E076,2018-0295-IND,2018-08-07,West Bengal,Paschim Bardhaman,district,geoBoundaries/gbOpen/IND/ADM2/2021@8bef6929fd65432e7dc775e7c44473e84efff064ebddbfd6b834e6291546db40,matched,76128533B60845263086042,1638.342752616778,fs1-3016a20fd3ad,,2021.0,reviewed_alias,Paschim Barddhaman,False,https://www.geoboundaries.org/api/current/gbOpen/IND/ADM2/,"District identity matched; 2021 reference geometry, NOT event-year boundary equivalence. No parent substitution.",
E076::purba%20bardhaman,E076,2018-0295-IND,2018-08-07,West Bengal,Purba Bardhaman,district,geoBoundaries/gbOpen/IND/ADM2/2021@8bef6929fd65432e7dc775e7c44473e84efff064ebddbfd6b834e6291546db40,matched,76128533B59121537940607,5396.808202076832,fs1-3016a20fd3ad,,2021.0,reviewed_alias,Barddhaman,False,https://www.geoboundaries.org/api/current/gbOpen/IND/ADM2/,"District identity matched; 2021 reference geometry, NOT event-year boundary equivalence. No parent substitution.",
E076::purulia,E076,2018-0295-IND,2018-08-07,West Bengal,Purulia,district,geoBoundaries/gbOpen/IND/ADM2/2021@8bef6929fd65432e7dc775e7c44473e84efff064ebddbfd6b834e6291546db40,matched,76128533B16811573188243,6255.530346174724,fs1-3016a20fd3ad,,2021.0,census_label_alias,Puruliya,False,https://censusindia.gov.in/nada/index.php/catalog/42557,"District identity matched; 2021 reference geometry, NOT event-year boundary equivalence. No parent substitution.",
E076::south%2024%20parganas,E076,2018-0295-IND,2018-08-07,West Bengal,South 24 Parganas,district,FAO/GAUL/2015/level2,matched,70294.0,5503.307786632012,fs1-3016a20fd3ad,,,,,,,,
E076::uttar%20dinajpur,E076,2018-0295-IND,2018-08-07,West Bengal,Uttar Dinajpur,district,FAO/GAUL/2015/level2,matched,70295.0,3356.268468886421,fs1-3016a20fd3ad,,,,,,,,
E076::west%20medinipur,E076,2018-0295-IND,2018-08-07,West Bengal,West Medinipur,district,geoBoundaries/gbOpen/IND/ADM2/2021@8bef6929fd65432e7dc775e7c44473e84efff064ebddbfd6b834e6291546db40,matched,76128533B88812350838807,6284.990303074793,fs1-3016a20fd3ad,,2021.0,reviewed_alias,Paschim Medinipur,False,https://www.geoboundaries.org/api/current/gbOpen/IND/ADM2/,"District identity matched; 2021 reference geometry, NOT event-year boundary equivalence. No parent substitution.",
E077::ambedkar%20nagar,E077,2018-0370-IND,2018-09-01,Uttar Pradesh,Ambedkar Nagar,district,FAO/GAUL/2015/level2,matched,70257.0,2328.994244483866,fs1-3016a20fd3ad,,,,,,,,
E077::amethi,E077,2018-0370-IND,2018-09-01,Uttar Pradesh,Amethi,district,geoBoundaries/gbOpen/IND/ADM2/2021@8bef6929fd65432e7dc775e7c44473e84efff064ebddbfd6b834e6291546db40,matched,76128533B13908294104682,2625.508237461462,fs1-3016a20fd3ad,,2021.0,exact_or_spacing,Amethi,False,https://www.geoboundaries.org/api/current/gbOpen/IND/ADM2/,"District identity matched; 2021 reference geometry, NOT event-year boundary equivalence. No parent substitution.",
E077::ayodhya,E077,2018-0370-IND,2018-09-01,Uttar Pradesh,Ayodhya,district,geoBoundaries/gbOpen/IND/ADM2/2021@8bef6929fd65432e7dc775e7c44473e84efff064ebddbfd6b834e6291546db40,matched,76128533B60320291189162,2675.800154387558,fs1-3016a20fd3ad,,2021.0,reviewed_alias,Faizabad,False,https://ayodhya.nic.in/,"District identity matched; 2021 reference geometry, NOT event-year boundary equivalence. No parent substitution.",
E077::azamgarh,E077,2018-0370-IND,2018-09-01,Uttar Pradesh,Azamgarh,district,FAO/GAUL/2015/level2,matched,17892.0,3904.0182560646062,fs1-3016a20fd3ad,,,,,,,,
E077::bahraich,E077,2018-0370-IND,2018-09-01,Uttar Pradesh,Bahraich,district,FAO/GAUL/2015/level2,matched,17893.0,3705.0099637131552,fs1-3016a20fd3ad,,,,,,,,
E077::ballia,E077,2018-0370-IND,2018-09-01,Uttar Pradesh,Ballia,district,FAO/GAUL/2015/level2,matched,17894.0,3013.8054759791835,fs1-3016a20fd3ad,,,,,,,,
E077::balrampur,E077,2018-0370-IND,2018-09-01,Uttar Pradesh,Balrampur,district,FAO/GAUL/2015/level2,matched,70261.0,3379.881475532829,fs1-3016a20fd3ad,,,,,,,,
E077::barabanki,E077,2018-0370-IND,2018-09-01,Uttar Pradesh,Barabanki,district,FAO/GAUL/2015/level2,matched,17896.0,4440.0005417469865,fs1-3016a20fd3ad,,,,,,,,
E077::basti,E077,2018-0370-IND,2018-09-01,Uttar Pradesh,Basti,district,FAO/GAUL/2015/level2,matched,17898.0,2522.0744554746907,fs1-3016a20fd3ad,,,,,,,,
E077::bijnor,E077,2018-0370-IND,2018-09-01,Uttar Pradesh,Bijnor,district,FAO/GAUL/2015/level2,matched,17899.0,4319.741895171613,fs1-3016a20fd3ad,,,,,,,,
E077::budaun,E077,2018-0370-IND,2018-09-01,Uttar Pradesh,Budaun,district,geoBoundaries/gbOpen/IND/ADM2/2021@8bef6929fd65432e7dc775e7c44473e84efff064ebddbfd6b834e6291546db40,matched,76128533B84679668760735,4242.298807636645,fs1-3016a20fd3ad,,2021.0,exact_or_spacing,Budaun,False,https://www.geoboundaries.org/api/current/gbOpen/IND/ADM2/,"District identity matched; 2021 reference geometry, NOT event-year boundary equivalence. No parent substitution.",
E077::chandauli,E077,2018-0370-IND,2018-09-01,Uttar Pradesh,Chandauli,district,FAO/GAUL/2015/level2,matched,70262.0,2540.7391966848068,fs1-3016a20fd3ad,,,,,,,,
E077::farrukhabad,E077,2018-0370-IND,2018-09-01,Uttar Pradesh,Farrukhabad,district,FAO/GAUL/2015/level2,matched,17908.0,2188.008861953001,fs1-3016a20fd3ad,,,,,,,,
E077::gonda,E077,2018-0370-IND,2018-09-01,Uttar Pradesh,Gonda,district,FAO/GAUL/2015/level2,matched,17913.0,4014.846082655345,fs1-3016a20fd3ad,,,,,,,,
E077::hardoi,E077,2018-0370-IND,2018-09-01,Uttar Pradesh,Hardoi,district,FAO/GAUL/2015/level2,matched,17916.0,6020.112448537428,fs1-3016a20fd3ad,,,,,,,,
E077::kannauj,E077,2018-0370-IND,2018-09-01,Uttar Pradesh,Kannauj,district,FAO/GAUL/2015/level2,matched,70268.0,2078.0905279653666,fs1-3016a20fd3ad,,,,,,,,
E077::kanpur%20dehat,E077,2018-0370-IND,2018-09-01,Uttar Pradesh,Kanpur Dehat,district,FAO/GAUL/2015/level2,matched,70269.0,5042.756979466441,fs1-3016a20fd3ad,,,,,,,,
E077::kanpur%20nagar,E077,2018-0370-IND,2018-09-01,Uttar Pradesh,Kanpur Nagar,district,geoBoundaries/gbOpen/IND/ADM2/2021@8bef6929fd65432e7dc775e7c44473e84efff064ebddbfd6b834e6291546db40,matched,76128533B23710487943819,2904.729879575877,fs1-3016a20fd3ad,,2021.0,exact_or_spacing,Kanpur Nagar,False,https://www.geoboundaries.org/api/current/gbOpen/IND/ADM2/,"District identity matched; 2021 reference geometry, NOT event-year boundary equivalence. No parent substitution.",
E077::kasganj,E077,2018-0370-IND,2018-09-01,Uttar Pradesh,Kasganj,district,geoBoundaries/gbOpen/IND/ADM2/2021@8bef6929fd65432e7dc775e7c44473e84efff064ebddbfd6b834e6291546db40,matched,76128533B7643504807381,2019.3990921936088,fs1-3016a20fd3ad,,2021.0,reviewed_alias,Kanshiram Nagar,False,https://www.geoboundaries.org/api/current/gbOpen/IND/ADM2/,"District identity matched; 2021 reference geometry, NOT event-year boundary equivalence. No parent substitution.",
E077::kushinagar,E077,2018-0370-IND,2018-09-01,Uttar Pradesh,Kushinagar,district,FAO/GAUL/2015/level2,matched,70271.0,2893.16087554316,fs1-3016a20fd3ad,,,,,,,,
E077::lakhimpur%20kheri,E077,2018-0370-IND,2018-09-01,Uttar Pradesh,Lakhimpur Kheri,district,FAO/GAUL/2015/level2,matched,17921.0,7708.742992388735,fs1-3016a20fd3ad,,,,,,,,
E077::mau,E077,2018-0370-IND,2018-09-01,Uttar Pradesh,Mau,district,FAO/GAUL/2015/level2,matched,70274.0,2070.491760227604,fs1-3016a20fd3ad,,,,,,,,
E077::moradabad,E077,2018-0370-IND,2018-09-01,Uttar Pradesh,Moradabad,district,FAO/GAUL/2015/level2,matched,17928.0,3381.0455742757763,fs1-3016a20fd3ad,,,,,,,,
E077::pilibhit,E077,2018-0370-IND,2018-09-01,Uttar Pradesh,Pilibhit,district,FAO/GAUL/2015/level2,matched,17931.0,3594.1579683602813,fs1-3016a20fd3ad,,,,,,,,
E077::sant%20kabir%20nagar,E077,2018-0370-IND,2018-09-01,Uttar Pradesh,Sant Kabir Nagar,district,FAO/GAUL/2015/level2,matched,70275.0,1329.179989070325,fs1-3016a20fd3ad,,,,,,,,
E077::siddharthnagar,E077,2018-0370-IND,2018-09-01,Uttar Pradesh,Siddharthnagar,district,FAO/GAUL/2015/level2,matched,70278.0,3492.6137371813147,fs1-3016a20fd3ad,,,,,,,,
E077::sitapur,E077,2018-0370-IND,2018-09-01,Uttar Pradesh,Sitapur,district,FAO/GAUL/2015/level2,matched,17938.0,5789.793396469067,fs1-3016a20fd3ad,,,,,,,,
E077::unnao,E077,2018-0370-IND,2018-09-01,Uttar Pradesh,Unnao,district,FAO/GAUL/2015/level2,matched,17941.0,4606.848065112721,fs1-3016a20fd3ad,,,,,,,,
E078::yamunanagar,E078,2018-0372-IND,2018-09-23,Haryana,Yamunanagar,district,FAO/GAUL/2015/level2,matched,70138.0,1306.606219119248,fs1-3016a20fd3ad,,,,,,,,
E079::amritsar,E079,2018-0372-IND,2018-09-23,Punjab,Amritsar,district,FAO/GAUL/2015/level2,matched,17821.0,4850.355487392105,fs1-3016a20fd3ad,,,,,,,,
E079::faridkot,E079,2018-0372-IND,2018-09-23,Punjab,Faridkot,district,FAO/GAUL/2015/level2,matched,70230.0,1449.1523634868656,fs1-3016a20fd3ad,,,,,,,,
E079::fazilka,E079,2018-0372-IND,2018-09-23,Punjab,Fazilka,district,geoBoundaries/gbOpen/IND/ADM2/2021@8bef6929fd65432e7dc775e7c44473e84efff064ebddbfd6b834e6291546db40,matched,76128533B7291413308870,3260.9663717370954,fs1-3016a20fd3ad,,2021.0,exact_or_spacing,Fazilka,False,https://www.geoboundaries.org/api/current/gbOpen/IND/ADM2/,"District identity matched; 2021 reference geometry, NOT event-year boundary equivalence. No parent substitution.",
E079::ferozepur,E079,2018-0372-IND,2018-09-23,Punjab,Ferozepur,district,geoBoundaries/gbOpen/IND/ADM2/2021@8bef6929fd65432e7dc775e7c44473e84efff064ebddbfd6b834e6291546db40,matched,76128533B421757708753,2043.7012138180369,fs1-3016a20fd3ad,,2021.0,census_label_alias,Firozpur,False,https://censusindia.gov.in/nada/index.php/catalog/42557,"District identity matched; 2021 reference geometry, NOT event-year boundary equivalence. No parent substitution.",
E079::hoshiarpur,E079,2018-0372-IND,2018-09-23,Punjab,Hoshiarpur,district,FAO/GAUL/2015/level2,matched,17827.0,3362.8966396342144,fs1-3016a20fd3ad,,,,,,,,
E079::jalandhar,E079,2018-0372-IND,2018-09-23,Punjab,Jalandhar,district,FAO/GAUL/2015/level2,matched,17828.0,2605.0531477191817,fs1-3016a20fd3ad,,,,,,,,
E079::ludhiana,E079,2018-0372-IND,2018-09-23,Punjab,Ludhiana,district,FAO/GAUL/2015/level2,matched,17830.0,3573.10781793918,fs1-3016a20fd3ad,,,,,,,,
E079::moga,E079,2018-0372-IND,2018-09-23,Punjab,Moga,district,FAO/GAUL/2015/level2,matched,70233.0,2304.7121791107,fs1-3016a20fd3ad,,,,,,,,
E079::muktsar,E079,2018-0372-IND,2018-09-23,Punjab,Muktsar,district,FAO/GAUL/2015/level2,matched,70234.0,2601.679753255548,fs1-3016a20fd3ad,,,,,,,,
E079::pathankot,E079,2018-0372-IND,2018-09-23,Punjab,Pathankot,district,geoBoundaries/gbOpen/IND/ADM2/2021@8bef6929fd65432e7dc775e7c44473e84efff064ebddbfd6b834e6291546db40,matched,76128533B19630094725383,999.949013574026,fs1-3016a20fd3ad,,2021.0,exact_or_spacing,Pathankot,False,https://www.geoboundaries.org/api/current/gbOpen/IND/ADM2/,"District identity matched; 2021 reference geometry, NOT event-year boundary equivalence. No parent substitution.",
E079::tarn%20taran,E079,2018-0372-IND,2018-09-23,Punjab,Tarn Taran,district,geoBoundaries/gbOpen/IND/ADM2/2021@8bef6929fd65432e7dc775e7c44473e84efff064ebddbfd6b834e6291546db40,matched,76128533B54652028494758,2426.872858514094,fs1-3016a20fd3ad,,2021.0,exact_or_spacing,Tarn Taran,False,https://www.geoboundaries.org/api/current/gbOpen/IND/ADM2/,"District identity matched; 2021 reference geometry, NOT event-year boundary equivalence. No parent substitution.",
E080::mumbai%20city,E080,2019-0288-IND,2019-06-28,Maharashtra,Mumbai City,district,FAO/GAUL/2015/level2,matched,70184.0,77.22400864672608,fs1-3016a20fd3ad,,,,,,,,
E080::pune,E080,2019-0288-IND,2019-06-28,Maharashtra,Pune,district,FAO/GAUL/2015/level2,matched,17776.0,15649.899791716924,fs1-3016a20fd3ad,,,,,,,,
E080::ratnagiri,E080,2019-0288-IND,2019-06-28,Maharashtra,Ratnagiri,district,FAO/GAUL/2015/level2,matched,17778.0,8501.126377449938,fs1-3016a20fd3ad,,,,,,,,
E081::baksa,E081,2019-0331-IND,2019-07-14,Assam,Baksa,district,geoBoundaries/gbOpen/IND/ADM2/2021@8bef6929fd65432e7dc775e7c44473e84efff064ebddbfd6b834e6291546db40,matched,76128533B8221925175605,2398.6209171216783,fs1-3016a20fd3ad,,2021.0,exact_or_spacing,Baksa,False,https://www.geoboundaries.org/api/current/gbOpen/IND/ADM2/,"District identity matched; 2021 reference geometry, NOT event-year boundary equivalence. No parent substitution.",
E081::barpeta,E081,2019-0331-IND,2019-07-14,Assam,Barpeta,district,FAO/GAUL/2015/level2,matched,17576.0,3253.622989828742,fs1-3016a20fd3ad,,,,,,,,
E081::biswanath,E081,2019-0331-IND,2019-07-14,Assam,Biswanath,district,geoBoundaries/gbOpen/IND/ADM2/2021@8bef6929fd65432e7dc775e7c44473e84efff064ebddbfd6b834e6291546db40,matched,76128533B40714385808093,1795.9804068304836,fs1-3016a20fd3ad,,2021.0,exact_or_spacing,Biswanath,False,https://www.geoboundaries.org/api/current/gbOpen/IND/ADM2/,"District identity matched; 2021 reference geometry, NOT event-year boundary equivalence. No parent substitution.",
E081::bongaigaon,E081,2019-0331-IND,2019-07-14,Assam,Bongaigaon,district,FAO/GAUL/2015/level2,matched,70086.0,2332.582799042809,fs1-3016a20fd3ad,,,,,,,,
E081::cachar,E081,2019-0331-IND,2019-07-14,Assam,Cachar,district,FAO/GAUL/2015/level2,matched,17577.0,3806.329961738336,fs1-3016a20fd3ad,,,,,,,,
E081::charaideo,E081,2019-0331-IND,2019-07-14,Assam,Charaideo,district,geoBoundaries/gbOpen/IND/ADM2/2021@8bef6929fd65432e7dc775e7c44473e84efff064ebddbfd6b834e6291546db40,matched,76128533B89228414823983,1051.5010239181354,fs1-3016a20fd3ad,,2021.0,exact_or_spacing,Charaideo,False,https://www.geoboundaries.org/api/current/gbOpen/IND/ADM2/,"District identity matched; 2021 reference geometry, NOT event-year boundary equivalence. No parent substitution.",
E081::chirang,E081,2019-0331-IND,2019-07-14,Assam,Chirang,district,geoBoundaries/gbOpen/IND/ADM2/2021@8bef6929fd65432e7dc775e7c44473e84efff064ebddbfd6b834e6291546db40,matched,76128533B56012535339305,1586.6528982343073,fs1-3016a20fd3ad,,2021.0,exact_or_spacing,Chirang,False,https://www.geoboundaries.org/api/current/gbOpen/IND/ADM2/,"District identity matched; 2021 reference geometry, NOT event-year boundary equivalence. No parent substitution.",
E081::darrang,E081,2019-0331-IND,2019-07-14,Assam,Darrang,district,FAO/GAUL/2015/level2,matched,17578.0,3426.9679336953163,fs1-3016a20fd3ad,,,,,,,,
E081::dhemaji,E081,2019-0331-IND,2019-07-14,Assam,Dhemaji,district,FAO/GAUL/2015/level2,matched,70087.0,2503.3476339074205,fs1-3016a20fd3ad,,,,,,,,
E081::dhubri,E081,2019-0331-IND,2019-07-14,Assam,Dhubri,district,geoBoundaries/gbOpen/IND/ADM2/2021@8bef6929fd65432e7dc775e7c44473e84efff064ebddbfd6b834e6291546db40,matched,76128533B25835998628545,1790.2800774622651,fs1-3016a20fd3ad,,2021.0,exact_or_spacing,Dhubri,False,https://www.geoboundaries.org/api/current/gbOpen/IND/ADM2/,"District identity matched; 2021 reference geometry, NOT event-year boundary equivalence. No parent substitution.",
E081::dibrugarh,E081,2019-0331-IND,2019-07-14,Assam,Dibrugarh,district,FAO/GAUL/2015/level2,matched,17580.0,3397.4818067287138,fs1-3016a20fd3ad,,,,,,,,
E081::goalpara,E081,2019-0331-IND,2019-07-14,Assam,Goalpara,district,FAO/GAUL/2015/level2,matched,17581.0,1904.60564716237,fs1-3016a20fd3ad,,,,,,,,
E081::golaghat,E081,2019-0331-IND,2019-07-14,Assam,Golaghat,district,FAO/GAUL/2015/level2,matched,17582.0,3532.2679838886856,fs1-3016a20fd3ad,,,,,,,,
E081::hailakandi,E081,2019-0331-IND,2019-07-14,Assam,Hailakandi,district,FAO/GAUL/2015/level2,matched,70088.0,1336.4605858584375,fs1-3016a20fd3ad,,,,,,,,
E081::hojai,E081,2019-0331-IND,2019-07-14,Assam,Hojai,district,geoBoundaries/gbOpen/IND/ADM2/2021@8bef6929fd65432e7dc775e7c44473e84efff064ebddbfd6b834e6291546db40,matched,76128533B70315194619807,1456.4677644954024,fs1-3016a20fd3ad,,2021.0,exact_or_spacing,Hojai,False,https://www.geoboundaries.org/api/current/gbOpen/IND/ADM2/,"District identity matched; 2021 reference geometry, NOT event-year boundary equivalence. No parent substitution.",
E081::jorhat,E081,2019-0331-IND,2019-07-14,Assam,Jorhat,district,FAO/GAUL/2015/level2,matched,70089.0,2842.716884638612,fs1-3016a20fd3ad,,,,,,,,
E081::kamrup,E081,2019-0331-IND,2019-07-14,Assam,Kamrup,district,FAO/GAUL/2015/level2,matched,17583.0,4348.6225796054405,fs1-3016a20fd3ad,,,,,,,,
E081::kamrup%20metropolitan,E081,2019-0331-IND,2019-07-14,Assam,Kamrup Metropolitan,district,geoBoundaries/gbOpen/IND/ADM2/2021@8bef6929fd65432e7dc775e7c44473e84efff064ebddbfd6b834e6291546db40,matched,76128533B38230828972906,1131.541200086081,fs1-3016a20fd3ad,,2021.0,exact_or_spacing,Kamrup Metropolitan,False,https://www.geoboundaries.org/api/current/gbOpen/IND/ADM2/,"District identity matched; 2021 reference geometry, NOT event-year boundary equivalence. No parent substitution.",
E081::karbi%20anglong,E081,2019-0331-IND,2019-07-14,Assam,Karbi Anglong,district,FAO/GAUL/2015/level2,matched,17584.0,10446.406497647093,fs1-3016a20fd3ad,,,,,,,,
E081::karimganj,E081,2019-0331-IND,2019-07-14,Assam,Karimganj,district,FAO/GAUL/2015/level2,matched,17585.0,1856.722473230466,fs1-3016a20fd3ad,,,,,,,,
E081::kokrajhar,E081,2019-0331-IND,2019-07-14,Assam,Kokrajhar,district,FAO/GAUL/2015/level2,matched,70090.0,3329.2233881813268,fs1-3016a20fd3ad,,,,,,,,
E081::lakhimpur,E081,2019-0331-IND,2019-07-14,Assam,Lakhimpur,district,FAO/GAUL/2015/level2,matched,70091.0,2886.5239581816727,fs1-3016a20fd3ad,,,,,,,,
E081::majuli,E081,2019-0331-IND,2019-07-14,Assam,Majuli,district,geoBoundaries/gbOpen/IND/ADM2/2021@8bef6929fd65432e7dc775e7c44473e84efff064ebddbfd6b834e6291546db40,matched,76128533B15157901669242,1250.5943287676694,fs1-3016a20fd3ad,,2021.0,exact_or_spacing,Majuli,False,https://www.geoboundaries.org/api/current/gbOpen/IND/ADM2/,"District identity matched; 2021 reference geometry, NOT event-year boundary equivalence. No parent substitution.",
E081::morigaon,E081,2019-0331-IND,2019-07-14,Assam,Morigaon,district,geoBoundaries/gbOpen/IND/ADM2/2021@8bef6929fd65432e7dc775e7c44473e84efff064ebddbfd6b834e6291546db40,matched,76128533B17968019348564,1508.3262903435707,fs1-3016a20fd3ad,,2021.0,exact_or_spacing,Morigaon,False,https://www.geoboundaries.org/api/current/gbOpen/IND/ADM2/,"District identity matched; 2021 reference geometry, NOT event-year boundary equivalence. No parent substitution.",
E081::nagaon,E081,2019-0331-IND,2019-07-14,Assam,Nagaon,district,FAO/GAUL/2015/level2,matched,17589.0,3997.4423095607103,fs1-3016a20fd3ad,,,,,,,,
E081::nalbari,E081,2019-0331-IND,2019-07-14,Assam,Nalbari,district,FAO/GAUL/2015/level2,matched,17590.0,2339.8796955273547,fs1-3016a20fd3ad,,,,,,,,
E081::sivasagar,E081,2019-0331-IND,2019-07-14,Assam,Sivasagar,district,geoBoundaries/gbOpen/IND/ADM2/2021@8bef6929fd65432e7dc775e7c44473e84efff064ebddbfd6b834e6291546db40,matched,76128533B21722277889516,1526.651765771626,fs1-3016a20fd3ad,,2021.0,exact_or_spacing,Sivasagar,False,https://www.geoboundaries.org/api/current/gbOpen/IND/ADM2/,"District identity matched; 2021 reference geometry, NOT event-year boundary equivalence. No parent substitution.",
E081::sonitpur,E081,2019-0331-IND,2019-07-14,Assam,Sonitpur,district,FAO/GAUL/2015/level2,matched,17593.0,4676.158375740257,fs1-3016a20fd3ad,,,,,,,,
E081::south%20salmara,E081,2019-0331-IND,2019-07-14,Assam,South Salmara,district,geoBoundaries/gbOpen/IND/ADM2/2021@8bef6929fd65432e7dc775e7c44473e84efff064ebddbfd6b834e6291546db40,matched,76128533B20298037622173,719.1856651342704,fs1-3016a20fd3ad,,2021.0,reviewed_alias,South Salmara-Mankachar,False,https://www.geoboundaries.org/api/current/gbOpen/IND/ADM2/,"District identity matched; 2021 reference geometry, NOT event-year boundary equivalence. No parent substitution.",
E081::tinsukia,E081,2019-0331-IND,2019-07-14,Assam,Tinsukia,district,FAO/GAUL/2015/level2,matched,70093.0,3799.190193815676,fs1-3016a20fd3ad,,,,,,,,
E081::udalguri,E081,2019-0331-IND,2019-07-14,Assam,Udalguri,district,geoBoundaries/gbOpen/IND/ADM2/2021@8bef6929fd65432e7dc775e7c44473e84efff064ebddbfd6b834e6291546db40,matched,76128533B20307518801538,2056.2913712488385,fs1-3016a20fd3ad,,2021.0,exact_or_spacing,Udalguri,False,https://www.geoboundaries.org/api/current/gbOpen/IND/ADM2/,"District identity matched; 2021 reference geometry, NOT event-year boundary equivalence. No parent substitution.",
E081::west%20karbi%20anglong,E081,2019-0331-IND,2019-07-14,Assam,West Karbi Anglong,district,geoBoundaries/gbOpen/IND/ADM2/2021@8bef6929fd65432e7dc775e7c44473e84efff064ebddbfd6b834e6291546db40,matched,76128533B57995625790051,3106.6868691946506,fs1-3016a20fd3ad,,2021.0,reviewed_alias,Karbi Anglong West,False,https://www.geoboundaries.org/api/current/gbOpen/IND/ADM2/,"District identity matched; 2021 reference geometry, NOT event-year boundary equivalence. No parent substitution.",
E082::araria,E082,2019-0331-IND,2019-07-14,Bihar,Araria,district,FAO/GAUL/2015/level2,matched,70094.0,2825.348194194397,fs1-3016a20fd3ad,,,,,,,,
E082::darbhanga,E082,2019-0331-IND,2019-07-14,Bihar,Darbhanga,district,FAO/GAUL/2015/level2,matched,17598.0,2293.727225126986,fs1-3016a20fd3ad,,,,,,,,
E082::east%20champaran,E082,2019-0331-IND,2019-07-14,Bihar,East Champaran,district,geoBoundaries/gbOpen/IND/ADM2/2021@8bef6929fd65432e7dc775e7c44473e84efff064ebddbfd6b834e6291546db40,matched,76128533B49017555803526,4209.432168721379,fs1-3016a20fd3ad,,2021.0,census_label_alias,Purba Champaran,False,https://censusindia.gov.in/nada/index.php/catalog/42557,"District identity matched; 2021 reference geometry, NOT event-year boundary equivalence. No parent substitution.",
E082::katihar,E082,2019-0331-IND,2019-07-14,Bihar,Katihar,district,FAO/GAUL/2015/level2,matched,17608.0,3068.3721590224136,fs1-3016a20fd3ad,,,,,,,,
E082::kishanganj,E082,2019-0331-IND,2019-07-14,Bihar,Kishanganj,district,FAO/GAUL/2015/level2,matched,70100.0,1932.7539351616576,fs1-3016a20fd3ad,,,,,,,,
E082::madhubani,E082,2019-0331-IND,2019-07-14,Bihar,Madhubani,district,FAO/GAUL/2015/level2,matched,17611.0,3457.42262983169,fs1-3016a20fd3ad,,,,,,,,
E082::muzaffarpur,E082,2019-0331-IND,2019-07-14,Bihar,Muzaffarpur,district,FAO/GAUL/2015/level2,matched,17613.0,3192.441978127565,fs1-3016a20fd3ad,,,,,,,,
E082::purnia,E082,2019-0331-IND,2019-07-14,Bihar,Purnia,district,FAO/GAUL/2015/level2,matched,17621.0,3252.274864588641,fs1-3016a20fd3ad,,,,,,,,
E082::saharsa,E082,2019-0331-IND,2019-07-14,Bihar,Saharsa,district,FAO/GAUL/2015/level2,matched,17624.0,1692.2702412487936,fs1-3016a20fd3ad,,,,,,,,
E082::sheohar,E082,2019-0331-IND,2019-07-14,Bihar,Sheohar,district,FAO/GAUL/2015/level2,matched,70103.0,575.6280849211931,fs1-3016a20fd3ad,,,,,,,,
E082::sitamarhi,E082,2019-0331-IND,2019-07-14,Bihar,Sitamarhi,district,FAO/GAUL/2015/level2,matched,17630.0,2075.1609189491032,fs1-3016a20fd3ad,,,,,,,,
E082::supaul,E082,2019-0331-IND,2019-07-14,Bihar,Supaul,district,FAO/GAUL/2015/level2,matched,70104.0,2399.2927702222696,fs1-3016a20fd3ad,,,,,,,,
E084::bagalkot,E084,2019-0331-IND,2019-07-14,Karnataka,Bagalkot,district,FAO/GAUL/2015/level2,matched,70157.0,6575.100985988591,fs1-3016a20fd3ad,,,,,,,,
E084::belagavi,E084,2019-0331-IND,2019-07-14,Karnataka,Belagavi,district,geoBoundaries/gbOpen/IND/ADM2/2021@8bef6929fd65432e7dc775e7c44473e84efff064ebddbfd6b834e6291546db40,matched,76128533B74319098136622,13437.79374447446,fs1-3016a20fd3ad,,2021.0,census_label_alias,Belgaum,False,https://assets.publishing.service.gov.uk/media/5a7e0e2d40f0b62305b80813/Karnataka_State_India_Name_Changes_20141112.pdf,"District identity matched; 2021 reference geometry, NOT event-year boundary equivalence. No parent substitution.",
E084::chikkamagaluru,E084,2019-0331-IND,2019-07-14,Karnataka,Chikkamagaluru,district,geoBoundaries/gbOpen/IND/ADM2/2021@8bef6929fd65432e7dc775e7c44473e84efff064ebddbfd6b834e6291546db40,matched,76128533B15550697205080,6937.325023111647,fs1-3016a20fd3ad,,2021.0,census_label_alias,Chikmagalur,False,https://assets.publishing.service.gov.uk/media/5a7e0e2d40f0b62305b80813/Karnataka_State_India_Name_Changes_20141112.pdf,"District identity matched; 2021 reference geometry, NOT event-year boundary equivalence. No parent substitution.",
E084::dakshina%20kannada,E084,2019-0331-IND,2019-07-14,Karnataka,Dakshina Kannada,district,geoBoundaries/gbOpen/IND/ADM2/2021@8bef6929fd65432e7dc775e7c44473e84efff064ebddbfd6b834e6291546db40,matched,76128533B54396396829952,5243.21897884346,fs1-3016a20fd3ad,,2021.0,exact_or_spacing,Dakshina Kannada,False,https://www.geoboundaries.org/api/current/gbOpen/IND/ADM2/,"District identity matched; 2021 reference geometry, NOT event-year boundary equivalence. No parent substitution.",
E084::hassan,E084,2019-0331-IND,2019-07-14,Karnataka,Hassan,district,FAO/GAUL/2015/level2,matched,17688.0,6816.680673787337,fs1-3016a20fd3ad,,,,,,,,
E084::haveri,E084,2019-0331-IND,2019-07-14,Karnataka,Haveri,district,FAO/GAUL/2015/level2,matched,70164.0,4811.456144597108,fs1-3016a20fd3ad,,,,,,,,
E084::kodagu,E084,2019-0331-IND,2019-07-14,Karnataka,Kodagu,district,FAO/GAUL/2015/level2,matched,17689.0,4111.781559839673,fs1-3016a20fd3ad,,,,,,,,
E084::raichur,E084,2019-0331-IND,2019-07-14,Karnataka,Raichur,district,FAO/GAUL/2015/level2,matched,17693.0,8465.297775287587,fs1-3016a20fd3ad,,,,,,,,
E084::shivamogga,E084,2019-0331-IND,2019-07-14,Karnataka,Shivamogga,district,geoBoundaries/gbOpen/IND/ADM2/2021@8bef6929fd65432e7dc775e7c44473e84efff064ebddbfd6b834e6291546db40,matched,76128533B85389886560116,8475.375992282,fs1-3016a20fd3ad,,2021.0,census_label_alias,Shimoga,False,https://assets.publishing.service.gov.uk/media/5a7e0e2d40f0b62305b80813/Karnataka_State_India_Name_Changes_20141112.pdf,"District identity matched; 2021 reference geometry, NOT event-year boundary equivalence. No parent substitution.",
E084::udupi,E084,2019-0331-IND,2019-07-14,Karnataka,Udupi,district,FAO/GAUL/2015/level2,matched,70166.0,3905.2465000015695,fs1-3016a20fd3ad,,,,,,,,
E084::uttara%20kannada,E084,2019-0331-IND,2019-07-14,Karnataka,Uttara Kannada,district,geoBoundaries/gbOpen/IND/ADM2/2021@8bef6929fd65432e7dc775e7c44473e84efff064ebddbfd6b834e6291546db40,matched,76128533B79180273895456,10404.181767076385,fs1-3016a20fd3ad,,2021.0,exact_or_spacing,Uttara Kannada,False,https://www.geoboundaries.org/api/current/gbOpen/IND/ADM2/,"District identity matched; 2021 reference geometry, NOT event-year boundary equivalence. No parent substitution.",
E084::vijayapura,E084,2019-0331-IND,2019-07-14,Karnataka,Vijayapura,district,geoBoundaries/gbOpen/IND/ADM2/2021@8bef6929fd65432e7dc775e7c44473e84efff064ebddbfd6b834e6291546db40,matched,76128533B40495457052818,10440.064567410886,fs1-3016a20fd3ad,,2021.0,census_label_alias,Bijapur,False,https://assets.publishing.service.gov.uk/media/5a7e0e2d40f0b62305b80813/Karnataka_State_India_Name_Changes_20141112.pdf,"District identity matched; 2021 reference geometry, NOT event-year boundary equivalence. No parent substitution.",
E084::yadgir,E084,2019-0331-IND,2019-07-14,Karnataka,Yadgir,district,geoBoundaries/gbOpen/IND/ADM2/2021@8bef6929fd65432e7dc775e7c44473e84efff064ebddbfd6b834e6291546db40,matched,76128533B84927972855096,5296.020634999596,fs1-3016a20fd3ad,,2021.0,exact_or_spacing,Yadgir,False,https://www.geoboundaries.org/api/current/gbOpen/IND/ADM2/,"District identity matched; 2021 reference geometry, NOT event-year boundary equivalence. No parent substitution.",
E085::alappuzha,E085,2019-0331-IND,2019-07-14,Kerala,Alappuzha,district,FAO/GAUL/2015/level2,matched,70298.0,1316.6907112011845,fs1-3016a20fd3ad,,,,,,,,
E085::ernakulam,E085,2019-0331-IND,2019-07-14,Kerala,Ernakulam,district,FAO/GAUL/2015/level2,matched,17699.0,2305.474714394872,fs1-3016a20fd3ad,,,,,,,,
E085::idukki,E085,2019-0331-IND,2019-07-14,Kerala,Idukki,district,FAO/GAUL/2015/level2,matched,17700.0,5010.411036324633,fs1-3016a20fd3ad,,,,,,,,
E085::kannur,E085,2019-0331-IND,2019-07-14,Kerala,Kannur,district,FAO/GAUL/2015/level2,matched,17698.0,2812.193678917521,fs1-3016a20fd3ad,,,,,,,,
E085::kasaragod,E085,2019-0331-IND,2019-07-14,Kerala,Kasaragod,district,FAO/GAUL/2015/level2,matched,17701.0,1972.6636827859088,fs1-3016a20fd3ad,,,,,,,,
E085::kollam,E085,2019-0331-IND,2019-07-14,Kerala,Kollam,district,FAO/GAUL/2015/level2,matched,17707.0,2363.0186325698423,fs1-3016a20fd3ad,,,,,,,,
E085::kottayam,E085,2019-0331-IND,2019-07-14,Kerala,Kottayam,district,FAO/GAUL/2015/level2,matched,17702.0,2143.385583622296,fs1-3016a20fd3ad,,,,,,,,
E085::kozhikode,E085,2019-0331-IND,2019-07-14,Kerala,Kozhikode,district,FAO/GAUL/2015/level2,matched,17703.0,2285.6176079375005,fs1-3016a20fd3ad,,,,,,,,
E085::malappuram,E085,2019-0331-IND,2019-07-14,Kerala,Malappuram,district,FAO/GAUL/2015/level2,matched,17704.0,3517.427723973104,fs1-3016a20fd3ad,,,,,,,,
E085::palakkad,E085,2019-0331-IND,2019-07-14,Kerala,Palakkad,district,FAO/GAUL/2015/level2,matched,17705.0,4489.876823790321,fs1-3016a20fd3ad,,,,,,,,
E085::thiruvananthapuram,E085,2019-0331-IND,2019-07-14,Kerala,Thiruvananthapuram,district,FAO/GAUL/2015/level2,matched,17709.0,2047.560453755721,fs1-3016a20fd3ad,,,,,,,,
E085::thrissur,E085,2019-0331-IND,2019-07-14,Kerala,Thrissur,district,FAO/GAUL/2015/level2,matched,17708.0,2961.767200211148,fs1-3016a20fd3ad,,,,,,,,
E085::wayanad,E085,2019-0331-IND,2019-07-14,Kerala,Wayanad,district,FAO/GAUL/2015/level2,matched,17710.0,2130.300649398313,fs1-3016a20fd3ad,,,,,,,,
E086::ahilyanagar,E086,2019-0331-IND,2019-07-14,Maharashtra,Ahilyanagar,district,geoBoundaries/gbOpen/IND/ADM2/2021@8bef6929fd65432e7dc775e7c44473e84efff064ebddbfd6b834e6291546db40,matched,76128533B47816398970283,17103.37464835857,fs1-3016a20fd3ad,,2021.0,reviewed_alias,Ahmadnagar,False,https://rdd.maharashtra.gov.in/en/document/notification-regarding-changing-the-name-of-ahmednagar-to-ahilyanagar/,"District identity matched; 2021 reference geometry, NOT event-year boundary equivalence. No parent substitution.",
E086::amravati,E086,2019-0331-IND,2019-07-14,Maharashtra,Amravati,district,FAO/GAUL/2015/level2,matched,17759.0,12219.234057356958,fs1-3016a20fd3ad,,,,,,,,
E086::aurangabad,E086,2019-0331-IND,2019-07-14,Maharashtra,Aurangabad,district,FAO/GAUL/2015/level2,matched,17786.0,10122.454799785144,fs1-3016a20fd3ad,,,,,,,,
E086::bhandara,E086,2019-0331-IND,2019-07-14,Maharashtra,Bhandara,district,FAO/GAUL/2015/level2,matched,17761.0,4713.352518104012,fs1-3016a20fd3ad,,,,,,,,
E086::buldhana,E086,2019-0331-IND,2019-07-14,Maharashtra,Buldhana,district,geoBoundaries/gbOpen/IND/ADM2/2021@8bef6929fd65432e7dc775e7c44473e84efff064ebddbfd6b834e6291546db40,matched,76128533B70021405538438,9775.93581444362,fs1-3016a20fd3ad,,2021.0,census_label_alias,Buldana,False,https://censusindia.gov.in/nada/index.php/catalog/42557,"District identity matched; 2021 reference geometry, NOT event-year boundary equivalence. No parent substitution.",
E086::dhule,E086,2019-0331-IND,2019-07-14,Maharashtra,Dhule,district,FAO/GAUL/2015/level2,matched,17764.0,7186.255728507124,fs1-3016a20fd3ad,,,,,,,,
E086::gadchiroli,E086,2019-0331-IND,2019-07-14,Maharashtra,Gadchiroli,district,geoBoundaries/gbOpen/IND/ADM2/2021@8bef6929fd65432e7dc775e7c44473e84efff064ebddbfd6b834e6291546db40,matched,76128533B36958871695926,14484.822963236033,fs1-3016a20fd3ad,,2021.0,exact_or_spacing,Gadchiroli,False,https://www.geoboundaries.org/api/current/gbOpen/IND/ADM2/,"District identity matched; 2021 reference geometry, NOT event-year boundary equivalence. No parent substitution.",
E086::gondia,E086,2019-0331-IND,2019-07-14,Maharashtra,Gondia,district,geoBoundaries/gbOpen/IND/ADM2/2021@8bef6929fd65432e7dc775e7c44473e84efff064ebddbfd6b834e6291546db40,matched,76128533B76286653784168,5163.895494674012,fs1-3016a20fd3ad,,2021.0,census_label_alias,Gondiya,False,https://censusindia.gov.in/nada/index.php/catalog/42557,"District identity matched; 2021 reference geometry, NOT event-year boundary equivalence. No parent substitution.",
E086::hingoli,E086,2019-0331-IND,2019-07-14,Maharashtra,Hingoli,district,FAO/GAUL/2015/level2,matched,70181.0,4699.451157302487,fs1-3016a20fd3ad,,,,,,,,
E086::kolhapur,E086,2019-0331-IND,2019-07-14,Maharashtra,Kolhapur,district,FAO/GAUL/2015/level2,matched,17769.0,7680.572392490604,fs1-3016a20fd3ad,,,,,,,,
E086::latur,E086,2019-0331-IND,2019-07-14,Maharashtra,Latur,district,FAO/GAUL/2015/level2,matched,17770.0,7256.020203028519,fs1-3016a20fd3ad,,,,,,,,
E086::nagpur,E086,2019-0331-IND,2019-07-14,Maharashtra,Nagpur,district,FAO/GAUL/2015/level2,matched,17771.0,9953.45883218179,fs1-3016a20fd3ad,,,,,,,,
E086::nandurbar,E086,2019-0331-IND,2019-07-14,Maharashtra,Nandurbar,district,FAO/GAUL/2015/level2,matched,70185.0,5947.719113281336,fs1-3016a20fd3ad,,,,,,,,
E086::nashik,E086,2019-0331-IND,2019-07-14,Maharashtra,Nashik,district,FAO/GAUL/2015/level2,matched,17773.0,15554.167322451072,fs1-3016a20fd3ad,,,,,,,,
E086::palghar,E086,2019-0331-IND,2019-07-14,Maharashtra,Palghar,district,geoBoundaries/gbOpen/IND/ADM2/2021@8bef6929fd65432e7dc775e7c44473e84efff064ebddbfd6b834e6291546db40,matched,76128533B37148244536449,5355.281971403595,fs1-3016a20fd3ad,,2021.0,exact_or_spacing,Palghar,False,https://www.geoboundaries.org/api/current/gbOpen/IND/ADM2/,"District identity matched; 2021 reference geometry, NOT event-year boundary equivalence. No parent substitution.",
E086::pune,E086,2019-0331-IND,2019-07-14,Maharashtra,Pune,district,FAO/GAUL/2015/level2,matched,17776.0,15649.899791716924,fs1-3016a20fd3ad,,,,,,,,
E086::raigad,E086,2019-0331-IND,2019-07-14,Maharashtra,Raigad,district,geoBoundaries/gbOpen/IND/ADM2/2021@8bef6929fd65432e7dc775e7c44473e84efff064ebddbfd6b834e6291546db40,matched,76128533B99895802074414,6987.901171135931,fs1-3016a20fd3ad,,2021.0,census_label_alias,Raigarh,False,https://censusindia.gov.in/nada/index.php/catalog/42557,"District identity matched; 2021 reference geometry, NOT event-year boundary equivalence. No parent substitution.",
E086::ratnagiri,E086,2019-0331-IND,2019-07-14,Maharashtra,Ratnagiri,district,FAO/GAUL/2015/level2,matched,17778.0,8501.126377449938,fs1-3016a20fd3ad,,,,,,,,
E086::sangli,E086,2019-0331-IND,2019-07-14,Maharashtra,Sangli,district,FAO/GAUL/2015/level2,matched,17780.0,8563.308722938114,fs1-3016a20fd3ad,,,,,,,,
E086::thane,E086,2019-0331-IND,2019-07-14,Maharashtra,Thane,district,FAO/GAUL/2015/level2,matched,17783.0,9454.897228160951,fs1-3016a20fd3ad,,,,,,,,
E086::wardha,E086,2019-0331-IND,2019-07-14,Maharashtra,Wardha,district,FAO/GAUL/2015/level2,matched,17784.0,6326.751952312784,fs1-3016a20fd3ad,,,,,,,,
E086::yavatmal,E086,2019-0331-IND,2019-07-14,Maharashtra,Yavatmal,district,FAO/GAUL/2015/level2,matched,17785.0,13565.870768873778,fs1-3016a20fd3ad,,,,,,,,
E087::angul,E087,2019-0331-IND,2019-07-14,Odisha,Angul,district,FAO/GAUL/2015/level2,matched,70206.0,6391.830313646586,fs1-3016a20fd3ad,,,,,,,,
E087::bargarh,E087,2019-0331-IND,2019-07-14,Odisha,Bargarh,district,geoBoundaries/gbOpen/IND/ADM2/2021@8bef6929fd65432e7dc775e7c44473e84efff064ebddbfd6b834e6291546db40,matched,76128533B74482494441458,5804.743547051888,fs1-3016a20fd3ad,,2021.0,exact_or_spacing,Bargarh,False,https://www.geoboundaries.org/api/current/gbOpen/IND/ADM2/,"District identity matched; 2021 reference geometry, NOT event-year boundary equivalence. No parent substitution.",
E087::bolangir,E087,2019-0331-IND,2019-07-14,Odisha,Bolangir,district,FAO/GAUL/2015/level2,matched,70210.0,6595.817097284386,fs1-3016a20fd3ad,,,,,,,,
E087::boudh,E087,2019-0331-IND,2019-07-14,Odisha,Boudh,district,FAO/GAUL/2015/level2,matched,70211.0,3132.695897017485,fs1-3016a20fd3ad,,,,,,,,
E087::cuttack,E087,2019-0331-IND,2019-07-14,Odisha,Cuttack,district,FAO/GAUL/2015/level2,matched,17809.0,3955.6007636385752,fs1-3016a20fd3ad,,,,,,,,
E087::gajapati,E087,2019-0331-IND,2019-07-14,Odisha,Gajapati,district,FAO/GAUL/2015/level2,matched,70213.0,4080.383431631814,fs1-3016a20fd3ad,,,,,,,,
E087::ganjam,E087,2019-0331-IND,2019-07-14,Odisha,Ganjam,district,FAO/GAUL/2015/level2,matched,17811.0,8417.728037695964,fs1-3016a20fd3ad,,,,,,,,
E087::jagatsinghpur,E087,2019-0331-IND,2019-07-14,Odisha,Jagatsinghpur,district,FAO/GAUL/2015/level2,matched,70214.0,1691.3201877833696,fs1-3016a20fd3ad,,,,,,,,
E087::kalahandi,E087,2019-0331-IND,2019-07-14,Odisha,Kalahandi,district,FAO/GAUL/2015/level2,matched,17812.0,7938.930130032871,fs1-3016a20fd3ad,,,,,,,,
E087::kandhamal,E087,2019-0331-IND,2019-07-14,Odisha,Kandhamal,district,FAO/GAUL/2015/level2,matched,70217.0,8088.528530440674,fs1-3016a20fd3ad,,,,,,,,
E087::kendrapara,E087,2019-0331-IND,2019-07-14,Odisha,Kendrapara,district,FAO/GAUL/2015/level2,matched,70218.0,2481.5263199879205,fs1-3016a20fd3ad,,,,,,,,
E087::khordha,E087,2019-0331-IND,2019-07-14,Odisha,Khordha,district,FAO/GAUL/2015/level2,matched,70219.0,2764.362815680045,fs1-3016a20fd3ad,,,,,,,,
E087::koraput,E087,2019-0331-IND,2019-07-14,Odisha,Koraput,district,FAO/GAUL/2015/level2,matched,17814.0,8608.98899052561,fs1-3016a20fd3ad,,,,,,,,
E087::malkangiri,E087,2019-0331-IND,2019-07-14,Odisha,Malkangiri,district,FAO/GAUL/2015/level2,matched,70220.0,5849.646224352819,fs1-3016a20fd3ad,,,,,,,,
E087::nabarangpur,E087,2019-0331-IND,2019-07-14,Odisha,Nabarangpur,district,FAO/GAUL/2015/level2,matched,70221.0,5324.008778426437,fs1-3016a20fd3ad,,,,,,,,
E087::nayagarh,E087,2019-0331-IND,2019-07-14,Odisha,Nayagarh,district,FAO/GAUL/2015/level2,matched,70222.0,3910.6442801996345,fs1-3016a20fd3ad,,,,,,,,
E087::nuapada,E087,2019-0331-IND,2019-07-14,Odisha,Nuapada,district,FAO/GAUL/2015/level2,matched,70223.0,3881.856999707553,fs1-3016a20fd3ad,,,,,,,,
E087::puri,E087,2019-0331-IND,2019-07-14,Odisha,Puri,district,FAO/GAUL/2015/level2,matched,17818.0,3511.969251866753,fs1-3016a20fd3ad,,,,,,,,
E087::rayagada,E087,2019-0331-IND,2019-07-14,Odisha,Rayagada,district,FAO/GAUL/2015/level2,matched,70224.0,7404.113889009227,fs1-3016a20fd3ad,,,,,,,,
E087::sambalpur,E087,2019-0331-IND,2019-07-14,Odisha,Sambalpur,district,FAO/GAUL/2015/level2,matched,17819.0,6762.307318916143,fs1-3016a20fd3ad,,,,,,,,
E087::subarnapur,E087,2019-0331-IND,2019-07-14,Odisha,Subarnapur,district,geoBoundaries/gbOpen/IND/ADM2/2021@8bef6929fd65432e7dc775e7c44473e84efff064ebddbfd6b834e6291546db40,matched,76128533B6884509901047,2356.7180608276617,fs1-3016a20fd3ad,,2021.0,exact_or_spacing,Subarnapur,False,https://www.geoboundaries.org/api/current/gbOpen/IND/ADM2/,"District identity matched; 2021 reference geometry, NOT event-year boundary equivalence. No parent substitution.",
E087::sundargarh,E087,2019-0331-IND,2019-07-14,Odisha,Sundargarh,district,FAO/GAUL/2015/level2,matched,17820.0,9764.412335512005,fs1-3016a20fd3ad,,,,,,,,
E088::amritsar,E088,2019-0331-IND,2019-07-14,Punjab,Amritsar,district,FAO/GAUL/2015/level2,matched,17821.0,4850.355487392105,fs1-3016a20fd3ad,,,,,,,,
E088::bathinda,E088,2019-0331-IND,2019-07-14,Punjab,Bathinda,district,FAO/GAUL/2015/level2,matched,17822.0,3366.4412884112767,fs1-3016a20fd3ad,,,,,,,,
E088::faridkot,E088,2019-0331-IND,2019-07-14,Punjab,Faridkot,district,FAO/GAUL/2015/level2,matched,70230.0,1449.1523634868656,fs1-3016a20fd3ad,,,,,,,,
E088::fazilka,E088,2019-0331-IND,2019-07-14,Punjab,Fazilka,district,geoBoundaries/gbOpen/IND/ADM2/2021@8bef6929fd65432e7dc775e7c44473e84efff064ebddbfd6b834e6291546db40,matched,76128533B7291413308870,3260.9663717370954,fs1-3016a20fd3ad,,2021.0,exact_or_spacing,Fazilka,False,https://www.geoboundaries.org/api/current/gbOpen/IND/ADM2/,"District identity matched; 2021 reference geometry, NOT event-year boundary equivalence. No parent substitution.",
E088::ferozepur,E088,2019-0331-IND,2019-07-14,Punjab,Ferozepur,district,geoBoundaries/gbOpen/IND/ADM2/2021@8bef6929fd65432e7dc775e7c44473e84efff064ebddbfd6b834e6291546db40,matched,76128533B421757708753,2043.701213817955,fs1-3016a20fd3ad,,2021.0,census_label_alias,Firozpur,False,https://censusindia.gov.in/nada/index.php/catalog/42557,"District identity matched; 2021 reference geometry, NOT event-year boundary equivalence. No parent substitution.",
E088::gurdaspur,E088,2019-0331-IND,2019-07-14,Punjab,Gurdaspur,district,FAO/GAUL/2015/level2,matched,17826.0,3507.09272056944,fs1-3016a20fd3ad,,,,,,,,
E088::hoshiarpur,E088,2019-0331-IND,2019-07-14,Punjab,Hoshiarpur,district,FAO/GAUL/2015/level2,matched,17827.0,3362.8966396342144,fs1-3016a20fd3ad,,,,,,,,
E088::jalandhar,E088,2019-0331-IND,2019-07-14,Punjab,Jalandhar,district,FAO/GAUL/2015/level2,matched,17828.0,2605.0531477191817,fs1-3016a20fd3ad,,,,,,,,
E088::ludhiana,E088,2019-0331-IND,2019-07-14,Punjab,Ludhiana,district,FAO/GAUL/2015/level2,matched,17830.0,3573.10781793918,fs1-3016a20fd3ad,,,,,,,,
E088::mansa,E088,2019-0331-IND,2019-07-14,Punjab,Mansa,district,FAO/GAUL/2015/level2,matched,70232.0,2209.549070653662,fs1-3016a20fd3ad,,,,,,,,
E088::moga,E088,2019-0331-IND,2019-07-14,Punjab,Moga,district,FAO/GAUL/2015/level2,matched,70233.0,2304.7121791107,fs1-3016a20fd3ad,,,,,,,,
E088::muktsar,E088,2019-0331-IND,2019-07-14,Punjab,Muktsar,district,FAO/GAUL/2015/level2,matched,70234.0,2601.679753255548,fs1-3016a20fd3ad,,,,,,,,
E088::pathankot,E088,2019-0331-IND,2019-07-14,Punjab,Pathankot,district,geoBoundaries/gbOpen/IND/ADM2/2021@8bef6929fd65432e7dc775e7c44473e84efff064ebddbfd6b834e6291546db40,matched,76128533B19630094725383,999.949013574026,fs1-3016a20fd3ad,,2021.0,exact_or_spacing,Pathankot,False,https://www.geoboundaries.org/api/current/gbOpen/IND/ADM2/,"District identity matched; 2021 reference geometry, NOT event-year boundary equivalence. No parent substitution.",
E088::patiala,E088,2019-0331-IND,2019-07-14,Punjab,Patiala,district,FAO/GAUL/2015/level2,matched,17831.0,3716.087632293798,fs1-3016a20fd3ad,,,,,,,,
E088::rupnagar,E088,2019-0331-IND,2019-07-14,Punjab,Rupnagar,district,FAO/GAUL/2015/level2,matched,17832.0,2095.7343025165355,fs1-3016a20fd3ad,,,,,,,,
E088::sas%20nagar,E088,2019-0331-IND,2019-07-14,Punjab,SAS Nagar,district,geoBoundaries/gbOpen/IND/ADM2/2021@8bef6929fd65432e7dc775e7c44473e84efff064ebddbfd6b834e6291546db40,matched,76128533B12197302963241,1101.7298561292196,fs1-3016a20fd3ad,,2021.0,census_label_alias,Sahibzada Ajit Singh Nagar,False,https://censusindia.gov.in/nada/index.php/catalog/42557,"District identity matched; 2021 reference geometry, NOT event-year boundary equivalence. No parent substitution.",
E088::sbs%20nagar,E088,2019-0331-IND,2019-07-14,Punjab,SBS Nagar,district,geoBoundaries/gbOpen/IND/ADM2/2021@8bef6929fd65432e7dc775e7c44473e84efff064ebddbfd6b834e6291546db40,matched,76128533B14984770113274,1278.323970559273,fs1-3016a20fd3ad,,2021.0,census_label_alias,Shahid Bhagat Singh Nagar,False,https://censusindia.gov.in/nada/index.php/catalog/42557,"District identity matched; 2021 reference geometry, NOT event-year boundary equivalence. No parent substitution.",
E088::sangrur,E088,2019-0331-IND,2019-07-14,Punjab,Sangrur,district,FAO/GAUL/2015/level2,matched,17833.0,5091.276351954565,fs1-3016a20fd3ad,,,,,,,,
E089::baran,E089,2019-0331-IND,2019-07-14,Rajasthan,Baran,district,FAO/GAUL/2015/level2,matched,70236.0,6837.623843421029,fs1-3016a20fd3ad,,,,,,,,
E089::bundi,E089,2019-0331-IND,2019-07-14,Rajasthan,Bundi,district,FAO/GAUL/2015/level2,matched,17841.0,5584.729928001412,fs1-3016a20fd3ad,,,,,,,,
E089::chittorgarh,E089,2019-0331-IND,2019-07-14,Rajasthan,Chittorgarh,district,geoBoundaries/gbOpen/IND/ADM2/2021@8bef6929fd65432e7dc775e7c44473e84efff064ebddbfd6b834e6291546db40,matched,76128533B58527154065354,7610.780196310265,fs1-3016a20fd3ad,,2021.0,census_label_alias,Chittaurgarh,False,https://censusindia.gov.in/nada/index.php/catalog/42557,"District identity matched; 2021 reference geometry, NOT event-year boundary equivalence. No parent substitution.",
E089::churu,E089,2019-0331-IND,2019-07-14,Rajasthan,Churu,district,FAO/GAUL/2015/level2,matched,17843.0,17075.11286515193,fs1-3016a20fd3ad,,,,,,,,
E089::dholpur,E089,2019-0331-IND,2019-07-14,Rajasthan,Dholpur,district,geoBoundaries/gbOpen/IND/ADM2/2021@8bef6929fd65432e7dc775e7c44473e84efff064ebddbfd6b834e6291546db40,matched,76128533B64898456093948,3030.9408891577045,fs1-3016a20fd3ad,,2021.0,census_label_alias,Dhaulpur,False,https://censusindia.gov.in/nada/index.php/catalog/42557,"District identity matched; 2021 reference geometry, NOT event-year boundary equivalence. No parent substitution.",
E089::jhalawar,E089,2019-0331-IND,2019-07-14,Rajasthan,Jhalawar,district,FAO/GAUL/2015/level2,matched,17850.0,6261.78152754128,fs1-3016a20fd3ad,,,,,,,,
E089::kota,E089,2019-0331-IND,2019-07-14,Rajasthan,Kota,district,FAO/GAUL/2015/level2,matched,17853.0,5514.285932841976,fs1-3016a20fd3ad,,,,,,,,
E089::rajsamand,E089,2019-0331-IND,2019-07-14,Rajasthan,Rajsamand,district,FAO/GAUL/2015/level2,matched,70240.0,4601.202060349811,fs1-3016a20fd3ad,,,,,,,,
E089::sikar,E089,2019-0331-IND,2019-07-14,Rajasthan,Sikar,district,FAO/GAUL/2015/level2,matched,17857.0,7693.658799376819,fs1-3016a20fd3ad,,,,,,,,
E090::agra,E090,2019-0331-IND,2019-07-14,Uttar Pradesh,Agra,district,FAO/GAUL/2015/level2,matched,17888.0,3532.421316691642,fs1-3016a20fd3ad,,,,,,,,
E090::ambedkar%20nagar,E090,2019-0331-IND,2019-07-14,Uttar Pradesh,Ambedkar Nagar,district,FAO/GAUL/2015/level2,matched,70257.0,2328.994244483866,fs1-3016a20fd3ad,,,,,,,,
E090::amroha,E090,2019-0331-IND,2019-07-14,Uttar Pradesh,Amroha,district,geoBoundaries/gbOpen/IND/ADM2/2021@8bef6929fd65432e7dc775e7c44473e84efff064ebddbfd6b834e6291546db40,matched,76128533B21119051307760,2281.647503522424,fs1-3016a20fd3ad,,2021.0,reviewed_alias,Jyotiba Phule Nagar,False,https://amroha.nic.in/history/,"District identity matched; 2021 reference geometry, NOT event-year boundary equivalence. No parent substitution.",
E090::auraiya,E090,2019-0331-IND,2019-07-14,Uttar Pradesh,Auraiya,district,FAO/GAUL/2015/level2,matched,70258.0,2182.3976584986426,fs1-3016a20fd3ad,,,,,,,,
E090::ayodhya,E090,2019-0331-IND,2019-07-14,Uttar Pradesh,Ayodhya,district,geoBoundaries/gbOpen/IND/ADM2/2021@8bef6929fd65432e7dc775e7c44473e84efff064ebddbfd6b834e6291546db40,matched,76128533B60320291189162,2675.800154387558,fs1-3016a20fd3ad,,2021.0,reviewed_alias,Faizabad,False,https://ayodhya.nic.in/,"District identity matched; 2021 reference geometry, NOT event-year boundary equivalence. No parent substitution.",
E090::bahraich,E090,2019-0331-IND,2019-07-14,Uttar Pradesh,Bahraich,district,FAO/GAUL/2015/level2,matched,17893.0,3705.0099637131552,fs1-3016a20fd3ad,,,,,,,,
E090::ballia,E090,2019-0331-IND,2019-07-14,Uttar Pradesh,Ballia,district,FAO/GAUL/2015/level2,matched,17894.0,3013.8054759791835,fs1-3016a20fd3ad,,,,,,,,
E090::balrampur,E090,2019-0331-IND,2019-07-14,Uttar Pradesh,Balrampur,district,FAO/GAUL/2015/level2,matched,70261.0,3379.881475532829,fs1-3016a20fd3ad,,,,,,,,
E090::banda,E090,2019-0331-IND,2019-07-14,Uttar Pradesh,Banda,district,FAO/GAUL/2015/level2,matched,17895.0,4528.7470438726,fs1-3016a20fd3ad,,,,,,,,
E090::barabanki,E090,2019-0331-IND,2019-07-14,Uttar Pradesh,Barabanki,district,FAO/GAUL/2015/level2,matched,17896.0,4440.0005417469865,fs1-3016a20fd3ad,,,,,,,,
E090::etawah,E090,2019-0331-IND,2019-07-14,Uttar Pradesh,Etawah,district,FAO/GAUL/2015/level2,matched,17906.0,2156.538962907565,fs1-3016a20fd3ad,,,,,,,,
E090::farrukhabad,E090,2019-0331-IND,2019-07-14,Uttar Pradesh,Farrukhabad,district,FAO/GAUL/2015/level2,matched,17908.0,2188.008861953001,fs1-3016a20fd3ad,,,,,,,,
E090::ghazipur,E090,2019-0331-IND,2019-07-14,Uttar Pradesh,Ghazipur,district,FAO/GAUL/2015/level2,matched,17912.0,3392.663587484302,fs1-3016a20fd3ad,,,,,,,,
E090::gonda,E090,2019-0331-IND,2019-07-14,Uttar Pradesh,Gonda,district,FAO/GAUL/2015/level2,matched,17913.0,4014.846082655345,fs1-3016a20fd3ad,,,,,,,,
E090::hamirpur,E090,2019-0331-IND,2019-07-14,Uttar Pradesh,Hamirpur,district,FAO/GAUL/2015/level2,matched,17915.0,4271.154307143049,fs1-3016a20fd3ad,,,,,,,,
E090::jalaun,E090,2019-0331-IND,2019-07-14,Uttar Pradesh,Jalaun,district,FAO/GAUL/2015/level2,matched,17917.0,4572.286607377707,fs1-3016a20fd3ad,,,,,,,,
E090::kanpur%20dehat,E090,2019-0331-IND,2019-07-14,Uttar Pradesh,Kanpur Dehat,district,FAO/GAUL/2015/level2,matched,70269.0,5042.756979466441,fs1-3016a20fd3ad,,,,,,,,
E090::kanpur%20nagar,E090,2019-0331-IND,2019-07-14,Uttar Pradesh,Kanpur Nagar,district,geoBoundaries/gbOpen/IND/ADM2/2021@8bef6929fd65432e7dc775e7c44473e84efff064ebddbfd6b834e6291546db40,matched,76128533B23710487943819,2904.729879575871,fs1-3016a20fd3ad,,2021.0,exact_or_spacing,Kanpur Nagar,False,https://www.geoboundaries.org/api/current/gbOpen/IND/ADM2/,"District identity matched; 2021 reference geometry, NOT event-year boundary equivalence. No parent substitution.",
E090::kushinagar,E090,2019-0331-IND,2019-07-14,Uttar Pradesh,Kushinagar,district,FAO/GAUL/2015/level2,matched,70271.0,2893.16087554316,fs1-3016a20fd3ad,,,,,,,,
E090::lakhimpur%20kheri,E090,2019-0331-IND,2019-07-14,Uttar Pradesh,Lakhimpur Kheri,district,FAO/GAUL/2015/level2,matched,17921.0,7708.742992388735,fs1-3016a20fd3ad,,,,,,,,
E090::mirzapur,E090,2019-0331-IND,2019-07-14,Uttar Pradesh,Mirzapur,district,FAO/GAUL/2015/level2,matched,17927.0,4526.889753258701,fs1-3016a20fd3ad,,,,,,,,
E090::pilibhit,E090,2019-0331-IND,2019-07-14,Uttar Pradesh,Pilibhit,district,FAO/GAUL/2015/level2,matched,17931.0,3594.1579683602813,fs1-3016a20fd3ad,,,,,,,,
E090::prayagraj,E090,2019-0331-IND,2019-07-14,Uttar Pradesh,Prayagraj,district,geoBoundaries/gbOpen/IND/ADM2/2021@8bef6929fd65432e7dc775e7c44473e84efff064ebddbfd6b834e6291546db40,matched,76128533B51368558457506,5474.7102581208,fs1-3016a20fd3ad,,2021.0,reviewed_alias,Allahabad,False,https://prayagraj.nic.in/history/,"District identity matched; 2021 reference geometry, NOT event-year boundary equivalence. No parent substitution.",
E090::sant%20kabir%20nagar,E090,2019-0331-IND,2019-07-14,Uttar Pradesh,Sant Kabir Nagar,district,FAO/GAUL/2015/level2,matched,70275.0,1329.179989070325,fs1-3016a20fd3ad,,,,,,,,
E090::shrawasti,E090,2019-0331-IND,2019-07-14,Uttar Pradesh,Shrawasti,district,geoBoundaries/gbOpen/IND/ADM2/2021@8bef6929fd65432e7dc775e7c44473e84efff064ebddbfd6b834e6291546db40,matched,76128533B34832354589031,1950.0124338087928,fs1-3016a20fd3ad,,2021.0,exact_or_spacing,Shrawasti,False,https://www.geoboundaries.org/api/current/gbOpen/IND/ADM2/,"District identity matched; 2021 reference geometry, NOT event-year boundary equivalence. No parent substitution.",
E090::sitapur,E090,2019-0331-IND,2019-07-14,Uttar Pradesh,Sitapur,district,FAO/GAUL/2015/level2,matched,17938.0,5789.793396469067,fs1-3016a20fd3ad,,,,,,,,
E090::varanasi,E090,2019-0331-IND,2019-07-14,Uttar Pradesh,Varanasi,district,FAO/GAUL/2015/level2,matched,17943.0,1554.288127138641,fs1-3016a20fd3ad,,,,,,,,
E091::almora,E091,2019-0331-IND,2019-07-14,Uttarakhand,Almora,district,FAO/GAUL/2015/level2,matched,70280.0,3105.697721313062,fs1-3016a20fd3ad,,,,,,,,
E091::bageshwar,E091,2019-0331-IND,2019-07-14,Uttarakhand,Bageshwar,district,FAO/GAUL/2015/level2,matched,70281.0,2283.823715697251,fs1-3016a20fd3ad,,,,,,,,
E091::chamoli,E091,2019-0331-IND,2019-07-14,Uttarakhand,Chamoli,district,FAO/GAUL/2015/level2,matched,70282.0,7838.316284013912,fs1-3016a20fd3ad,,,,,,,,
E091::champawat,E091,2019-0331-IND,2019-07-14,Uttarakhand,Champawat,district,FAO/GAUL/2015/level2,matched,70283.0,1688.3763040453146,fs1-3016a20fd3ad,,,,,,,,
E091::dehradun,E091,2019-0331-IND,2019-07-14,Uttarakhand,Dehradun,district,FAO/GAUL/2015/level2,matched,17903.0,3070.1655325092884,fs1-3016a20fd3ad,,,,,,,,
E091::haridwar,E091,2019-0331-IND,2019-07-14,Uttarakhand,Haridwar,district,FAO/GAUL/2015/level2,matched,70284.0,2388.487173667367,fs1-3016a20fd3ad,,,,,,,,
E091::nainital,E091,2019-0331-IND,2019-07-14,Uttarakhand,Nainital,district,FAO/GAUL/2015/level2,matched,70285.0,4068.963433579816,fs1-3016a20fd3ad,,,,,,,,
E091::pauri%20garhwal,E091,2019-0331-IND,2019-07-14,Uttarakhand,Pauri Garhwal,district,FAO/GAUL/2015/level2,matched,17910.0,5461.918144346134,fs1-3016a20fd3ad,,,,,,,,
E091::pithoragarh,E091,2019-0331-IND,2019-07-14,Uttarakhand,Pithoragarh,district,FAO/GAUL/2015/level2,matched,17932.0,7209.480621522472,fs1-3016a20fd3ad,,,,,,,,
E091::rudraprayag,E091,2019-0331-IND,2019-07-14,Uttarakhand,Rudraprayag,district,FAO/GAUL/2015/level2,matched,70286.0,1215.2753847771737,fs1-3016a20fd3ad,,,,,,,,
E091::tehri%20garhwal,E091,2019-0331-IND,2019-07-14,Uttarakhand,Tehri Garhwal,district,FAO/GAUL/2015/level2,matched,70287.0,4393.487663681659,fs1-3016a20fd3ad,,,,,,,,
E091::udham%20singh%20nagar,E091,2019-0331-IND,2019-07-14,Uttarakhand,Udham Singh Nagar,district,FAO/GAUL/2015/level2,matched,70288.0,2869.388323442663,fs1-3016a20fd3ad,,,,,,,,
E091::uttarkashi,E091,2019-0331-IND,2019-07-14,Uttarakhand,Uttarkashi,district,FAO/GAUL/2015/level2,matched,70289.0,6642.1631687539975,fs1-3016a20fd3ad,,,,,,,,
E092::alipurduar,E092,2019-0331-IND,2019-07-14,West Bengal,Alipurduar,district,geoBoundaries/gbOpen/IND/ADM2/2021@8bef6929fd65432e7dc775e7c44473e84efff064ebddbfd6b834e6291546db40,matched,76128533B23858286755005,2805.571892812845,fs1-3016a20fd3ad,,2021.0,exact_or_spacing,Alipurduar,False,https://www.geoboundaries.org/api/current/gbOpen/IND/ADM2/,"District identity matched; 2021 reference geometry, NOT event-year boundary equivalence. No parent substitution.",
E092::bankura,E092,2019-0331-IND,2019-07-14,West Bengal,Bankura,district,FAO/GAUL/2015/level2,matched,17945.0,6981.566770524623,fs1-3016a20fd3ad,,,,,,,,
E092::birbhum,E092,2019-0331-IND,2019-07-14,West Bengal,Birbhum,district,FAO/GAUL/2015/level2,matched,17947.0,4566.040490140597,fs1-3016a20fd3ad,,,,,,,,
E092::cooch%20behar,E092,2019-0331-IND,2019-07-14,West Bengal,Cooch Behar,district,geoBoundaries/gbOpen/IND/ADM2/2021@8bef6929fd65432e7dc775e7c44473e84efff064ebddbfd6b834e6291546db40,matched,76128533B64156747739715,3288.1312386460245,fs1-3016a20fd3ad,,2021.0,census_label_alias,Koch Bihar,False,https://censusindia.gov.in/nada/index.php/catalog/42557,"District identity matched; 2021 reference geometry, NOT event-year boundary equivalence. No parent substitution.",
E092::dakshin%20dinajpur,E092,2019-0331-IND,2019-07-14,West Bengal,Dakshin Dinajpur,district,FAO/GAUL/2015/level2,matched,70290.0,2107.683120443892,fs1-3016a20fd3ad,,,,,,,,
E092::darjeeling,E092,2019-0331-IND,2019-07-14,West Bengal,Darjeeling,district,geoBoundaries/gbOpen/IND/ADM2/2021@8bef6929fd65432e7dc775e7c44473e84efff064ebddbfd6b834e6291546db40,matched,76128533B17109302371020,2082.4452472301264,fs1-3016a20fd3ad,,2021.0,reviewed_alias,Darjiling,False,https://www.geoboundaries.org/api/current/gbOpen/IND/ADM2/,"District identity matched; 2021 reference geometry, NOT event-year boundary equivalence. No parent substitution.",
E092::east%20medinipur,E092,2019-0331-IND,2019-07-14,West Bengal,East Medinipur,district,geoBoundaries/gbOpen/IND/ADM2/2021@8bef6929fd65432e7dc775e7c44473e84efff064ebddbfd6b834e6291546db40,matched,76128533B25373378863054,4206.535570897585,fs1-3016a20fd3ad,,2021.0,census_label_alias,Purba Medinipur,False,https://censusindia.gov.in/nada/index.php/catalog/42557,"District identity matched; 2021 reference geometry, NOT event-year boundary equivalence. No parent substitution.",
E092::hooghly,E092,2019-0331-IND,2019-07-14,West Bengal,Hooghly,district,geoBoundaries/gbOpen/IND/ADM2/2021@8bef6929fd65432e7dc775e7c44473e84efff064ebddbfd6b834e6291546db40,matched,76128533B81857725777974,3153.550053477295,fs1-3016a20fd3ad,,2021.0,census_label_alias,Hugli,False,https://censusindia.gov.in/nada/index.php/catalog/42557,"District identity matched; 2021 reference geometry, NOT event-year boundary equivalence. No parent substitution.",
E092::howrah,E092,2019-0331-IND,2019-07-14,West Bengal,Howrah,district,geoBoundaries/gbOpen/IND/ADM2/2021@8bef6929fd65432e7dc775e7c44473e84efff064ebddbfd6b834e6291546db40,matched,76128533B22077262393417,1451.5753227599494,fs1-3016a20fd3ad,,2021.0,census_label_alias,Haora,False,https://censusindia.gov.in/nada/index.php/catalog/42557,"District identity matched; 2021 reference geometry, NOT event-year boundary equivalence. No parent substitution.",
E092::jalpaiguri,E092,2019-0331-IND,2019-07-14,West Bengal,Jalpaiguri,district,FAO/GAUL/2015/level2,matched,17951.0,6200.341009430311,fs1-3016a20fd3ad,,,,,,,,
E092::jhargram,E092,2019-0331-IND,2019-07-14,West Bengal,Jhargram,district,geoBoundaries/gbOpen/IND/ADM2/2021@8bef6929fd65432e7dc775e7c44473e84efff064ebddbfd6b834e6291546db40,matched,76128533B24861976740713,3096.557448030717,fs1-3016a20fd3ad,,2021.0,exact_or_spacing,Jhargram,False,https://www.geoboundaries.org/api/current/gbOpen/IND/ADM2/,"District identity matched; 2021 reference geometry, NOT event-year boundary equivalence. No parent substitution.",
E092::kalimpong,E092,2019-0331-IND,2019-07-14,West Bengal,Kalimpong,district,geoBoundaries/gbOpen/IND/ADM2/2021@8bef6929fd65432e7dc775e7c44473e84efff064ebddbfd6b834e6291546db40,matched,76128533B78458325839103,1110.1333982291185,fs1-3016a20fd3ad,,2021.0,exact_or_spacing,Kalimpong,False,https://www.geoboundaries.org/api/current/gbOpen/IND/ADM2/,"District identity matched; 2021 reference geometry, NOT event-year boundary equivalence. No parent substitution.",
E092::kolkata,E092,2019-0331-IND,2019-07-14,West Bengal,Kolkata,district,FAO/GAUL/2015/level2,matched,70292.0,91.84529866788924,fs1-3016a20fd3ad,,,,,,,,
E092::malda,E092,2019-0331-IND,2019-07-14,West Bengal,Malda,district,geoBoundaries/gbOpen/IND/ADM2/2021@8bef6929fd65432e7dc775e7c44473e84efff064ebddbfd6b834e6291546db40,matched,76128533B36734405131975,3569.571917709693,fs1-3016a20fd3ad,,2021.0,census_label_alias,Maldah,False,https://censusindia.gov.in/nada/index.php/catalog/42557,"District identity matched; 2021 reference geometry, NOT event-year boundary equivalence. No parent substitution.",
E092::murshidabad,E092,2019-0331-IND,2019-07-14,West Bengal,Murshidabad,district,FAO/GAUL/2015/level2,matched,17955.0,5473.753950605631,fs1-3016a20fd3ad,,,,,,,,
E092::nadia,E092,2019-0331-IND,2019-07-14,West Bengal,Nadia,district,FAO/GAUL/2015/level2,matched,17956.0,3995.2318634205153,fs1-3016a20fd3ad,,,,,,,,
E092::north%2024%20parganas,E092,2019-0331-IND,2019-07-14,West Bengal,North 24 Parganas,district,FAO/GAUL/2015/level2,matched,70293.0,6006.604976683008,fs1-3016a20fd3ad,,,,,,,,
E092::paschim%20bardhaman,E092,2019-0331-IND,2019-07-14,West Bengal,Paschim Bardhaman,district,geoBoundaries/gbOpen/IND/ADM2/2021@8bef6929fd65432e7dc775e7c44473e84efff064ebddbfd6b834e6291546db40,matched,76128533B60845263086042,1638.342752616779,fs1-3016a20fd3ad,,2021.0,reviewed_alias,Paschim Barddhaman,False,https://www.geoboundaries.org/api/current/gbOpen/IND/ADM2/,"District identity matched; 2021 reference geometry, NOT event-year boundary equivalence. No parent substitution.",
E092::purba%20bardhaman,E092,2019-0331-IND,2019-07-14,West Bengal,Purba Bardhaman,district,geoBoundaries/gbOpen/IND/ADM2/2021@8bef6929fd65432e7dc775e7c44473e84efff064ebddbfd6b834e6291546db40,matched,76128533B59121537940607,5396.808202076744,fs1-3016a20fd3ad,,2021.0,reviewed_alias,Barddhaman,False,https://www.geoboundaries.org/api/current/gbOpen/IND/ADM2/,"District identity matched; 2021 reference geometry, NOT event-year boundary equivalence. No parent substitution.",
E092::purulia,E092,2019-0331-IND,2019-07-14,West Bengal,Purulia,district,geoBoundaries/gbOpen/IND/ADM2/2021@8bef6929fd65432e7dc775e7c44473e84efff064ebddbfd6b834e6291546db40,matched,76128533B16811573188243,6255.530346174724,fs1-3016a20fd3ad,,2021.0,census_label_alias,Puruliya,False,https://censusindia.gov.in/nada/index.php/catalog/42557,"District identity matched; 2021 reference geometry, NOT event-year boundary equivalence. No parent substitution.",
E092::south%2024%20parganas,E092,2019-0331-IND,2019-07-14,West Bengal,South 24 Parganas,district,FAO/GAUL/2015/level2,matched,70294.0,5503.307786632012,fs1-3016a20fd3ad,,,,,,,,
E092::uttar%20dinajpur,E092,2019-0331-IND,2019-07-14,West Bengal,Uttar Dinajpur,district,FAO/GAUL/2015/level2,matched,70295.0,3356.268468886421,fs1-3016a20fd3ad,,,,,,,,
E092::west%20medinipur,E092,2019-0331-IND,2019-07-14,West Bengal,West Medinipur,district,geoBoundaries/gbOpen/IND/ADM2/2021@8bef6929fd65432e7dc775e7c44473e84efff064ebddbfd6b834e6291546db40,matched,76128533B88812350838807,6284.990303075887,fs1-3016a20fd3ad,,2021.0,reviewed_alias,Paschim Medinipur,False,https://www.geoboundaries.org/api/current/gbOpen/IND/ADM2/,"District identity matched; 2021 reference geometry, NOT event-year boundary equivalence. No parent substitution.",
E093::alappuzha,E093,2019-0383-IND,2019-08-12,Kerala,Alappuzha,district,FAO/GAUL/2015/level2,matched,70298.0,1316.6907112011845,fs1-3016a20fd3ad,,,,,,,,
E093::ernakulam,E093,2019-0383-IND,2019-08-12,Kerala,Ernakulam,district,FAO/GAUL/2015/level2,matched,17699.0,2305.474714394872,fs1-3016a20fd3ad,,,,,,,,
E093::idukki,E093,2019-0383-IND,2019-08-12,Kerala,Idukki,district,FAO/GAUL/2015/level2,matched,17700.0,5010.411036324633,fs1-3016a20fd3ad,,,,,,,,
E093::kannur,E093,2019-0383-IND,2019-08-12,Kerala,Kannur,district,FAO/GAUL/2015/level2,matched,17698.0,2812.193678917521,fs1-3016a20fd3ad,,,,,,,,
E093::kasaragod,E093,2019-0383-IND,2019-08-12,Kerala,Kasaragod,district,FAO/GAUL/2015/level2,matched,17701.0,1972.6636827859088,fs1-3016a20fd3ad,,,,,,,,
E093::kottayam,E093,2019-0383-IND,2019-08-12,Kerala,Kottayam,district,FAO/GAUL/2015/level2,matched,17702.0,2143.385583622296,fs1-3016a20fd3ad,,,,,,,,
E093::kozhikode,E093,2019-0383-IND,2019-08-12,Kerala,Kozhikode,district,FAO/GAUL/2015/level2,matched,17703.0,2285.6176079375005,fs1-3016a20fd3ad,,,,,,,,
E093::malappuram,E093,2019-0383-IND,2019-08-12,Kerala,Malappuram,district,FAO/GAUL/2015/level2,matched,17704.0,3517.427723973104,fs1-3016a20fd3ad,,,,,,,,
E093::pathanamthitta,E093,2019-0383-IND,2019-08-12,Kerala,Pathanamthitta,district,geoBoundaries/gbOpen/IND/ADM2/2021@8bef6929fd65432e7dc775e7c44473e84efff064ebddbfd6b834e6291546db40,matched,76128533B29330052395581,2663.6118314901764,fs1-3016a20fd3ad,,2021.0,exact_or_spacing,Pathanamthitta,False,https://www.geoboundaries.org/api/current/gbOpen/IND/ADM2/,"District identity matched; 2021 reference geometry, NOT event-year boundary equivalence. No parent substitution.",
E093::thrissur,E093,2019-0383-IND,2019-08-12,Kerala,Thrissur,district,FAO/GAUL/2015/level2,matched,17708.0,2961.767200211148,fs1-3016a20fd3ad,,,,,,,,
E093::wayanad,E093,2019-0383-IND,2019-08-12,Kerala,Wayanad,district,FAO/GAUL/2015/level2,matched,17710.0,2130.300649398313,fs1-3016a20fd3ad,,,,,,,,
E094::kolhapur,E094,2019-0383-IND,2019-08-12,Maharashtra,Kolhapur,district,FAO/GAUL/2015/level2,matched,17769.0,7680.572392490604,fs1-3016a20fd3ad,,,,,,,,
E094::sangli,E094,2019-0383-IND,2019-08-12,Maharashtra,Sangli,district,FAO/GAUL/2015/level2,matched,17780.0,8563.308722938114,fs1-3016a20fd3ad,,,,,,,,
E095::balangir,E095,2019-0383-IND,2019-08-12,Odisha,Balangir,district,geoBoundaries/gbOpen/IND/ADM2/2021@8bef6929fd65432e7dc775e7c44473e84efff064ebddbfd6b834e6291546db40,matched,76128533B44395557448920,6589.423663538448,fs1-3016a20fd3ad,,2021.0,exact_or_spacing,Balangir,False,https://www.geoboundaries.org/api/current/gbOpen/IND/ADM2/,"District identity matched; 2021 reference geometry, NOT event-year boundary equivalence. No parent substitution.",
E095::kalahandi,E095,2019-0383-IND,2019-08-12,Odisha,Kalahandi,district,FAO/GAUL/2015/level2,matched,17812.0,7938.930130032871,fs1-3016a20fd3ad,,,,,,,,
E095::kandhamal,E095,2019-0383-IND,2019-08-12,Odisha,Kandhamal,district,FAO/GAUL/2015/level2,matched,70217.0,8088.528530440674,fs1-3016a20fd3ad,,,,,,,,
E095::nuapada,E095,2019-0383-IND,2019-08-12,Odisha,Nuapada,district,FAO/GAUL/2015/level2,matched,70223.0,3881.856999707553,fs1-3016a20fd3ad,,,,,,,,
E095::subarnapur,E095,2019-0383-IND,2019-08-12,Odisha,Subarnapur,district,geoBoundaries/gbOpen/IND/ADM2/2021@8bef6929fd65432e7dc775e7c44473e84efff064ebddbfd6b834e6291546db40,matched,76128533B6884509901047,2356.718060827676,fs1-3016a20fd3ad,,2021.0,exact_or_spacing,Subarnapur,False,https://www.geoboundaries.org/api/current/gbOpen/IND/ADM2/,"District identity matched; 2021 reference geometry, NOT event-year boundary equivalence. No parent substitution.",
E096::birbhum,E096,2019-0383-IND,2019-08-12,West Bengal,Birbhum,district,FAO/GAUL/2015/level2,matched,17947.0,4566.040490140597,fs1-3016a20fd3ad,,,,,,,,
E096::darjeeling,E096,2019-0383-IND,2019-08-12,West Bengal,Darjeeling,district,geoBoundaries/gbOpen/IND/ADM2/2021@8bef6929fd65432e7dc775e7c44473e84efff064ebddbfd6b834e6291546db40,matched,76128533B17109302371020,2082.445247229802,fs1-3016a20fd3ad,,2021.0,reviewed_alias,Darjiling,False,https://www.geoboundaries.org/api/current/gbOpen/IND/ADM2/,"District identity matched; 2021 reference geometry, NOT event-year boundary equivalence. No parent substitution.",
E096::kalimpong,E096,2019-0383-IND,2019-08-12,West Bengal,Kalimpong,district,geoBoundaries/gbOpen/IND/ADM2/2021@8bef6929fd65432e7dc775e7c44473e84efff064ebddbfd6b834e6291546db40,matched,76128533B78458325839103,1110.133398229132,fs1-3016a20fd3ad,,2021.0,exact_or_spacing,Kalimpong,False,https://www.geoboundaries.org/api/current/gbOpen/IND/ADM2/,"District identity matched; 2021 reference geometry, NOT event-year boundary equivalence. No parent substitution.",
E096::nadia,E096,2019-0383-IND,2019-08-12,West Bengal,Nadia,district,FAO/GAUL/2015/level2,matched,17956.0,3995.2318634205153,fs1-3016a20fd3ad,,,,,,,,
E097::belagavi,E097,2019-0499-IND,2019-10-19,Karnataka,Belagavi,district,geoBoundaries/gbOpen/IND/ADM2/2021@8bef6929fd65432e7dc775e7c44473e84efff064ebddbfd6b834e6291546db40,matched,76128533B74319098136622,13437.79374447446,fs1-3016a20fd3ad,,2021.0,census_label_alias,Belgaum,False,https://assets.publishing.service.gov.uk/media/5a7e0e2d40f0b62305b80813/Karnataka_State_India_Name_Changes_20141112.pdf,"District identity matched; 2021 reference geometry, NOT event-year boundary equivalence. No parent substitution.",
E097::gadag,E097,2019-0499-IND,2019-10-19,Karnataka,Gadag,district,FAO/GAUL/2015/level2,matched,70163.0,4647.273331660636,fs1-3016a20fd3ad,,,,,,,,
E097::koppal,E097,2019-0499-IND,2019-10-19,Karnataka,Koppal,district,FAO/GAUL/2015/level2,matched,70165.0,5575.478276779294,fs1-3016a20fd3ad,,,,,,,,
E098::alappuzha,E098,2019-0499-IND,2019-10-19,Kerala,Alappuzha,district,FAO/GAUL/2015/level2,matched,70298.0,1316.6907112011845,fs1-3016a20fd3ad,,,,,,,,
E098::ernakulam,E098,2019-0499-IND,2019-10-19,Kerala,Ernakulam,district,FAO/GAUL/2015/level2,matched,17699.0,2305.474714394872,fs1-3016a20fd3ad,,,,,,,,
E098::kannur,E098,2019-0499-IND,2019-10-19,Kerala,Kannur,district,FAO/GAUL/2015/level2,matched,17698.0,2812.193678917521,fs1-3016a20fd3ad,,,,,,,,
E098::kasaragod,E098,2019-0499-IND,2019-10-19,Kerala,Kasaragod,district,FAO/GAUL/2015/level2,matched,17701.0,1972.6636827859088,fs1-3016a20fd3ad,,,,,,,,
E098::kollam,E098,2019-0499-IND,2019-10-19,Kerala,Kollam,district,FAO/GAUL/2015/level2,matched,17707.0,2363.0186325698423,fs1-3016a20fd3ad,,,,,,,,
E098::kottayam,E098,2019-0499-IND,2019-10-19,Kerala,Kottayam,district,FAO/GAUL/2015/level2,matched,17702.0,2143.385583622296,fs1-3016a20fd3ad,,,,,,,,
E098::palakkad,E098,2019-0499-IND,2019-10-19,Kerala,Palakkad,district,FAO/GAUL/2015/level2,matched,17705.0,4489.876823790321,fs1-3016a20fd3ad,,,,,,,,
E098::thiruvananthapuram,E098,2019-0499-IND,2019-10-19,Kerala,Thiruvananthapuram,district,FAO/GAUL/2015/level2,matched,17709.0,2047.560453755721,fs1-3016a20fd3ad,,,,,,,,
E098::thrissur,E098,2019-0499-IND,2019-10-19,Kerala,Thrissur,district,FAO/GAUL/2015/level2,matched,17708.0,2961.767200211148,fs1-3016a20fd3ad,,,,,,,,
E099::nilgiris,E099,2019-0499-IND,2019-10-19,Tamil Nadu,Nilgiris,district,FAO/GAUL/2015/level2,matched,17873.0,2556.29022980388,fs1-3016a20fd3ad,,,,,,,,
E100::puducherry,E100,2019-0574-IND,2019-11-29,Puducherry,Puducherry,district,FAO/GAUL/2015/level2,matched,70228.0,199.99944279980937,fs1-3016a20fd3ad,,,,,,,,
E101::coimbatore,E101,2019-0574-IND,2019-11-29,Tamil Nadu,Coimbatore,district,FAO/GAUL/2015/level2,matched,17867.0,7435.549976623285,fs1-3016a20fd3ad,,,,,,,,
E101::cuddalore,E101,2019-0574-IND,2019-11-29,Tamil Nadu,Cuddalore,district,FAO/GAUL/2015/level2,matched,70243.0,3834.148317022688,fs1-3016a20fd3ad,,,,,,,,
E101::nagapattinam,E101,2019-0574-IND,2019-11-29,Tamil Nadu,Nagapattinam,district,FAO/GAUL/2015/level2,matched,70247.0,4937.704421608838,fs1-3016a20fd3ad,,,,,,,,
E101::thiruvarur,E101,2019-0574-IND,2019-11-29,Tamil Nadu,Thiruvarur,district,geoBoundaries/gbOpen/IND/ADM2/2021@8bef6929fd65432e7dc775e7c44473e84efff064ebddbfd6b834e6291546db40,matched,76128533B45072089356239,2285.385478948947,fs1-3016a20fd3ad,,2021.0,exact_or_spacing,Thiruvarur,False,https://www.geoboundaries.org/api/current/gbOpen/IND/ADM2/,"District identity matched; 2021 reference geometry, NOT event-year boundary equivalence. No parent substitution.",
E101::tiruppur,E101,2019-0574-IND,2019-11-29,Tamil Nadu,Tiruppur,district,geoBoundaries/gbOpen/IND/ADM2/2021@8bef6929fd65432e7dc775e7c44473e84efff064ebddbfd6b834e6291546db40,matched,76128533B57036825942975,5200.603913602986,fs1-3016a20fd3ad,,2021.0,exact_or_spacing,Tiruppur,False,https://www.geoboundaries.org/api/current/gbOpen/IND/ADM2/,"District identity matched; 2021 reference geometry, NOT event-year boundary equivalence. No parent substitution.",
E103::darrang,E103,2020-0206-IND,2020-05-24,Assam,Darrang,district,FAO/GAUL/2015/level2,matched,17578.0,3426.9679336953163,fs1-3016a20fd3ad,,,,,,,,
E103::goalpara,E103,2020-0206-IND,2020-05-24,Assam,Goalpara,district,FAO/GAUL/2015/level2,matched,17581.0,1904.60564716237,fs1-3016a20fd3ad,,,,,,,,
E103::lakhimpur,E103,2020-0206-IND,2020-05-24,Assam,Lakhimpur,district,FAO/GAUL/2015/level2,matched,70091.0,2886.5239581816727,fs1-3016a20fd3ad,,,,,,,,
E103::sonitpur,E103,2020-0206-IND,2020-05-24,Assam,Sonitpur,district,FAO/GAUL/2015/level2,matched,17593.0,4676.158375740257,fs1-3016a20fd3ad,,,,,,,,
E103::udalguri,E103,2020-0206-IND,2020-05-24,Assam,Udalguri,district,geoBoundaries/gbOpen/IND/ADM2/2021@8bef6929fd65432e7dc775e7c44473e84efff064ebddbfd6b834e6291546db40,matched,76128533B20307518801538,2056.2913712488385,fs1-3016a20fd3ad,,2021.0,exact_or_spacing,Udalguri,False,https://www.geoboundaries.org/api/current/gbOpen/IND/ADM2/,"District identity matched; 2021 reference geometry, NOT event-year boundary equivalence. No parent substitution.",
E104::mangan,E104,2020-0206-IND,2020-05-24,Sikkim,Mangan,district,geoBoundaries/gbOpen/IND/ADM2/2021@8bef6929fd65432e7dc775e7c44473e84efff064ebddbfd6b834e6291546db40,matched,76128533B65820903826030,4277.456189629023,fs1-3016a20fd3ad,,2021.0,reviewed_alias,North District,False,https://sikkim.nic.in/district-centres/,"District identity matched; 2021 reference geometry, NOT event-year boundary equivalence. No parent substitution.",
E106::east%20siang,E106,2020-0304-IND,2020-06-01,Arunachal Pradesh,East Siang,district,FAO/GAUL/2015/level2,matched,17571.0,947.3283946599408,fs1-3016a20fd3ad,,,,,,,,
E106::namsai,E106,2020-0304-IND,2020-06-01,Arunachal Pradesh,Namsai,district,geoBoundaries/gbOpen/IND/ADM2/2021@8bef6929fd65432e7dc775e7c44473e84efff064ebddbfd6b834e6291546db40,matched,76128533B1875965515331,1281.1997378272174,fs1-3016a20fd3ad,,2021.0,exact_or_spacing,Namsai,False,https://www.geoboundaries.org/api/current/gbOpen/IND/ADM2/,"District identity matched; 2021 reference geometry, NOT event-year boundary equivalence. No parent substitution.",
E107::baksa,E107,2020-0304-IND,2020-06-01,Assam,Baksa,district,geoBoundaries/gbOpen/IND/ADM2/2021@8bef6929fd65432e7dc775e7c44473e84efff064ebddbfd6b834e6291546db40,matched,76128533B8221925175605,2398.6209171216647,fs1-3016a20fd3ad,,2021.0,exact_or_spacing,Baksa,False,https://www.geoboundaries.org/api/current/gbOpen/IND/ADM2/,"District identity matched; 2021 reference geometry, NOT event-year boundary equivalence. No parent substitution.",
E107::barpeta,E107,2020-0304-IND,2020-06-01,Assam,Barpeta,district,FAO/GAUL/2015/level2,matched,17576.0,3253.622989828742,fs1-3016a20fd3ad,,,,,,,,
E107::biswanath,E107,2020-0304-IND,2020-06-01,Assam,Biswanath,district,geoBoundaries/gbOpen/IND/ADM2/2021@8bef6929fd65432e7dc775e7c44473e84efff064ebddbfd6b834e6291546db40,matched,76128533B40714385808093,1795.9804068303213,fs1-3016a20fd3ad,,2021.0,exact_or_spacing,Biswanath,False,https://www.geoboundaries.org/api/current/gbOpen/IND/ADM2/,"District identity matched; 2021 reference geometry, NOT event-year boundary equivalence. No parent substitution.",
E107::bongaigaon,E107,2020-0304-IND,2020-06-01,Assam,Bongaigaon,district,FAO/GAUL/2015/level2,matched,70086.0,2332.582799042809,fs1-3016a20fd3ad,,,,,,,,
E107::cachar,E107,2020-0304-IND,2020-06-01,Assam,Cachar,district,FAO/GAUL/2015/level2,matched,17577.0,3806.329961738336,fs1-3016a20fd3ad,,,,,,,,
E107::charaideo,E107,2020-0304-IND,2020-06-01,Assam,Charaideo,district,geoBoundaries/gbOpen/IND/ADM2/2021@8bef6929fd65432e7dc775e7c44473e84efff064ebddbfd6b834e6291546db40,matched,76128533B89228414823983,1051.5010239181354,fs1-3016a20fd3ad,,2021.0,exact_or_spacing,Charaideo,False,https://www.geoboundaries.org/api/current/gbOpen/IND/ADM2/,"District identity matched; 2021 reference geometry, NOT event-year boundary equivalence. No parent substitution.",
E107::chirang,E107,2020-0304-IND,2020-06-01,Assam,Chirang,district,geoBoundaries/gbOpen/IND/ADM2/2021@8bef6929fd65432e7dc775e7c44473e84efff064ebddbfd6b834e6291546db40,matched,76128533B56012535339305,1586.6528982343073,fs1-3016a20fd3ad,,2021.0,exact_or_spacing,Chirang,False,https://www.geoboundaries.org/api/current/gbOpen/IND/ADM2/,"District identity matched; 2021 reference geometry, NOT event-year boundary equivalence. No parent substitution.",
E107::darrang,E107,2020-0304-IND,2020-06-01,Assam,Darrang,district,FAO/GAUL/2015/level2,matched,17578.0,3426.9679336953163,fs1-3016a20fd3ad,,,,,,,,
E107::dhemaji,E107,2020-0304-IND,2020-06-01,Assam,Dhemaji,district,FAO/GAUL/2015/level2,matched,70087.0,2503.3476339074205,fs1-3016a20fd3ad,,,,,,,,
E107::dhubri,E107,2020-0304-IND,2020-06-01,Assam,Dhubri,district,geoBoundaries/gbOpen/IND/ADM2/2021@8bef6929fd65432e7dc775e7c44473e84efff064ebddbfd6b834e6291546db40,matched,76128533B25835998628545,1790.280077462252,fs1-3016a20fd3ad,,2021.0,exact_or_spacing,Dhubri,False,https://www.geoboundaries.org/api/current/gbOpen/IND/ADM2/,"District identity matched; 2021 reference geometry, NOT event-year boundary equivalence. No parent substitution.",
E107::dibrugarh,E107,2020-0304-IND,2020-06-01,Assam,Dibrugarh,district,FAO/GAUL/2015/level2,matched,17580.0,3397.4818067287138,fs1-3016a20fd3ad,,,,,,,,
E107::goalpara,E107,2020-0304-IND,2020-06-01,Assam,Goalpara,district,FAO/GAUL/2015/level2,matched,17581.0,1904.60564716237,fs1-3016a20fd3ad,,,,,,,,
E107::golaghat,E107,2020-0304-IND,2020-06-01,Assam,Golaghat,district,FAO/GAUL/2015/level2,matched,17582.0,3532.2679838886856,fs1-3016a20fd3ad,,,,,,,,
E107::hojai,E107,2020-0304-IND,2020-06-01,Assam,Hojai,district,geoBoundaries/gbOpen/IND/ADM2/2021@8bef6929fd65432e7dc775e7c44473e84efff064ebddbfd6b834e6291546db40,matched,76128533B70315194619807,1456.4677644954024,fs1-3016a20fd3ad,,2021.0,exact_or_spacing,Hojai,False,https://www.geoboundaries.org/api/current/gbOpen/IND/ADM2/,"District identity matched; 2021 reference geometry, NOT event-year boundary equivalence. No parent substitution.",
E107::jorhat,E107,2020-0304-IND,2020-06-01,Assam,Jorhat,district,FAO/GAUL/2015/level2,matched,70089.0,2842.716884638612,fs1-3016a20fd3ad,,,,,,,,
E107::kamrup,E107,2020-0304-IND,2020-06-01,Assam,Kamrup,district,FAO/GAUL/2015/level2,matched,17583.0,4348.6225796054405,fs1-3016a20fd3ad,,,,,,,,
E107::kamrup%20metropolitan,E107,2020-0304-IND,2020-06-01,Assam,Kamrup Metropolitan,district,geoBoundaries/gbOpen/IND/ADM2/2021@8bef6929fd65432e7dc775e7c44473e84efff064ebddbfd6b834e6291546db40,matched,76128533B38230828972906,1131.5412000860365,fs1-3016a20fd3ad,,2021.0,exact_or_spacing,Kamrup Metropolitan,False,https://www.geoboundaries.org/api/current/gbOpen/IND/ADM2/,"District identity matched; 2021 reference geometry, NOT event-year boundary equivalence. No parent substitution.",
E107::karbi%20anglong,E107,2020-0304-IND,2020-06-01,Assam,Karbi Anglong,district,FAO/GAUL/2015/level2,matched,17584.0,10446.406497647093,fs1-3016a20fd3ad,,,,,,,,
E107::kokrajhar,E107,2020-0304-IND,2020-06-01,Assam,Kokrajhar,district,FAO/GAUL/2015/level2,matched,70090.0,3329.2233881813268,fs1-3016a20fd3ad,,,,,,,,
E107::lakhimpur,E107,2020-0304-IND,2020-06-01,Assam,Lakhimpur,district,FAO/GAUL/2015/level2,matched,70091.0,2886.5239581816727,fs1-3016a20fd3ad,,,,,,,,
E107::majuli,E107,2020-0304-IND,2020-06-01,Assam,Majuli,district,geoBoundaries/gbOpen/IND/ADM2/2021@8bef6929fd65432e7dc775e7c44473e84efff064ebddbfd6b834e6291546db40,matched,76128533B15157901669242,1250.5943287676694,fs1-3016a20fd3ad,,2021.0,exact_or_spacing,Majuli,False,https://www.geoboundaries.org/api/current/gbOpen/IND/ADM2/,"District identity matched; 2021 reference geometry, NOT event-year boundary equivalence. No parent substitution.",
E107::morigaon,E107,2020-0304-IND,2020-06-01,Assam,Morigaon,district,geoBoundaries/gbOpen/IND/ADM2/2021@8bef6929fd65432e7dc775e7c44473e84efff064ebddbfd6b834e6291546db40,matched,76128533B17968019348564,1508.3262903435684,fs1-3016a20fd3ad,,2021.0,exact_or_spacing,Morigaon,False,https://www.geoboundaries.org/api/current/gbOpen/IND/ADM2/,"District identity matched; 2021 reference geometry, NOT event-year boundary equivalence. No parent substitution.",
E107::nagaon,E107,2020-0304-IND,2020-06-01,Assam,Nagaon,district,FAO/GAUL/2015/level2,matched,17589.0,3997.4423095607103,fs1-3016a20fd3ad,,,,,,,,
E107::nalbari,E107,2020-0304-IND,2020-06-01,Assam,Nalbari,district,FAO/GAUL/2015/level2,matched,17590.0,2339.8796955273547,fs1-3016a20fd3ad,,,,,,,,
E107::sivasagar,E107,2020-0304-IND,2020-06-01,Assam,Sivasagar,district,geoBoundaries/gbOpen/IND/ADM2/2021@8bef6929fd65432e7dc775e7c44473e84efff064ebddbfd6b834e6291546db40,matched,76128533B21722277889516,1526.651765771626,fs1-3016a20fd3ad,,2021.0,exact_or_spacing,Sivasagar,False,https://www.geoboundaries.org/api/current/gbOpen/IND/ADM2/,"District identity matched; 2021 reference geometry, NOT event-year boundary equivalence. No parent substitution.",
E107::sonitpur,E107,2020-0304-IND,2020-06-01,Assam,Sonitpur,district,FAO/GAUL/2015/level2,matched,17593.0,4676.158375740257,fs1-3016a20fd3ad,,,,,,,,
E107::south%20salmara,E107,2020-0304-IND,2020-06-01,Assam,South Salmara,district,geoBoundaries/gbOpen/IND/ADM2/2021@8bef6929fd65432e7dc775e7c44473e84efff064ebddbfd6b834e6291546db40,matched,76128533B20298037622173,719.1856651342532,fs1-3016a20fd3ad,,2021.0,reviewed_alias,South Salmara-Mankachar,False,https://www.geoboundaries.org/api/current/gbOpen/IND/ADM2/,"District identity matched; 2021 reference geometry, NOT event-year boundary equivalence. No parent substitution.",
E107::tinsukia,E107,2020-0304-IND,2020-06-01,Assam,Tinsukia,district,FAO/GAUL/2015/level2,matched,70093.0,3799.190193815676,fs1-3016a20fd3ad,,,,,,,,
E107::udalguri,E107,2020-0304-IND,2020-06-01,Assam,Udalguri,district,geoBoundaries/gbOpen/IND/ADM2/2021@8bef6929fd65432e7dc775e7c44473e84efff064ebddbfd6b834e6291546db40,matched,76128533B20307518801538,2056.2913712488385,fs1-3016a20fd3ad,,2021.0,exact_or_spacing,Udalguri,False,https://www.geoboundaries.org/api/current/gbOpen/IND/ADM2/,"District identity matched; 2021 reference geometry, NOT event-year boundary equivalence. No parent substitution.",
E107::west%20karbi%20anglong,E107,2020-0304-IND,2020-06-01,Assam,West Karbi Anglong,district,geoBoundaries/gbOpen/IND/ADM2/2021@8bef6929fd65432e7dc775e7c44473e84efff064ebddbfd6b834e6291546db40,matched,76128533B57995625790051,3106.68686919722,fs1-3016a20fd3ad,,2021.0,reviewed_alias,Karbi Anglong West,False,https://www.geoboundaries.org/api/current/gbOpen/IND/ADM2/,"District identity matched; 2021 reference geometry, NOT event-year boundary equivalence. No parent substitution.",
E108::darbhanga,E108,2020-0304-IND,2020-06-01,Bihar,Darbhanga,district,FAO/GAUL/2015/level2,matched,17598.0,2293.727225126986,fs1-3016a20fd3ad,,,,,,,,
E108::east%20champaran,E108,2020-0304-IND,2020-06-01,Bihar,East Champaran,district,geoBoundaries/gbOpen/IND/ADM2/2021@8bef6929fd65432e7dc775e7c44473e84efff064ebddbfd6b834e6291546db40,matched,76128533B49017555803526,4209.432168721379,fs1-3016a20fd3ad,,2021.0,census_label_alias,Purba Champaran,False,https://censusindia.gov.in/nada/index.php/catalog/42557,"District identity matched; 2021 reference geometry, NOT event-year boundary equivalence. No parent substitution.",
E108::gopalganj,E108,2020-0304-IND,2020-06-01,Bihar,Gopalganj,district,FAO/GAUL/2015/level2,matched,17604.0,2044.660708589624,fs1-3016a20fd3ad,,,,,,,,
E108::khagaria,E108,2020-0304-IND,2020-06-01,Bihar,Khagaria,district,FAO/GAUL/2015/level2,matched,17609.0,1494.410012910706,fs1-3016a20fd3ad,,,,,,,,
E108::kishanganj,E108,2020-0304-IND,2020-06-01,Bihar,Kishanganj,district,FAO/GAUL/2015/level2,matched,70100.0,1932.7539351616576,fs1-3016a20fd3ad,,,,,,,,
E108::madhepura,E108,2020-0304-IND,2020-06-01,Bihar,Madhepura,district,FAO/GAUL/2015/level2,matched,17612.0,1841.8576584602,fs1-3016a20fd3ad,,,,,,,,
E108::madhubani,E108,2020-0304-IND,2020-06-01,Bihar,Madhubani,district,FAO/GAUL/2015/level2,matched,17611.0,3457.42262983169,fs1-3016a20fd3ad,,,,,,,,
E108::muzaffarpur,E108,2020-0304-IND,2020-06-01,Bihar,Muzaffarpur,district,FAO/GAUL/2015/level2,matched,17613.0,3192.441978127565,fs1-3016a20fd3ad,,,,,,,,
E108::saharsa,E108,2020-0304-IND,2020-06-01,Bihar,Saharsa,district,FAO/GAUL/2015/level2,matched,17624.0,1692.2702412487936,fs1-3016a20fd3ad,,,,,,,,
E108::samastipur,E108,2020-0304-IND,2020-06-01,Bihar,Samastipur,district,FAO/GAUL/2015/level2,matched,17626.0,2911.492917812177,fs1-3016a20fd3ad,,,,,,,,
E108::saran,E108,2020-0304-IND,2020-06-01,Bihar,Saran,district,FAO/GAUL/2015/level2,matched,17628.0,2650.3366911206285,fs1-3016a20fd3ad,,,,,,,,
E108::sheohar,E108,2020-0304-IND,2020-06-01,Bihar,Sheohar,district,FAO/GAUL/2015/level2,matched,70103.0,575.6280849211931,fs1-3016a20fd3ad,,,,,,,,
E108::sitamarhi,E108,2020-0304-IND,2020-06-01,Bihar,Sitamarhi,district,FAO/GAUL/2015/level2,matched,17630.0,2075.1609189491032,fs1-3016a20fd3ad,,,,,,,,
E108::siwan,E108,2020-0304-IND,2020-06-01,Bihar,Siwan,district,FAO/GAUL/2015/level2,matched,17631.0,2229.6509970655925,fs1-3016a20fd3ad,,,,,,,,
E108::supaul,E108,2020-0304-IND,2020-06-01,Bihar,Supaul,district,FAO/GAUL/2015/level2,matched,70104.0,2399.2927702222696,fs1-3016a20fd3ad,,,,,,,,
E108::west%20champaran,E108,2020-0304-IND,2020-06-01,Bihar,West Champaran,district,geoBoundaries/gbOpen/IND/ADM2/2021@8bef6929fd65432e7dc775e7c44473e84efff064ebddbfd6b834e6291546db40,matched,76128533B17762399278073,5214.198372330475,fs1-3016a20fd3ad,,2021.0,census_label_alias,Pashchim Champaran,False,https://censusindia.gov.in/nada/index.php/catalog/42557,"District identity matched; 2021 reference geometry, NOT event-year boundary equivalence. No parent substitution.",
E109::balod,E109,2020-0304-IND,2020-06-01,Chhattisgarh,Balod,district,geoBoundaries/gbOpen/IND/ADM2/2021@8bef6929fd65432e7dc775e7c44473e84efff064ebddbfd6b834e6291546db40,matched,76128533B90169585758701,3424.6142622764123,fs1-3016a20fd3ad,,2021.0,exact_or_spacing,Balod,False,https://www.geoboundaries.org/api/current/gbOpen/IND/ADM2/,"District identity matched; 2021 reference geometry, NOT event-year boundary equivalence. No parent substitution.",
E109::balodabazar,E109,2020-0304-IND,2020-06-01,Chhattisgarh,Balodabazar,district,geoBoundaries/gbOpen/IND/ADM2/2021@8bef6929fd65432e7dc775e7c44473e84efff064ebddbfd6b834e6291546db40,matched,76128533B54306414631532,3980.136098307729,fs1-3016a20fd3ad,,2021.0,exact_or_spacing,Balodabazar,False,https://www.geoboundaries.org/api/current/gbOpen/IND/ADM2/,"District identity matched; 2021 reference geometry, NOT event-year boundary equivalence. No parent substitution.",
E109::balrampur,E109,2020-0304-IND,2020-06-01,Chhattisgarh,Balrampur,district,geoBoundaries/gbOpen/IND/ADM2/2021@8bef6929fd65432e7dc775e7c44473e84efff064ebddbfd6b834e6291546db40,matched,76128533B14598081584747,7697.7932658673,fs1-3016a20fd3ad,,2021.0,exact_or_spacing,Balrampur,False,https://www.geoboundaries.org/api/current/gbOpen/IND/ADM2/,"District identity matched; 2021 reference geometry, NOT event-year boundary equivalence. No parent substitution.",
E109::bastar,E109,2020-0304-IND,2020-06-01,Chhattisgarh,Bastar,district,FAO/GAUL/2015/level2,matched,70105.0,14993.252103989971,fs1-3016a20fd3ad,,,,,,,,
E109::bijapur,E109,2020-0304-IND,2020-06-01,Chhattisgarh,Bijapur,district,geoBoundaries/gbOpen/IND/ADM2/2021@8bef6929fd65432e7dc775e7c44473e84efff064ebddbfd6b834e6291546db40,matched,76128533B66145460152555,9166.228880349568,fs1-3016a20fd3ad,,2021.0,exact_or_spacing,Bijapur,False,https://www.geoboundaries.org/api/current/gbOpen/IND/ADM2/,"District identity matched; 2021 reference geometry, NOT event-year boundary equivalence. No parent substitution.",
E109::dantewada,E109,2020-0304-IND,2020-06-01,Chhattisgarh,Dantewada,district,FAO/GAUL/2015/level2,matched,70107.0,17077.80807219265,fs1-3016a20fd3ad,,,,,,,,
E109::dhamtari,E109,2020-0304-IND,2020-06-01,Chhattisgarh,Dhamtari,district,FAO/GAUL/2015/level2,matched,70108.0,4074.566265206066,fs1-3016a20fd3ad,,,,,,,,
E109::gariyaband,E109,2020-0304-IND,2020-06-01,Chhattisgarh,Gariyaband,district,geoBoundaries/gbOpen/IND/ADM2/2021@8bef6929fd65432e7dc775e7c44473e84efff064ebddbfd6b834e6291546db40,matched,76128533B93063337202124,4884.817356965688,fs1-3016a20fd3ad,,2021.0,reviewed_alias,Gariaband,False,https://www.geoboundaries.org/api/current/gbOpen/IND/ADM2/,"District identity matched; 2021 reference geometry, NOT event-year boundary equivalence. No parent substitution.",
E109::janjgir-champa,E109,2020-0304-IND,2020-06-01,Chhattisgarh,Janjgir-Champa,district,FAO/GAUL/2015/level2,matched,70109.0,3884.879746251652,fs1-3016a20fd3ad,,,,,,,,
E109::jashpur,E109,2020-0304-IND,2020-06-01,Chhattisgarh,Jashpur,district,FAO/GAUL/2015/level2,matched,70110.0,5837.85108396611,fs1-3016a20fd3ad,,,,,,,,
E109::kabirdham,E109,2020-0304-IND,2020-06-01,Chhattisgarh,Kabirdham,district,geoBoundaries/gbOpen/IND/ADM2/2021@8bef6929fd65432e7dc775e7c44473e84efff064ebddbfd6b834e6291546db40,matched,76128533B48077510234542,4238.122137436689,fs1-3016a20fd3ad,,2021.0,census_label_alias,Kabeerdham,False,https://censusindia.gov.in/nada/index.php/catalog/42557,"District identity matched; 2021 reference geometry, NOT event-year boundary equivalence. No parent substitution.",
E109::kanker,E109,2020-0304-IND,2020-06-01,Chhattisgarh,Kanker,district,FAO/GAUL/2015/level2,matched,70111.0,7178.171664130548,fs1-3016a20fd3ad,,,,,,,,
E109::kondagaon,E109,2020-0304-IND,2020-06-01,Chhattisgarh,Kondagaon,district,geoBoundaries/gbOpen/IND/ADM2/2021@8bef6929fd65432e7dc775e7c44473e84efff064ebddbfd6b834e6291546db40,matched,76128533B12144400448811,5191.089149731457,fs1-3016a20fd3ad,,2021.0,exact_or_spacing,Kondagaon,False,https://www.geoboundaries.org/api/current/gbOpen/IND/ADM2/,"District identity matched; 2021 reference geometry, NOT event-year boundary equivalence. No parent substitution.",
E109::koriya,E109,2020-0304-IND,2020-06-01,Chhattisgarh,Koriya,district,FAO/GAUL/2015/level2,matched,70114.0,6652.802732133683,fs1-3016a20fd3ad,,,,,,,,
E109::mungeli,E109,2020-0304-IND,2020-06-01,Chhattisgarh,Mungeli,district,geoBoundaries/gbOpen/IND/ADM2/2021@8bef6929fd65432e7dc775e7c44473e84efff064ebddbfd6b834e6291546db40,matched,76128533B17292264941997,2554.8731088739232,fs1-3016a20fd3ad,,2021.0,exact_or_spacing,Mungeli,False,https://www.geoboundaries.org/api/current/gbOpen/IND/ADM2/,"District identity matched; 2021 reference geometry, NOT event-year boundary equivalence. No parent substitution.",
E109::narayanpur,E109,2020-0304-IND,2020-06-01,Chhattisgarh,Narayanpur,district,geoBoundaries/gbOpen/IND/ADM2/2021@8bef6929fd65432e7dc775e7c44473e84efff064ebddbfd6b834e6291546db40,matched,76128533B89979485471283,3840.847589539658,fs1-3016a20fd3ad,,2021.0,exact_or_spacing,Narayanpur,False,https://www.geoboundaries.org/api/current/gbOpen/IND/ADM2/,"District identity matched; 2021 reference geometry, NOT event-year boundary equivalence. No parent substitution.",
E109::raigarh,E109,2020-0304-IND,2020-06-01,Chhattisgarh,Raigarh,district,FAO/GAUL/2015/level2,matched,70297.0,7102.445664121135,fs1-3016a20fd3ad,,,,,,,,
E109::raipur,E109,2020-0304-IND,2020-06-01,Chhattisgarh,Raipur,district,FAO/GAUL/2015/level2,matched,70116.0,12483.455862122348,fs1-3016a20fd3ad,,,,,,,,
E109::rajnandgaon,E109,2020-0304-IND,2020-06-01,Chhattisgarh,Rajnandgaon,district,FAO/GAUL/2015/level2,matched,70117.0,8087.838209926009,fs1-3016a20fd3ad,,,,,,,,
E109::sukma,E109,2020-0304-IND,2020-06-01,Chhattisgarh,Sukma,district,geoBoundaries/gbOpen/IND/ADM2/2021@8bef6929fd65432e7dc775e7c44473e84efff064ebddbfd6b834e6291546db40,matched,76128533B53316015271969,5670.751812032168,fs1-3016a20fd3ad,,2021.0,exact_or_spacing,Sukma,False,https://www.geoboundaries.org/api/current/gbOpen/IND/ADM2/,"District identity matched; 2021 reference geometry, NOT event-year boundary equivalence. No parent substitution.",
E109::surajpur,E109,2020-0304-IND,2020-06-01,Chhattisgarh,Surajpur,district,geoBoundaries/gbOpen/IND/ADM2/2021@8bef6929fd65432e7dc775e7c44473e84efff064ebddbfd6b834e6291546db40,matched,76128533B46979893461805,3160.829851999189,fs1-3016a20fd3ad,,2021.0,exact_or_spacing,Surajpur,False,https://www.geoboundaries.org/api/current/gbOpen/IND/ADM2/,"District identity matched; 2021 reference geometry, NOT event-year boundary equivalence. No parent substitution.",
E110::ahmedabad,E110,2020-0304-IND,2020-06-01,Gujarat,Ahmedabad,district,geoBoundaries/gbOpen/IND/ADM2/2021@8bef6929fd65432e7dc775e7c44473e84efff064ebddbfd6b834e6291546db40,matched,76128533B93113981386565,7272.000354400464,fs1-3016a20fd3ad,,2021.0,census_label_alias,Ahmadabad,False,https://censusindia.gov.in/nada/index.php/catalog/42557,"District identity matched; 2021 reference geometry, NOT event-year boundary equivalence. No parent substitution.",
E110::amreli,E110,2020-0304-IND,2020-06-01,Gujarat,Amreli,district,FAO/GAUL/2015/level2,matched,17636.0,7335.055339616136,fs1-3016a20fd3ad,,,,,,,,
E110::anand,E110,2020-0304-IND,2020-06-01,Gujarat,Anand,district,FAO/GAUL/2015/level2,matched,70124.0,2708.431476288587,fs1-3016a20fd3ad,,,,,,,,
E110::bharuch,E110,2020-0304-IND,2020-06-01,Gujarat,Bharuch,district,FAO/GAUL/2015/level2,matched,17638.0,5286.80850824333,fs1-3016a20fd3ad,,,,,,,,
E110::bhavnagar,E110,2020-0304-IND,2020-06-01,Gujarat,Bhavnagar,district,FAO/GAUL/2015/level2,matched,17639.0,8098.916054779909,fs1-3016a20fd3ad,,,,,,,,
E110::botad,E110,2020-0304-IND,2020-06-01,Gujarat,Botad,district,geoBoundaries/gbOpen/IND/ADM2/2021@8bef6929fd65432e7dc775e7c44473e84efff064ebddbfd6b834e6291546db40,matched,76128533B48885555323596,2635.4766256069506,fs1-3016a20fd3ad,,2021.0,reviewed_alias,Batod,False,https://www.geoboundaries.org/api/current/gbOpen/IND/ADM2/,"District identity matched; 2021 reference geometry, NOT event-year boundary equivalence. No parent substitution.",
E110::devbhumi%20dwarka,E110,2020-0304-IND,2020-06-01,Gujarat,Devbhumi Dwarka,district,geoBoundaries/gbOpen/IND/ADM2/2021@8bef6929fd65432e7dc775e7c44473e84efff064ebddbfd6b834e6291546db40,matched,76128533B74381554567803,4320.429272751922,fs1-3016a20fd3ad,,2021.0,exact_or_spacing,Devbhumi Dwarka,False,https://www.geoboundaries.org/api/current/gbOpen/IND/ADM2/,"District identity matched; 2021 reference geometry, NOT event-year boundary equivalence. No parent substitution.",
E110::gandhinagar,E110,2020-0304-IND,2020-06-01,Gujarat,Gandhinagar,district,FAO/GAUL/2015/level2,matched,17640.0,1727.568227550091,fs1-3016a20fd3ad,,,,,,,,
E110::gir%20somnath,E110,2020-0304-IND,2020-06-01,Gujarat,Gir Somnath,district,geoBoundaries/gbOpen/IND/ADM2/2021@8bef6929fd65432e7dc775e7c44473e84efff064ebddbfd6b834e6291546db40,matched,76128533B45037556977273,3780.874903082573,fs1-3016a20fd3ad,,2021.0,exact_or_spacing,Gir Somnath,False,https://www.geoboundaries.org/api/current/gbOpen/IND/ADM2/,"District identity matched; 2021 reference geometry, NOT event-year boundary equivalence. No parent substitution.",
E110::jamnagar,E110,2020-0304-IND,2020-06-01,Gujarat,Jamnagar,district,FAO/GAUL/2015/level2,matched,17641.0,10822.719279552311,fs1-3016a20fd3ad,,,,,,,,
E110::junagadh,E110,2020-0304-IND,2020-06-01,Gujarat,Junagadh,district,FAO/GAUL/2015/level2,matched,17642.0,8217.26323932205,fs1-3016a20fd3ad,,,,,,,,
E110::kutch,E110,2020-0304-IND,2020-06-01,Gujarat,Kutch,district,geoBoundaries/gbOpen/IND/ADM2/2021@8bef6929fd65432e7dc775e7c44473e84efff064ebddbfd6b834e6291546db40,matched,76128533B91881382098572,42739.022712293714,fs1-3016a20fd3ad,,2021.0,census_label_alias,Kachchh,False,https://censusindia.gov.in/nada/index.php/catalog/42557,"District identity matched; 2021 reference geometry, NOT event-year boundary equivalence. No parent substitution.",
E110::mehsana,E110,2020-0304-IND,2020-06-01,Gujarat,Mehsana,district,geoBoundaries/gbOpen/IND/ADM2/2021@8bef6929fd65432e7dc775e7c44473e84efff064ebddbfd6b834e6291546db40,matched,76128533B81661995166840,4397.478999391727,fs1-3016a20fd3ad,,2021.0,census_label_alias,Mahesana,False,https://censusindia.gov.in/nada/index.php/catalog/42557,"District identity matched; 2021 reference geometry, NOT event-year boundary equivalence. No parent substitution.",
E110::morbi,E110,2020-0304-IND,2020-06-01,Gujarat,Morbi,district,geoBoundaries/gbOpen/IND/ADM2/2021@8bef6929fd65432e7dc775e7c44473e84efff064ebddbfd6b834e6291546db40,matched,76128533B2080752988715,4845.3888221565,fs1-3016a20fd3ad,,2021.0,exact_or_spacing,Morbi,False,https://www.geoboundaries.org/api/current/gbOpen/IND/ADM2/,"District identity matched; 2021 reference geometry, NOT event-year boundary equivalence. No parent substitution.",
E110::narmada,E110,2020-0304-IND,2020-06-01,Gujarat,Narmada,district,FAO/GAUL/2015/level2,matched,70126.0,2575.207321742988,fs1-3016a20fd3ad,,,,,,,,
E110::navsari,E110,2020-0304-IND,2020-06-01,Gujarat,Navsari,district,FAO/GAUL/2015/level2,matched,70127.0,2097.600482441035,fs1-3016a20fd3ad,,,,,,,,
E110::patan,E110,2020-0304-IND,2020-06-01,Gujarat,Patan,district,FAO/GAUL/2015/level2,matched,70129.0,6017.262722245363,fs1-3016a20fd3ad,,,,,,,,
E110::porbandar,E110,2020-0304-IND,2020-06-01,Gujarat,Porbandar,district,FAO/GAUL/2015/level2,matched,70130.0,2369.3926933976804,fs1-3016a20fd3ad,,,,,,,,
E110::rajkot,E110,2020-0304-IND,2020-06-01,Gujarat,Rajkot,district,FAO/GAUL/2015/level2,matched,17647.0,11175.751593133718,fs1-3016a20fd3ad,,,,,,,,
E110::sabarkantha,E110,2020-0304-IND,2020-06-01,Gujarat,Sabarkantha,district,FAO/GAUL/2015/level2,matched,17648.0,7457.412888463912,fs1-3016a20fd3ad,,,,,,,,
E110::surat,E110,2020-0304-IND,2020-06-01,Gujarat,Surat,district,FAO/GAUL/2015/level2,matched,17649.0,7486.82173633887,fs1-3016a20fd3ad,,,,,,,,
E110::surendranagar,E110,2020-0304-IND,2020-06-01,Gujarat,Surendranagar,district,FAO/GAUL/2015/level2,matched,17650.0,10480.710406373057,fs1-3016a20fd3ad,,,,,,,,
E110::tapi,E110,2020-0304-IND,2020-06-01,Gujarat,Tapi,district,geoBoundaries/gbOpen/IND/ADM2/2021@8bef6929fd65432e7dc775e7c44473e84efff064ebddbfd6b834e6291546db40,matched,76128533B12519626815499,3222.2181213994645,fs1-3016a20fd3ad,,2021.0,exact_or_spacing,Tapi,False,https://www.geoboundaries.org/api/current/gbOpen/IND/ADM2/,"District identity matched; 2021 reference geometry, NOT event-year boundary equivalence. No parent substitution.",
E110::vadodara,E110,2020-0304-IND,2020-06-01,Gujarat,Vadodara,district,FAO/GAUL/2015/level2,matched,17652.0,7758.226506800483,fs1-3016a20fd3ad,,,,,,,,
E111::bagalkot,E111,2020-0304-IND,2020-06-01,Karnataka,Bagalkot,district,FAO/GAUL/2015/level2,matched,70157.0,6575.100985988591,fs1-3016a20fd3ad,,,,,,,,
E111::belagavi,E111,2020-0304-IND,2020-06-01,Karnataka,Belagavi,district,geoBoundaries/gbOpen/IND/ADM2/2021@8bef6929fd65432e7dc775e7c44473e84efff064ebddbfd6b834e6291546db40,matched,76128533B74319098136622,13437.793744475348,fs1-3016a20fd3ad,,2021.0,census_label_alias,Belgaum,False,https://assets.publishing.service.gov.uk/media/5a7e0e2d40f0b62305b80813/Karnataka_State_India_Name_Changes_20141112.pdf,"District identity matched; 2021 reference geometry, NOT event-year boundary equivalence. No parent substitution.",
E111::chamarajanagar,E111,2020-0304-IND,2020-06-01,Karnataka,Chamarajanagar,district,geoBoundaries/gbOpen/IND/ADM2/2021@8bef6929fd65432e7dc775e7c44473e84efff064ebddbfd6b834e6291546db40,matched,76128533B16628456658675,5769.577402856972,fs1-3016a20fd3ad,,2021.0,exact_or_spacing,Chamarajanagar,False,https://www.geoboundaries.org/api/current/gbOpen/IND/ADM2/,"District identity matched; 2021 reference geometry, NOT event-year boundary equivalence. No parent substitution.",
E111::chikkamagaluru,E111,2020-0304-IND,2020-06-01,Karnataka,Chikkamagaluru,district,geoBoundaries/gbOpen/IND/ADM2/2021@8bef6929fd65432e7dc775e7c44473e84efff064ebddbfd6b834e6291546db40,matched,76128533B15550697205080,6937.32502311172,fs1-3016a20fd3ad,,2021.0,census_label_alias,Chikmagalur,False,https://assets.publishing.service.gov.uk/media/5a7e0e2d40f0b62305b80813/Karnataka_State_India_Name_Changes_20141112.pdf,"District identity matched; 2021 reference geometry, NOT event-year boundary equivalence. No parent substitution.",
E111::kodagu,E111,2020-0304-IND,2020-06-01,Karnataka,Kodagu,district,FAO/GAUL/2015/level2,matched,17689.0,4111.781559839673,fs1-3016a20fd3ad,,,,,,,,
E111::mysuru,E111,2020-0304-IND,2020-06-01,Karnataka,Mysuru,district,geoBoundaries/gbOpen/IND/ADM2/2021@8bef6929fd65432e7dc775e7c44473e84efff064ebddbfd6b834e6291546db40,matched,76128533B95879808095476,6454.066401223182,fs1-3016a20fd3ad,,2021.0,census_label_alias,Mysore,False,https://assets.publishing.service.gov.uk/media/5a7e0e2d40f0b62305b80813/Karnataka_State_India_Name_Changes_20141112.pdf,"District identity matched; 2021 reference geometry, NOT event-year boundary equivalence. No parent substitution.",
E111::raichur,E111,2020-0304-IND,2020-06-01,Karnataka,Raichur,district,FAO/GAUL/2015/level2,matched,17693.0,8465.297775287587,fs1-3016a20fd3ad,,,,,,,,
E111::shivamogga,E111,2020-0304-IND,2020-06-01,Karnataka,Shivamogga,district,geoBoundaries/gbOpen/IND/ADM2/2021@8bef6929fd65432e7dc775e7c44473e84efff064ebddbfd6b834e6291546db40,matched,76128533B85389886560116,8475.375992281286,fs1-3016a20fd3ad,,2021.0,census_label_alias,Shimoga,False,https://assets.publishing.service.gov.uk/media/5a7e0e2d40f0b62305b80813/Karnataka_State_India_Name_Changes_20141112.pdf,"District identity matched; 2021 reference geometry, NOT event-year boundary equivalence. No parent substitution.",
E111::vijayapura,E111,2020-0304-IND,2020-06-01,Karnataka,Vijayapura,district,geoBoundaries/gbOpen/IND/ADM2/2021@8bef6929fd65432e7dc775e7c44473e84efff064ebddbfd6b834e6291546db40,matched,76128533B40495457052818,10440.064567410886,fs1-3016a20fd3ad,,2021.0,census_label_alias,Bijapur,False,https://assets.publishing.service.gov.uk/media/5a7e0e2d40f0b62305b80813/Karnataka_State_India_Name_Changes_20141112.pdf,"District identity matched; 2021 reference geometry, NOT event-year boundary equivalence. No parent substitution.",
E112::alappuzha,E112,2020-0304-IND,2020-06-01,Kerala,Alappuzha,district,FAO/GAUL/2015/level2,matched,70298.0,1316.6907112011845,fs1-3016a20fd3ad,,,,,,,,
E112::ernakulam,E112,2020-0304-IND,2020-06-01,Kerala,Ernakulam,district,FAO/GAUL/2015/level2,matched,17699.0,2305.474714394872,fs1-3016a20fd3ad,,,,,,,,
E112::idukki,E112,2020-0304-IND,2020-06-01,Kerala,Idukki,district,FAO/GAUL/2015/level2,matched,17700.0,5010.411036324633,fs1-3016a20fd3ad,,,,,,,,
E112::kannur,E112,2020-0304-IND,2020-06-01,Kerala,Kannur,district,FAO/GAUL/2015/level2,matched,17698.0,2812.193678917521,fs1-3016a20fd3ad,,,,,,,,
E112::kasaragod,E112,2020-0304-IND,2020-06-01,Kerala,Kasaragod,district,FAO/GAUL/2015/level2,matched,17701.0,1972.6636827859088,fs1-3016a20fd3ad,,,,,,,,
E112::kollam,E112,2020-0304-IND,2020-06-01,Kerala,Kollam,district,FAO/GAUL/2015/level2,matched,17707.0,2363.0186325698423,fs1-3016a20fd3ad,,,,,,,,
E112::kottayam,E112,2020-0304-IND,2020-06-01,Kerala,Kottayam,district,FAO/GAUL/2015/level2,matched,17702.0,2143.385583622296,fs1-3016a20fd3ad,,,,,,,,
E112::kozhikode,E112,2020-0304-IND,2020-06-01,Kerala,Kozhikode,district,FAO/GAUL/2015/level2,matched,17703.0,2285.6176079375005,fs1-3016a20fd3ad,,,,,,,,
E112::malappuram,E112,2020-0304-IND,2020-06-01,Kerala,Malappuram,district,FAO/GAUL/2015/level2,matched,17704.0,3517.427723973104,fs1-3016a20fd3ad,,,,,,,,
E112::palakkad,E112,2020-0304-IND,2020-06-01,Kerala,Palakkad,district,FAO/GAUL/2015/level2,matched,17705.0,4489.876823790321,fs1-3016a20fd3ad,,,,,,,,
E112::pathanamthitta,E112,2020-0304-IND,2020-06-01,Kerala,Pathanamthitta,district,geoBoundaries/gbOpen/IND/ADM2/2021@8bef6929fd65432e7dc775e7c44473e84efff064ebddbfd6b834e6291546db40,matched,76128533B29330052395581,2663.6118314901764,fs1-3016a20fd3ad,,2021.0,exact_or_spacing,Pathanamthitta,False,https://www.geoboundaries.org/api/current/gbOpen/IND/ADM2/,"District identity matched; 2021 reference geometry, NOT event-year boundary equivalence. No parent substitution.",
E112::thiruvananthapuram,E112,2020-0304-IND,2020-06-01,Kerala,Thiruvananthapuram,district,FAO/GAUL/2015/level2,matched,17709.0,2047.560453755721,fs1-3016a20fd3ad,,,,,,,,
E112::thrissur,E112,2020-0304-IND,2020-06-01,Kerala,Thrissur,district,FAO/GAUL/2015/level2,matched,17708.0,2961.767200211148,fs1-3016a20fd3ad,,,,,,,,
E112::wayanad,E112,2020-0304-IND,2020-06-01,Kerala,Wayanad,district,FAO/GAUL/2015/level2,matched,17710.0,2130.300649398313,fs1-3016a20fd3ad,,,,,,,,
E113::alirajpur,E113,2020-0304-IND,2020-06-01,Madhya Pradesh,Alirajpur,district,geoBoundaries/gbOpen/IND/ADM2/2021@8bef6929fd65432e7dc775e7c44473e84efff064ebddbfd6b834e6291546db40,matched,76128533B35167844027544,3328.147125634416,fs1-3016a20fd3ad,,2021.0,exact_or_spacing,Alirajpur,False,https://www.geoboundaries.org/api/current/gbOpen/IND/ADM2/,"District identity matched; 2021 reference geometry, NOT event-year boundary equivalence. No parent substitution.",
E113::balaghat,E113,2020-0304-IND,2020-06-01,Madhya Pradesh,Balaghat,district,FAO/GAUL/2015/level2,matched,17712.0,9273.202911700502,fs1-3016a20fd3ad,,,,,,,,
E113::barwani,E113,2020-0304-IND,2020-06-01,Madhya Pradesh,Barwani,district,FAO/GAUL/2015/level2,matched,70170.0,5438.720763562563,fs1-3016a20fd3ad,,,,,,,,
E113::betul,E113,2020-0304-IND,2020-06-01,Madhya Pradesh,Betul,district,FAO/GAUL/2015/level2,matched,17714.0,10094.739119322416,fs1-3016a20fd3ad,,,,,,,,
E113::bhopal,E113,2020-0304-IND,2020-06-01,Madhya Pradesh,Bhopal,district,FAO/GAUL/2015/level2,matched,17716.0,2728.200542472355,fs1-3016a20fd3ad,,,,,,,,
E113::chhatarpur,E113,2020-0304-IND,2020-06-01,Madhya Pradesh,Chhatarpur,district,FAO/GAUL/2015/level2,matched,17718.0,8731.555849631459,fs1-3016a20fd3ad,,,,,,,,
E113::chhindwara,E113,2020-0304-IND,2020-06-01,Madhya Pradesh,Chhindwara,district,FAO/GAUL/2015/level2,matched,17719.0,11835.366817221411,fs1-3016a20fd3ad,,,,,,,,
E113::damoh,E113,2020-0304-IND,2020-06-01,Madhya Pradesh,Damoh,district,FAO/GAUL/2015/level2,matched,17720.0,7370.294062152793,fs1-3016a20fd3ad,,,,,,,,
E113::dewas,E113,2020-0304-IND,2020-06-01,Madhya Pradesh,Dewas,district,FAO/GAUL/2015/level2,matched,17722.0,6974.172329238148,fs1-3016a20fd3ad,,,,,,,,
E113::dhar,E113,2020-0304-IND,2020-06-01,Madhya Pradesh,Dhar,district,FAO/GAUL/2015/level2,matched,17723.0,8154.940181899847,fs1-3016a20fd3ad,,,,,,,,
E113::dindori,E113,2020-0304-IND,2020-06-01,Madhya Pradesh,Dindori,district,FAO/GAUL/2015/level2,matched,70172.0,6504.619166448908,fs1-3016a20fd3ad,,,,,,,,
E113::guna,E113,2020-0304-IND,2020-06-01,Madhya Pradesh,Guna,district,FAO/GAUL/2015/level2,matched,17726.0,6310.701784637522,fs1-3016a20fd3ad,,,,,,,,
E113::jhabua,E113,2020-0304-IND,2020-06-01,Madhya Pradesh,Jhabua,district,FAO/GAUL/2015/level2,matched,17731.0,6774.846818095545,fs1-3016a20fd3ad,,,,,,,,
E113::katni,E113,2020-0304-IND,2020-06-01,Madhya Pradesh,Katni,district,FAO/GAUL/2015/level2,matched,70174.0,6177.827815693768,fs1-3016a20fd3ad,,,,,,,,
E113::khandwa,E113,2020-0304-IND,2020-06-01,Madhya Pradesh,Khandwa,district,geoBoundaries/gbOpen/IND/ADM2/2021@8bef6929fd65432e7dc775e7c44473e84efff064ebddbfd6b834e6291546db40,matched,76128533B71271011331008,7569.444773775944,fs1-3016a20fd3ad,,2021.0,census_label_alias,Khandwa (East Nimar),False,https://censusindia.gov.in/nada/index.php/catalog/42557,"District identity matched; 2021 reference geometry, NOT event-year boundary equivalence. No parent substitution.",
E113::khargone,E113,2020-0304-IND,2020-06-01,Madhya Pradesh,Khargone,district,geoBoundaries/gbOpen/IND/ADM2/2021@8bef6929fd65432e7dc775e7c44473e84efff064ebddbfd6b834e6291546db40,matched,76128533B69481535535995,8025.990695313751,fs1-3016a20fd3ad,,2021.0,census_label_alias,Khargone (West Nimar),False,https://censusindia.gov.in/nada/index.php/catalog/42557,"District identity matched; 2021 reference geometry, NOT event-year boundary equivalence. No parent substitution.",
E113::mandla,E113,2020-0304-IND,2020-06-01,Madhya Pradesh,Mandla,district,FAO/GAUL/2015/level2,matched,17732.0,6789.128068652252,fs1-3016a20fd3ad,,,,,,,,
E113::mandsaur,E113,2020-0304-IND,2020-06-01,Madhya Pradesh,Mandsaur,district,FAO/GAUL/2015/level2,matched,17733.0,5643.701304302103,fs1-3016a20fd3ad,,,,,,,,
E113::morena,E113,2020-0304-IND,2020-06-01,Madhya Pradesh,Morena,district,FAO/GAUL/2015/level2,matched,17734.0,4993.90562255651,fs1-3016a20fd3ad,,,,,,,,
E113::narmadapuram,E113,2020-0304-IND,2020-06-01,Madhya Pradesh,Narmadapuram,district,geoBoundaries/gbOpen/IND/ADM2/2021@8bef6929fd65432e7dc775e7c44473e84efff064ebddbfd6b834e6291546db40,matched,76128533B45314020251888,6700.110425846931,fs1-3016a20fd3ad,,2021.0,reviewed_alias,Hoshangabad,False,https://narmadapuram.nic.in/en/notice/regarding-changing-the-name-of-hoshangabad-city-and-district-to-narmadapuram/,"District identity matched; 2021 reference geometry, NOT event-year boundary equivalence. No parent substitution.",
E113::narsinghpur,E113,2020-0304-IND,2020-06-01,Madhya Pradesh,Narsinghpur,district,FAO/GAUL/2015/level2,matched,17735.0,5157.19083673726,fs1-3016a20fd3ad,,,,,,,,
E113::neemuch,E113,2020-0304-IND,2020-06-01,Madhya Pradesh,Neemuch,district,FAO/GAUL/2015/level2,matched,70175.0,4163.266735725532,fs1-3016a20fd3ad,,,,,,,,
E113::panna,E113,2020-0304-IND,2020-06-01,Madhya Pradesh,Panna,district,FAO/GAUL/2015/level2,matched,17736.0,7129.189669540547,fs1-3016a20fd3ad,,,,,,,,
E113::raisen,E113,2020-0304-IND,2020-06-01,Madhya Pradesh,Raisen,district,FAO/GAUL/2015/level2,matched,17739.0,8515.574877211904,fs1-3016a20fd3ad,,,,,,,,
E113::rajgarh,E113,2020-0304-IND,2020-06-01,Madhya Pradesh,Rajgarh,district,FAO/GAUL/2015/level2,matched,17741.0,6134.20538789803,fs1-3016a20fd3ad,,,,,,,,
E113::rewa,E113,2020-0304-IND,2020-06-01,Madhya Pradesh,Rewa,district,FAO/GAUL/2015/level2,matched,17743.0,6327.703909411602,fs1-3016a20fd3ad,,,,,,,,
E113::satna,E113,2020-0304-IND,2020-06-01,Madhya Pradesh,Satna,district,FAO/GAUL/2015/level2,matched,17745.0,7518.918005922663,fs1-3016a20fd3ad,,,,,,,,
E113::sehore,E113,2020-0304-IND,2020-06-01,Madhya Pradesh,Sehore,district,FAO/GAUL/2015/level2,matched,17746.0,6579.04852795314,fs1-3016a20fd3ad,,,,,,,,
E113::seoni,E113,2020-0304-IND,2020-06-01,Madhya Pradesh,Seoni,district,FAO/GAUL/2015/level2,matched,17747.0,8779.066238181113,fs1-3016a20fd3ad,,,,,,,,
E113::shahdol,E113,2020-0304-IND,2020-06-01,Madhya Pradesh,Shahdol,district,FAO/GAUL/2015/level2,matched,17748.0,8337.887459537009,fs1-3016a20fd3ad,,,,,,,,
E113::sheopur,E113,2020-0304-IND,2020-06-01,Madhya Pradesh,Sheopur,district,FAO/GAUL/2015/level2,matched,70176.0,6537.313947628205,fs1-3016a20fd3ad,,,,,,,,
E113::shivpuri,E113,2020-0304-IND,2020-06-01,Madhya Pradesh,Shivpuri,district,FAO/GAUL/2015/level2,matched,17750.0,10487.445637716834,fs1-3016a20fd3ad,,,,,,,,
E113::sidhi,E113,2020-0304-IND,2020-06-01,Madhya Pradesh,Sidhi,district,FAO/GAUL/2015/level2,matched,17751.0,10590.123062249128,fs1-3016a20fd3ad,,,,,,,,
E113::singrauli,E113,2020-0304-IND,2020-06-01,Madhya Pradesh,Singrauli,district,geoBoundaries/gbOpen/IND/ADM2/2021@8bef6929fd65432e7dc775e7c44473e84efff064ebddbfd6b834e6291546db40,matched,76128533B50014751336341,5989.58196704583,fs1-3016a20fd3ad,,2021.0,exact_or_spacing,Singrauli,False,https://www.geoboundaries.org/api/current/gbOpen/IND/ADM2/,"District identity matched; 2021 reference geometry, NOT event-year boundary equivalence. No parent substitution.",
E113::tikamgarh,E113,2020-0304-IND,2020-06-01,Madhya Pradesh,Tikamgarh,district,FAO/GAUL/2015/level2,matched,17753.0,5076.989379004398,fs1-3016a20fd3ad,,,,,,,,
E113::umaria,E113,2020-0304-IND,2020-06-01,Madhya Pradesh,Umaria,district,FAO/GAUL/2015/level2,matched,70177.0,3734.613924952783,fs1-3016a20fd3ad,,,,,,,,
E113::vidisha,E113,2020-0304-IND,2020-06-01,Madhya Pradesh,Vidisha,district,FAO/GAUL/2015/level2,matched,17755.0,7319.58909257645,fs1-3016a20fd3ad,,,,,,,,
E114::kolhapur,E114,2020-0304-IND,2020-06-01,Maharashtra,Kolhapur,district,FAO/GAUL/2015/level2,matched,17769.0,7680.572392490604,fs1-3016a20fd3ad,,,,,,,,
E115::koraput,E115,2020-0304-IND,2020-06-01,Odisha,Koraput,district,FAO/GAUL/2015/level2,matched,17814.0,8608.98899052561,fs1-3016a20fd3ad,,,,,,,,
E115::malkangiri,E115,2020-0304-IND,2020-06-01,Odisha,Malkangiri,district,FAO/GAUL/2015/level2,matched,70220.0,5849.646224352819,fs1-3016a20fd3ad,,,,,,,,
E115::nabarangpur,E115,2020-0304-IND,2020-06-01,Odisha,Nabarangpur,district,FAO/GAUL/2015/level2,matched,70221.0,5324.008778426437,fs1-3016a20fd3ad,,,,,,,,
E116::ambedkar%20nagar,E116,2020-0304-IND,2020-06-01,Uttar Pradesh,Ambedkar Nagar,district,FAO/GAUL/2015/level2,matched,70257.0,2328.994244483866,fs1-3016a20fd3ad,,,,,,,,
E116::ayodhya,E116,2020-0304-IND,2020-06-01,Uttar Pradesh,Ayodhya,district,geoBoundaries/gbOpen/IND/ADM2/2021@8bef6929fd65432e7dc775e7c44473e84efff064ebddbfd6b834e6291546db40,matched,76128533B60320291189162,2675.800154387558,fs1-3016a20fd3ad,,2021.0,reviewed_alias,Faizabad,False,https://ayodhya.nic.in/,"District identity matched; 2021 reference geometry, NOT event-year boundary equivalence. No parent substitution.",
E116::azamgarh,E116,2020-0304-IND,2020-06-01,Uttar Pradesh,Azamgarh,district,FAO/GAUL/2015/level2,matched,17892.0,3904.0182560646062,fs1-3016a20fd3ad,,,,,,,,
E116::bahraich,E116,2020-0304-IND,2020-06-01,Uttar Pradesh,Bahraich,district,FAO/GAUL/2015/level2,matched,17893.0,3705.0099637131552,fs1-3016a20fd3ad,,,,,,,,
E116::balrampur,E116,2020-0304-IND,2020-06-01,Uttar Pradesh,Balrampur,district,FAO/GAUL/2015/level2,matched,70261.0,3379.881475532829,fs1-3016a20fd3ad,,,,,,,,
E116::barabanki,E116,2020-0304-IND,2020-06-01,Uttar Pradesh,Barabanki,district,FAO/GAUL/2015/level2,matched,17896.0,4440.0005417469865,fs1-3016a20fd3ad,,,,,,,,
E116::gonda,E116,2020-0304-IND,2020-06-01,Uttar Pradesh,Gonda,district,FAO/GAUL/2015/level2,matched,17913.0,4014.846082655345,fs1-3016a20fd3ad,,,,,,,,
E116::gorakhpur,E116,2020-0304-IND,2020-06-01,Uttar Pradesh,Gorakhpur,district,FAO/GAUL/2015/level2,matched,17914.0,3072.188964505668,fs1-3016a20fd3ad,,,,,,,,
E116::kushinagar,E116,2020-0304-IND,2020-06-01,Uttar Pradesh,Kushinagar,district,FAO/GAUL/2015/level2,matched,70271.0,2893.16087554316,fs1-3016a20fd3ad,,,,,,,,
E116::lakhimpur%20kheri,E116,2020-0304-IND,2020-06-01,Uttar Pradesh,Lakhimpur Kheri,district,FAO/GAUL/2015/level2,matched,17921.0,7708.742992388735,fs1-3016a20fd3ad,,,,,,,,
E116::maharajganj,E116,2020-0304-IND,2020-06-01,Uttar Pradesh,Maharajganj,district,FAO/GAUL/2015/level2,matched,70272.0,3197.0231063739748,fs1-3016a20fd3ad,,,,,,,,
E116::mau,E116,2020-0304-IND,2020-06-01,Uttar Pradesh,Mau,district,FAO/GAUL/2015/level2,matched,70274.0,2070.491760227604,fs1-3016a20fd3ad,,,,,,,,
E116::sant%20kabir%20nagar,E116,2020-0304-IND,2020-06-01,Uttar Pradesh,Sant Kabir Nagar,district,FAO/GAUL/2015/level2,matched,70275.0,1329.179989070325,fs1-3016a20fd3ad,,,,,,,,
E116::siddharth%20nagar,E116,2020-0304-IND,2020-06-01,Uttar Pradesh,Siddharth Nagar,district,FAO/GAUL/2015/level2,matched,70278.0,3492.6137371813147,fs1-3016a20fd3ad,,,,,,,,
E116::sitapur,E116,2020-0304-IND,2020-06-01,Uttar Pradesh,Sitapur,district,FAO/GAUL/2015/level2,matched,17938.0,5789.793396469067,fs1-3016a20fd3ad,,,,,,,,
E117::alipurduar,E117,2020-0304-IND,2020-06-01,West Bengal,Alipurduar,district,geoBoundaries/gbOpen/IND/ADM2/2021@8bef6929fd65432e7dc775e7c44473e84efff064ebddbfd6b834e6291546db40,matched,76128533B23858286755005,2805.571892812845,fs1-3016a20fd3ad,,2021.0,exact_or_spacing,Alipurduar,False,https://www.geoboundaries.org/api/current/gbOpen/IND/ADM2/,"District identity matched; 2021 reference geometry, NOT event-year boundary equivalence. No parent substitution.",
E117::bankura,E117,2020-0304-IND,2020-06-01,West Bengal,Bankura,district,FAO/GAUL/2015/level2,matched,17945.0,6981.566770524623,fs1-3016a20fd3ad,,,,,,,,
E117::birbhum,E117,2020-0304-IND,2020-06-01,West Bengal,Birbhum,district,FAO/GAUL/2015/level2,matched,17947.0,4566.040490140597,fs1-3016a20fd3ad,,,,,,,,
E117::cooch%20behar,E117,2020-0304-IND,2020-06-01,West Bengal,Cooch Behar,district,geoBoundaries/gbOpen/IND/ADM2/2021@8bef6929fd65432e7dc775e7c44473e84efff064ebddbfd6b834e6291546db40,matched,76128533B64156747739715,3288.1312386454174,fs1-3016a20fd3ad,,2021.0,census_label_alias,Koch Bihar,False,https://censusindia.gov.in/nada/index.php/catalog/42557,"District identity matched; 2021 reference geometry, NOT event-year boundary equivalence. No parent substitution.",
E117::dakshin%20dinajpur,E117,2020-0304-IND,2020-06-01,West Bengal,Dakshin Dinajpur,district,FAO/GAUL/2015/level2,matched,70290.0,2107.683120443892,fs1-3016a20fd3ad,,,,,,,,
E117::darjeeling,E117,2020-0304-IND,2020-06-01,West Bengal,Darjeeling,district,geoBoundaries/gbOpen/IND/ADM2/2021@8bef6929fd65432e7dc775e7c44473e84efff064ebddbfd6b834e6291546db40,matched,76128533B17109302371020,2082.4452472301264,fs1-3016a20fd3ad,,2021.0,reviewed_alias,Darjiling,False,https://www.geoboundaries.org/api/current/gbOpen/IND/ADM2/,"District identity matched; 2021 reference geometry, NOT event-year boundary equivalence. No parent substitution.",
E117::east%20medinipur,E117,2020-0304-IND,2020-06-01,West Bengal,East Medinipur,district,geoBoundaries/gbOpen/IND/ADM2/2021@8bef6929fd65432e7dc775e7c44473e84efff064ebddbfd6b834e6291546db40,matched,76128533B25373378863054,4206.535570896404,fs1-3016a20fd3ad,,2021.0,census_label_alias,Purba Medinipur,False,https://censusindia.gov.in/nada/index.php/catalog/42557,"District identity matched; 2021 reference geometry, NOT event-year boundary equivalence. No parent substitution.",
E117::hooghly,E117,2020-0304-IND,2020-06-01,West Bengal,Hooghly,district,geoBoundaries/gbOpen/IND/ADM2/2021@8bef6929fd65432e7dc775e7c44473e84efff064ebddbfd6b834e6291546db40,matched,76128533B81857725777974,3153.550053477295,fs1-3016a20fd3ad,,2021.0,census_label_alias,Hugli,False,https://censusindia.gov.in/nada/index.php/catalog/42557,"District identity matched; 2021 reference geometry, NOT event-year boundary equivalence. No parent substitution.",
E117::howrah,E117,2020-0304-IND,2020-06-01,West Bengal,Howrah,district,geoBoundaries/gbOpen/IND/ADM2/2021@8bef6929fd65432e7dc775e7c44473e84efff064ebddbfd6b834e6291546db40,matched,76128533B22077262393417,1451.5753227599494,fs1-3016a20fd3ad,,2021.0,census_label_alias,Haora,False,https://censusindia.gov.in/nada/index.php/catalog/42557,"District identity matched; 2021 reference geometry, NOT event-year boundary equivalence. No parent substitution.",
E117::jalpaiguri,E117,2020-0304-IND,2020-06-01,West Bengal,Jalpaiguri,district,FAO/GAUL/2015/level2,matched,17951.0,6200.341009430311,fs1-3016a20fd3ad,,,,,,,,
E117::jhargram,E117,2020-0304-IND,2020-06-01,West Bengal,Jhargram,district,geoBoundaries/gbOpen/IND/ADM2/2021@8bef6929fd65432e7dc775e7c44473e84efff064ebddbfd6b834e6291546db40,matched,76128533B24861976740713,3096.557448030717,fs1-3016a20fd3ad,,2021.0,exact_or_spacing,Jhargram,False,https://www.geoboundaries.org/api/current/gbOpen/IND/ADM2/,"District identity matched; 2021 reference geometry, NOT event-year boundary equivalence. No parent substitution.",
E117::kalimpong,E117,2020-0304-IND,2020-06-01,West Bengal,Kalimpong,district,geoBoundaries/gbOpen/IND/ADM2/2021@8bef6929fd65432e7dc775e7c44473e84efff064ebddbfd6b834e6291546db40,matched,76128533B78458325839103,1110.1333982291185,fs1-3016a20fd3ad,,2021.0,exact_or_spacing,Kalimpong,False,https://www.geoboundaries.org/api/current/gbOpen/IND/ADM2/,"District identity matched; 2021 reference geometry, NOT event-year boundary equivalence. No parent substitution.",
E117::kolkata,E117,2020-0304-IND,2020-06-01,West Bengal,Kolkata,district,FAO/GAUL/2015/level2,matched,70292.0,91.84529866788924,fs1-3016a20fd3ad,,,,,,,,
E117::malda,E117,2020-0304-IND,2020-06-01,West Bengal,Malda,district,geoBoundaries/gbOpen/IND/ADM2/2021@8bef6929fd65432e7dc775e7c44473e84efff064ebddbfd6b834e6291546db40,matched,76128533B36734405131975,3569.571917708908,fs1-3016a20fd3ad,,2021.0,census_label_alias,Maldah,False,https://censusindia.gov.in/nada/index.php/catalog/42557,"District identity matched; 2021 reference geometry, NOT event-year boundary equivalence. No parent substitution.",
E117::murshidabad,E117,2020-0304-IND,2020-06-01,West Bengal,Murshidabad,district,FAO/GAUL/2015/level2,matched,17955.0,5473.753950605631,fs1-3016a20fd3ad,,,,,,,,
E117::nadia,E117,2020-0304-IND,2020-06-01,West Bengal,Nadia,district,FAO/GAUL/2015/level2,matched,17956.0,3995.2318634205153,fs1-3016a20fd3ad,,,,,,,,
E117::north%2024%20parganas,E117,2020-0304-IND,2020-06-01,West Bengal,North 24 Parganas,district,FAO/GAUL/2015/level2,matched,70293.0,6006.604976683008,fs1-3016a20fd3ad,,,,,,,,
E117::paschim%20bardhaman,E117,2020-0304-IND,2020-06-01,West Bengal,Paschim Bardhaman,district,geoBoundaries/gbOpen/IND/ADM2/2021@8bef6929fd65432e7dc775e7c44473e84efff064ebddbfd6b834e6291546db40,matched,76128533B60845263086042,1638.342752616779,fs1-3016a20fd3ad,,2021.0,reviewed_alias,Paschim Barddhaman,False,https://www.geoboundaries.org/api/current/gbOpen/IND/ADM2/,"District identity matched; 2021 reference geometry, NOT event-year boundary equivalence. No parent substitution.",
E117::purba%20bardhaman,E117,2020-0304-IND,2020-06-01,West Bengal,Purba Bardhaman,district,geoBoundaries/gbOpen/IND/ADM2/2021@8bef6929fd65432e7dc775e7c44473e84efff064ebddbfd6b834e6291546db40,matched,76128533B59121537940607,5396.808202076832,fs1-3016a20fd3ad,,2021.0,reviewed_alias,Barddhaman,False,https://www.geoboundaries.org/api/current/gbOpen/IND/ADM2/,"District identity matched; 2021 reference geometry, NOT event-year boundary equivalence. No parent substitution.",
E117::purulia,E117,2020-0304-IND,2020-06-01,West Bengal,Purulia,district,geoBoundaries/gbOpen/IND/ADM2/2021@8bef6929fd65432e7dc775e7c44473e84efff064ebddbfd6b834e6291546db40,matched,76128533B16811573188243,6255.530346174724,fs1-3016a20fd3ad,,2021.0,census_label_alias,Puruliya,False,https://censusindia.gov.in/nada/index.php/catalog/42557,"District identity matched; 2021 reference geometry, NOT event-year boundary equivalence. No parent substitution.",
E117::south%2024%20parganas,E117,2020-0304-IND,2020-06-01,West Bengal,South 24 Parganas,district,FAO/GAUL/2015/level2,matched,70294.0,5503.307786632012,fs1-3016a20fd3ad,,,,,,,,
E117::uttar%20dinajpur,E117,2020-0304-IND,2020-06-01,West Bengal,Uttar Dinajpur,district,FAO/GAUL/2015/level2,matched,70295.0,3356.268468886421,fs1-3016a20fd3ad,,,,,,,,
E117::west%20medinipur,E117,2020-0304-IND,2020-06-01,West Bengal,West Medinipur,district,geoBoundaries/gbOpen/IND/ADM2/2021@8bef6929fd65432e7dc775e7c44473e84efff064ebddbfd6b834e6291546db40,matched,76128533B88812350838807,6284.990303075887,fs1-3016a20fd3ad,,2021.0,reviewed_alias,Paschim Medinipur,False,https://www.geoboundaries.org/api/current/gbOpen/IND/ADM2/,"District identity matched; 2021 reference geometry, NOT event-year boundary equivalence. No parent substitution.",
E118::east%20godavari,E118,2020-0446-IND,2020-10-01,Andhra Pradesh,East Godavari,district,FAO/GAUL/2015/level2,matched,17551.0,10551.28549542384,fs1-3016a20fd3ad,,,,,,,,
E118::guntur,E118,2020-0446-IND,2020-10-01,Andhra Pradesh,Guntur,district,FAO/GAUL/2015/level2,matched,17552.0,11426.357332991543,fs1-3016a20fd3ad,,,,,,,,
E118::krishna,E118,2020-0446-IND,2020-10-01,Andhra Pradesh,Krishna,district,FAO/GAUL/2015/level2,matched,17556.0,8431.670297917331,fs1-3016a20fd3ad,,,,,,,,
E118::kurnool,E118,2020-0446-IND,2020-10-01,Andhra Pradesh,Kurnool,district,FAO/GAUL/2015/level2,matched,17557.0,17841.084408442177,fs1-3016a20fd3ad,,,,,,,,
E118::nellore,E118,2020-0446-IND,2020-10-01,Andhra Pradesh,Nellore,district,FAO/GAUL/2015/level2,matched,17561.0,13465.479193999116,fs1-3016a20fd3ad,,,,,,,,
E118::srikakulam,E118,2020-0446-IND,2020-10-01,Andhra Pradesh,Srikakulam,district,FAO/GAUL/2015/level2,matched,17565.0,6302.635009694529,fs1-3016a20fd3ad,,,,,,,,
E118::visakhapatnam,E118,2020-0446-IND,2020-10-01,Andhra Pradesh,Visakhapatnam,district,geoBoundaries/gbOpen/IND/ADM2/2021@8bef6929fd65432e7dc775e7c44473e84efff064ebddbfd6b834e6291546db40,matched,76128533B71485440235524,11393.738361166628,fs1-3016a20fd3ad,,2021.0,exact_or_spacing,Visakhapatnam,False,https://www.geoboundaries.org/api/current/gbOpen/IND/ADM2/,"District identity matched; 2021 reference geometry, NOT event-year boundary equivalence. No parent substitution.",
E118::west%20godavari,E118,2020-0446-IND,2020-10-01,Andhra Pradesh,West Godavari,district,FAO/GAUL/2015/level2,matched,17569.0,7779.945166152504,fs1-3016a20fd3ad,,,,,,,,
E119::kalaburagi,E119,2020-0446-IND,2020-10-01,Karnataka,Kalaburagi,district,geoBoundaries/gbOpen/IND/ADM2/2021@8bef6929fd65432e7dc775e7c44473e84efff064ebddbfd6b834e6291546db40,matched,76128533B1083016608278,11005.005984759722,fs1-3016a20fd3ad,,2021.0,census_label_alias,Gulbarga,False,https://assets.publishing.service.gov.uk/media/5a7e0e2d40f0b62305b80813/Karnataka_State_India_Name_Changes_20141112.pdf,"District identity matched; 2021 reference geometry, NOT event-year boundary equivalence. No parent substitution.",
E119::koppal,E119,2020-0446-IND,2020-10-01,Karnataka,Koppal,district,FAO/GAUL/2015/level2,matched,70165.0,5575.478276779294,fs1-3016a20fd3ad,,,,,,,,
E119::raichur,E119,2020-0446-IND,2020-10-01,Karnataka,Raichur,district,FAO/GAUL/2015/level2,matched,17693.0,8465.297775287587,fs1-3016a20fd3ad,,,,,,,,
E119::vijayapura,E119,2020-0446-IND,2020-10-01,Karnataka,Vijayapura,district,geoBoundaries/gbOpen/IND/ADM2/2021@8bef6929fd65432e7dc775e7c44473e84efff064ebddbfd6b834e6291546db40,matched,76128533B40495457052818,10440.064567410886,fs1-3016a20fd3ad,,2021.0,census_label_alias,Bijapur,False,https://assets.publishing.service.gov.uk/media/5a7e0e2d40f0b62305b80813/Karnataka_State_India_Name_Changes_20141112.pdf,"District identity matched; 2021 reference geometry, NOT event-year boundary equivalence. No parent substitution.",
E119::yadgir,E119,2020-0446-IND,2020-10-01,Karnataka,Yadgir,district,geoBoundaries/gbOpen/IND/ADM2/2021@8bef6929fd65432e7dc775e7c44473e84efff064ebddbfd6b834e6291546db40,matched,76128533B84927972855096,5296.020634999596,fs1-3016a20fd3ad,,2021.0,exact_or_spacing,Yadgir,False,https://www.geoboundaries.org/api/current/gbOpen/IND/ADM2/,"District identity matched; 2021 reference geometry, NOT event-year boundary equivalence. No parent substitution.",
E120::bauda,E120,2020-0446-IND,2020-10-01,Odisha,Bauda,district,geoBoundaries/gbOpen/IND/ADM2/2021@8bef6929fd65432e7dc775e7c44473e84efff064ebddbfd6b834e6291546db40,matched,76128533B84772375641700,3124.5504724848097,fs1-3016a20fd3ad,,2021.0,census_label_alias,Baudh,False,https://censusindia.gov.in/nada/index.php/catalog/42557,"District identity matched; 2021 reference geometry, NOT event-year boundary equivalence. No parent substitution.",
E120::gajapati,E120,2020-0446-IND,2020-10-01,Odisha,Gajapati,district,FAO/GAUL/2015/level2,matched,70213.0,4080.383431631814,fs1-3016a20fd3ad,,,,,,,,
E120::ganjam,E120,2020-0446-IND,2020-10-01,Odisha,Ganjam,district,FAO/GAUL/2015/level2,matched,17811.0,8417.728037695964,fs1-3016a20fd3ad,,,,,,,,
E120::kalahandi,E120,2020-0446-IND,2020-10-01,Odisha,Kalahandi,district,FAO/GAUL/2015/level2,matched,17812.0,7938.930130032871,fs1-3016a20fd3ad,,,,,,,,
E120::kandhamal,E120,2020-0446-IND,2020-10-01,Odisha,Kandhamal,district,FAO/GAUL/2015/level2,matched,70217.0,8088.528530440674,fs1-3016a20fd3ad,,,,,,,,
E120::koraput,E120,2020-0446-IND,2020-10-01,Odisha,Koraput,district,FAO/GAUL/2015/level2,matched,17814.0,8608.98899052561,fs1-3016a20fd3ad,,,,,,,,
E120::malkangiri,E120,2020-0446-IND,2020-10-01,Odisha,Malkangiri,district,FAO/GAUL/2015/level2,matched,70220.0,5849.646224352819,fs1-3016a20fd3ad,,,,,,,,
E120::nabarangapur,E120,2020-0446-IND,2020-10-01,Odisha,Nabarangapur,district,geoBoundaries/gbOpen/IND/ADM2/2021@8bef6929fd65432e7dc775e7c44473e84efff064ebddbfd6b834e6291546db40,matched,76128533B99037046327658,5413.792578312975,fs1-3016a20fd3ad,,2021.0,exact_or_spacing,Nabarangapur,False,https://www.geoboundaries.org/api/current/gbOpen/IND/ADM2/,"District identity matched; 2021 reference geometry, NOT event-year boundary equivalence. No parent substitution.",
E120::nuapada,E120,2020-0446-IND,2020-10-01,Odisha,Nuapada,district,FAO/GAUL/2015/level2,matched,70223.0,3881.856999707553,fs1-3016a20fd3ad,,,,,,,,
E120::rayagada,E120,2020-0446-IND,2020-10-01,Odisha,Rayagada,district,FAO/GAUL/2015/level2,matched,70224.0,7404.113889009227,fs1-3016a20fd3ad,,,,,,,,
E121::hyderabad,E121,2020-0446-IND,2020-10-01,Telangana,Hyderabad,district,FAO/GAUL/2015/level2,matched,17553.0,178.60393182299086,fs1-3016a20fd3ad,,,,,,,,
E121::nalgonda,E121,2020-0446-IND,2020-10-01,Telangana,Nalgonda,district,FAO/GAUL/2015/level2,matched,17560.0,14141.06734194607,fs1-3016a20fd3ad,,,,,,,,
E121::ranga%20reddy,E121,2020-0446-IND,2020-10-01,Telangana,Ranga Reddy,district,geoBoundaries/gbOpen/IND/ADM2/2021@8bef6929fd65432e7dc775e7c44473e84efff064ebddbfd6b834e6291546db40,matched,76128533B31175522938788,5091.524779829647,fs1-3016a20fd3ad,,2021.0,exact_or_spacing,Ranga Reddy,False,https://www.geoboundaries.org/api/current/gbOpen/IND/ADM2/,"District identity matched; 2021 reference geometry, NOT event-year boundary equivalence. No parent substitution.",
E122::darbhanga,E122,2021-0316-IND,2021-06-01,Bihar,Darbhanga,district,FAO/GAUL/2015/level2,matched,17598.0,2293.727225126986,fs1-3016a20fd3ad,,,,,,,,
E122::east%20champaran,E122,2021-0316-IND,2021-06-01,Bihar,East Champaran,district,geoBoundaries/gbOpen/IND/ADM2/2021@8bef6929fd65432e7dc775e7c44473e84efff064ebddbfd6b834e6291546db40,matched,76128533B49017555803526,4209.432168721379,fs1-3016a20fd3ad,,2021.0,census_label_alias,Purba Champaran,False,https://censusindia.gov.in/nada/index.php/catalog/42557,"District identity matched; 2021 reference geometry, NOT event-year boundary equivalence. No parent substitution.",
E122::gopalganj,E122,2021-0316-IND,2021-06-01,Bihar,Gopalganj,district,FAO/GAUL/2015/level2,matched,17604.0,2044.660708589624,fs1-3016a20fd3ad,,,,,,,,
E122::madhubani,E122,2021-0316-IND,2021-06-01,Bihar,Madhubani,district,FAO/GAUL/2015/level2,matched,17611.0,3457.42262983169,fs1-3016a20fd3ad,,,,,,,,
E122::muzaffarpur,E122,2021-0316-IND,2021-06-01,Bihar,Muzaffarpur,district,FAO/GAUL/2015/level2,matched,17613.0,3192.441978127565,fs1-3016a20fd3ad,,,,,,,,
E122::samastipur,E122,2021-0316-IND,2021-06-01,Bihar,Samastipur,district,FAO/GAUL/2015/level2,matched,17626.0,2911.492917812177,fs1-3016a20fd3ad,,,,,,,,
E122::saran,E122,2021-0316-IND,2021-06-01,Bihar,Saran,district,FAO/GAUL/2015/level2,matched,17628.0,2650.3366911206285,fs1-3016a20fd3ad,,,,,,,,
E122::sitamarhi,E122,2021-0316-IND,2021-06-01,Bihar,Sitamarhi,district,FAO/GAUL/2015/level2,matched,17630.0,2075.1609189491032,fs1-3016a20fd3ad,,,,,,,,
E122::siwan,E122,2021-0316-IND,2021-06-01,Bihar,Siwan,district,FAO/GAUL/2015/level2,matched,17631.0,2229.6509970655925,fs1-3016a20fd3ad,,,,,,,,
E122::vaishali,E122,2021-0316-IND,2021-06-01,Bihar,Vaishali,district,FAO/GAUL/2015/level2,matched,17632.0,2013.541665625586,fs1-3016a20fd3ad,,,,,,,,
E122::west%20champaran,E122,2021-0316-IND,2021-06-01,Bihar,West Champaran,district,geoBoundaries/gbOpen/IND/ADM2/2021@8bef6929fd65432e7dc775e7c44473e84efff064ebddbfd6b834e6291546db40,matched,76128533B17762399278073,5214.198372330475,fs1-3016a20fd3ad,,2021.0,census_label_alias,Pashchim Champaran,False,https://censusindia.gov.in/nada/index.php/catalog/42557,"District identity matched; 2021 reference geometry, NOT event-year boundary equivalence. No parent substitution.",
E124::navsari,E124,2021-0316-IND,2021-06-01,Gujarat,Navsari,district,FAO/GAUL/2015/level2,matched,70127.0,2097.600482441035,fs1-3016a20fd3ad,,,,,,,,
E124::surat,E124,2021-0316-IND,2021-06-01,Gujarat,Surat,district,FAO/GAUL/2015/level2,matched,17649.0,7486.82173633887,fs1-3016a20fd3ad,,,,,,,,
E124::valsad,E124,2021-0316-IND,2021-06-01,Gujarat,Valsad,district,FAO/GAUL/2015/level2,matched,17653.0,3025.875446392478,fs1-3016a20fd3ad,,,,,,,,
E125::bagalkot,E125,2021-0316-IND,2021-06-01,Karnataka,Bagalkot,district,FAO/GAUL/2015/level2,matched,70157.0,6575.100985988591,fs1-3016a20fd3ad,,,,,,,,
E125::belagavi,E125,2021-0316-IND,2021-06-01,Karnataka,Belagavi,district,geoBoundaries/gbOpen/IND/ADM2/2021@8bef6929fd65432e7dc775e7c44473e84efff064ebddbfd6b834e6291546db40,matched,76128533B74319098136622,13437.79374447446,fs1-3016a20fd3ad,,2021.0,census_label_alias,Belgaum,False,https://assets.publishing.service.gov.uk/media/5a7e0e2d40f0b62305b80813/Karnataka_State_India_Name_Changes_20141112.pdf,"District identity matched; 2021 reference geometry, NOT event-year boundary equivalence. No parent substitution.",
E125::chikkamagaluru,E125,2021-0316-IND,2021-06-01,Karnataka,Chikkamagaluru,district,geoBoundaries/gbOpen/IND/ADM2/2021@8bef6929fd65432e7dc775e7c44473e84efff064ebddbfd6b834e6291546db40,matched,76128533B15550697205080,6937.32502311172,fs1-3016a20fd3ad,,2021.0,census_label_alias,Chikmagalur,False,https://assets.publishing.service.gov.uk/media/5a7e0e2d40f0b62305b80813/Karnataka_State_India_Name_Changes_20141112.pdf,"District identity matched; 2021 reference geometry, NOT event-year boundary equivalence. No parent substitution.",
E125::davanagere,E125,2021-0316-IND,2021-06-01,Karnataka,Davanagere,district,FAO/GAUL/2015/level2,matched,70162.0,6632.831187518178,fs1-3016a20fd3ad,,,,,,,,
E125::dharwad,E125,2021-0316-IND,2021-06-01,Karnataka,Dharwad,district,FAO/GAUL/2015/level2,matched,17686.0,4276.067791973122,fs1-3016a20fd3ad,,,,,,,,
E125::gadag,E125,2021-0316-IND,2021-06-01,Karnataka,Gadag,district,FAO/GAUL/2015/level2,matched,70163.0,4647.273331660636,fs1-3016a20fd3ad,,,,,,,,
E125::haveri,E125,2021-0316-IND,2021-06-01,Karnataka,Haveri,district,FAO/GAUL/2015/level2,matched,70164.0,4811.456144597108,fs1-3016a20fd3ad,,,,,,,,
E125::kodagu,E125,2021-0316-IND,2021-06-01,Karnataka,Kodagu,district,FAO/GAUL/2015/level2,matched,17689.0,4111.781559839673,fs1-3016a20fd3ad,,,,,,,,
E125::shivamogga,E125,2021-0316-IND,2021-06-01,Karnataka,Shivamogga,district,geoBoundaries/gbOpen/IND/ADM2/2021@8bef6929fd65432e7dc775e7c44473e84efff064ebddbfd6b834e6291546db40,matched,76128533B85389886560116,8475.375992282,fs1-3016a20fd3ad,,2021.0,census_label_alias,Shimoga,False,https://assets.publishing.service.gov.uk/media/5a7e0e2d40f0b62305b80813/Karnataka_State_India_Name_Changes_20141112.pdf,"District identity matched; 2021 reference geometry, NOT event-year boundary equivalence. No parent substitution.",
E125::uttara%20kannada,E125,2021-0316-IND,2021-06-01,Karnataka,Uttara Kannada,district,geoBoundaries/gbOpen/IND/ADM2/2021@8bef6929fd65432e7dc775e7c44473e84efff064ebddbfd6b834e6291546db40,matched,76128533B79180273895456,10404.181767076385,fs1-3016a20fd3ad,,2021.0,exact_or_spacing,Uttara Kannada,False,https://www.geoboundaries.org/api/current/gbOpen/IND/ADM2/,"District identity matched; 2021 reference geometry, NOT event-year boundary equivalence. No parent substitution.",
E126::idukki,E126,2021-0316-IND,2021-06-01,Kerala,Idukki,district,FAO/GAUL/2015/level2,matched,17700.0,5010.411036324633,fs1-3016a20fd3ad,,,,,,,,
E126::kottayam,E126,2021-0316-IND,2021-06-01,Kerala,Kottayam,district,FAO/GAUL/2015/level2,matched,17702.0,2143.385583622296,fs1-3016a20fd3ad,,,,,,,,
E126::pathanamthitta,E126,2021-0316-IND,2021-06-01,Kerala,Pathanamthitta,district,geoBoundaries/gbOpen/IND/ADM2/2021@8bef6929fd65432e7dc775e7c44473e84efff064ebddbfd6b834e6291546db40,matched,76128533B29330052395581,2663.6118314901764,fs1-3016a20fd3ad,,2021.0,exact_or_spacing,Pathanamthitta,False,https://www.geoboundaries.org/api/current/gbOpen/IND/ADM2/,"District identity matched; 2021 reference geometry, NOT event-year boundary equivalence. No parent substitution.",
E127::kolhapur,E127,2021-0316-IND,2021-06-01,Maharashtra,Kolhapur,district,FAO/GAUL/2015/level2,matched,17769.0,7680.572392490604,fs1-3016a20fd3ad,,,,,,,,
E127::mumbai%20suburban,E127,2021-0316-IND,2021-06-01,Maharashtra,Mumbai Suburban,district,FAO/GAUL/2015/level2,matched,70183.0,409.3994670782586,fs1-3016a20fd3ad,,,,,,,,
E127::pune,E127,2021-0316-IND,2021-06-01,Maharashtra,Pune,district,FAO/GAUL/2015/level2,matched,17776.0,15649.899791716924,fs1-3016a20fd3ad,,,,,,,,
E127::raigad,E127,2021-0316-IND,2021-06-01,Maharashtra,Raigad,district,geoBoundaries/gbOpen/IND/ADM2/2021@8bef6929fd65432e7dc775e7c44473e84efff064ebddbfd6b834e6291546db40,matched,76128533B99895802074414,6987.901171136008,fs1-3016a20fd3ad,,2021.0,census_label_alias,Raigarh,False,https://censusindia.gov.in/nada/index.php/catalog/42557,"District identity matched; 2021 reference geometry, NOT event-year boundary equivalence. No parent substitution.",
E127::ratnagiri,E127,2021-0316-IND,2021-06-01,Maharashtra,Ratnagiri,district,FAO/GAUL/2015/level2,matched,17778.0,8501.126377449938,fs1-3016a20fd3ad,,,,,,,,
E127::sangli,E127,2021-0316-IND,2021-06-01,Maharashtra,Sangli,district,FAO/GAUL/2015/level2,matched,17780.0,8563.308722938114,fs1-3016a20fd3ad,,,,,,,,
E127::satara,E127,2021-0316-IND,2021-06-01,Maharashtra,Satara,district,FAO/GAUL/2015/level2,matched,17781.0,10502.605850168617,fs1-3016a20fd3ad,,,,,,,,
E127::sindhudurg,E127,2021-0316-IND,2021-06-01,Maharashtra,Sindhudurg,district,FAO/GAUL/2015/level2,matched,17779.0,5174.499083363021,fs1-3016a20fd3ad,,,,,,,,
E127::thane,E127,2021-0316-IND,2021-06-01,Maharashtra,Thane,district,FAO/GAUL/2015/level2,matched,17783.0,9454.897228160951,fs1-3016a20fd3ad,,,,,,,,
E127::wardha,E127,2021-0316-IND,2021-06-01,Maharashtra,Wardha,district,FAO/GAUL/2015/level2,matched,17784.0,6326.751952312784,fs1-3016a20fd3ad,,,,,,,,
E128::gomati,E128,2021-0316-IND,2021-06-01,Tripura,Gomati,district,geoBoundaries/gbOpen/IND/ADM2/2021@8bef6929fd65432e7dc775e7c44473e84efff064ebddbfd6b834e6291546db40,matched,76128533B94126463611805,1617.9532415825593,fs1-3016a20fd3ad,,2021.0,exact_or_spacing,Gomati,False,https://www.geoboundaries.org/api/current/gbOpen/IND/ADM2/,"District identity matched; 2021 reference geometry, NOT event-year boundary equivalence. No parent substitution.",
E128::south%20tripura,E128,2021-0316-IND,2021-06-01,Tripura,South Tripura,district,FAO/GAUL/2015/level2,matched,17886.0,3224.504208632636,fs1-3016a20fd3ad,,,,,,,,
E128::west%20tripura,E128,2021-0316-IND,2021-06-01,Tripura,West Tripura,district,FAO/GAUL/2015/level2,matched,17887.0,3039.951701839773,fs1-3016a20fd3ad,,,,,,,,
E129::ayodhya,E129,2021-0316-IND,2021-06-01,Uttar Pradesh,Ayodhya,district,geoBoundaries/gbOpen/IND/ADM2/2021@8bef6929fd65432e7dc775e7c44473e84efff064ebddbfd6b834e6291546db40,matched,76128533B60320291189162,2675.8001543878418,fs1-3016a20fd3ad,,2021.0,reviewed_alias,Faizabad,False,https://ayodhya.nic.in/,"District identity matched; 2021 reference geometry, NOT event-year boundary equivalence. No parent substitution.",
E129::ballia,E129,2021-0316-IND,2021-06-01,Uttar Pradesh,Ballia,district,FAO/GAUL/2015/level2,matched,17894.0,3013.8054759791835,fs1-3016a20fd3ad,,,,,,,,
E129::barabanki,E129,2021-0316-IND,2021-06-01,Uttar Pradesh,Barabanki,district,FAO/GAUL/2015/level2,matched,17896.0,4440.0005417469865,fs1-3016a20fd3ad,,,,,,,,
E129::budaun,E129,2021-0316-IND,2021-06-01,Uttar Pradesh,Budaun,district,geoBoundaries/gbOpen/IND/ADM2/2021@8bef6929fd65432e7dc775e7c44473e84efff064ebddbfd6b834e6291546db40,matched,76128533B84679668760735,4242.298807636645,fs1-3016a20fd3ad,,2021.0,exact_or_spacing,Budaun,False,https://www.geoboundaries.org/api/current/gbOpen/IND/ADM2/,"District identity matched; 2021 reference geometry, NOT event-year boundary equivalence. No parent substitution.",
E129::lakhimpur%20kheri,E129,2021-0316-IND,2021-06-01,Uttar Pradesh,Lakhimpur Kheri,district,FAO/GAUL/2015/level2,matched,17921.0,7708.742992388735,fs1-3016a20fd3ad,,,,,,,,
E130::bageshwar,E130,2021-0316-IND,2021-06-01,Uttarakhand,Bageshwar,district,FAO/GAUL/2015/level2,matched,70281.0,2283.823715697251,fs1-3016a20fd3ad,,,,,,,,
E130::chamoli,E130,2021-0316-IND,2021-06-01,Uttarakhand,Chamoli,district,FAO/GAUL/2015/level2,matched,70282.0,7838.316284013912,fs1-3016a20fd3ad,,,,,,,,
E130::pithoragarh,E130,2021-0316-IND,2021-06-01,Uttarakhand,Pithoragarh,district,FAO/GAUL/2015/level2,matched,17932.0,7209.480621522472,fs1-3016a20fd3ad,,,,,,,,
E131::cooch%20behar,E131,2021-0316-IND,2021-06-01,West Bengal,Cooch Behar,district,geoBoundaries/gbOpen/IND/ADM2/2021@8bef6929fd65432e7dc775e7c44473e84efff064ebddbfd6b834e6291546db40,matched,76128533B64156747739715,3288.1312386454174,fs1-3016a20fd3ad,,2021.0,census_label_alias,Koch Bihar,False,https://censusindia.gov.in/nada/index.php/catalog/42557,"District identity matched; 2021 reference geometry, NOT event-year boundary equivalence. No parent substitution.",
E131::darjeeling,E131,2021-0316-IND,2021-06-01,West Bengal,Darjeeling,district,geoBoundaries/gbOpen/IND/ADM2/2021@8bef6929fd65432e7dc775e7c44473e84efff064ebddbfd6b834e6291546db40,matched,76128533B17109302371020,2082.4452472301264,fs1-3016a20fd3ad,,2021.0,reviewed_alias,Darjiling,False,https://www.geoboundaries.org/api/current/gbOpen/IND/ADM2/,"District identity matched; 2021 reference geometry, NOT event-year boundary equivalence. No parent substitution.",
E131::jalpaiguri,E131,2021-0316-IND,2021-06-01,West Bengal,Jalpaiguri,district,FAO/GAUL/2015/level2,matched,17951.0,6200.341009430311,fs1-3016a20fd3ad,,,,,,,,
E132::north%20goa,E132,2021-0435-IND,2021-06-01,Goa,North Goa,district,FAO/GAUL/2015/level2,matched,70122.0,1692.9665550824852,fs1-3016a20fd3ad,,,,,,,,
E132::south%20goa,E132,2021-0435-IND,2021-06-01,Goa,South Goa,district,FAO/GAUL/2015/level2,matched,70123.0,1992.3538358024769,fs1-3016a20fd3ad,,,,,,,,
E133::lahaul%20and%20spiti,E133,2021-0435-IND,2021-06-01,Himachal Pradesh,Lahaul and Spiti,district,geoBoundaries/gbOpen/IND/ADM2/2021@8bef6929fd65432e7dc775e7c44473e84efff064ebddbfd6b834e6291546db40,matched,76128533B75359793481950,13839.679584293348,fs1-3016a20fd3ad,,2021.0,census_label_alias,Lahul & Spiti,False,https://censusindia.gov.in/nada/index.php/catalog/42557,"District identity matched; 2021 reference geometry, NOT event-year boundary equivalence. No parent substitution.",
E134::sahibganj,E134,2021-0435-IND,2021-06-01,Jharkhand,Sahibganj,district,FAO/GAUL/2015/level2,matched,70154.0,2203.455310809673,fs1-3016a20fd3ad,,,,,,,,
E135::bagalkot,E135,2021-0435-IND,2021-06-01,Karnataka,Bagalkot,district,FAO/GAUL/2015/level2,matched,70157.0,6575.100985988591,fs1-3016a20fd3ad,,,,,,,,
E135::belagavi,E135,2021-0435-IND,2021-06-01,Karnataka,Belagavi,district,geoBoundaries/gbOpen/IND/ADM2/2021@8bef6929fd65432e7dc775e7c44473e84efff064ebddbfd6b834e6291546db40,matched,76128533B74319098136622,13437.79374447446,fs1-3016a20fd3ad,,2021.0,census_label_alias,Belgaum,False,https://assets.publishing.service.gov.uk/media/5a7e0e2d40f0b62305b80813/Karnataka_State_India_Name_Changes_20141112.pdf,"District identity matched; 2021 reference geometry, NOT event-year boundary equivalence. No parent substitution.",
E135::chikkamagaluru,E135,2021-0435-IND,2021-06-01,Karnataka,Chikkamagaluru,district,geoBoundaries/gbOpen/IND/ADM2/2021@8bef6929fd65432e7dc775e7c44473e84efff064ebddbfd6b834e6291546db40,matched,76128533B15550697205080,6937.325023111647,fs1-3016a20fd3ad,,2021.0,census_label_alias,Chikmagalur,False,https://assets.publishing.service.gov.uk/media/5a7e0e2d40f0b62305b80813/Karnataka_State_India_Name_Changes_20141112.pdf,"District identity matched; 2021 reference geometry, NOT event-year boundary equivalence. No parent substitution.",
E135::davanagere,E135,2021-0435-IND,2021-06-01,Karnataka,Davanagere,district,FAO/GAUL/2015/level2,matched,70162.0,6632.831187518178,fs1-3016a20fd3ad,,,,,,,,
E135::dharwad,E135,2021-0435-IND,2021-06-01,Karnataka,Dharwad,district,FAO/GAUL/2015/level2,matched,17686.0,4276.067791973122,fs1-3016a20fd3ad,,,,,,,,
E135::gadag,E135,2021-0435-IND,2021-06-01,Karnataka,Gadag,district,FAO/GAUL/2015/level2,matched,70163.0,4647.273331660636,fs1-3016a20fd3ad,,,,,,,,
E135::haveri,E135,2021-0435-IND,2021-06-01,Karnataka,Haveri,district,FAO/GAUL/2015/level2,matched,70164.0,4811.456144597108,fs1-3016a20fd3ad,,,,,,,,
E135::kodagu,E135,2021-0435-IND,2021-06-01,Karnataka,Kodagu,district,FAO/GAUL/2015/level2,matched,17689.0,4111.781559839673,fs1-3016a20fd3ad,,,,,,,,
E135::shivamogga,E135,2021-0435-IND,2021-06-01,Karnataka,Shivamogga,district,geoBoundaries/gbOpen/IND/ADM2/2021@8bef6929fd65432e7dc775e7c44473e84efff064ebddbfd6b834e6291546db40,matched,76128533B85389886560116,8475.375992282,fs1-3016a20fd3ad,,2021.0,census_label_alias,Shimoga,False,https://assets.publishing.service.gov.uk/media/5a7e0e2d40f0b62305b80813/Karnataka_State_India_Name_Changes_20141112.pdf,"District identity matched; 2021 reference geometry, NOT event-year boundary equivalence. No parent substitution.",
E135::uttara%20kannada,E135,2021-0435-IND,2021-06-01,Karnataka,Uttara Kannada,district,geoBoundaries/gbOpen/IND/ADM2/2021@8bef6929fd65432e7dc775e7c44473e84efff064ebddbfd6b834e6291546db40,matched,76128533B79180273895456,10404.181767075685,fs1-3016a20fd3ad,,2021.0,exact_or_spacing,Uttara Kannada,False,https://www.geoboundaries.org/api/current/gbOpen/IND/ADM2/,"District identity matched; 2021 reference geometry, NOT event-year boundary equivalence. No parent substitution.",
E136::pune,E136,2021-0435-IND,2021-06-01,Maharashtra,Pune,district,FAO/GAUL/2015/level2,matched,17776.0,15649.899791716924,fs1-3016a20fd3ad,,,,,,,,
E136::raigarh,E136,2021-0435-IND,2021-06-01,Maharashtra,Raigarh,district,FAO/GAUL/2015/level2,matched,17777.0,6912.842748779044,fs1-3016a20fd3ad,,,,,,,,
E136::ratnagiri,E136,2021-0435-IND,2021-06-01,Maharashtra,Ratnagiri,district,FAO/GAUL/2015/level2,matched,17778.0,8501.126377449938,fs1-3016a20fd3ad,,,,,,,,
E136::satara,E136,2021-0435-IND,2021-06-01,Maharashtra,Satara,district,FAO/GAUL/2015/level2,matched,17781.0,10502.605850168617,fs1-3016a20fd3ad,,,,,,,,
E137::bageshwar,E137,2021-0435-IND,2021-06-01,Uttarakhand,Bageshwar,district,FAO/GAUL/2015/level2,matched,70281.0,2283.823715697251,fs1-3016a20fd3ad,,,,,,,,
E137::chamoli,E137,2021-0435-IND,2021-06-01,Uttarakhand,Chamoli,district,FAO/GAUL/2015/level2,matched,70282.0,7838.316284013912,fs1-3016a20fd3ad,,,,,,,,
E137::dehradun,E137,2021-0435-IND,2021-06-01,Uttarakhand,Dehradun,district,FAO/GAUL/2015/level2,matched,17903.0,3070.1655325092884,fs1-3016a20fd3ad,,,,,,,,
E137::pithoragarh,E137,2021-0435-IND,2021-06-01,Uttarakhand,Pithoragarh,district,FAO/GAUL/2015/level2,matched,17932.0,7209.480621522472,fs1-3016a20fd3ad,,,,,,,,
E137::uttarkashi,E137,2021-0435-IND,2021-06-01,Uttarakhand,Uttarkashi,district,FAO/GAUL/2015/level2,matched,70289.0,6642.1631687539975,fs1-3016a20fd3ad,,,,,,,,
E138::east%20medinipur,E138,2021-0435-IND,2021-06-01,West Bengal,East Medinipur,district,geoBoundaries/gbOpen/IND/ADM2/2021@8bef6929fd65432e7dc775e7c44473e84efff064ebddbfd6b834e6291546db40,matched,76128533B25373378863054,4206.535570896404,fs1-3016a20fd3ad,,2021.0,census_label_alias,Purba Medinipur,False,https://censusindia.gov.in/nada/index.php/catalog/42557,"District identity matched; 2021 reference geometry, NOT event-year boundary equivalence. No parent substitution.",
E138::hooghly,E138,2021-0435-IND,2021-06-01,West Bengal,Hooghly,district,geoBoundaries/gbOpen/IND/ADM2/2021@8bef6929fd65432e7dc775e7c44473e84efff064ebddbfd6b834e6291546db40,matched,76128533B81857725777974,3153.550053477295,fs1-3016a20fd3ad,,2021.0,census_label_alias,Hugli,False,https://censusindia.gov.in/nada/index.php/catalog/42557,"District identity matched; 2021 reference geometry, NOT event-year boundary equivalence. No parent substitution.",
E138::west%20medinipur,E138,2021-0435-IND,2021-06-01,West Bengal,West Medinipur,district,geoBoundaries/gbOpen/IND/ADM2/2021@8bef6929fd65432e7dc775e7c44473e84efff064ebddbfd6b834e6291546db40,matched,76128533B88812350838807,6284.990303075887,fs1-3016a20fd3ad,,2021.0,reviewed_alias,Paschim Medinipur,False,https://www.geoboundaries.org/api/current/gbOpen/IND/ADM2/,"District identity matched; 2021 reference geometry, NOT event-year boundary equivalence. No parent substitution.",
E139::bongaigaon,E139,2021-0366-IND,2021-07-01,Assam,Bongaigaon,district,FAO/GAUL/2015/level2,matched,70086.0,2332.582799042809,fs1-3016a20fd3ad,,,,,,,,
E139::chirang,E139,2021-0366-IND,2021-07-01,Assam,Chirang,district,geoBoundaries/gbOpen/IND/ADM2/2021@8bef6929fd65432e7dc775e7c44473e84efff064ebddbfd6b834e6291546db40,matched,76128533B56012535339305,1586.6528982343073,fs1-3016a20fd3ad,,2021.0,exact_or_spacing,Chirang,False,https://www.geoboundaries.org/api/current/gbOpen/IND/ADM2/,"District identity matched; 2021 reference geometry, NOT event-year boundary equivalence. No parent substitution.",
E139::dhemaji,E139,2021-0366-IND,2021-07-01,Assam,Dhemaji,district,FAO/GAUL/2015/level2,matched,70087.0,2503.3476339074205,fs1-3016a20fd3ad,,,,,,,,
E139::dibrugarh,E139,2021-0366-IND,2021-07-01,Assam,Dibrugarh,district,FAO/GAUL/2015/level2,matched,17580.0,3397.4818067287138,fs1-3016a20fd3ad,,,,,,,,
E140::lahaul%20and%20spiti,E140,2021-0458-IND,2021-07-28,Himachal Pradesh,Lahaul and Spiti,district,geoBoundaries/gbOpen/IND/ADM2/2021@8bef6929fd65432e7dc775e7c44473e84efff064ebddbfd6b834e6291546db40,matched,76128533B75359793481950,13839.679584293348,fs1-3016a20fd3ad,,2021.0,census_label_alias,Lahul & Spiti,False,https://censusindia.gov.in/nada/index.php/catalog/42557,"District identity matched; 2021 reference geometry, NOT event-year boundary equivalence. No parent substitution.",
E141::anantnag,E141,2021-0458-IND,2021-07-28,Jammu and Kashmir,Anantnag,district,geoBoundaries/gbOpen/IND/ADM2/2021@8bef6929fd65432e7dc775e7c44473e84efff064ebddbfd6b834e6291546db40,matched,76128533B6393836306469,2744.702711002116,fs1-3016a20fd3ad,,2021.0,exact_or_spacing,Anantnag,False,https://www.geoboundaries.org/api/current/gbOpen/IND/ADM2/,"District identity matched; 2021 reference geometry, NOT event-year boundary equivalence. No parent substitution.",
E141::bandipora,E141,2021-0458-IND,2021-07-28,Jammu and Kashmir,Bandipora,district,geoBoundaries/gbOpen/IND/ADM2/2021@8bef6929fd65432e7dc775e7c44473e84efff064ebddbfd6b834e6291546db40,matched,76128533B41744580856133,2983.0559101124977,fs1-3016a20fd3ad,,2021.0,census_label_alias,Bandipore,False,https://censusindia.gov.in/nada/index.php/catalog/42557,"District identity matched; 2021 reference geometry, NOT event-year boundary equivalence. No parent substitution.",
E141::ganderbal,E141,2021-0458-IND,2021-07-28,Jammu and Kashmir,Ganderbal,district,geoBoundaries/gbOpen/IND/ADM2/2021@8bef6929fd65432e7dc775e7c44473e84efff064ebddbfd6b834e6291546db40,matched,76128533B20504715877560,1447.329423481058,fs1-3016a20fd3ad,,2021.0,exact_or_spacing,Ganderbal,False,https://www.geoboundaries.org/api/current/gbOpen/IND/ADM2/,"District identity matched; 2021 reference geometry, NOT event-year boundary equivalence. No parent substitution.",
E141::kishtwar,E141,2021-0458-IND,2021-07-28,Jammu and Kashmir,Kishtwar,district,geoBoundaries/gbOpen/IND/ADM2/2021@8bef6929fd65432e7dc775e7c44473e84efff064ebddbfd6b834e6291546db40,matched,76128533B20458430922604,7915.862636956913,fs1-3016a20fd3ad,,2021.0,exact_or_spacing,Kishtwar,False,https://www.geoboundaries.org/api/current/gbOpen/IND/ADM2/,"District identity matched; 2021 reference geometry, NOT event-year boundary equivalence. No parent substitution.",
E142::devbhumi%20dwarka,E142,2021-0585-IND,2021-09-13,Gujarat,Devbhumi Dwarka,district,geoBoundaries/gbOpen/IND/ADM2/2021@8bef6929fd65432e7dc775e7c44473e84efff064ebddbfd6b834e6291546db40,matched,76128533B74381554567803,4320.429272751359,fs1-3016a20fd3ad,,2021.0,exact_or_spacing,Devbhumi Dwarka,False,https://www.geoboundaries.org/api/current/gbOpen/IND/ADM2/,"District identity matched; 2021 reference geometry, NOT event-year boundary equivalence. No parent substitution.",
E142::gir%20somnath,E142,2021-0585-IND,2021-09-13,Gujarat,Gir Somnath,district,geoBoundaries/gbOpen/IND/ADM2/2021@8bef6929fd65432e7dc775e7c44473e84efff064ebddbfd6b834e6291546db40,matched,76128533B45037556977273,3780.874903082649,fs1-3016a20fd3ad,,2021.0,exact_or_spacing,Gir Somnath,False,https://www.geoboundaries.org/api/current/gbOpen/IND/ADM2/,"District identity matched; 2021 reference geometry, NOT event-year boundary equivalence. No parent substitution.",
E142::jamnagar,E142,2021-0585-IND,2021-09-13,Gujarat,Jamnagar,district,FAO/GAUL/2015/level2,matched,17641.0,10822.719279552311,fs1-3016a20fd3ad,,,,,,,,
E142::junagadh,E142,2021-0585-IND,2021-09-13,Gujarat,Junagadh,district,FAO/GAUL/2015/level2,matched,17642.0,8217.26323932205,fs1-3016a20fd3ad,,,,,,,,
E142::morbi,E142,2021-0585-IND,2021-09-13,Gujarat,Morbi,district,geoBoundaries/gbOpen/IND/ADM2/2021@8bef6929fd65432e7dc775e7c44473e84efff064ebddbfd6b834e6291546db40,matched,76128533B2080752988715,4845.388822156085,fs1-3016a20fd3ad,,2021.0,exact_or_spacing,Morbi,False,https://www.geoboundaries.org/api/current/gbOpen/IND/ADM2/,"District identity matched; 2021 reference geometry, NOT event-year boundary equivalence. No parent substitution.",
E142::porbandar,E142,2021-0585-IND,2021-09-13,Gujarat,Porbandar,district,FAO/GAUL/2015/level2,matched,70130.0,2369.3926933976804,fs1-3016a20fd3ad,,,,,,,,
E142::rajkot,E142,2021-0585-IND,2021-09-13,Gujarat,Rajkot,district,FAO/GAUL/2015/level2,matched,17647.0,11175.751593133718,fs1-3016a20fd3ad,,,,,,,,
E142::valsad,E142,2021-0585-IND,2021-09-13,Gujarat,Valsad,district,FAO/GAUL/2015/level2,matched,17653.0,3025.875446392478,fs1-3016a20fd3ad,,,,,,,,
E143::alappuzha,E143,2021-0677-IND,2021-10-11,Kerala,Alappuzha,district,FAO/GAUL/2015/level2,matched,70298.0,1316.6907112011845,fs1-3016a20fd3ad,,,,,,,,
E143::idukki,E143,2021-0677-IND,2021-10-11,Kerala,Idukki,district,FAO/GAUL/2015/level2,matched,17700.0,5010.411036324633,fs1-3016a20fd3ad,,,,,,,,
E143::kollam,E143,2021-0677-IND,2021-10-11,Kerala,Kollam,district,FAO/GAUL/2015/level2,matched,17707.0,2363.0186325698423,fs1-3016a20fd3ad,,,,,,,,
E143::kottayam,E143,2021-0677-IND,2021-10-11,Kerala,Kottayam,district,FAO/GAUL/2015/level2,matched,17702.0,2143.385583622296,fs1-3016a20fd3ad,,,,,,,,
E143::pathanamthitta,E143,2021-0677-IND,2021-10-11,Kerala,Pathanamthitta,district,geoBoundaries/gbOpen/IND/ADM2/2021@8bef6929fd65432e7dc775e7c44473e84efff064ebddbfd6b834e6291546db40,matched,76128533B29330052395581,2663.6118314901764,fs1-3016a20fd3ad,,2021.0,exact_or_spacing,Pathanamthitta,False,https://www.geoboundaries.org/api/current/gbOpen/IND/ADM2/,"District identity matched; 2021 reference geometry, NOT event-year boundary equivalence. No parent substitution.",
E143::thiruvananthapuram,E143,2021-0677-IND,2021-10-11,Kerala,Thiruvananthapuram,district,FAO/GAUL/2015/level2,matched,17709.0,2047.560453755721,fs1-3016a20fd3ad,,,,,,,,
E144::nainital,E144,2021-0681-IND,2021-10-18,Uttarakhand,Nainital,district,FAO/GAUL/2015/level2,matched,70285.0,4068.963433579816,fs1-3016a20fd3ad,,,,,,,,
E145::ariyalur,E145,2021-0722-IND,2021-11-06,Tamil Nadu,Ariyalur,district,FAO/GAUL/2015/level2,matched,70241.0,1958.3064553750903,fs1-3016a20fd3ad,,,,,,,,
E145::chengalpattu,E145,2021-0722-IND,2021-11-06,Tamil Nadu,Chengalpattu,district,geoBoundaries/gbOpen/IND/ADM2/2021@8bef6929fd65432e7dc775e7c44473e84efff064ebddbfd6b834e6291546db40,matched,76128533B88669134807148,1747.8224548823348,fs1-3016a20fd3ad,,2021.0,reviewed_alias,Chengalputtu,False,https://www.geoboundaries.org/api/current/gbOpen/IND/ADM2/,"District identity matched; 2021 reference geometry, NOT event-year boundary equivalence. No parent substitution.",
E145::chennai,E145,2021-0722-IND,2021-11-06,Tamil Nadu,Chennai,district,FAO/GAUL/2015/level2,matched,70242.0,196.6308822101988,fs1-3016a20fd3ad,,,,,,,,
E145::coimbatore,E145,2021-0722-IND,2021-11-06,Tamil Nadu,Coimbatore,district,FAO/GAUL/2015/level2,matched,17867.0,7435.549976623285,fs1-3016a20fd3ad,,,,,,,,
E145::cuddalore,E145,2021-0722-IND,2021-11-06,Tamil Nadu,Cuddalore,district,FAO/GAUL/2015/level2,matched,70243.0,3834.148317022688,fs1-3016a20fd3ad,,,,,,,,
E145::dharmapuri,E145,2021-0722-IND,2021-11-06,Tamil Nadu,Dharmapuri,district,FAO/GAUL/2015/level2,matched,17868.0,9684.922166393157,fs1-3016a20fd3ad,,,,,,,,
E145::dindigul,E145,2021-0722-IND,2021-11-06,Tamil Nadu,Dindigul,district,FAO/GAUL/2015/level2,matched,17877.0,6081.469626741037,fs1-3016a20fd3ad,,,,,,,,
E145::erode,E145,2021-0722-IND,2021-11-06,Tamil Nadu,Erode,district,FAO/GAUL/2015/level2,matched,17875.0,8207.833450241802,fs1-3016a20fd3ad,,,,,,,,
E145::kallakurichi,E145,2021-0722-IND,2021-11-06,Tamil Nadu,Kallakurichi,district,geoBoundaries/gbOpen/IND/ADM2/2021@8bef6929fd65432e7dc775e7c44473e84efff064ebddbfd6b834e6291546db40,matched,76128533B19545859035458,3245.170359418769,fs1-3016a20fd3ad,,2021.0,exact_or_spacing,Kallakurichi,False,https://www.geoboundaries.org/api/current/gbOpen/IND/ADM2/,"District identity matched; 2021 reference geometry, NOT event-year boundary equivalence. No parent substitution.",
E145::kanchipuram,E145,2021-0722-IND,2021-11-06,Tamil Nadu,Kanchipuram,district,geoBoundaries/gbOpen/IND/ADM2/2021@8bef6929fd65432e7dc775e7c44473e84efff064ebddbfd6b834e6291546db40,matched,76128533B83644689337946,2731.115914393623,fs1-3016a20fd3ad,,2021.0,reviewed_alias,Kancheepuram,False,https://www.geoboundaries.org/api/current/gbOpen/IND/ADM2/,"District identity matched; 2021 reference geometry, NOT event-year boundary equivalence. No parent substitution.",
E145::kanyakumari,E145,2021-0722-IND,2021-11-06,Tamil Nadu,Kanyakumari,district,geoBoundaries/gbOpen/IND/ADM2/2021@8bef6929fd65432e7dc775e7c44473e84efff064ebddbfd6b834e6291546db40,matched,76128533B53796141759805,1731.6509313616805,fs1-3016a20fd3ad,,2021.0,census_label_alias,Kanniyakumari,False,https://censusindia.gov.in/nada/index.php/catalog/42557,"District identity matched; 2021 reference geometry, NOT event-year boundary equivalence. No parent substitution.",
E145::karur,E145,2021-0722-IND,2021-11-06,Tamil Nadu,Karur,district,FAO/GAUL/2015/level2,matched,70245.0,2900.724851309244,fs1-3016a20fd3ad,,,,,,,,
E145::krishnagiri,E145,2021-0722-IND,2021-11-06,Tamil Nadu,Krishnagiri,district,geoBoundaries/gbOpen/IND/ADM2/2021@8bef6929fd65432e7dc775e7c44473e84efff064ebddbfd6b834e6291546db40,matched,76128533B35717069663408,5026.624371104349,fs1-3016a20fd3ad,,2021.0,exact_or_spacing,Krishnagiri,False,https://www.geoboundaries.org/api/current/gbOpen/IND/ADM2/,"District identity matched; 2021 reference geometry, NOT event-year boundary equivalence. No parent substitution.",
E145::madurai,E145,2021-0722-IND,2021-11-06,Tamil Nadu,Madurai,district,FAO/GAUL/2015/level2,matched,70246.0,3702.726669804037,fs1-3016a20fd3ad,,,,,,,,
E145::mayiladuthurai,E145,2021-0722-IND,2021-11-06,Tamil Nadu,Mayiladuthurai,district,geoBoundaries/gbOpen/IND/ADM2/2021@8bef6929fd65432e7dc775e7c44473e84efff064ebddbfd6b834e6291546db40,matched,76128533B63176236753619,1174.077442614741,fs1-3016a20fd3ad,,2021.0,exact_or_spacing,Mayiladuthurai,False,https://www.geoboundaries.org/api/current/gbOpen/IND/ADM2/,"District identity matched; 2021 reference geometry, NOT event-year boundary equivalence. No parent substitution.",
E145::nagapattinam,E145,2021-0722-IND,2021-11-06,Tamil Nadu,Nagapattinam,district,FAO/GAUL/2015/level2,matched,70247.0,4937.704421608838,fs1-3016a20fd3ad,,,,,,,,
E145::namakkal,E145,2021-0722-IND,2021-11-06,Tamil Nadu,Namakkal,district,FAO/GAUL/2015/level2,matched,70248.0,3414.24793933839,fs1-3016a20fd3ad,,,,,,,,
E145::nilgiris,E145,2021-0722-IND,2021-11-06,Tamil Nadu,Nilgiris,district,FAO/GAUL/2015/level2,matched,17873.0,2556.29022980388,fs1-3016a20fd3ad,,,,,,,,
E145::perambalur,E145,2021-0722-IND,2021-11-06,Tamil Nadu,Perambalur,district,FAO/GAUL/2015/level2,matched,70249.0,1759.1102381935702,fs1-3016a20fd3ad,,,,,,,,
E145::pudukkottai,E145,2021-0722-IND,2021-11-06,Tamil Nadu,Pudukkottai,district,FAO/GAUL/2015/level2,matched,17876.0,4709.377629855288,fs1-3016a20fd3ad,,,,,,,,
E145::ramanathapuram,E145,2021-0722-IND,2021-11-06,Tamil Nadu,Ramanathapuram,district,FAO/GAUL/2015/level2,matched,17878.0,4278.157270652974,fs1-3016a20fd3ad,,,,,,,,
E145::ranipet,E145,2021-0722-IND,2021-11-06,Tamil Nadu,Ranipet,district,geoBoundaries/gbOpen/IND/ADM2/2021@8bef6929fd65432e7dc775e7c44473e84efff064ebddbfd6b834e6291546db40,matched,76128533B22687502928564,1986.629305567598,fs1-3016a20fd3ad,,2021.0,exact_or_spacing,Ranipet,False,https://www.geoboundaries.org/api/current/gbOpen/IND/ADM2/,"District identity matched; 2021 reference geometry, NOT event-year boundary equivalence. No parent substitution.",
E145::salem,E145,2021-0722-IND,2021-11-06,Tamil Nadu,Salem,district,FAO/GAUL/2015/level2,matched,17879.0,5230.961119330676,fs1-3016a20fd3ad,,,,,,,,
E145::sivagangai,E145,2021-0722-IND,2021-11-06,Tamil Nadu,Sivagangai,district,geoBoundaries/gbOpen/IND/ADM2/2021@8bef6929fd65432e7dc775e7c44473e84efff064ebddbfd6b834e6291546db40,matched,76128533B89925537847414,4280.53346902515,fs1-3016a20fd3ad,,2021.0,census_label_alias,Sivaganga,False,https://censusindia.gov.in/nada/index.php/catalog/42557,"District identity matched; 2021 reference geometry, NOT event-year boundary equivalence. No parent substitution.",
E145::tenkasi,E145,2021-0722-IND,2021-11-06,Tamil Nadu,Tenkasi,district,geoBoundaries/gbOpen/IND/ADM2/2021@8bef6929fd65432e7dc775e7c44473e84efff064ebddbfd6b834e6291546db40,matched,76128533B27604563137530,2880.477474023877,fs1-3016a20fd3ad,,2021.0,exact_or_spacing,Tenkasi,False,https://www.geoboundaries.org/api/current/gbOpen/IND/ADM2/,"District identity matched; 2021 reference geometry, NOT event-year boundary equivalence. No parent substitution.",
E145::thanjavur,E145,2021-0722-IND,2021-11-06,Tamil Nadu,Thanjavur,district,FAO/GAUL/2015/level2,matched,17881.0,3405.566823416965,fs1-3016a20fd3ad,,,,,,,,
E145::theni,E145,2021-0722-IND,2021-11-06,Tamil Nadu,Theni,district,FAO/GAUL/2015/level2,matched,70250.0,2856.8492311065897,fs1-3016a20fd3ad,,,,,,,,
E145::thoothukudi,E145,2021-0722-IND,2021-11-06,Tamil Nadu,Thoothukudi,district,FAO/GAUL/2015/level2,matched,17866.0,4753.760490296577,fs1-3016a20fd3ad,,,,,,,,
E145::tiruchirappalli,E145,2021-0722-IND,2021-11-06,Tamil Nadu,Tiruchirappalli,district,geoBoundaries/gbOpen/IND/ADM2/2021@8bef6929fd65432e7dc775e7c44473e84efff064ebddbfd6b834e6291546db40,matched,76128533B1645877589145,4524.2622324673775,fs1-3016a20fd3ad,,2021.0,exact_or_spacing,Tiruchirappalli,False,https://www.geoboundaries.org/api/current/gbOpen/IND/ADM2/,"District identity matched; 2021 reference geometry, NOT event-year boundary equivalence. No parent substitution.",
E145::tirunelveli,E145,2021-0722-IND,2021-11-06,Tamil Nadu,Tirunelveli,district,geoBoundaries/gbOpen/IND/ADM2/2021@8bef6929fd65432e7dc775e7c44473e84efff064ebddbfd6b834e6291546db40,matched,76128533B52639434516056,3791.340968942823,fs1-3016a20fd3ad,,2021.0,exact_or_spacing,Tirunelveli,False,https://www.geoboundaries.org/api/current/gbOpen/IND/ADM2/,"District identity matched; 2021 reference geometry, NOT event-year boundary equivalence. No parent substitution.",
E145::tirupattur,E145,2021-0722-IND,2021-11-06,Tamil Nadu,Tirupattur,district,geoBoundaries/gbOpen/IND/ADM2/2021@8bef6929fd65432e7dc775e7c44473e84efff064ebddbfd6b834e6291546db40,matched,76128533B11403491783632,1947.0368816738523,fs1-3016a20fd3ad,,2021.0,reviewed_alias,Tirupathur,False,https://www.geoboundaries.org/api/current/gbOpen/IND/ADM2/,"District identity matched; 2021 reference geometry, NOT event-year boundary equivalence. No parent substitution.",
E145::tiruvallur,E145,2021-0722-IND,2021-11-06,Tamil Nadu,Tiruvallur,district,geoBoundaries/gbOpen/IND/ADM2/2021@8bef6929fd65432e7dc775e7c44473e84efff064ebddbfd6b834e6291546db40,matched,76128533B45592431373253,3391.9537715379174,fs1-3016a20fd3ad,,2021.0,census_label_alias,Thiruvallur,False,https://censusindia.gov.in/nada/index.php/catalog/42557,"District identity matched; 2021 reference geometry, NOT event-year boundary equivalence. No parent substitution.",
E145::tiruvannamalai,E145,2021-0722-IND,2021-11-06,Tamil Nadu,Tiruvannamalai,district,FAO/GAUL/2015/level2,matched,70253.0,6207.479555086647,fs1-3016a20fd3ad,,,,,,,,
E145::tiruvarur,E145,2021-0722-IND,2021-11-06,Tamil Nadu,Tiruvarur,district,geoBoundaries/gbOpen/IND/ADM2/2021@8bef6929fd65432e7dc775e7c44473e84efff064ebddbfd6b834e6291546db40,matched,76128533B45072089356239,2285.385478948947,fs1-3016a20fd3ad,,2021.0,census_label_alias,Thiruvarur,False,https://censusindia.gov.in/nada/index.php/catalog/42557,"District identity matched; 2021 reference geometry, NOT event-year boundary equivalence. No parent substitution.",
E145::vellore,E145,2021-0722-IND,2021-11-06,Tamil Nadu,Vellore,district,FAO/GAUL/2015/level2,matched,70254.0,6090.809604094498,fs1-3016a20fd3ad,,,,,,,,
E145::villupuram,E145,2021-0722-IND,2021-11-06,Tamil Nadu,Villupuram,district,FAO/GAUL/2015/level2,matched,70255.0,7328.713531089985,fs1-3016a20fd3ad,,,,,,,,
E145::virudhunagar,E145,2021-0722-IND,2021-11-06,Tamil Nadu,Virudhunagar,district,FAO/GAUL/2015/level2,matched,17869.0,4306.978436820998,fs1-3016a20fd3ad,,,,,,,,
E146::anantapur,E146,2021-0748-IND,2021-11-18,Andhra Pradesh,Anantapur,district,FAO/GAUL/2015/level2,matched,17548.0,19296.69211755829,fs1-3016a20fd3ad,,,,,,,,
E146::chittoor,E146,2021-0748-IND,2021-11-18,Andhra Pradesh,Chittoor,district,FAO/GAUL/2015/level2,matched,17549.0,15225.848296260026,fs1-3016a20fd3ad,,,,,,,,
E146::nellore,E146,2021-0748-IND,2021-11-18,Andhra Pradesh,Nellore,district,FAO/GAUL/2015/level2,matched,17561.0,13465.479193999116,fs1-3016a20fd3ad,,,,,,,,
E146::ysr%20kadapa,E146,2021-0748-IND,2021-11-18,Andhra Pradesh,YSR Kadapa,district,geoBoundaries/gbOpen/IND/ADM2/2021@8bef6929fd65432e7dc775e7c44473e84efff064ebddbfd6b834e6291546db40,matched,76128533B72109128179340,15070.574780835612,fs1-3016a20fd3ad,,2021.0,reviewed_alias,Kadapa(YSR),False,https://www.geoboundaries.org/api/current/gbOpen/IND/ADM2/,"District identity matched; 2021 reference geometry, NOT event-year boundary equivalence. No parent substitution.",
E148::bajali,E148,2022-0293-IND,2022-05-17,Assam,Bajali,district,OpenStreetMap/snapshot/2026-09-12@8cb1b5a0d2a764b23e0ccb0417c0416f22a66ff04331c63ca1d37ef8cbb8cb01,matched,OSM:relation/16704179,413.0211318854061,fs1-3016a20fd3ad,,,reviewed_osm_district_lgd,Bajali,False,https://bajali.assam.gov.in/about-us/about-district,"OSM district relation with LGD code; present-day reference only, not event-year boundary equivalence. Published district area within 10%.",739.0
E148::baksa,E148,2022-0293-IND,2022-05-17,Assam,Baksa,district,geoBoundaries/gbOpen/IND/ADM2/2021@8bef6929fd65432e7dc775e7c44473e84efff064ebddbfd6b834e6291546db40,matched,76128533B8221925175605,2398.6209171216783,fs1-3016a20fd3ad,,2021.0,exact_or_spacing,Baksa,False,https://www.geoboundaries.org/api/current/gbOpen/IND/ADM2/,"District identity matched; 2021 reference geometry, NOT event-year boundary equivalence. No parent substitution.",
E148::barpeta,E148,2022-0293-IND,2022-05-17,Assam,Barpeta,district,FAO/GAUL/2015/level2,matched,17576.0,3253.622989828742,fs1-3016a20fd3ad,,,,,,,,
E148::biswanath,E148,2022-0293-IND,2022-05-17,Assam,Biswanath,district,geoBoundaries/gbOpen/IND/ADM2/2021@8bef6929fd65432e7dc775e7c44473e84efff064ebddbfd6b834e6291546db40,matched,76128533B40714385808093,1795.9804068303213,fs1-3016a20fd3ad,,2021.0,exact_or_spacing,Biswanath,False,https://www.geoboundaries.org/api/current/gbOpen/IND/ADM2/,"District identity matched; 2021 reference geometry, NOT event-year boundary equivalence. No parent substitution.",
E148::bongaigaon,E148,2022-0293-IND,2022-05-17,Assam,Bongaigaon,district,FAO/GAUL/2015/level2,matched,70086.0,2332.582799042809,fs1-3016a20fd3ad,,,,,,,,
E148::cachar,E148,2022-0293-IND,2022-05-17,Assam,Cachar,district,FAO/GAUL/2015/level2,matched,17577.0,3806.329961738336,fs1-3016a20fd3ad,,,,,,,,
E148::chirang,E148,2022-0293-IND,2022-05-17,Assam,Chirang,district,geoBoundaries/gbOpen/IND/ADM2/2021@8bef6929fd65432e7dc775e7c44473e84efff064ebddbfd6b834e6291546db40,matched,76128533B56012535339305,1586.6528982343095,fs1-3016a20fd3ad,,2021.0,exact_or_spacing,Chirang,False,https://www.geoboundaries.org/api/current/gbOpen/IND/ADM2/,"District identity matched; 2021 reference geometry, NOT event-year boundary equivalence. No parent substitution.",
E148::darrang,E148,2022-0293-IND,2022-05-17,Assam,Darrang,district,FAO/GAUL/2015/level2,matched,17578.0,3426.9679336953163,fs1-3016a20fd3ad,,,,,,,,
E148::dhemaji,E148,2022-0293-IND,2022-05-17,Assam,Dhemaji,district,FAO/GAUL/2015/level2,matched,70087.0,2503.3476339074205,fs1-3016a20fd3ad,,,,,,,,
E148::dhubri,E148,2022-0293-IND,2022-05-17,Assam,Dhubri,district,geoBoundaries/gbOpen/IND/ADM2/2021@8bef6929fd65432e7dc775e7c44473e84efff064ebddbfd6b834e6291546db40,matched,76128533B25835998628545,1790.280077462252,fs1-3016a20fd3ad,,2021.0,exact_or_spacing,Dhubri,False,https://www.geoboundaries.org/api/current/gbOpen/IND/ADM2/,"District identity matched; 2021 reference geometry, NOT event-year boundary equivalence. No parent substitution.",
E148::dibrugarh,E148,2022-0293-IND,2022-05-17,Assam,Dibrugarh,district,FAO/GAUL/2015/level2,matched,17580.0,3397.4818067287138,fs1-3016a20fd3ad,,,,,,,,
E148::dima%20hasao,E148,2022-0293-IND,2022-05-17,Assam,Dima Hasao,district,geoBoundaries/gbOpen/IND/ADM2/2021@8bef6929fd65432e7dc775e7c44473e84efff064ebddbfd6b834e6291546db40,matched,76128533B66125202864966,4914.108784116717,fs1-3016a20fd3ad,,2021.0,exact_or_spacing,Dima Hasao,False,https://www.geoboundaries.org/api/current/gbOpen/IND/ADM2/,"District identity matched; 2021 reference geometry, NOT event-year boundary equivalence. No parent substitution.",
E148::goalpara,E148,2022-0293-IND,2022-05-17,Assam,Goalpara,district,FAO/GAUL/2015/level2,matched,17581.0,1904.60564716237,fs1-3016a20fd3ad,,,,,,,,
E148::golaghat,E148,2022-0293-IND,2022-05-17,Assam,Golaghat,district,FAO/GAUL/2015/level2,matched,17582.0,3532.2679838886856,fs1-3016a20fd3ad,,,,,,,,
E148::hailakandi,E148,2022-0293-IND,2022-05-17,Assam,Hailakandi,district,FAO/GAUL/2015/level2,matched,70088.0,1336.4605858584375,fs1-3016a20fd3ad,,,,,,,,
E148::hojai,E148,2022-0293-IND,2022-05-17,Assam,Hojai,district,geoBoundaries/gbOpen/IND/ADM2/2021@8bef6929fd65432e7dc775e7c44473e84efff064ebddbfd6b834e6291546db40,matched,76128533B70315194619807,1456.4677644953886,fs1-3016a20fd3ad,,2021.0,exact_or_spacing,Hojai,False,https://www.geoboundaries.org/api/current/gbOpen/IND/ADM2/,"District identity matched; 2021 reference geometry, NOT event-year boundary equivalence. No parent substitution.",
E148::kamrup,E148,2022-0293-IND,2022-05-17,Assam,Kamrup,district,FAO/GAUL/2015/level2,matched,17583.0,4348.6225796054405,fs1-3016a20fd3ad,,,,,,,,
E148::kamrup%20metropolitan,E148,2022-0293-IND,2022-05-17,Assam,Kamrup Metropolitan,district,geoBoundaries/gbOpen/IND/ADM2/2021@8bef6929fd65432e7dc775e7c44473e84efff064ebddbfd6b834e6291546db40,matched,76128533B38230828972906,1131.541200086081,fs1-3016a20fd3ad,,2021.0,exact_or_spacing,Kamrup Metropolitan,False,https://www.geoboundaries.org/api/current/gbOpen/IND/ADM2/,"District identity matched; 2021 reference geometry, NOT event-year boundary equivalence. No parent substitution.",
E148::karimganj,E148,2022-0293-IND,2022-05-17,Assam,Karimganj,district,FAO/GAUL/2015/level2,matched,17585.0,1856.722473230466,fs1-3016a20fd3ad,,,,,,,,
E148::kokrajhar,E148,2022-0293-IND,2022-05-17,Assam,Kokrajhar,district,FAO/GAUL/2015/level2,matched,70090.0,3329.2233881813268,fs1-3016a20fd3ad,,,,,,,,
E148::lakhimpur,E148,2022-0293-IND,2022-05-17,Assam,Lakhimpur,district,FAO/GAUL/2015/level2,matched,70091.0,2886.5239581816727,fs1-3016a20fd3ad,,,,,,,,
E148::majuli,E148,2022-0293-IND,2022-05-17,Assam,Majuli,district,geoBoundaries/gbOpen/IND/ADM2/2021@8bef6929fd65432e7dc775e7c44473e84efff064ebddbfd6b834e6291546db40,matched,76128533B15157901669242,1250.5943287676694,fs1-3016a20fd3ad,,2021.0,exact_or_spacing,Majuli,False,https://www.geoboundaries.org/api/current/gbOpen/IND/ADM2/,"District identity matched; 2021 reference geometry, NOT event-year boundary equivalence. No parent substitution.",
E148::morigaon,E148,2022-0293-IND,2022-05-17,Assam,Morigaon,district,geoBoundaries/gbOpen/IND/ADM2/2021@8bef6929fd65432e7dc775e7c44473e84efff064ebddbfd6b834e6291546db40,matched,76128533B17968019348564,1508.3262903435707,fs1-3016a20fd3ad,,2021.0,exact_or_spacing,Morigaon,False,https://www.geoboundaries.org/api/current/gbOpen/IND/ADM2/,"District identity matched; 2021 reference geometry, NOT event-year boundary equivalence. No parent substitution.",
E148::nagaon,E148,2022-0293-IND,2022-05-17,Assam,Nagaon,district,FAO/GAUL/2015/level2,matched,17589.0,3997.4423095607103,fs1-3016a20fd3ad,,,,,,,,
E148::nalbari,E148,2022-0293-IND,2022-05-17,Assam,Nalbari,district,FAO/GAUL/2015/level2,matched,17590.0,2339.8796955273547,fs1-3016a20fd3ad,,,,,,,,
E148::sivasagar,E148,2022-0293-IND,2022-05-17,Assam,Sivasagar,district,geoBoundaries/gbOpen/IND/ADM2/2021@8bef6929fd65432e7dc775e7c44473e84efff064ebddbfd6b834e6291546db40,matched,76128533B21722277889516,1526.651765771626,fs1-3016a20fd3ad,,2021.0,exact_or_spacing,Sivasagar,False,https://www.geoboundaries.org/api/current/gbOpen/IND/ADM2/,"District identity matched; 2021 reference geometry, NOT event-year boundary equivalence. No parent substitution.",
E148::sonitpur,E148,2022-0293-IND,2022-05-17,Assam,Sonitpur,district,FAO/GAUL/2015/level2,matched,17593.0,4676.158375740257,fs1-3016a20fd3ad,,,,,,,,
E148::south%20salmara,E148,2022-0293-IND,2022-05-17,Assam,South Salmara,district,geoBoundaries/gbOpen/IND/ADM2/2021@8bef6929fd65432e7dc775e7c44473e84efff064ebddbfd6b834e6291546db40,matched,76128533B20298037622173,719.1856651342704,fs1-3016a20fd3ad,,2021.0,reviewed_alias,South Salmara-Mankachar,False,https://www.geoboundaries.org/api/current/gbOpen/IND/ADM2/,"District identity matched; 2021 reference geometry, NOT event-year boundary equivalence. No parent substitution.",
E148::tamulpur,E148,2022-0293-IND,2022-05-17,Assam,Tamulpur,district,OpenStreetMap/snapshot/2026-09-12@2d2926aa53838f0df6ee9b40c723eb2daf7a4bafbbf75528a64bd4c3eec49281,matched,OSM:relation/16702229,860.0009585836317,fs1-3016a20fd3ad,,,reviewed_osm_district_lgd,Tamulpur,False,https://www.kharithi.bodoland.gov.in/tamulpur,"OSM district relation with LGD code; present-day reference only, not event-year boundary equivalence. No authoritative area comparison available; lower confidence.",756.0
E148::tinsukia,E148,2022-0293-IND,2022-05-17,Assam,Tinsukia,district,FAO/GAUL/2015/level2,matched,70093.0,3799.190193815676,fs1-3016a20fd3ad,,,,,,,,
E148::udalguri,E148,2022-0293-IND,2022-05-17,Assam,Udalguri,district,geoBoundaries/gbOpen/IND/ADM2/2021@8bef6929fd65432e7dc775e7c44473e84efff064ebddbfd6b834e6291546db40,matched,76128533B20307518801538,2056.2913712488325,fs1-3016a20fd3ad,,2021.0,exact_or_spacing,Udalguri,False,https://www.geoboundaries.org/api/current/gbOpen/IND/ADM2/,"District identity matched; 2021 reference geometry, NOT event-year boundary equivalence. No parent substitution.",
E148::west%20karbi%20anglong,E148,2022-0293-IND,2022-05-17,Assam,West Karbi Anglong,district,geoBoundaries/gbOpen/IND/ADM2/2021@8bef6929fd65432e7dc775e7c44473e84efff064ebddbfd6b834e6291546db40,matched,76128533B57995625790051,3106.68686919722,fs1-3016a20fd3ad,,2021.0,reviewed_alias,Karbi Anglong West,False,https://www.geoboundaries.org/api/current/gbOpen/IND/ADM2/,"District identity matched; 2021 reference geometry, NOT event-year boundary equivalence. No parent substitution.",
E150::bharuch,E150,2022-0293-IND,2022-05-17,Gujarat,Bharuch,district,FAO/GAUL/2015/level2,matched,17638.0,5286.80850824333,fs1-3016a20fd3ad,,,,,,,,
E150::dang,E150,2022-0293-IND,2022-05-17,Gujarat,Dang,district,geoBoundaries/gbOpen/IND/ADM2/2021@8bef6929fd65432e7dc775e7c44473e84efff064ebddbfd6b834e6291546db40,matched,76128533B16271917438029,1729.7639971550238,fs1-3016a20fd3ad,,2021.0,reviewed_alias,The Dangs,False,https://www.geoboundaries.org/api/current/gbOpen/IND/ADM2/,"District identity matched; 2021 reference geometry, NOT event-year boundary equivalence. No parent substitution.",
E150::navsari,E150,2022-0293-IND,2022-05-17,Gujarat,Navsari,district,FAO/GAUL/2015/level2,matched,70127.0,2097.600482441035,fs1-3016a20fd3ad,,,,,,,,
E150::surat,E150,2022-0293-IND,2022-05-17,Gujarat,Surat,district,FAO/GAUL/2015/level2,matched,17649.0,7486.82173633887,fs1-3016a20fd3ad,,,,,,,,
E150::tapi,E150,2022-0293-IND,2022-05-17,Gujarat,Tapi,district,geoBoundaries/gbOpen/IND/ADM2/2021@8bef6929fd65432e7dc775e7c44473e84efff064ebddbfd6b834e6291546db40,matched,76128533B12519626815499,3222.2181213994645,fs1-3016a20fd3ad,,2021.0,exact_or_spacing,Tapi,False,https://www.geoboundaries.org/api/current/gbOpen/IND/ADM2/,"District identity matched; 2021 reference geometry, NOT event-year boundary equivalence. No parent substitution.",
E150::vadodara,E150,2022-0293-IND,2022-05-17,Gujarat,Vadodara,district,FAO/GAUL/2015/level2,matched,17652.0,7758.226506800483,fs1-3016a20fd3ad,,,,,,,,
E150::valsad,E150,2022-0293-IND,2022-05-17,Gujarat,Valsad,district,FAO/GAUL/2015/level2,matched,17653.0,3025.875446392478,fs1-3016a20fd3ad,,,,,,,,
E151::chamba,E151,2022-0293-IND,2022-05-17,Himachal Pradesh,Chamba,district,FAO/GAUL/2015/level2,matched,17667.0,6056.411356305338,fs1-3016a20fd3ad,,,,,,,,
E151::kangra,E151,2022-0293-IND,2022-05-17,Himachal Pradesh,Kangra,district,FAO/GAUL/2015/level2,matched,17669.0,5710.452547791486,fs1-3016a20fd3ad,,,,,,,,
E151::kullu,E151,2022-0293-IND,2022-05-17,Himachal Pradesh,Kullu,district,FAO/GAUL/2015/level2,matched,17671.0,5505.982355912866,fs1-3016a20fd3ad,,,,,,,,
E151::mandi,E151,2022-0293-IND,2022-05-17,Himachal Pradesh,Mandi,district,FAO/GAUL/2015/level2,matched,17673.0,3951.2717684747336,fs1-3016a20fd3ad,,,,,,,,
E152::narmadapuram,E152,2022-0293-IND,2022-05-17,Madhya Pradesh,Narmadapuram,district,geoBoundaries/gbOpen/IND/ADM2/2021@8bef6929fd65432e7dc775e7c44473e84efff064ebddbfd6b834e6291546db40,matched,76128533B45314020251888,6700.110425846857,fs1-3016a20fd3ad,,2021.0,reviewed_alias,Hoshangabad,False,https://narmadapuram.nic.in/en/notice/regarding-changing-the-name-of-hoshangabad-city-and-district-to-narmadapuram/,"District identity matched; 2021 reference geometry, NOT event-year boundary equivalence. No parent substitution.",
E152::raisen,E152,2022-0293-IND,2022-05-17,Madhya Pradesh,Raisen,district,FAO/GAUL/2015/level2,matched,17739.0,8515.574877211904,fs1-3016a20fd3ad,,,,,,,,
E153::bhandara,E153,2022-0293-IND,2022-05-17,Maharashtra,Bhandara,district,FAO/GAUL/2015/level2,matched,17761.0,4713.352518104012,fs1-3016a20fd3ad,,,,,,,,
E153::gadchiroli,E153,2022-0293-IND,2022-05-17,Maharashtra,Gadchiroli,district,geoBoundaries/gbOpen/IND/ADM2/2021@8bef6929fd65432e7dc775e7c44473e84efff064ebddbfd6b834e6291546db40,matched,76128533B36958871695926,14484.822963236316,fs1-3016a20fd3ad,,2021.0,exact_or_spacing,Gadchiroli,False,https://www.geoboundaries.org/api/current/gbOpen/IND/ADM2/,"District identity matched; 2021 reference geometry, NOT event-year boundary equivalence. No parent substitution.",
E153::kolhapur,E153,2022-0293-IND,2022-05-17,Maharashtra,Kolhapur,district,FAO/GAUL/2015/level2,matched,17769.0,7680.572392490604,fs1-3016a20fd3ad,,,,,,,,
E153::mumbai%20suburban,E153,2022-0293-IND,2022-05-17,Maharashtra,Mumbai Suburban,district,FAO/GAUL/2015/level2,matched,70183.0,409.3994670782586,fs1-3016a20fd3ad,,,,,,,,
E153::nandurbar,E153,2022-0293-IND,2022-05-17,Maharashtra,Nandurbar,district,FAO/GAUL/2015/level2,matched,70185.0,5947.719113281336,fs1-3016a20fd3ad,,,,,,,,
E154::east%20khasi%20hills,E154,2022-0293-IND,2022-05-17,Meghalaya,East Khasi Hills,district,FAO/GAUL/2015/level2,matched,17794.0,2889.6322510589234,fs1-3016a20fd3ad,,,,,,,,
E154::ri%20bhoi,E154,2022-0293-IND,2022-05-17,Meghalaya,Ri Bhoi,district,FAO/GAUL/2015/level2,matched,70197.0,2389.7308835163144,fs1-3016a20fd3ad,,,,,,,,
E156::chamba,E156,2022-0539-IND,2022-08-01,Himachal Pradesh,Chamba,district,FAO/GAUL/2015/level2,matched,17667.0,6056.411356305338,fs1-3016a20fd3ad,,,,,,,,
E156::kangra,E156,2022-0539-IND,2022-08-01,Himachal Pradesh,Kangra,district,FAO/GAUL/2015/level2,matched,17669.0,5710.452547791486,fs1-3016a20fd3ad,,,,,,,,
E156::mandi,E156,2022-0539-IND,2022-08-01,Himachal Pradesh,Mandi,district,FAO/GAUL/2015/level2,matched,17673.0,3951.2717684747336,fs1-3016a20fd3ad,,,,,,,,
E157::sahibganj,E157,2022-0539-IND,2022-08-01,Jharkhand,Sahibganj,district,FAO/GAUL/2015/level2,matched,70154.0,2203.455310809673,fs1-3016a20fd3ad,,,,,,,,
E158::dehradun,E158,2022-0539-IND,2022-08-01,Uttarakhand,Dehradun,district,FAO/GAUL/2015/level2,matched,17903.0,3070.1655325092884,fs1-3016a20fd3ad,,,,,,,,
E158::pauri%20garhwal,E158,2022-0539-IND,2022-08-01,Uttarakhand,Pauri Garhwal,district,FAO/GAUL/2015/level2,matched,17910.0,5461.918144346134,fs1-3016a20fd3ad,,,,,,,,
E158::rudraprayag,E158,2022-0539-IND,2022-08-01,Uttarakhand,Rudraprayag,district,FAO/GAUL/2015/level2,matched,70286.0,1215.2753847771737,fs1-3016a20fd3ad,,,,,,,,
E158::tehri%20garhwal,E158,2022-0539-IND,2022-08-01,Uttarakhand,Tehri Garhwal,district,FAO/GAUL/2015/level2,matched,70287.0,4393.487663681659,fs1-3016a20fd3ad,,,,,,,,
E158::uttarkashi,E158,2022-0539-IND,2022-08-01,Uttarakhand,Uttarkashi,district,FAO/GAUL/2015/level2,matched,70289.0,6642.1631687539975,fs1-3016a20fd3ad,,,,,,,,
E159::ayodhya,E159,2022-0590-IND,2022-09-18,Uttar Pradesh,Ayodhya,district,geoBoundaries/gbOpen/IND/ADM2/2021@8bef6929fd65432e7dc775e7c44473e84efff064ebddbfd6b834e6291546db40,matched,76128533B60320291189162,2675.800154387558,fs1-3016a20fd3ad,,2021.0,reviewed_alias,Faizabad,False,https://ayodhya.nic.in/,"District identity matched; 2021 reference geometry, NOT event-year boundary equivalence. No parent substitution.",
E159::azamgarh,E159,2022-0590-IND,2022-09-18,Uttar Pradesh,Azamgarh,district,FAO/GAUL/2015/level2,matched,17892.0,3904.0182560646062,fs1-3016a20fd3ad,,,,,,,,
E159::ballia,E159,2022-0590-IND,2022-09-18,Uttar Pradesh,Ballia,district,FAO/GAUL/2015/level2,matched,17894.0,3013.8054759791835,fs1-3016a20fd3ad,,,,,,,,
E159::barabanki,E159,2022-0590-IND,2022-09-18,Uttar Pradesh,Barabanki,district,FAO/GAUL/2015/level2,matched,17896.0,4440.0005417469865,fs1-3016a20fd3ad,,,,,,,,
E159::basti,E159,2022-0590-IND,2022-09-18,Uttar Pradesh,Basti,district,FAO/GAUL/2015/level2,matched,17898.0,2522.0744554746907,fs1-3016a20fd3ad,,,,,,,,
E159::budaun,E159,2022-0590-IND,2022-09-18,Uttar Pradesh,Budaun,district,geoBoundaries/gbOpen/IND/ADM2/2021@8bef6929fd65432e7dc775e7c44473e84efff064ebddbfd6b834e6291546db40,matched,76128533B84679668760735,4242.29880763651,fs1-3016a20fd3ad,,2021.0,exact_or_spacing,Budaun,False,https://www.geoboundaries.org/api/current/gbOpen/IND/ADM2/,"District identity matched; 2021 reference geometry, NOT event-year boundary equivalence. No parent substitution.",
E159::gonda,E159,2022-0590-IND,2022-09-18,Uttar Pradesh,Gonda,district,FAO/GAUL/2015/level2,matched,17913.0,4014.846082655345,fs1-3016a20fd3ad,,,,,,,,
E159::gorakhpur,E159,2022-0590-IND,2022-09-18,Uttar Pradesh,Gorakhpur,district,FAO/GAUL/2015/level2,matched,17914.0,3072.188964505668,fs1-3016a20fd3ad,,,,,,,,
E159::lakhimpur%20kheri,E159,2022-0590-IND,2022-09-18,Uttar Pradesh,Lakhimpur Kheri,district,FAO/GAUL/2015/level2,matched,17921.0,7708.742992388735,fs1-3016a20fd3ad,,,,,,,,
E159::sant%20kabir%20nagar,E159,2022-0590-IND,2022-09-18,Uttar Pradesh,Sant Kabir Nagar,district,FAO/GAUL/2015/level2,matched,70275.0,1329.179989070325,fs1-3016a20fd3ad,,,,,,,,
E159::sitapur,E159,2022-0590-IND,2022-09-18,Uttar Pradesh,Sitapur,district,FAO/GAUL/2015/level2,matched,17938.0,5789.793396469067,fs1-3016a20fd3ad,,,,,,,,
E160::bajali,E160,2023-0330-IND,2023-06-14,Assam,Bajali,district,OpenStreetMap/snapshot/2026-09-12@8cb1b5a0d2a764b23e0ccb0417c0416f22a66ff04331c63ca1d37ef8cbb8cb01,matched,OSM:relation/16704179,413.0211318853963,fs1-3016a20fd3ad,,,reviewed_osm_district_lgd,Bajali,False,https://bajali.assam.gov.in/about-us/about-district,"OSM district relation with LGD code; present-day reference only, not event-year boundary equivalence. Published district area within 10%.",739.0
E160::baksa,E160,2023-0330-IND,2023-06-14,Assam,Baksa,district,geoBoundaries/gbOpen/IND/ADM2/2021@8bef6929fd65432e7dc775e7c44473e84efff064ebddbfd6b834e6291546db40,matched,76128533B8221925175605,2398.6209171216783,fs1-3016a20fd3ad,,2021.0,exact_or_spacing,Baksa,False,https://www.geoboundaries.org/api/current/gbOpen/IND/ADM2/,"District identity matched; 2021 reference geometry, NOT event-year boundary equivalence. No parent substitution.",
E160::barpeta,E160,2023-0330-IND,2023-06-14,Assam,Barpeta,district,FAO/GAUL/2015/level2,matched,17576.0,3253.622989828742,fs1-3016a20fd3ad,,,,,,,,
E160::lakhimpur,E160,2023-0330-IND,2023-06-14,Assam,Lakhimpur,district,FAO/GAUL/2015/level2,matched,70091.0,2886.5239581816727,fs1-3016a20fd3ad,,,,,,,,
E160::nalbari,E160,2023-0330-IND,2023-06-14,Assam,Nalbari,district,FAO/GAUL/2015/level2,matched,17590.0,2339.8796955273547,fs1-3016a20fd3ad,,,,,,,,
E161::gyalshing,E161,2023-0330-IND,2023-06-14,Sikkim,Gyalshing,district,OpenStreetMap/snapshot/2026-09-12@4c6b96740d4de71be332d15042acbdd148b39a025a7b9dc6760dc0e9a01407e9,matched,OSM:relation/1790817,906.9378591920702,fs1-3016a20fd3ad,,,reviewed_osm_district_lgd,Gyalshing,False,https://rmdd.sikkim.gov.in/storage/notification/notificationdoc-3IkbsZRQgLX9S6qmWGPHYR7pDjBujD1iCaeVgcf3.pdf,"OSM district relation with LGD code; present-day reference only, not event-year boundary equivalence. Published district area within 10%.",228.0
E161::mangan,E161,2023-0330-IND,2023-06-14,Sikkim,Mangan,district,geoBoundaries/gbOpen/IND/ADM2/2021@8bef6929fd65432e7dc775e7c44473e84efff064ebddbfd6b834e6291546db40,matched,76128533B65820903826030,4277.456189628874,fs1-3016a20fd3ad,,2021.0,reviewed_alias,North District,False,https://sikkim.nic.in/district-centres/,"District identity matched; 2021 reference geometry, NOT event-year boundary equivalence. No parent substitution.",
E162::dhemaji,E162,2023-0428-IND,2023-06-25,Assam,Dhemaji,district,FAO/GAUL/2015/level2,matched,70087.0,2503.3476339074205,fs1-3016a20fd3ad,,,,,,,,
E162::lakhimpur,E162,2023-0428-IND,2023-06-25,Assam,Lakhimpur,district,FAO/GAUL/2015/level2,matched,70091.0,2886.5239581816727,fs1-3016a20fd3ad,,,,,,,,
E163::supaul,E163,2023-0428-IND,2023-06-25,Bihar,Supaul,district,FAO/GAUL/2015/level2,matched,70104.0,2399.2927702222696,fs1-3016a20fd3ad,,,,,,,,
E164::dhamtari,E164,2023-0428-IND,2023-06-25,Chhattisgarh,Dhamtari,district,FAO/GAUL/2015/level2,matched,70108.0,4074.566265206066,fs1-3016a20fd3ad,,,,,,,,
E164::gariaband,E164,2023-0428-IND,2023-06-25,Chhattisgarh,Gariaband,district,geoBoundaries/gbOpen/IND/ADM2/2021@8bef6929fd65432e7dc775e7c44473e84efff064ebddbfd6b834e6291546db40,matched,76128533B93063337202124,4884.817356965688,fs1-3016a20fd3ad,,2021.0,exact_or_spacing,Gariaband,False,https://www.geoboundaries.org/api/current/gbOpen/IND/ADM2/,"District identity matched; 2021 reference geometry, NOT event-year boundary equivalence. No parent substitution.",
E164::narayanpur,E164,2023-0428-IND,2023-06-25,Chhattisgarh,Narayanpur,district,geoBoundaries/gbOpen/IND/ADM2/2021@8bef6929fd65432e7dc775e7c44473e84efff064ebddbfd6b834e6291546db40,matched,76128533B89979485471283,3840.847589539658,fs1-3016a20fd3ad,,2021.0,exact_or_spacing,Narayanpur,False,https://www.geoboundaries.org/api/current/gbOpen/IND/ADM2/,"District identity matched; 2021 reference geometry, NOT event-year boundary equivalence. No parent substitution.",
E164::raipur,E164,2023-0428-IND,2023-06-25,Chhattisgarh,Raipur,district,FAO/GAUL/2015/level2,matched,70116.0,12483.455862122348,fs1-3016a20fd3ad,,,,,,,,
E165::central%20delhi,E165,2023-0428-IND,2023-06-25,Delhi,Central Delhi,district,geoBoundaries/gbOpen/IND/ADM2/2021@8bef6929fd65432e7dc775e7c44473e84efff064ebddbfd6b834e6291546db40,matched,76128533B19832024635761,75.4258124733981,fs1-3016a20fd3ad,,2021.0,reviewed_alias,Central,False,https://www.geoboundaries.org/api/current/gbOpen/IND/ADM2/,"District identity matched; 2021 reference geometry, NOT event-year boundary equivalence. No parent substitution.",
E165::east%20delhi,E165,2023-0428-IND,2023-06-25,Delhi,East Delhi,district,geoBoundaries/gbOpen/IND/ADM2/2021@8bef6929fd65432e7dc775e7c44473e84efff064ebddbfd6b834e6291546db40,matched,76128533B72485933575946,66.11030367841411,fs1-3016a20fd3ad,,2021.0,reviewed_alias,East,False,https://www.geoboundaries.org/api/current/gbOpen/IND/ADM2/,"District identity matched; 2021 reference geometry, NOT event-year boundary equivalence. No parent substitution.",
E165::north%20east%20delhi,E165,2023-0428-IND,2023-06-25,Delhi,North East Delhi,district,geoBoundaries/gbOpen/IND/ADM2/2021@8bef6929fd65432e7dc775e7c44473e84efff064ebddbfd6b834e6291546db40,matched,76128533B9976625304286,38.85904249874403,fs1-3016a20fd3ad,,2021.0,reviewed_alias,North East,False,https://www.geoboundaries.org/api/current/gbOpen/IND/ADM2/,"District identity matched; 2021 reference geometry, NOT event-year boundary equivalence. No parent substitution.",
E165::shahdara,E165,2023-0428-IND,2023-06-25,Delhi,Shahdara,district,geoBoundaries/gbOpen/IND/ADM2/2021@8bef6929fd65432e7dc775e7c44473e84efff064ebddbfd6b834e6291546db40,matched,76128533B81419063387740,26.658849212845475,fs1-3016a20fd3ad,,2021.0,exact_or_spacing,Shahdara,False,https://www.geoboundaries.org/api/current/gbOpen/IND/ADM2/,"District identity matched; 2021 reference geometry, NOT event-year boundary equivalence. No parent substitution.",
E166::bhavnagar,E166,2023-0428-IND,2023-06-25,Gujarat,Bhavnagar,district,FAO/GAUL/2015/level2,matched,17639.0,8098.916054779909,fs1-3016a20fd3ad,,,,,,,,
E166::chhota%20udaipur,E166,2023-0428-IND,2023-06-25,Gujarat,Chhota Udaipur,district,geoBoundaries/gbOpen/IND/ADM2/2021@8bef6929fd65432e7dc775e7c44473e84efff064ebddbfd6b834e6291546db40,matched,76128533B69417260894674,3474.2739370047093,fs1-3016a20fd3ad,,2021.0,exact_or_spacing,Chhota Udaipur,False,https://www.geoboundaries.org/api/current/gbOpen/IND/ADM2/,"District identity matched; 2021 reference geometry, NOT event-year boundary equivalence. No parent substitution.",
E166::dang,E166,2023-0428-IND,2023-06-25,Gujarat,Dang,district,geoBoundaries/gbOpen/IND/ADM2/2021@8bef6929fd65432e7dc775e7c44473e84efff064ebddbfd6b834e6291546db40,matched,76128533B16271917438029,1729.7639971550243,fs1-3016a20fd3ad,,2021.0,reviewed_alias,The Dangs,False,https://www.geoboundaries.org/api/current/gbOpen/IND/ADM2/,"District identity matched; 2021 reference geometry, NOT event-year boundary equivalence. No parent substitution.",
E166::navsari,E166,2023-0428-IND,2023-06-25,Gujarat,Navsari,district,FAO/GAUL/2015/level2,matched,70127.0,2097.600482441035,fs1-3016a20fd3ad,,,,,,,,
E166::surat,E166,2023-0428-IND,2023-06-25,Gujarat,Surat,district,FAO/GAUL/2015/level2,matched,17649.0,7486.82173633887,fs1-3016a20fd3ad,,,,,,,,
E166::tapi,E166,2023-0428-IND,2023-06-25,Gujarat,Tapi,district,geoBoundaries/gbOpen/IND/ADM2/2021@8bef6929fd65432e7dc775e7c44473e84efff064ebddbfd6b834e6291546db40,matched,76128533B12519626815499,3222.218121399561,fs1-3016a20fd3ad,,2021.0,exact_or_spacing,Tapi,False,https://www.geoboundaries.org/api/current/gbOpen/IND/ADM2/,"District identity matched; 2021 reference geometry, NOT event-year boundary equivalence. No parent substitution.",
E166::valsad,E166,2023-0428-IND,2023-06-25,Gujarat,Valsad,district,FAO/GAUL/2015/level2,matched,17653.0,3025.875446392478,fs1-3016a20fd3ad,,,,,,,,
E167::bilaspur,E167,2023-0428-IND,2023-06-25,Himachal Pradesh,Bilaspur,district,FAO/GAUL/2015/level2,matched,17666.0,1167.0529956737664,fs1-3016a20fd3ad,,,,,,,,
E167::chamba,E167,2023-0428-IND,2023-06-25,Himachal Pradesh,Chamba,district,FAO/GAUL/2015/level2,matched,17667.0,6056.411356305338,fs1-3016a20fd3ad,,,,,,,,
E167::hamirpur,E167,2023-0428-IND,2023-06-25,Himachal Pradesh,Hamirpur,district,FAO/GAUL/2015/level2,matched,17668.0,1122.326232597962,fs1-3016a20fd3ad,,,,,,,,
E167::kangra,E167,2023-0428-IND,2023-06-25,Himachal Pradesh,Kangra,district,FAO/GAUL/2015/level2,matched,17669.0,5710.452547791486,fs1-3016a20fd3ad,,,,,,,,
E167::mandi,E167,2023-0428-IND,2023-06-25,Himachal Pradesh,Mandi,district,FAO/GAUL/2015/level2,matched,17673.0,3951.2717684747336,fs1-3016a20fd3ad,,,,,,,,
E167::shimla,E167,2023-0428-IND,2023-06-25,Himachal Pradesh,Shimla,district,FAO/GAUL/2015/level2,matched,17674.0,5136.6062379686,fs1-3016a20fd3ad,,,,,,,,
E167::sirmaur,E167,2023-0428-IND,2023-06-25,Himachal Pradesh,Sirmaur,district,FAO/GAUL/2015/level2,matched,17675.0,2811.440665900108,fs1-3016a20fd3ad,,,,,,,,
E167::solan,E167,2023-0428-IND,2023-06-25,Himachal Pradesh,Solan,district,FAO/GAUL/2015/level2,matched,17676.0,1957.7422724549936,fs1-3016a20fd3ad,,,,,,,,
E168::belagavi,E168,2023-0428-IND,2023-06-25,Karnataka,Belagavi,district,geoBoundaries/gbOpen/IND/ADM2/2021@8bef6929fd65432e7dc775e7c44473e84efff064ebddbfd6b834e6291546db40,matched,76128533B74319098136622,13437.79374447446,fs1-3016a20fd3ad,,2021.0,census_label_alias,Belgaum,False,https://assets.publishing.service.gov.uk/media/5a7e0e2d40f0b62305b80813/Karnataka_State_India_Name_Changes_20141112.pdf,"District identity matched; 2021 reference geometry, NOT event-year boundary equivalence. No parent substitution.",
E168::chikkamagaluru,E168,2023-0428-IND,2023-06-25,Karnataka,Chikkamagaluru,district,geoBoundaries/gbOpen/IND/ADM2/2021@8bef6929fd65432e7dc775e7c44473e84efff064ebddbfd6b834e6291546db40,matched,76128533B15550697205080,6937.32502311172,fs1-3016a20fd3ad,,2021.0,census_label_alias,Chikmagalur,False,https://assets.publishing.service.gov.uk/media/5a7e0e2d40f0b62305b80813/Karnataka_State_India_Name_Changes_20141112.pdf,"District identity matched; 2021 reference geometry, NOT event-year boundary equivalence. No parent substitution.",
E168::shivamogga,E168,2023-0428-IND,2023-06-25,Karnataka,Shivamogga,district,geoBoundaries/gbOpen/IND/ADM2/2021@8bef6929fd65432e7dc775e7c44473e84efff064ebddbfd6b834e6291546db40,matched,76128533B85389886560116,8475.375992281286,fs1-3016a20fd3ad,,2021.0,census_label_alias,Shimoga,False,https://assets.publishing.service.gov.uk/media/5a7e0e2d40f0b62305b80813/Karnataka_State_India_Name_Changes_20141112.pdf,"District identity matched; 2021 reference geometry, NOT event-year boundary equivalence. No parent substitution.",
E168::uttara%20kannada,E168,2023-0428-IND,2023-06-25,Karnataka,Uttara Kannada,district,geoBoundaries/gbOpen/IND/ADM2/2021@8bef6929fd65432e7dc775e7c44473e84efff064ebddbfd6b834e6291546db40,matched,76128533B79180273895456,10404.181767075685,fs1-3016a20fd3ad,,2021.0,exact_or_spacing,Uttara Kannada,False,https://www.geoboundaries.org/api/current/gbOpen/IND/ADM2/,"District identity matched; 2021 reference geometry, NOT event-year boundary equivalence. No parent substitution.",
E169::alirajpur,E169,2023-0428-IND,2023-06-25,Madhya Pradesh,Alirajpur,district,geoBoundaries/gbOpen/IND/ADM2/2021@8bef6929fd65432e7dc775e7c44473e84efff064ebddbfd6b834e6291546db40,matched,76128533B35167844027544,3328.147125634296,fs1-3016a20fd3ad,,2021.0,exact_or_spacing,Alirajpur,False,https://www.geoboundaries.org/api/current/gbOpen/IND/ADM2/,"District identity matched; 2021 reference geometry, NOT event-year boundary equivalence. No parent substitution.",
E169::balaghat,E169,2023-0428-IND,2023-06-25,Madhya Pradesh,Balaghat,district,FAO/GAUL/2015/level2,matched,17712.0,9273.202911700502,fs1-3016a20fd3ad,,,,,,,,
E169::betul,E169,2023-0428-IND,2023-06-25,Madhya Pradesh,Betul,district,FAO/GAUL/2015/level2,matched,17714.0,10094.739119322416,fs1-3016a20fd3ad,,,,,,,,
E169::dewas,E169,2023-0428-IND,2023-06-25,Madhya Pradesh,Dewas,district,FAO/GAUL/2015/level2,matched,17722.0,6974.172329238148,fs1-3016a20fd3ad,,,,,,,,
E169::narmadapuram,E169,2023-0428-IND,2023-06-25,Madhya Pradesh,Narmadapuram,district,geoBoundaries/gbOpen/IND/ADM2/2021@8bef6929fd65432e7dc775e7c44473e84efff064ebddbfd6b834e6291546db40,matched,76128533B45314020251888,6700.110425846931,fs1-3016a20fd3ad,,2021.0,reviewed_alias,Hoshangabad,False,https://narmadapuram.nic.in/en/notice/regarding-changing-the-name-of-hoshangabad-city-and-district-to-narmadapuram/,"District identity matched; 2021 reference geometry, NOT event-year boundary equivalence. No parent substitution.",
E169::raisen,E169,2023-0428-IND,2023-06-25,Madhya Pradesh,Raisen,district,FAO/GAUL/2015/level2,matched,17739.0,8515.574877211904,fs1-3016a20fd3ad,,,,,,,,
E169::sagar,E169,2023-0428-IND,2023-06-25,Madhya Pradesh,Sagar,district,FAO/GAUL/2015/level2,matched,17744.0,10275.828536821178,fs1-3016a20fd3ad,,,,,,,,
E170::amravati,E170,2023-0428-IND,2023-06-25,Maharashtra,Amravati,district,FAO/GAUL/2015/level2,matched,17759.0,12219.234057356958,fs1-3016a20fd3ad,,,,,,,,
E170::beed,E170,2023-0428-IND,2023-06-25,Maharashtra,Beed,district,geoBoundaries/gbOpen/IND/ADM2/2021@8bef6929fd65432e7dc775e7c44473e84efff064ebddbfd6b834e6291546db40,matched,76128533B5215906594478,10598.453108887354,fs1-3016a20fd3ad,,2021.0,census_label_alias,Bid,False,https://censusindia.gov.in/nada/index.php/catalog/42557,"District identity matched; 2021 reference geometry, NOT event-year boundary equivalence. No parent substitution.",
E170::chandrapur,E170,2023-0428-IND,2023-06-25,Maharashtra,Chandrapur,district,FAO/GAUL/2015/level2,matched,17763.0,11341.418798804118,fs1-3016a20fd3ad,,,,,,,,
E170::gondia,E170,2023-0428-IND,2023-06-25,Maharashtra,Gondia,district,geoBoundaries/gbOpen/IND/ADM2/2021@8bef6929fd65432e7dc775e7c44473e84efff064ebddbfd6b834e6291546db40,matched,76128533B76286653784168,5163.895494674012,fs1-3016a20fd3ad,,2021.0,census_label_alias,Gondiya,False,https://censusindia.gov.in/nada/index.php/catalog/42557,"District identity matched; 2021 reference geometry, NOT event-year boundary equivalence. No parent substitution.",
E170::hingoli,E170,2023-0428-IND,2023-06-25,Maharashtra,Hingoli,district,FAO/GAUL/2015/level2,matched,70181.0,4699.451157302487,fs1-3016a20fd3ad,,,,,,,,
E170::kolhapur,E170,2023-0428-IND,2023-06-25,Maharashtra,Kolhapur,district,FAO/GAUL/2015/level2,matched,17769.0,7680.572392490604,fs1-3016a20fd3ad,,,,,,,,
E170::latur,E170,2023-0428-IND,2023-06-25,Maharashtra,Latur,district,FAO/GAUL/2015/level2,matched,17770.0,7256.020203028519,fs1-3016a20fd3ad,,,,,,,,
E170::mumbai%20city,E170,2023-0428-IND,2023-06-25,Maharashtra,Mumbai City,district,FAO/GAUL/2015/level2,matched,70184.0,77.22400864672608,fs1-3016a20fd3ad,,,,,,,,
E170::mumbai%20suburban,E170,2023-0428-IND,2023-06-25,Maharashtra,Mumbai Suburban,district,FAO/GAUL/2015/level2,matched,70183.0,409.3994670782586,fs1-3016a20fd3ad,,,,,,,,
E170::nagpur,E170,2023-0428-IND,2023-06-25,Maharashtra,Nagpur,district,FAO/GAUL/2015/level2,matched,17771.0,9953.45883218179,fs1-3016a20fd3ad,,,,,,,,
E170::nanded,E170,2023-0428-IND,2023-06-25,Maharashtra,Nanded,district,FAO/GAUL/2015/level2,matched,17772.0,10620.660986533989,fs1-3016a20fd3ad,,,,,,,,
E170::nandurbar,E170,2023-0428-IND,2023-06-25,Maharashtra,Nandurbar,district,FAO/GAUL/2015/level2,matched,70185.0,5947.719113281336,fs1-3016a20fd3ad,,,,,,,,
E170::nashik,E170,2023-0428-IND,2023-06-25,Maharashtra,Nashik,district,FAO/GAUL/2015/level2,matched,17773.0,15554.167322451072,fs1-3016a20fd3ad,,,,,,,,
E170::palghar,E170,2023-0428-IND,2023-06-25,Maharashtra,Palghar,district,geoBoundaries/gbOpen/IND/ADM2/2021@8bef6929fd65432e7dc775e7c44473e84efff064ebddbfd6b834e6291546db40,matched,76128533B37148244536449,5355.281971404182,fs1-3016a20fd3ad,,2021.0,exact_or_spacing,Palghar,False,https://www.geoboundaries.org/api/current/gbOpen/IND/ADM2/,"District identity matched; 2021 reference geometry, NOT event-year boundary equivalence. No parent substitution.",
E170::pune,E170,2023-0428-IND,2023-06-25,Maharashtra,Pune,district,FAO/GAUL/2015/level2,matched,17776.0,15649.899791716924,fs1-3016a20fd3ad,,,,,,,,
E170::raigad,E170,2023-0428-IND,2023-06-25,Maharashtra,Raigad,district,geoBoundaries/gbOpen/IND/ADM2/2021@8bef6929fd65432e7dc775e7c44473e84efff064ebddbfd6b834e6291546db40,matched,76128533B99895802074414,6987.901171136008,fs1-3016a20fd3ad,,2021.0,census_label_alias,Raigarh,False,https://censusindia.gov.in/nada/index.php/catalog/42557,"District identity matched; 2021 reference geometry, NOT event-year boundary equivalence. No parent substitution.",
E170::ratnagiri,E170,2023-0428-IND,2023-06-25,Maharashtra,Ratnagiri,district,FAO/GAUL/2015/level2,matched,17778.0,8501.126377449938,fs1-3016a20fd3ad,,,,,,,,
E170::satara,E170,2023-0428-IND,2023-06-25,Maharashtra,Satara,district,FAO/GAUL/2015/level2,matched,17781.0,10502.605850168617,fs1-3016a20fd3ad,,,,,,,,
E170::sindhudurg,E170,2023-0428-IND,2023-06-25,Maharashtra,Sindhudurg,district,FAO/GAUL/2015/level2,matched,17779.0,5174.499083363021,fs1-3016a20fd3ad,,,,,,,,
E170::thane,E170,2023-0428-IND,2023-06-25,Maharashtra,Thane,district,FAO/GAUL/2015/level2,matched,17783.0,9454.897228160951,fs1-3016a20fd3ad,,,,,,,,
E170::yavatmal,E170,2023-0428-IND,2023-06-25,Maharashtra,Yavatmal,district,FAO/GAUL/2015/level2,matched,17785.0,13565.870768873778,fs1-3016a20fd3ad,,,,,,,,
E171::fazilka,E171,2023-0428-IND,2023-06-25,Punjab,Fazilka,district,geoBoundaries/gbOpen/IND/ADM2/2021@8bef6929fd65432e7dc775e7c44473e84efff064ebddbfd6b834e6291546db40,matched,76128533B7291413308870,3260.9663717370954,fs1-3016a20fd3ad,,2021.0,exact_or_spacing,Fazilka,False,https://www.geoboundaries.org/api/current/gbOpen/IND/ADM2/,"District identity matched; 2021 reference geometry, NOT event-year boundary equivalence. No parent substitution.",
E171::firozpur,E171,2023-0428-IND,2023-06-25,Punjab,Firozpur,district,FAO/GAUL/2015/level2,matched,17825.0,5185.395439607114,fs1-3016a20fd3ad,,,,,,,,
E171::gurdaspur,E171,2023-0428-IND,2023-06-25,Punjab,Gurdaspur,district,FAO/GAUL/2015/level2,matched,17826.0,3507.09272056944,fs1-3016a20fd3ad,,,,,,,,
E171::kapurthala,E171,2023-0428-IND,2023-06-25,Punjab,Kapurthala,district,FAO/GAUL/2015/level2,matched,17829.0,1659.308150376237,fs1-3016a20fd3ad,,,,,,,,
E171::mansa,E171,2023-0428-IND,2023-06-25,Punjab,Mansa,district,FAO/GAUL/2015/level2,matched,70232.0,2209.549070653662,fs1-3016a20fd3ad,,,,,,,,
E171::rupnagar,E171,2023-0428-IND,2023-06-25,Punjab,Rupnagar,district,FAO/GAUL/2015/level2,matched,17832.0,2095.7343025165355,fs1-3016a20fd3ad,,,,,,,,
E171::tarn%20taran,E171,2023-0428-IND,2023-06-25,Punjab,Tarn Taran,district,geoBoundaries/gbOpen/IND/ADM2/2021@8bef6929fd65432e7dc775e7c44473e84efff064ebddbfd6b834e6291546db40,matched,76128533B54652028494758,2426.872858514094,fs1-3016a20fd3ad,,2021.0,exact_or_spacing,Tarn Taran,False,https://www.geoboundaries.org/api/current/gbOpen/IND/ADM2/,"District identity matched; 2021 reference geometry, NOT event-year boundary equivalence. No parent substitution.",
E172::bageshwar,E172,2023-0428-IND,2023-06-25,Uttarakhand,Bageshwar,district,FAO/GAUL/2015/level2,matched,70281.0,2283.823715697251,fs1-3016a20fd3ad,,,,,,,,
E172::champawat,E172,2023-0428-IND,2023-06-25,Uttarakhand,Champawat,district,FAO/GAUL/2015/level2,matched,70283.0,1688.3763040453146,fs1-3016a20fd3ad,,,,,,,,
E172::dehradun,E172,2023-0428-IND,2023-06-25,Uttarakhand,Dehradun,district,FAO/GAUL/2015/level2,matched,17903.0,3070.1655325092884,fs1-3016a20fd3ad,,,,,,,,
E172::pauri%20garhwal,E172,2023-0428-IND,2023-06-25,Uttarakhand,Pauri Garhwal,district,FAO/GAUL/2015/level2,matched,17910.0,5461.918144346134,fs1-3016a20fd3ad,,,,,,,,
E172::pithoragarh,E172,2023-0428-IND,2023-06-25,Uttarakhand,Pithoragarh,district,FAO/GAUL/2015/level2,matched,17932.0,7209.480621522472,fs1-3016a20fd3ad,,,,,,,,
E172::tehri%20garhwal,E172,2023-0428-IND,2023-06-25,Uttarakhand,Tehri Garhwal,district,FAO/GAUL/2015/level2,matched,70287.0,4393.487663681659,fs1-3016a20fd3ad,,,,,,,,
E172::udham%20singh%20nagar,E172,2023-0428-IND,2023-06-25,Uttarakhand,Udham Singh Nagar,district,FAO/GAUL/2015/level2,matched,70288.0,2869.388323442663,fs1-3016a20fd3ad,,,,,,,,
E173::central%20delhi,E173,2023-0359-IND,2023-06-26,Delhi,Central Delhi,district,geoBoundaries/gbOpen/IND/ADM2/2021@8bef6929fd65432e7dc775e7c44473e84efff064ebddbfd6b834e6291546db40,matched,76128533B19832024635761,75.42581247339129,fs1-3016a20fd3ad,,2021.0,reviewed_alias,Central,False,https://www.geoboundaries.org/api/current/gbOpen/IND/ADM2/,"District identity matched; 2021 reference geometry, NOT event-year boundary equivalence. No parent substitution.",
E173::east%20delhi,E173,2023-0359-IND,2023-06-26,Delhi,East Delhi,district,geoBoundaries/gbOpen/IND/ADM2/2021@8bef6929fd65432e7dc775e7c44473e84efff064ebddbfd6b834e6291546db40,matched,76128533B72485933575946,66.11030367841411,fs1-3016a20fd3ad,,2021.0,reviewed_alias,East,False,https://www.geoboundaries.org/api/current/gbOpen/IND/ADM2/,"District identity matched; 2021 reference geometry, NOT event-year boundary equivalence. No parent substitution.",
E173::north%20east%20delhi,E173,2023-0359-IND,2023-06-26,Delhi,North East Delhi,district,geoBoundaries/gbOpen/IND/ADM2/2021@8bef6929fd65432e7dc775e7c44473e84efff064ebddbfd6b834e6291546db40,matched,76128533B9976625304286,38.8590424987533,fs1-3016a20fd3ad,,2021.0,reviewed_alias,North East,False,https://www.geoboundaries.org/api/current/gbOpen/IND/ADM2/,"District identity matched; 2021 reference geometry, NOT event-year boundary equivalence. No parent substitution.",
E173::shahdara,E173,2023-0359-IND,2023-06-26,Delhi,Shahdara,district,geoBoundaries/gbOpen/IND/ADM2/2021@8bef6929fd65432e7dc775e7c44473e84efff064ebddbfd6b834e6291546db40,matched,76128533B81419063387740,26.658849212845475,fs1-3016a20fd3ad,,2021.0,exact_or_spacing,Shahdara,False,https://www.geoboundaries.org/api/current/gbOpen/IND/ADM2/,"District identity matched; 2021 reference geometry, NOT event-year boundary equivalence. No parent substitution.",
E174::ambala,E174,2023-0359-IND,2023-06-26,Haryana,Ambala,district,FAO/GAUL/2015/level2,matched,17654.0,1754.8220982240537,fs1-3016a20fd3ad,,,,,,,,
E174::faridabad,E174,2023-0359-IND,2023-06-26,Haryana,Faridabad,district,FAO/GAUL/2015/level2,matched,70131.0,2165.3468184420803,fs1-3016a20fd3ad,,,,,,,,
E174::fatehabad,E174,2023-0359-IND,2023-06-26,Haryana,Fatehabad,district,FAO/GAUL/2015/level2,matched,70132.0,2402.682593892363,fs1-3016a20fd3ad,,,,,,,,
E174::kaithal,E174,2023-0359-IND,2023-06-26,Haryana,Kaithal,district,FAO/GAUL/2015/level2,matched,70134.0,2303.1655202632046,fs1-3016a20fd3ad,,,,,,,,
E174::karnal,E174,2023-0359-IND,2023-06-26,Haryana,Karnal,district,FAO/GAUL/2015/level2,matched,17660.0,2587.709213685723,fs1-3016a20fd3ad,,,,,,,,
E174::kurukshetra,E174,2023-0359-IND,2023-06-26,Haryana,Kurukshetra,district,FAO/GAUL/2015/level2,matched,17661.0,1838.022753083565,fs1-3016a20fd3ad,,,,,,,,
E174::palwal,E174,2023-0359-IND,2023-06-26,Haryana,Palwal,district,geoBoundaries/gbOpen/IND/ADM2/2021@8bef6929fd65432e7dc775e7c44473e84efff064ebddbfd6b834e6291546db40,matched,76128533B71088079535368,1346.920657107067,fs1-3016a20fd3ad,,2021.0,exact_or_spacing,Palwal,False,https://www.geoboundaries.org/api/current/gbOpen/IND/ADM2/,"District identity matched; 2021 reference geometry, NOT event-year boundary equivalence. No parent substitution.",
E174::panchkula,E174,2023-0359-IND,2023-06-26,Haryana,Panchkula,district,FAO/GAUL/2015/level2,matched,70135.0,738.5529941627982,fs1-3016a20fd3ad,,,,,,,,
E174::panipat,E174,2023-0359-IND,2023-06-26,Haryana,Panipat,district,FAO/GAUL/2015/level2,matched,70136.0,1226.2433904646914,fs1-3016a20fd3ad,,,,,,,,
E174::sirsa,E174,2023-0359-IND,2023-06-26,Haryana,Sirsa,district,FAO/GAUL/2015/level2,matched,17664.0,4236.29365519208,fs1-3016a20fd3ad,,,,,,,,
E174::sonipat,E174,2023-0359-IND,2023-06-26,Haryana,Sonipat,district,geoBoundaries/gbOpen/IND/ADM2/2021@8bef6929fd65432e7dc775e7c44473e84efff064ebddbfd6b834e6291546db40,matched,76128533B69536039643660,2105.149168379413,fs1-3016a20fd3ad,,2021.0,exact_or_spacing,Sonipat,False,https://www.geoboundaries.org/api/current/gbOpen/IND/ADM2/,"District identity matched; 2021 reference geometry, NOT event-year boundary equivalence. No parent substitution.",
E174::yamunanagar,E174,2023-0359-IND,2023-06-26,Haryana,Yamunanagar,district,FAO/GAUL/2015/level2,matched,70138.0,1306.606219119248,fs1-3016a20fd3ad,,,,,,,,
E175::hamirpur,E175,2023-0359-IND,2023-06-26,Himachal Pradesh,Hamirpur,district,FAO/GAUL/2015/level2,matched,17668.0,1122.326232597962,fs1-3016a20fd3ad,,,,,,,,
E175::mandi,E175,2023-0359-IND,2023-06-26,Himachal Pradesh,Mandi,district,FAO/GAUL/2015/level2,matched,17673.0,3951.2717684747336,fs1-3016a20fd3ad,,,,,,,,
E175::solan,E175,2023-0359-IND,2023-06-26,Himachal Pradesh,Solan,district,FAO/GAUL/2015/level2,matched,17676.0,1957.7422724549936,fs1-3016a20fd3ad,,,,,,,,
E176::faridkot,E176,2023-0359-IND,2023-06-26,Punjab,Faridkot,district,FAO/GAUL/2015/level2,matched,70230.0,1449.1523634868656,fs1-3016a20fd3ad,,,,,,,,
E176::fatehgarh%20sahib,E176,2023-0359-IND,2023-06-26,Punjab,Fatehgarh Sahib,district,FAO/GAUL/2015/level2,matched,70231.0,1174.4102610014374,fs1-3016a20fd3ad,,,,,,,,
E176::firozpur,E176,2023-0359-IND,2023-06-26,Punjab,Firozpur,district,FAO/GAUL/2015/level2,matched,17825.0,5185.395439607114,fs1-3016a20fd3ad,,,,,,,,
E176::hoshiarpur,E176,2023-0359-IND,2023-06-26,Punjab,Hoshiarpur,district,FAO/GAUL/2015/level2,matched,17827.0,3362.8966396342144,fs1-3016a20fd3ad,,,,,,,,
E176::jalandhar,E176,2023-0359-IND,2023-06-26,Punjab,Jalandhar,district,FAO/GAUL/2015/level2,matched,17828.0,2605.0531477191817,fs1-3016a20fd3ad,,,,,,,,
E176::ludhiana,E176,2023-0359-IND,2023-06-26,Punjab,Ludhiana,district,FAO/GAUL/2015/level2,matched,17830.0,3573.10781793918,fs1-3016a20fd3ad,,,,,,,,
E176::moga,E176,2023-0359-IND,2023-06-26,Punjab,Moga,district,FAO/GAUL/2015/level2,matched,70233.0,2304.7121791107,fs1-3016a20fd3ad,,,,,,,,
E176::pathankot,E176,2023-0359-IND,2023-06-26,Punjab,Pathankot,district,geoBoundaries/gbOpen/IND/ADM2/2021@8bef6929fd65432e7dc775e7c44473e84efff064ebddbfd6b834e6291546db40,matched,76128533B19630094725383,999.949013574026,fs1-3016a20fd3ad,,2021.0,exact_or_spacing,Pathankot,False,https://www.geoboundaries.org/api/current/gbOpen/IND/ADM2/,"District identity matched; 2021 reference geometry, NOT event-year boundary equivalence. No parent substitution.",
E176::patiala,E176,2023-0359-IND,2023-06-26,Punjab,Patiala,district,FAO/GAUL/2015/level2,matched,17831.0,3716.087632293798,fs1-3016a20fd3ad,,,,,,,,
E176::rupnagar,E176,2023-0359-IND,2023-06-26,Punjab,Rupnagar,district,FAO/GAUL/2015/level2,matched,17832.0,2095.7343025165355,fs1-3016a20fd3ad,,,,,,,,
E176::sas%20nagar,E176,2023-0359-IND,2023-06-26,Punjab,SAS Nagar,district,geoBoundaries/gbOpen/IND/ADM2/2021@8bef6929fd65432e7dc775e7c44473e84efff064ebddbfd6b834e6291546db40,matched,76128533B12197302963241,1101.7298561292196,fs1-3016a20fd3ad,,2021.0,census_label_alias,Sahibzada Ajit Singh Nagar,False,https://censusindia.gov.in/nada/index.php/catalog/42557,"District identity matched; 2021 reference geometry, NOT event-year boundary equivalence. No parent substitution.",
E176::sbs%20nagar,E176,2023-0359-IND,2023-06-26,Punjab,SBS Nagar,district,geoBoundaries/gbOpen/IND/ADM2/2021@8bef6929fd65432e7dc775e7c44473e84efff064ebddbfd6b834e6291546db40,matched,76128533B14984770113274,1278.3239705605308,fs1-3016a20fd3ad,,2021.0,census_label_alias,Shahid Bhagat Singh Nagar,False,https://censusindia.gov.in/nada/index.php/catalog/42557,"District identity matched; 2021 reference geometry, NOT event-year boundary equivalence. No parent substitution.",
E176::sangrur,E176,2023-0359-IND,2023-06-26,Punjab,Sangrur,district,FAO/GAUL/2015/level2,matched,17833.0,5091.276351954565,fs1-3016a20fd3ad,,,,,,,,
E176::tarn%20taran,E176,2023-0359-IND,2023-06-26,Punjab,Tarn Taran,district,geoBoundaries/gbOpen/IND/ADM2/2021@8bef6929fd65432e7dc775e7c44473e84efff064ebddbfd6b834e6291546db40,matched,76128533B54652028494758,2426.872858514094,fs1-3016a20fd3ad,,2021.0,exact_or_spacing,Tarn Taran,False,https://www.geoboundaries.org/api/current/gbOpen/IND/ADM2/,"District identity matched; 2021 reference geometry, NOT event-year boundary equivalence. No parent substitution.",
E177::haridwar,E177,2023-0359-IND,2023-06-26,Uttarakhand,Haridwar,district,FAO/GAUL/2015/level2,matched,70284.0,2388.487173667367,fs1-3016a20fd3ad,,,,,,,,
E178::bhadradri%20kothagudem,E178,2023-0486-IND,2023-07-27,Telangana,Bhadradri Kothagudem,district,OpenStreetMap/snapshot/2026-09-12@a376d0c370782c7f65739f2dd49bf760717e36be549f615d7a9cda6d4dafb3bf,matched,OSM:relation/7698599,7117.081054504196,fs1-3016a20fd3ad,,,reviewed_osm_district_lgd,Bhadradri Kothagudem,False,https://kothagudem.telangana.gov.in/demography/,"OSM district relation with LGD code; present-day reference only, not event-year boundary equivalence. Published district area within 10%.",690.0
E178::jayashankar%20bhupalpally,E178,2023-0486-IND,2023-07-27,Telangana,Jayashankar Bhupalpally,district,geoBoundaries/gbOpen/IND/ADM2/2021@8bef6929fd65432e7dc775e7c44473e84efff064ebddbfd6b834e6291546db40,matched,76128533B60322704115131,2881.8116820895457,fs1-3016a20fd3ad,,2021.0,reviewed_alias,Jayashankar,False,https://www.geoboundaries.org/api/current/gbOpen/IND/ADM2/,"District identity matched; 2021 reference geometry, NOT event-year boundary equivalence. No parent substitution.",
E178::mancherial,E178,2023-0486-IND,2023-07-27,Telangana,Mancherial,district,geoBoundaries/gbOpen/IND/ADM2/2021@8bef6929fd65432e7dc775e7c44473e84efff064ebddbfd6b834e6291546db40,matched,76128533B53018054761164,3766.351512701602,fs1-3016a20fd3ad,,2021.0,exact_or_spacing,Mancherial,False,https://www.geoboundaries.org/api/current/gbOpen/IND/ADM2/,"District identity matched; 2021 reference geometry, NOT event-year boundary equivalence. No parent substitution.",
E178::mulugu,E178,2023-0486-IND,2023-07-27,Telangana,Mulugu,district,geoBoundaries/gbOpen/IND/ADM2/2021@8bef6929fd65432e7dc775e7c44473e84efff064ebddbfd6b834e6291546db40,matched,76128533B84398038505400,3027.383916109492,fs1-3016a20fd3ad,,2021.0,exact_or_spacing,Mulugu,False,https://www.geoboundaries.org/api/current/gbOpen/IND/ADM2/,"District identity matched; 2021 reference geometry, NOT event-year boundary equivalence. No parent substitution.",
E178::nirmal,E178,2023-0486-IND,2023-07-27,Telangana,Nirmal,district,geoBoundaries/gbOpen/IND/ADM2/2021@8bef6929fd65432e7dc775e7c44473e84efff064ebddbfd6b834e6291546db40,matched,76128533B25280172436550,3734.707359958707,fs1-3016a20fd3ad,,2021.0,exact_or_spacing,Nirmal,False,https://www.geoboundaries.org/api/current/gbOpen/IND/ADM2/,"District identity matched; 2021 reference geometry, NOT event-year boundary equivalence. No parent substitution.",
E179::kanyakumari,E179,2023-0846-IND,2023-12-18,Tamil Nadu,Kanyakumari,district,geoBoundaries/gbOpen/IND/ADM2/2021@8bef6929fd65432e7dc775e7c44473e84efff064ebddbfd6b834e6291546db40,matched,76128533B53796141759805,1731.6509313616805,fs1-3016a20fd3ad,,2021.0,census_label_alias,Kanniyakumari,False,https://censusindia.gov.in/nada/index.php/catalog/42557,"District identity matched; 2021 reference geometry, NOT event-year boundary equivalence. No parent substitution.",
E179::tenkasi,E179,2023-0846-IND,2023-12-18,Tamil Nadu,Tenkasi,district,geoBoundaries/gbOpen/IND/ADM2/2021@8bef6929fd65432e7dc775e7c44473e84efff064ebddbfd6b834e6291546db40,matched,76128533B27604563137530,2880.477474023877,fs1-3016a20fd3ad,,2021.0,exact_or_spacing,Tenkasi,False,https://www.geoboundaries.org/api/current/gbOpen/IND/ADM2/,"District identity matched; 2021 reference geometry, NOT event-year boundary equivalence. No parent substitution.",
E179::thoothukudi,E179,2023-0846-IND,2023-12-18,Tamil Nadu,Thoothukudi,district,FAO/GAUL/2015/level2,matched,17866.0,4753.760490296577,fs1-3016a20fd3ad,,,,,,,,
E179::tirunelveli,E179,2023-0846-IND,2023-12-18,Tamil Nadu,Tirunelveli,district,geoBoundaries/gbOpen/IND/ADM2/2021@8bef6929fd65432e7dc775e7c44473e84efff064ebddbfd6b834e6291546db40,matched,76128533B52639434516056,3791.340968942823,fs1-3016a20fd3ad,,2021.0,exact_or_spacing,Tirunelveli,False,https://www.geoboundaries.org/api/current/gbOpen/IND/ADM2/,"District identity matched; 2021 reference geometry, NOT event-year boundary equivalence. No parent substitution.",
E180::biswanath,E180,2024-0399-IND,2024-05-01,Assam,Biswanath,district,geoBoundaries/gbOpen/IND/ADM2/2021@8bef6929fd65432e7dc775e7c44473e84efff064ebddbfd6b834e6291546db40,matched,76128533B40714385808093,1795.9804068304836,fs1-3016a20fd3ad,,2021.0,exact_or_spacing,Biswanath,False,https://www.geoboundaries.org/api/current/gbOpen/IND/ADM2/,"District identity matched; 2021 reference geometry, NOT event-year boundary equivalence. No parent substitution.",
E180::cachar,E180,2024-0399-IND,2024-05-01,Assam,Cachar,district,FAO/GAUL/2015/level2,matched,17577.0,3806.329961738336,fs1-3016a20fd3ad,,,,,,,,
E180::darrang,E180,2024-0399-IND,2024-05-01,Assam,Darrang,district,FAO/GAUL/2015/level2,matched,17578.0,3426.9679336953163,fs1-3016a20fd3ad,,,,,,,,
E180::dhemaji,E180,2024-0399-IND,2024-05-01,Assam,Dhemaji,district,FAO/GAUL/2015/level2,matched,70087.0,2503.3476339074205,fs1-3016a20fd3ad,,,,,,,,
E180::dibrugarh,E180,2024-0399-IND,2024-05-01,Assam,Dibrugarh,district,FAO/GAUL/2015/level2,matched,17580.0,3397.4818067287138,fs1-3016a20fd3ad,,,,,,,,
E180::golaghat,E180,2024-0399-IND,2024-05-01,Assam,Golaghat,district,FAO/GAUL/2015/level2,matched,17582.0,3532.2679838886856,fs1-3016a20fd3ad,,,,,,,,
E180::jorhat,E180,2024-0399-IND,2024-05-01,Assam,Jorhat,district,FAO/GAUL/2015/level2,matched,70089.0,2842.716884638612,fs1-3016a20fd3ad,,,,,,,,
E180::kamrup,E180,2024-0399-IND,2024-05-01,Assam,Kamrup,district,FAO/GAUL/2015/level2,matched,17583.0,4348.6225796054405,fs1-3016a20fd3ad,,,,,,,,
E180::karimganj,E180,2024-0399-IND,2024-05-01,Assam,Karimganj,district,FAO/GAUL/2015/level2,matched,17585.0,1856.722473230466,fs1-3016a20fd3ad,,,,,,,,
E180::lakhimpur,E180,2024-0399-IND,2024-05-01,Assam,Lakhimpur,district,FAO/GAUL/2015/level2,matched,70091.0,2886.5239581816727,fs1-3016a20fd3ad,,,,,,,,
E180::majuli,E180,2024-0399-IND,2024-05-01,Assam,Majuli,district,geoBoundaries/gbOpen/IND/ADM2/2021@8bef6929fd65432e7dc775e7c44473e84efff064ebddbfd6b834e6291546db40,matched,76128533B15157901669242,1250.5943287676694,fs1-3016a20fd3ad,,2021.0,exact_or_spacing,Majuli,False,https://www.geoboundaries.org/api/current/gbOpen/IND/ADM2/,"District identity matched; 2021 reference geometry, NOT event-year boundary equivalence. No parent substitution.",
E180::morigaon,E180,2024-0399-IND,2024-05-01,Assam,Morigaon,district,geoBoundaries/gbOpen/IND/ADM2/2021@8bef6929fd65432e7dc775e7c44473e84efff064ebddbfd6b834e6291546db40,matched,76128533B17968019348564,1508.3262903435707,fs1-3016a20fd3ad,,2021.0,exact_or_spacing,Morigaon,False,https://www.geoboundaries.org/api/current/gbOpen/IND/ADM2/,"District identity matched; 2021 reference geometry, NOT event-year boundary equivalence. No parent substitution.",
E180::nagaon,E180,2024-0399-IND,2024-05-01,Assam,Nagaon,district,FAO/GAUL/2015/level2,matched,17589.0,3997.4423095607103,fs1-3016a20fd3ad,,,,,,,,
E180::nalbari,E180,2024-0399-IND,2024-05-01,Assam,Nalbari,district,FAO/GAUL/2015/level2,matched,17590.0,2339.8796955273547,fs1-3016a20fd3ad,,,,,,,,
E180::sivasagar,E180,2024-0399-IND,2024-05-01,Assam,Sivasagar,district,geoBoundaries/gbOpen/IND/ADM2/2021@8bef6929fd65432e7dc775e7c44473e84efff064ebddbfd6b834e6291546db40,matched,76128533B21722277889516,1526.6517657716288,fs1-3016a20fd3ad,,2021.0,exact_or_spacing,Sivasagar,False,https://www.geoboundaries.org/api/current/gbOpen/IND/ADM2/,"District identity matched; 2021 reference geometry, NOT event-year boundary equivalence. No parent substitution.",
E180::sonitpur,E180,2024-0399-IND,2024-05-01,Assam,Sonitpur,district,FAO/GAUL/2015/level2,matched,17593.0,4676.158375740257,fs1-3016a20fd3ad,,,,,,,,
E180::tamulpur,E180,2024-0399-IND,2024-05-01,Assam,Tamulpur,district,OpenStreetMap/snapshot/2026-09-12@2d2926aa53838f0df6ee9b40c723eb2daf7a4bafbbf75528a64bd4c3eec49281,matched,OSM:relation/16702229,860.0009585836317,fs1-3016a20fd3ad,,,reviewed_osm_district_lgd,Tamulpur,False,https://www.kharithi.bodoland.gov.in/tamulpur,"OSM district relation with LGD code; present-day reference only, not event-year boundary equivalence. No authoritative area comparison available; lower confidence.",756.0
E180::tinsukia,E180,2024-0399-IND,2024-05-01,Assam,Tinsukia,district,FAO/GAUL/2015/level2,matched,70093.0,3799.190193815676,fs1-3016a20fd3ad,,,,,,,,
E180::udalguri,E180,2024-0399-IND,2024-05-01,Assam,Udalguri,district,geoBoundaries/gbOpen/IND/ADM2/2021@8bef6929fd65432e7dc775e7c44473e84efff064ebddbfd6b834e6291546db40,matched,76128533B20307518801538,2056.2913712488325,fs1-3016a20fd3ad,,2021.0,exact_or_spacing,Udalguri,False,https://www.geoboundaries.org/api/current/gbOpen/IND/ADM2/,"District identity matched; 2021 reference geometry, NOT event-year boundary equivalence. No parent substitution.",
E181::east%20jaintia%20hills,E181,2024-0399-IND,2024-05-01,Meghalaya,East Jaintia Hills,district,geoBoundaries/gbOpen/IND/ADM2/2021@8bef6929fd65432e7dc775e7c44473e84efff064ebddbfd6b834e6291546db40,matched,76128533B70185077694103,2077.589780451139,fs1-3016a20fd3ad,,2021.0,exact_or_spacing,East Jaintia Hills,False,https://www.geoboundaries.org/api/current/gbOpen/IND/ADM2/,"District identity matched; 2021 reference geometry, NOT event-year boundary equivalence. No parent substitution.",
E181::east%20khasi%20hills,E181,2024-0399-IND,2024-05-01,Meghalaya,East Khasi Hills,district,FAO/GAUL/2015/level2,matched,17794.0,2889.6322510589234,fs1-3016a20fd3ad,,,,,,,,
E181::south%20west%20garo%20hills,E181,2024-0399-IND,2024-05-01,Meghalaya,South West Garo Hills,district,geoBoundaries/gbOpen/IND/ADM2/2021@8bef6929fd65432e7dc775e7c44473e84efff064ebddbfd6b834e6291546db40,matched,76128533B52906466328910,586.0218511059741,fs1-3016a20fd3ad,,2021.0,exact_or_spacing,South West Garo Hills,False,https://www.geoboundaries.org/api/current/gbOpen/IND/ADM2/,"District identity matched; 2021 reference geometry, NOT event-year boundary equivalence. No parent substitution.",
E181::west%20garo%20hills,E181,2024-0399-IND,2024-05-01,Meghalaya,West Garo Hills,district,FAO/GAUL/2015/level2,matched,17796.0,3440.766036854824,fs1-3016a20fd3ad,,,,,,,,
E181::west%20jaintia%20hills,E181,2024-0399-IND,2024-05-01,Meghalaya,West Jaintia Hills,district,geoBoundaries/gbOpen/IND/ADM2/2021@8bef6929fd65432e7dc775e7c44473e84efff064ebddbfd6b834e6291546db40,matched,76128533B84622469201834,1728.380997144831,fs1-3016a20fd3ad,,2021.0,exact_or_spacing,West Jaintia Hills,False,https://www.geoboundaries.org/api/current/gbOpen/IND/ADM2/,"District identity matched; 2021 reference geometry, NOT event-year boundary equivalence. No parent substitution.",
E182::barpeta,E182,2024-0481-IND,2024-07-09,Assam,Barpeta,district,FAO/GAUL/2015/level2,matched,17576.0,3253.622989828742,fs1-3016a20fd3ad,,,,,,,,
E182::biswanath,E182,2024-0481-IND,2024-07-09,Assam,Biswanath,district,geoBoundaries/gbOpen/IND/ADM2/2021@8bef6929fd65432e7dc775e7c44473e84efff064ebddbfd6b834e6291546db40,matched,76128533B40714385808093,1795.9804068303213,fs1-3016a20fd3ad,,2021.0,exact_or_spacing,Biswanath,False,https://www.geoboundaries.org/api/current/gbOpen/IND/ADM2/,"District identity matched; 2021 reference geometry, NOT event-year boundary equivalence. No parent substitution.",
E182::cachar,E182,2024-0481-IND,2024-07-09,Assam,Cachar,district,FAO/GAUL/2015/level2,matched,17577.0,3806.329961738336,fs1-3016a20fd3ad,,,,,,,,
E182::chirang,E182,2024-0481-IND,2024-07-09,Assam,Chirang,district,geoBoundaries/gbOpen/IND/ADM2/2021@8bef6929fd65432e7dc775e7c44473e84efff064ebddbfd6b834e6291546db40,matched,76128533B56012535339305,1586.6528982343073,fs1-3016a20fd3ad,,2021.0,exact_or_spacing,Chirang,False,https://www.geoboundaries.org/api/current/gbOpen/IND/ADM2/,"District identity matched; 2021 reference geometry, NOT event-year boundary equivalence. No parent substitution.",
E182::darrang,E182,2024-0481-IND,2024-07-09,Assam,Darrang,district,FAO/GAUL/2015/level2,matched,17578.0,3426.9679336953163,fs1-3016a20fd3ad,,,,,,,,
E182::dhemaji,E182,2024-0481-IND,2024-07-09,Assam,Dhemaji,district,FAO/GAUL/2015/level2,matched,70087.0,2503.3476339074205,fs1-3016a20fd3ad,,,,,,,,
E182::dhubri,E182,2024-0481-IND,2024-07-09,Assam,Dhubri,district,geoBoundaries/gbOpen/IND/ADM2/2021@8bef6929fd65432e7dc775e7c44473e84efff064ebddbfd6b834e6291546db40,matched,76128533B25835998628545,1790.280077462252,fs1-3016a20fd3ad,,2021.0,exact_or_spacing,Dhubri,False,https://www.geoboundaries.org/api/current/gbOpen/IND/ADM2/,"District identity matched; 2021 reference geometry, NOT event-year boundary equivalence. No parent substitution.",
E182::dibrugarh,E182,2024-0481-IND,2024-07-09,Assam,Dibrugarh,district,FAO/GAUL/2015/level2,matched,17580.0,3397.4818067287138,fs1-3016a20fd3ad,,,,,,,,
E182::goalpara,E182,2024-0481-IND,2024-07-09,Assam,Goalpara,district,FAO/GAUL/2015/level2,matched,17581.0,1904.60564716237,fs1-3016a20fd3ad,,,,,,,,
E182::golaghat,E182,2024-0481-IND,2024-07-09,Assam,Golaghat,district,FAO/GAUL/2015/level2,matched,17582.0,3532.2679838886856,fs1-3016a20fd3ad,,,,,,,,
E182::hailakandi,E182,2024-0481-IND,2024-07-09,Assam,Hailakandi,district,FAO/GAUL/2015/level2,matched,70088.0,1336.4605858584375,fs1-3016a20fd3ad,,,,,,,,
E182::jorhat,E182,2024-0481-IND,2024-07-09,Assam,Jorhat,district,FAO/GAUL/2015/level2,matched,70089.0,2842.716884638612,fs1-3016a20fd3ad,,,,,,,,
E182::kamrup,E182,2024-0481-IND,2024-07-09,Assam,Kamrup,district,FAO/GAUL/2015/level2,matched,17583.0,4348.6225796054405,fs1-3016a20fd3ad,,,,,,,,
E182::kamrup%20metropolitan,E182,2024-0481-IND,2024-07-09,Assam,Kamrup Metropolitan,district,geoBoundaries/gbOpen/IND/ADM2/2021@8bef6929fd65432e7dc775e7c44473e84efff064ebddbfd6b834e6291546db40,matched,76128533B38230828972906,1131.541200086081,fs1-3016a20fd3ad,,2021.0,exact_or_spacing,Kamrup Metropolitan,False,https://www.geoboundaries.org/api/current/gbOpen/IND/ADM2/,"District identity matched; 2021 reference geometry, NOT event-year boundary equivalence. No parent substitution.",
E182::karimganj,E182,2024-0481-IND,2024-07-09,Assam,Karimganj,district,FAO/GAUL/2015/level2,matched,17585.0,1856.722473230466,fs1-3016a20fd3ad,,,,,,,,
E182::majuli,E182,2024-0481-IND,2024-07-09,Assam,Majuli,district,geoBoundaries/gbOpen/IND/ADM2/2021@8bef6929fd65432e7dc775e7c44473e84efff064ebddbfd6b834e6291546db40,matched,76128533B15157901669242,1250.5943287676694,fs1-3016a20fd3ad,,2021.0,exact_or_spacing,Majuli,False,https://www.geoboundaries.org/api/current/gbOpen/IND/ADM2/,"District identity matched; 2021 reference geometry, NOT event-year boundary equivalence. No parent substitution.",
E182::morigaon,E182,2024-0481-IND,2024-07-09,Assam,Morigaon,district,geoBoundaries/gbOpen/IND/ADM2/2021@8bef6929fd65432e7dc775e7c44473e84efff064ebddbfd6b834e6291546db40,matched,76128533B17968019348564,1508.3262903435707,fs1-3016a20fd3ad,,2021.0,exact_or_spacing,Morigaon,False,https://www.geoboundaries.org/api/current/gbOpen/IND/ADM2/,"District identity matched; 2021 reference geometry, NOT event-year boundary equivalence. No parent substitution.",
E182::nagaon,E182,2024-0481-IND,2024-07-09,Assam,Nagaon,district,FAO/GAUL/2015/level2,matched,17589.0,3997.4423095607103,fs1-3016a20fd3ad,,,,,,,,
E182::nalbari,E182,2024-0481-IND,2024-07-09,Assam,Nalbari,district,FAO/GAUL/2015/level2,matched,17590.0,2339.8796955273547,fs1-3016a20fd3ad,,,,,,,,
E182::sivasagar,E182,2024-0481-IND,2024-07-09,Assam,Sivasagar,district,geoBoundaries/gbOpen/IND/ADM2/2021@8bef6929fd65432e7dc775e7c44473e84efff064ebddbfd6b834e6291546db40,matched,76128533B21722277889516,1526.651765771626,fs1-3016a20fd3ad,,2021.0,exact_or_spacing,Sivasagar,False,https://www.geoboundaries.org/api/current/gbOpen/IND/ADM2/,"District identity matched; 2021 reference geometry, NOT event-year boundary equivalence. No parent substitution.",
E182::south%20salmara,E182,2024-0481-IND,2024-07-09,Assam,South Salmara,district,geoBoundaries/gbOpen/IND/ADM2/2021@8bef6929fd65432e7dc775e7c44473e84efff064ebddbfd6b834e6291546db40,matched,76128533B20298037622173,719.1856651342704,fs1-3016a20fd3ad,,2021.0,reviewed_alias,South Salmara-Mankachar,False,https://www.geoboundaries.org/api/current/gbOpen/IND/ADM2/,"District identity matched; 2021 reference geometry, NOT event-year boundary equivalence. No parent substitution.",
E183::auraiya,E183,2024-0481-IND,2024-07-09,Uttar Pradesh,Auraiya,district,FAO/GAUL/2015/level2,matched,70258.0,2182.3976584986426,fs1-3016a20fd3ad,,,,,,,,
E183::ayodhya,E183,2024-0481-IND,2024-07-09,Uttar Pradesh,Ayodhya,district,geoBoundaries/gbOpen/IND/ADM2/2021@8bef6929fd65432e7dc775e7c44473e84efff064ebddbfd6b834e6291546db40,matched,76128533B60320291189162,2675.8001543878418,fs1-3016a20fd3ad,,2021.0,reviewed_alias,Faizabad,False,https://ayodhya.nic.in/,"District identity matched; 2021 reference geometry, NOT event-year boundary equivalence. No parent substitution.",
E183::ballia,E183,2024-0481-IND,2024-07-09,Uttar Pradesh,Ballia,district,FAO/GAUL/2015/level2,matched,17894.0,3013.8054759791835,fs1-3016a20fd3ad,,,,,,,,
E183::balrampur,E183,2024-0481-IND,2024-07-09,Uttar Pradesh,Balrampur,district,FAO/GAUL/2015/level2,matched,70261.0,3379.881475532829,fs1-3016a20fd3ad,,,,,,,,
E183::barabanki,E183,2024-0481-IND,2024-07-09,Uttar Pradesh,Barabanki,district,FAO/GAUL/2015/level2,matched,17896.0,4440.0005417469865,fs1-3016a20fd3ad,,,,,,,,
E183::budaun,E183,2024-0481-IND,2024-07-09,Uttar Pradesh,Budaun,district,geoBoundaries/gbOpen/IND/ADM2/2021@8bef6929fd65432e7dc775e7c44473e84efff064ebddbfd6b834e6291546db40,matched,76128533B84679668760735,4242.29880763651,fs1-3016a20fd3ad,,2021.0,exact_or_spacing,Budaun,False,https://www.geoboundaries.org/api/current/gbOpen/IND/ADM2/,"District identity matched; 2021 reference geometry, NOT event-year boundary equivalence. No parent substitution.",
E183::chandauli,E183,2024-0481-IND,2024-07-09,Uttar Pradesh,Chandauli,district,FAO/GAUL/2015/level2,matched,70262.0,2540.7391966848068,fs1-3016a20fd3ad,,,,,,,,
E183::deoria,E183,2024-0481-IND,2024-07-09,Uttar Pradesh,Deoria,district,FAO/GAUL/2015/level2,matched,17904.0,2561.4288968732094,fs1-3016a20fd3ad,,,,,,,,
E183::gonda,E183,2024-0481-IND,2024-07-09,Uttar Pradesh,Gonda,district,FAO/GAUL/2015/level2,matched,17913.0,4014.846082655345,fs1-3016a20fd3ad,,,,,,,,
E183::gorakhpur,E183,2024-0481-IND,2024-07-09,Uttar Pradesh,Gorakhpur,district,FAO/GAUL/2015/level2,matched,17914.0,3072.188964505668,fs1-3016a20fd3ad,,,,,,,,
E183::hardoi,E183,2024-0481-IND,2024-07-09,Uttar Pradesh,Hardoi,district,FAO/GAUL/2015/level2,matched,17916.0,6020.112448537428,fs1-3016a20fd3ad,,,,,,,,
E183::hathras,E183,2024-0481-IND,2024-07-09,Uttar Pradesh,Hathras,district,FAO/GAUL/2015/level2,matched,70266.0,1623.4987994509945,fs1-3016a20fd3ad,,,,,,,,
E183::kushinagar,E183,2024-0481-IND,2024-07-09,Uttar Pradesh,Kushinagar,district,FAO/GAUL/2015/level2,matched,70271.0,2893.16087554316,fs1-3016a20fd3ad,,,,,,,,
E183::lakhimpur%20kheri,E183,2024-0481-IND,2024-07-09,Uttar Pradesh,Lakhimpur Kheri,district,FAO/GAUL/2015/level2,matched,17921.0,7708.742992388735,fs1-3016a20fd3ad,,,,,,,,
E183::maharajganj,E183,2024-0481-IND,2024-07-09,Uttar Pradesh,Maharajganj,district,FAO/GAUL/2015/level2,matched,70272.0,3197.0231063739748,fs1-3016a20fd3ad,,,,,,,,
E183::mainpuri,E183,2024-0481-IND,2024-07-09,Uttar Pradesh,Mainpuri,district,FAO/GAUL/2015/level2,matched,17924.0,2755.0367810593875,fs1-3016a20fd3ad,,,,,,,,
E183::pilibhit,E183,2024-0481-IND,2024-07-09,Uttar Pradesh,Pilibhit,district,FAO/GAUL/2015/level2,matched,17931.0,3594.1579683602813,fs1-3016a20fd3ad,,,,,,,,
E183::pratapgarh,E183,2024-0481-IND,2024-07-09,Uttar Pradesh,Pratapgarh,district,FAO/GAUL/2015/level2,matched,17933.0,3722.845628160076,fs1-3016a20fd3ad,,,,,,,,
E183::prayagraj,E183,2024-0481-IND,2024-07-09,Uttar Pradesh,Prayagraj,district,geoBoundaries/gbOpen/IND/ADM2/2021@8bef6929fd65432e7dc775e7c44473e84efff064ebddbfd6b834e6291546db40,matched,76128533B51368558457506,5474.7102581208,fs1-3016a20fd3ad,,2021.0,reviewed_alias,Allahabad,False,https://prayagraj.nic.in/history/,"District identity matched; 2021 reference geometry, NOT event-year boundary equivalence. No parent substitution.",
E183::shahjahanpur,E183,2024-0481-IND,2024-07-09,Uttar Pradesh,Shahjahanpur,district,FAO/GAUL/2015/level2,matched,17937.0,4659.039376462991,fs1-3016a20fd3ad,,,,,,,,
E183::shrawasti,E183,2024-0481-IND,2024-07-09,Uttar Pradesh,Shrawasti,district,geoBoundaries/gbOpen/IND/ADM2/2021@8bef6929fd65432e7dc775e7c44473e84efff064ebddbfd6b834e6291546db40,matched,76128533B34832354589031,1950.0124338088456,fs1-3016a20fd3ad,,2021.0,exact_or_spacing,Shrawasti,False,https://www.geoboundaries.org/api/current/gbOpen/IND/ADM2/,"District identity matched; 2021 reference geometry, NOT event-year boundary equivalence. No parent substitution.",
E183::siddharthnagar,E183,2024-0481-IND,2024-07-09,Uttar Pradesh,Siddharthnagar,district,FAO/GAUL/2015/level2,matched,70278.0,3492.6137371813147,fs1-3016a20fd3ad,,,,,,,,
E183::sultanpur,E183,2024-0481-IND,2024-07-09,Uttar Pradesh,Sultanpur,district,FAO/GAUL/2015/level2,matched,17939.0,4427.494295932419,fs1-3016a20fd3ad,,,,,,,,
E183::unnao,E183,2024-0481-IND,2024-07-09,Uttar Pradesh,Unnao,district,FAO/GAUL/2015/level2,matched,17941.0,4606.848065112721,fs1-3016a20fd3ad,,,,,,,,
E183::varanasi,E183,2024-0481-IND,2024-07-09,Uttar Pradesh,Varanasi,district,FAO/GAUL/2015/level2,matched,17943.0,1554.288127138641,fs1-3016a20fd3ad,,,,,,,,
E184::kullu,E184,2024-0561-IND,2024-07-31,Himachal Pradesh,Kullu,district,FAO/GAUL/2015/level2,matched,17671.0,5505.982355912866,fs1-3016a20fd3ad,,,,,,,,
E184::mandi,E184,2024-0561-IND,2024-07-31,Himachal Pradesh,Mandi,district,FAO/GAUL/2015/level2,matched,17673.0,3951.2717684747336,fs1-3016a20fd3ad,,,,,,,,
E184::shimla,E184,2024-0561-IND,2024-07-31,Himachal Pradesh,Shimla,district,FAO/GAUL/2015/level2,matched,17674.0,5136.6062379686,fs1-3016a20fd3ad,,,,,,,,
E185::dhalai,E185,2024-0624-IND,2024-08-19,Tripura,Dhalai,district,FAO/GAUL/2015/level2,matched,70256.0,2201.079367693781,fs1-3016a20fd3ad,,,,,,,,
E185::gomati,E185,2024-0624-IND,2024-08-19,Tripura,Gomati,district,geoBoundaries/gbOpen/IND/ADM2/2021@8bef6929fd65432e7dc775e7c44473e84efff064ebddbfd6b834e6291546db40,matched,76128533B94126463611805,1617.9532415826357,fs1-3016a20fd3ad,,2021.0,exact_or_spacing,Gomati,False,https://www.geoboundaries.org/api/current/gbOpen/IND/ADM2/,"District identity matched; 2021 reference geometry, NOT event-year boundary equivalence. No parent substitution.",
E185::khowai,E185,2024-0624-IND,2024-08-19,Tripura,Khowai,district,geoBoundaries/gbOpen/IND/ADM2/2021@8bef6929fd65432e7dc775e7c44473e84efff064ebddbfd6b834e6291546db40,matched,76128533B67044589012853,1046.189742159586,fs1-3016a20fd3ad,,2021.0,exact_or_spacing,Khowai,False,https://www.geoboundaries.org/api/current/gbOpen/IND/ADM2/,"District identity matched; 2021 reference geometry, NOT event-year boundary equivalence. No parent substitution.",
E185::north%20tripura,E185,2024-0624-IND,2024-08-19,Tripura,North Tripura,district,FAO/GAUL/2015/level2,matched,17885.0,2109.5271791468954,fs1-3016a20fd3ad,,,,,,,,
E185::sepahijala,E185,2024-0624-IND,2024-08-19,Tripura,Sepahijala,district,geoBoundaries/gbOpen/IND/ADM2/2021@8bef6929fd65432e7dc775e7c44473e84efff064ebddbfd6b834e6291546db40,matched,76128533B43965372582859,1071.1594978769108,fs1-3016a20fd3ad,,2021.0,reviewed_alias,Sipahijula,False,https://www.geoboundaries.org/api/current/gbOpen/IND/ADM2/,"District identity matched; 2021 reference geometry, NOT event-year boundary equivalence. No parent substitution.",
E185::south%20tripura,E185,2024-0624-IND,2024-08-19,Tripura,South Tripura,district,FAO/GAUL/2015/level2,matched,17886.0,3224.504208632636,fs1-3016a20fd3ad,,,,,,,,
E185::unakoti,E185,2024-0624-IND,2024-08-19,Tripura,Unakoti,district,geoBoundaries/gbOpen/IND/ADM2/2021@8bef6929fd65432e7dc775e7c44473e84efff064ebddbfd6b834e6291546db40,matched,76128533B4720703924950,657.9288906587705,fs1-3016a20fd3ad,,2021.0,reviewed_alias,Unokoti,False,https://www.geoboundaries.org/api/current/gbOpen/IND/ADM2/,"District identity matched; 2021 reference geometry, NOT event-year boundary equivalence. No parent substitution.",
E185::west%20tripura,E185,2024-0624-IND,2024-08-19,Tripura,West Tripura,district,FAO/GAUL/2015/level2,matched,17887.0,3039.951701839773,fs1-3016a20fd3ad,,,,,,,,
E186::ahmedabad,E186,2024-0647-IND,2024-08-26,Gujarat,Ahmedabad,district,geoBoundaries/gbOpen/IND/ADM2/2021@8bef6929fd65432e7dc775e7c44473e84efff064ebddbfd6b834e6291546db40,matched,76128533B93113981386565,7272.000354411259,fs1-3016a20fd3ad,,2021.0,census_label_alias,Ahmadabad,False,https://censusindia.gov.in/nada/index.php/catalog/42557,"District identity matched; 2021 reference geometry, NOT event-year boundary equivalence. No parent substitution.",
E186::amreli,E186,2024-0647-IND,2024-08-26,Gujarat,Amreli,district,FAO/GAUL/2015/level2,matched,17636.0,7335.055339616136,fs1-3016a20fd3ad,,,,,,,,
E186::anand,E186,2024-0647-IND,2024-08-26,Gujarat,Anand,district,FAO/GAUL/2015/level2,matched,70124.0,2708.431476288587,fs1-3016a20fd3ad,,,,,,,,
E186::aravalli,E186,2024-0647-IND,2024-08-26,Gujarat,Aravalli,district,geoBoundaries/gbOpen/IND/ADM2/2021@8bef6929fd65432e7dc775e7c44473e84efff064ebddbfd6b834e6291546db40,matched,76128533B62153454383166,3271.526707635578,fs1-3016a20fd3ad,,2021.0,reviewed_alias,Aravali,False,https://www.geoboundaries.org/api/current/gbOpen/IND/ADM2/,"District identity matched; 2021 reference geometry, NOT event-year boundary equivalence. No parent substitution.",
E186::botad,E186,2024-0647-IND,2024-08-26,Gujarat,Botad,district,geoBoundaries/gbOpen/IND/ADM2/2021@8bef6929fd65432e7dc775e7c44473e84efff064ebddbfd6b834e6291546db40,matched,76128533B48885555323596,2635.4766256069506,fs1-3016a20fd3ad,,2021.0,reviewed_alias,Batod,False,https://www.geoboundaries.org/api/current/gbOpen/IND/ADM2/,"District identity matched; 2021 reference geometry, NOT event-year boundary equivalence. No parent substitution.",
E186::dahod,E186,2024-0647-IND,2024-08-26,Gujarat,Dahod,district,FAO/GAUL/2015/level2,matched,70125.0,5236.527197799419,fs1-3016a20fd3ad,,,,,,,,
E186::devbhumi%20dwarka,E186,2024-0647-IND,2024-08-26,Gujarat,Devbhumi Dwarka,district,geoBoundaries/gbOpen/IND/ADM2/2021@8bef6929fd65432e7dc775e7c44473e84efff064ebddbfd6b834e6291546db40,matched,76128533B74381554567803,4320.429272751359,fs1-3016a20fd3ad,,2021.0,exact_or_spacing,Devbhumi Dwarka,False,https://www.geoboundaries.org/api/current/gbOpen/IND/ADM2/,"District identity matched; 2021 reference geometry, NOT event-year boundary equivalence. No parent substitution.",
E186::jamnagar,E186,2024-0647-IND,2024-08-26,Gujarat,Jamnagar,district,FAO/GAUL/2015/level2,matched,17641.0,10822.719279552311,fs1-3016a20fd3ad,,,,,,,,
E186::junagadh,E186,2024-0647-IND,2024-08-26,Gujarat,Junagadh,district,FAO/GAUL/2015/level2,matched,17642.0,8217.26323932205,fs1-3016a20fd3ad,,,,,,,,
E186::kheda,E186,2024-0647-IND,2024-08-26,Gujarat,Kheda,district,FAO/GAUL/2015/level2,matched,17644.0,3992.831170210708,fs1-3016a20fd3ad,,,,,,,,
E186::kutch,E186,2024-0647-IND,2024-08-26,Gujarat,Kutch,district,geoBoundaries/gbOpen/IND/ADM2/2021@8bef6929fd65432e7dc775e7c44473e84efff064ebddbfd6b834e6291546db40,matched,76128533B91881382098572,42739.022712293714,fs1-3016a20fd3ad,,2021.0,census_label_alias,Kachchh,False,https://censusindia.gov.in/nada/index.php/catalog/42557,"District identity matched; 2021 reference geometry, NOT event-year boundary equivalence. No parent substitution.",
E186::mahisagar,E186,2024-0647-IND,2024-08-26,Gujarat,Mahisagar,district,geoBoundaries/gbOpen/IND/ADM2/2021@8bef6929fd65432e7dc775e7c44473e84efff064ebddbfd6b834e6291546db40,matched,76128533B49615943426842,2507.754245036501,fs1-3016a20fd3ad,,2021.0,exact_or_spacing,Mahisagar,False,https://www.geoboundaries.org/api/current/gbOpen/IND/ADM2/,"District identity matched; 2021 reference geometry, NOT event-year boundary equivalence. No parent substitution.",
E186::morbi,E186,2024-0647-IND,2024-08-26,Gujarat,Morbi,district,geoBoundaries/gbOpen/IND/ADM2/2021@8bef6929fd65432e7dc775e7c44473e84efff064ebddbfd6b834e6291546db40,matched,76128533B2080752988715,4845.3888221565,fs1-3016a20fd3ad,,2021.0,exact_or_spacing,Morbi,False,https://www.geoboundaries.org/api/current/gbOpen/IND/ADM2/,"District identity matched; 2021 reference geometry, NOT event-year boundary equivalence. No parent substitution.",
E186::panchmahal,E186,2024-0647-IND,2024-08-26,Gujarat,Panchmahal,district,geoBoundaries/gbOpen/IND/ADM2/2021@8bef6929fd65432e7dc775e7c44473e84efff064ebddbfd6b834e6291546db40,matched,76128533B16476001647323,3329.087905817164,fs1-3016a20fd3ad,,2021.0,reviewed_alias,Panch Mahals,False,https://www.geoboundaries.org/api/current/gbOpen/IND/ADM2/,"District identity matched; 2021 reference geometry, NOT event-year boundary equivalence. No parent substitution.",
E186::rajkot,E186,2024-0647-IND,2024-08-26,Gujarat,Rajkot,district,FAO/GAUL/2015/level2,matched,17647.0,11175.751593133718,fs1-3016a20fd3ad,,,,,,,,
E186::surendranagar,E186,2024-0647-IND,2024-08-26,Gujarat,Surendranagar,district,FAO/GAUL/2015/level2,matched,17650.0,10480.710406373057,fs1-3016a20fd3ad,,,,,,,,
E186::vadodara,E186,2024-0647-IND,2024-08-26,Gujarat,Vadodara,district,FAO/GAUL/2015/level2,matched,17652.0,7758.226506800483,fs1-3016a20fd3ad,,,,,,,,
E187::kolhapur,E187,2024-0647-IND,2024-08-26,Maharashtra,Kolhapur,district,FAO/GAUL/2015/level2,matched,17769.0,7680.572392490604,fs1-3016a20fd3ad,,,,,,,,
E187::nashik,E187,2024-0647-IND,2024-08-26,Maharashtra,Nashik,district,FAO/GAUL/2015/level2,matched,17773.0,15554.167322451072,fs1-3016a20fd3ad,,,,,,,,
E187::palghar,E187,2024-0647-IND,2024-08-26,Maharashtra,Palghar,district,geoBoundaries/gbOpen/IND/ADM2/2021@8bef6929fd65432e7dc775e7c44473e84efff064ebddbfd6b834e6291546db40,matched,76128533B37148244536449,5355.281971404182,fs1-3016a20fd3ad,,2021.0,exact_or_spacing,Palghar,False,https://www.geoboundaries.org/api/current/gbOpen/IND/ADM2/,"District identity matched; 2021 reference geometry, NOT event-year boundary equivalence. No parent substitution.",
E187::pune,E187,2024-0647-IND,2024-08-26,Maharashtra,Pune,district,FAO/GAUL/2015/level2,matched,17776.0,15649.899791716924,fs1-3016a20fd3ad,,,,,,,,
E187::raigad,E187,2024-0647-IND,2024-08-26,Maharashtra,Raigad,district,geoBoundaries/gbOpen/IND/ADM2/2021@8bef6929fd65432e7dc775e7c44473e84efff064ebddbfd6b834e6291546db40,matched,76128533B99895802074414,6987.901171136008,fs1-3016a20fd3ad,,2021.0,census_label_alias,Raigarh,False,https://censusindia.gov.in/nada/index.php/catalog/42557,"District identity matched; 2021 reference geometry, NOT event-year boundary equivalence. No parent substitution.",
E187::ratnagiri,E187,2024-0647-IND,2024-08-26,Maharashtra,Ratnagiri,district,FAO/GAUL/2015/level2,matched,17778.0,8501.126377449938,fs1-3016a20fd3ad,,,,,,,,
E187::satara,E187,2024-0647-IND,2024-08-26,Maharashtra,Satara,district,FAO/GAUL/2015/level2,matched,17781.0,10502.605850168617,fs1-3016a20fd3ad,,,,,,,,
E187::sindhudurg,E187,2024-0647-IND,2024-08-26,Maharashtra,Sindhudurg,district,FAO/GAUL/2015/level2,matched,17779.0,5174.499083363021,fs1-3016a20fd3ad,,,,,,,,
E188::dhalai,E188,2024-0647-IND,2024-08-26,Tripura,Dhalai,district,FAO/GAUL/2015/level2,matched,70256.0,2201.079367693781,fs1-3016a20fd3ad,,,,,,,,
E188::gomati,E188,2024-0647-IND,2024-08-26,Tripura,Gomati,district,geoBoundaries/gbOpen/IND/ADM2/2021@8bef6929fd65432e7dc775e7c44473e84efff064ebddbfd6b834e6291546db40,matched,76128533B94126463611805,1617.9532415826357,fs1-3016a20fd3ad,,2021.0,exact_or_spacing,Gomati,False,https://www.geoboundaries.org/api/current/gbOpen/IND/ADM2/,"District identity matched; 2021 reference geometry, NOT event-year boundary equivalence. No parent substitution.",
E188::khowai,E188,2024-0647-IND,2024-08-26,Tripura,Khowai,district,geoBoundaries/gbOpen/IND/ADM2/2021@8bef6929fd65432e7dc775e7c44473e84efff064ebddbfd6b834e6291546db40,matched,76128533B67044589012853,1046.1897421595445,fs1-3016a20fd3ad,,2021.0,exact_or_spacing,Khowai,False,https://www.geoboundaries.org/api/current/gbOpen/IND/ADM2/,"District identity matched; 2021 reference geometry, NOT event-year boundary equivalence. No parent substitution.",
E188::north%20tripura,E188,2024-0647-IND,2024-08-26,Tripura,North Tripura,district,FAO/GAUL/2015/level2,matched,17885.0,2109.5271791468954,fs1-3016a20fd3ad,,,,,,,,
E188::sepahijala,E188,2024-0647-IND,2024-08-26,Tripura,Sepahijala,district,geoBoundaries/gbOpen/IND/ADM2/2021@8bef6929fd65432e7dc775e7c44473e84efff064ebddbfd6b834e6291546db40,matched,76128533B43965372582859,1071.1594978769108,fs1-3016a20fd3ad,,2021.0,reviewed_alias,Sipahijula,False,https://www.geoboundaries.org/api/current/gbOpen/IND/ADM2/,"District identity matched; 2021 reference geometry, NOT event-year boundary equivalence. No parent substitution.",
E188::south%20tripura,E188,2024-0647-IND,2024-08-26,Tripura,South Tripura,district,FAO/GAUL/2015/level2,matched,17886.0,3224.504208632636,fs1-3016a20fd3ad,,,,,,,,
E188::unakoti,E188,2024-0647-IND,2024-08-26,Tripura,Unakoti,district,geoBoundaries/gbOpen/IND/ADM2/2021@8bef6929fd65432e7dc775e7c44473e84efff064ebddbfd6b834e6291546db40,matched,76128533B4720703924950,657.9288906584868,fs1-3016a20fd3ad,,2021.0,reviewed_alias,Unokoti,False,https://www.geoboundaries.org/api/current/gbOpen/IND/ADM2/,"District identity matched; 2021 reference geometry, NOT event-year boundary equivalence. No parent substitution.",
E188::west%20tripura,E188,2024-0647-IND,2024-08-26,Tripura,West Tripura,district,FAO/GAUL/2015/level2,matched,17887.0,3039.951701839773,fs1-3016a20fd3ad,,,,,,,,
E189::east%20garo%20hills,E189,2024-0719-IND,2024-10-04,Meghalaya,East Garo Hills,district,FAO/GAUL/2015/level2,matched,17793.0,2940.3760891953966,fs1-3016a20fd3ad,,,,,,,,
E189::north%20garo%20hills,E189,2024-0719-IND,2024-10-04,Meghalaya,North Garo Hills,district,geoBoundaries/gbOpen/IND/ADM2/2021@8bef6929fd65432e7dc775e7c44473e84efff064ebddbfd6b834e6291546db40,matched,76128533B35759455556328,1050.4969039025452,fs1-3016a20fd3ad,,2021.0,exact_or_spacing,North Garo Hills,False,https://www.geoboundaries.org/api/current/gbOpen/IND/ADM2/,"District identity matched; 2021 reference geometry, NOT event-year boundary equivalence. No parent substitution.",
E189::south%20garo%20hills,E189,2024-0719-IND,2024-10-04,Meghalaya,South Garo Hills,district,FAO/GAUL/2015/level2,matched,70198.0,1876.767998735909,fs1-3016a20fd3ad,,,,,,,,
E189::south%20west%20garo%20hills,E189,2024-0719-IND,2024-10-04,Meghalaya,South West Garo Hills,district,geoBoundaries/gbOpen/IND/ADM2/2021@8bef6929fd65432e7dc775e7c44473e84efff064ebddbfd6b834e6291546db40,matched,76128533B52906466328910,586.0218511059741,fs1-3016a20fd3ad,,2021.0,exact_or_spacing,South West Garo Hills,False,https://www.geoboundaries.org/api/current/gbOpen/IND/ADM2/,"District identity matched; 2021 reference geometry, NOT event-year boundary equivalence. No parent substitution.",
E189::west%20garo%20hills,E189,2024-0719-IND,2024-10-04,Meghalaya,West Garo Hills,district,FAO/GAUL/2015/level2,matched,17796.0,3440.766036854824,fs1-3016a20fd3ad,,,,,,,,
E190::lohit,E190,2025-0402-IND,2025-05-31,Arunachal Pradesh,Lohit,district,FAO/GAUL/2015/level2,matched,17572.0,5476.171129046326,fs1-3016a20fd3ad,,,,,,,,
E190::lower%20dibang%20valley,E190,2025-0402-IND,2025-05-31,Arunachal Pradesh,Lower Dibang Valley,district,FAO/GAUL/2015/level2,matched,70084.0,1481.008750945566,fs1-3016a20fd3ad,,,,,,,,
E190::lower%20subansiri,E190,2025-0402-IND,2025-05-31,Arunachal Pradesh,Lower Subansiri,district,FAO/GAUL/2015/level2,matched,17573.0,19.786424622092788,fs1-3016a20fd3ad,,,,,,,,
E190::namsai,E190,2025-0402-IND,2025-05-31,Arunachal Pradesh,Namsai,district,geoBoundaries/gbOpen/IND/ADM2/2021@8bef6929fd65432e7dc775e7c44473e84efff064ebddbfd6b834e6291546db40,matched,76128533B1875965515331,1281.1997378272836,fs1-3016a20fd3ad,,2021.0,exact_or_spacing,Namsai,False,https://www.geoboundaries.org/api/current/gbOpen/IND/ADM2/,"District identity matched; 2021 reference geometry, NOT event-year boundary equivalence. No parent substitution.",
E190::pakke%20kessang,E190,2025-0402-IND,2025-05-31,Arunachal Pradesh,Pakke Kessang,district,geoBoundaries/gbOpen/IND/ADM2/2021@8bef6929fd65432e7dc775e7c44473e84efff064ebddbfd6b834e6291546db40,matched,76128533B24017517661394,2124.67605931882,fs1-3016a20fd3ad,,2021.0,exact_or_spacing,Pakke Kessang,False,https://www.geoboundaries.org/api/current/gbOpen/IND/ADM2/,"District identity matched; 2021 reference geometry, NOT event-year boundary equivalence. No parent substitution.",
E191::bongaigaon,E191,2025-0402-IND,2025-05-31,Assam,Bongaigaon,district,FAO/GAUL/2015/level2,matched,70086.0,2332.582799042809,fs1-3016a20fd3ad,,,,,,,,
E191::cachar,E191,2025-0402-IND,2025-05-31,Assam,Cachar,district,FAO/GAUL/2015/level2,matched,17577.0,3806.329961738336,fs1-3016a20fd3ad,,,,,,,,
E191::dima%20hasao,E191,2025-0402-IND,2025-05-31,Assam,Dima Hasao,district,geoBoundaries/gbOpen/IND/ADM2/2021@8bef6929fd65432e7dc775e7c44473e84efff064ebddbfd6b834e6291546db40,matched,76128533B66125202864966,4914.108784116743,fs1-3016a20fd3ad,,2021.0,exact_or_spacing,Dima Hasao,False,https://www.geoboundaries.org/api/current/gbOpen/IND/ADM2/,"District identity matched; 2021 reference geometry, NOT event-year boundary equivalence. No parent substitution.",
E191::hailakandi,E191,2025-0402-IND,2025-05-31,Assam,Hailakandi,district,FAO/GAUL/2015/level2,matched,70088.0,1336.4605858584375,fs1-3016a20fd3ad,,,,,,,,
E191::kamrup,E191,2025-0402-IND,2025-05-31,Assam,Kamrup,district,FAO/GAUL/2015/level2,matched,17583.0,4348.6225796054405,fs1-3016a20fd3ad,,,,,,,,
E191::lakhimpur,E191,2025-0402-IND,2025-05-31,Assam,Lakhimpur,district,FAO/GAUL/2015/level2,matched,70091.0,2886.5239581816727,fs1-3016a20fd3ad,,,,,,,,
E191::sribhumi%20%28karimganj%29,E191,2025-0402-IND,2025-05-31,Assam,Sribhumi (Karimganj),district,geoBoundaries/gbOpen/IND/ADM2/2021@8bef6929fd65432e7dc775e7c44473e84efff064ebddbfd6b834e6291546db40,matched,76128533B23092176497025,1851.5082949978823,fs1-3016a20fd3ad,,2021.0,reviewed_alias,Karimganj,False,https://www.geoboundaries.org/api/current/gbOpen/IND/ADM2/,"District identity matched; 2021 reference geometry, NOT event-year boundary equivalence. No parent substitution.",
E192::bishnupur,E192,2025-0402-IND,2025-05-31,Manipur,Bishnupur,district,FAO/GAUL/2015/level2,matched,70188.0,481.84963420103696,fs1-3016a20fd3ad,,,,,,,,
E192::imphal%20east,E192,2025-0402-IND,2025-05-31,Manipur,Imphal East,district,geoBoundaries/gbOpen/IND/ADM2/2021@8bef6929fd65432e7dc775e7c44473e84efff064ebddbfd6b834e6291546db40,matched,76128533B30779259886340,378.55443161734433,fs1-3016a20fd3ad,,2021.0,exact_or_spacing,Imphal East,False,https://www.geoboundaries.org/api/current/gbOpen/IND/ADM2/,"District identity matched; 2021 reference geometry, NOT event-year boundary equivalence. No parent substitution.",
E192::imphal%20west,E192,2025-0402-IND,2025-05-31,Manipur,Imphal West,district,geoBoundaries/gbOpen/IND/ADM2/2021@8bef6929fd65432e7dc775e7c44473e84efff064ebddbfd6b834e6291546db40,matched,76128533B99807650893733,504.9363985910239,fs1-3016a20fd3ad,,2021.0,exact_or_spacing,Imphal West,False,https://www.geoboundaries.org/api/current/gbOpen/IND/ADM2/,"District identity matched; 2021 reference geometry, NOT event-year boundary equivalence. No parent substitution.",
E192::kangpokpi,E192,2025-0402-IND,2025-05-31,Manipur,Kangpokpi,district,geoBoundaries/gbOpen/IND/ADM2/2021@8bef6929fd65432e7dc775e7c44473e84efff064ebddbfd6b834e6291546db40,matched,76128533B56326354019534,1825.3176503754064,fs1-3016a20fd3ad,,2021.0,exact_or_spacing,Kangpokpi,False,https://www.geoboundaries.org/api/current/gbOpen/IND/ADM2/,"District identity matched; 2021 reference geometry, NOT event-year boundary equivalence. No parent substitution.",
E192::noney,E192,2025-0402-IND,2025-05-31,Manipur,Noney,district,geoBoundaries/gbOpen/IND/ADM2/2021@8bef6929fd65432e7dc775e7c44473e84efff064ebddbfd6b834e6291546db40,matched,76128533B36594996191182,1099.6192833435175,fs1-3016a20fd3ad,,2021.0,exact_or_spacing,Noney,False,https://www.geoboundaries.org/api/current/gbOpen/IND/ADM2/,"District identity matched; 2021 reference geometry, NOT event-year boundary equivalence. No parent substitution.",
E192::pherzawl,E192,2025-0402-IND,2025-05-31,Manipur,Pherzawl,district,geoBoundaries/gbOpen/IND/ADM2/2021@8bef6929fd65432e7dc775e7c44473e84efff064ebddbfd6b834e6291546db40,matched,76128533B71254158898830,2338.6376768542173,fs1-3016a20fd3ad,,2021.0,exact_or_spacing,Pherzawl,False,https://www.geoboundaries.org/api/current/gbOpen/IND/ADM2/,"District identity matched; 2021 reference geometry, NOT event-year boundary equivalence. No parent substitution.",
E192::senapati,E192,2025-0402-IND,2025-05-31,Manipur,Senapati,district,FAO/GAUL/2015/level2,matched,70192.0,3491.671343960543,fs1-3016a20fd3ad,,,,,,,,
E192::tamenglong,E192,2025-0402-IND,2025-05-31,Manipur,Tamenglong,district,FAO/GAUL/2015/level2,matched,70193.0,4205.580317998752,fs1-3016a20fd3ad,,,,,,,,
E192::ukhrul,E192,2025-0402-IND,2025-05-31,Manipur,Ukhrul,district,FAO/GAUL/2015/level2,matched,70195.0,4426.124966872591,fs1-3016a20fd3ad,,,,,,,,
E193::east%20garo%20hills,E193,2025-0402-IND,2025-05-31,Meghalaya,East Garo Hills,district,FAO/GAUL/2015/level2,matched,17793.0,2940.3760891953966,fs1-3016a20fd3ad,,,,,,,,
E193::east%20jaintia%20hills,E193,2025-0402-IND,2025-05-31,Meghalaya,East Jaintia Hills,district,geoBoundaries/gbOpen/IND/ADM2/2021@8bef6929fd65432e7dc775e7c44473e84efff064ebddbfd6b834e6291546db40,matched,76128533B70185077694103,2077.589780451139,fs1-3016a20fd3ad,,2021.0,exact_or_spacing,East Jaintia Hills,False,https://www.geoboundaries.org/api/current/gbOpen/IND/ADM2/,"District identity matched; 2021 reference geometry, NOT event-year boundary equivalence. No parent substitution.",
E193::east%20khasi%20hills,E193,2025-0402-IND,2025-05-31,Meghalaya,East Khasi Hills,district,FAO/GAUL/2015/level2,matched,17794.0,2889.6322510589234,fs1-3016a20fd3ad,,,,,,,,
E193::eastern%20west%20khasi%20hills,E193,2025-0402-IND,2025-05-31,Meghalaya,Eastern West Khasi Hills,district,OpenStreetMap/snapshot/2026-09-12@827fd131bafbdbbbf81e28421300da7604b44523d1f74da536f388d602fff10e,matched,OSM:relation/14723470,1229.5763041016378,fs1-3016a20fd3ad,,,reviewed_osm_district_lgd,Eastern West Khasi Hills,False,https://easternwestkhasihills.meghalaya.gov.in/,"OSM district relation with LGD code; present-day reference only, not event-year boundary equivalence. Published district area within 10%.",740.0
E193::north%20garo%20hills,E193,2025-0402-IND,2025-05-31,Meghalaya,North Garo Hills,district,geoBoundaries/gbOpen/IND/ADM2/2021@8bef6929fd65432e7dc775e7c44473e84efff064ebddbfd6b834e6291546db40,matched,76128533B35759455556328,1050.4969039025452,fs1-3016a20fd3ad,,2021.0,exact_or_spacing,North Garo Hills,False,https://www.geoboundaries.org/api/current/gbOpen/IND/ADM2/,"District identity matched; 2021 reference geometry, NOT event-year boundary equivalence. No parent substitution.",
E193::south%20garo%20hills,E193,2025-0402-IND,2025-05-31,Meghalaya,South Garo Hills,district,FAO/GAUL/2015/level2,matched,70198.0,1876.767998735909,fs1-3016a20fd3ad,,,,,,,,
E193::south%20west%20garo%20hills,E193,2025-0402-IND,2025-05-31,Meghalaya,South West Garo Hills,district,geoBoundaries/gbOpen/IND/ADM2/2021@8bef6929fd65432e7dc775e7c44473e84efff064ebddbfd6b834e6291546db40,matched,76128533B52906466328910,586.0218511059741,fs1-3016a20fd3ad,,2021.0,exact_or_spacing,South West Garo Hills,False,https://www.geoboundaries.org/api/current/gbOpen/IND/ADM2/,"District identity matched; 2021 reference geometry, NOT event-year boundary equivalence. No parent substitution.",
E193::south%20west%20khasi%20hills,E193,2025-0402-IND,2025-05-31,Meghalaya,South West Khasi Hills,district,geoBoundaries/gbOpen/IND/ADM2/2021@8bef6929fd65432e7dc775e7c44473e84efff064ebddbfd6b834e6291546db40,matched,76128533B27102120636500,1344.9013461709417,fs1-3016a20fd3ad,,2021.0,exact_or_spacing,South West Khasi Hills,False,https://www.geoboundaries.org/api/current/gbOpen/IND/ADM2/,"District identity matched; 2021 reference geometry, NOT event-year boundary equivalence. No parent substitution.",
E193::west%20garo%20hills,E193,2025-0402-IND,2025-05-31,Meghalaya,West Garo Hills,district,FAO/GAUL/2015/level2,matched,17796.0,3440.766036854824,fs1-3016a20fd3ad,,,,,,,,
E193::west%20jaintia%20hills,E193,2025-0402-IND,2025-05-31,Meghalaya,West Jaintia Hills,district,geoBoundaries/gbOpen/IND/ADM2/2021@8bef6929fd65432e7dc775e7c44473e84efff064ebddbfd6b834e6291546db40,matched,76128533B84622469201834,1728.3809971447447,fs1-3016a20fd3ad,,2021.0,exact_or_spacing,West Jaintia Hills,False,https://www.geoboundaries.org/api/current/gbOpen/IND/ADM2/,"District identity matched; 2021 reference geometry, NOT event-year boundary equivalence. No parent substitution.",
E193::west%20khasi%20hills,E193,2025-0402-IND,2025-05-31,Meghalaya,West Khasi Hills,district,FAO/GAUL/2015/level2,matched,17797.0,5255.633999719938,fs1-3016a20fd3ad,,,,,,,,
E194::aizawl,E194,2025-0402-IND,2025-05-31,Mizoram,Aizawl,district,FAO/GAUL/2015/level2,matched,17798.0,3461.099662744716,fs1-3016a20fd3ad,,,,,,,,
E194::kolasib,E194,2025-0402-IND,2025-05-31,Mizoram,Kolasib,district,FAO/GAUL/2015/level2,matched,70200.0,1351.916645556901,fs1-3016a20fd3ad,,,,,,,,
E195::tuensang,E195,2025-0402-IND,2025-05-31,Nagaland,Tuensang,district,FAO/GAUL/2015/level2,matched,17805.0,3789.750062415454,fs1-3016a20fd3ad,,,,,,,,
E196::mangan,E196,2025-0402-IND,2025-05-31,Sikkim,Mangan,district,geoBoundaries/gbOpen/IND/ADM2/2021@8bef6929fd65432e7dc775e7c44473e84efff064ebddbfd6b834e6291546db40,matched,76128533B65820903826030,4277.456189629023,fs1-3016a20fd3ad,,2021.0,reviewed_alias,North District,False,https://sikkim.nic.in/district-centres/,"District identity matched; 2021 reference geometry, NOT event-year boundary equivalence. No parent substitution.",
E197::gomati,E197,2025-0402-IND,2025-05-31,Tripura,Gomati,district,geoBoundaries/gbOpen/IND/ADM2/2021@8bef6929fd65432e7dc775e7c44473e84efff064ebddbfd6b834e6291546db40,matched,76128533B94126463611805,1617.9532415825593,fs1-3016a20fd3ad,,2021.0,exact_or_spacing,Gomati,False,https://www.geoboundaries.org/api/current/gbOpen/IND/ADM2/,"District identity matched; 2021 reference geometry, NOT event-year boundary equivalence. No parent substitution.",
E197::khowai,E197,2025-0402-IND,2025-05-31,Tripura,Khowai,district,geoBoundaries/gbOpen/IND/ADM2/2021@8bef6929fd65432e7dc775e7c44473e84efff064ebddbfd6b834e6291546db40,matched,76128533B67044589012853,1046.189742159586,fs1-3016a20fd3ad,,2021.0,exact_or_spacing,Khowai,False,https://www.geoboundaries.org/api/current/gbOpen/IND/ADM2/,"District identity matched; 2021 reference geometry, NOT event-year boundary equivalence. No parent substitution.",
E197::north%20tripura,E197,2025-0402-IND,2025-05-31,Tripura,North Tripura,district,FAO/GAUL/2015/level2,matched,17885.0,2109.5271791468954,fs1-3016a20fd3ad,,,,,,,,
E197::unakoti,E197,2025-0402-IND,2025-05-31,Tripura,Unakoti,district,geoBoundaries/gbOpen/IND/ADM2/2021@8bef6929fd65432e7dc775e7c44473e84efff064ebddbfd6b834e6291546db40,matched,76128533B4720703924950,657.9288906584868,fs1-3016a20fd3ad,,2021.0,reviewed_alias,Unokoti,False,https://www.geoboundaries.org/api/current/gbOpen/IND/ADM2/,"District identity matched; 2021 reference geometry, NOT event-year boundary equivalence. No parent substitution.",
E197::west%20tripura,E197,2025-0402-IND,2025-05-31,Tripura,West Tripura,district,FAO/GAUL/2015/level2,matched,17887.0,3039.951701839773,fs1-3016a20fd3ad,,,,,,,,
E198::chamba,E198,2025-0469-IND,2025-06-20,Himachal Pradesh,Chamba,district,FAO/GAUL/2015/level2,matched,17667.0,6056.411356305338,fs1-3016a20fd3ad,,,,,,,,
E198::hamirpur,E198,2025-0469-IND,2025-06-20,Himachal Pradesh,Hamirpur,district,FAO/GAUL/2015/level2,matched,17668.0,1122.326232597962,fs1-3016a20fd3ad,,,,,,,,
E198::kinnaur,E198,2025-0469-IND,2025-06-20,Himachal Pradesh,Kinnaur,district,FAO/GAUL/2015/level2,matched,17670.0,6345.302855411621,fs1-3016a20fd3ad,,,,,,,,
E198::kullu,E198,2025-0469-IND,2025-06-20,Himachal Pradesh,Kullu,district,FAO/GAUL/2015/level2,matched,17671.0,5505.982355912866,fs1-3016a20fd3ad,,,,,,,,
E198::mandi,E198,2025-0469-IND,2025-06-20,Himachal Pradesh,Mandi,district,FAO/GAUL/2015/level2,matched,17673.0,3951.2717684747336,fs1-3016a20fd3ad,,,,,,,,
E198::shimla,E198,2025-0469-IND,2025-06-20,Himachal Pradesh,Shimla,district,FAO/GAUL/2015/level2,matched,17674.0,5136.6062379686,fs1-3016a20fd3ad,,,,,,,,
E199::bageshwar,E199,2025-0469-IND,2025-06-20,Uttarakhand,Bageshwar,district,FAO/GAUL/2015/level2,matched,70281.0,2283.823715697251,fs1-3016a20fd3ad,,,,,,,,
E199::chamoli,E199,2025-0469-IND,2025-06-20,Uttarakhand,Chamoli,district,FAO/GAUL/2015/level2,matched,70282.0,7838.316284013912,fs1-3016a20fd3ad,,,,,,,,
E200::kishtwar,E200,2025-0690-IND,2025-08-14,Jammu and Kashmir,Kishtwar,district,geoBoundaries/gbOpen/IND/ADM2/2021@8bef6929fd65432e7dc775e7c44473e84efff064ebddbfd6b834e6291546db40,matched,76128533B20458430922604,7915.862636956913,fs1-3016a20fd3ad,,2021.0,exact_or_spacing,Kishtwar,False,https://www.geoboundaries.org/api/current/gbOpen/IND/ADM2/,"District identity matched; 2021 reference geometry, NOT event-year boundary equivalence. No parent substitution.",
E201::amritsar,E201,2025-0751-IND,2025-08-15,Punjab,Amritsar,district,FAO/GAUL/2015/level2,matched,17821.0,4850.355487392105,fs1-3016a20fd3ad,,,,,,,,
E201::fazilka,E201,2025-0751-IND,2025-08-15,Punjab,Fazilka,district,geoBoundaries/gbOpen/IND/ADM2/2021@8bef6929fd65432e7dc775e7c44473e84efff064ebddbfd6b834e6291546db40,matched,76128533B7291413308870,3260.9663717370954,fs1-3016a20fd3ad,,2021.0,exact_or_spacing,Fazilka,False,https://www.geoboundaries.org/api/current/gbOpen/IND/ADM2/,"District identity matched; 2021 reference geometry, NOT event-year boundary equivalence. No parent substitution.",
E201::firozpur,E201,2025-0751-IND,2025-08-15,Punjab,Firozpur,district,FAO/GAUL/2015/level2,matched,17825.0,5185.395439607114,fs1-3016a20fd3ad,,,,,,,,
E201::gurdaspur,E201,2025-0751-IND,2025-08-15,Punjab,Gurdaspur,district,FAO/GAUL/2015/level2,matched,17826.0,3507.09272056944,fs1-3016a20fd3ad,,,,,,,,
E201::hoshiarpur,E201,2025-0751-IND,2025-08-15,Punjab,Hoshiarpur,district,FAO/GAUL/2015/level2,matched,17827.0,3362.8966396342144,fs1-3016a20fd3ad,,,,,,,,
E201::jalandhar,E201,2025-0751-IND,2025-08-15,Punjab,Jalandhar,district,FAO/GAUL/2015/level2,matched,17828.0,2605.0531477191817,fs1-3016a20fd3ad,,,,,,,,
E201::kapurthala,E201,2025-0751-IND,2025-08-15,Punjab,Kapurthala,district,FAO/GAUL/2015/level2,matched,17829.0,1659.308150376237,fs1-3016a20fd3ad,,,,,,,,
E201::ludhiana,E201,2025-0751-IND,2025-08-15,Punjab,Ludhiana,district,FAO/GAUL/2015/level2,matched,17830.0,3573.10781793918,fs1-3016a20fd3ad,,,,,,,,
E201::moga,E201,2025-0751-IND,2025-08-15,Punjab,Moga,district,FAO/GAUL/2015/level2,matched,70233.0,2304.7121791107,fs1-3016a20fd3ad,,,,,,,,
E201::pathankot,E201,2025-0751-IND,2025-08-15,Punjab,Pathankot,district,geoBoundaries/gbOpen/IND/ADM2/2021@8bef6929fd65432e7dc775e7c44473e84efff064ebddbfd6b834e6291546db40,matched,76128533B19630094725383,999.949013574026,fs1-3016a20fd3ad,,2021.0,exact_or_spacing,Pathankot,False,https://www.geoboundaries.org/api/current/gbOpen/IND/ADM2/,"District identity matched; 2021 reference geometry, NOT event-year boundary equivalence. No parent substitution.",
E201::sangrur,E201,2025-0751-IND,2025-08-15,Punjab,Sangrur,district,FAO/GAUL/2015/level2,matched,17833.0,5091.276351954565,fs1-3016a20fd3ad,,,,,,,,
E201::sri%20muktsar%20sahib,E201,2025-0751-IND,2025-08-15,Punjab,Sri Muktsar Sahib,district,geoBoundaries/gbOpen/IND/ADM2/2021@8bef6929fd65432e7dc775e7c44473e84efff064ebddbfd6b834e6291546db40,matched,76128533B50184713016881,2637.9147681685968,fs1-3016a20fd3ad,,2021.0,census_label_alias,Muktsar,False,https://censusindia.gov.in/nada/index.php/catalog/42557,"District identity matched; 2021 reference geometry, NOT event-year boundary equivalence. No parent substitution.",
E202::bageshwar,E202,2025-0803-IND,2025-09-15,Uttarakhand,Bageshwar,district,FAO/GAUL/2015/level2,matched,70281.0,2283.823715697251,fs1-3016a20fd3ad,,,,,,,,
E202::champawat,E202,2025-0803-IND,2025-09-15,Uttarakhand,Champawat,district,FAO/GAUL/2015/level2,matched,70283.0,1688.3763040453146,fs1-3016a20fd3ad,,,,,,,,
E202::dehradun,E202,2025-0803-IND,2025-09-15,Uttarakhand,Dehradun,district,FAO/GAUL/2015/level2,matched,17903.0,3070.1655325092884,fs1-3016a20fd3ad,,,,,,,,
E202::haridwar,E202,2025-0803-IND,2025-09-15,Uttarakhand,Haridwar,district,FAO/GAUL/2015/level2,matched,70284.0,2388.487173667367,fs1-3016a20fd3ad,,,,,,,,
E202::nainital,E202,2025-0803-IND,2025-09-15,Uttarakhand,Nainital,district,FAO/GAUL/2015/level2,matched,70285.0,4068.963433579816,fs1-3016a20fd3ad,,,,,,,,
E202::pauri%20garhwal,E202,2025-0803-IND,2025-09-15,Uttarakhand,Pauri Garhwal,district,FAO/GAUL/2015/level2,matched,17910.0,5461.918144346134,fs1-3016a20fd3ad,,,,,,,,
E202::pithoragarh,E202,2025-0803-IND,2025-09-15,Uttarakhand,Pithoragarh,district,FAO/GAUL/2015/level2,matched,17932.0,7209.480621522472,fs1-3016a20fd3ad,,,,,,,,
E202::tehri%20garhwal,E202,2025-0803-IND,2025-09-15,Uttarakhand,Tehri Garhwal,district,FAO/GAUL/2015/level2,matched,70287.0,4393.487663681659,fs1-3016a20fd3ad,,,,,,,,
E202::udham%20singh%20nagar,E202,2025-0803-IND,2025-09-15,Uttarakhand,Udham Singh Nagar,district,FAO/GAUL/2015/level2,matched,70288.0,2869.388323442663,fs1-3016a20fd3ad,,,,,,,,
E203::araria,E203,2025-0859-IND,2025-10-03,Bihar,Araria,district,FAO/GAUL/2015/level2,matched,70094.0,2825.348194194397,fs1-3016a20fd3ad,,,,,,,,
E203::darbhanga,E203,2025-0859-IND,2025-10-03,Bihar,Darbhanga,district,FAO/GAUL/2015/level2,matched,17598.0,2293.727225126986,fs1-3016a20fd3ad,,,,,,,,
E203::east%20champaran,E203,2025-0859-IND,2025-10-03,Bihar,East Champaran,district,geoBoundaries/gbOpen/IND/ADM2/2021@8bef6929fd65432e7dc775e7c44473e84efff064ebddbfd6b834e6291546db40,matched,76128533B49017555803526,4209.432168721379,fs1-3016a20fd3ad,,2021.0,census_label_alias,Purba Champaran,False,https://censusindia.gov.in/nada/index.php/catalog/42557,"District identity matched; 2021 reference geometry, NOT event-year boundary equivalence. No parent substitution.",
E203::gopalganj,E203,2025-0859-IND,2025-10-03,Bihar,Gopalganj,district,FAO/GAUL/2015/level2,matched,17604.0,2044.660708589624,fs1-3016a20fd3ad,,,,,,,,
E203::katihar,E203,2025-0859-IND,2025-10-03,Bihar,Katihar,district,FAO/GAUL/2015/level2,matched,17608.0,3068.3721590224136,fs1-3016a20fd3ad,,,,,,,,
E203::kishanganj,E203,2025-0859-IND,2025-10-03,Bihar,Kishanganj,district,FAO/GAUL/2015/level2,matched,70100.0,1932.7539351616576,fs1-3016a20fd3ad,,,,,,,,
E203::madhepura,E203,2025-0859-IND,2025-10-03,Bihar,Madhepura,district,FAO/GAUL/2015/level2,matched,17612.0,1841.8576584602,fs1-3016a20fd3ad,,,,,,,,
E203::madhubani,E203,2025-0859-IND,2025-10-03,Bihar,Madhubani,district,FAO/GAUL/2015/level2,matched,17611.0,3457.42262983169,fs1-3016a20fd3ad,,,,,,,,
E203::muzaffarpur,E203,2025-0859-IND,2025-10-03,Bihar,Muzaffarpur,district,FAO/GAUL/2015/level2,matched,17613.0,3192.441978127565,fs1-3016a20fd3ad,,,,,,,,
E203::purnia,E203,2025-0859-IND,2025-10-03,Bihar,Purnia,district,FAO/GAUL/2015/level2,matched,17621.0,3252.274864588641,fs1-3016a20fd3ad,,,,,,,,
E203::saharsa,E203,2025-0859-IND,2025-10-03,Bihar,Saharsa,district,FAO/GAUL/2015/level2,matched,17624.0,1692.2702412487936,fs1-3016a20fd3ad,,,,,,,,
E203::samastipur,E203,2025-0859-IND,2025-10-03,Bihar,Samastipur,district,FAO/GAUL/2015/level2,matched,17626.0,2911.492917812177,fs1-3016a20fd3ad,,,,,,,,
E203::saran,E203,2025-0859-IND,2025-10-03,Bihar,Saran,district,FAO/GAUL/2015/level2,matched,17628.0,2650.3366911206285,fs1-3016a20fd3ad,,,,,,,,
E203::sheohar,E203,2025-0859-IND,2025-10-03,Bihar,Sheohar,district,FAO/GAUL/2015/level2,matched,70103.0,575.6280849211931,fs1-3016a20fd3ad,,,,,,,,
E203::sitamarhi,E203,2025-0859-IND,2025-10-03,Bihar,Sitamarhi,district,FAO/GAUL/2015/level2,matched,17630.0,2075.1609189491032,fs1-3016a20fd3ad,,,,,,,,
E203::siwan,E203,2025-0859-IND,2025-10-03,Bihar,Siwan,district,FAO/GAUL/2015/level2,matched,17631.0,2229.6509970655925,fs1-3016a20fd3ad,,,,,,,,
E203::supaul,E203,2025-0859-IND,2025-10-03,Bihar,Supaul,district,FAO/GAUL/2015/level2,matched,70104.0,2399.2927702222696,fs1-3016a20fd3ad,,,,,,,,
E203::west%20champaran,E203,2025-0859-IND,2025-10-03,Bihar,West Champaran,district,geoBoundaries/gbOpen/IND/ADM2/2021@8bef6929fd65432e7dc775e7c44473e84efff064ebddbfd6b834e6291546db40,matched,76128533B17762399278073,5214.198372330475,fs1-3016a20fd3ad,,2021.0,census_label_alias,Pashchim Champaran,False,https://censusindia.gov.in/nada/index.php/catalog/42557,"District identity matched; 2021 reference geometry, NOT event-year boundary equivalence. No parent substitution.",
E204::alipurduar,E204,2025-0859-IND,2025-10-03,West Bengal,Alipurduar,district,geoBoundaries/gbOpen/IND/ADM2/2021@8bef6929fd65432e7dc775e7c44473e84efff064ebddbfd6b834e6291546db40,matched,76128533B23858286755005,2805.571892812931,fs1-3016a20fd3ad,,2021.0,exact_or_spacing,Alipurduar,False,https://www.geoboundaries.org/api/current/gbOpen/IND/ADM2/,"District identity matched; 2021 reference geometry, NOT event-year boundary equivalence. No parent substitution.",
E204::cooch%20behar,E204,2025-0859-IND,2025-10-03,West Bengal,Cooch Behar,district,geoBoundaries/gbOpen/IND/ADM2/2021@8bef6929fd65432e7dc775e7c44473e84efff064ebddbfd6b834e6291546db40,matched,76128533B64156747739715,3288.1312386454174,fs1-3016a20fd3ad,,2021.0,census_label_alias,Koch Bihar,False,https://censusindia.gov.in/nada/index.php/catalog/42557,"District identity matched; 2021 reference geometry, NOT event-year boundary equivalence. No parent substitution.",
E204::darjeeling,E204,2025-0859-IND,2025-10-03,West Bengal,Darjeeling,district,geoBoundaries/gbOpen/IND/ADM2/2021@8bef6929fd65432e7dc775e7c44473e84efff064ebddbfd6b834e6291546db40,matched,76128533B17109302371020,2082.4452472301264,fs1-3016a20fd3ad,,2021.0,reviewed_alias,Darjiling,False,https://www.geoboundaries.org/api/current/gbOpen/IND/ADM2/,"District identity matched; 2021 reference geometry, NOT event-year boundary equivalence. No parent substitution.",
E204::jalpaiguri,E204,2025-0859-IND,2025-10-03,West Bengal,Jalpaiguri,district,FAO/GAUL/2015/level2,matched,17951.0,6200.341009430311,fs1-3016a20fd3ad,,,,,,,,
E204::kalimpong,E204,2025-0859-IND,2025-10-03,West Bengal,Kalimpong,district,geoBoundaries/gbOpen/IND/ADM2/2021@8bef6929fd65432e7dc775e7c44473e84efff064ebddbfd6b834e6291546db40,matched,76128533B78458325839103,1110.133398229132,fs1-3016a20fd3ad,,2021.0,exact_or_spacing,Kalimpong,False,https://www.geoboundaries.org/api/current/gbOpen/IND/ADM2/,"District identity matched; 2021 reference geometry, NOT event-year boundary equivalence. No parent substitution.",
