model,fold_id,event_district_id,source_record_id,observed,expected,alpha,absolute_error,negative_log_probability,predictive_low_90,predictive_high_90,interval_covered,interval_width,observed_zero,predicted_zero_probability
nb2,0,E001::anantnag,2015-0107-IND,46.0,41.9261531140004,4.0601841763260484,4.0738468859996,5.727623631834658,0.0,204.0,1.0,204.0,0.0,0.2817626629555243
nb2,0,E001::budgam,2015-0107-IND,114.0,30.696781828782154,4.0601841763260484,83.30321817121785,6.9757794678544345,0.0,150.0,1.0,150.0,0.0,0.30408953725158716
nb2,0,E001::shopian,2015-0107-IND,3.0,26.37144965520036,4.0601841763260484,23.37144965520036,3.344767927949622,0.0,129.0,1.0,129.0,0.0,0.31557835705941234
nb2,0,E001::srinagar,2015-0107-IND,222.0,39.45976287125486,4.0601841763260484,182.54023712874513,8.009443631398526,0.0,192.0,0.0,192.0,0.0,0.2859759204445379
nb2,0,E028::tawang,2016-0139-IND,18.0,14.188008155397885,4.0601841763260484,3.8119918446021153,4.799887809336231,0.0,69.0,1.0,69.0,0.0,0.3669155967963983
nb2,0,E029::barpeta,2016-0139-IND,1.0,30.221728640687605,4.0601841763260484,29.221728640687605,2.595967417809221,0.0,147.0,1.0,147.0,0.0,0.3052504978596159
nb2,0,E029::dhubri,2016-0139-IND,1.0,34.673074353231975,4.0601841763260484,33.673074353231975,2.6285147453595945,0.0,169.0,1.0,169.0,0.0,0.2951687092946687
nb2,0,E029::jorhat,2016-0139-IND,27.0,26.297059757287883,4.0601841763260484,0.702940242712117,5.195707091139203,0.0,128.0,1.0,128.0,0.0,0.31579595834844265
nb2,0,E029::lakhimpur,2016-0139-IND,15.0,29.855012686043835,4.0601841763260484,14.855012686043835,4.657980093427818,0.0,146.0,1.0,146.0,0.0,0.3061622373538587
nb2,0,E030::mon,2016-0139-IND,3.0,27.09695164083802,4.0601841763260484,24.09695164083802,3.350647826436757,0.0,132.0,1.0,132.0,0.0,0.31349511890477094
nb2,0,E032::barpeta,2016-0239-IND,11.0,25.12588970898648,4.0601841763260484,14.125889708986481,4.368461762918815,0.0,123.0,1.0,123.0,0.0,0.3193253738007504
nb2,0,E032::bongaigaon,2016-0239-IND,1.0,22.27585697715962,4.0601841763260484,21.27585697715962,2.5244219534841874,0.0,109.0,1.0,109.0,0.0,0.3288354718787394
nb2,0,E032::dhemaji,2016-0239-IND,38.0,23.33735602500196,4.0601841763260484,14.66264397499804,5.570403024082613,0.0,114.0,1.0,114.0,0.0,0.32512659045222353
nb2,0,E032::dhubri,2016-0239-IND,6.0,30.23095981755466,4.0601841763260484,24.23095981755466,3.9053220179606836,0.0,147.0,1.0,147.0,0.0,0.3052277237471339
nb2,0,E032::goalpara,2016-0239-IND,1.0,24.810639581451518,4.0601841763260484,23.810639581451518,2.549571680053974,0.0,121.0,1.0,121.0,0.0,0.32031021475358235
nb2,0,E032::jorhat,2016-0239-IND,37.0,41.76890105786804,4.0601841763260484,4.768901057868042,5.5111948000647395,0.0,204.0,1.0,204.0,0.0,0.28202203072356424
nb2,0,E032::lakhimpur,2016-0239-IND,42.0,35.2148195549399,4.0601841763260484,6.785180445060099,5.6398526117317855,0.0,172.0,1.0,172.0,0.0,0.2940516328632084
nb2,0,E032::morigaon,2016-0239-IND,23.0,23.115944976621684,4.0601841763260484,0.11594497662168379,5.036077771711496,0.0,113.0,1.0,113.0,0.0,0.3258828071532092
nb2,0,E032::sonitpur,2016-0239-IND,25.0,29.08382581701351,4.0601841763260484,4.083825817013508,5.121685061664618,0.0,142.0,1.0,142.0,0.0,0.30812556382928463
nb2,0,E033::chamoli,2016-0239-IND,105.0,25.670462956183165,4.0601841763260484,79.32953704381683,6.961800325277542,0.0,125.0,1.0,125.0,0.0,0.3176595413675979
nb2,0,E033::pithoragarh,2016-0239-IND,107.0,31.594203324435167,4.0601841763260484,75.40579667556483,6.854977907922209,0.0,154.0,1.0,154.0,0.0,0.30195581634178653
nb2,0,E060::dakshina%20kannada,2018-0216-IND,63.0,41.81331793123646,4.0601841763260484,21.186682068763538,6.064019819405424,0.0,204.0,1.0,204.0,0.0,0.2819486481511923
nb2,0,E060::udupi,2018-0216-IND,47.0,33.16331035094861,4.0601841763260484,13.836689649051387,5.764752315742301,0.0,162.0,1.0,162.0,0.0,0.29839940012642596
nb2,0,E081::baksa,2019-0331-IND,98.0,19.482821630470877,4.0601841763260484,78.51717836952912,7.071171870518104,0.0,95.0,0.0,95.0,0.0,0.33973565780648224
nb2,0,E081::barpeta,2019-0331-IND,200.0,22.001386405410244,4.0601841763260484,177.99861359458976,8.63328056923513,0.0,107.0,0.0,107.0,0.0,0.3298300402056844
nb2,0,E081::biswanath,2019-0331-IND,60.0,19.581522490587357,4.0601841763260484,40.41847750941264,6.2220710734184355,0.0,96.0,1.0,96.0,0.0,0.33931834879974804
nb2,0,E081::bongaigaon,2019-0331-IND,66.0,19.18421088862317,4.0601841763260484,46.81578911137683,6.3807539475935595,0.0,94.0,1.0,94.0,0.0,0.3410142047600956
nb2,0,E081::cachar,2019-0331-IND,47.0,24.002059186809706,4.0601841763260484,22.997940813190294,5.817877984521318,0.0,117.0,1.0,117.0,0.0,0.32290845434477533
nb2,0,E081::chirang,2019-0331-IND,64.0,18.968006999427935,4.0601841763260484,45.031993000572065,6.338582149978301,0.0,93.0,1.0,93.0,0.0,0.3419552970142529
nb2,0,E081::darrang,2019-0331-IND,59.0,19.55962394967109,4.0601841763260484,39.44037605032891,6.197478640974371,0.0,96.0,1.0,96.0,0.0,0.3394107124165044
nb2,0,E081::dhemaji,2019-0331-IND,86.0,17.631083359970905,4.0601841763260484,68.3689166400291,6.910515708003695,0.0,86.0,1.0,86.0,0.0,0.34808352141186055
nb2,0,E081::dhubri,2019-0331-IND,163.0,24.2393462765395,4.0601841763260484,138.7606537234605,7.924224408262021,0.0,118.0,0.0,118.0,0.0,0.32213490414558077
nb2,0,E081::dibrugarh,2019-0331-IND,59.0,22.02406023349208,4.0601841763260484,36.97593976650792,6.144207978795403,0.0,108.0,1.0,108.0,0.0,0.3297473014680434
nb2,0,E081::goalpara,2019-0331-IND,97.0,21.157364613409438,4.0601841763260484,75.84263538659056,6.97506482484862,0.0,103.0,1.0,103.0,0.0,0.33298689636972434
nb2,0,E081::golaghat,2019-0331-IND,143.0,22.613358106609,4.0601841763260484,120.386641893391,7.7099120457667585,0.0,110.0,0.0,110.0,0.0,0.3276330160016789
nb2,0,E081::hailakandi,2019-0331-IND,27.0,20.35361435652195,4.0601841763260484,6.646385643478052,5.206331869384653,0.0,99.0,1.0,99.0,0.0,0.3361407970771465
nb2,0,E081::hojai,2019-0331-IND,28.0,20.449625537492764,4.0601841763260484,7.550374462507236,5.24522044882603,0.0,100.0,1.0,100.0,0.0,0.33575605185586954
nb2,0,E081::jorhat,2019-0331-IND,117.0,23.369767095458926,4.0601841763260484,93.63023290454107,7.2443703154205075,0.0,114.0,0.0,114.0,0.0,0.325016634839991
nb2,0,E081::kamrup,2019-0331-IND,108.0,21.318568590553777,4.0601841763260484,86.68143140944622,7.175692811474114,0.0,104.0,0.0,104.0,0.0,0.3323720911482386
nb2,0,E081::karbi%20anglong,2019-0331-IND,56.0,22.634961427762665,4.0601841763260484,33.36503857223734,6.061544744491524,0.0,111.0,1.0,111.0,0.0,0.32755680157701766
nb2,0,E081::karimganj,2019-0331-IND,35.0,22.94288113593621,4.0601841763260484,12.057118864063789,5.479264566546555,0.0,112.0,1.0,112.0,0.0,0.32648014342651144
nb2,0,E081::kokrajhar,2019-0331-IND,67.0,20.452356531392013,4.0601841763260484,46.54764346860799,6.367715999973873,0.0,100.0,1.0,100.0,0.0,0.3357451405079738
nb2,0,E081::lakhimpur,2019-0331-IND,98.0,20.60318952851873,4.0601841763260484,77.39681047148127,7.018225867515317,0.0,101.0,1.0,101.0,0.0,0.33514527695154706
nb2,0,E081::majuli,2019-0331-IND,54.0,14.210937888849916,4.0601841763260484,39.78906211115009,6.242937152341968,0.0,70.0,1.0,70.0,0.0,0.3667721819760678
nb2,0,E081::morigaon,2019-0331-IND,227.0,19.324152516445487,4.0601841763260484,207.67584748355452,9.345557018613913,0.0,94.0,0.0,94.0,0.0,0.3404119967061954
nb2,0,E081::nagaon,2019-0331-IND,123.0,25.766484876799836,4.0601841763260484,97.23351512320016,7.249356883638566,0.0,126.0,1.0,126.0,0.0,0.31737033700914435
nb2,0,E081::nalbari,2019-0331-IND,110.0,18.253640846094896,4.0601841763260484,91.7463591539051,7.385468055993248,0.0,89.0,0.0,89.0,0.0,0.3451611897086374
nb2,0,E081::sivasagar,2019-0331-IND,28.0,21.522347577236154,4.0601841763260484,6.477652422763846,5.241053436230452,0.0,105.0,1.0,105.0,0.0,0.3316030586689479
nb2,0,E081::sonitpur,2019-0331-IND,98.0,24.27870673376639,4.0601841763260484,73.7212932662336,6.882800214808327,0.0,119.0,1.0,119.0,0.0,0.32200749342071167
nb2,0,E081::south%20salmara,2019-0331-IND,58.0,19.066644015161746,4.0601841763260484,38.93335598483826,6.184545768187536,0.0,93.0,1.0,93.0,0.0,0.3415243213410513
nb2,0,E081::tinsukia,2019-0331-IND,28.0,23.618158177463688,4.0601841763260484,4.3818418225363125,5.235566872735059,0.0,115.0,1.0,115.0,0.0,0.3241801560345813
nb2,0,E081::udalguri,2019-0331-IND,49.0,21.71697252210218,4.0601841763260484,27.28302747789782,5.897587374959485,0.0,106.0,1.0,106.0,0.0,0.3308769029260878
nb2,0,E081::west%20karbi%20anglong,2019-0331-IND,4.0,18.484806240747968,4.0601841763260484,14.484806240747968,3.492058537851873,0.0,90.0,1.0,90.0,0.0,0.3441071292298479
nb2,0,E082::araria,2019-0331-IND,183.0,24.572239328945507,4.0601841763260484,158.4277606710545,8.191972684921168,0.0,120.0,0.0,120.0,0.0,0.3210652886795392
nb2,0,E082::darbhanga,2019-0331-IND,202.0,27.90588695652119,4.0601841763260484,174.0941130434788,8.247299407673173,0.0,136.0,0.0,136.0,0.0,0.31125204258230743
nb2,0,E082::east%20champaran,2019-0331-IND,115.0,28.577268656548153,4.0601841763260484,86.42273134345184,7.040740062928542,0.0,139.0,1.0,139.0,0.0,0.3094505345995794
nb2,0,E082::katihar,2019-0331-IND,95.0,25.81448898034414,4.0601841763260484,69.18551101965586,6.787300557980759,0.0,126.0,1.0,126.0,0.0,0.31722625386033393
nb2,0,E082::kishanganj,2019-0331-IND,137.0,21.77022964840814,4.0601841763260484,115.22977035159187,7.660536019226585,0.0,106.0,0.0,106.0,0.0,0.3306795943442727
nb2,0,E082::madhubani,2019-0331-IND,223.0,28.268670184716118,4.0601841763260484,194.73132981528389,8.484446009427911,0.0,138.0,0.0,138.0,0.0,0.3102720254820025
nb2,0,E082::muzaffarpur,2019-0331-IND,161.0,31.235921700928692,4.0601841763260484,129.76407829907131,7.593456711301191,0.0,152.0,0.0,152.0,0.0,0.30279857391775017
nb2,0,E082::purnia,2019-0331-IND,29.0,26.474081319548002,4.0601841763260484,2.5259186804519977,5.26780992954826,0.0,129.0,1.0,129.0,0.0,0.3152793854985953
nb2,0,E082::saharsa,2019-0331-IND,84.0,24.73434350210477,4.0601841763260484,59.26565649789523,6.6144599059828595,0.0,121.0,1.0,121.0,0.0,0.3205508861569131
nb2,0,E082::sheohar,2019-0331-IND,137.0,19.173205361944937,4.0601841763260484,117.82679463805506,7.837055589988129,0.0,94.0,0.0,94.0,0.0,0.3410617937841903
nb2,0,E082::sitamarhi,2019-0331-IND,242.0,26.925720923500197,4.0601841763260484,215.0742790764998,8.803212704549471,0.0,131.0,0.0,131.0,0.0,0.3139805371193205
nb2,0,E082::supaul,2019-0331-IND,140.0,24.76728739601259,4.0601841763260484,115.23271260398741,7.552384567763398,0.0,121.0,0.0,121.0,0.0,0.32044685439295983
nb2,0,E084::belagavi,2019-0331-IND,2.0,28.334225841488923,4.0601841763260484,26.334225841488923,3.0623822196966857,0.0,138.0,1.0,138.0,0.0,0.31009659192258654
nb2,0,E084::dakshina%20kannada,2019-0331-IND,4.0,36.40222278137785,4.0601841763260484,32.40222278137785,3.631396071103026,0.0,177.0,1.0,177.0,0.0,0.2916759319913012
nb2,0,E084::hassan,2019-0331-IND,1.0,30.619125316318353,4.0601841763260484,29.619125316318353,2.5990541608336137,0.0,149.0,1.0,149.0,0.0,0.30427779379234926
nb2,0,E084::kodagu,2019-0331-IND,5.0,25.1745997086432,4.0601841763260484,20.1745997086432,3.7263994777380116,0.0,123.0,1.0,123.0,0.0,0.31917456425002516
nb2,0,E084::shivamogga,2019-0331-IND,0.0,28.83269110903673,4.0601841763260484,28.83269110903673,1.1751299669065995,0.0,141.0,1.0,141.0,1.0,0.3087788460486095
nb2,0,E084::udupi,2019-0331-IND,10.0,28.331134728382075,4.0601841763260484,18.331134728382075,4.306039660319821,0.0,138.0,1.0,138.0,0.0,0.31010485278329275
nb2,0,E084::uttara%20kannada,2019-0331-IND,0.0,31.786519460348526,4.0601841763260484,31.786519460348526,1.1989577148554036,0.0,155.0,1.0,155.0,1.0,0.30150830582419086
nb2,0,E084::vijayapura,2019-0331-IND,0.0,21.10422357506692,4.0601841763260484,21.10422357506692,1.0990398798954293,0.0,103.0,1.0,103.0,1.0,0.3331908333922602
nb2,0,E085::alappuzha,2019-0331-IND,9.0,37.19078170851117,4.0601841763260484,28.190781708511167,4.2670349560829,0.0,181.0,1.0,181.0,0.0,0.29015060278000654
nb2,0,E085::ernakulam,2019-0331-IND,9.0,44.48810863205254,4.0601841763260484,35.48810863205254,4.301177975373296,0.0,217.0,1.0,217.0,0.0,0.2776995321644718
nb2,0,E085::idukki,2019-0331-IND,11.0,38.580464987467444,4.0601841763260484,27.580464987467444,4.435947555350191,0.0,188.0,1.0,188.0,0.0,0.2875575871225467
nb2,0,E085::kannur,2019-0331-IND,19.0,40.80554472969332,4.0601841763260484,21.805544729693317,4.90234730001611,0.0,199.0,1.0,199.0,0.0,0.2836378253677238
nb2,0,E085::kasaragod,2019-0331-IND,17.0,33.312092289708296,4.0601841763260484,16.312092289708296,4.780347776236747,0.0,162.0,1.0,162.0,0.0,0.298073016589769
nb2,0,E085::kollam,2019-0331-IND,1.0,49.95659174152302,4.0601841763260484,48.95659174152302,2.7157669912941524,0.0,243.0,1.0,243.0,0.0,0.2699224446095955
nb2,0,E085::kottayam,2019-0331-IND,9.0,37.71341259428531,4.0601841763260484,28.71341259428531,4.269628939357259,0.0,184.0,1.0,184.0,0.0,0.2891615585763771
nb2,0,E085::kozhikode,2019-0331-IND,14.0,42.33937126591894,4.0601841763260484,28.339371265918942,4.649844814949449,0.0,206.0,1.0,206.0,0.0,0.28108681675103436
nb2,0,E085::malappuram,2019-0331-IND,5.0,41.687678892092585,4.0601841763260484,36.687678892092585,3.830449894909961,0.0,203.0,1.0,203.0,0.0,0.2821564709060101
nb2,0,E085::palakkad,2019-0331-IND,0.0,40.6387746890633,4.0601841763260484,40.6387746890633,1.2590545275510931,0.0,198.0,1.0,198.0,1.0,0.2839223403885545
nb2,0,E085::thiruvananthapuram,2019-0331-IND,5.0,54.58170276862283,4.0601841763260484,49.58170276862283,3.889540262442433,0.0,266.0,1.0,266.0,0.0,0.2641267620314069
nb2,0,E085::thrissur,2019-0331-IND,8.0,36.86059995877219,4.0601841763260484,28.86059995877219,4.171263243241311,0.0,180.0,1.0,180.0,0.0,0.29078436302940713
nb2,0,E085::wayanad,2019-0331-IND,7.0,33.01026740102854,4.0601841763260484,26.010267401028543,4.044087895125726,0.0,161.0,1.0,161.0,0.0,0.2987370265236436
nb2,0,E086::ahilyanagar,2019-0331-IND,0.0,42.206768563623406,4.0601841763260484,42.206768563623406,1.268323596595217,0.0,206.0,1.0,206.0,1.0,0.2813028037004409
nb2,0,E086::amravati,2019-0331-IND,0.0,30.58043144053877,4.0601841763260484,30.58043144053877,1.189505243430977,0.0,149.0,1.0,149.0,1.0,0.3043718167759374
nb2,0,E086::aurangabad,2019-0331-IND,0.0,32.29926774573211,4.0601841763260484,32.29926774573211,1.202868919027081,0.0,158.0,1.0,158.0,1.0,0.30033134844134574
nb2,0,E086::buldhana,2019-0331-IND,0.0,32.52902271138228,4.0601841763260484,32.52902271138228,1.2046015215358568,0.0,159.0,1.0,159.0,1.0,0.2998114441173991
nb2,0,E086::gadchiroli,2019-0331-IND,0.0,28.408442382281322,4.0601841763260484,28.408442382281322,1.171510179459012,0.0,139.0,1.0,139.0,1.0,0.3098985852258774
nb2,0,E086::hingoli,2019-0331-IND,0.0,27.35880534394183,4.0601841763260484,27.35880534394183,1.1623189132977643,0.0,133.0,1.0,133.0,1.0,0.3127600758218091
nb2,0,E086::latur,2019-0331-IND,0.0,26.20699984732448,4.0601841763260484,26.20699984732448,1.151821893799078,0.0,128.0,1.0,128.0,1.0,0.3160604159991098
nb2,0,E086::nagpur,2019-0331-IND,0.0,36.74685400984801,4.0601841763260484,36.74685400984801,1.2344171672444515,0.0,179.0,1.0,179.0,1.0,0.2910043198008248
nb2,0,E086::nashik,2019-0331-IND,1.0,50.56502129492556,4.0601841763260484,49.56502129492556,2.7186749566550494,0.0,246.0,1.0,246.0,0.0,0.2691227719254428
nb2,0,E086::pune,2019-0331-IND,4.0,64.73310238080465,4.0601841763260484,60.73310238080465,3.7606657920217885,0.0,315.0,1.0,315.0,0.0,0.25330424590651357
nb2,0,E086::raigad,2019-0331-IND,9.0,37.24760925425917,4.0601841763260484,28.247609254259167,4.267318199241283,0.0,182.0,1.0,182.0,0.0,0.29004222900698867
nb2,0,E086::ratnagiri,2019-0331-IND,16.0,40.5533863463019,4.0601841763260484,24.5533863463019,4.754773728502,0.0,198.0,1.0,198.0,0.0,0.2840685760883448
nb2,0,E086::sangli,2019-0331-IND,1.0,28.565273381001468,4.0601841763260484,27.565273381001468,2.582668037350677,0.0,139.0,1.0,139.0,0.0,0.3094822609936776
nb2,0,E086::thane,2019-0331-IND,92.0,54.6354041005195,4.0601841763260484,37.3645958994805,6.4582831073920834,0.0,266.0,1.0,266.0,0.0,0.2640630847673989
nb2,0,E086::yavatmal,2019-0331-IND,0.0,29.808146907517255,4.0601841763260484,29.808146907517255,1.1832563671404113,0.0,145.0,1.0,145.0,1.0,0.3062797536274879
nb2,0,E087::angul,2019-0331-IND,0.0,32.706164111680884,4.0601841763260484,32.706164111680884,1.205929088550896,0.0,159.0,1.0,159.0,1.0,0.29941368841555066
nb2,0,E087::bargarh,2019-0331-IND,0.0,28.480203271535228,4.0601841763260484,28.480203271535228,1.1721262102426855,0.0,139.0,1.0,139.0,1.0,0.3097077369478041
nb2,0,E087::bolangir,2019-0331-IND,0.0,34.948274604874236,4.0601841763260484,34.948274604874236,1.2221416313655715,0.0,170.0,1.0,170.0,1.0,0.2945985693045094
nb2,0,E087::cuttack,2019-0331-IND,0.0,28.01578496579115,4.0601841763260484,28.01578496579115,1.168111858763965,0.0,137.0,1.0,137.0,1.0,0.3109535114750267
nb2,0,E087::gajapati,2019-0331-IND,1.0,29.469942875231297,4.0601841763260484,28.469942875231297,2.5900201729375736,0.0,144.0,1.0,144.0,0.0,0.30713462971980804
nb2,0,E087::ganjam,2019-0331-IND,1.0,38.89005199468443,4.0601841763260484,37.89005199468443,2.6558296442707614,0.0,190.0,1.0,190.0,0.0,0.2869956596190906
nb2,0,E087::kalahandi,2019-0331-IND,1.0,31.272544023165008,4.0601841763260484,30.272544023165008,2.6040470260566604,0.0,153.0,1.0,153.0,0.0,0.3027118829158569
nb2,0,E087::kandhamal,2019-0331-IND,0.0,31.67729413439801,4.0601841763260484,31.67729413439801,1.1981164669250506,0.0,154.0,1.0,154.0,1.0,0.30176205578079784
nb2,0,E087::kendrapara,2019-0331-IND,0.0,26.94483397053959,4.0601841763260484,26.94483397053959,1.1585974634415124,0.0,131.0,1.0,131.0,1.0,0.313926165186785
nb2,0,E087::khordha,2019-0331-IND,0.0,31.41347456884691,4.0601841763260484,31.41347456884691,1.1960726109003101,0.0,153.0,1.0,153.0,1.0,0.30237944468864225
nb2,0,E087::koraput,2019-0331-IND,0.0,27.535801360637176,4.0601841763260484,27.535801360637176,1.163893040628061,0.0,134.0,1.0,134.0,1.0,0.3122681389258686
nb2,0,E087::nabarangpur,2019-0331-IND,0.0,31.801780214216713,4.0601841763260484,31.801780214216713,1.1990750239640855,0.0,155.0,1.0,155.0,1.0,0.3014729382280856
nb2,0,E087::nayagarh,2019-0331-IND,2.0,29.72937453864111,4.0601841763260484,27.72937453864111,3.0733117836520365,0.0,145.0,1.0,145.0,0.0,0.30647779135519754
nb2,0,E087::nuapada,2019-0331-IND,0.0,26.642672745810206,4.0601841763260484,26.642672745810206,1.1558451995952799,0.0,130.0,1.0,130.0,1.0,0.3147913629016573
nb2,0,E087::puri,2019-0331-IND,0.0,25.7845629265977,4.0601841763260484,25.7845629265977,1.1478570386111557,0.0,126.0,1.0,126.0,1.0,0.3173160373126489
nb2,0,E087::rayagada,2019-0331-IND,0.0,31.28855689858051,4.0601841763260484,31.28855689858051,1.195098903217838,0.0,153.0,1.0,153.0,1.0,0.302674017267475
nb2,0,E087::sambalpur,2019-0331-IND,0.0,28.449161082229725,4.0601841763260484,28.449161082229725,1.1718599178937636,0.0,139.0,1.0,139.0,1.0,0.30979022073046775
nb2,0,E087::subarnapur,2019-0331-IND,0.0,24.09465342994367,4.0601841763260484,24.09465342994367,1.1313251218288356,0.0,118.0,1.0,118.0,1.0,0.3226054814922725
nb2,0,E088::amritsar,2019-0331-IND,1.0,24.80915360030362,4.0601841763260484,23.80915360030362,2.549557662085707,0.0,121.0,1.0,121.0,0.0,0.3203148934673601
nb2,0,E088::bathinda,2019-0331-IND,13.0,21.86359645445959,4.0601841763260484,8.86359645445959,4.4974839652034495,0.0,107.0,1.0,107.0,0.0,0.33033511763690904
nb2,0,E088::faridkot,2019-0331-IND,2.0,18.705958246427432,4.0601841763260484,16.705958246427432,2.970055490443897,0.0,91.0,1.0,91.0,0.0,0.3431137921079956
nb2,0,E088::ferozepur,2019-0331-IND,1.0,27.512205200974932,4.0601841763260484,26.512205200974932,2.5738244509013084,0.0,134.0,1.0,134.0,0.0,0.312333495338221
nb2,0,E088::gurdaspur,2019-0331-IND,13.0,24.656505899695954,4.0601841763260484,11.656505899695954,4.510368095818287,0.0,120.0,1.0,120.0,0.0,0.3207973661003859
nb2,0,E088::jalandhar,2019-0331-IND,0.0,24.658887550049684,4.0601841763260484,24.658887550049684,1.1369691673604716,0.0,120.0,1.0,120.0,1.0,0.32078981015171937
nb2,0,E088::ludhiana,2019-0331-IND,4.0,27.96645365106138,4.0601841763260484,23.96645365106138,3.5750661125710077,0.0,136.0,1.0,136.0,0.0,0.3110873376468677
nb2,0,E088::mansa,2019-0331-IND,3.0,18.961362689207974,4.0601841763260484,15.961362689207974,3.2752383781374106,0.0,93.0,1.0,93.0,0.0,0.3419844271497655
nb2,0,E088::moga,2019-0331-IND,1.0,24.501270003949454,4.0601841763260484,23.501270003949454,2.546635943632503,0.0,120.0,1.0,120.0,0.0,0.32129181413904573
nb2,0,E088::muktsar,2019-0331-IND,3.0,18.989927739845914,4.0601841763260484,15.989927739845914,3.2755465223132094,0.0,93.0,1.0,93.0,0.0,0.341859280567535
nb2,0,E088::patiala,2019-0331-IND,26.0,29.179369893991872,4.0601841763260484,3.179369893991872,5.159621093890274,0.0,142.0,1.0,142.0,0.0,0.30787885108045265
nb2,0,E088::sangrur,2019-0331-IND,30.0,21.469537826734918,4.0601841763260484,8.530462173265082,5.315825505167013,0.0,105.0,1.0,105.0,0.0,0.331801491170601
nb2,0,E089::churu,2019-0331-IND,1.0,21.23838578771703,4.0601841763260484,20.23838578771703,2.5133409653756846,0.0,104.0,1.0,104.0,0.0,0.332677176422627
nb2,0,E089::dholpur,2019-0331-IND,0.0,20.227885050765416,4.0601841763260484,20.227885050765416,1.0887173315269412,0.0,99.0,1.0,99.0,1.0,0.33664802469976896
nb2,0,E089::jhalawar,2019-0331-IND,0.0,32.7658678414032,4.0601841763260484,32.7658678414032,1.2063749241823782,0.0,160.0,1.0,160.0,1.0,0.2992802288774208
nb2,0,E089::kota,2019-0331-IND,0.0,49.08261821054241,4.0601841763260484,49.08261821054241,1.305295147896219,0.0,239.0,1.0,239.0,1.0,0.27109251085243585
nb2,0,E089::sikar,2019-0331-IND,4.0,28.67904559802216,4.0601841763260484,24.67904559802216,3.580341954071475,0.0,140.0,1.0,140.0,0.0,0.30918200441754135
nb2,0,E090::agra,2019-0331-IND,1.0,28.82744956265685,4.0601841763260484,27.82744956265685,2.5848213533046698,0.0,141.0,1.0,141.0,0.0,0.30879255583774584
nb2,0,E090::ambedkar%20nagar,2019-0331-IND,2.0,26.574298637904736,4.0601841763260484,24.574298637904736,3.047869992238149,0.0,130.0,1.0,130.0,0.0,0.31498882491446867
nb2,0,E090::ayodhya,2019-0331-IND,0.0,28.019173200429776,4.0601841763260484,28.019173200429776,1.1681413842872064,0.0,137.0,1.0,137.0,1.0,0.3109443305454331
nb2,0,E090::bahraich,2019-0331-IND,2.0,29.99868529137261,4.0601841763260484,27.99868529137261,3.0753671560434843,0.0,146.0,1.0,146.0,0.0,0.3058033935218963
nb2,0,E090::ballia,2019-0331-IND,0.0,28.172169441223105,4.0601841763260484,28.172169441223105,1.169470938695615,0.0,137.0,1.0,137.0,1.0,0.31053118784869344
nb2,0,E090::balrampur,2019-0331-IND,3.0,24.794175345035423,4.0601841763260484,21.794175345035423,3.3314884667549074,0.0,121.0,1.0,121.0,0.0,0.32036207285303625
nb2,0,E090::banda,2019-0331-IND,0.0,22.50485325778666,4.0601841763260484,22.50485325778666,1.114689315437755,0.0,110.0,1.0,110.0,1.0,0.3280171729421003
nb2,0,E090::barabanki,2019-0331-IND,3.0,26.39376604460276,4.0601841763260484,23.39376604460276,3.344950864370712,0.0,129.0,1.0,129.0,0.0,0.31551322611854926
nb2,0,E090::farrukhabad,2019-0331-IND,0.0,26.000351949885633,4.0601841763260484,26.000351949885633,1.1498903375714005,0.0,127.0,1.0,127.0,1.0,0.3166714944401496
nb2,0,E090::ghazipur,2019-0331-IND,0.0,30.32545939799893,4.0601841763260484,30.32545939799893,1.187459638763675,0.0,148.0,1.0,148.0,1.0,0.30499507844107854
nb2,0,E090::gonda,2019-0331-IND,2.0,28.355941619533706,4.0601841763260484,26.355941619533706,3.0625560864040025,0.0,138.0,1.0,138.0,0.0,0.3100385888544342
nb2,0,E090::hamirpur,2019-0331-IND,0.0,18.79973170380029,4.0601841763260484,18.79973170380029,1.0709087606940304,0.0,92.0,1.0,92.0,1.0,0.34269694635357
nb2,0,E090::jalaun,2019-0331-IND,0.0,21.441248724945893,4.0601841763260484,21.441248724945893,1.102897351650308,0.0,105.0,1.0,105.0,1.0,0.33190803493355503
nb2,0,E090::kanpur%20dehat,2019-0331-IND,0.0,21.488585327038372,4.0601841763260484,21.488585327038372,1.1034343432160556,0.0,105.0,1.0,105.0,1.0,0.33172985096411806
nb2,0,E090::kanpur%20nagar,2019-0331-IND,1.0,31.485404389325282,4.0601841763260484,30.485404389325282,2.605651936278591,0.0,154.0,1.0,154.0,0.0,0.3022104809471043
nb2,0,E090::kushinagar,2019-0331-IND,1.0,30.311942775825038,4.0601841763260484,29.311942775825038,2.5966715450425872,0.0,148.0,1.0,148.0,0.0,0.3050282995860196
nb2,0,E090::lakhimpur%20kheri,2019-0331-IND,1.0,30.6083674478683,4.0601841763260484,29.6083674478683,2.598971106771504,0.0,149.0,1.0,149.0,0.0,0.3043039197915186
nb2,0,E090::mirzapur,2019-0331-IND,1.0,25.64154232760981,4.0601841763260484,24.64154232760981,2.557287880830422,0.0,125.0,1.0,125.0,0.0,0.3177469079569636
nb2,0,E090::pilibhit,2019-0331-IND,1.0,26.05644847217459,4.0601841763260484,25.05644847217459,2.5610524525846743,0.0,127.0,1.0,127.0,0.0,0.3165050200293994
nb2,0,E090::prayagraj,2019-0331-IND,3.0,31.398303259763367,4.0601841763260484,28.398303259763367,3.382926714611436,0.0,153.0,1.0,153.0,0.0,0.3024151433195131
nb2,0,E090::sitapur,2019-0331-IND,1.0,34.94436838976746,4.0601841763260484,33.94436838976746,2.6303660890992213,0.0,170.0,1.0,170.0,0.0,0.29460662300442286
nb2,0,E090::varanasi,2019-0331-IND,3.0,32.504483763447176,4.0601841763260484,29.504483763447176,3.3905944834989152,0.0,159.0,1.0,159.0,0.0,0.2998667554596889
nb2,0,E091::chamoli,2019-0331-IND,0.0,22.116654200438266,4.0601841763260484,22.116654200438266,1.110450571339284,0.0,108.0,1.0,108.0,1.0,0.3294105047003297
nb2,0,E091::champawat,2019-0331-IND,0.0,23.179242535314987,4.0601841763260484,23.179242535314987,1.1218838557916826,0.0,113.0,1.0,113.0,1.0,0.32566570914808046
nb2,0,E091::dehradun,2019-0331-IND,0.0,31.782395868286127,4.0601841763260484,31.782395868286127,1.198926007295065,0.0,155.0,1.0,155.0,1.0,0.30151786606855563
nb2,0,E091::haridwar,2019-0331-IND,0.0,32.73928786139665,4.0601841763260484,32.73928786139665,1.2061765387203873,0.0,160.0,1.0,160.0,1.0,0.29933960761363565
nb2,0,E091::nainital,2019-0331-IND,0.0,29.581267742358584,4.0601841763260484,29.581267742358584,1.1813900534787045,0.0,144.0,1.0,144.0,1.0,0.3068519014535674
nb2,0,E091::pithoragarh,2019-0331-IND,0.0,25.189077680390497,4.0601841763260484,25.189077680390497,1.1421573346445348,0.0,123.0,1.0,123.0,1.0,0.3191298088593581
nb2,0,E091::udham%20singh%20nagar,2019-0331-IND,0.0,22.566140904923994,4.0601841763260484,22.566140904923994,1.1153518973972971,0.0,110.0,1.0,110.0,1.0,0.3277999066671945
nb2,0,E091::uttarkashi,2019-0331-IND,1.0,22.288691722023543,4.0601841763260484,21.288691722023543,2.5245559725041598,0.0,109.0,1.0,109.0,0.0,0.3287893341608683
nb2,0,E092::birbhum,2019-0331-IND,1.0,25.748945113613562,4.0601841763260484,24.748945113613562,2.558267901504221,0.0,126.0,1.0,126.0,0.0,0.3174230648640082
nb2,0,E092::cooch%20behar,2019-0331-IND,1.0,24.208417949433876,4.0601841763260484,23.208417949433876,2.5438244076823495,0.0,118.0,1.0,118.0,0.0,0.32223519908888265
nb2,0,E092::howrah,2019-0331-IND,0.0,41.062119241193216,4.0601841763260484,41.062119241193216,1.261591669090603,0.0,200.0,1.0,200.0,1.0,0.283202902268853
nb2,0,E092::jalpaiguri,2019-0331-IND,6.0,26.817427718377246,4.0601841763260484,20.817427718377246,3.882234286500306,0.0,131.0,1.0,131.0,0.0,0.31428950748131185
nb2,0,E092::kolkata,2019-0331-IND,0.0,62.89386577410904,4.0601841763260484,62.89386577410904,1.3660920571159783,0.0,306.0,1.0,306.0,1.0,0.25510193793022307
nb2,0,E092::malda,2019-0331-IND,0.0,27.637942772243065,4.0601841763260484,27.637942772243065,1.1647968856990476,0.0,135.0,1.0,135.0,1.0,0.31198602442078244
nb2,0,E092::nadia,2019-0331-IND,0.0,41.23924995472207,4.0601841763260484,41.23924995472207,1.2626455223740272,0.0,201.0,1.0,201.0,1.0,0.28290460516871846
nb2,0,E092::north%2024%20parganas,2019-0331-IND,0.0,45.868324600443636,4.0601841763260484,45.868324600443636,1.2886997535945688,0.0,223.0,1.0,223.0,1.0,0.2756289357288669
nb2,0,E093::alappuzha,2019-0383-IND,42.0,31.6126109457014,4.0601841763260484,10.387389054298598,5.646696379967273,0.0,154.0,1.0,154.0,0.0,0.30191283706800776
nb2,0,E093::ernakulam,2019-0383-IND,41.0,44.679069842028994,4.0601841763260484,3.6790698420289942,5.6126740402902495,0.0,218.0,1.0,218.0,0.0,0.2774083399087069
nb2,0,E093::idukki,2019-0383-IND,47.0,34.84515409952382,4.0601841763260484,12.154845900476182,5.760122466426604,0.0,170.0,1.0,170.0,0.0,0.2948115539264228
nb2,0,E093::kannur,2019-0383-IND,70.0,47.61421163240132,4.0601841763260484,22.38578836759868,6.1662587214273,0.0,232.0,1.0,232.0,0.0,0.2731177643264771
nb2,0,E093::kasaragod,2019-0383-IND,10.0,38.17495763777056,4.0601841763260484,28.17495763777056,4.356692733976691,0.0,186.0,1.0,186.0,0.0,0.288302123859147
nb2,0,E093::kottayam,2019-0383-IND,19.0,33.03076254832137,4.0601841763260484,14.03076254832137,4.877446090928536,0.0,161.0,1.0,161.0,0.0,0.2986917002224312
nb2,0,E093::kozhikode,2019-0383-IND,182.0,51.33834655627106,4.0601841763260484,130.66165344372894,7.413967498077912,0.0,250.0,1.0,250.0,0.0,0.2681234284872204
nb2,0,E093::malappuram,2019-0383-IND,284.0,48.21941753151575,4.0601841763260484,235.78058246848425,8.309663840379118,0.0,235.0,0.0,235.0,0.0,0.27227379494525616
nb2,0,E093::pathanamthitta,2019-0383-IND,11.0,35.14103808701568,4.0601841763260484,24.14103808701568,4.419929699115521,0.0,171.0,1.0,171.0,0.0,0.29420251449516643
nb2,0,E093::thrissur,2019-0383-IND,28.0,39.3812943211892,4.0601841763260484,11.381294321189202,5.244563805075655,0.0,192.0,1.0,192.0,0.0,0.28611528678208925
nb2,0,E093::wayanad,2019-0383-IND,335.0,32.44091904020543,4.0601841763260484,302.5590809597946,9.423909678689846,0.0,158.0,0.0,158.0,0.0,0.30001027228726684
nb2,0,E094::sangli,2019-0383-IND,379.0,33.85254086904549,4.0601841763260484,345.14745913095453,9.740992523001943,0.0,165.0,0.0,165.0,0.0,0.2969024335991492
nb2,0,E095::balangir,2019-0383-IND,11.0,29.027805290332335,4.0601841763260484,18.027805290332335,4.389331374131401,0.0,142.0,1.0,142.0,0.0,0.30827068563647986
nb2,0,E095::kalahandi,2019-0383-IND,42.0,29.86326684439872,4.0601841763260484,12.13673315560128,5.65180281569633,0.0,146.0,1.0,146.0,0.0,0.3061415636099647
nb2,0,E095::kandhamal,2019-0383-IND,24.0,25.195571251593027,4.0601841763260484,1.1955712515930266,5.078693981025861,0.0,123.0,1.0,123.0,0.0,0.31910974575790757
nb2,0,E095::nuapada,2019-0383-IND,2.0,24.877911896796288,4.0601841763260484,22.877911896796288,3.0330295273442673,0.0,121.0,1.0,121.0,0.0,0.3200987647119066
nb2,0,E095::subarnapur,2019-0383-IND,13.0,21.602105859499993,4.0601841763260484,8.602105859499993,4.4963065530902195,0.0,106.0,1.0,106.0,0.0,0.33130450165679365
nb2,0,E096::birbhum,2019-0383-IND,0.0,25.742026140049347,4.0601841763260484,25.742026140049347,1.1474542422351448,0.0,126.0,1.0,126.0,1.0,0.3174438768074427
nb2,0,E096::nadia,2019-0383-IND,0.0,40.080723573406544,4.0601841763260484,40.080723573406544,1.2556696387358026,0.0,195.0,1.0,195.0,1.0,0.284885014295867
nb2,0,E156::chamba,2022-0539-IND,5.0,24.507472856006427,4.0601841763260484,19.507472856006427,3.7211681084441857,0.0,120.0,1.0,120.0,0.0,0.32127198311849614
nb2,0,E156::kangra,2022-0539-IND,4.0,27.649004232027348,4.0601841763260484,23.649004232027348,3.572680009747103,0.0,135.0,1.0,135.0,0.0,0.31195554997986163
nb2,0,E156::mandi,2022-0539-IND,3.0,28.712432224764637,4.0601841763260484,25.712432224764637,3.3632648364124496,0.0,140.0,1.0,140.0,0.0,0.30909417291072677
nb2,0,E157::sahibganj,2022-0539-IND,0.0,24.000432294232237,4.0601841763260484,24.000432294232237,1.1303698938607152,0.0,117.0,1.0,117.0,1.0,0.3229137905001132
nb2,0,E158::dehradun,2022-0539-IND,1.0,29.87321864089733,4.0601841763260484,28.87321864089733,2.5932282346335,0.0,146.0,1.0,146.0,0.0,0.30611664727342147
nb2,0,E158::pauri%20garhwal,2022-0539-IND,0.0,27.263476352055342,4.0601841763260484,27.263476352055342,1.1614669107255136,0.0,133.0,1.0,133.0,1.0,0.313026661760733
nb2,0,E158::uttarkashi,2022-0539-IND,0.0,19.697368367700953,4.0601841763260484,19.697368367700953,1.0822513400316798,0.0,96.0,1.0,96.0,1.0,0.33883184062336913
nb2,0,E185::dhalai,2024-0624-IND,9.0,18.847665397780275,4.0601841763260484,9.847665397780275,4.158648857348287,0.0,92.0,1.0,92.0,0.0,0.3424848561178001
nb2,0,E185::north%20tripura,2024-0624-IND,9.0,23.312033008729358,4.0601841763260484,14.312033008729358,4.188137472503917,0.0,114.0,1.0,114.0,0.0,0.32521263074689816
nb2,0,E185::south%20tripura,2024-0624-IND,69.0,19.28436855742665,4.0601841763260484,49.715631442573354,6.449189829735923,0.0,94.0,1.0,94.0,0.0,0.340582650922363
nb2,0,E185::west%20tripura,2024-0624-IND,47.0,24.258334910513703,4.0601841763260484,22.741665089486297,5.815423768489895,0.0,118.0,1.0,118.0,0.0,0.3220734056486161
nb2,0,E200::kishtwar,2025-0690-IND,824.0,14.801037943670508,4.0601841763260484,809.1989620563295,20.976100663927735,0.0,72.0,0.0,72.0,0.0,0.36317603716291075
nb2,0,E201::amritsar,2025-0751-IND,40.0,19.081661284672865,4.0601841763260484,20.918338715327135,5.673981961715208,0.0,93.0,1.0,93.0,0.0,0.3414589468738717
nb2,0,E201::firozpur,2025-0751-IND,5.0,17.43030821688088,4.0601841763260484,12.430308216880881,3.65839066450779,0.0,85.0,1.0,85.0,0.0,0.3490531339888105
nb2,0,E201::gurdaspur,2025-0751-IND,76.0,22.42283846787043,4.0601841763260484,53.577161532129566,6.513167394762642,0.0,109.0,1.0,109.0,0.0,0.32830906134521026
nb2,0,E201::hoshiarpur,2025-0751-IND,66.0,23.49136911961492,4.0601841763260484,42.508630880385084,6.276498293571303,0.0,115.0,1.0,115.0,0.0,0.3246057663707766
nb2,0,E201::jalandhar,2025-0751-IND,20.0,22.600048023867192,4.0601841763260484,2.600048023867192,4.89886601839983,0.0,110.0,1.0,110.0,0.0,0.327680017388666
nb2,0,E201::kapurthala,2025-0751-IND,85.0,18.412460445759336,4.0601841763260484,66.58753955424066,6.848666554982664,0.0,90.0,1.0,90.0,0.0,0.3444352584953576
nb2,0,E201::ludhiana,2025-0751-IND,11.0,24.43942099858201,4.0601841763260484,13.439420998582008,4.364705114437712,0.0,119.0,1.0,119.0,0.0,0.321489889876596
nb2,0,E201::moga,2025-0751-IND,0.0,14.37242880768382,4.0601841763260484,14.37242880768382,1.0057502977559876,0.0,70.0,1.0,70.0,1.0,0.365770095341981
nb2,0,E201::sangrur,2025-0751-IND,6.0,15.625648355587252,4.0601841763260484,9.625648355587252,3.789783827807112,0.0,76.0,1.0,76.0,0.0,0.3584349963226285
poisson,0,E001::anantnag,2015-0107-IND,46.0,61.55830715959892,,15.558307159598918,4.991580955422229,49.0,75.0,0.0,26.0,0.0,1.8431763329494726e-27
poisson,0,E001::budgam,2015-0107-IND,114.0,38.745700693504354,,75.25429930649565,51.05983538307928,29.0,49.0,0.0,20.0,0.0,1.4892101628983925e-17
poisson,0,E001::shopian,2015-0107-IND,3.0,36.72528062261008,,33.72528062261008,27.70664400218346,27.0,47.0,0.0,20.0,0.0,1.123086687197192e-16
poisson,0,E001::srinagar,2015-0107-IND,222.0,53.997718600063855,,168.00228139993615,149.46767092445984,42.0,66.0,0.0,24.0,0.0,3.540697111082309e-24
poisson,0,E028::tawang,2016-0139-IND,18.0,17.55209727437291,,0.44790272562709177,2.3744204618713987,11.0,25.0,1.0,14.0,0.0,2.3835321152968467e-08
poisson,0,E029::barpeta,2016-0139-IND,1.0,31.854343013706597,,30.854343013706597,28.393169282626246,23.0,41.0,0.0,18.0,0.0,1.4649898120460075e-14
poisson,0,E029::dhubri,2016-0139-IND,1.0,39.20005242405219,,38.20005242405219,35.531374339908396,29.0,50.0,0.0,21.0,0.0,9.454390623427228e-18
poisson,0,E029::jorhat,2016-0139-IND,27.0,27.383398156957835,,0.38339815695783486,2.572639860857631,19.0,36.0,1.0,17.0,0.0,1.2809768602968827e-12
poisson,0,E029::lakhimpur,2016-0139-IND,15.0,34.35274614507451,,19.352746145074512,9.201788106833828,25.0,44.0,0.0,19.0,0.0,1.2044586945047497e-15
poisson,0,E030::mon,2016-0139-IND,3.0,38.623911724620456,,35.623911724620456,29.454056515628658,29.0,49.0,0.0,20.0,0.0,1.682086279944598e-17
poisson,0,E032::barpeta,2016-0239-IND,11.0,23.214585594052394,,12.214585594052394,6.124304964110742,16.0,31.0,0.0,15.0,0.0,8.28006177304573e-11
poisson,0,E032::bongaigaon,2016-0239-IND,1.0,22.269851378262608,,21.269851378262608,19.166617570645478,15.0,30.0,0.0,15.0,0.0,2.1297392442296123e-10
poisson,0,E032::dhemaji,2016-0239-IND,38.0,24.475693197001398,,13.524306802998602,5.9320324060049145,17.0,33.0,0.0,16.0,0.0,2.3460729047292484e-11
poisson,0,E032::dhubri,2016-0239-IND,6.0,30.993636767754175,,24.993636767754175,16.970196472610446,22.0,40.0,0.0,18.0,0.0,3.46445223207065e-14
poisson,0,E032::goalpara,2016-0239-IND,1.0,25.182532332189165,,24.182532332189165,21.956381739440303,17.0,34.0,0.0,17.0,0.0,1.157084744715025e-11
poisson,0,E032::jorhat,2016-0239-IND,37.0,60.5033946773183,,23.503394677318298,8.034126600337785,48.0,74.0,0.0,26.0,0.0,5.293093372758012e-27
poisson,0,E032::lakhimpur,2016-0239-IND,42.0,45.58514769594996,,3.5851476959499635,2.9345869838603775,35.0,57.0,1.0,22.0,0.0,1.5944903636093325e-20
poisson,0,E032::morigaon,2016-0239-IND,23.0,22.53768266783401,,0.46231733216599125,2.4950182837516586,15.0,31.0,1.0,16.0,0.0,1.6293289812354553e-10
poisson,0,E032::sonitpur,2016-0239-IND,25.0,29.080860322964504,,4.080860322964504,2.8324596228483756,21.0,38.0,1.0,17.0,0.0,2.3460800837819375e-13
poisson,0,E033::chamoli,2016-0239-IND,105.0,32.210794606192,,72.789205393808,54.53167230762751,23.0,42.0,0.0,19.0,0.0,1.0257219393354524e-14
poisson,0,E033::pithoragarh,2016-0239-IND,107.0,44.089316871800165,,62.910683128199835,35.21286085637648,33.0,55.0,0.0,22.0,0.0,7.116279082732809e-20
poisson,0,E060::dakshina%20kannada,2018-0216-IND,63.0,52.403099873844766,,10.596900126155234,3.9975741821989033,41.0,65.0,1.0,24.0,0.0,1.7443068655370276e-23
poisson,0,E060::udupi,2018-0216-IND,47.0,39.47959271385605,,7.52040728614395,3.5204721335723264,29.0,50.0,1.0,21.0,0.0,7.148760321296805e-18
poisson,0,E081::baksa,2019-0331-IND,98.0,16.422549118626996,,81.57745088137301,96.69341164001412,10.0,23.0,0.0,13.0,0.0,7.375263462564529e-08
poisson,0,E081::barpeta,2019-0331-IND,200.0,18.032241344213723,,181.96775865578627,302.83196025150687,11.0,25.0,0.0,14.0,0.0,1.474677614907988e-08
poisson,0,E081::biswanath,2019-0331-IND,60.0,18.07423898000139,,41.92576101999861,33.03315258163011,11.0,25.0,0.0,14.0,0.0,1.4140271440784397e-08
poisson,0,E081::bongaigaon,2019-0331-IND,66.0,16.812690488731224,,49.18730951126878,44.084088809441,10.0,24.0,0.0,14.0,0.0,4.992766950686408e-08
poisson,0,E081::cachar,2019-0331-IND,47.0,20.828120099131,,26.171879900869,14.92455466508919,14.0,29.0,0.0,15.0,0.0,9.004557434770403e-10
poisson,0,E081::chirang,2019-0331-IND,64.0,17.947591823934435,,46.05240817606557,38.31861078129526,11.0,25.0,0.0,14.0,0.0,1.604944088288594e-08
poisson,0,E081::darrang,2019-0331-IND,59.0,16.609212500509752,,42.390787499490244,35.35554819326063,10.0,24.0,0.0,14.0,0.0,6.11942564609334e-08
poisson,0,E081::dhemaji,2019-0331-IND,86.0,14.763703533403067,,71.23629646659694,83.45788558523225,9.0,21.0,0.0,12.0,0.0,3.8744050578324677e-07
poisson,0,E081::dhubri,2019-0331-IND,163.0,20.7018342553875,,142.2981657446125,197.52320570943823,14.0,28.0,0.0,14.0,0.0,1.0216628873640118e-09
poisson,0,E081::dibrugarh,2019-0331-IND,59.0,18.96256904927189,,40.03743095072811,29.890845735121374,12.0,26.0,0.0,14.0,0.0,5.816488840472848e-09
poisson,0,E081::goalpara,2019-0331-IND,97.0,18.69287059068258,,78.30712940931741,84.61719529640143,12.0,26.0,0.0,14.0,0.0,7.617096392778922e-09
poisson,0,E081::golaghat,2019-0331-IND,143.0,20.7165423022439,,122.28345769775609,157.38091678637159,14.0,28.0,0.0,14.0,0.0,1.006746188404482e-09
poisson,0,E081::hailakandi,2019-0331-IND,27.0,19.032049832302718,,7.967950167697282,4.044229893124651,12.0,26.0,0.0,14.0,0.0,5.4260748272640756e-09
poisson,0,E081::hojai,2019-0331-IND,28.0,17.91461115640728,,10.085388843592721,5.007088216673981,11.0,25.0,0.0,14.0,0.0,1.658758759684167e-08
poisson,0,E081::jorhat,2019-0331-IND,117.0,21.81591681497858,,95.18408318502142,104.62214453247324,14.0,30.0,0.0,16.0,0.0,3.3532637153631576e-10
poisson,0,E081::kamrup,2019-0331-IND,108.0,17.46053082356687,,90.53946917643313,109.51764026321283,11.0,25.0,0.0,14.0,0.0,2.6120880493170813e-08
poisson,0,E081::karbi%20anglong,2019-0331-IND,56.0,21.206240361691517,,34.79375963830849,22.518489778216736,14.0,29.0,0.0,15.0,0.0,6.169455400182416e-10
poisson,0,E081::karimganj,2019-0331-IND,35.0,20.64929833041129,,14.350701669588709,6.816627045546902,13.0,28.0,0.0,15.0,0.0,1.0767718168805568e-09
poisson,0,E081::kokrajhar,2019-0331-IND,67.0,18.092072455170328,,48.907927544829676,41.832258188599525,11.0,25.0,0.0,14.0,0.0,1.3890336489462262e-08
poisson,0,E081::lakhimpur,2019-0331-IND,98.0,17.744729136957027,,80.25527086304297,90.42713952073828,11.0,25.0,0.0,14.0,0.0,1.965902853041801e-08
poisson,0,E081::majuli,2019-0331-IND,54.0,13.503099951320547,,40.49690004867945,37.265570818677915,8.0,20.0,0.0,12.0,0.0,1.3667157604039102e-06
poisson,0,E081::morigaon,2019-0331-IND,227.0,16.169304346526854,,210.83069565347316,392.4977130908707,10.0,23.0,0.0,13.0,0.0,9.500803722777177e-08
poisson,0,E081::nagaon,2019-0331-IND,123.0,21.35548950382626,,101.64451049617374,117.0388878030157,14.0,29.0,0.0,15.0,0.0,5.31408810034902e-10
poisson,0,E081::nalbari,2019-0331-IND,110.0,15.306932912721612,,94.6930670872784,125.51606513492925,9.0,22.0,0.0,13.0,0.0,2.250523235375369e-07
poisson,0,E081::sivasagar,2019-0331-IND,28.0,18.748831025947766,,9.251168974052234,4.566894817806897,12.0,26.0,0.0,14.0,0.0,7.202547702474635e-09
poisson,0,E081::sonitpur,2019-0331-IND,98.0,20.81306161795132,,77.18693838204868,77.86523343914857,14.0,29.0,0.0,15.0,0.0,9.141178464386963e-10
poisson,0,E081::south%20salmara,2019-0331-IND,58.0,17.608208888786713,,40.39179111121329,31.699318274668308,11.0,25.0,0.0,14.0,0.0,2.2534713627424658e-08
poisson,0,E081::tinsukia,2019-0331-IND,28.0,21.36936974683434,,6.630630253165659,3.5242727428806724,14.0,29.0,1.0,15.0,0.0,5.240836815022916e-10
poisson,0,E081::udalguri,2019-0331-IND,49.0,20.30953833286877,,28.69046166713123,17.331840708108118,13.0,28.0,0.0,15.0,0.0,1.5124449356489749e-09
poisson,0,E081::west%20karbi%20anglong,2019-0331-IND,4.0,18.92647555407791,,14.92647555407791,10.342282325243822,12.0,26.0,0.0,14.0,0.0,6.030260936585921e-09
poisson,0,E082::araria,2019-0331-IND,183.0,19.704699526572632,,163.29530047342737,248.06794184362352,13.0,27.0,0.0,14.0,0.0,2.769221712141842e-09
poisson,0,E082::darbhanga,2019-0331-IND,202.0,22.918799199434,,179.081200800566,264.106944093364,15.0,31.0,0.0,16.0,0.0,1.112991828621118e-10
poisson,0,E082::east%20champaran,2019-0331-IND,115.0,22.676747692539145,,92.32325230746085,97.68196377820402,15.0,31.0,0.0,16.0,0.0,1.4177955523152538e-10
poisson,0,E082::katihar,2019-0331-IND,95.0,21.069567731500104,,73.9304322684999,72.34080398344052,14.0,29.0,0.0,15.0,0.0,7.072989251781879e-10
poisson,0,E082::kishanganj,2019-0331-IND,137.0,17.715551922566483,,119.28444807743352,164.33379961976198,11.0,25.0,0.0,14.0,0.0,2.0241074164506503e-08
poisson,0,E082::madhubani,2019-0331-IND,223.0,22.831117246384462,,200.16888275361555,311.68157986463666,15.0,31.0,0.0,16.0,0.0,1.2149873722832533e-10
poisson,0,E082::muzaffarpur,2019-0331-IND,161.0,26.728370078750146,,134.27162992124985,158.29281743304867,19.0,35.0,0.0,16.0,0.0,2.4661322611345035e-12
poisson,0,E082::purnia,2019-0331-IND,29.0,21.73490426027358,,7.265095739726419,3.7032789000068647,14.0,30.0,1.0,16.0,0.0,3.6362272329267763e-10
poisson,0,E082::saharsa,2019-0331-IND,84.0,21.539147394129746,,62.46085260587026,54.99384205443303,14.0,29.0,0.0,15.0,0.0,4.422492874292011e-10
poisson,0,E082::sheohar,2019-0331-IND,137.0,17.196070985973194,,119.8039290140268,167.8917081372231,11.0,24.0,0.0,13.0,0.0,3.402837893313965e-08
poisson,0,E082::sitamarhi,2019-0331-IND,242.0,22.163833139965778,,219.8361668600342,362.322753561307,15.0,30.0,0.0,15.0,0.0,2.36793386967593e-10
poisson,0,E082::supaul,2019-0331-IND,140.0,20.915764968092795,,119.08423503190721,150.46561401027247,14.0,29.0,0.0,15.0,0.0,8.248950349163264e-10
poisson,0,E084::belagavi,2019-0331-IND,2.0,22.636487067069076,,20.636487067069076,17.090508094801905,15.0,31.0,0.0,16.0,0.0,1.4760415303432758e-10
poisson,0,E084::dakshina%20kannada,2019-0331-IND,4.0,40.98286995048867,,36.98286995048867,29.308307087583078,31.0,52.0,0.0,21.0,0.0,1.5898850585582704e-18
poisson,0,E084::hassan,2019-0331-IND,1.0,31.468328596579358,,30.468328596579358,28.019346997921446,23.0,41.0,0.0,18.0,0.0,2.1551551263223518e-14
poisson,0,E084::kodagu,2019-0331-IND,5.0,28.352416779183926,,23.352416779183926,16.416347149549186,20.0,37.0,0.0,17.0,0.0,4.86073387567887e-13
poisson,0,E084::shivamogga,2019-0331-IND,0.0,28.464181344407173,,28.464181344407173,28.464181344407173,20.0,38.0,0.0,18.0,1.0,4.34673446078625e-13
poisson,0,E084::udupi,2019-0331-IND,10.0,29.89208510682989,,19.89208510682989,11.020560347825011,21.0,39.0,0.0,18.0,0.0,1.0423951583386533e-13
poisson,0,E084::uttara%20kannada,2019-0331-IND,0.0,34.99389198991705,,34.99389198991705,34.99389198991705,26.0,45.0,0.0,19.0,1.0,6.343746331699821e-16
poisson,0,E084::vijayapura,2019-0331-IND,0.0,15.973691117025153,,15.973691117025153,15.973691117025153,10.0,23.0,0.0,13.0,1.0,1.1553513928454969e-07
poisson,0,E085::alappuzha,2019-0331-IND,9.0,42.363269338165146,,33.363269338165146,21.448561539861338,32.0,53.0,0.0,21.0,0.0,3.9982126698449515e-19
poisson,0,E085::ernakulam,2019-0331-IND,9.0,52.8348196623147,,43.8348196623147,29.93211321242684,41.0,65.0,0.0,24.0,0.0,1.1327377346304198e-23
poisson,0,E085::idukki,2019-0331-IND,11.0,51.34334647677244,,40.34334647677244,25.521765407093177,40.0,63.0,0.0,23.0,0.0,5.0334753102561676e-23
poisson,0,E085::kannur,2019-0331-IND,19.0,48.00849014088586,,29.00849014088586,13.792194737248195,37.0,60.0,0.0,23.0,0.0,1.4131154585260129e-21
poisson,0,E085::kasaragod,2019-0331-IND,17.0,38.64000990883981,,21.640009908839808,10.022182840644653,29.0,49.0,0.0,20.0,0.0,1.6552245378759772e-17
poisson,0,E085::kollam,2019-0331-IND,1.0,67.31614114756174,,66.31614114756174,63.10674110092242,54.0,81.0,0.0,27.0,0.0,5.8206482707064835e-30
poisson,0,E085::kottayam,2019-0331-IND,9.0,44.03712945025152,,35.03712945025152,22.773658767369753,33.0,55.0,0.0,22.0,0.0,7.49752082799671e-20
poisson,0,E085::kozhikode,2019-0331-IND,14.0,49.13558620547125,,35.13558620547125,19.80263779670403,38.0,61.0,0.0,23.0,0.0,4.578108128451802e-22
poisson,0,E085::malappuram,2019-0331-IND,5.0,45.19488491580731,,40.19488491580731,30.927457084314383,34.0,57.0,0.0,23.0,0.0,2.355650579951662e-20
poisson,0,E085::palakkad,2019-0331-IND,0.0,46.66398838646364,,46.66398838646364,46.66398838646364,36.0,58.0,0.0,22.0,1.0,5.421099021611986e-21
poisson,0,E085::thiruvananthapuram,2019-0331-IND,5.0,74.91574802420631,,69.91574802420631,58.12141915490013,61.0,89.0,0.0,28.0,0.0,2.914097145124923e-33
poisson,0,E085::thrissur,2019-0331-IND,8.0,38.66453991612282,,30.66453991612282,20.02975962881733,29.0,49.0,0.0,20.0,0.0,1.615115812735965e-17
poisson,0,E085::wayanad,2019-0331-IND,7.0,41.760357881702674,,34.760357881702674,24.161886648255447,31.0,53.0,0.0,22.0,0.0,7.306459976941106e-19
poisson,0,E086::ahilyanagar,2019-0331-IND,0.0,45.26033057851629,,45.26033057851629,45.26033057851629,34.0,57.0,0.0,23.0,1.0,2.2064199753085847e-20
poisson,0,E086::amravati,2019-0331-IND,0.0,28.510882213097208,,28.510882213097208,28.510882213097208,20.0,38.0,0.0,18.0,1.0,4.148405302040008e-13
poisson,0,E086::aurangabad,2019-0331-IND,0.0,29.806949912870913,,29.806949912870913,29.806949912870913,21.0,39.0,0.0,18.0,1.0,1.1350268375265749e-13
poisson,0,E086::buldhana,2019-0331-IND,0.0,32.39705543179446,,32.39705543179446,32.39705543179446,23.0,42.0,0.0,19.0,1.0,8.514077441229357e-15
poisson,0,E086::gadchiroli,2019-0331-IND,0.0,30.59094969833424,,30.59094969833424,30.59094969833424,22.0,40.0,0.0,18.0,1.0,5.1822618087283675e-14
poisson,0,E086::hingoli,2019-0331-IND,0.0,28.156011865946574,,28.156011865946574,28.156011865946574,20.0,37.0,0.0,17.0,1.0,5.915608362685794e-13
poisson,0,E086::latur,2019-0331-IND,0.0,22.60582930453004,,22.60582930453004,22.60582930453004,15.0,31.0,0.0,16.0,1.0,1.5219944690177938e-10
poisson,0,E086::nagpur,2019-0331-IND,0.0,35.52777020618033,,35.52777020618033,35.52777020618033,26.0,46.0,0.0,20.0,1.0,3.719507554591669e-16
poisson,0,E086::nashik,2019-0331-IND,1.0,58.16324097328891,,57.16324097328891,54.099987416490904,46.0,71.0,0.0,25.0,0.0,5.495730096068327e-26
poisson,0,E086::pune,2019-0331-IND,4.0,81.46894603206142,,77.46894603206142,67.04611219298985,67.0,97.0,0.0,30.0,0.0,4.154189386299878e-36
poisson,0,E086::raigad,2019-0331-IND,9.0,40.71120799504877,,31.711207995048767,20.154504557862516,31.0,51.0,0.0,20.0,0.0,2.0861571281633307e-18
poisson,0,E086::ratnagiri,2019-0331-IND,16.0,51.90082015140945,,35.90082015140945,19.383326776226795,40.0,64.0,0.0,24.0,0.0,2.8824395093329273e-23
poisson,0,E086::sangli,2019-0331-IND,1.0,25.485249547971637,,24.485249547971637,22.247149712272634,17.0,34.0,0.0,17.0,0.0,8.548634545865119e-12
poisson,0,E086::thane,2019-0331-IND,92.0,59.02594878630988,,32.97405121369012,11.037338031812922,47.0,72.0,0.0,25.0,0.0,2.3192958612659628e-26
poisson,0,E086::yavatmal,2019-0331-IND,0.0,27.511572048503588,,27.511572048503588,27.511572048503588,19.0,36.0,0.0,17.0,1.0,1.126875847916867e-12
poisson,0,E087::angul,2019-0331-IND,0.0,37.63743717212433,,37.63743717212433,37.63743717212433,28.0,48.0,0.0,20.0,1.0,4.510957372822085e-17
poisson,0,E087::bargarh,2019-0331-IND,0.0,28.817715573862042,,28.817715573862042,28.817715573862042,20.0,38.0,0.0,18.0,1.0,3.0522854413874825e-13
poisson,0,E087::bolangir,2019-0331-IND,0.0,40.058620664450366,,40.058620664450366,40.058620664450366,30.0,51.0,0.0,21.0,1.0,4.0064718232117945e-18
poisson,0,E087::cuttack,2019-0331-IND,0.0,25.009103934079853,,25.009103934079853,25.009103934079853,17.0,33.0,0.0,16.0,1.0,1.3762082724572048e-11
poisson,0,E087::gajapati,2019-0331-IND,1.0,36.835218018187696,,35.835218018187696,33.22876361929244,27.0,47.0,0.0,20.0,0.0,1.0061623795312409e-16
poisson,0,E087::ganjam,2019-0331-IND,1.0,41.36210269765455,,40.36210269765455,37.63973762982848,31.0,52.0,0.0,21.0,0.0,1.0880955608477083e-18
poisson,0,E087::kalahandi,2019-0331-IND,1.0,33.408890978455865,,32.408890978455865,29.900068916937578,24.0,43.0,0.0,19.0,0.0,3.0953018091495307e-15
poisson,0,E087::kandhamal,2019-0331-IND,0.0,39.76318171443259,,39.76318171443259,39.76318171443259,30.0,50.0,0.0,20.0,1.0,5.383560506501066e-18
poisson,0,E087::kendrapara,2019-0331-IND,0.0,26.353450467645754,,26.353450467645754,26.353450467645754,18.0,35.0,0.0,17.0,1.0,3.5879128273204208e-12
poisson,0,E087::khordha,2019-0331-IND,0.0,31.368003688832264,,31.368003688832264,31.368003688832264,22.0,41.0,0.0,19.0,1.0,2.38258876535569e-14
poisson,0,E087::koraput,2019-0331-IND,0.0,27.58640266015204,,27.58640266015204,27.58640266015204,19.0,36.0,0.0,17.0,1.0,1.0456288301497486e-12
poisson,0,E087::nabarangpur,2019-0331-IND,0.0,36.17516660762174,,36.17516660762174,36.17516660762174,27.0,46.0,0.0,19.0,1.0,1.9468153433866495e-16
poisson,0,E087::nayagarh,2019-0331-IND,2.0,33.787314124818444,,31.787314124818444,27.440290484803985,25.0,44.0,0.0,19.0,0.0,2.1200979068463596e-15
poisson,0,E087::nuapada,2019-0331-IND,0.0,30.654008400391188,,30.654008400391188,30.654008400391188,22.0,40.0,0.0,18.0,1.0,4.8655652771805857e-14
poisson,0,E087::puri,2019-0331-IND,0.0,23.651413859333616,,23.651413859333616,23.651413859333616,16.0,32.0,0.0,16.0,1.0,5.349601989213048e-11
poisson,0,E087::rayagada,2019-0331-IND,0.0,36.84107213495898,,36.84107213495898,36.84107213495898,27.0,47.0,0.0,20.0,1.0,1.0002893948123547e-16
poisson,0,E087::sambalpur,2019-0331-IND,0.0,30.850122711441916,,30.850122711441916,30.850122711441916,22.0,40.0,0.0,18.0,1.0,3.9990970193564294e-14
poisson,0,E087::subarnapur,2019-0331-IND,0.0,25.805667318004293,,25.805667318004293,25.805667318004293,18.0,34.0,0.0,16.0,1.0,6.204989943364134e-12
poisson,0,E088::amritsar,2019-0331-IND,1.0,20.51925387461716,,19.51925387461716,17.497890215861766,13.0,28.0,0.0,15.0,0.0,1.2263128229262226e-09
poisson,0,E088::bathinda,2019-0331-IND,13.0,18.556849608948134,,5.556849608948134,3.1381068253793423,12.0,26.0,1.0,14.0,0.0,8.726952523652994e-09
poisson,0,E088::faridkot,2019-0331-IND,2.0,16.684687084279318,,14.684687084279318,11.74885154941131,10.0,24.0,0.0,14.0,0.0,5.674563588315223e-08
poisson,0,E088::ferozepur,2019-0331-IND,1.0,25.51469995018044,,24.51469995018044,22.275445195475747,18.0,34.0,0.0,16.0,0.0,8.300544920735204e-12
poisson,0,E088::gurdaspur,2019-0331-IND,13.0,20.630024060593072,,7.6300240605930725,3.8344704998551116,13.0,28.0,1.0,15.0,0.0,1.0977271076434537e-09
poisson,0,E088::jalandhar,2019-0331-IND,0.0,20.825421273508915,,20.825421273508915,20.825421273508915,14.0,29.0,0.0,15.0,1.0,9.028891987677945e-10
poisson,0,E088::ludhiana,2019-0331-IND,4.0,23.550010304315368,,19.550010304315368,14.091559102611804,16.0,32.0,0.0,16.0,0.0,5.920528500350653e-11
poisson,0,E088::mansa,2019-0331-IND,3.0,16.345725748532242,,13.345725748532242,9.755585894585016,10.0,23.0,0.0,13.0,0.0,7.964188026033098e-08
poisson,0,E088::moga,2019-0331-IND,1.0,24.0953775656595,,23.0953775656595,20.913357545814087,16.0,32.0,0.0,16.0,0.0,3.4317092383458197e-11
poisson,0,E088::muktsar,2019-0331-IND,3.0,15.880398053200743,,12.880398053200743,9.376900956946898,10.0,23.0,0.0,13.0,0.0,1.2683255903240692e-07
poisson,0,E088::patiala,2019-0331-IND,26.0,28.604329633656715,,2.6043296336567145,2.673520998490215,20.0,38.0,1.0,18.0,0.0,3.778309076414839e-13
poisson,0,E088::sangrur,2019-0331-IND,30.0,17.370880072009996,,12.629119927990004,6.385259065554081,11.0,24.0,0.0,13.0,0.0,2.8570815647822755e-08
poisson,0,E089::churu,2019-0331-IND,1.0,16.359056736929265,,15.359056736929265,13.56427506408379,10.0,23.0,0.0,13.0,0.0,7.858722072472357e-08
poisson,0,E089::dholpur,2019-0331-IND,0.0,16.70164118982799,,16.70164118982799,16.70164118982799,10.0,24.0,0.0,14.0,1.0,5.5791674018624954e-08
poisson,0,E089::jhalawar,2019-0331-IND,0.0,36.99550602917779,,36.99550602917779,36.99550602917779,27.0,47.0,0.0,20.0,1.0,8.571481187768918e-17
poisson,0,E089::kota,2019-0331-IND,0.0,69.3291809657324,,69.3291809657324,69.3291809657324,56.0,83.0,0.0,27.0,1.0,7.775337901205094e-31
poisson,0,E089::sikar,2019-0331-IND,4.0,25.929212574015,,21.929212574015,16.085785477497524,18.0,35.0,0.0,17.0,0.0,5.483856212575769e-12
poisson,0,E090::agra,2019-0331-IND,1.0,23.68210735105238,,22.68210735105238,20.517387552130817,16.0,32.0,0.0,16.0,0.0,5.187898344356026e-11
poisson,0,E090::ambedkar%20nagar,2019-0331-IND,2.0,23.258329729836078,,21.258329729836078,17.65815023875469,16.0,31.0,0.0,15.0,0.0,7.925665516622947e-11
poisson,0,E090::ayodhya,2019-0331-IND,0.0,25.315391777942107,,25.315391777942107,25.315391777942107,17.0,34.0,0.0,17.0,1.0,1.0131296922836932e-11
poisson,0,E090::bahraich,2019-0331-IND,2.0,26.574190332226195,,24.574190332226195,20.707456599803926,18.0,35.0,0.0,17.0,0.0,2.8772379352438596e-12
poisson,0,E090::ballia,2019-0331-IND,0.0,24.214538986602953,,24.214538986602953,24.214538986602953,16.0,33.0,0.0,17.0,1.0,3.046206470538632e-11
poisson,0,E090::balrampur,2019-0331-IND,3.0,21.108120863873463,,18.108120863873463,13.750906808596405,14.0,29.0,0.0,15.0,0.0,6.805492903752341e-10
poisson,0,E090::banda,2019-0331-IND,0.0,18.5208224462901,,18.5208224462901,18.5208224462901,12.0,26.0,0.0,14.0,1.0,9.047092095424897e-09
poisson,0,E090::barabanki,2019-0331-IND,3.0,21.627210454994945,,18.627210454994945,14.197113128724688,14.0,30.0,0.0,16.0,0.0,4.049690566821064e-10
poisson,0,E090::farrukhabad,2019-0331-IND,0.0,23.500458739624072,,23.500458739624072,23.500458739624072,16.0,32.0,0.0,16.0,1.0,6.22129001595402e-11
poisson,0,E090::ghazipur,2019-0331-IND,0.0,26.872326597742017,,26.872326597742017,26.872326597742017,19.0,36.0,0.0,17.0,1.0,2.135486561099789e-12
poisson,0,E090::gonda,2019-0331-IND,2.0,24.204459704024845,,22.204459704024845,18.52453308163584,16.0,33.0,0.0,17.0,0.0,3.077065302540069e-11
poisson,0,E090::hamirpur,2019-0331-IND,0.0,14.993803107768258,,14.993803107768258,14.993803107768258,9.0,22.0,0.0,13.0,1.0,3.078038499167215e-07
poisson,0,E090::jalaun,2019-0331-IND,0.0,17.26021058554211,,17.26021058554211,17.26021058554211,11.0,24.0,0.0,13.0,1.0,3.1914334026950296e-08
poisson,0,E090::kanpur%20dehat,2019-0331-IND,0.0,17.117120567473915,,17.117120567473915,17.117120567473915,11.0,24.0,0.0,13.0,1.0,3.6823832928328045e-08
poisson,0,E090::kanpur%20nagar,2019-0331-IND,1.0,27.348486698896597,,26.348486698896597,24.03982550249556,19.0,36.0,0.0,17.0,0.0,1.3264874280713197e-12
poisson,0,E090::kushinagar,2019-0331-IND,1.0,26.934645308409873,,25.934645308409873,23.641231920791412,19.0,36.0,0.0,17.0,0.0,2.0064676891769955e-12
poisson,0,E090::lakhimpur%20kheri,2019-0331-IND,1.0,26.73967388491972,,25.73967388491972,23.453525509097418,19.0,36.0,0.0,17.0,0.0,2.4384125443777432e-12
poisson,0,E090::mirzapur,2019-0331-IND,1.0,21.70198297723479,,20.70198297723479,18.624579339424013,14.0,30.0,0.0,16.0,0.0,3.7579287930173234e-10
poisson,0,E090::pilibhit,2019-0331-IND,1.0,23.241043899186142,,22.241043899186142,20.095124050001836,16.0,31.0,0.0,15.0,0.0,8.063858174996804e-11
poisson,0,E090::prayagraj,2019-0331-IND,3.0,25.838318878263607,,22.838318878263607,17.874502493769903,18.0,34.0,0.0,16.0,0.0,6.005659277896436e-12
poisson,0,E090::sitapur,2019-0331-IND,1.0,32.83555491844516,,31.835554918445162,29.344042998733517,24.0,43.0,0.0,19.0,0.0,5.491610019017135e-15
poisson,0,E090::varanasi,2019-0331-IND,3.0,30.17183001433034,,27.17183001433034,21.742863359295946,21.0,39.0,0.0,18.0,0.0,7.880263068077187e-14
poisson,0,E091::chamoli,2019-0331-IND,0.0,24.33454579760266,,24.33454579760266,24.33454579760266,17.0,33.0,0.0,16.0,1.0,2.7017243716741805e-11
poisson,0,E091::champawat,2019-0331-IND,0.0,28.614023066692184,,28.614023066692184,28.614023066692184,20.0,38.0,0.0,18.0,1.0,3.741861228177628e-13
poisson,0,E091::dehradun,2019-0331-IND,0.0,33.85162729522393,,33.85162729522393,33.85162729522393,25.0,44.0,0.0,19.0,1.0,1.988039743404585e-15
poisson,0,E091::haridwar,2019-0331-IND,0.0,34.860056211779025,,34.860056211779025,34.860056211779025,25.0,45.0,0.0,20.0,1.0,7.25220293724586e-16
poisson,0,E091::nainital,2019-0331-IND,0.0,33.55626367014222,,33.55626367014222,33.55626367014222,24.0,43.0,0.0,19.0,1.0,2.6711597055755492e-15
poisson,0,E091::pithoragarh,2019-0331-IND,0.0,29.164044552271175,,29.164044552271175,29.164044552271175,21.0,38.0,0.0,17.0,1.0,2.1588197420767898e-13
poisson,0,E091::udham%20singh%20nagar,2019-0331-IND,0.0,18.932885413475987,,18.932885413475987,18.932885413475987,12.0,26.0,0.0,14.0,1.0,5.991731428134103e-09
poisson,0,E091::uttarkashi,2019-0331-IND,1.0,25.510981392909425,,24.510981392909425,22.271872390585877,18.0,34.0,0.0,16.0,0.0,8.331468432194446e-12
poisson,0,E092::birbhum,2019-0331-IND,1.0,20.437557423921017,,19.437557423921017,17.420183165534354,13.0,28.0,0.0,15.0,0.0,1.3307043826115567e-09
poisson,0,E092::cooch%20behar,2019-0331-IND,1.0,19.197286905245747,,18.197286905245747,16.24251794321524,12.0,27.0,0.0,15.0,0.0,4.599644103514181e-09
poisson,0,E092::howrah,2019-0331-IND,0.0,42.62085984066542,,42.62085984066542,42.62085984066542,32.0,54.0,0.0,22.0,1.0,3.0902652424968743e-19
poisson,0,E092::jalpaiguri,2019-0331-IND,6.0,21.47892299023046,,15.478922990230458,9.65574143265667,14.0,29.0,0.0,15.0,0.0,4.697018471764487e-10
poisson,0,E092::kolkata,2019-0331-IND,0.0,89.8261777005937,,89.8261777005937,89.8261777005937,75.0,106.0,0.0,31.0,1.0,9.749597666345464e-40
poisson,0,E092::malda,2019-0331-IND,0.0,22.48499955003401,,22.48499955003401,22.48499955003401,15.0,31.0,0.0,16.0,1.0,1.7174684580450323e-10
poisson,0,E092::nadia,2019-0331-IND,0.0,42.398997619678426,,42.398997619678426,42.398997619678426,32.0,53.0,0.0,21.0,1.0,3.857885159561936e-19
poisson,0,E092::north%2024%20parganas,2019-0331-IND,0.0,44.61690074689092,,44.61690074689092,44.61690074689092,34.0,56.0,0.0,22.0,1.0,4.1988098370042e-20
poisson,0,E093::alappuzha,2019-0383-IND,42.0,32.067806623654604,,9.932193376345396,4.189878068831959,23.0,42.0,1.0,19.0,0.0,1.183391748182438e-14
poisson,0,E093::ernakulam,2019-0383-IND,41.0,53.2239848277367,,12.2239848277367,4.30332197681409,42.0,65.0,0.0,23.0,0.0,7.675683954690133e-24
poisson,0,E093::idukki,2019-0383-IND,47.0,43.12317719928551,,3.8768228007144927,3.0150513256806306,33.0,54.0,1.0,21.0,0.0,1.8700021256954064e-19
poisson,0,E093::kannur,2019-0383-IND,70.0,62.53785018447431,,7.462149815525692,3.4728554029176735,50.0,76.0,1.0,26.0,0.0,6.920807263209999e-28
poisson,0,E093::kasaragod,2019-0383-IND,10.0,48.80092824963453,,38.80092824963453,25.02784748083905,38.0,61.0,0.0,23.0,0.0,6.397733558964379e-22
poisson,0,E093::kottayam,2019-0383-IND,19.0,35.088801070357654,,16.088801070357654,6.828926844545123,26.0,45.0,0.0,19.0,0.0,5.769355740616815e-16
poisson,0,E093::kozhikode,2019-0383-IND,182.0,68.3596710888996,,113.6403289111004,68.09977337460586,55.0,82.0,0.0,27.0,0.0,2.0500859127316673e-30
poisson,0,E093::malappuram,2019-0383-IND,284.0,57.99599234968538,,226.00400765031463,228.90220441674023,46.0,71.0,0.0,25.0,0.0,6.496217394229158e-26
poisson,0,E093::pathanamthitta,2019-0383-IND,11.0,43.09091245503323,,32.09091245503323,19.196786904269075,33.0,54.0,0.0,21.0,0.0,1.931321168240176e-19
poisson,0,E093::thrissur,2019-0383-IND,28.0,43.30454863603492,,15.304548636034923,5.683076766194574,33.0,54.0,0.0,21.0,0.0,1.5598164137645606e-19
poisson,0,E093::wayanad,2019-0383-IND,335.0,40.53388712579756,,294.46611287420245,416.87752279888247,30.0,51.0,0.0,21.0,0.0,2.49090113869353e-18
poisson,0,E094::sangli,2019-0383-IND,379.0,34.09212451000477,,344.9078754899952,571.7901053182437,25.0,44.0,0.0,19.0,0.0,1.5630700762791231e-15
poisson,0,E095::balangir,2019-0383-IND,11.0,29.146035023427395,,18.146035023427395,9.552835147881154,21.0,38.0,0.0,17.0,0.0,2.1980512788694189e-13
poisson,0,E095::kalahandi,2019-0383-IND,42.0,30.87098639232458,,11.129013607675422,4.590562565545778,22.0,40.0,0.0,18.0,0.0,3.916525503418119e-14
poisson,0,E095::kandhamal,2019-0383-IND,24.0,26.861628842009857,,2.861628842009857,2.6695862918529727,19.0,36.0,1.0,17.0,0.0,2.158454106256482e-12
poisson,0,E095::nuapada,2019-0383-IND,2.0,27.25781783184731,,25.25781783184731,21.340284266656894,19.0,36.0,0.0,17.0,0.0,1.4523795554689836e-12
poisson,0,E095::subarnapur,2019-0383-IND,13.0,21.402264981356623,,8.402264981356623,4.128970997673438,14.0,29.0,0.0,15.0,0.0,5.071242966410924e-10
poisson,0,E096::birbhum,2019-0383-IND,0.0,20.42814897619096,,20.42814897619096,20.42814897619096,13.0,28.0,0.0,15.0,1.0,1.3432833266187345e-09
poisson,0,E096::nadia,2019-0383-IND,0.0,40.37870815297446,,40.37870815297446,40.37870815297446,30.0,51.0,0.0,21.0,1.0,2.9090411376388793e-18
poisson,0,E156::chamba,2022-0539-IND,5.0,26.754783519574442,,21.754783519574442,15.108708859772882,19.0,36.0,0.0,17.0,0.0,2.4018459711553275e-12
poisson,0,E156::kangra,2022-0539-IND,4.0,26.610829393870638,,22.610829393870638,16.66361021219023,18.0,35.0,0.0,17.0,0.0,2.77372649754233e-12
poisson,0,E156::mandi,2022-0539-IND,3.0,30.81090590558645,,27.81090590558645,22.31905922936769,22.0,40.0,0.0,18.0,0.0,4.159044649472871e-14
poisson,0,E157::sahibganj,2022-0539-IND,0.0,22.039578175430595,,22.039578175430595,22.039578175430595,15.0,30.0,0.0,15.0,1.0,2.681222251393108e-10
poisson,0,E158::dehradun,2022-0539-IND,1.0,29.68813230058766,,28.68813230058766,26.2973849204735,21.0,39.0,0.0,18.0,0.0,1.2782269320866857e-13
poisson,0,E158::pauri%20garhwal,2022-0539-IND,0.0,30.373559349252307,,30.373559349252307,30.373559349252307,22.0,40.0,0.0,18.0,1.0,6.440666011245938e-14
poisson,0,E158::uttarkashi,2022-0539-IND,0.0,20.130792053786937,,20.130792053786937,20.130792053786937,13.0,28.0,0.0,15.0,1.0,1.8084566159607729e-09
poisson,0,E185::dhalai,2024-0624-IND,9.0,17.86657655887865,,8.866576558878648,4.722018414513856,11.0,25.0,0.0,14.0,0.0,1.740381226770768e-08
poisson,0,E185::north%20tripura,2024-0624-IND,9.0,22.797408745751977,,13.797408745751977,7.45941432383824,15.0,31.0,0.0,16.0,0.0,1.256640869319942e-10
poisson,0,E185::south%20tripura,2024-0624-IND,69.0,15.727397379553448,,53.27260262044655,51.79505262332751,10.0,23.0,0.0,13.0,0.0,1.4780124874957102e-07
poisson,0,E185::west%20tripura,2024-0624-IND,47.0,20.36709672834494,,26.63290327165506,15.51554678317897,13.0,28.0,0.0,15.0,0.0,1.427848989394092e-09
poisson,0,E200::kishtwar,2025-0690-IND,824.0,12.918179045729005,,811.081820954271,2617.3551293267915,7.0,19.0,0.0,12.0,0.0,2.4530484397684907e-06
poisson,0,E201::amritsar,2025-0751-IND,40.0,12.446495099585496,,27.553504900414502,21.90957220748394,7.0,19.0,0.0,12.0,0.0,3.931478085602294e-06
poisson,0,E201::firozpur,2025-0751-IND,5.0,11.10117742554308,,6.10117742554308,3.8534132829948744,6.0,17.0,0.0,11.0,0.0,1.5094540655004949e-05
poisson,0,E201::gurdaspur,2025-0751-IND,76.0,16.67402215357477,,59.32597784642523,59.04240960865975,10.0,24.0,0.0,14.0,0.0,5.7354062806217995e-08
poisson,0,E201::hoshiarpur,2025-0751-IND,66.0,19.437396979298768,,46.56260302070123,37.13451174541055,12.0,27.0,0.0,15.0,0.0,3.6178099538920257e-09
poisson,0,E201::jalandhar,2025-0751-IND,20.0,17.05768735947252,,2.9423126405274793,2.6612843474096657,11.0,24.0,1.0,13.0,0.0,3.907873579414543e-08
poisson,0,E201::kapurthala,2025-0751-IND,85.0,14.615141648194703,,70.38485835180529,82.40680530731558,9.0,21.0,0.0,12.0,0.0,4.49494756541178e-07
poisson,0,E201::ludhiana,2025-0751-IND,11.0,17.777927670897228,,6.777927670897228,3.622701153920765,11.0,25.0,1.0,14.0,0.0,1.901709223417686e-08
poisson,0,E201::moga,2025-0751-IND,0.0,9.187997149574022,,9.187997149574022,9.187997149574022,5.0,14.0,0.0,9.0,1.0,0.0001022594701655613
poisson,0,E201::sangrur,2025-0751-IND,6.0,9.585301081052656,,3.5853010810526555,2.603167566894623,5.0,15.0,1.0,10.0,0.0,6.873162835519837e-05
nb2,1,E044::sabarkantha,2017-0294-IND,0.0,38.98053583496457,3.878047927439639,38.98053583496457,1.295751833315759,0.0,187.0,1.0,187.0,1.0,0.2736920161833702
nb2,1,E044::surat,2017-0294-IND,0.0,53.500738728241885,3.878047927439639,53.500738728241885,1.376939036722586,0.0,257.0,1.0,257.0,1.0,0.25234980555765707
nb2,1,E044::valsad,2017-0294-IND,1.0,48.393839488139974,3.878047927439639,47.393839488139974,2.711846254523598,0.0,233.0,1.0,233.0,0.0,0.258929336761724
nb2,1,E045::barmer,2017-0294-IND,0.0,31.425668440317004,3.878047927439639,31.425668440317004,1.2406058401667734,0.0,151.0,1.0,151.0,1.0,0.28920895045359507
nb2,1,E045::pali,2017-0294-IND,0.0,33.17645897847656,3.878047927439639,33.17645897847656,1.254475175127899,0.0,160.0,1.0,160.0,1.0,0.2852255023877155
nb2,1,E045::udaipur,2017-0294-IND,0.0,43.91529769109955,3.878047927439639,43.91529769109955,1.3262985302495622,0.0,211.0,1.0,211.0,1.0,0.2654580299050838
nb2,1,E046::kolkata,2017-0294-IND,0.0,69.87050484186372,3.878047927439639,69.87050484186372,1.4454847878971921,0.0,336.0,1.0,336.0,1.0,0.23563181740910222
nb2,1,E056::ambedkar%20nagar,2017-0517-IND,4.0,45.899167507257715,3.878047927439639,41.899167507257715,3.6685192808732605,0.0,221.0,1.0,221.0,0.0,0.2624677958315886
nb2,1,E056::azamgarh,2017-0517-IND,3.0,45.26291554913654,3.878047927439639,42.26291554913654,3.454350053745538,0.0,218.0,1.0,218.0,0.0,0.26340890973411546
nb2,1,E056::bahraich,2017-0517-IND,33.0,44.70285059982158,3.878047927439639,11.70285059982158,5.373771566388504,0.0,215.0,1.0,215.0,0.0,0.26425112840075576
nb2,1,E056::ballia,2017-0517-IND,51.0,44.31493307549579,3.878047927439639,6.685066924504213,5.799668246050741,0.0,213.0,1.0,213.0,0.0,0.26484224818197943
nb2,1,E056::balrampur,2017-0517-IND,45.0,37.7009851084769,3.878047927439639,7.2990148915231,5.676448491838192,0.0,181.0,1.0,181.0,0.0,0.2760418228968577
nb2,1,E056::barabanki,2017-0517-IND,46.0,44.87684834891184,3.878047927439639,1.1231516510881576,5.6941841746843185,0.0,216.0,1.0,216.0,0.0,0.2639880659519722
nb2,1,E056::basti,2017-0517-IND,20.0,42.17323284283123,3.878047927439639,22.173232842831233,4.921197426392727,0.0,203.0,1.0,203.0,0.0,0.268226572972037
nb2,1,E056::bijnor,2017-0517-IND,4.0,52.17386605288756,3.878047927439639,48.17386605288756,3.69869860700738,0.0,251.0,1.0,251.0,0.0,0.2539813046205424
nb2,1,E056::budaun,2017-0517-IND,1.0,52.80591186173684,3.878047927439639,51.80591186173684,2.7337876919339696,0.0,254.0,1.0,254.0,0.0,0.2531977530114054
nb2,1,E056::deoria,2017-0517-IND,7.0,43.63476161715704,3.878047927439639,36.63476161715704,4.07916150333803,0.0,210.0,1.0,210.0,0.0,0.26589449796265685
nb2,1,E056::faizabad,2017-0517-IND,19.0,45.62363420660678,3.878047927439639,26.62363420660678,4.8887140886073,0.0,219.0,1.0,219.0,0.0,0.2628733360107145
nb2,1,E056::farrukhabad,2017-0517-IND,1.0,45.87543368134259,3.878047927439639,44.87543368134259,2.69843134845693,0.0,220.0,1.0,220.0,0.0,0.2625026081731663
nb2,1,E056::ghazipur,2017-0517-IND,1.0,50.31922677761463,3.878047927439639,49.31922677761463,2.7216515340747303,0.0,242.0,1.0,242.0,0.0,0.2563508697358225
nb2,1,E056::gonda,2017-0517-IND,47.0,44.46753875297099,3.878047927439639,2.532461247029012,5.71595232780182,0.0,214.0,1.0,214.0,0.0,0.2646089339911415
nb2,1,E056::gorakhpur,2017-0517-IND,99.0,42.26617527819815,3.878047927439639,56.73382472180185,6.585132096457934,0.0,203.0,1.0,203.0,0.0,0.26807527931585434
nb2,1,E056::kushinagar,2017-0517-IND,6.0,45.285231748453704,3.878047927439639,39.285231748453704,3.969431293340835,0.0,218.0,1.0,218.0,0.0,0.2633756212533542
nb2,1,E056::lakhimpur%20kheri,2017-0517-IND,17.0,45.79916448657549,3.878047927439639,28.799164486575492,4.796113311257494,0.0,220.0,1.0,220.0,0.0,0.2626146311290759
nb2,1,E056::maharajganj,2017-0517-IND,16.0,39.131822641571354,3.878047927439639,23.131822641571354,4.720794103426102,0.0,188.0,1.0,188.0,0.0,0.27342056770795625
nb2,1,E056::mirzapur,2017-0517-IND,4.0,42.86331817450719,3.878047927439639,38.86331817450719,3.6525580721219733,0.0,206.0,1.0,206.0,0.0,0.26711305750928716
nb2,1,E056::muzaffarnagar,2017-0517-IND,0.0,47.0723720133976,3.878047927439639,47.0723720133976,1.3440992207332836,0.0,226.0,1.0,226.0,1.0,0.260774502360105
nb2,1,E056::pilibhit,2017-0517-IND,2.0,36.19659624579134,3.878047927439639,34.19659624579134,3.110038482941029,0.0,174.0,1.0,174.0,0.0,0.27893534433023687
nb2,1,E056::sant%20kabir%20nagar,2017-0517-IND,1.0,39.668769349993305,3.878047927439639,38.668769349993305,2.662046717496291,0.0,191.0,1.0,191.0,0.0,0.2724676281005463
nb2,1,E056::shravasti,2017-0517-IND,4.0,36.64298302274143,3.878047927439639,32.64298302274143,3.616446854510066,0.0,176.0,1.0,176.0,0.0,0.27806131856863114
nb2,1,E056::siddharth%20nagar,2017-0517-IND,26.0,37.42405089495316,3.878047927439639,11.424050894953162,5.140805777190685,0.0,180.0,1.0,180.0,0.0,0.27656352724685046
nb2,1,E056::sitapur,2017-0517-IND,6.0,49.931650576621145,3.878047927439639,43.931650576621145,3.9913197319778826,0.0,240.0,1.0,240.0,0.0,0.25685987826942663
nb2,1,E059::dhalai,2018-0213-IND,1.0,35.263150851277345,3.878047927439639,34.263150851277345,2.6327043113712953,0.0,170.0,1.0,170.0,0.0,0.2808073294052846
nb2,1,E059::north%20tripura,2018-0213-IND,1.0,39.40449053111454,3.878047927439639,38.40449053111454,2.660377542688622,0.0,189.0,1.0,189.0,0.0,0.2729346256984946
nb2,1,E059::west%20tripura,2018-0213-IND,12.0,44.037053001269015,3.878047927439639,32.037053001269015,4.504548859786554,0.0,212.0,1.0,212.0,0.0,0.2652696822630885
nb2,1,E077::ayodhya,2018-0370-IND,1.0,47.826606645590935,3.878047927439639,46.826606645590935,2.7088850264362816,0.0,230.0,1.0,230.0,0.0,0.25971354676807173
nb2,1,E077::azamgarh,2018-0370-IND,5.0,47.99026015100961,3.878047927439639,42.99026015100961,3.845000349604393,0.0,231.0,1.0,231.0,0.0,0.2594861031876235
nb2,1,E077::bahraich,2018-0370-IND,3.0,46.95782249726095,3.878047927439639,43.95782249726095,3.463163319792544,0.0,226.0,1.0,226.0,0.0,0.2609374951249899
nb2,1,E077::ballia,2018-0370-IND,15.0,41.53828426301746,3.878047927439639,26.53828426301746,4.676333617034839,0.0,200.0,1.0,200.0,0.0,0.2692714311537213
nb2,1,E077::balrampur,2018-0370-IND,2.0,45.43271970364179,3.878047927439639,43.43271970364179,3.165392924588568,0.0,218.0,1.0,218.0,0.0,0.2631561320640676
nb2,1,E077::barabanki,2018-0370-IND,10.0,44.68147712765094,3.878047927439639,34.68147712765094,4.362065901471136,0.0,215.0,1.0,215.0,0.0,0.2642835306716652
nb2,1,E077::basti,2018-0370-IND,8.0,44.60628913666272,3.878047927439639,36.60628913666272,4.187031557977141,0.0,214.0,1.0,214.0,0.0,0.26439767019592175
nb2,1,E077::bijnor,2018-0370-IND,2.0,50.79311642416714,3.878047927439639,48.79311642416714,3.1928066248517997,0.0,244.0,1.0,244.0,0.0,0.2557351313526465
nb2,1,E077::budaun,2018-0370-IND,2.0,46.161537311013205,3.878047927439639,44.161537311013205,3.169295439828333,0.0,222.0,1.0,222.0,0.0,0.26208445057452107
nb2,1,E077::farrukhabad,2018-0370-IND,7.0,38.19963851172402,3.878047927439639,31.199638511724018,4.050922849526971,0.0,184.0,1.0,184.0,0.0,0.27511439573967683
nb2,1,E077::gonda,2018-0370-IND,5.0,47.91555733752799,3.878047927439639,42.91555733752799,3.844642453142785,0.0,230.0,1.0,230.0,0.0,0.25958980364493006
nb2,1,E077::hardoi,2018-0370-IND,5.0,43.953572095639146,3.878047927439639,38.953572095639146,3.824923664299266,0.0,211.0,1.0,211.0,0.0,0.2653987515561948
nb2,1,E077::kannauj,2018-0370-IND,5.0,38.47240520769401,3.878047927439639,33.47240520769401,3.7949455956983162,0.0,185.0,1.0,185.0,0.0,0.27461346333388315
nb2,1,E077::kanpur%20dehat,2018-0370-IND,2.0,37.48927236534285,3.878047927439639,35.48927236534285,3.1185360124168886,0.0,180.0,1.0,180.0,0.0,0.27644022614009356
nb2,1,E077::kushinagar,2018-0370-IND,4.0,48.48135492989385,3.878047927439639,44.48135492989385,3.681365525663152,0.0,233.0,1.0,233.0,0.0,0.258809369208413
nb2,1,E077::lakhimpur%20kheri,2018-0370-IND,5.0,44.1584362069985,3.878047927439639,39.1584362069985,3.825980472929245,0.0,212.0,1.0,212.0,0.0,0.2650825573655765
nb2,1,E077::mau,2018-0370-IND,6.0,44.05619541435378,3.878047927439639,38.05619541435378,3.963324590244727,0.0,212.0,1.0,212.0,0.0,0.2652401294217962
nb2,1,E077::moradabad,2018-0370-IND,5.0,55.57667054629778,3.878047927439639,50.57667054629778,3.8790083046387194,0.0,267.0,1.0,267.0,0.0,0.24989633035859735
nb2,1,E077::pilibhit,2018-0370-IND,1.0,34.78092717118749,3.878047927439639,33.78092717118749,2.6292803151446744,0.0,167.0,1.0,167.0,0.0,0.2817988204555767
nb2,1,E077::sitapur,2018-0370-IND,6.0,49.10151834559831,3.878047927439639,43.10151834559831,3.987540191006103,0.0,236.0,1.0,236.0,0.0,0.2579669307874003
nb2,1,E077::unnao,2018-0370-IND,18.0,40.7377204654789,3.878047927439639,22.7377204654789,4.8263292361518255,0.0,196.0,1.0,196.0,0.0,0.2706176417384446
nb2,1,E079::amritsar,2018-0372-IND,14.0,42.24429899770537,3.878047927439639,28.24429899770537,4.62227903472806,0.0,203.0,1.0,203.0,0.0,0.2681108525326435
nb2,1,E079::faridkot,2018-0372-IND,0.0,32.96910771977582,3.878047927439639,32.96910771977582,1.2528710021882525,0.0,159.0,1.0,159.0,1.0,0.28568342061215557
nb2,1,E079::ferozepur,2018-0372-IND,1.0,35.76633559296372,3.878047927439639,34.76633559296372,2.6362293707285533,0.0,172.0,1.0,172.0,0.0,0.27979063150181904
nb2,1,E079::hoshiarpur,2018-0372-IND,5.0,39.74930083242777,3.878047927439639,34.74930083242777,3.8022403905741746,0.0,191.0,1.0,191.0,0.0,0.2723260962026811
nb2,1,E079::jalandhar,2018-0372-IND,3.0,40.98386595702432,3.878047927439639,37.98386595702432,3.430668181414539,0.0,197.0,1.0,197.0,0.0,0.2702002324914211
nb2,1,E079::ludhiana,2018-0372-IND,3.0,43.546834569544544,3.878047927439639,40.546834569544544,3.445110612108155,0.0,209.0,1.0,209.0,0.0,0.2660320207851869
nb2,1,E079::moga,2018-0372-IND,2.0,30.272266017012516,3.878047927439639,28.272266017012516,3.06707346006953,0.0,146.0,1.0,146.0,0.0,0.2919877135273811
nb2,1,E079::muktsar,2018-0372-IND,0.0,33.384958030339384,3.878047927439639,33.384958030339384,1.2560782277064764,0.0,161.0,1.0,161.0,1.0,0.284768637197934
nb2,1,E079::tarn%20taran,2018-0372-IND,5.0,36.26004544415733,3.878047927439639,31.260045444157328,3.781809221172958,0.0,174.0,1.0,174.0,0.0,0.27881029227645043
nb2,1,E097::belagavi,2019-0499-IND,43.0,44.75366729340506,3.878047927439639,1.7536672934050586,5.6270618968327595,0.0,215.0,1.0,215.0,0.0,0.2641741678201633
nb2,1,E097::gadag,2019-0499-IND,24.0,33.377568680922856,3.878047927439639,9.377568680922856,5.058587730468953,0.0,161.0,1.0,161.0,0.0,0.28478476788249496
nb2,1,E097::koppal,2019-0499-IND,10.0,36.53152436511001,3.878047927439639,26.53152436511001,4.323259619052931,0.0,176.0,1.0,176.0,0.0,0.2782783042221619
nb2,1,E098::alappuzha,2019-0499-IND,8.0,41.20250687909249,3.878047927439639,33.20250687909249,4.170483625927109,0.0,198.0,1.0,198.0,0.0,0.2698320844833248
nb2,1,E098::ernakulam,2019-0499-IND,38.0,49.639525781877076,3.878047927439639,11.639525781877076,5.512030541104861,0.0,239.0,1.0,239.0,0.0,0.2572468082797306
nb2,1,E098::kannur,2019-0499-IND,1.0,51.034501326248225,3.878047927439639,50.034501326248225,2.725201277108108,0.0,245.0,1.0,245.0,0.0,0.2554242501756712
nb2,1,E098::kasaragod,2019-0499-IND,0.0,43.0509099567062,3.878047927439639,43.0509099567062,1.32120262678475,0.0,207.0,1.0,207.0,1.0,0.2668142309995233
nb2,1,E098::kollam,2019-0499-IND,0.0,52.917342938738166,3.878047927439639,52.917342938738166,1.3741253910686952,0.0,254.0,1.0,254.0,1.0,0.2530608283052828
nb2,1,E098::kottayam,2019-0499-IND,2.0,40.66357099447098,3.878047927439639,38.66357099447098,3.1382900801811573,0.0,195.0,1.0,195.0,0.0,0.27074400137254356
nb2,1,E098::palakkad,2019-0499-IND,1.0,43.91553485429735,3.878047927439639,42.91553485429735,2.6874864234177593,0.0,211.0,1.0,211.0,0.0,0.2654576623943198
nb2,1,E098::thiruvananthapuram,2019-0499-IND,2.0,57.4775741681704,3.878047927439639,55.4775741681704,3.2233603929552284,0.0,276.0,1.0,276.0,0.0,0.24774829904730244
nb2,1,E098::thrissur,2019-0499-IND,1.0,45.196634762155476,3.878047927439639,44.196634762155476,2.694692961037323,0.0,217.0,1.0,217.0,0.0,0.26350790017055453
nb2,1,E103::darrang,2020-0206-IND,41.0,30.28763358745865,3.878047927439639,10.71236641254135,5.592391212312334,0.0,146.0,1.0,146.0,0.0,0.29194982649933204
nb2,1,E103::goalpara,2020-0206-IND,70.0,28.943867965914087,3.878047927439639,41.05613203408591,6.2500909513908995,0.0,139.0,1.0,139.0,0.0,0.2953564617750212
nb2,1,E103::lakhimpur,2020-0206-IND,47.0,32.11046989144997,3.878047927439639,14.889530108550026,5.736733961127188,0.0,154.0,1.0,154.0,0.0,0.2876186425497904
nb2,1,E103::sonitpur,2020-0206-IND,21.0,34.05783926048582,3.878047927439639,13.05783926048582,4.9389220221253245,0.0,164.0,1.0,164.0,0.0,0.28331816544815425
nb2,1,E103::udalguri,2020-0206-IND,1.0,36.144691907049484,3.878047927439639,35.144691907049484,2.638848595200447,0.0,174.0,1.0,174.0,0.0,0.2790378463772094
nb2,1,E106::east%20siang,2020-0304-IND,0.0,21.871981979030927,3.878047927439639,21.871981979030927,1.148067040110727,0.0,105.0,1.0,105.0,1.0,0.317249407465404
nb2,1,E107::baksa,2020-0304-IND,1.0,31.307299455889872,3.878047927439639,30.307299455889872,2.6031753232154973,0.0,151.0,1.0,151.0,0.0,0.2894882209382203
nb2,1,E107::barpeta,2020-0304-IND,1.0,32.11688882069735,3.878047927439639,31.116888820697348,2.609499671438897,0.0,155.0,1.0,155.0,0.0,0.287603936637451
nb2,1,E107::biswanath,2020-0304-IND,1.0,28.657980417987925,3.878047927439639,27.657980417987925,2.581324956689268,0.0,138.0,1.0,138.0,0.0,0.2961067110524394
nb2,1,E107::bongaigaon,2020-0304-IND,1.0,31.13040754401798,3.878047927439639,30.13040754401798,2.6017726144877007,0.0,150.0,1.0,150.0,0.0,0.28990803033137047
nb2,1,E107::cachar,2020-0304-IND,12.0,31.720705115989333,3.878047927439639,19.720705115989333,4.447629858013157,0.0,153.0,1.0,153.0,0.0,0.28851853925086446
nb2,1,E107::chirang,2020-0304-IND,1.0,31.46735026541738,3.878047927439639,30.46735026541738,2.6044379531264195,0.0,151.0,1.0,151.0,0.0,0.2891109219007317
nb2,1,E107::darrang,2020-0304-IND,1.0,30.64726139293498,3.878047927439639,29.64726139293498,2.5979020978131424,0.0,147.0,1.0,147.0,0.0,0.2910699903967017
nb2,1,E107::dhemaji,2020-0304-IND,4.0,28.84698680209688,3.878047927439639,24.84698680209688,3.562795582494991,0.0,139.0,1.0,139.0,0.0,0.29560966637029384
nb2,1,E107::dibrugarh,2020-0304-IND,3.0,30.640188834442334,3.878047927439639,27.640188834442334,3.362534223009574,0.0,147.0,1.0,147.0,0.0,0.29108716919750105
nb2,1,E107::goalpara,2020-0304-IND,14.0,29.927970428921995,3.878047927439639,15.927970428921995,4.568954663003094,0.0,144.0,1.0,144.0,0.0,0.29284287839008083
nb2,1,E107::golaghat,2020-0304-IND,1.0,33.388034595411284,3.878047927439639,32.388034595411284,2.6191272287603145,0.0,161.0,1.0,161.0,0.0,0.2847619224807652
nb2,1,E107::hojai,2020-0304-IND,17.0,29.345982082065987,3.878047927439639,12.345982082065987,4.735424131521473,0.0,141.0,1.0,141.0,0.0,0.29431669643556985
nb2,1,E107::jorhat,2020-0304-IND,0.0,32.9195853847373,3.878047927439639,32.9195853847373,1.252486391761879,0.0,158.0,1.0,158.0,1.0,0.28579331856696016
nb2,1,E107::kamrup,2020-0304-IND,0.0,31.686713261092923,3.878047927439639,31.686713261092923,1.2427216924852338,0.0,152.0,1.0,152.0,1.0,0.2885976739387224
nb2,1,E107::karbi%20anglong,2020-0304-IND,3.0,33.898283022218905,3.878047927439639,30.898283022218905,3.3859773671065723,0.0,163.0,1.0,163.0,0.0,0.28365885182755884
nb2,1,E107::lakhimpur,2020-0304-IND,1.0,31.703199630549488,3.878047927439639,30.703199630549488,2.6062873719781128,0.0,153.0,1.0,153.0,0.0,0.28855927964931666
nb2,1,E107::majuli,2020-0304-IND,1.0,21.793419989705413,3.878047927439639,20.793419989705413,2.5142445431898284,0.0,105.0,1.0,105.0,0.0,0.3175404744517473
nb2,1,E107::morigaon,2020-0304-IND,0.0,29.786890566931504,3.878047927439639,29.786890566931504,1.2269110688303624,0.0,143.0,1.0,143.0,1.0,0.29319684522580897
nb2,1,E107::nagaon,2020-0304-IND,16.0,35.56880937678739,3.878047927439639,19.568809376787392,4.706834792369223,0.0,171.0,1.0,171.0,0.0,0.280187596042024
nb2,1,E107::nalbari,2020-0304-IND,5.0,27.845817965090383,3.878047927439639,22.845817965090383,3.7249318490077226,0.0,134.0,1.0,134.0,0.0,0.2982899937731967
nb2,1,E107::sonitpur,2020-0304-IND,3.0,34.57917655587686,3.878047927439639,31.579176555876863,3.3906212037619,0.0,166.0,1.0,166.0,0.0,0.2822187423203689
nb2,1,E107::south%20salmara,2020-0304-IND,1.0,28.40970188437129,3.878047927439639,27.40970188437129,2.579179263094758,0.0,137.0,1.0,137.0,0.0,0.29676587361472656
nb2,1,E107::tinsukia,2020-0304-IND,6.0,31.92159711243032,3.878047927439639,25.92159711243032,3.894073024212724,0.0,154.0,1.0,154.0,0.0,0.28805300354033503
nb2,1,E107::west%20karbi%20anglong,2020-0304-IND,6.0,27.99122348613563,3.878047927439639,21.99122348613563,3.867229345182284,0.0,135.0,1.0,135.0,0.0,0.29789332025068643
nb2,1,E108::darbhanga,2020-0304-IND,0.0,46.79516458672596,3.878047927439639,46.79516458672596,1.3425845160788654,0.0,225.0,1.0,225.0,1.0,0.26116979801508955
nb2,1,E108::east%20champaran,2020-0304-IND,0.0,48.38553033366513,3.878047927439639,48.38553033366513,1.3511560419527575,0.0,233.0,1.0,233.0,1.0,0.2589407411906263
nb2,1,E108::kishanganj,2020-0304-IND,0.0,41.25012792507792,3.878047927439639,41.25012792507792,1.3102514306730448,0.0,198.0,1.0,198.0,1.0,0.26975222387425324
nb2,1,E108::madhubani,2020-0304-IND,0.0,51.53082252015198,3.878047927439639,51.53082252015198,1.3673125471004077,0.0,248.0,1.0,248.0,1.0,0.25479077849208465
nb2,1,E108::muzaffarpur,2020-0304-IND,0.0,49.322337767115854,3.878047927439639,49.322337767115854,1.3560749025071046,0.0,237.0,1.0,237.0,1.0,0.2576701752230778
nb2,1,E108::siwan,2020-0304-IND,0.0,45.8688182429636,3.878047927439639,45.8688182429636,1.3374572815097427,0.0,220.0,1.0,220.0,1.0,0.2625123155920814
nb2,1,E108::supaul,2020-0304-IND,0.0,40.71022114713334,3.878047927439639,40.71022114713334,1.3068753420732484,0.0,196.0,1.0,196.0,1.0,0.27066447032799124
nb2,1,E108::west%20champaran,2020-0304-IND,0.0,42.90135634181084,3.878047927439639,42.90135634181084,1.3203106392002353,0.0,206.0,1.0,206.0,1.0,0.2670523321567978
nb2,1,E109::raigarh,2020-0304-IND,0.0,36.23657946211757,3.878047927439639,36.23657946211757,1.2770579322515556,0.0,174.0,1.0,174.0,1.0,0.2788565095211044
nb2,1,E110::ahmedabad,2020-0304-IND,3.0,39.24818173157473,3.878047927439639,36.24818173157473,3.4204103267833146,0.0,189.0,1.0,189.0,0.0,0.2732126794336662
nb2,1,E110::amreli,2020-0304-IND,6.0,32.85359824207711,3.878047927439639,26.853598242077112,3.9000711769913226,0.0,158.0,1.0,158.0,0.0,0.2859400756213264
nb2,1,E110::anand,2020-0304-IND,0.0,37.750458969928914,3.878047927439639,37.750458969928914,1.2875387590651128,0.0,182.0,1.0,182.0,1.0,0.2759491252485828
nb2,1,E110::bharuch,2020-0304-IND,0.0,30.872024670115486,3.878047927439639,30.872024670115486,1.2360600846744267,0.0,149.0,1.0,149.0,1.0,0.2905266162528192
nb2,1,E110::bhavnagar,2020-0304-IND,3.0,35.15988589620213,3.878047927439639,32.15988589620213,3.3945173683558147,0.0,169.0,1.0,169.0,0.0,0.2810182203666432
nb2,1,E110::gandhinagar,2020-0304-IND,0.0,34.21743689682329,3.878047927439639,34.21743689682329,1.2623812525814826,0.0,165.0,1.0,165.0,1.0,0.28297937818972657
nb2,1,E110::jamnagar,2020-0304-IND,1.0,32.34079622935597,3.878047927439639,31.340796229355973,2.611221787528984,0.0,156.0,1.0,156.0,0.0,0.28709324315829016
nb2,1,E110::junagadh,2020-0304-IND,1.0,36.91089592825949,3.878047927439639,35.91089592825949,2.6440727057655655,0.0,178.0,1.0,178.0,0.0,0.2775431060348198
nb2,1,E110::kutch,2020-0304-IND,1.0,26.70078187578782,3.878047927439639,25.70078187578782,2.5639060157187674,0.0,129.0,1.0,129.0,0.0,0.3015067192850327
nb2,1,E110::narmada,2020-0304-IND,0.0,32.99078734631715,3.878047927439639,32.99078734631715,1.2530391945423565,0.0,159.0,1.0,159.0,1.0,0.28563537488568963
nb2,1,E110::navsari,2020-0304-IND,0.0,38.90845363866898,3.878047927439639,38.90845363866898,1.2952776974722613,0.0,187.0,1.0,187.0,1.0,0.27382181414682366
nb2,1,E110::porbandar,2020-0304-IND,0.0,28.394510589492214,3.878047927439639,28.394510589492214,1.2146750750794966,0.0,137.0,1.0,137.0,1.0,0.2968064384363074
nb2,1,E110::rajkot,2020-0304-IND,1.0,36.448773306910056,3.878047927439639,35.448773306910056,2.6409345459457993,0.0,175.0,1.0,175.0,0.0,0.27843993802088646
nb2,1,E110::sabarkantha,2020-0304-IND,0.0,35.62272521216023,3.878047927439639,35.62272521216023,1.2726836806473627,0.0,171.0,1.0,171.0,1.0,0.28007896978037183
nb2,1,E110::surat,2020-0304-IND,0.0,48.05404730215531,3.878047927439639,48.05404730215531,1.3493928148263181,0.0,231.0,1.0,231.0,1.0,0.25939771528580113
nb2,1,E110::surendranagar,2020-0304-IND,0.0,33.1489811241936,3.878047927439639,33.1489811241936,1.2542631654612244,0.0,159.0,1.0,159.0,1.0,0.285285979362029
nb2,1,E110::tapi,2020-0304-IND,0.0,36.25506761761274,3.878047927439639,36.25506761761274,1.277188532412293,0.0,174.0,1.0,174.0,1.0,0.27882009319417916
nb2,1,E110::vadodara,2020-0304-IND,1.0,43.063413549570754,3.878047927439639,42.063413549570754,2.6825790746997966,0.0,207.0,1.0,207.0,0.0,0.26679437115119825
nb2,1,E111::bagalkot,2020-0304-IND,1.0,35.10092882270002,3.878047927439639,34.10092882270002,2.63155752684919,0.0,169.0,1.0,169.0,0.0,0.28113897152195816
nb2,1,E111::belagavi,2020-0304-IND,2.0,46.51393780948683,3.878047927439639,44.51393780948683,3.1711614715625283,0.0,224.0,1.0,224.0,0.0,0.26157382994972966
nb2,1,E111::chamarajanagar,2020-0304-IND,0.0,38.39031789310051,3.878047927439639,38.39031789310051,1.291843650003668,0.0,185.0,1.0,185.0,1.0,0.27476374765106304
nb2,1,E111::kodagu,2020-0304-IND,1.0,37.326731010114514,3.878047927439639,36.326731010114514,2.646864291088616,0.0,179.0,1.0,179.0,0.0,0.27674801035828356
nb2,1,E111::mysuru,2020-0304-IND,0.0,45.12183884357732,3.878047927439639,45.12183884357732,1.333247265783538,0.0,217.0,1.0,217.0,1.0,0.26361982625187963
nb2,1,E111::raichur,2020-0304-IND,0.0,35.7591982413821,3.878047927439639,35.7591982413821,1.2736626058287057,0.0,172.0,1.0,172.0,1.0,0.2798049275793793
nb2,1,E111::shivamogga,2020-0304-IND,0.0,42.48955821916647,3.878047927439639,42.48955821916647,1.3178384722868977,0.0,204.0,1.0,204.0,1.0,0.26771334682913145
nb2,1,E111::vijayapura,2020-0304-IND,0.0,35.75295841325441,3.878047927439639,35.75295841325441,1.2736179283332247,0.0,172.0,1.0,172.0,1.0,0.27981742884202726
nb2,1,E112::alappuzha,2020-0304-IND,1.0,40.72959202116999,3.878047927439639,39.72959202116999,2.668640261076324,0.0,196.0,1.0,196.0,0.0,0.2706314795519008
nb2,1,E112::ernakulam,2020-0304-IND,0.0,53.18855324433872,3.878047927439639,53.18855324433872,1.3754372244359017,0.0,256.0,1.0,256.0,1.0,0.2527290723186423
nb2,1,E112::idukki,2020-0304-IND,0.0,44.53259317897904,3.878047927439639,44.53259317897904,1.329877058728296,0.0,214.0,1.0,214.0,1.0,0.2645097784694751
nb2,1,E112::kannur,2020-0304-IND,0.0,50.48861951161151,3.878047927439639,50.48861951161151,1.3620703750978056,0.0,243.0,1.0,243.0,1.0,0.2561299425751232
nb2,1,E112::kasaragod,2020-0304-IND,0.0,43.417428621252014,3.878047927439639,43.417428621252014,1.3233757072360532,0.0,209.0,1.0,209.0,1.0,0.2662350517394931
nb2,1,E112::kollam,2020-0304-IND,0.0,50.23781597727832,3.878047927439639,50.23781597727832,1.3607927896191134,0.0,241.0,1.0,241.0,1.0,0.25645737959026577
nb2,1,E112::kottayam,2020-0304-IND,0.0,41.956407234115325,3.878047927439639,41.956407234115325,1.314602166098917,0.0,202.0,1.0,202.0,1.0,0.2685811526753682
nb2,1,E112::kozhikode,2020-0304-IND,1.0,50.02957512499501,3.878047927439639,49.02957512499501,2.720200049541843,0.0,240.0,1.0,240.0,0.0,0.25673080710364243
nb2,1,E112::malappuram,2020-0304-IND,1.0,52.817698758882486,3.878047927439639,51.817698758882486,2.733843879170453,0.0,254.0,1.0,254.0,0.0,0.2531832523646868
nb2,1,E112::palakkad,2020-0304-IND,0.0,50.497857736705896,3.878047927439639,50.497857736705896,1.362117313673425,0.0,243.0,1.0,243.0,1.0,0.25611792048259746
nb2,1,E112::pathanamthitta,2020-0304-IND,0.0,43.820927970473704,3.878047927439639,43.820927970473704,1.3257470558545632,0.0,211.0,1.0,211.0,1.0,0.2656044635850247
nb2,1,E112::thiruvananthapuram,2020-0304-IND,3.0,55.287009818255676,3.878047927439639,52.287009818255676,3.5025874999079347,0.0,266.0,1.0,266.0,0.0,0.25023172312148556
nb2,1,E112::thrissur,2020-0304-IND,0.0,45.50794676357475,3.878047927439639,45.50794676357475,1.3354319710572289,0.0,219.0,1.0,219.0,1.0,0.26304452328974903
nb2,1,E112::wayanad,2020-0304-IND,0.0,42.21440652024747,3.878047927439639,42.21440652024747,1.3161733329103913,0.0,203.0,1.0,203.0,1.0,0.26815949821358526
nb2,1,E113::balaghat,2020-0304-IND,0.0,38.871204211977755,3.878047927439639,38.871204211977755,1.2950323394252428,0.0,187.0,1.0,187.0,1.0,0.27388900677516287
nb2,1,E113::barwani,2020-0304-IND,1.0,39.18280961253977,3.878047927439639,38.18280961253977,2.6589690405188198,0.0,188.0,1.0,188.0,0.0,0.27332937893746134
nb2,1,E113::betul,2020-0304-IND,0.0,36.91728676051543,3.878047927439639,36.91728676051543,1.2818233539751074,0.0,178.0,1.0,178.0,1.0,0.27753080193955004
nb2,1,E113::bhopal,2020-0304-IND,0.0,53.88116412658169,3.878047927439639,53.88116412658169,1.3787573815145253,0.0,259.0,1.0,259.0,1.0,0.25189136353212443
nb2,1,E113::dindori,2020-0304-IND,0.0,35.1312008092864,3.878047927439639,35.1312008092864,1.2691268419428916,0.0,169.0,1.0,169.0,1.0,0.2810769392565067
nb2,1,E113::jhabua,2020-0304-IND,0.0,32.023745828391874,3.878047927439639,32.023745828391874,1.2454280213511673,0.0,154.0,1.0,154.0,1.0,0.2878176896461681
nb2,1,E113::khandwa,2020-0304-IND,2.0,40.64875758471856,3.878047927439639,38.64875758471856,3.1382013110422182,0.0,195.0,1.0,195.0,0.0,0.27076927972521453
nb2,1,E113::mandsaur,2020-0304-IND,0.0,30.471189144722022,3.878047927439639,30.471189144722022,1.2327182369763754,0.0,147.0,1.0,147.0,1.0,0.29149913605801536
nb2,1,E113::morena,2020-0304-IND,0.0,35.49145212797497,3.878047927439639,35.49145212797497,1.2717385351941584,0.0,171.0,1.0,171.0,1.0,0.2803438102818807
nb2,1,E113::narsinghpur,2020-0304-IND,0.0,35.3948626067112,3.878047927439639,35.3948626067112,1.2710408869693768,0.0,170.0,1.0,170.0,1.0,0.2805394598828152
nb2,1,E113::panna,2020-0304-IND,0.0,31.344198532816957,3.878047927439639,31.344198532816957,1.2399419297986518,0.0,151.0,1.0,151.0,1.0,0.289401023026786
nb2,1,E113::raisen,2020-0304-IND,0.0,34.46354725562045,3.878047927439639,34.46354725562045,1.2642155219675348,0.0,166.0,1.0,166.0,1.0,0.2824607935368056
nb2,1,E113::rewa,2020-0304-IND,0.0,33.04134064885938,3.878047927439639,33.04134064885938,1.2534309656473333,0.0,159.0,1.0,159.0,1.0,0.2855234931167034
nb2,1,E113::satna,2020-0304-IND,0.0,36.97401221715998,3.878047927439639,36.97401221715998,1.282216524527996,0.0,178.0,1.0,178.0,1.0,0.27742170644868047
nb2,1,E113::sehore,2020-0304-IND,0.0,44.403354094795766,3.878047927439639,44.403354094795766,1.3291319450405166,0.0,213.0,1.0,213.0,1.0,0.2647069417713797
nb2,1,E113::shahdol,2020-0304-IND,0.0,38.92287105161541,3.878047927439639,38.92287105161541,1.2953726008190787,0.0,187.0,1.0,187.0,1.0,0.27379582877329856
nb2,1,E113::shivpuri,2020-0304-IND,0.0,33.89888092257175,3.878047927439639,33.89888092257175,1.2599875026374832,0.0,163.0,1.0,163.0,1.0,0.28365757144912007
nb2,1,E113::tikamgarh,2020-0304-IND,0.0,29.19058839527138,3.878047927439639,29.19058839527138,1.2217417846021073,0.0,140.0,1.0,140.0,1.0,0.29471638714193776
nb2,1,E113::umaria,2020-0304-IND,0.0,33.70332041380824,3.878047927439639,33.70332041380824,1.2585069025628917,0.0,162.0,1.0,162.0,1.0,0.2840778659378118
nb2,1,E114::kolhapur,2020-0304-IND,2.0,52.023054048172405,3.878047927439639,50.023054048172405,3.198706610488871,0.0,250.0,1.0,250.0,0.0,0.25417002420138257
nb2,1,E115::koraput,2020-0304-IND,0.0,35.465002670193684,3.878047927439639,35.465002670193684,1.2715476832453514,0.0,171.0,1.0,171.0,1.0,0.2803973195504205
nb2,1,E116::balrampur,2020-0304-IND,0.0,39.12509013947304,3.878047927439639,39.12509013947304,1.29670005055815,0.0,188.0,1.0,188.0,1.0,0.27343261969606686
nb2,1,E116::gonda,2020-0304-IND,0.0,42.71995077705229,3.878047927439639,42.71995077705229,1.319224518289388,0.0,205.0,1.0,205.0,1.0,0.2673425408513808
nb2,1,E116::gorakhpur,2020-0304-IND,0.0,36.91572799929517,3.878047927439639,36.91572799929517,1.2818125415574209,0.0,178.0,1.0,178.0,1.0,0.27753380273472444
nb2,1,E117::hooghly,2020-0304-IND,0.0,50.755176252193806,3.878047927439639,50.755176252193806,1.3634213038347514,0.0,244.0,1.0,244.0,1.0,0.2557841628897507
nb2,1,E117::jalpaiguri,2020-0304-IND,0.0,44.25710602340871,3.878047927439639,44.25710602340871,1.3282861629615001,0.0,213.0,1.0,213.0,1.0,0.2649309208643207
nb2,1,E117::kolkata,2020-0304-IND,11.0,62.858927020739976,3.878047927439639,51.858927020739976,4.506992494852434,0.0,302.0,1.0,302.0,0.0,0.2421200769750947
nb2,1,E117::malda,2020-0304-IND,0.0,45.78394114619252,3.878047927439639,45.78394114619252,1.3369823565178391,0.0,220.0,1.0,220.0,1.0,0.26263701886144414
nb2,1,E117::north%2024%20parganas,2020-0304-IND,3.0,50.229197056901825,3.878047927439639,47.229197056901825,3.4793704425786633,0.0,241.0,1.0,241.0,0.0,0.2564686683782606
nb2,1,E117::south%2024%20parganas,2020-0304-IND,4.0,48.930628580351105,3.878047927439639,44.930628580351105,3.683537266646453,0.0,235.0,1.0,235.0,0.0,0.2581977353107251
nb2,1,E118::east%20godavari,2020-0446-IND,21.0,45.02649473089836,3.878047927439639,24.026494730898357,4.971965623486307,0.0,216.0,1.0,216.0,0.0,0.2637628379488345
nb2,1,E118::guntur,2020-0446-IND,4.0,43.433419963271234,3.878047927439639,39.433419963271234,3.6556309224114925,0.0,209.0,1.0,209.0,0.0,0.2662099212365697
nb2,1,E118::krishna,2020-0446-IND,21.0,41.19507532091129,3.878047927439639,20.195075320911293,4.960288686215617,0.0,198.0,1.0,198.0,0.0,0.2698445576321137
nb2,1,E118::kurnool,2020-0446-IND,2.0,38.38264539891005,3.878047927439639,36.38264539891005,3.1242497765753607,0.0,185.0,1.0,185.0,0.0,0.2747778148624664
nb2,1,E118::nellore,2020-0446-IND,1.0,37.30062050117153,3.878047927439639,36.30062050117153,2.646689891525489,0.0,179.0,1.0,179.0,0.0,0.27679760864063824
nb2,1,E118::srikakulam,2020-0446-IND,10.0,42.00160161698263,3.878047927439639,32.00160161698263,4.349871620452527,0.0,202.0,1.0,202.0,0.0,0.26850705659021534
nb2,1,E118::visakhapatnam,2020-0446-IND,18.0,50.158092167409215,3.878047927439639,32.158092167409215,4.8583894325732695,0.0,241.0,1.0,241.0,0.0,0.2565618918910895
nb2,1,E118::west%20godavari,2020-0446-IND,8.0,37.435543670983144,3.878047927439639,29.435543670983144,4.150926693148546,0.0,180.0,1.0,180.0,0.0,0.2765417806930559
nb2,1,E119::kalaburagi,2020-0446-IND,15.0,39.30304932155891,3.878047927439639,24.30304932155891,4.667423010958751,0.0,189.0,1.0,189.0,0.0,0.27311491949794187
nb2,1,E119::koppal,2020-0446-IND,0.0,34.15731734593659,3.878047927439639,34.15731734593659,1.261931189420943,0.0,164.0,1.0,164.0,1.0,0.2831067654470478
nb2,1,E119::raichur,2020-0446-IND,2.0,35.544207028529925,3.878047927439639,33.544207028529925,3.1056416393535877,0.0,171.0,1.0,171.0,0.0,0.2802372316633098
nb2,1,E119::vijayapura,2020-0446-IND,4.0,36.75795674438554,3.878047927439639,32.75795674438554,3.6171616070250723,0.0,177.0,1.0,177.0,0.0,0.2778383519704164
nb2,1,E119::yadgir,2020-0446-IND,11.0,35.267106002874,3.878047927439639,24.267106002874,4.393889848833467,0.0,170.0,1.0,170.0,0.0,0.2807992674079105
nb2,1,E120::gajapati,2020-0446-IND,3.0,36.445671124738936,3.878047927439639,33.445671124738936,3.402942044905603,0.0,175.0,1.0,175.0,0.0,0.27844600628067834
nb2,1,E120::ganjam,2020-0446-IND,2.0,46.34815996703254,3.878047927439639,44.34815996703254,3.1702853223867824,0.0,223.0,1.0,223.0,0.0,0.2618134334459385
nb2,1,E120::koraput,2020-0446-IND,0.0,41.12869559439517,3.878047927439639,41.12869559439517,1.3094959462699232,0.0,198.0,1.0,198.0,1.0,0.26995609447292973
nb2,1,E121::hyderabad,2020-0446-IND,59.0,60.339194995090665,3.878047927439639,1.339194995090665,5.942446963176682,0.0,290.0,1.0,290.0,0.0,0.24467705477761892
nb2,1,E121::nalgonda,2020-0446-IND,1.0,33.30427075226758,3.878047927439639,32.30427075226758,2.6185037389362953,0.0,160.0,1.0,160.0,0.0,0.28494501642670456
nb2,1,E121::ranga%20reddy,2020-0446-IND,3.0,42.74278870706925,3.878047927439639,39.74278870706925,3.44066570628146,0.0,205.0,1.0,205.0,0.0,0.2673059205242027
nb2,1,E159::ballia,2022-0590-IND,1.0,40.247578782794236,3.878047927439639,39.247578782794236,2.665665173007289,0.0,194.0,1.0,194.0,0.0,0.27145828244061776
nb2,1,E178::bhadradri%20kothagudem,2023-0486-IND,15.0,28.81112262004688,3.878047927439639,13.81112262004688,4.623520307664849,0.0,139.0,1.0,139.0,0.0,0.29570366852407654
nb2,1,E178::jayashankar%20bhupalpally,2023-0486-IND,23.0,23.36570339989807,3.878047927439639,0.3657033998980701,5.0037991200798455,0.0,113.0,1.0,113.0,0.0,0.31195074928032906
nb2,1,E178::mancherial,2023-0486-IND,0.0,26.700335069375033,3.878047927439639,26.700335069375033,1.1989587031010696,0.0,129.0,1.0,129.0,1.0,0.3015080078600617
nb2,1,E178::mulugu,2023-0486-IND,60.0,22.26408507798126,3.878047927439639,37.735914922018736,6.1389955435023165,0.0,107.0,1.0,107.0,0.0,0.31581587628315916
nb2,1,E178::nirmal,2023-0486-IND,17.0,25.48145691874275,3.878047927439639,8.48145691874275,4.721795865275137,0.0,123.0,1.0,123.0,0.0,0.3051267411683202
nb2,1,E184::kullu,2024-0561-IND,191.0,27.237787798153445,3.878047927439639,163.76221220184655,8.15747462977799,0.0,131.0,0.0,131.0,0.0,0.2999771438426074
nb2,1,E184::mandi,2024-0561-IND,163.0,36.709215295256705,3.878047927439639,126.29078470474329,7.457520374043238,0.0,177.0,1.0,177.0,0.0,0.27793276892228924
nb2,1,E184::shimla,2024-0561-IND,178.0,34.458093595737054,3.878047927439639,143.54190640426293,7.692697223149497,0.0,166.0,0.0,166.0,0.0,0.2824722349222755
poisson,1,E044::sabarkantha,2017-0294-IND,0.0,37.954110796842855,,37.954110796842855,37.954110796842855,28.0,48.0,0.0,20.0,1.0,3.286541460558116e-17
poisson,1,E044::surat,2017-0294-IND,0.0,60.801317070372626,,60.801317070372626,60.801317070372626,48.0,74.0,0.0,26.0,1.0,3.929375236986189e-27
poisson,1,E044::valsad,2017-0294-IND,1.0,58.06935280817635,,57.06935280817635,54.007714773883315,46.0,71.0,0.0,25.0,0.0,6.036712705128182e-26
poisson,1,E045::barmer,2017-0294-IND,0.0,25.599801135630432,,25.599801135630432,25.599801135630432,18.0,34.0,0.0,16.0,1.0,7.623381062650822e-12
poisson,1,E045::pali,2017-0294-IND,0.0,28.95316115404032,,28.95316115404032,28.95316115404032,20.0,38.0,0.0,18.0,1.0,2.6656423351071955e-13
poisson,1,E045::udaipur,2017-0294-IND,0.0,45.858145994946504,,45.858145994946504,45.858145994946504,35.0,57.0,0.0,22.0,1.0,1.2135571799501053e-20
poisson,1,E046::kolkata,2017-0294-IND,0.0,101.31981406479485,,101.31981406479485,101.31981406479485,85.0,118.0,0.0,33.0,1.0,9.939484120118447e-45
poisson,1,E056::ambedkar%20nagar,2017-0517-IND,4.0,50.94766877232224,,46.94766877232224,38.40252658900112,40.0,63.0,0.0,23.0,0.0,7.476676436259963e-23
poisson,1,E056::azamgarh,2017-0517-IND,3.0,46.37583418703604,,43.37583418703604,36.65725813038479,35.0,58.0,0.0,23.0,0.0,7.231545430647718e-21
poisson,1,E056::bahraich,2017-0517-IND,33.0,46.70899846477908,,13.708998464779079,4.9135500024309025,36.0,58.0,0.0,22.0,0.0,5.182504782247798e-21
poisson,1,E056::ballia,2017-0517-IND,51.0,46.343246505433314,,4.656753494566686,3.1129847683730247,35.0,58.0,1.0,23.0,0.0,7.471086577796521e-21
poisson,1,E056::balrampur,2017-0517-IND,45.0,36.212870874001894,,8.787129125998106,3.813147304116157,27.0,46.0,1.0,19.0,0.0,1.8747786777141776e-16
poisson,1,E056::barabanki,2017-0517-IND,46.0,47.3704955994267,,1.3704955994266967,2.8550899924524558,36.0,59.0,1.0,23.0,0.0,2.674577311442244e-21
poisson,1,E056::basti,2017-0517-IND,20.0,43.643164333606734,,23.643164333606734,10.457847428917319,33.0,55.0,0.0,22.0,0.0,1.1117689920445705e-19
poisson,1,E056::bijnor,2017-0517-IND,4.0,61.27833340807528,,57.27833340807528,47.994681923546864,49.0,74.0,0.0,25.0,0.0,2.4386975425853316e-27
poisson,1,E056::budaun,2017-0517-IND,1.0,62.61780847091961,,61.61780847091961,58.4807587529043,50.0,76.0,0.0,26.0,0.0,6.388976816235981e-28
poisson,1,E056::deoria,2017-0517-IND,7.0,45.283634213826225,,38.283634213826225,27.118175733829894,35.0,57.0,0.0,22.0,0.0,2.1555968506221648e-20
poisson,1,E056::faizabad,2017-0517-IND,19.0,50.24107559233193,,31.24107559233193,15.161134090269002,39.0,62.0,0.0,23.0,0.0,1.5155773470640866e-22
poisson,1,E056::farrukhabad,2017-0517-IND,1.0,52.20742020081201,,51.20742020081201,48.252195566584845,41.0,64.0,0.0,23.0,0.0,2.1213166093240363e-23
poisson,1,E056::ghazipur,2017-0517-IND,1.0,57.52978940703257,,56.52978940703257,53.47748651674059,45.0,70.0,0.0,25.0,0.0,1.0354518669005527e-25
poisson,1,E056::gonda,2017-0517-IND,47.0,46.344762541721074,,0.6552374582789255,2.8503956615660897,35.0,58.0,1.0,23.0,0.0,7.459768720744288e-21
poisson,1,E056::gorakhpur,2017-0517-IND,99.0,41.179039217473644,,57.820960782526356,32.238236953350054,31.0,52.0,0.0,21.0,0.0,1.3066837727242614e-18
poisson,1,E056::kushinagar,2017-0517-IND,6.0,47.696560401375145,,41.696560401375145,31.086655895534413,37.0,59.0,0.0,22.0,0.0,1.9303986799372006e-21
poisson,1,E056::lakhimpur%20kheri,2017-0517-IND,17.0,48.05739796216593,,31.05739796216593,15.731737926538777,37.0,60.0,0.0,23.0,0.0,1.345665909737906e-21
poisson,1,E056::maharajganj,2017-0517-IND,16.0,37.817018357642354,,21.817018357642354,10.364730905193735,28.0,48.0,0.0,20.0,0.0,3.769446686780971e-17
poisson,1,E056::mirzapur,2017-0517-IND,4.0,44.870487751440486,,40.870487751440486,32.83342042077696,34.0,56.0,0.0,22.0,0.0,3.258327765619001e-20
poisson,1,E056::muzaffarnagar,2017-0517-IND,0.0,50.3211806732333,,50.3211806732333,50.3211806732333,39.0,62.0,0.0,23.0,1.0,1.398907217133208e-22
poisson,1,E056::pilibhit,2017-0517-IND,2.0,33.86236305622978,,31.862363056229782,27.510901910209284,25.0,44.0,0.0,19.0,0.0,1.9668107822735085e-15
poisson,1,E056::sant%20kabir%20nagar,2017-0517-IND,1.0,40.626826933165546,,39.626826933165546,36.92239832286426,30.0,51.0,0.0,21.0,0.0,2.2698295503607776e-18
poisson,1,E056::shravasti,2017-0517-IND,4.0,36.86533536123917,,32.86533536123917,25.61430243794991,27.0,47.0,0.0,20.0,0.0,9.763112171813522e-17
poisson,1,E056::siddharth%20nagar,2017-0517-IND,26.0,35.08441754566275,,9.084417545662753,3.844435036052438,26.0,45.0,1.0,19.0,0.0,5.794701364979353e-16
poisson,1,E056::sitapur,2017-0517-IND,6.0,55.47217823650876,,49.47217823650876,37.95613983635596,44.0,68.0,0.0,24.0,0.0,8.104740102386255e-25
poisson,1,E059::dhalai,2018-0213-IND,1.0,38.98223302652944,,37.98223302652944,35.31912704762266,29.0,50.0,0.0,21.0,0.0,1.1755234695283064e-17
poisson,1,E059::north%20tripura,2018-0213-IND,1.0,44.62650658012896,,43.62650658012896,40.828178579699795,34.0,56.0,0.0,22.0,0.0,4.1586698674876095e-20
poisson,1,E059::west%20tripura,2018-0213-IND,12.0,49.48623426025527,,37.48623426025527,22.653114334159977,38.0,61.0,0.0,23.0,0.0,3.224048234526002e-22
poisson,1,E077::ayodhya,2018-0370-IND,1.0,55.25400075962628,,54.25400075962628,51.2420600099111,43.0,68.0,0.0,25.0,0.0,1.0080738917104864e-24
poisson,1,E077::azamgarh,2018-0370-IND,5.0,52.052500335285934,,47.052500335285934,37.078727922625404,40.0,64.0,0.0,24.0,0.0,2.4767737439881807e-23
poisson,1,E077::bahraich,2018-0370-IND,3.0,51.5593338639256,,48.5593338639256,41.52289355807826,40.0,64.0,0.0,24.0,0.0,4.0556999021810456e-23
poisson,1,E077::ballia,2018-0370-IND,15.0,41.70094517740809,,26.700945177408087,13.642359641157324,31.0,53.0,0.0,22.0,0.0,7.753711170663203e-19
poisson,1,E077::balrampur,2018-0370-IND,2.0,51.139711396515914,,49.139711396515914,43.96373592418194,40.0,63.0,0.0,23.0,0.0,6.170289407119303e-23
poisson,1,E077::barabanki,2018-0370-IND,10.0,47.498201136114865,,37.498201136114865,23.99569531414194,36.0,59.0,0.0,23.0,0.0,2.3539289289213073e-21
poisson,1,E077::basti,2018-0370-IND,8.0,48.77307346652784,,40.77307346652784,28.280249270478322,38.0,61.0,0.0,23.0,0.0,6.578446211229175e-22
poisson,1,E077::bijnor,2018-0370-IND,2.0,59.0174696018418,,57.0174696018418,51.55494979235228,47.0,72.0,0.0,25.0,0.0,2.3390452095676532e-26
poisson,1,E077::budaun,2018-0370-IND,2.0,49.71685319729375,,47.71685319729375,42.59731242953617,38.0,62.0,0.0,24.0,0.0,2.5600296707864263e-22
poisson,1,E077::farrukhabad,2018-0370-IND,7.0,37.98876952849702,,30.988769528497023,21.052896848305302,28.0,48.0,0.0,20.0,0.0,3.174585435748764e-17
poisson,1,E077::gonda,2018-0370-IND,5.0,53.548609745890104,,48.548609745890104,38.43315231486227,42.0,66.0,0.0,24.0,0.0,5.547972168607738e-24
poisson,1,E077::hardoi,2018-0370-IND,5.0,45.0274262050807,,40.0274262050807,30.778559071151854,34.0,56.0,0.0,22.0,0.0,2.78507737233214e-20
poisson,1,E077::kannauj,2018-0370-IND,5.0,39.0045117354295,,34.0045117354295,25.47361685339942,29.0,50.0,0.0,21.0,0.0,1.1496239000721469e-17
poisson,1,E077::kanpur%20dehat,2018-0370-IND,2.0,36.91864927614054,,34.91864927614054,30.39436280907627,27.0,47.0,0.0,20.0,0.0,9.256234317373494e-17
poisson,1,E077::kushinagar,2018-0370-IND,4.0,54.47340207679565,,50.47340207679565,41.66060571813134,43.0,67.0,0.0,24.0,0.0,2.200402185091317e-24
poisson,1,E077::lakhimpur%20kheri,2018-0370-IND,5.0,45.48912642967926,,40.48912642967926,31.189251583315063,35.0,57.0,0.0,22.0,0.0,1.7551870460799928e-20
poisson,1,E077::mau,2018-0370-IND,6.0,48.259758461951584,,42.259758461951584,31.579421342451262,37.0,60.0,0.0,23.0,0.0,1.0991404782140335e-21
poisson,1,E077::moradabad,2018-0370-IND,5.0,67.48941925932348,,62.48941925932348,51.21705683271591,54.0,81.0,0.0,27.0,0.0,4.894604766809811e-30
poisson,1,E077::pilibhit,2018-0370-IND,1.0,31.857002768478775,,30.857002768478775,28.39574554348565,23.0,41.0,0.0,18.0,0.0,1.4610984756964766e-14
poisson,1,E077::sitapur,2018-0370-IND,6.0,54.3979706160159,,48.3979706160159,36.99926073814557,43.0,67.0,0.0,24.0,0.0,2.372802191138658e-24
poisson,1,E077::unnao,2018-0370-IND,18.0,40.44643381385611,,22.44643381385611,10.242266439559735,30.0,51.0,0.0,21.0,0.0,2.7185478526349272e-18
poisson,1,E079::amritsar,2018-0372-IND,14.0,44.18879631211812,,30.18879631211812,16.341419576935774,34.0,55.0,0.0,21.0,0.0,6.442428386975119e-20
poisson,1,E079::faridkot,2018-0372-IND,0.0,32.811420189320735,,32.811420189320735,32.811420189320735,24.0,42.0,0.0,18.0,1.0,5.6257608748903554e-15
poisson,1,E079::ferozepur,2018-0372-IND,1.0,33.497568351805654,,32.497568351805654,29.986095502122424,24.0,43.0,0.0,19.0,0.0,2.8326368957245344e-15
poisson,1,E079::hoshiarpur,2018-0372-IND,5.0,41.54581075220381,,36.54581075220381,27.699319035169218,31.0,52.0,0.0,21.0,0.0,9.05489970146871e-19
poisson,1,E079::jalandhar,2018-0372-IND,3.0,42.41581456511558,,39.41581456511558,32.965010201175836,32.0,53.0,0.0,21.0,0.0,3.7935497937140707e-19
poisson,1,E079::ludhiana,2018-0372-IND,3.0,45.02082427050011,,42.02082427050011,35.39120830684053,34.0,56.0,0.0,22.0,0.0,2.803525099284958e-20
poisson,1,E079::moga,2018-0372-IND,2.0,26.771458781344926,,24.771458781344926,20.889933263530704,19.0,36.0,0.0,17.0,0.0,2.3621266462967183e-12
poisson,1,E079::muktsar,2018-0372-IND,0.0,32.24412884562166,,32.24412884562166,32.24412884562166,23.0,42.0,0.0,19.0,1.0,9.92093875409857e-15
poisson,1,E079::tarn%20taran,2018-0372-IND,5.0,36.55185648786098,,31.55185648786098,23.34568834060606,27.0,47.0,0.0,20.0,0.0,1.3357661201794e-16
poisson,1,E097::belagavi,2019-0499-IND,43.0,46.23789359926218,,3.237893599262179,2.9175893185748265,35.0,58.0,1.0,23.0,0.0,8.301144140976596e-21
poisson,1,E097::gadag,2019-0499-IND,24.0,32.00780925253478,,8.007809252534777,3.609020758597559,23.0,42.0,1.0,19.0,0.0,1.2565653037363611e-14
poisson,1,E097::koppal,2019-0499-IND,10.0,36.59233239706935,,26.59233239706935,15.698357759026322,27.0,47.0,0.0,20.0,0.0,1.2827793496499157e-16
poisson,1,E098::alappuzha,2019-0499-IND,8.0,43.41452498022243,,35.41452498022243,23.852775386342344,33.0,55.0,0.0,22.0,0.0,1.3973698437741333e-19
poisson,1,E098::ernakulam,2019-0499-IND,38.0,57.93207053043104,,19.93207053043104,6.6479663414727455,46.0,71.0,0.0,25.0,0.0,6.92502655978559e-26
poisson,1,E098::kannur,2019-0499-IND,1.0,62.597021834650164,,61.597021834650164,58.46030413220217,50.0,76.0,0.0,26.0,0.0,6.523172055325094e-28
poisson,1,E098::kasaragod,2019-0499-IND,0.0,49.44439522814381,,49.44439522814381,49.44439522814381,38.0,61.0,0.0,23.0,1.0,3.361800917462363e-22
poisson,1,E098::kollam,2019-0499-IND,0.0,66.49409955285857,,66.49409955285857,66.49409955285857,53.0,80.0,0.0,27.0,1.0,1.3242789782524497e-29
poisson,1,E098::kottayam,2019-0499-IND,2.0,42.73650857552062,,40.73650857552062,35.91954864268574,32.0,54.0,0.0,22.0,0.0,2.7527714147019133e-19
poisson,1,E098::palakkad,2019-0499-IND,1.0,47.26995618897584,,46.26995618897584,43.41408127099626,36.0,59.0,0.0,23.0,0.0,2.9574599173590436e-21
poisson,1,E098::thiruvananthapuram,2019-0499-IND,2.0,75.31256707309423,,73.31256707309423,67.36242022509082,61.0,90.0,0.0,29.0,0.0,1.959601224607324e-33
poisson,1,E098::thrissur,2019-0499-IND,1.0,49.22405042010805,,48.22405042010805,45.3276680863711,38.0,61.0,0.0,23.0,0.0,4.190506567374059e-22
poisson,1,E103::darrang,2020-0206-IND,41.0,27.567941275220342,,13.432058724779658,5.619357522912942,19.0,36.0,0.0,17.0,0.0,1.0651118751230261e-12
poisson,1,E103::goalpara,2020-0206-IND,70.0,25.193115638790225,,44.806884361209775,29.772205426536082,17.0,34.0,0.0,17.0,0.0,1.1449035345368983e-11
poisson,1,E103::lakhimpur,2020-0206-IND,47.0,30.24465408459958,,16.75534591540042,6.80936283591587,22.0,40.0,0.0,18.0,0.0,7.326787975361934e-14
poisson,1,E103::sonitpur,2020-0206-IND,21.0,31.510069160946067,,10.510069160946067,4.43375789565593,23.0,41.0,0.0,18.0,0.0,2.0670493197684253e-14
poisson,1,E103::udalguri,2020-0206-IND,1.0,38.29770018957867,,37.29770018957867,34.65231034246447,28.0,49.0,0.0,21.0,0.0,2.3308811949098785e-17
poisson,1,E106::east%20siang,2020-0304-IND,0.0,19.46091076717469,,19.46091076717469,19.46091076717469,13.0,27.0,0.0,14.0,1.0,3.533733885239382e-09
poisson,1,E107::baksa,2020-0304-IND,1.0,29.18423525815705,,28.18423525815705,25.81060658309432,21.0,38.0,0.0,17.0,0.0,2.1156687381366358e-13
poisson,1,E107::barpeta,2020-0304-IND,1.0,28.74597530198114,,27.74597530198114,25.387477534033533,20.0,38.0,0.0,18.0,0.0,3.2793030233706924e-13
poisson,1,E107::biswanath,2020-0304-IND,1.0,26.083197580632074,,25.083197580632074,22.821906244469872,18.0,35.0,0.0,17.0,0.0,4.701226985059058e-12
poisson,1,E107::bongaigaon,2020-0304-IND,1.0,29.665143724034454,,28.665143724034454,26.275170979433025,21.0,39.0,0.0,18.0,0.0,1.3079519081480272e-13
poisson,1,E107::cachar,2020-0304-IND,12.0,28.03882275304282,,16.03882275304282,8.022956327959513,20.0,37.0,0.0,17.0,0.0,6.651107990353586e-13
poisson,1,E107::chirang,2020-0304-IND,1.0,31.634938692810547,,30.634938692810547,28.18067652816804,23.0,41.0,0.0,18.0,0.0,1.824402633068449e-14
poisson,1,E107::darrang,2020-0304-IND,1.0,28.157881761042713,,27.157881761042713,24.820054454136034,20.0,37.0,0.0,17.0,0.0,5.90455713115961e-13
poisson,1,E107::dhemaji,2020-0304-IND,4.0,26.07864126919878,,22.07864126919878,16.212228551036294,18.0,35.0,0.0,17.0,0.0,4.7226961121947795e-12
poisson,1,E107::dibrugarh,2020-0304-IND,3.0,27.10798584071148,,24.10798584071148,19.000260215104678,19.0,36.0,0.0,17.0,0.0,1.6871408225562773e-12
poisson,1,E107::goalpara,2020-0304-IND,14.0,26.750333957346648,,12.750333957346648,5.929897732973057,19.0,36.0,0.0,17.0,0.0,2.412556946168624e-12
poisson,1,E107::golaghat,2020-0304-IND,1.0,32.357042435858624,,31.357042435858624,28.88021074352321,23.0,42.0,0.0,19.0,0.0,8.861658697939406e-15
poisson,1,E107::hojai,2020-0304-IND,17.0,26.04146646407471,,9.041466464074709,4.1318076773622465,18.0,35.0,0.0,17.0,0.0,4.901565539052423e-12
poisson,1,E107::jorhat,2020-0304-IND,0.0,31.469184456786337,,31.469184456786337,31.469184456786337,23.0,41.0,0.0,18.0,1.0,2.153311403906733e-14
poisson,1,E107::kamrup,2020-0304-IND,0.0,28.385522422973803,,28.385522422973803,28.385522422973803,20.0,37.0,0.0,17.0,1.0,4.702450641670416e-13
poisson,1,E107::karbi%20anglong,2020-0304-IND,3.0,33.63509601624455,,30.635096016244553,24.880145347093936,24.0,43.0,0.0,19.0,0.0,2.4686720603212024e-15
poisson,1,E107::lakhimpur,2020-0304-IND,1.0,29.560007202370453,,28.560007202370453,26.173584862637895,21.0,39.0,0.0,18.0,0.0,1.4529544084289748e-13
poisson,1,E107::majuli,2020-0304-IND,1.0,18.299610941495526,,17.299610941495526,15.392731141901717,12.0,26.0,0.0,14.0,0.0,1.1287036959086875e-08
poisson,1,E107::morigaon,2020-0304-IND,0.0,26.669371023497963,,26.669371023497963,26.669371023497963,18.0,35.0,0.0,17.0,1.0,2.616009571531527e-12
poisson,1,E107::nagaon,2020-0304-IND,16.0,32.7120400513003,,16.7120400513003,7.5800088386179105,24.0,42.0,0.0,18.0,0.0,6.213574558386641e-15
poisson,1,E107::nalbari,2020-0304-IND,5.0,24.176379136969583,,19.176379136969583,13.036990440866106,16.0,33.0,0.0,17.0,0.0,3.1646956377526255e-11
poisson,1,E107::sonitpur,2020-0304-IND,3.0,32.380540768978484,,29.380540768978484,23.739627291747485,23.0,42.0,0.0,19.0,0.0,8.655852016800795e-15
poisson,1,E107::south%20salmara,2020-0304-IND,1.0,25.946841119296003,,24.946841119296003,22.69079124660064,18.0,35.0,0.0,17.0,0.0,5.388030916887596e-12
poisson,1,E107::tinsukia,2020-0304-IND,6.0,29.171569255192377,,23.171569255192377,15.511652991284992,21.0,38.0,0.0,17.0,0.0,2.1426362292809327e-13
poisson,1,E107::west%20karbi%20anglong,2020-0304-IND,6.0,27.002625897502373,,21.002625897502373,13.806272409082231,19.0,36.0,0.0,17.0,0.0,1.8745998408388314e-12
poisson,1,E108::darbhanga,2020-0304-IND,0.0,51.66420509451114,,51.66420509451114,51.66420509451114,40.0,64.0,0.0,24.0,1.0,3.651916303032383e-23
poisson,1,E108::east%20champaran,2020-0304-IND,0.0,53.38128682789286,,53.38128682789286,53.38128682789286,42.0,66.0,0.0,24.0,1.0,6.558457276044733e-24
poisson,1,E108::kishanganj,2020-0304-IND,0.0,45.043940023878044,,45.043940023878044,45.043940023878044,34.0,56.0,0.0,22.0,1.0,2.739462781423733e-20
poisson,1,E108::madhubani,2020-0304-IND,0.0,60.57654578097681,,60.57654578097681,60.57654578097681,48.0,74.0,0.0,26.0,1.0,4.919720548778966e-27
poisson,1,E108::muzaffarpur,2020-0304-IND,0.0,55.60160641128764,,55.60160641128764,55.60160641128764,44.0,68.0,0.0,24.0,1.0,7.120805945164929e-25
poisson,1,E108::siwan,2020-0304-IND,0.0,50.731304582755996,,50.731304582755996,50.731304582755996,39.0,63.0,0.0,24.0,1.0,9.282700959370112e-23
poisson,1,E108::supaul,2020-0304-IND,0.0,42.727808935907866,,42.727808935907866,42.727808935907866,32.0,54.0,0.0,22.0,1.0,2.7768240066881535e-19
poisson,1,E108::west%20champaran,2020-0304-IND,0.0,44.211651787945065,,44.211651787945065,44.211651787945065,34.0,55.0,0.0,21.0,1.0,6.296853548779998e-20
poisson,1,E109::raigarh,2020-0304-IND,0.0,36.16913909132217,,36.16913909132217,36.16913909132217,27.0,46.0,0.0,19.0,1.0,1.9585852405905052e-16
poisson,1,E110::ahmedabad,2020-0304-IND,3.0,35.35564645469227,,32.35564645469227,26.45103159522755,26.0,45.0,0.0,19.0,0.0,4.4181233885748225e-16
poisson,1,E110::amreli,2020-0304-IND,6.0,30.29501617343986,,24.29501617343986,16.40836808787916,22.0,40.0,0.0,18.0,0.0,6.966933203711653e-14
poisson,1,E110::anand,2020-0304-IND,0.0,37.566108300204796,,37.566108300204796,37.566108300204796,28.0,48.0,0.0,20.0,1.0,4.8444720950388235e-17
poisson,1,E110::bharuch,2020-0304-IND,0.0,27.02753389570687,,27.02753389570687,27.02753389570687,19.0,36.0,0.0,17.0,1.0,1.828484021931703e-12
poisson,1,E110::bhavnagar,2020-0304-IND,3.0,31.97356038854659,,28.97356038854659,23.370591887517115,23.0,42.0,0.0,19.0,0.0,1.3003466897934966e-14
poisson,1,E110::gandhinagar,2020-0304-IND,0.0,32.87890832079481,,32.87890832079481,32.87890832079481,24.0,43.0,0.0,19.0,1.0,5.25861705097954e-15
poisson,1,E110::jamnagar,2020-0304-IND,1.0,28.369589465627282,,27.369589465627282,25.024271687632858,20.0,37.0,0.0,17.0,0.0,4.777974649870763e-13
poisson,1,E110::junagadh,2020-0304-IND,1.0,35.066179061243716,,34.066179061243716,31.508941954802506,26.0,45.0,0.0,19.0,0.0,5.901357603090899e-16
poisson,1,E110::kutch,2020-0304-IND,1.0,20.184544424209417,,19.184544424209417,17.179627240176092,13.0,28.0,0.0,15.0,0.0,1.7138141997214986e-09
poisson,1,E110::narmada,2020-0304-IND,0.0,33.70826028798459,,33.70826028798459,33.70826028798459,24.0,44.0,0.0,20.0,1.0,2.294502643433819e-15
poisson,1,E110::navsari,2020-0304-IND,0.0,41.60008750603756,,41.60008750603756,41.60008750603756,31.0,52.0,0.0,21.0,1.0,8.576528782624187e-19
poisson,1,E110::porbandar,2020-0304-IND,0.0,25.77700292751809,,25.77700292751809,25.77700292751809,18.0,34.0,0.0,16.0,1.0,6.385425886845164e-12
poisson,1,E110::rajkot,2020-0304-IND,1.0,33.12074505277102,,32.12074505277102,29.620585227952304,24.0,43.0,0.0,19.0,0.0,4.1289838772597295e-15
poisson,1,E110::sabarkantha,2020-0304-IND,0.0,33.3264049637542,,33.3264049637542,33.3264049637542,24.0,43.0,0.0,19.0,1.0,3.3614466474669685e-15
poisson,1,E110::surat,2020-0304-IND,0.0,51.75742721299608,,51.75742721299608,51.75742721299608,40.0,64.0,0.0,24.0,1.0,3.3268633590255393e-23
poisson,1,E110::surendranagar,2020-0304-IND,0.0,30.307876220374464,,30.307876220374464,30.307876220374464,22.0,40.0,0.0,18.0,1.0,6.877911752607922e-14
poisson,1,E110::tapi,2020-0304-IND,0.0,38.63002666541576,,38.63002666541576,38.63002666541576,29.0,49.0,0.0,20.0,1.0,1.6718318066320823e-17
poisson,1,E110::vadodara,2020-0304-IND,1.0,44.24532786628333,,43.24532786628333,40.45557808534662,34.0,55.0,0.0,21.0,0.0,6.088331032056066e-20
poisson,1,E111::bagalkot,2020-0304-IND,1.0,33.32542424376764,,32.32542424376764,29.819103647288248,24.0,43.0,0.0,19.0,0.0,3.3647449024458177e-15
poisson,1,E111::belagavi,2020-0304-IND,2.0,50.0749506213567,,48.0749506213567,42.9410560110013,39.0,62.0,0.0,23.0,0.0,1.7894734677962184e-22
poisson,1,E111::chamarajanagar,2020-0304-IND,0.0,41.759047401328694,,41.759047401328694,41.759047401328694,31.0,53.0,0.0,22.0,1.0,7.31604122599238e-19
poisson,1,E111::kodagu,2020-0304-IND,1.0,42.34433109984697,,41.34433109984697,38.59849654603584,32.0,53.0,0.0,21.0,0.0,4.0746533151624466e-19
poisson,1,E111::mysuru,2020-0304-IND,0.0,49.80247203903669,,49.80247203903669,49.80247203903669,38.0,62.0,0.0,24.0,1.0,2.349963995165011e-22
poisson,1,E111::raichur,2020-0304-IND,0.0,34.380623673042166,,34.380623673042166,34.380623673042166,25.0,44.0,0.0,19.0,1.0,1.1713450710560892e-15
poisson,1,E111::shivamogga,2020-0304-IND,0.0,47.31961208850313,,47.31961208850313,47.31961208850313,36.0,59.0,0.0,23.0,1.0,2.81419109307057e-21
poisson,1,E111::vijayapura,2020-0304-IND,0.0,33.93362765689617,,33.93362765689617,33.93362765689617,25.0,44.0,0.0,19.0,1.0,1.831524605960796e-15
poisson,1,E112::alappuzha,2020-0304-IND,1.0,42.974402372932744,,41.974402372932744,39.21379772814952,32.0,54.0,0.0,22.0,0.0,2.1699722814688437e-19
poisson,1,E112::ernakulam,2020-0304-IND,0.0,66.26504564436095,,66.26504564436095,66.26504564436095,53.0,80.0,0.0,27.0,1.0,1.6651613946633395e-29
poisson,1,E112::idukki,2020-0304-IND,0.0,54.023167929247094,,54.023167929247094,54.023167929247094,42.0,66.0,0.0,24.0,1.0,3.451725678350608e-24
poisson,1,E112::kannur,2020-0304-IND,0.0,62.05033071662666,,62.05033071662666,62.05033071662666,49.0,75.0,0.0,26.0,1.0,1.1268958239827436e-27
poisson,1,E112::kasaragod,2020-0304-IND,0.0,50.73289322116074,,50.73289322116074,50.73289322116074,39.0,63.0,0.0,24.0,1.0,9.267965811636143e-23
poisson,1,E112::kollam,2020-0304-IND,0.0,61.21670592336084,,61.21670592336084,61.21670592336084,49.0,74.0,0.0,25.0,1.0,2.593715976659596e-27
poisson,1,E112::kottayam,2020-0304-IND,0.0,45.68251914539729,,45.68251914539729,45.68251914539729,35.0,57.0,0.0,22.0,1.0,1.4465518855107358e-20
poisson,1,E112::kozhikode,2020-0304-IND,1.0,59.75914620425263,,58.75914620425263,55.66882395060756,47.0,73.0,0.0,26.0,0.0,1.1141215129321505e-26
poisson,1,E112::malappuram,2020-0304-IND,1.0,63.901191751771755,,62.901191751771755,59.74385374029971,51.0,77.0,0.0,26.0,0.0,1.7703740502101791e-28
poisson,1,E112::palakkad,2020-0304-IND,0.0,61.370031873025546,,61.370031873025546,61.370031873025546,49.0,75.0,0.0,26.0,1.0,2.225019406969587e-27
poisson,1,E112::pathanamthitta,2020-0304-IND,0.0,52.06163162543739,,52.06163162543739,52.06163162543739,40.0,64.0,0.0,24.0,1.0,2.4542605479846186e-23
poisson,1,E112::thiruvananthapuram,2020-0304-IND,3.0,70.98466836508807,,67.98466836508807,59.98903608870607,57.0,85.0,0.0,28.0,0.0,1.4850812992522985e-31
poisson,1,E112::thrissur,2020-0304-IND,0.0,50.36085886008654,,50.36085886008654,50.36085886008654,39.0,62.0,0.0,23.0,1.0,1.3444878848399535e-22
poisson,1,E112::wayanad,2020-0304-IND,0.0,50.68684335659341,,50.68684335659341,50.68684335659341,39.0,63.0,0.0,24.0,1.0,9.704733753272514e-23
poisson,1,E113::balaghat,2020-0304-IND,0.0,40.46281325195762,,40.46281325195762,40.46281325195762,30.0,51.0,0.0,21.0,1.0,2.674382257584997e-18
poisson,1,E113::barwani,2020-0304-IND,1.0,41.94430945936256,,40.94430945936256,38.207966686202255,32.0,53.0,0.0,21.0,0.0,6.078799996638409e-19
poisson,1,E113::betul,2020-0304-IND,0.0,37.188529506808294,,37.188529506808294,37.188529506808294,27.0,47.0,0.0,20.0,1.0,7.06686581577586e-17
poisson,1,E113::bhopal,2020-0304-IND,0.0,70.18600462834446,,70.18600462834446,70.18600462834446,57.0,84.0,0.0,27.0,1.0,3.3006956671109785e-31
poisson,1,E113::dindori,2020-0304-IND,0.0,37.034859893517975,,37.034859893517975,37.034859893517975,27.0,47.0,0.0,20.0,1.0,8.24071150082191e-17
poisson,1,E113::jhabua,2020-0304-IND,0.0,30.150780103393686,,30.150780103393686,30.150780103393686,21.0,39.0,0.0,18.0,1.0,8.04790008603272e-14
poisson,1,E113::khandwa,2020-0304-IND,2.0,45.0674131543067,,43.0674131543067,38.1442414571098,34.0,56.0,0.0,22.0,0.0,2.6759078489995272e-20
poisson,1,E113::mandsaur,2020-0304-IND,0.0,26.81052053602207,,26.81052053602207,26.81052053602207,19.0,36.0,0.0,17.0,1.0,2.271636688647406e-12
poisson,1,E113::morena,2020-0304-IND,0.0,33.8520782650358,,33.8520782650358,33.8520782650358,25.0,44.0,0.0,19.0,1.0,1.9871433996226913e-15
poisson,1,E113::narsinghpur,2020-0304-IND,0.0,35.841148423567134,,35.841148423567134,35.841148423567134,26.0,46.0,0.0,20.0,1.0,2.7188610590807315e-16
poisson,1,E113::panna,2020-0304-IND,0.0,29.038335629512165,,29.038335629512165,29.038335629512165,20.0,38.0,0.0,18.0,1.0,2.4479980777340897e-13
poisson,1,E113::raisen,2020-0304-IND,0.0,33.45978230341098,,33.45978230341098,33.45978230341098,24.0,43.0,0.0,19.0,1.0,2.9417189621648664e-15
poisson,1,E113::rewa,2020-0304-IND,0.0,29.201028566872033,,29.201028566872033,29.201028566872033,21.0,38.0,0.0,17.0,1.0,2.0804363222989943e-13
poisson,1,E113::satna,2020-0304-IND,0.0,35.95175084853491,,35.95175084853491,35.95175084853491,26.0,46.0,0.0,20.0,1.0,2.434181692235232e-16
poisson,1,E113::sehore,2020-0304-IND,0.0,52.801216165803005,,52.801216165803005,52.801216165803005,41.0,65.0,0.0,24.0,1.0,1.1714484482158099e-23
poisson,1,E113::shahdol,2020-0304-IND,0.0,42.60856469286806,,42.60856469286806,42.60856469286806,32.0,54.0,0.0,22.0,1.0,3.12849504934829e-19
poisson,1,E113::shivpuri,2020-0304-IND,0.0,31.60654872715613,,31.60654872715613,31.60654872715613,23.0,41.0,0.0,18.0,1.0,1.876939593774096e-14
poisson,1,E113::tikamgarh,2020-0304-IND,0.0,24.62706122496063,,24.62706122496063,24.62706122496063,17.0,33.0,0.0,16.0,1.0,2.016523114551251e-11
poisson,1,E113::umaria,2020-0304-IND,0.0,34.701115126330535,,34.701115126330535,34.701115126330535,25.0,45.0,0.0,20.0,1.0,8.501531821673879e-16
poisson,1,E114::kolhapur,2020-0304-IND,2.0,62.577021301206216,,60.577021301206216,54.99737220406023,50.0,76.0,0.0,26.0,0.0,6.654952422110896e-28
poisson,1,E115::koraput,2020-0304-IND,0.0,35.09259670233781,,35.09259670233781,35.09259670233781,26.0,45.0,0.0,19.0,1.0,5.747498895972737e-16
poisson,1,E116::balrampur,2020-0304-IND,0.0,39.9440935758881,,39.9440935758881,39.9440935758881,30.0,51.0,0.0,21.0,1.0,4.492629198651459e-18
poisson,1,E116::gonda,2020-0304-IND,0.0,44.511356923874914,,44.511356923874914,44.511356923874914,34.0,56.0,0.0,22.0,1.0,4.66619953365619e-20
poisson,1,E116::gorakhpur,2020-0304-IND,0.0,33.33788849195887,,33.33788849195887,33.33788849195887,24.0,43.0,0.0,19.0,1.0,3.3230661734830754e-15
poisson,1,E117::hooghly,2020-0304-IND,0.0,57.678800290209665,,57.678800290209665,57.678800290209665,45.0,70.0,0.0,25.0,1.0,8.921036395112521e-26
poisson,1,E117::jalpaiguri,2020-0304-IND,0.0,46.827815189274624,,46.827815189274624,46.827815189274624,36.0,58.0,0.0,22.0,1.0,4.601911513535629e-21
poisson,1,E117::kolkata,2020-0304-IND,11.0,86.4997645129444,,75.4997645129444,54.940513751873645,71.0,102.0,0.0,31.0,0.0,2.714123379661187e-38
poisson,1,E117::malda,2020-0304-IND,0.0,49.61078521997327,,49.61078521997327,49.61078521997327,38.0,61.0,0.0,23.0,1.0,2.846490482705394e-22
poisson,1,E117::north%2024%20parganas,2020-0304-IND,3.0,53.16798920665464,,50.16798920665464,43.03937915005966,41.0,65.0,0.0,24.0,0.0,8.117750024535526e-24
poisson,1,E117::south%2024%20parganas,2020-0304-IND,4.0,51.83059666480519,,47.83059666480519,39.21672791877802,40.0,64.0,0.0,24.0,0.0,3.092130928356608e-23
poisson,1,E118::east%20godavari,2020-0446-IND,21.0,46.864815536636534,,25.864815536636534,11.452343400329056,36.0,58.0,0.0,22.0,0.0,4.4347507621185625e-21
poisson,1,E118::guntur,2020-0446-IND,4.0,44.17883847604526,,40.17883847604526,32.20390867868278,34.0,55.0,0.0,21.0,0.0,6.506901506386955e-20
poisson,1,E118::krishna,2020-0446-IND,21.0,40.513729823113806,,19.513729823113806,8.159409304142493,30.0,51.0,0.0,21.0,0.0,2.541620451844026e-18
poisson,1,E118::kurnool,2020-0446-IND,2.0,36.09723185714562,,34.09723185714562,29.61794667262292,27.0,46.0,0.0,19.0,0.0,2.1046088507761298e-16
poisson,1,E118::nellore,2020-0446-IND,1.0,35.44314083783636,,34.44314083783636,31.875211091933913,26.0,46.0,0.0,20.0,0.0,4.0479907628113595e-16
poisson,1,E118::srikakulam,2020-0446-IND,10.0,44.280555956750476,,34.280555956750476,21.47951189738813,34.0,55.0,0.0,21.0,0.0,5.87758464659158e-20
poisson,1,E118::visakhapatnam,2020-0446-IND,18.0,57.98596604747129,,39.98596604747129,21.297792957253925,46.0,71.0,0.0,25.0,0.0,6.561678048847408e-26
poisson,1,E118::west%20godavari,2020-0446-IND,8.0,34.62139270099226,,26.62139270099226,16.870221386462404,25.0,45.0,0.0,20.0,0.0,9.207043481143132e-16
poisson,1,E119::kalaburagi,2020-0446-IND,15.0,39.523677337278826,,24.523677337278826,12.269449942372614,29.0,50.0,0.0,21.0,0.0,6.840455593232253e-18
poisson,1,E119::koppal,2020-0446-IND,0.0,32.7799092884213,,32.7799092884213,32.7799092884213,24.0,42.0,0.0,18.0,1.0,5.805856250369173e-15
poisson,1,E119::raichur,2020-0446-IND,2.0,34.010723634946885,,32.010723634946885,27.650519063675706,25.0,44.0,0.0,19.0,0.0,1.6956272984767622e-15
poisson,1,E119::vijayapura,2020-0446-IND,4.0,35.66371749271475,,31.663717492714753,24.545235902043174,26.0,46.0,0.0,20.0,0.0,3.2467159066478893e-16
poisson,1,E119::yadgir,2020-0446-IND,11.0,35.33734980517965,,24.33734980517965,13.625312451187568,26.0,45.0,0.0,19.0,0.0,4.49970429648568e-16
poisson,1,E120::gajapati,2020-0446-IND,3.0,40.39266111019158,,37.39266111019158,31.088476241087484,30.0,51.0,0.0,21.0,0.0,2.8687332720075556e-18
poisson,1,E120::ganjam,2020-0446-IND,2.0,51.37172721493253,,49.37172721493253,44.18669846160922,40.0,63.0,0.0,23.0,0.0,4.892629670788954e-23
poisson,1,E120::koraput,2020-0446-IND,0.0,45.77600657281945,,45.77600657281945,45.77600657281945,35.0,57.0,0.0,22.0,1.0,1.3174463599069717e-20
poisson,1,E121::hyderabad,2020-0446-IND,59.0,81.49940263438972,,22.499402634389725,6.398085751585853,67.0,97.0,0.0,30.0,0.0,4.029574202368264e-36
poisson,1,E121::nalgonda,2020-0446-IND,1.0,30.827487005712012,,29.827487005712012,27.399080278465664,22.0,40.0,0.0,18.0,0.0,4.0906516958678805e-14
poisson,1,E121::ranga%20reddy,2020-0446-IND,3.0,46.215419068494015,,43.215419068494015,36.50723807228759,35.0,58.0,0.0,23.0,0.0,8.489820727542538e-21
poisson,1,E159::ballia,2022-0590-IND,1.0,41.09866543589616,,40.09866543589616,37.382689786067246,31.0,52.0,0.0,21.0,0.0,1.4160428243463512e-18
poisson,1,E178::bhadradri%20kothagudem,2023-0486-IND,15.0,25.62789990756276,,10.62789990756276,4.8719473187028015,18.0,34.0,0.0,16.0,0.0,7.412154911993925e-12
poisson,1,E178::jayashankar%20bhupalpally,2023-0486-IND,23.0,19.437385963976574,,3.562614036023426,2.7985001000458283,12.0,27.0,1.0,15.0,0.0,3.6178498054537927e-09
poisson,1,E178::mancherial,2023-0486-IND,0.0,23.031269069830117,,23.031269069830117,23.031269069830117,15.0,31.0,0.0,16.0,1.0,9.94596511756772e-11
poisson,1,E178::mulugu,2023-0486-IND,60.0,18.487670867285132,,41.51232913271487,32.08960007244785,12.0,26.0,0.0,14.0,0.0,9.35204437994192e-09
poisson,1,E178::nirmal,2023-0486-IND,17.0,21.4693261684553,,4.4693261684553,2.841770766335056,14.0,29.0,1.0,15.0,0.0,4.742311909816135e-10
poisson,1,E184::kullu,2024-0561-IND,191.0,25.727414093866933,,165.27258590613306,221.17374054569925,18.0,34.0,0.0,16.0,0.0,6.710054157152097e-12
poisson,1,E184::mandi,2024-0561-IND,163.0,40.28023519492027,,122.71976480507973,108.60251499300162,30.0,51.0,0.0,21.0,0.0,3.2100819903233925e-18
poisson,1,E184::shimla,2024-0561-IND,178.0,36.74518108626968,,141.25481891373033,143.09968946301422,27.0,47.0,0.0,20.0,0.0,1.1009576606419601e-16
nb2,2,E038::barpeta,2016-0267-IND,71.0,27.182792518037605,3.897426335920995,43.8172074819624,6.29672654309466,0.0,131.0,1.0,131.0,0.0,0.3015511692970434
nb2,2,E038::bongaigaon,2016-0267-IND,66.0,25.53719631426835,3.897426335920995,40.46280368573165,6.219454723251231,0.0,123.0,1.0,123.0,0.0,0.3063744545224448
nb2,2,E038::darrang,2016-0267-IND,54.0,26.290489520276527,3.897426335920995,27.709510479723473,5.942620979498859,0.0,127.0,1.0,127.0,0.0,0.3041199293311633
nb2,2,E038::dhubri,2016-0267-IND,80.0,26.938841983022066,3.897426335920995,53.061158016977934,6.474335516146129,0.0,130.0,1.0,130.0,0.0,0.3022429144134199
nb2,2,E038::goalpara,2016-0267-IND,72.0,26.12408244920395,3.897426335920995,45.875917550796046,6.333683823936355,0.0,126.0,1.0,126.0,0.0,0.3046109924116749
nb2,2,E038::golaghat,2016-0267-IND,78.0,25.898578882467902,3.897426335920995,52.1014211175321,6.456131598071822,0.0,125.0,1.0,125.0,0.0,0.3052826943632758
nb2,2,E038::jorhat,2016-0267-IND,103.0,26.151776124262334,3.897426335920995,76.84822387573766,6.901667290066987,0.0,126.0,1.0,126.0,0.0,0.30452899951187146
nb2,2,E038::lakhimpur,2016-0267-IND,71.0,25.922302501512824,3.897426335920995,45.077697498487176,6.316936197584953,0.0,125.0,1.0,125.0,0.0,0.30521168747860594
nb2,2,E038::morigaon,2016-0267-IND,125.0,26.49302641720351,3.897426335920995,98.50697358279649,7.2478626374633865,0.0,128.0,1.0,128.0,0.0,0.3035274411441879
nb2,2,E038::nalbari,2016-0267-IND,38.0,25.805747990489444,3.897426335920995,12.194252009510556,5.528907428561215,0.0,124.0,1.0,124.0,0.0,0.3055613253433673
nb2,2,E037::golaghat,2016-0554-IND,89.0,25.80974419274139,3.897426335920995,63.19025580725861,6.664631592451823,0.0,124.0,1.0,124.0,0.0,0.30554930511012335
nb2,2,E037::jorhat,2016-0554-IND,109.0,24.317945419632323,3.897426335920995,84.68205458036768,7.063654597835342,0.0,117.0,1.0,117.0,0.0,0.31020469430477077
nb2,2,E064::gajapati,2018-0286-IND,2.0,25.472768902722855,3.897426335920995,23.472768902722855,3.027420346306518,0.0,123.0,1.0,123.0,0.0,0.30657111301114476
nb2,2,E064::kandhamal,2018-0286-IND,4.0,25.50422568879601,3.897426335920995,21.50422568879601,3.5381082783141915,0.0,123.0,1.0,123.0,0.0,0.30647501698018065
nb2,2,E064::malkangiri,2018-0286-IND,12.0,25.986007905345733,3.897426335920995,13.986007905345733,4.4211812323490465,0.0,125.0,1.0,125.0,0.0,0.3050214109912634
nb2,2,E064::rayagada,2018-0286-IND,16.0,26.259105822158606,3.897426335920995,10.259105822158606,4.673371194786837,0.0,127.0,1.0,127.0,0.0,0.3042122453879994
nb2,2,E069::barpeta,2018-0295-IND,3.0,27.558189671982294,3.897426335920995,24.558189671982294,3.339936471586627,0.0,133.0,1.0,133.0,0.0,0.3005016532939612
nb2,2,E069::biswanath,2018-0295-IND,6.0,25.940179658806272,3.897426335920995,19.940179658806272,3.8546805892162608,0.0,125.0,1.0,125.0,0.0,0.3051582329713022
nb2,2,E069::cachar,2018-0295-IND,2.0,27.938224280183842,3.897426335920995,25.938224280183842,3.0491379508588663,0.0,135.0,1.0,135.0,0.0,0.299457148050008
nb2,2,E069::chirang,2018-0295-IND,0.0,25.330429931937914,3.897426335920995,25.330429931937914,1.1808821530869584,0.0,122.0,1.0,122.0,1.0,0.30700779123941396
nb2,2,E069::darrang,2018-0295-IND,1.0,26.3163847182198,3.897426335920995,25.3163847182198,2.560602310371239,0.0,127.0,1.0,127.0,0.0,0.3040438610555391
nb2,2,E069::dhemaji,2018-0295-IND,2.0,26.144931722643438,3.897426335920995,24.144931722643438,3.0335244430594246,0.0,126.0,1.0,126.0,0.0,0.30454925373509095
nb2,2,E069::golaghat,2018-0295-IND,14.0,27.02580648069153,3.897426335920995,13.025806480691529,4.558984387205618,0.0,130.0,1.0,130.0,0.0,0.3019954270210625
nb2,2,E069::hailakandi,2018-0295-IND,1.0,26.37381632586765,3.897426335920995,25.37381632586765,2.5611352258131093,0.0,127.0,1.0,127.0,0.0,0.3038754850828053
nb2,2,E069::hojai,2018-0295-IND,3.0,27.148475895557873,3.897426335920995,24.148475895557873,3.33654653357958,0.0,131.0,1.0,131.0,0.0,0.3016480093254233
nb2,2,E069::jorhat,2018-0295-IND,2.0,26.623899714627708,3.897426335920995,24.623899714627708,3.0377878104042026,0.0,128.0,1.0,128.0,0.0,0.30314758289419824
nb2,2,E069::karimganj,2018-0295-IND,2.0,27.14827895605993,3.897426335920995,25.14827895605993,3.0423761478550713,0.0,131.0,1.0,131.0,0.0,0.301648565519872
nb2,2,E069::kokrajhar,2018-0295-IND,0.0,26.263291022205944,3.897426335920995,26.263291022205944,1.1900701405475649,0.0,127.0,1.0,127.0,1.0,0.30419992656898215
nb2,2,E069::lakhimpur,2018-0295-IND,4.0,26.616240478744103,3.897426335920995,22.616240478744103,3.547286784406919,0.0,128.0,1.0,128.0,0.0,0.3031697496628839
nb2,2,E069::majuli,2018-0295-IND,0.0,24.384551934318218,3.897426335920995,24.384551934318218,1.1712173848389535,0.0,118.0,1.0,118.0,1.0,0.3099893351492915
nb2,2,E069::nagaon,2018-0295-IND,1.0,28.870302700985686,3.897426335920995,27.870302700985686,2.5832933824456408,0.0,139.0,1.0,139.0,0.0,0.2969685903290729
nb2,2,E069::nalbari,2018-0295-IND,0.0,26.432145313226368,3.897426335920995,26.432145313226368,1.1916986258543192,0.0,127.0,1.0,127.0,1.0,0.30370494460306746
nb2,2,E069::sivasagar,2018-0295-IND,4.0,27.441154327836383,3.897426335920995,23.441154327836383,3.5538962750843415,0.0,132.0,1.0,132.0,0.0,0.30082693584211256
nb2,2,E069::sonitpur,2018-0295-IND,1.0,27.74281867565256,3.897426335920995,26.74281867565256,2.573521940847934,0.0,134.0,1.0,134.0,0.0,0.2999919851964385
nb2,2,E069::udalguri,2018-0295-IND,1.0,26.009671682292637,3.897426335920995,25.009671682292637,2.557737424452474,0.0,125.0,1.0,125.0,0.0,0.3049508793698469
nb2,2,E070::chamba,2018-0295-IND,3.0,24.976174731928328,3.897426335920995,21.976174731928328,3.3177989294671564,0.0,120.0,1.0,120.0,0.0,0.3081079848366465
nb2,2,E070::hamirpur,2018-0295-IND,4.0,24.646451254384463,3.897426335920995,20.646451254384463,3.5308056303431052,0.0,119.0,1.0,119.0,0.0,0.30914957387741737
nb2,2,E070::kangra,2018-0295-IND,3.0,26.965787426290245,3.897426335920995,23.965787426290245,3.3350206696479225,0.0,130.0,1.0,130.0,0.0,0.30216612567852147
nb2,2,E070::kullu,2018-0295-IND,6.0,25.197757068416873,3.897426335920995,19.197757068416873,3.8490352540201793,0.0,122.0,1.0,122.0,0.0,0.3074175725210417
nb2,2,E070::mandi,2018-0295-IND,11.0,25.840842091904435,3.897426335920995,14.840842091904435,4.346582963945347,0.0,125.0,1.0,125.0,0.0,0.3054558443546689
nb2,2,E070::shimla,2018-0295-IND,5.0,25.33326639787419,3.897426335920995,20.33326639787419,3.707717897906039,0.0,122.0,1.0,122.0,0.0,0.30699905952995193
nb2,2,E071::alappuzha,2018-0295-IND,553.0,27.18744978952642,3.897426335920995,525.8125502104735,12.348996191953002,0.0,131.0,0.0,131.0,0.0,0.3015380384065911
nb2,2,E071::ernakulam,2018-0295-IND,882.0,27.384205603277294,3.897426335920995,854.6157943967227,15.728923111724733,0.0,132.0,0.0,132.0,0.0,0.3009858417709793
nb2,2,E071::idukki,2018-0295-IND,1112.0,25.65234709026742,3.897426335920995,1086.3476529097327,18.726213741261724,0.0,124.0,0.0,124.0,0.0,0.30602450063625325
nb2,2,E071::kannur,2018-0295-IND,218.0,26.547349457057525,3.897426335920995,191.45265054294248,8.553607615116686,0.0,128.0,0.0,128.0,0.0,0.3033694862512776
nb2,2,E071::kasaragod,2018-0295-IND,22.0,25.86386530498529,3.897426335920995,3.863865304985289,4.966218214008127,0.0,125.0,1.0,125.0,0.0,0.30538674114392933
nb2,2,E071::kollam,2018-0295-IND,46.0,26.53861563428751,3.897426335920995,19.46138436571249,5.744260449124233,0.0,128.0,1.0,128.0,0.0,0.30339485440254205
nb2,2,E071::kottayam,2018-0295-IND,141.0,27.10276960652648,3.897426335920995,113.89723039347352,7.466882072106992,0.0,131.0,0.0,131.0,0.0,0.30177722739211965
nb2,2,E071::kozhikode,2018-0295-IND,481.0,26.8536559789528,3.897426335920995,454.1463440210472,11.621767954307746,0.0,129.0,0.0,129.0,0.0,0.3024863065512769
nb2,2,E071::malappuram,2018-0295-IND,387.0,27.555874203645047,3.897426335920995,359.44412579635497,10.47949570162574,0.0,133.0,0.0,133.0,0.0,0.3005080721118025
nb2,2,E071::palakkad,2018-0295-IND,317.0,27.408065298864226,3.897426335920995,289.59193470113576,9.696852714046177,0.0,132.0,0.0,132.0,0.0,0.30091921523617565
nb2,2,E071::pathanamthitta,2018-0295-IND,479.0,25.696051281259738,3.897426335920995,453.3039487187403,11.79264156808353,0.0,124.0,0.0,124.0,0.0,0.30589219083708036
nb2,2,E071::thiruvananthapuram,2018-0295-IND,164.0,26.551790365149962,3.897426335920995,137.44820963485003,7.822530103590278,0.0,128.0,0.0,128.0,0.0,0.3033565912288597
nb2,2,E071::thrissur,2018-0295-IND,539.0,27.61981519332729,3.897426335920995,511.38018480667273,12.123553364260184,0.0,133.0,0.0,133.0,0.0,0.300331064642886
nb2,2,E071::wayanad,2018-0295-IND,618.0,25.917240689022893,3.897426335920995,592.082759310977,13.313098280607502,0.0,125.0,0.0,125.0,0.0,0.3052268311425872
nb2,2,E073::dimapur,2018-0295-IND,0.0,24.58700848752668,3.897426335920995,24.58700848752668,1.1733168816951378,0.0,119.0,1.0,119.0,1.0,0.3093391962358091
nb2,2,E073::kiphire,2018-0295-IND,1.0,22.40875964744255,3.897426335920995,21.40875964744255,2.521473744875085,0.0,108.0,1.0,108.0,0.0,0.3167088408174141
nb2,2,E073::kohima,2018-0295-IND,1.0,23.90836376016033,3.897426335920995,22.90836376016033,2.537201501650591,0.0,115.0,1.0,115.0,0.0,0.31154531880453523
nb2,2,E073::mokokchung,2018-0295-IND,0.0,23.48470067960941,3.897426335920995,23.48470067960941,1.1616721772699516,0.0,113.0,1.0,113.0,1.0,0.31296241445369327
nb2,2,E073::peren,2018-0295-IND,0.0,22.840023996954862,3.897426335920995,22.840023996954862,1.1546086080537865,0.0,110.0,1.0,110.0,1.0,0.31518087202056233
nb2,2,E073::wokha,2018-0295-IND,0.0,23.44306514178564,3.897426335920995,23.44306514178564,1.1612218137315375,0.0,113.0,1.0,113.0,1.0,0.3131033930574857
nb2,2,E073::zunheboto,2018-0295-IND,1.0,23.0419242756727,3.897426335920995,22.0419242756727,2.528231982941658,0.0,111.0,1.0,111.0,0.0,0.314477808484108
nb2,2,E075::ayodhya,2018-0295-IND,0.0,27.81208405351683,3.897426335920995,27.81208405351683,1.2046334677149928,0.0,134.0,1.0,134.0,1.0,0.29980186644028406
nb2,2,E075::bahraich,2018-0295-IND,0.0,28.866982272809246,3.897426335920995,28.866982272809246,1.214099650821389,0.0,139.0,1.0,139.0,1.0,0.2969772772086191
nb2,2,E075::barabanki,2018-0295-IND,3.0,28.636395275799927,3.897426335920995,25.636395275799927,3.348652393846126,0.0,138.0,1.0,138.0,0.0,0.2975835995380732
nb2,2,E075::basti,2018-0295-IND,0.0,28.06427185841443,3.897426335920995,28.06427185841443,1.2069284571855947,0.0,135.0,1.0,135.0,1.0,0.2991146132346177
nb2,2,E075::farrukhabad,2018-0295-IND,0.0,27.742835576203547,3.897426335920995,27.742835576203547,1.2039996755671187,0.0,134.0,1.0,134.0,1.0,0.2999919387359536
nb2,2,E075::gonda,2018-0295-IND,1.0,28.573956477175653,3.897426335920995,27.573956477175653,2.5807608448219317,0.0,138.0,1.0,138.0,0.0,0.2977488275135406
nb2,2,E075::mau,2018-0295-IND,0.0,28.079707783073403,3.897426335920995,28.079707783073403,1.207068264567302,0.0,135.0,1.0,135.0,1.0,0.2990727977268374
nb2,2,E075::pilibhit,2018-0295-IND,1.0,27.855288897359,3.897426335920995,26.855288897359,2.574513524920968,0.0,134.0,1.0,134.0,0.0,0.29968357661293765
nb2,2,E076::bankura,2018-0295-IND,6.0,29.012705026523918,3.897426335920995,23.012705026523918,3.8769093151169858,0.0,140.0,1.0,140.0,0.0,0.29659720521178984
nb2,2,E076::birbhum,2018-0295-IND,0.0,29.189133174770003,3.897426335920995,29.189133174770003,1.2169222289135075,0.0,141.0,1.0,141.0,1.0,0.2961402175409869
nb2,2,E076::cooch%20behar,2018-0295-IND,0.0,27.948813901289853,3.897426335920995,27.948813901289853,1.2058802999968798,0.0,135.0,1.0,135.0,1.0,0.2994282967328174
nb2,2,E076::dakshin%20dinajpur,2018-0295-IND,0.0,27.271490407789102,3.897426335920995,27.271490407789102,1.199643618440325,0.0,131.0,1.0,131.0,1.0,0.3013015711044903
nb2,2,E076::howrah,2018-0295-IND,0.0,28.552889565476868,3.897426335920995,28.552889565476868,1.2113174534395557,0.0,138.0,1.0,138.0,1.0,0.29780467707288527
nb2,2,E076::jalpaiguri,2018-0295-IND,0.0,28.40326147764653,3.897426335920995,28.40326147764653,1.2099813803920052,0.0,137.0,1.0,137.0,1.0,0.2982028317980267
nb2,2,E076::kolkata,2018-0295-IND,1.0,26.63672927082879,3.897426335920995,25.63672927082879,2.563560823631544,0.0,128.0,1.0,128.0,0.0,0.3031104703596738
nb2,2,E076::murshidabad,2018-0295-IND,0.0,29.876684726686666,3.897426335920995,29.876684726686666,1.2228444359343826,0.0,144.0,1.0,144.0,1.0,0.29439159682315874
nb2,2,E076::nadia,2018-0295-IND,0.0,28.997988170085108,3.897426335920995,28.997988170085108,1.2152512291382362,0.0,140.0,1.0,140.0,1.0,0.29663548145565044
nb2,2,E076::purulia,2018-0295-IND,0.0,28.20194714946317,3.897426335920995,28.20194714946317,1.208172737707513,0.0,136.0,1.0,136.0,1.0,0.2987426622012506
nb2,2,E076::uttar%20dinajpur,2018-0295-IND,0.0,28.10368585531663,3.897426335920995,28.10368585531663,1.207285289543009,0.0,135.0,1.0,135.0,1.0,0.299007898502807
nb2,2,E067::barpeta,2018-0345-IND,6.0,27.706132992333846,3.897426335920995,21.706132992333846,3.8676720347802127,0.0,134.0,1.0,134.0,0.0,0.3000929191698269
nb2,2,E067::darrang,2018-0345-IND,10.0,26.658706646801686,3.897426335920995,16.658706646801686,4.271627641342864,0.0,129.0,1.0,129.0,0.0,0.3030469472549806
nb2,2,E067::dhemaji,2018-0345-IND,17.0,26.382026517986713,3.897426335920995,9.382026517986713,4.728230684153919,0.0,127.0,1.0,127.0,0.0,0.30385145200824604
nb2,2,E067::golaghat,2018-0345-IND,28.0,27.231989078714015,3.897426335920995,0.7680109212859847,5.203074558159766,0.0,131.0,1.0,131.0,0.0,0.3014126038849367
nb2,2,E067::lakhimpur,2018-0345-IND,17.0,26.956682485247228,3.897426335920995,9.956682485247228,4.730215873235563,0.0,130.0,1.0,130.0,0.0,0.30219206212003374
nb2,2,E067::sivasagar,2018-0345-IND,18.0,27.581320827691055,3.897426335920995,9.581320827691055,4.783846237528099,0.0,133.0,1.0,133.0,0.0,0.30043756717272424
nb2,2,E067::sonitpur,2018-0345-IND,9.0,27.942509700222693,3.897426335920995,18.942509700222693,4.192811268546606,0.0,135.0,1.0,135.0,0.0,0.2994454708258644
nb2,2,E067::udalguri,2018-0345-IND,5.0,26.282916484794946,3.897426335920995,21.282916484794946,3.715255520976428,0.0,127.0,1.0,127.0,0.0,0.30414219307649737
nb2,2,E068::bankura,2018-0345-IND,2.0,29.88304294768625,3.897426335920995,27.88304294768625,3.0650677132906328,0.0,144.0,1.0,144.0,0.0,0.2943756608216447
nb2,2,E100::puducherry,2019-0574-IND,8.0,25.98123805962536,3.897426335920995,17.98123805962536,4.084453261558792,0.0,125.0,1.0,125.0,0.0,0.3050356375443293
nb2,2,E101::coimbatore,2019-0574-IND,14.0,27.738117317747943,3.897426335920995,13.738117317747943,4.562215891708489,0.0,134.0,1.0,134.0,0.0,0.30000491083990993
nb2,2,E101::cuddalore,2019-0574-IND,16.0,29.09590427003053,3.897426335920995,13.09590427003053,4.684347906037122,0.0,140.0,1.0,140.0,0.0,0.29638127085453364
nb2,2,E101::nagapattinam,2019-0574-IND,5.0,28.44068709896173,3.897426335920995,23.44068709896173,3.731642993084801,0.0,137.0,1.0,137.0,0.0,0.29810299906203347
nb2,2,E101::thiruvarur,2019-0574-IND,0.0,27.437631712999156,3.897426335920995,27.437631712999156,1.2011875095444506,0.0,132.0,1.0,132.0,1.0,0.3008367531956485
nb2,2,E101::thoothukudi,2019-0574-IND,5.0,28.57503053449806,3.897426335920995,23.57503053449806,3.7326311628440925,0.0,138.0,1.0,138.0,0.0,0.2977459815015712
nb2,2,E139::bongaigaon,2021-0366-IND,3.0,28.324844469895428,3.897426335920995,25.324844469895428,3.346163706661058,0.0,137.0,1.0,137.0,0.0,0.29841254116085986
nb2,2,E139::dhemaji,2021-0366-IND,3.0,28.039578692333897,3.897426335920995,25.039578692333897,3.343863948409175,0.0,135.0,1.0,135.0,0.0,0.29918156594905987
nb2,2,E139::dibrugarh,2021-0366-IND,3.0,28.800168824782105,3.897426335920995,25.800168824782105,3.349951153699492,0.0,139.0,1.0,139.0,0.0,0.2971523389791745
nb2,2,E142::jamnagar,2021-0585-IND,23.0,29.982645537130452,3.897426335920995,6.982645537130452,5.015457925553287,0.0,144.0,1.0,144.0,0.0,0.2941265707739575
nb2,2,E142::junagadh,2021-0585-IND,7.0,29.831458484524568,3.897426335920995,22.831458484524568,4.003385047910058,0.0,144.0,1.0,144.0,0.0,0.2945050721961611
nb2,2,E142::porbandar,2021-0585-IND,4.0,28.4789054974499,3.897426335920995,24.4789054974499,3.561983371055529,0.0,137.0,1.0,137.0,0.0,0.2980012202916648
nb2,2,E142::rajkot,2021-0585-IND,31.0,30.28939255691594,3.897426335920995,0.7106074430840614,5.304382442231577,0.0,146.0,1.0,146.0,0.0,0.2933658761663053
nb2,2,E142::valsad,2021-0585-IND,3.0,28.148427629098137,3.897426335920995,25.148427629098137,3.344743863996737,0.0,136.0,1.0,136.0,0.0,0.29888698425611065
nb2,2,E144::nainital,2021-0681-IND,152.0,27.225912698474385,3.897426335920995,124.77408730152561,7.621030174203079,0.0,131.0,0.0,131.0,0.0,0.3014297015431867
nb2,2,E145::ariyalur,2021-0722-IND,2.0,27.980245138577626,3.897426335920995,25.980245138577626,3.049492732459826,0.0,135.0,1.0,135.0,0.0,0.2993427427332299
nb2,2,E145::chennai,2021-0722-IND,318.0,28.281910475251095,3.897426335920995,289.7180895247489,9.625349754362304,0.0,136.0,0.0,136.0,0.0,0.2985276653924839
nb2,2,E145::coimbatore,2021-0722-IND,2.0,28.605593691854562,3.897426335920995,26.605593691854562,3.05471574991672,0.0,138.0,1.0,138.0,0.0,0.2976650517516482
nb2,2,E145::cuddalore,2021-0722-IND,10.0,29.91687133758187,3.897426335920995,19.91687133758187,4.290559120264263,0.0,144.0,1.0,144.0,0.0,0.2942909456110497
nb2,2,E145::dharmapuri,2021-0722-IND,1.0,28.168029227180508,3.897426335920995,27.168029227180508,2.5772508334483306,0.0,136.0,1.0,136.0,0.0,0.29883408647869725
nb2,2,E145::dindigul,2021-0722-IND,3.0,28.476824471651415,3.897426335920995,25.476824471651415,3.3473807027684206,0.0,137.0,1.0,137.0,0.0,0.29800675785644604
nb2,2,E145::erode,2021-0722-IND,0.0,28.448599998065653,3.897426335920995,28.448599998065653,1.210386956496671,0.0,137.0,1.0,137.0,1.0,0.29808191237777704
nb2,2,E145::kanyakumari,2021-0722-IND,12.0,28.275623831072654,3.897426335920995,16.275623831072654,4.433139792127653,0.0,136.0,1.0,136.0,0.0,0.29854454081564635
nb2,2,E145::karur,2021-0722-IND,0.0,27.458740790772605,3.897426335920995,27.458740790772605,1.2013830050970178,0.0,132.0,1.0,132.0,1.0,0.3007779466967418
nb2,2,E145::krishnagiri,2021-0722-IND,2.0,27.89161552544187,3.897426335920995,25.89161552544187,3.048743862878517,0.0,134.0,1.0,134.0,0.0,0.29958429518734386
nb2,2,E145::madurai,2021-0722-IND,10.0,29.312597750457588,3.897426335920995,19.312597750457588,4.287121360933972,0.0,141.0,1.0,141.0,0.0,0.2958224586091124
nb2,2,E145::nagapattinam,2021-0722-IND,10.0,29.57110643420737,3.897426335920995,19.57110643420737,4.2885961710162785,0.0,143.0,1.0,143.0,0.0,0.295162506070973
nb2,2,E145::namakkal,2021-0722-IND,0.0,28.182231528631995,3.897426335920995,28.182231528631995,1.2079949218010029,0.0,136.0,1.0,136.0,1.0,0.2987957881217201
nb2,2,E145::nilgiris,2021-0722-IND,1.0,26.174465987220316,3.897426335920995,25.174465987220316,2.55928067058391,0.0,126.0,1.0,126.0,0.0,0.3044619019254178
nb2,2,E145::perambalur,2021-0722-IND,1.0,26.903498657811365,3.897426335920995,25.903498657811365,2.565998828260054,0.0,130.0,1.0,130.0,0.0,0.30234378037672943
nb2,2,E145::pudukkottai,2021-0722-IND,0.0,29.196161763051016,3.897426335920995,29.196161763051016,1.216983466249639,0.0,141.0,1.0,141.0,1.0,0.2961220832581965
nb2,2,E145::ramanathapuram,2021-0722-IND,3.0,28.62308625362363,3.897426335920995,25.62308625362363,3.3485465653038986,0.0,138.0,1.0,138.0,0.0,0.2976187807406782
nb2,2,E145::salem,2021-0722-IND,1.0,29.18729229343351,3.897426335920995,28.18729229343351,2.5859749924767508,0.0,141.0,1.0,141.0,0.0,0.2961449680512252
nb2,2,E145::thanjavur,2021-0722-IND,8.0,29.694832559443874,3.897426335920995,21.694832559443874,4.108628330528603,0.0,143.0,1.0,143.0,0.0,0.2948491808666958
nb2,2,E145::theni,2021-0722-IND,8.0,27.62019920519894,3.897426335920995,19.62019920519894,4.095356422529358,0.0,133.0,1.0,133.0,0.0,0.3003300031266873
nb2,2,E145::thoothukudi,2021-0722-IND,3.0,29.241651586935028,3.897426335920995,26.241651586935028,3.353420277181993,0.0,141.0,1.0,141.0,0.0,0.29600484745576616
nb2,2,E145::tiruchirappalli,2021-0722-IND,0.0,29.72390601934293,3.897426335920995,29.72390601934293,1.2215402424497104,0.0,143.0,1.0,143.0,1.0,0.29477579090292866
nb2,2,E145::tirunelveli,2021-0722-IND,4.0,29.950195489692263,3.897426335920995,25.950195489692263,3.5730403583105392,0.0,144.0,1.0,144.0,0.0,0.29420760975501775
nb2,2,E145::tiruvallur,2021-0722-IND,31.0,30.246014286316402,3.897426335920995,0.7539857136835977,5.3043912641435895,0.0,146.0,1.0,146.0,0.0,0.29347286481347773
nb2,2,E145::tiruvannamalai,2021-0722-IND,2.0,30.006961885070393,3.897426335920995,28.006961885070393,3.0660501631453903,0.0,145.0,1.0,145.0,0.0,0.2940659160410897
nb2,2,E145::tiruvarur,2021-0722-IND,8.0,28.907536216322708,3.897426335920995,20.907536216322708,4.1036599659959245,0.0,139.0,1.0,139.0,0.0,0.2968712654144095
nb2,2,E145::vellore,2021-0722-IND,9.0,29.820188926120682,3.897426335920995,20.820188926120682,4.204193450047016,0.0,144.0,1.0,144.0,0.0,0.2945333815600301
nb2,2,E145::virudhunagar,2021-0722-IND,0.0,28.69776868085243,3.897426335920995,28.69776868085243,1.2126045255804367,0.0,138.0,1.0,138.0,1.0,0.2974216275286775
nb2,2,E174::ambala,2023-0359-IND,9.0,30.442539251455702,3.897426335920995,21.442539251455702,4.207878696319418,0.0,147.0,1.0,147.0,0.0,0.29298967484662525
nb2,2,E174::faridabad,2023-0359-IND,0.0,31.023363947957815,3.897426335920995,31.023363947957815,1.232427021740516,0.0,149.0,1.0,149.0,1.0,0.2915840374093586
nb2,2,E174::fatehabad,2023-0359-IND,0.0,30.53206545422011,3.897426335920995,30.53206545422011,1.228365070428122,0.0,147.0,1.0,147.0,1.0,0.29277084632098765
nb2,2,E174::kaithal,2023-0359-IND,2.0,30.715657378496143,3.897426335920995,28.715657378496143,3.0715980667926903,0.0,148.0,1.0,148.0,0.0,0.2923245841536679
nb2,2,E174::karnal,2023-0359-IND,3.0,31.254451906043613,3.897426335920995,28.254451906043613,3.3686754634348857,0.0,151.0,1.0,151.0,0.0,0.29103387889289634
nb2,2,E174::kurukshetra,2023-0359-IND,5.0,30.463559306930254,3.897426335920995,25.463559306930254,3.7461509110267373,0.0,147.0,1.0,147.0,0.0,0.2929382236390938
nb2,2,E174::palwal,2023-0359-IND,0.0,30.081244401242632,3.897426335920995,30.081244401242632,1.2245803410231673,0.0,145.0,1.0,145.0,1.0,0.29388100425047753
nb2,2,E174::panchkula,2023-0359-IND,6.0,27.77173056471964,3.897426335920995,21.77173056471964,3.86814319650407,0.0,134.0,1.0,134.0,0.0,0.29991255641870557
nb2,2,E174::panipat,2023-0359-IND,3.0,30.457081709788746,3.897426335920995,27.457081709788746,3.36273874187311,0.0,147.0,1.0,147.0,0.0,0.29295407426545805
nb2,2,E174::sirsa,2023-0359-IND,0.0,30.549992593248852,3.897426335920995,30.549992593248852,1.2285144241631902,0.0,147.0,1.0,147.0,1.0,0.29272712316676003
nb2,2,E174::sonipat,2023-0359-IND,1.0,30.840487479333998,3.897426335920995,29.840487479333998,2.599524115132878,0.0,149.0,1.0,149.0,0.0,0.29202305009918955
nb2,2,E174::yamunanagar,2023-0359-IND,5.0,29.689381443390452,3.897426335920995,24.689381443390452,3.7406908141787603,0.0,143.0,1.0,143.0,0.0,0.2948629510524825
nb2,2,E175::hamirpur,2023-0359-IND,7.0,26.829505042094592,3.897426335920995,19.829505042094592,3.9830925007785765,0.0,129.0,1.0,129.0,0.0,0.3025554851351538
nb2,2,E175::mandi,2023-0359-IND,138.0,28.379303509624414,3.897426335920995,109.6206964903756,7.376116012945266,0.0,137.0,0.0,137.0,0.0,0.2982668256470387
nb2,2,E175::solan,2023-0359-IND,22.0,27.329724524304396,3.897426335920995,5.329724524304396,4.968633674767926,0.0,132.0,1.0,132.0,0.0,0.30113824766544917
nb2,2,E176::faridkot,2023-0359-IND,0.0,29.754118042264643,3.897426335920995,29.754118042264643,1.2217986733822686,0.0,143.0,1.0,143.0,1.0,0.2946996215630708
nb2,2,E176::fatehgarh%20sahib,2023-0359-IND,13.0,29.696936466468745,3.897426335920995,16.696936466468745,4.507936435156386,0.0,143.0,1.0,143.0,0.0,0.2948438669825171
nb2,2,E176::firozpur,2023-0359-IND,0.0,31.952094952133614,3.897426335920995,31.952094952133614,1.2399342069585608,0.0,154.0,1.0,154.0,1.0,0.28940325803323913
nb2,2,E176::hoshiarpur,2023-0359-IND,5.0,31.062572000940055,3.897426335920995,26.062572000940055,3.7503004266452025,0.0,150.0,1.0,150.0,0.0,0.2914903344490146
nb2,2,E176::jalandhar,2023-0359-IND,6.0,31.749331905584434,3.897426335920995,25.749331905584434,3.8953075972342948,0.0,153.0,1.0,153.0,0.0,0.2898725725223578
nb2,2,E176::ludhiana,2023-0359-IND,18.0,32.6165960572904,3.897426335920995,14.616596057290401,4.80087460182234,0.0,157.0,1.0,157.0,0.0,0.2878908494801927
nb2,2,E176::moga,2023-0359-IND,0.0,30.78905309040867,3.897426335920995,30.78905309040867,1.2304978084837286,0.0,148.0,1.0,148.0,1.0,0.29214710816694217
nb2,2,E176::patiala,2023-0359-IND,13.0,31.729538312059574,3.897426335920995,18.729538312059574,4.517646722744053,0.0,153.0,1.0,153.0,0.0,0.2899185867832741
nb2,2,E176::rupnagar,2023-0359-IND,8.0,29.726614151254882,3.897426335920995,21.726614151254882,4.10882717391474,0.0,143.0,1.0,143.0,0.0,0.29476895933481034
nb2,2,E176::sangrur,2023-0359-IND,1.0,31.760326640425138,3.897426335920995,30.760326640425138,2.606764566291767,0.0,153.0,1.0,153.0,0.0,0.28984702845509075
nb2,2,E176::sas%20nagar,2023-0359-IND,3.0,29.503839083411698,3.897426335920995,26.503839083411698,3.355458845576086,0.0,142.0,1.0,142.0,0.0,0.29533354068167034
nb2,2,E176::tarn%20taran,2023-0359-IND,2.0,30.89362747642081,3.897426335920995,28.89362747642081,3.0729727351112106,0.0,149.0,1.0,149.0,0.0,0.29189514867439126
nb2,2,E180::cachar,2024-0399-IND,1.0,31.075479167486986,3.897426335920995,30.075479167486986,2.6013933296836353,0.0,150.0,1.0,150.0,0.0,0.29145951997654845
nb2,2,E180::dhemaji,2024-0399-IND,0.0,29.026297845339073,3.897426335920995,29.026297845339073,1.2154994013993312,0.0,140.0,1.0,140.0,1.0,0.2965618738915521
nb2,2,E180::dibrugarh,2024-0399-IND,0.0,30.542909716128346,3.897426335920995,30.542909716128346,1.2284554260198526,0.0,147.0,1.0,147.0,1.0,0.29274439403300095
nb2,2,E180::jorhat,2024-0399-IND,0.0,29.532326172397084,3.897426335920995,29.532326172397084,1.219895399050931,0.0,142.0,1.0,142.0,1.0,0.2952610498948341
nb2,2,E180::kamrup,2024-0399-IND,0.0,31.521541752305573,3.897426335920995,31.521541752305573,1.2364812187716008,0.0,152.0,1.0,152.0,1.0,0.2904042913479807
nb2,2,E180::lakhimpur,2024-0399-IND,0.0,29.24052652513456,3.897426335920995,29.24052652513456,1.2173696621271397,0.0,141.0,1.0,141.0,1.0,0.29600774421046083
nb2,2,E180::nagaon,2024-0399-IND,0.0,31.442738147319922,3.897426335920995,31.442738147319922,1.23584416074567,0.0,152.0,1.0,152.0,1.0,0.29058935467432834
nb2,2,E180::udalguri,2024-0399-IND,0.0,29.25730183586545,3.897426335920995,29.25730183586545,1.2175155401212476,0.0,141.0,1.0,141.0,1.0,0.295964566343922
nb2,2,E181::east%20jaintia%20hills,2024-0399-IND,0.0,26.113769312324816,3.897426335920995,26.113769312324816,1.1886194254768818,0.0,126.0,1.0,126.0,1.0,0.30464155424746764
nb2,2,E181::east%20khasi%20hills,2024-0399-IND,0.0,28.4688191533303,3.897426335920995,28.4688191533303,1.2105676206191343,0.0,137.0,1.0,137.0,1.0,0.2980280645349882
nb2,2,E181::south%20west%20garo%20hills,2024-0399-IND,0.0,26.065396100414908,3.897426335920995,26.065396100414908,1.1881483290949826,0.0,126.0,1.0,126.0,1.0,0.3047851035915831
nb2,2,E181::west%20garo%20hills,2024-0399-IND,0.0,28.229293819587852,3.897426335920995,28.229293819587852,1.208419174497526,0.0,136.0,1.0,136.0,1.0,0.2986690500892767
nb2,2,E181::west%20jaintia%20hills,2024-0399-IND,0.0,27.332708720984638,3.897426335920995,27.332708720984638,1.2002135795503102,0.0,132.0,1.0,132.0,1.0,0.3011298898570482
nb2,2,E186::ahmedabad,2024-0647-IND,62.0,34.33478726184497,3.897426335920995,27.665212738155027,6.050151695283418,0.0,165.0,1.0,165.0,0.0,0.28415203150692303
nb2,2,E186::amreli,2024-0647-IND,1.0,29.91367838696872,3.897426335920995,28.91367838696872,2.59201641539109,0.0,144.0,1.0,144.0,0.0,0.29429893649969724
nb2,2,E186::anand,2024-0647-IND,34.0,31.676072268776398,3.897426335920995,2.323927731223602,5.3969741528417385,0.0,153.0,1.0,153.0,0.0,0.2900430586178824
nb2,2,E186::dahod,2024-0647-IND,4.0,30.55800436464044,3.897426335920995,26.55800436464044,3.577476036896255,0.0,147.0,1.0,147.0,0.0,0.2927075933006478
nb2,2,E186::jamnagar,2024-0647-IND,81.0,31.340627246319954,3.897426335920995,49.659372753680046,6.424123483941651,0.0,151.0,1.0,151.0,0.0,0.2908300148203951
nb2,2,E186::junagadh,2024-0647-IND,15.0,31.006441991864857,3.897426335920995,16.006441991864857,4.636088442686325,0.0,149.0,1.0,149.0,0.0,0.2916245246410237
nb2,2,E186::kheda,2024-0647-IND,39.0,31.504084398916575,3.897426335920995,7.495915601083425,5.539273483236772,0.0,152.0,1.0,152.0,0.0,0.29044523864440563
nb2,2,E186::kutch,2024-0647-IND,65.0,33.02174130200821,3.897426335920995,31.97825869799179,6.116783743249062,0.0,159.0,1.0,159.0,0.0,0.286987461820643
nb2,2,E186::rajkot,2024-0647-IND,56.0,32.36314317344711,3.897426335920995,23.636856826552894,5.940221274583925,0.0,156.0,1.0,156.0,0.0,0.2884631398527295
nb2,2,E186::surendranagar,2024-0647-IND,6.0,31.85852919003469,3.897426335920995,25.85852919003469,3.896016634048153,0.0,154.0,1.0,154.0,0.0,0.2896193622694015
nb2,2,E186::vadodara,2024-0647-IND,306.0,32.058906541871025,3.897426335920995,273.941093458129,9.19598504172111,0.0,154.0,0.0,154.0,0.0,0.2891575227823162
nb2,2,E187::kolhapur,2024-0647-IND,1.0,30.688208211570213,3.897426335920995,29.688208211570213,2.598305525279366,0.0,148.0,1.0,148.0,0.0,0.2923910939991585
nb2,2,E187::nashik,2024-0647-IND,1.0,32.05144012604317,3.897426335920995,31.05144012604317,2.6090141816518,0.0,154.0,1.0,154.0,0.0,0.28917466713573486
nb2,2,E187::pune,2024-0647-IND,6.0,32.358597041735834,3.897426335920995,26.358597041735834,3.899240227131098,0.0,156.0,1.0,156.0,0.0,0.28847345587307616
nb2,2,E187::raigad,2024-0647-IND,0.0,30.140185964734176,3.897426335920995,30.140185964734176,1.2250783506840817,0.0,145.0,1.0,145.0,1.0,0.29373468510839884
nb2,2,E187::ratnagiri,2024-0647-IND,0.0,29.13409864962982,3.897426335920995,29.13409864962982,1.216442228728075,0.0,140.0,1.0,140.0,1.0,0.2962823990211592
nb2,2,E187::satara,2024-0647-IND,0.0,30.60578283630798,3.897426335920995,30.60578283630798,1.228978665712273,0.0,147.0,1.0,147.0,1.0,0.292591258613068
nb2,2,E187::sindhudurg,2024-0647-IND,0.0,28.26865712993888,3.897426335920995,28.26865712993888,1.2087734851958858,0.0,136.0,1.0,136.0,1.0,0.2985632471942168
nb2,2,E188::dhalai,2024-0647-IND,11.0,27.867476188389606,3.897426335920995,16.867476188389606,4.35790449021677,0.0,134.0,1.0,134.0,0.0,0.29965025053341116
nb2,2,E188::north%20tripura,2024-0647-IND,4.0,28.455880368492483,3.897426335920995,24.455880368492483,3.56180659653436,0.0,137.0,1.0,137.0,0.0,0.29806251773790604
nb2,2,E188::south%20tripura,2024-0647-IND,25.0,29.386938182696255,3.897426335920995,4.386938182696255,5.093348604732348,0.0,142.0,1.0,142.0,0.0,0.2956319328013053
nb2,2,E188::west%20tripura,2024-0647-IND,21.0,30.04569028708158,3.897426335920995,9.04569028708158,4.931343508043777,0.0,145.0,1.0,145.0,0.0,0.2939694381912307
nb2,2,E203::araria,2025-0859-IND,2.0,32.565027303390444,3.897426335920995,30.565027303390444,3.085537471142323,0.0,157.0,1.0,157.0,0.0,0.2880068402049863
nb2,2,E203::darbhanga,2025-0859-IND,2.0,32.880570642526216,3.897426335920995,30.880570642526216,3.087842369854963,0.0,158.0,1.0,158.0,0.0,0.2873006661235339
nb2,2,E203::gopalganj,2025-0859-IND,1.0,31.828141412523014,3.897426335920995,30.828141412523014,2.6072903759067287,0.0,153.0,1.0,153.0,0.0,0.2896897176816259
nb2,2,E203::katihar,2025-0859-IND,0.0,32.12591182966119,3.897426335920995,32.12591182966119,1.2413151378611298,0.0,155.0,1.0,155.0,1.0,0.28900388794563037
nb2,2,E203::kishanganj,2025-0859-IND,1.0,31.05774383827131,3.897426335920995,30.05774383827131,2.6012527294800103,0.0,150.0,1.0,150.0,0.0,0.2915018652696203
nb2,2,E203::madhepura,2025-0859-IND,0.0,32.174858727937135,3.897426335920995,32.174858727937135,1.241702671124126,0.0,155.0,1.0,155.0,1.0,0.28889191102470835
nb2,2,E203::madhubani,2025-0859-IND,1.0,32.72766997449345,3.897426335920995,31.727669974493452,2.6141650370647644,0.0,158.0,1.0,158.0,0.0,0.28764179189670874
nb2,2,E203::muzaffarpur,2025-0859-IND,2.0,32.833812827821404,3.897426335920995,30.833812827821404,3.0875021233563866,0.0,158.0,1.0,158.0,0.0,0.28740477386495883
nb2,2,E203::purnia,2025-0859-IND,0.0,32.629662162563775,3.897426335920995,32.629662162563775,1.2452758279979892,0.0,157.0,1.0,157.0,1.0,0.2878614969189626
nb2,2,E203::saharsa,2025-0859-IND,0.0,31.794581165309218,3.897426335920995,31.794581165309218,1.238676348094129,0.0,153.0,1.0,153.0,1.0,0.28976751553098545
nb2,2,E203::samastipur,2025-0859-IND,0.0,32.41127256810224,3.897426335920995,32.41127256810224,1.2435662622421,0.0,156.0,1.0,156.0,1.0,0.2883540359705237
nb2,2,E203::saran,2025-0859-IND,1.0,32.35128713071918,3.897426335920995,31.35128713071918,2.6113108749514233,0.0,156.0,1.0,156.0,0.0,0.2884900472129225
nb2,2,E203::sheohar,2025-0859-IND,0.0,29.152196246864097,3.897426335920995,29.152196246864097,1.2166001714866148,0.0,141.0,1.0,141.0,1.0,0.29623560705707425
nb2,2,E203::sitamarhi,2025-0859-IND,1.0,32.549723853515324,3.897426335920995,31.549723853515324,2.6128195986085467,0.0,157.0,1.0,157.0,0.0,0.2880413054717501
nb2,2,E203::siwan,2025-0859-IND,0.0,32.191542027725745,3.897426335920995,32.191542027725745,1.2418346262144575,0.0,155.0,1.0,155.0,1.0,0.2888537927814965
nb2,2,E203::supaul,2025-0859-IND,3.0,32.39151978553357,3.897426335920995,29.391519785533568,3.3769133144889762,0.0,156.0,1.0,156.0,0.0,0.28839878883646547
nb2,2,E203::west%20champaran,2025-0859-IND,1.0,32.92203122400446,3.897426335920995,31.922031224004463,2.6156265823473706,0.0,159.0,1.0,159.0,0.0,0.2872085071273264
nb2,2,E204::cooch%20behar,2025-0859-IND,30.0,32.67183479736137,3.897426335920995,2.6718347973613703,5.272562477689475,0.0,157.0,1.0,157.0,0.0,0.287766857419
nb2,2,E204::jalpaiguri,2025-0859-IND,214.0,32.400901888994895,3.897426335920995,181.5990981110051,8.181651128831977,0.0,156.0,0.0,156.0,0.0,0.2883775280449808
poisson,2,E038::barpeta,2016-0267-IND,71.0,27.48082042850674,,43.51917957149326,26.924872981958877,19.0,36.0,0.0,17.0,0.0,1.1620674316452845e-12
poisson,2,E038::bongaigaon,2016-0267-IND,66.0,25.943788424557503,,40.0562115754425,24.584503802383857,18.0,35.0,0.0,17.0,0.0,5.404504061466653e-12
poisson,2,E038::darrang,2016-0267-IND,54.0,26.89105919765464,,27.10894080234536,13.45430304646564,19.0,36.0,0.0,17.0,0.0,2.095855699171955e-12
poisson,2,E038::dhubri,2016-0267-IND,80.0,26.8483966641695,,53.1516033358305,37.305032580597796,19.0,36.0,0.0,17.0,0.0,2.1872049535138364e-12
poisson,2,E038::goalpara,2016-0267-IND,72.0,26.47906855217131,,45.52093144782869,29.559930159196664,18.0,35.0,0.0,17.0,0.0,3.1643655069373453e-12
poisson,2,E038::golaghat,2016-0267-IND,78.0,26.010102385706976,,51.98989761429303,36.76992094791137,18.0,35.0,0.0,17.0,0.0,5.057734876572161e-12
poisson,2,E038::jorhat,2016-0267-IND,103.0,26.404485332714778,,76.59551466728522,66.84469205381629,18.0,35.0,0.0,17.0,0.0,3.409398160557882e-12
poisson,2,E038::lakhimpur,2016-0267-IND,71.0,26.08547121825733,,44.914528781742675,29.229321087762703,18.0,35.0,0.0,17.0,0.0,4.690550240624285e-12
poisson,2,E038::morigaon,2016-0267-IND,125.0,27.193183232044913,,97.80681676795508,96.19537178400041,19.0,36.0,0.0,17.0,0.0,1.549353711851994e-12
poisson,2,E038::nalbari,2016-0267-IND,38.0,26.339399761700918,,11.660600238299082,5.007093873538622,18.0,35.0,0.0,17.0,0.0,3.638681367090348e-12
poisson,2,E037::golaghat,2016-0554-IND,89.0,25.859883520864933,,63.14011647913507,50.02304811965663,18.0,34.0,0.0,16.0,0.0,5.877535815428425e-12
poisson,2,E037::jorhat,2016-0554-IND,109.0,23.358882897128158,,85.64111710287185,85.52464947438781,16.0,32.0,0.0,16.0,0.0,7.16747281394594e-11
poisson,2,E064::gajapati,2018-0286-IND,2.0,25.63463985517096,,23.63463985517096,19.839897923356624,18.0,34.0,0.0,16.0,0.0,7.36236535421061e-12
poisson,2,E064::kandhamal,2018-0286-IND,4.0,25.33873228706012,,21.33873228706012,15.58744953538173,17.0,34.0,0.0,17.0,0.0,9.897565609461033e-12
poisson,2,E064::malkangiri,2018-0286-IND,12.0,26.420869615129664,,14.420869615129664,7.118233547784818,18.0,35.0,0.0,17.0,0.0,3.3539927466402883e-12
poisson,2,E064::rayagada,2018-0286-IND,16.0,26.193838726712904,,10.193838726712904,4.617311312644585,18.0,35.0,0.0,17.0,0.0,4.2088202771262896e-12
poisson,2,E069::barpeta,2018-0295-IND,3.0,27.515344904849627,,24.515344904849627,19.36287283730669,19.0,36.0,0.0,17.0,0.0,1.122632317372119e-12
poisson,2,E069::biswanath,2018-0295-IND,6.0,26.34410354349077,,20.34410354349077,13.295887902467529,18.0,35.0,0.0,17.0,0.0,3.621605994832797e-12
poisson,2,E069::cachar,2018-0295-IND,2.0,28.117431851084625,,26.117431851084625,22.13779956249611,20.0,37.0,0.0,17.0,0.0,6.148292234674855e-13
poisson,2,E069::chirang,2018-0295-IND,0.0,25.659334990781392,,25.659334990781392,25.659334990781392,18.0,34.0,0.0,16.0,1.0,7.18277734520835e-12
poisson,2,E069::darrang,2018-0295-IND,1.0,26.35315972042234,,25.35315972042234,23.081571539135503,18.0,35.0,0.0,17.0,0.0,3.58895615467773e-12
poisson,2,E069::dhemaji,2018-0295-IND,2.0,26.52182418776748,,24.52182418776748,20.65903547170178,18.0,35.0,0.0,17.0,0.0,3.0319225648638598e-12
poisson,2,E069::golaghat,2018-0295-IND,14.0,27.34240046156258,,13.34240046156258,6.215480855222452,19.0,36.0,0.0,17.0,0.0,1.3345853633600397e-12
poisson,2,E069::hailakandi,2018-0295-IND,1.0,26.976230687645874,,25.976230687645874,23.681274554274697,19.0,36.0,0.0,17.0,0.0,1.9247391042263695e-12
poisson,2,E069::hojai,2018-0295-IND,3.0,27.768306468859773,,24.768306468859773,19.588379992300407,19.0,37.0,0.0,18.0,0.0,8.717214423694179e-13
poisson,2,E069::jorhat,2018-0295-IND,2.0,26.624450424336658,,24.624450424336658,20.753937639942432,18.0,35.0,0.0,17.0,0.0,2.736201628280308e-12
poisson,2,E069::karimganj,2018-0295-IND,2.0,27.328754625575485,,25.328754625575485,21.406022944404032,19.0,36.0,0.0,17.0,0.0,1.3529217192600882e-12
poisson,2,E069::kokrajhar,2018-0295-IND,0.0,26.332514596689222,,26.332514596689222,26.332514596689222,18.0,35.0,0.0,17.0,1.0,3.663820733759715e-12
poisson,2,E069::lakhimpur,2018-0295-IND,4.0,26.68353103491325,,22.68353103491325,16.72539862555849,18.0,35.0,0.0,17.0,0.0,2.5792278753321075e-12
poisson,2,E069::majuli,2018-0295-IND,0.0,25.575439421431955,,25.575439421431955,25.575439421431955,18.0,34.0,0.0,16.0,1.0,7.811380388312302e-12
poisson,2,E069::nagaon,2018-0295-IND,1.0,28.897389296217746,,27.897389296217746,25.533638040950894,20.0,38.0,0.0,18.0,0.0,2.8185340594258437e-13
poisson,2,E069::nalbari,2018-0295-IND,0.0,26.832947291899604,,26.832947291899604,26.832947291899604,19.0,36.0,0.0,17.0,1.0,2.2212582709335555e-12
poisson,2,E069::sivasagar,2018-0295-IND,4.0,27.93224344009066,,23.93224344009066,17.791170468835137,20.0,37.0,0.0,17.0,0.0,7.39913253864924e-13
poisson,2,E069::sonitpur,2018-0295-IND,1.0,27.623345550489923,,26.623345550489923,24.30468428202048,19.0,37.0,0.0,18.0,0.0,1.0077050981026369e-12
poisson,2,E069::udalguri,2018-0295-IND,1.0,26.001663239630368,,25.001663239630368,22.743502732899913,18.0,35.0,0.0,17.0,0.0,5.100598451605734e-12
poisson,2,E070::chamba,2018-0295-IND,3.0,24.951206821302506,,21.951206821302506,17.09219971867344,17.0,33.0,0.0,16.0,0.0,1.4582385017154808e-11
poisson,2,E070::hamirpur,2018-0295-IND,4.0,24.584776968717062,,20.584776968717062,14.9543210831497,17.0,33.0,0.0,16.0,0.0,2.103618704209714e-11
poisson,2,E070::kangra,2018-0295-IND,3.0,26.701218785761473,,23.701218785761473,18.63885061967596,19.0,35.0,0.0,16.0,0.0,2.5340082311248053e-12
poisson,2,E070::kullu,2018-0295-IND,6.0,25.574420801829245,,19.574420801829245,12.704116026620694,18.0,34.0,0.0,16.0,0.0,7.819341267365455e-12
poisson,2,E070::mandi,2018-0295-IND,11.0,25.446907751466814,,14.446907751466814,7.346679037364179,17.0,34.0,0.0,17.0,0.0,8.882769281942928e-12
poisson,2,E070::shimla,2018-0295-IND,5.0,24.902690828069243,,19.902690828069243,13.615303255769657,17.0,33.0,0.0,16.0,0.0,1.530730687398125e-11
poisson,2,E071::alappuzha,2018-0295-IND,553.0,26.543531341121952,,526.4564686588781,1156.8445736261388,18.0,35.0,0.0,17.0,0.0,2.9668173378112975e-12
poisson,2,E071::ernakulam,2018-0295-IND,882.0,26.20655514188868,,855.7934448581113,2249.7896317908,18.0,35.0,0.0,17.0,0.0,4.155638031500618e-12
poisson,2,E071::idukki,2018-0295-IND,1112.0,24.985377784786603,,1087.0146222152134,3138.146026142845,17.0,33.0,0.0,16.0,0.0,1.4092508316949952e-11
poisson,2,E071::kannur,2018-0295-IND,218.0,25.24994673971552,,192.7500532602845,280.79779663965854,17.0,34.0,0.0,17.0,0.0,1.0816517632750803e-11
poisson,2,E071::kasaragod,2018-0295-IND,22.0,25.094967475370428,,3.094967475370428,2.667467632195798,17.0,34.0,1.0,17.0,0.0,1.2629731036855854e-11
poisson,2,E071::kollam,2018-0295-IND,46.0,25.17277622117661,,20.82722377882339,9.740248570318474,17.0,34.0,0.0,17.0,0.0,1.1684286380995404e-11
poisson,2,E071::kottayam,2018-0295-IND,141.0,26.518065528327416,,114.48193447167259,124.5136227178925,18.0,35.0,0.0,17.0,0.0,3.043339972866374e-12
poisson,2,E071::kozhikode,2018-0295-IND,481.0,25.446348903561617,,455.5536510964384,962.2542888171405,17.0,34.0,0.0,17.0,0.0,8.887734786300109e-12
poisson,2,E071::malappuram,2018-0295-IND,387.0,26.142725107908017,,360.857274892092,685.9494886115765,18.0,35.0,0.0,17.0,0.0,4.429541181919936e-12
poisson,2,E071::palakkad,2018-0295-IND,317.0,26.480699985930944,,290.5193000140691,500.22729022726554,18.0,35.0,0.0,17.0,0.0,3.1592072630322175e-12
poisson,2,E071::pathanamthitta,2018-0295-IND,479.0,24.946843912259997,,454.05315608774,965.374427702312,17.0,33.0,0.0,16.0,0.0,1.4646145626336578e-11
poisson,2,E071::thiruvananthapuram,2018-0295-IND,164.0,24.869443103551138,,139.13055689644887,173.67997923954943,17.0,33.0,0.0,16.0,0.0,1.582479497812207e-11
poisson,2,E071::thrissur,2018-0295-IND,539.0,26.664880893868794,,512.3351191061312,1112.1612881839526,18.0,35.0,0.0,17.0,0.0,2.6277822041628882e-12
poisson,2,E071::wayanad,2018-0295-IND,618.0,25.871788444367333,,592.1282115556327,1373.1253410204038,18.0,35.0,0.0,17.0,0.0,5.8079790566146494e-12
poisson,2,E073::dimapur,2018-0295-IND,0.0,24.743622405457025,,24.743622405457025,24.743622405457025,17.0,33.0,0.0,16.0,1.0,1.7946564618677526e-11
poisson,2,E073::kiphire,2018-0295-IND,1.0,23.24539567718242,,22.24539567718242,20.099288600150654,16.0,31.0,0.0,15.0,0.0,8.028842300342961e-11
poisson,2,E073::kohima,2018-0295-IND,1.0,24.07780187322345,,23.07780187322345,20.896511541284074,16.0,32.0,0.0,16.0,0.0,3.492557059401643e-11
poisson,2,E073::mokokchung,2018-0295-IND,0.0,23.796752333550486,,23.796752333550486,23.796752333550486,16.0,32.0,0.0,16.0,1.0,4.6259589470910406e-11
poisson,2,E073::peren,2018-0295-IND,0.0,23.659007201254937,,23.659007201254937,23.659007201254937,16.0,32.0,0.0,16.0,1.0,5.3091344684691735e-11
poisson,2,E073::wokha,2018-0295-IND,0.0,23.94089767836213,,23.94089767836213,23.94089767836213,16.0,32.0,0.0,16.0,1.0,4.0049790300833564e-11
poisson,2,E073::zunheboto,2018-0295-IND,1.0,23.47884154578223,,22.47884154578223,20.322741889953363,16.0,32.0,0.0,16.0,0.0,6.357240993339588e-11
poisson,2,E075::ayodhya,2018-0295-IND,0.0,27.343446022330188,,27.343446022330188,27.343446022330188,19.0,36.0,0.0,17.0,1.0,1.3331907024914843e-12
poisson,2,E075::bahraich,2018-0295-IND,0.0,28.542988752550887,,28.542988752550887,28.542988752550887,20.0,38.0,0.0,18.0,1.0,4.017329813233968e-13
poisson,2,E075::barabanki,2018-0295-IND,3.0,28.268925621163437,,25.268925621163437,20.03539559005241,20.0,37.0,0.0,17.0,0.0,5.283985210628227e-13
poisson,2,E075::basti,2018-0295-IND,0.0,27.766927356670635,,27.766927356670635,27.766927356670635,19.0,37.0,0.0,18.0,1.0,8.729244734028281e-13
poisson,2,E075::farrukhabad,2018-0295-IND,0.0,27.655847501118362,,27.655847501118362,27.655847501118362,19.0,37.0,0.0,18.0,1.0,9.75479254973378e-13
poisson,2,E075::gonda,2018-0295-IND,1.0,28.081375717212975,,27.081375717212975,24.746269146477232,20.0,37.0,0.0,17.0,0.0,6.374020879438258e-13
poisson,2,E075::mau,2018-0295-IND,0.0,27.970369838134197,,27.970369838134197,27.970369838134197,20.0,37.0,0.0,17.0,1.0,7.12234033954514e-13
poisson,2,E075::pilibhit,2018-0295-IND,1.0,27.72603013133644,,26.72603013133644,24.403658443467027,19.0,37.0,0.0,18.0,0.0,9.09364736137257e-13
poisson,2,E076::bankura,2018-0295-IND,6.0,28.735420689801927,,22.735420689801927,15.165888708733645,20.0,38.0,0.0,18.0,0.0,3.3140980962372266e-13
poisson,2,E076::birbhum,2018-0295-IND,0.0,29.074982669286598,,29.074982669286598,29.074982669286598,21.0,38.0,0.0,17.0,1.0,2.3599101343234323e-13
poisson,2,E076::cooch%20behar,2018-0295-IND,0.0,27.362238605027947,,27.362238605027947,27.362238605027947,19.0,36.0,0.0,17.0,1.0,1.3083705537668538e-12
poisson,2,E076::dakshin%20dinajpur,2018-0295-IND,0.0,27.050535022417982,,27.050535022417982,27.050535022417982,19.0,36.0,0.0,17.0,1.0,1.7869068234838196e-12
poisson,2,E076::howrah,2018-0295-IND,0.0,27.495001828315438,,27.495001828315438,27.495001828315438,19.0,36.0,0.0,17.0,1.0,1.145703991277078e-12
poisson,2,E076::jalpaiguri,2018-0295-IND,0.0,27.607509450515373,,27.607509450515373,27.607509450515373,19.0,37.0,0.0,18.0,1.0,1.0237902436131666e-12
poisson,2,E076::kolkata,2018-0295-IND,1.0,24.563272965757413,,23.563272965757413,21.36202060727927,17.0,33.0,0.0,16.0,0.0,2.1493448121814328e-11
poisson,2,E076::murshidabad,2018-0295-IND,0.0,29.03352749528889,,29.03352749528889,29.03352749528889,20.0,38.0,0.0,18.0,1.0,2.459796723075147e-13
poisson,2,E076::nadia,2018-0295-IND,0.0,28.11861299512136,,28.11861299512136,28.11861299512136,20.0,37.0,0.0,17.0,1.0,6.141034503022766e-13
poisson,2,E076::purulia,2018-0295-IND,0.0,27.71963758160699,,27.71963758160699,27.71963758160699,19.0,37.0,0.0,18.0,1.0,9.151965155456879e-13
poisson,2,E076::uttar%20dinajpur,2018-0295-IND,0.0,27.51593118912673,,27.51593118912673,27.51593118912673,19.0,36.0,0.0,17.0,1.0,1.1219743285985612e-12
poisson,2,E067::barpeta,2018-0345-IND,6.0,27.76480714894779,,21.76480714894779,14.401442627938978,19.0,37.0,0.0,18.0,0.0,8.747772180204714e-13
poisson,2,E067::darrang,2018-0345-IND,10.0,26.93360086403419,,16.93360086403419,9.10426733830787,19.0,36.0,0.0,17.0,0.0,2.008564427842795e-12
poisson,2,E067::dhemaji,2018-0345-IND,17.0,26.928522018117867,,9.928522018117867,4.449433077932817,19.0,36.0,0.0,17.0,0.0,2.0187915661307807e-12
poisson,2,E067::golaghat,2018-0345-IND,28.0,27.694958478621658,,0.3050415213783424,2.589690632898524,19.0,37.0,1.0,18.0,0.0,9.38063755477888e-13
poisson,2,E067::lakhimpur,2018-0345-IND,17.0,27.261393679417395,,10.261393679417395,4.5734507727763685,19.0,36.0,0.0,17.0,0.0,1.4471953420672386e-12
poisson,2,E067::sivasagar,2018-0345-IND,18.0,28.17317527034803,,10.173175270348029,4.477955191991914,20.0,37.0,0.0,17.0,0.0,5.814942737673838e-13
poisson,2,E067::sonitpur,2018-0345-IND,9.0,27.95934681196791,,18.95934681196791,10.78441029187325,20.0,37.0,0.0,17.0,0.0,7.201284385260336e-13
poisson,2,E067::udalguri,2018-0345-IND,5.0,26.463794080234965,,21.463794080234965,14.872398134600772,18.0,35.0,0.0,17.0,0.0,3.2130705439882485e-12
poisson,2,E068::bankura,2018-0345-IND,2.0,30.203449397712518,,28.203449397712518,24.080684305621077,21.0,40.0,0.0,19.0,0.0,7.634992101852555e-14
poisson,2,E100::puducherry,2019-0574-IND,8.0,25.475453321809127,,17.475453321809127,10.178333234777048,17.0,34.0,0.0,17.0,0.0,8.632790435312103e-12
poisson,2,E101::coimbatore,2019-0574-IND,14.0,26.40953688529126,,12.40953688529126,5.768605399997579,18.0,35.0,0.0,17.0,0.0,3.3922188341630027e-12
poisson,2,E101::cuddalore,2019-0574-IND,16.0,29.094758905094057,,13.094758905094057,5.8376901855396355,21.0,38.0,0.0,17.0,0.0,2.313698447732336e-13
poisson,2,E101::nagapattinam,2019-0574-IND,5.0,28.778522181127112,,23.778522181127112,16.767867167276062,20.0,38.0,0.0,18.0,0.0,3.174290134923863e-13
poisson,2,E101::thiruvarur,2019-0574-IND,0.0,27.473894067683368,,27.473894067683368,27.473894067683368,19.0,36.0,0.0,17.0,1.0,1.170144269233528e-12
poisson,2,E101::thoothukudi,2019-0574-IND,5.0,28.87574051823691,,23.87574051823691,16.848223190187255,20.0,38.0,0.0,18.0,0.0,2.8802171502150333e-13
poisson,2,E139::bongaigaon,2021-0366-IND,3.0,29.251059738938576,,26.251059738938576,20.91507179792876,21.0,38.0,0.0,17.0,0.0,1.9789105578778002e-13
poisson,2,E139::dhemaji,2021-0366-IND,3.0,28.878758171654614,,25.878758171654614,20.581198700371658,20.0,38.0,0.0,18.0,0.0,2.871538753869777e-13
poisson,2,E139::dibrugarh,2021-0366-IND,3.0,29.08768577305134,,26.08768577305134,20.768500496364105,21.0,38.0,0.0,17.0,0.0,2.330121555294829e-13
poisson,2,E142::jamnagar,2021-0585-IND,23.0,30.268015276237282,,7.268015276237282,3.4425851127792235,22.0,40.0,1.0,18.0,0.0,7.157609279319843e-14
poisson,2,E142::junagadh,2021-0585-IND,7.0,29.60159702507103,,22.60159702507103,14.411960192166546,21.0,39.0,0.0,18.0,0.0,1.3937656485905715e-13
poisson,2,E142::porbandar,2021-0585-IND,4.0,29.917419293033287,,25.917419293033287,19.5017095401367,21.0,39.0,0.0,18.0,0.0,1.0163186337546067e-13
poisson,2,E142::rajkot,2021-0585-IND,31.0,29.805547181290674,,1.1944528187093262,2.662240515054801,21.0,39.0,1.0,18.0,0.0,1.136620092709424e-13
poisson,2,E142::valsad,2021-0585-IND,3.0,27.5847057369816,,24.5847057369816,19.42468076871053,19.0,36.0,0.0,17.0,0.0,1.047404688260557e-12
poisson,2,E144::nainital,2021-0681-IND,152.0,26.963180681348465,,125.03681931865154,141.2646638426585,19.0,36.0,0.0,17.0,0.0,1.9500215710279432e-12
poisson,2,E145::ariyalur,2021-0722-IND,2.0,28.618185736455064,,26.618185736455064,22.60324815569423,20.0,38.0,0.0,18.0,0.0,3.7263174697976497e-13
poisson,2,E145::chennai,2021-0722-IND,318.0,26.248124835237824,,291.75187516476217,505.2856234174785,18.0,35.0,0.0,17.0,0.0,3.986430746048435e-12
poisson,2,E145::coimbatore,2021-0722-IND,2.0,27.215085734458686,,25.215085734458686,21.30069003072647,19.0,36.0,0.0,17.0,0.0,1.5157879177186295e-12
poisson,2,E145::cuddalore,2021-0722-IND,10.0,29.832500242637906,,19.832500242637906,10.980928701763268,21.0,39.0,0.0,18.0,0.0,1.106393876000317e-13
poisson,2,E145::dharmapuri,2021-0722-IND,1.0,27.814674517316565,,26.814674517316565,24.489110775554103,19.0,37.0,0.0,18.0,0.0,8.322242015977838e-13
poisson,2,E145::dindigul,2021-0722-IND,3.0,27.750070078433897,,24.750070078433897,19.572114451047277,19.0,37.0,0.0,18.0,0.0,8.877643325319222e-13
poisson,2,E145::erode,2021-0722-IND,0.0,27.637355139472945,,27.637355139472945,27.637355139472945,19.0,37.0,0.0,18.0,1.0,9.936859940963656e-13
poisson,2,E145::kanyakumari,2021-0722-IND,12.0,27.648188467847625,,15.648188467847625,7.800680452047484,19.0,37.0,0.0,18.0,0.0,9.829791674190777e-13
poisson,2,E145::karur,2021-0722-IND,0.0,27.18214033083599,,27.18214033083599,27.18214033083599,19.0,36.0,0.0,17.0,1.0,1.5665578890131582e-12
poisson,2,E145::krishnagiri,2021-0722-IND,2.0,27.01035350020971,,25.01035350020971,21.11106016982581,19.0,36.0,0.0,17.0,0.0,1.860169505791578e-12
poisson,2,E145::madurai,2021-0722-IND,10.0,28.570430979697598,,18.570430979697598,10.151120541047398,20.0,38.0,0.0,18.0,0.0,3.9085842703054187e-13
poisson,2,E145::nagapattinam,2021-0722-IND,10.0,30.068214919113306,,20.068214919113306,11.137941181603704,21.0,39.0,0.0,18.0,0.0,8.740578547155391e-14
poisson,2,E145::namakkal,2021-0722-IND,0.0,27.62119604344806,,27.62119604344806,27.62119604344806,19.0,37.0,0.0,18.0,1.0,1.009873496966542e-12
poisson,2,E145::nilgiris,2021-0722-IND,1.0,25.612626423907738,,24.612626423907738,22.369540974331173,18.0,34.0,0.0,16.0,0.0,7.526233308484069e-12
poisson,2,E145::perambalur,2021-0722-IND,1.0,27.235817236451624,,26.235817236451624,23.931284319220154,19.0,36.0,0.0,17.0,0.0,1.484686857245992e-12
poisson,2,E145::pudukkottai,2021-0722-IND,0.0,29.42635033629583,,29.42635033629583,29.42635033629583,21.0,39.0,0.0,18.0,1.0,1.6607276880791718e-13
poisson,2,E145::ramanathapuram,2021-0722-IND,3.0,28.75334786605163,,25.75334786605163,20.468844711343543,20.0,38.0,0.0,18.0,0.0,3.2552150558739463e-13
poisson,2,E145::salem,2021-0722-IND,1.0,28.143292390199065,,27.143292390199065,24.80598334499439,20.0,37.0,0.0,17.0,0.0,5.991332363668807e-13
poisson,2,E145::thanjavur,2021-0722-IND,8.0,29.595842952827777,,21.595842952827777,13.099374570097513,21.0,39.0,0.0,18.0,0.0,1.4018085944771872e-13
poisson,2,E145::theni,2021-0722-IND,8.0,27.20478073624993,,19.20478073624993,11.382241877237684,19.0,36.0,0.0,17.0,0.0,1.5314888696925532e-12
poisson,2,E145::thoothukudi,2021-0722-IND,3.0,29.371089185637356,,26.371089185637356,21.022816166379723,21.0,39.0,0.0,18.0,0.0,1.7550845340106347e-13
poisson,2,E145::tiruchirappalli,2021-0722-IND,0.0,29.434790799660803,,29.434790799660803,29.434790799660803,21.0,39.0,0.0,18.0,1.0,1.6467693670846925e-13
poisson,2,E145::tirunelveli,2021-0722-IND,4.0,29.60411333844769,,25.60411333844769,19.230513905547078,21.0,39.0,0.0,18.0,0.0,1.3902629062919762e-13
poisson,2,E145::tiruvallur,2021-0722-IND,31.0,29.768362862575284,,1.2316371374247161,2.663754815551197,21.0,39.0,1.0,18.0,0.0,1.1796801546420278e-13
poisson,2,E145::tiruvannamalai,2021-0722-IND,2.0,30.08020771082219,,28.08020771082219,23.965620082706554,21.0,39.0,0.0,18.0,0.0,8.636380669813754e-14
poisson,2,E145::tiruvarur,2021-0722-IND,8.0,29.35150195051058,,21.35150195051058,12.921355103279232,21.0,39.0,0.0,18.0,0.0,1.7898006741200494e-13
poisson,2,E145::vellore,2021-0722-IND,9.0,28.974575553244318,,19.974575553244318,11.47863436976819,20.0,38.0,0.0,18.0,0.0,2.609166066892277e-13
poisson,2,E145::virudhunagar,2021-0722-IND,0.0,28.28612829936541,,28.28612829936541,28.28612829936541,20.0,37.0,0.0,17.0,1.0,5.193863899851739e-13
poisson,2,E174::ambala,2023-0359-IND,9.0,31.539402456571707,,22.539402456571707,13.28009121462732,23.0,41.0,0.0,18.0,0.0,2.0072966074052957e-14
poisson,2,E174::faridabad,2023-0359-IND,0.0,31.687608831774465,,31.687608831774465,31.687608831774465,23.0,41.0,0.0,18.0,1.0,1.7307978205322872e-14
poisson,2,E174::fatehabad,2023-0359-IND,0.0,32.02667009067039,,32.02667009067039,32.02667009067039,23.0,42.0,0.0,19.0,1.0,1.233087530156678e-14
poisson,2,E174::kaithal,2023-0359-IND,2.0,32.10837481547908,,30.10837481547908,25.863288208465896,23.0,42.0,0.0,19.0,0.0,1.1363444489434382e-14
poisson,2,E174::karnal,2023-0359-IND,3.0,32.428204020935524,,29.428204020935524,23.782877874330516,23.0,42.0,0.0,19.0,0.0,8.252963714647924e-15
poisson,2,E174::kurukshetra,2023-0359-IND,5.0,31.86206808980124,,26.86206808980124,19.342478761730202,23.0,41.0,0.0,18.0,0.0,1.4537162548776614e-14
poisson,2,E174::palwal,2023-0359-IND,0.0,31.051639254124552,,31.051639254124552,31.051639254124552,22.0,40.0,0.0,18.0,1.0,3.2692220381838316e-14
poisson,2,E174::panchkula,2023-0359-IND,6.0,28.123667320083108,,22.123667320083108,14.683249680730635,20.0,37.0,0.0,17.0,0.0,6.110074027106494e-13
poisson,2,E174::panipat,2023-0359-IND,3.0,31.44505618588049,,28.44505618588049,22.892090330731275,23.0,41.0,0.0,18.0,0.0,2.205898956936023e-14
poisson,2,E174::sirsa,2023-0359-IND,0.0,31.476647102919944,,31.476647102919944,31.476647102919944,23.0,41.0,0.0,18.0,1.0,2.137301814134742e-14
poisson,2,E174::sonipat,2023-0359-IND,1.0,31.775817867718484,,30.775817867718484,28.31711231162824,23.0,41.0,0.0,18.0,0.0,1.584665642858652e-14
poisson,2,E174::yamunanagar,2023-0359-IND,5.0,30.107969457838312,,25.107969457838312,17.87151168686222,21.0,39.0,0.0,18.0,0.0,8.399917161532569e-14
poisson,2,E175::hamirpur,2023-0359-IND,7.0,26.857112965148954,,19.857112965148954,12.348559420794665,19.0,36.0,0.0,17.0,0.0,2.1682234612099216e-12
poisson,2,E175::mandi,2023-0359-IND,138.0,28.216027605235602,,109.78397239476439,112.65536175875107,20.0,37.0,0.0,17.0,0.0,5.57102246592905e-13
poisson,2,E175::solan,2023-0359-IND,22.0,27.320814057251685,,5.320814057251685,3.023721118810034,19.0,36.0,1.0,17.0,0.0,1.363707452361594e-12
poisson,2,E176::faridkot,2023-0359-IND,0.0,31.41704876777978,,31.41704876777978,31.41704876777978,23.0,41.0,0.0,18.0,1.0,2.2685537958808363e-14
poisson,2,E176::fatehgarh%20sahib,2023-0359-IND,13.0,31.366693140367186,,18.366693140367186,9.124151168396402,22.0,41.0,0.0,19.0,0.0,2.3857133103916793e-14
poisson,2,E176::firozpur,2023-0359-IND,0.0,33.08467122312382,,33.08467122312382,33.08467122312382,24.0,43.0,0.0,19.0,1.0,4.28065130373737e-15
poisson,2,E176::hoshiarpur,2023-0359-IND,5.0,31.996359517347944,,26.996359517347944,19.45574060390443,23.0,42.0,0.0,19.0,0.0,1.2710353245821866e-14
poisson,2,E176::jalandhar,2023-0359-IND,6.0,32.58508725839605,,26.58508725839605,18.26121004450122,23.0,42.0,0.0,19.0,0.0,7.054665256727186e-15
poisson,2,E176::ludhiana,2023-0359-IND,18.0,33.19610440092914,,15.196104400929137,6.547764038065743,24.0,43.0,0.0,19.0,0.0,3.8292616119081456e-15
poisson,2,E176::moga,2023-0359-IND,0.0,32.37892194952718,,32.37892194952718,32.37892194952718,23.0,42.0,0.0,19.0,1.0,8.669875626196524e-15
poisson,2,E176::patiala,2023-0359-IND,13.0,32.82525967283856,,19.825259672838563,9.99184522318544,24.0,43.0,0.0,19.0,0.0,5.548439527858579e-15
poisson,2,E176::rupnagar,2023-0359-IND,8.0,31.182504612313494,,23.182504612313494,14.268250011608814,22.0,41.0,0.0,19.0,0.0,2.8682058347570025e-14
poisson,2,E176::sangrur,2023-0359-IND,1.0,33.13654664613548,,32.13654664613548,29.635909844571746,24.0,43.0,0.0,19.0,0.0,4.064252132280915e-15
poisson,2,E176::sas%20nagar,2023-0359-IND,3.0,30.13522963869679,,27.13522963869679,21.709904386211726,21.0,39.0,0.0,18.0,0.0,8.174026795051573e-14
poisson,2,E176::tarn%20taran,2023-0359-IND,2.0,32.345642660598955,,30.345642660598955,26.08583120469818,23.0,42.0,0.0,19.0,0.0,8.9632576176791e-15
poisson,2,E180::cachar,2024-0399-IND,1.0,31.50651883465011,,30.50651883465011,28.056324363097374,23.0,41.0,0.0,18.0,0.0,2.0744010621432996e-14
poisson,2,E180::dhemaji,2024-0399-IND,0.0,29.62473432541932,,29.62473432541932,29.62473432541932,21.0,39.0,0.0,18.0,1.0,1.3618878790220502e-13
poisson,2,E180::dibrugarh,2024-0399-IND,0.0,31.079725284496295,,31.079725284496295,31.079725284496295,22.0,41.0,0.0,19.0,1.0,3.178680003634457e-14
poisson,2,E180::jorhat,2024-0399-IND,0.0,29.695748129720958,,29.695748129720958,29.695748129720958,21.0,39.0,0.0,18.0,1.0,1.2685291493796307e-13
poisson,2,E180::kamrup,2024-0399-IND,0.0,32.523906746551454,,32.523906746551454,32.523906746551454,23.0,42.0,0.0,19.0,1.0,7.499749712803588e-15
poisson,2,E180::lakhimpur,2024-0399-IND,0.0,29.281810268769284,,29.281810268769284,29.281810268769284,21.0,38.0,0.0,17.0,1.0,1.918984116747878e-13
poisson,2,E180::nagaon,2024-0399-IND,0.0,31.250643365802393,,31.250643365802393,31.250643365802393,22.0,41.0,0.0,19.0,1.0,2.6792795563181804e-14
poisson,2,E180::udalguri,2024-0399-IND,0.0,29.69291677717394,,29.69291677717394,29.69291677717394,21.0,39.0,0.0,18.0,1.0,1.2721258920381437e-13
poisson,2,E181::east%20jaintia%20hills,2024-0399-IND,0.0,27.364666656996278,,27.364666656996278,27.364666656996278,19.0,36.0,0.0,17.0,1.0,1.305197615656608e-12
poisson,2,E181::east%20khasi%20hills,2024-0399-IND,0.0,28.367770417083648,,28.367770417083648,28.367770417083648,20.0,37.0,0.0,17.0,1.0,4.786673927504507e-13
poisson,2,E181::south%20west%20garo%20hills,2024-0399-IND,0.0,26.708573177967352,,26.708573177967352,26.708573177967352,19.0,35.0,0.0,16.0,1.0,2.515440501612245e-12
poisson,2,E181::west%20garo%20hills,2024-0399-IND,0.0,28.371464853715143,,28.371464853715143,28.371464853715143,20.0,37.0,0.0,17.0,1.0,4.769022490138946e-13
poisson,2,E181::west%20jaintia%20hills,2024-0399-IND,0.0,28.231686304637766,,28.231686304637766,28.231686304637766,20.0,37.0,0.0,17.0,1.0,5.484466941812861e-13
poisson,2,E186::ahmedabad,2024-0647-IND,62.0,34.34375893602453,,27.65624106397547,11.951881277470875,25.0,44.0,0.0,19.0,0.0,1.2153322046511114e-15
poisson,2,E186::amreli,2024-0647-IND,1.0,29.78026273037499,,28.78026273037499,26.38641688078145,21.0,39.0,0.0,18.0,0.0,1.1657253118229347e-13
poisson,2,E186::anand,2024-0647-IND,34.0,32.19253998840845,,1.8074600115915516,2.734386087372748,23.0,42.0,1.0,19.0,0.0,1.0446180471753958e-14
poisson,2,E186::dahod,2024-0647-IND,4.0,30.271969373538177,,26.271969373538177,19.80913447924722,22.0,40.0,0.0,18.0,0.0,7.129363276311663e-14
poisson,2,E186::jamnagar,2024-0647-IND,81.0,31.562366802999183,,49.43763319700082,30.020735802547453,23.0,41.0,0.0,18.0,0.0,1.9617256095020285e-14
poisson,2,E186::junagadh,2024-0647-IND,15.0,30.574079494666016,,15.574079494666016,7.171062258763239,22.0,40.0,0.0,18.0,0.0,5.270429231034107e-14
poisson,2,E186::kheda,2024-0647-IND,39.0,31.72574767518442,,7.274252324815581,3.5294932883545265,23.0,41.0,1.0,18.0,0.0,1.6660301265296795e-14
poisson,2,E186::kutch,2024-0647-IND,65.0,34.531742574413144,,30.468257425586856,13.652195909779394,25.0,44.0,0.0,19.0,0.0,1.0070586159143485e-15
poisson,2,E186::rajkot,2024-0647-IND,56.0,32.25038251814185,,23.749617481858152,10.085505022155374,23.0,42.0,0.0,19.0,0.0,9.859090044392721e-15
poisson,2,E186::surendranagar,2024-0647-IND,6.0,32.83511156880532,,26.835111568805317,18.46537227581924,24.0,43.0,0.0,19.0,0.0,5.494045262133424e-15
poisson,2,E186::vadodara,2024-0647-IND,306.0,31.57586915619664,,274.42413084380337,424.3415962279644,23.0,41.0,0.0,18.0,0.0,1.93541571987674e-14
poisson,2,E187::kolhapur,2024-0647-IND,1.0,29.455406467176587,,28.455406467176587,26.072528992699556,21.0,39.0,0.0,18.0,0.0,1.613167668132314e-13
poisson,2,E187::nashik,2024-0647-IND,1.0,30.87649482303269,,29.87649482303269,27.446499613935636,22.0,40.0,0.0,18.0,0.0,3.895010904306285e-14
poisson,2,E187::pune,2024-0647-IND,6.0,30.602762134740892,,24.602762134740892,16.655471722396044,22.0,40.0,0.0,18.0,0.0,5.121406801231657e-14
poisson,2,E187::raigad,2024-0647-IND,0.0,29.21598497598847,,29.21598497598847,29.21598497598847,21.0,38.0,0.0,17.0,1.0,2.0495520005160213e-13
poisson,2,E187::ratnagiri,2024-0647-IND,0.0,28.37822190290681,,28.37822190290681,28.37822190290681,20.0,37.0,0.0,17.0,1.0,4.736906597106204e-13
poisson,2,E187::satara,2024-0647-IND,0.0,29.75529089092545,,29.75529089092545,29.75529089092545,21.0,39.0,0.0,18.0,1.0,1.1952021305662876e-13
poisson,2,E187::sindhudurg,2024-0647-IND,0.0,27.986729362604713,,27.986729362604713,27.986729362604713,20.0,37.0,0.0,17.0,1.0,7.006770152654765e-13
poisson,2,E188::dhalai,2024-0647-IND,11.0,28.622244115669655,,17.622244115669655,9.228525961693986,20.0,38.0,0.0,18.0,0.0,3.7112253060077145e-13
poisson,2,E188::north%20tripura,2024-0647-IND,4.0,28.631314316969807,,24.631314316969807,18.39136404715393,20.0,38.0,0.0,18.0,0.0,3.677715943474065e-13
poisson,2,E188::south%20tripura,2024-0647-IND,25.0,29.825815914477364,,4.825815914477364,2.94506302895881,21.0,39.0,1.0,18.0,0.0,1.1138141478801848e-13
poisson,2,E188::west%20tripura,2024-0647-IND,21.0,29.777325163597613,,8.777325163597613,3.888772792161543,21.0,39.0,1.0,18.0,0.0,1.169154742395018e-13
poisson,2,E203::araria,2025-0859-IND,2.0,32.801565473679,,30.801565473679,26.51376017002449,24.0,42.0,0.0,18.0,0.0,5.681475222213031e-15
poisson,2,E203::darbhanga,2025-0859-IND,2.0,32.69957313323412,,30.699573133234118,26.41799626621713,24.0,42.0,0.0,18.0,0.0,6.291523565654402e-15
poisson,2,E203::gopalganj,2025-0859-IND,1.0,31.72925870670791,,30.72925870670791,28.272019463922497,23.0,41.0,0.0,18.0,0.0,1.6601908990906655e-14
poisson,2,E203::katihar,2025-0859-IND,0.0,31.897063209177727,,31.897063209177727,31.897063209177727,23.0,41.0,0.0,18.0,1.0,1.4037231404389827e-14
poisson,2,E203::kishanganj,2025-0859-IND,1.0,31.18230877781342,,30.18230877781342,27.742457870170355,22.0,41.0,0.0,19.0,0.0,2.868767583415846e-14
poisson,2,E203::madhepura,2025-0859-IND,0.0,32.77598346022787,,32.77598346022787,32.77598346022787,24.0,42.0,0.0,18.0,1.0,5.828693843425909e-15
poisson,2,E203::madhubani,2025-0859-IND,1.0,32.200583241313886,,31.200583241313886,28.72859867584328,23.0,42.0,0.0,19.0,0.0,1.0362496198366132e-14
poisson,2,E203::muzaffarpur,2025-0859-IND,2.0,32.25124591539273,,30.25124591539273,25.99727974489072,23.0,42.0,0.0,19.0,0.0,9.850581406847895e-15
poisson,2,E203::purnia,2025-0859-IND,0.0,32.62979852930038,,32.62979852930038,32.62979852930038,24.0,42.0,0.0,18.0,1.0,6.746189760706203e-15
poisson,2,E203::saharsa,2025-0859-IND,0.0,32.221515198880134,,32.221515198880134,32.221515198880134,23.0,42.0,0.0,19.0,1.0,1.0147843258181098e-14
poisson,2,E203::samastipur,2025-0859-IND,0.0,31.771765577037975,,31.771765577037975,31.771765577037975,23.0,41.0,0.0,18.0,1.0,1.5911001972120694e-14
poisson,2,E203::saran,2025-0859-IND,1.0,31.81044766114549,,30.81044766114549,28.35065288251441,23.0,41.0,0.0,18.0,0.0,1.5307283085004306e-14
poisson,2,E203::sheohar,2025-0859-IND,0.0,29.592896251211094,,29.592896251211094,29.592896251211094,21.0,39.0,0.0,18.0,1.0,1.405945398098433e-13
poisson,2,E203::sitamarhi,2025-0859-IND,1.0,32.40642400005929,,31.40642400005929,28.928067325307453,23.0,42.0,0.0,19.0,0.0,8.434685202003322e-15
poisson,2,E203::siwan,2025-0859-IND,0.0,31.85803983161379,,31.85803983161379,31.85803983161379,23.0,41.0,0.0,18.0,1.0,1.4595840097648317e-14
poisson,2,E203::supaul,2025-0859-IND,3.0,32.94446034975669,,29.94446034975669,24.25175044730459,24.0,43.0,0.0,19.0,0.0,4.924959470026746e-15
poisson,2,E203::west%20champaran,2025-0859-IND,1.0,32.77023151857706,,31.770231518577063,29.280710990936242,24.0,42.0,0.0,18.0,0.0,5.862316756129061e-15
poisson,2,E204::cooch%20behar,2025-0859-IND,30.0,32.97806056228764,,2.978060562287638,2.761021643451059,24.0,43.0,1.0,19.0,0.0,4.762228984172245e-15
poisson,2,E204::jalpaiguri,2025-0859-IND,214.0,31.929799269286104,,182.0702007307139,228.6534823267687,23.0,41.0,0.0,18.0,0.0,1.3585147842912552e-14
nb2,3,E009::anantnag,2015-0333-IND,7.0,45.507188187042075,4.223602283583647,38.507188187042075,4.126375667149376,0.0,224.0,1.0,224.0,0.0,0.287575511550804
nb2,3,E012::barabanki,2015-0333-IND,2.0,29.32997942209172,4.223602283583647,27.32997942209172,3.080360234049645,0.0,145.0,1.0,145.0,0.0,0.31887903149436414
nb2,3,E024::barpeta,2015-0406-IND,45.0,31.225068999996317,4.223602283583647,13.774931000003683,5.750501954498435,0.0,154.0,1.0,154.0,0.0,0.31422296707050756
nb2,3,E024::bongaigaon,2015-0406-IND,28.0,33.74263065316219,4.223602283583647,5.742630653162188,5.2636875408267265,0.0,166.0,1.0,166.0,0.0,0.3085478312842684
nb2,3,E024::cachar,2015-0406-IND,31.0,31.332286073358343,4.223602283583647,0.33228607335834326,5.361226405514045,0.0,155.0,1.0,155.0,0.0,0.3139699668071955
nb2,3,E024::darrang,2015-0406-IND,18.0,34.06345360409758,4.223602283583647,16.06345360409758,4.859392790334486,0.0,168.0,1.0,168.0,0.0,0.3078620841666975
nb2,3,E024::dhemaji,2015-0406-IND,47.0,28.603604529874413,4.223602283583647,18.396395470125587,5.81051951175696,0.0,141.0,1.0,141.0,0.0,0.3207625499918151
nb2,3,E024::dibrugarh,2015-0406-IND,56.0,29.59545551311134,4.223602283583647,26.40454448688866,6.010718120974042,0.0,146.0,1.0,146.0,0.0,0.3182048716401735
nb2,3,E024::goalpara,2015-0406-IND,33.0,33.048499014620596,4.223602283583647,0.048499014620595915,5.423501581073426,0.0,163.0,1.0,163.0,0.0,0.3100593076425665
nb2,3,E024::jorhat,2015-0406-IND,28.0,32.088169915889544,4.223602283583647,4.088169915889544,5.2619268963756545,0.0,158.0,1.0,158.0,0.0,0.31221594702290634
nb2,3,E024::kamrup,2015-0406-IND,19.0,32.50534660568945,4.223602283583647,13.505346605689446,4.902597278634146,0.0,160.0,1.0,160.0,0.0,0.3112694748533529
nb2,3,E024::kokrajhar,2015-0406-IND,24.0,34.8579145109639,4.223602283583647,10.857914510963901,5.12090182129593,0.0,172.0,1.0,172.0,0.0,0.30619755870220017
nb2,3,E024::lakhimpur,2015-0406-IND,29.0,29.483705175852744,4.223602283583647,0.4837051758527444,5.294817874637502,0.0,145.0,1.0,145.0,0.0,0.3184877467517042
nb2,3,E024::morigaon,2015-0406-IND,40.0,31.567950197907756,4.223602283583647,8.432049802092244,5.622384886458741,0.0,156.0,1.0,156.0,0.0,0.31341758580699713
nb2,3,E024::nalbari,2015-0406-IND,18.0,35.887197408054746,4.223602283583647,17.887197408054746,4.865343027957965,0.0,177.0,1.0,177.0,0.0,0.3041090577419774
nb2,3,E024::sivasagar,2015-0406-IND,6.0,33.20362968206384,4.223602283583647,27.20362968206384,3.9430570186091267,0.0,164.0,1.0,164.0,0.0,0.3097181474962424
nb2,3,E024::sonitpur,2015-0406-IND,40.0,30.62944627985426,4.223602283583647,9.37055372014574,5.624416101047809,0.0,151.0,1.0,151.0,0.0,0.315648144404002
nb2,3,E024::tinsukia,2015-0406-IND,33.0,31.17021833687926,4.223602283583647,1.829781663120741,5.423891077659642,0.0,154.0,1.0,154.0,0.0,0.3143528109028346
nb2,3,E025::chittoor,2015-0504-IND,55.0,38.00829420725453,4.223602283583647,16.99170579274547,5.951142324799238,0.0,187.0,1.0,187.0,0.0,0.30002837948439615
nb2,3,E026::puducherry,2015-0504-IND,7.0,44.544643128845024,4.223602283583647,37.544643128845024,4.1221233543387825,0.0,220.0,1.0,220.0,0.0,0.28902715475337404
nb2,3,E027::chennai,2015-0504-IND,354.0,52.07476329192955,4.223602283583647,301.92523670807043,8.709335023938753,0.0,257.0,0.0,257.0,0.0,0.27858460244426203
nb2,3,E027::cuddalore,2015-0504-IND,116.0,33.05041357356873,4.223602283583647,82.94958642643127,6.973456883428873,0.0,163.0,1.0,163.0,0.0,0.31005508520681596
nb2,3,E027::kancheepuram,2015-0504-IND,92.0,32.61824664259993,4.223602283583647,59.38175335740007,6.630999834177548,0.0,161.0,1.0,161.0,0.0,0.31101589410882796
nb2,3,E027::nagapattinam,2015-0504-IND,21.0,30.739306643409243,4.223602283583647,9.739306643409243,4.988637363194166,0.0,152.0,1.0,152.0,0.0,0.31538273057546984
nb2,3,E027::thiruvallur,2015-0504-IND,9.0,37.0518869069843,4.223602283583647,28.0518869069843,4.287874790222465,0.0,183.0,1.0,183.0,0.0,0.30183279805130314
nb2,3,E047::barpeta,2017-0180-IND,3.0,30.343228648117172,4.223602283583647,27.343228648117172,3.389157711412225,0.0,150.0,1.0,150.0,0.0,0.31634514594685753
nb2,3,E047::biswanath,2017-0180-IND,13.0,31.21812852267325,4.223602283583647,18.21812852267325,4.566011003689266,0.0,154.0,1.0,154.0,0.0,0.3142393812609279
nb2,3,E047::cachar,2017-0180-IND,1.0,30.24074469014407,4.223602283583647,29.24074469014407,2.5986138394999827,0.0,149.0,1.0,149.0,0.0,0.31659668071119024
nb2,3,E047::darrang,2017-0180-IND,14.0,32.87741962595007,4.223602283583647,18.87741962595007,4.636477743327225,0.0,162.0,1.0,162.0,0.0,0.3104378294397593
nb2,3,E047::dhemaji,2017-0180-IND,2.0,32.584761757011265,4.223602283583647,30.584761757011265,3.103486223544012,0.0,161.0,1.0,161.0,0.0,0.311090990764358
nb2,3,E047::dhubri,2017-0180-IND,1.0,35.215585585443506,4.223602283583647,34.215585585443506,2.6333147461685398,0.0,174.0,1.0,174.0,0.0,0.3054633216624254
nb2,3,E047::dibrugarh,2017-0180-IND,2.0,30.934663139961575,4.223602283583647,28.934663139961575,3.09204269177326,0.0,153.0,1.0,153.0,0.0,0.3149136285227782
nb2,3,E047::goalpara,2017-0180-IND,2.0,35.127281870516114,4.223602283583647,33.127281870516114,3.1201069625114175,0.0,173.0,1.0,173.0,0.0,0.3056437395721229
nb2,3,E047::hailakandi,2017-0180-IND,15.0,32.41700678656675,4.223602283583647,17.417006786566752,4.6940840293627035,0.0,160.0,1.0,160.0,0.0,0.311468647082761
nb2,3,E047::jorhat,2017-0180-IND,14.0,33.20310344499424,4.223602283583647,19.20310344499424,4.637813097302144,0.0,164.0,1.0,164.0,0.0,0.309719301475254
nb2,3,E047::kamrup,2017-0180-IND,16.0,31.20750824863391,4.223602283583647,15.20750824863391,4.745797973433134,0.0,154.0,1.0,154.0,0.0,0.31426450682330925
nb2,3,E047::kamrup%20metropolitan,2017-0180-IND,12.0,39.60678476403049,4.223602283583647,27.606784764030493,4.5347775162551445,0.0,195.0,1.0,195.0,0.0,0.29713377704618765
nb2,3,E047::karbi%20anglong,2017-0180-IND,1.0,31.942989817693064,4.223602283583647,30.942989817693064,2.6110675762003113,0.0,158.0,1.0,158.0,0.0,0.31254887480934257
nb2,3,E047::karimganj,2017-0180-IND,7.0,31.1468950723543,4.223602283583647,24.1468950723543,4.05385375687484,0.0,154.0,1.0,154.0,0.0,0.31440810731466157
nb2,3,E047::kokrajhar,2017-0180-IND,1.0,39.54384514996827,4.223602283583647,38.54384514996827,2.659856438084396,0.0,195.0,1.0,195.0,0.0,0.297245016690354
nb2,3,E047::lakhimpur,2017-0180-IND,35.0,31.304669036706354,4.223602283583647,3.695330963293646,5.483655463431216,0.0,154.0,1.0,154.0,0.0,0.31403503304157676
nb2,3,E047::majuli,2017-0180-IND,2.0,32.08564900767864,4.223602283583647,30.08564900767864,3.100082531173082,0.0,158.0,1.0,158.0,0.0,0.31222171219648925
nb2,3,E047::morigaon,2017-0180-IND,1.0,31.536651692874084,4.223602283583647,30.536651692874084,2.608153675219342,0.0,156.0,1.0,156.0,0.0,0.3134906554240238
nb2,3,E047::nagaon,2017-0180-IND,1.0,30.21916486684816,4.223602283583647,29.21916486684816,2.598451684689511,0.0,149.0,1.0,149.0,0.0,0.3166497791761552
nb2,3,E047::nalbari,2017-0180-IND,0.0,33.84138905309392,4.223602283583647,33.84138905309392,1.1765655426464943,0.0,167.0,1.0,167.0,1.0,0.30833588865374784
nb2,3,E047::sivasagar,2017-0180-IND,1.0,34.626323778945526,4.223602283583647,33.626323778945526,2.629459997197669,0.0,171.0,1.0,171.0,0.0,0.30667792880003925
nb2,3,E047::sonitpur,2017-0180-IND,1.0,31.2259673617727,4.223602283583647,30.2259673617727,2.6059013058714515,0.0,154.0,1.0,154.0,0.0,0.3142208427772307
nb2,3,E047::udalguri,2017-0180-IND,0.0,37.64694468153572,4.223602283583647,37.64694468153572,1.201630559265457,0.0,186.0,1.0,186.0,1.0,0.3007034970777994
nb2,3,E048::giridih,2017-0180-IND,0.0,28.78762789275191,4.223602283583647,28.78762789275191,1.1385600877317648,0.0,142.0,1.0,142.0,1.0,0.3202798648565819
nb2,3,E049::bishnupur,2017-0180-IND,1.0,33.059099305808274,4.223602283583647,32.059099305808274,2.618891798392559,0.0,163.0,1.0,163.0,0.0,0.310035933158481
nb2,3,E049::imphal%20east,2017-0180-IND,4.0,31.26079523750896,4.223602283583647,27.26079523750896,3.6147409895126574,0.0,154.0,1.0,154.0,0.0,0.31413854551525305
nb2,3,E049::imphal%20west,2017-0180-IND,4.0,30.9860330477245,4.223602283583647,26.9860330477245,3.612933172392752,0.0,153.0,1.0,153.0,0.0,0.31479087943710216
nb2,3,E049::thoubal,2017-0180-IND,5.0,29.989981776099764,4.223602283583647,24.989981776099764,3.7797660001993587,0.0,148.0,1.0,148.0,0.0,0.3172165852393881
nb2,3,E052::bishnupur,2017-0290-IND,10.0,31.973029551804302,4.223602283583647,21.973029551804302,4.349052227923918,0.0,158.0,1.0,158.0,0.0,0.31247983530212353
nb2,3,E052::imphal%20east,2017-0290-IND,27.0,33.53337550405007,4.223602283583647,6.5333755040500705,5.228769843585803,0.0,165.0,1.0,165.0,0.0,0.30899943584855005
nb2,3,E052::imphal%20west,2017-0290-IND,13.0,31.642350051643927,4.223602283583647,18.642350051643927,4.567870876418699,0.0,156.0,1.0,156.0,0.0,0.3132442479890034
nb2,3,E052::thoubal,2017-0290-IND,15.0,30.39832707925187,4.223602283583647,15.398327079251871,4.686195919850749,0.0,150.0,1.0,150.0,0.0,0.31621034389619346
nb2,3,E058::chennai,2017-0495-IND,269.0,49.87655128765206,4.223602283583647,219.12344871234794,8.157744284128448,0.0,246.0,0.0,246.0,0.0,0.28143066254472976
nb2,3,E080::mumbai%20city,2019-0288-IND,547.0,47.603986385414856,4.223602283583647,499.3960136145852,10.128190054259578,0.0,235.0,0.0,235.0,0.0,0.2845400751344991
nb2,3,E080::pune,2019-0288-IND,11.0,43.095418985329594,4.223602283583647,32.095418985329594,4.477681880504003,0.0,212.0,1.0,212.0,0.0,0.2912871623331155
nb2,3,E080::ratnagiri,2019-0288-IND,71.0,42.05691527009452,4.223602283583647,28.94308472990548,6.226519018717851,0.0,207.0,1.0,207.0,0.0,0.2929649634405495
nb2,3,E135::bagalkot,2021-0435-IND,0.0,28.41028970492726,4.223602283583647,28.41028970492726,1.13546179043528,0.0,140.0,1.0,140.0,1.0,0.32127372593949577
nb2,3,E135::belagavi,2021-0435-IND,0.0,30.691964804163874,4.223602283583647,30.691964804163874,1.153606227195683,0.0,151.0,1.0,151.0,1.0,0.31549696168816593
nb2,3,E135::chikkamagaluru,2021-0435-IND,0.0,33.47151854081676,4.223602283583647,33.47151854081676,1.1739817468267746,0.0,165.0,1.0,165.0,1.0,0.3091335957462554
nb2,3,E135::davanagere,2021-0435-IND,0.0,32.11306689005674,4.223602283583647,32.11306689005674,1.164242480956793,0.0,158.0,1.0,158.0,1.0,0.312159038907833
nb2,3,E135::dharwad,2021-0435-IND,0.0,30.723165093042613,4.223602283583647,30.723165093042613,1.1538449503568176,0.0,152.0,1.0,152.0,1.0,0.3154216542453165
nb2,3,E135::gadag,2021-0435-IND,0.0,27.010824446110433,4.223602283583647,27.010824446110433,1.123603292428855,0.0,133.0,1.0,133.0,1.0,0.32510622872970524
nb2,3,E135::haveri,2021-0435-IND,0.0,31.715754300307474,4.223602283583647,31.715754300307474,1.1613165910268965,0.0,156.0,1.0,156.0,1.0,0.31307371937094214
nb2,3,E135::kodagu,2021-0435-IND,0.0,40.80059165317487,4.223602283583647,40.80059165317487,1.2205626435328438,0.0,201.0,1.0,201.0,1.0,0.2950641043013051
nb2,3,E135::shivamogga,2021-0435-IND,0.0,35.989682738007374,4.223602283583647,35.989682738007374,1.191039660608545,0.0,177.0,1.0,177.0,1.0,0.30390514156070514
nb2,3,E135::uttara%20kannada,2021-0435-IND,0.0,37.03639033261501,4.223602283583647,37.03639033261501,1.1977836476375894,0.0,183.0,1.0,183.0,1.0,0.3018625047279319
nb2,3,E136::pune,2021-0435-IND,0.0,35.0768346781686,4.223602283583647,35.0768346781686,1.1849971165174196,0.0,173.0,1.0,173.0,1.0,0.30574706111376543
nb2,3,E136::raigarh,2021-0435-IND,0.0,36.04508260477818,4.223602283583647,36.04508260477818,1.1914014602172245,0.0,178.0,1.0,178.0,1.0,0.3037952086874473
nb2,3,E136::ratnagiri,2021-0435-IND,0.0,38.334515997673144,4.223602283583647,38.334515997673144,1.205889196062531,0.0,189.0,1.0,189.0,1.0,0.2994256330108802
nb2,3,E136::satara,2021-0435-IND,0.0,37.112380588751265,4.223602283583647,37.112380588751265,1.19826585785178,0.0,183.0,1.0,183.0,1.0,0.30171697863477515
nb2,3,E137::bageshwar,2021-0435-IND,0.0,37.37663768344191,4.223602283583647,37.37663768344191,1.1999351451789908,0.0,184.0,1.0,184.0,1.0,0.30121374644235205
nb2,3,E137::chamoli,2021-0435-IND,0.0,30.340922984794304,4.223602283583647,30.340922984794304,1.150903575234935,0.0,150.0,1.0,150.0,1.0,0.3163507934556105
nb2,3,E137::dehradun,2021-0435-IND,0.0,32.81819974840367,4.223602283583647,32.81819974840367,1.169347826757714,0.0,162.0,1.0,162.0,1.0,0.3105694202983954
nb2,3,E137::pithoragarh,2021-0435-IND,0.0,33.970137676986965,4.223602283583647,33.970137676986965,1.1774583636926512,0.0,168.0,1.0,168.0,1.0,0.30806072273831087
nb2,3,E137::uttarkashi,2021-0435-IND,0.0,31.85502512920038,4.223602283583647,31.85502512920038,1.1623463303112078,0.0,157.0,1.0,157.0,1.0,0.31275150099215415
nb2,3,E138::hooghly,2021-0435-IND,1.0,36.74500650652677,4.223602283583647,35.74500650652677,2.643036628982193,0.0,181.0,1.0,181.0,0.0,0.3024239431278798
nb2,3,E140::lahaul%20and%20spiti,2021-0458-IND,7.0,28.193085826094475,4.223602283583647,21.193085826094475,4.035980803907509,0.0,139.0,1.0,139.0,0.0,0.3218531850653725
nb2,3,E141::anantnag,2021-0458-IND,6.0,34.138128450063,4.223602283583647,28.138128450063,3.948419700658751,0.0,168.0,1.0,168.0,0.0,0.3077036070671476
nb2,3,E141::bandipora,2021-0458-IND,7.0,30.85308172450185,4.223602283583647,23.85308172450185,4.0521296132771285,0.0,152.0,1.0,152.0,0.0,0.3151090834645987
nb2,3,E141::ganderbal,2021-0458-IND,2.0,33.549113497702706,4.223602283583647,31.549113497702706,3.1099277797959926,0.0,165.0,1.0,165.0,0.0,0.30896535063337033
nb2,3,E141::kishtwar,2021-0458-IND,59.0,34.05902070218447,4.223602283583647,24.94097929781553,6.045984688822651,0.0,168.0,1.0,168.0,0.0,0.30787150521296686
nb2,3,E148::baksa,2022-0293-IND,21.0,30.00689947634428,4.223602283583647,9.00689947634428,4.986889412767132,0.0,148.0,1.0,148.0,0.0,0.3171745636458919
nb2,3,E148::barpeta,2022-0293-IND,29.0,27.05969382920502,4.223602283583647,1.9403061707949796,5.295362043363255,0.0,134.0,1.0,134.0,0.0,0.3249683269870124
nb2,3,E148::biswanath,2022-0293-IND,41.0,27.70999922791075,4.223602283583647,13.29000077208925,5.660503398337759,0.0,137.0,1.0,137.0,0.0,0.323161833053407
nb2,3,E148::bongaigaon,2022-0293-IND,11.0,30.556569382402955,4.223602283583647,19.556569382402955,4.421439420330682,0.0,151.0,1.0,151.0,0.0,0.31582485456367354
nb2,3,E148::cachar,2022-0293-IND,179.0,26.524483849929346,4.223602283583647,152.47551615007066,8.015285721246162,0.0,131.0,0.0,131.0,0.0,0.3264954965680864
nb2,3,E148::chirang,2022-0293-IND,5.0,35.287926467763896,4.223602283583647,30.287926467763896,3.812120238273014,0.0,174.0,1.0,174.0,0.0,0.3053159319025185
nb2,3,E148::darrang,2022-0293-IND,95.0,28.63141923655792,4.223602283583647,66.36858076344208,6.741809013516001,0.0,141.0,1.0,141.0,0.0,0.3206893492622973
nb2,3,E148::dhemaji,2022-0293-IND,29.0,27.547149720159016,4.223602283583647,1.452850279840984,5.295101400345815,0.0,136.0,1.0,136.0,0.0,0.32360929993710436
nb2,3,E148::dhubri,2022-0293-IND,27.0,29.724499411597545,4.223602283583647,2.724499411597545,5.2246815474390145,0.0,147.0,1.0,147.0,0.0,0.31787984706776357
nb2,3,E148::dibrugarh,2022-0293-IND,40.0,27.65227970441794,4.223602283583647,12.34772029558206,5.6334222162991665,0.0,136.0,1.0,136.0,0.0,0.3233200610849647
nb2,3,E148::dima%20hasao,2022-0293-IND,175.0,34.2982102836203,4.223602283583647,140.7017897163797,7.6716098391154715,0.0,169.0,0.0,169.0,0.0,0.3073653069638165
nb2,3,E148::goalpara,2022-0293-IND,42.0,27.795070215481314,4.223602283583647,14.204929784518686,5.686981452584678,0.0,137.0,1.0,137.0,0.0,0.32292936109625914
nb2,3,E148::golaghat,2022-0293-IND,28.0,29.64779343068732,4.223602283583647,1.6477934306873188,5.260217630046514,0.0,146.0,1.0,146.0,0.0,0.31807283822195087
nb2,3,E148::hailakandi,2022-0293-IND,36.0,29.33580643373736,4.223602283583647,6.6641935662626395,5.515490596121774,0.0,145.0,1.0,145.0,0.0,0.3188641539105346
nb2,3,E148::hojai,2022-0293-IND,147.0,28.178558678292305,4.223602283583647,118.8214413217077,7.518538415729317,0.0,139.0,0.0,139.0,0.0,0.3218921359955874
nb2,3,E148::kamrup,2022-0293-IND,44.0,26.532096503909134,4.223602283583647,17.467903496090866,5.7461250585888495,0.0,131.0,1.0,131.0,0.0,0.32647351050291856
nb2,3,E148::kamrup%20metropolitan,2022-0293-IND,20.0,33.53413170279812,4.223602283583647,13.53413170279812,4.951651237516579,0.0,165.0,1.0,165.0,0.0,0.30899779763034835
nb2,3,E148::karimganj,2022-0293-IND,50.0,28.90963727480156,4.223602283583647,21.09036272519844,5.880513095572757,0.0,143.0,1.0,143.0,0.0,0.3199619214434918
nb2,3,E148::kokrajhar,2022-0293-IND,11.0,32.56473646507419,4.223602283583647,21.56473646507419,4.431180429442962,0.0,161.0,1.0,161.0,0.0,0.31113594684048884
nb2,3,E148::lakhimpur,2022-0293-IND,57.0,27.050312686813257,4.223602283583647,29.949687313186743,6.053601672183923,0.0,134.0,1.0,134.0,0.0,0.3249947754082315
nb2,3,E148::majuli,2022-0293-IND,23.0,26.534860333300045,4.223602283583647,3.5348603333000455,5.066340010491664,0.0,131.0,1.0,131.0,0.0,0.32646553021536096
nb2,3,E148::morigaon,2022-0293-IND,62.0,27.391069758769753,4.223602283583647,34.60893024123025,6.157467541776745,0.0,135.0,1.0,135.0,0.0,0.3240412206969214
nb2,3,E148::nagaon,2022-0293-IND,133.0,26.78158846415265,4.223602283583647,106.21841153584735,7.370932011167451,0.0,132.0,0.0,132.0,0.0,0.32575720436423483
nb2,3,E148::nalbari,2022-0293-IND,29.0,27.546974587799586,4.223602283583647,1.4530254122004145,5.295101479061825,0.0,136.0,1.0,136.0,0.0,0.32360978289874315
nb2,3,E148::sivasagar,2022-0293-IND,11.0,27.358521297933578,4.223602283583647,16.358521297933578,4.405359515016991,0.0,135.0,1.0,135.0,0.0,0.3241316725375511
nb2,3,E148::sonitpur,2022-0293-IND,34.0,27.45205399535045,4.223602283583647,6.54794600464955,5.459027187264137,0.0,135.0,1.0,135.0,0.0,0.32387210039139547
nb2,3,E148::south%20salmara,2022-0293-IND,5.0,30.377177095365706,4.223602283583647,25.377177095365706,3.7822803933453155,0.0,150.0,1.0,150.0,0.0,0.3162620532816981
nb2,3,E148::tinsukia,2022-0293-IND,12.0,30.53961625379499,4.223602283583647,18.53961625379499,4.494794478167863,0.0,151.0,1.0,151.0,0.0,0.3158660362685033
nb2,3,E148::udalguri,2022-0293-IND,48.0,33.05001995905172,4.223602283583647,14.949980040948283,5.815695821356041,0.0,163.0,1.0,163.0,0.0,0.3100559532736099
nb2,3,E148::west%20karbi%20anglong,2022-0293-IND,1.0,30.353726428939417,4.223602283583647,29.353726428939417,2.599460999874632,0.0,150.0,1.0,150.0,0.0,0.3163194392608301
nb2,3,E150::bharuch,2022-0293-IND,0.0,30.629571685664764,4.223602283583647,30.629571685664764,1.1531281147816197,0.0,151.0,1.0,151.0,1.0,0.3156478407678546
nb2,3,E150::navsari,2022-0293-IND,0.0,36.331990018278795,4.223602283583647,36.331990018278795,1.1932663700982404,0.0,179.0,1.0,179.0,1.0,0.3032291859557004
nb2,3,E150::surat,2022-0293-IND,0.0,31.964465731453394,4.223602283583647,31.964465731453394,1.163152380428136,0.0,158.0,1.0,158.0,1.0,0.31249950918086816
nb2,3,E150::tapi,2022-0293-IND,0.0,30.380162349777205,4.223602283583647,30.380162349777205,1.15120721301285,0.0,150.0,1.0,150.0,1.0,0.31625475198529124
nb2,3,E150::vadodara,2022-0293-IND,0.0,30.414464205554296,4.223602283583647,30.414464205554296,1.1514723252852184,0.0,150.0,1.0,150.0,1.0,0.3161709200822693
nb2,3,E150::valsad,2022-0293-IND,0.0,36.349104149679825,4.223602283583647,36.349104149679825,1.193377149768881,0.0,179.0,1.0,179.0,1.0,0.3031955961869177
nb2,3,E154::east%20khasi%20hills,2022-0293-IND,2.0,37.879251112127875,4.223602283583647,35.879251112127875,3.1368768017723667,0.0,187.0,1.0,187.0,0.0,0.3002685646858362
nb2,3,E154::ri%20bhoi,2022-0293-IND,0.0,37.88896009686557,4.223602283583647,37.88896009686557,1.203138290656628,0.0,187.0,1.0,187.0,1.0,0.3002504585918163
nb2,3,E162::dhemaji,2023-0428-IND,9.0,26.828930748689423,4.223602283583647,17.828930748689423,4.2337587657805,0.0,132.0,1.0,132.0,0.0,0.3256222051839719
nb2,3,E162::lakhimpur,2023-0428-IND,69.0,27.704674735258422,4.223602283583647,41.29532526474158,6.295189875939902,0.0,137.0,1.0,137.0,0.0,0.32317641229468475
nb2,3,E163::supaul,2023-0428-IND,0.0,27.83083263637992,4.223602283583647,27.83083263637992,1.1306235428647664,0.0,137.0,1.0,137.0,1.0,0.32283189412566443
nb2,3,E164::raipur,2023-0428-IND,0.0,30.20968503844143,4.223602283583647,30.20968503844143,1.1498852056374163,0.0,149.0,1.0,149.0,1.0,0.31667311958152383
nb2,3,E166::bhavnagar,2023-0428-IND,6.0,25.924974141411862,4.223602283583647,19.924974141411862,3.896854310379593,0.0,128.0,1.0,128.0,0.0,0.32825164005363056
nb2,3,E166::dang,2023-0428-IND,1.0,37.168690232243904,4.223602283583647,36.168690232243904,2.6456607358668442,0.0,183.0,1.0,183.0,0.0,0.30160937815345673
nb2,3,E166::navsari,2023-0428-IND,28.0,33.55652083827608,4.223602283583647,5.556520838276079,5.263469223607995,0.0,166.0,1.0,166.0,0.0,0.30894931467249975
nb2,3,E166::surat,2023-0428-IND,32.0,35.15644144596063,4.223602283583647,3.156441445960631,5.393850624163079,0.0,173.0,1.0,173.0,0.0,0.30558410056997676
nb2,3,E166::tapi,2023-0428-IND,9.0,33.90748278437948,4.223602283583647,24.907482784379482,4.272314850890755,0.0,167.0,1.0,167.0,0.0,0.30819447060254906
nb2,3,E166::valsad,2023-0428-IND,16.0,35.22745589349177,4.223602283583647,19.227455893491772,4.760528781551504,0.0,174.0,1.0,174.0,0.0,0.3054391111988994
nb2,3,E167::bilaspur,2023-0428-IND,0.0,38.792138154373674,4.223602283583647,38.792138154373674,1.2086817161704382,0.0,191.0,1.0,191.0,1.0,0.29859064730966794
nb2,3,E167::chamba,2023-0428-IND,7.0,36.524440742126096,4.223602283583647,29.524440742126096,4.083519922934617,0.0,180.0,1.0,180.0,0.0,0.3028525799484177
nb2,3,E167::hamirpur,2023-0428-IND,5.0,38.13751134554353,4.223602283583647,33.13751134554353,3.8278983090644165,0.0,188.0,1.0,188.0,0.0,0.29978887256434233
nb2,3,E167::kangra,2023-0428-IND,16.0,34.02231588474344,4.223602283583647,18.022315884743442,4.756126478162502,0.0,168.0,1.0,168.0,0.0,0.3079495702109636
nb2,3,E167::mandi,2023-0428-IND,15.0,35.22157657437442,4.223602283583647,20.221576574374417,4.704930217175006,0.0,174.0,1.0,174.0,0.0,0.3054511012979376
nb2,3,E167::shimla,2023-0428-IND,19.0,38.32164514485096,4.223602283583647,19.32164514485096,4.920446841055933,0.0,189.0,1.0,189.0,0.0,0.29944929432461437
nb2,3,E167::sirmaur,2023-0428-IND,8.0,34.35008384663132,4.223602283583647,26.35008384663132,4.179074075875406,0.0,169.0,1.0,169.0,0.0,0.30725609866688275
nb2,3,E167::solan,2023-0428-IND,6.0,37.006283946231044,4.223602283583647,31.006283946231044,3.96418992241188,0.0,182.0,1.0,182.0,0.0,0.30192026186118165
nb2,3,E168::belagavi,2023-0428-IND,0.0,27.802183120112915,4.223602283583647,27.802183120112915,1.1303817459342391,0.0,137.0,1.0,137.0,1.0,0.32290996332480637
nb2,3,E168::chikkamagaluru,2023-0428-IND,0.0,35.25987776537106,4.223602283583647,35.25987776537106,1.1862211835491925,0.0,174.0,1.0,174.0,1.0,0.3053730351793038
nb2,3,E168::shivamogga,2023-0428-IND,0.0,34.201262202944655,4.223602283583647,34.201262202944655,1.1790527229656644,0.0,169.0,1.0,169.0,1.0,0.30756995460268627
nb2,3,E168::uttara%20kannada,2023-0428-IND,9.0,32.83327510738965,4.223602283583647,23.833275107389653,4.266787918548299,0.0,162.0,1.0,162.0,0.0,0.31053589410964016
nb2,3,E169::balaghat,2023-0428-IND,2.0,34.327069751659344,4.223602283583647,32.327069751659344,3.1150000617761036,0.0,169.0,1.0,169.0,0.0,0.3073045247291643
nb2,3,E169::betul,2023-0428-IND,0.0,33.888000578965425,4.223602283583647,33.888000578965425,1.1768891641749526,0.0,167.0,1.0,167.0,1.0,0.30823612066658806
nb2,3,E169::raisen,2023-0428-IND,0.0,30.648479006501493,4.223602283583647,30.648479006501493,1.15327310173096,0.0,151.0,1.0,151.0,1.0,0.31560207926784617
nb2,3,E169::sagar,2023-0428-IND,0.0,30.35717140458475,4.223602283583647,30.35717140458475,1.1510293542274066,0.0,150.0,1.0,150.0,1.0,0.31631100567382814
nb2,3,E170::amravati,2023-0428-IND,0.0,30.79504073028853,4.223602283583647,30.79504073028853,1.154393979109664,0.0,152.0,1.0,152.0,1.0,0.3152485262183465
nb2,3,E170::beed,2023-0428-IND,0.0,30.471789663719473,4.223602283583647,30.471789663719473,1.1519147209100307,0.0,150.0,1.0,150.0,1.0,0.31603107838549016
nb2,3,E170::chandrapur,2023-0428-IND,0.0,33.31209001411719,4.223602283583647,33.31209001411719,1.1728592750161375,0.0,164.0,1.0,164.0,1.0,0.30948078431143694
nb2,3,E170::gondia,2023-0428-IND,2.0,33.488588329876464,4.223602283583647,31.488588329876464,3.1095285818399994,0.0,165.0,1.0,165.0,0.0,0.30909654314173723
nb2,3,E170::hingoli,2023-0428-IND,0.0,34.09723852933049,4.223602283583647,34.09723852933049,1.1783364679886619,0.0,168.0,1.0,168.0,1.0,0.30779033202723893
nb2,3,E170::kolhapur,2023-0428-IND,1.0,40.53225384049143,4.223602283583647,39.53225384049143,2.665522167948971,0.0,200.0,1.0,200.0,0.0,0.2955227707497143
nb2,3,E170::latur,2023-0428-IND,0.0,32.10767240870337,4.223602283583647,32.10767240870337,1.1642029960725913,0.0,158.0,1.0,158.0,1.0,0.3121713647146768
nb2,3,E170::mumbai%20city,2023-0428-IND,72.0,44.6136505353177,4.223602283583647,27.386349464682297,6.233584237745372,0.0,220.0,1.0,220.0,0.0,0.288921803422654
nb2,3,E170::nagpur,2023-0428-IND,1.0,34.38652225074495,4.223602283583647,33.38652225074495,2.6278731722759363,0.0,170.0,1.0,170.0,0.0,0.307179506731373
nb2,3,E170::nanded,2023-0428-IND,0.0,27.285075245082044,4.223602283583647,27.285075245082044,1.1259744493532158,0.0,135.0,1.0,135.0,1.0,0.3243362640585839
nb2,3,E170::nashik,2023-0428-IND,0.0,36.00913206110825,4.223602283583647,36.00913206110825,1.1911667411836768,0.0,178.0,1.0,178.0,1.0,0.30386652357438
nb2,3,E170::pune,2023-0428-IND,1.0,36.555671346725234,4.223602283583647,35.555671346725234,2.6418545125186164,0.0,180.0,1.0,180.0,0.0,0.3027916948744659
nb2,3,E170::raigad,2023-0428-IND,0.0,33.41179510816653,4.223602283583647,33.41179510816653,1.1735618813848483,0.0,165.0,1.0,165.0,1.0,0.3092634175119769
nb2,3,E170::ratnagiri,2023-0428-IND,0.0,36.49310538099636,4.223602283583647,36.49310538099636,1.1943072216777344,0.0,180.0,1.0,180.0,1.0,0.3029137335765826
nb2,3,E170::satara,2023-0428-IND,0.0,35.139628658388105,4.223602283583647,35.139628658388105,1.1854177532240522,0.0,173.0,1.0,173.0,1.0,0.30561847972183837
nb2,3,E170::sindhudurg,2023-0428-IND,0.0,35.3711981552487,4.223602283583647,35.3711981552487,1.1869625353090163,0.0,174.0,1.0,174.0,1.0,0.3051467302384187
nb2,3,E170::thane,2023-0428-IND,24.0,31.443322550427347,4.223602283583647,7.443322550427347,5.114243037196772,0.0,155.0,1.0,155.0,0.0,0.3137090716045699
nb2,3,E170::yavatmal,2023-0428-IND,0.0,29.483161705801383,4.223602283583647,29.483161705801383,1.1441669469157052,0.0,145.0,1.0,145.0,1.0,0.31848912565740917
nb2,3,E171::gurdaspur,2023-0428-IND,0.0,24.13247760893325,4.223602283583647,24.13247760893325,1.097170105327347,0.0,119.0,1.0,119.0,1.0,0.33381440792908934
nb2,3,E171::kapurthala,2023-0428-IND,1.0,24.660797163602506,4.223602283583647,23.660797163602506,2.5524917044338817,0.0,122.0,1.0,122.0,0.0,0.33212354361429414
nb2,3,E171::mansa,2023-0428-IND,0.0,24.657958441114552,4.223602283583647,24.657958441114552,1.1022212634399609,0.0,122.0,1.0,122.0,1.0,0.33213250991678744
nb2,3,E172::bageshwar,2023-0428-IND,0.0,36.792351354684754,4.223602283583647,36.792351354684754,1.1962283781559357,0.0,181.0,1.0,181.0,1.0,0.3023323475405775
nb2,3,E172::champawat,2023-0428-IND,0.0,35.467843752073314,4.223602283583647,35.467843752073314,1.1876042813847494,0.0,175.0,1.0,175.0,1.0,0.3049509663438395
nb2,3,E172::dehradun,2023-0428-IND,2.0,32.39868960908638,4.223602283583647,30.398689609086382,3.1022229929894953,0.0,160.0,1.0,160.0,0.0,0.31151002867628175
nb2,3,E172::pithoragarh,2023-0428-IND,5.0,33.50659870684365,4.223602283583647,28.506598706843647,3.8017113660743593,0.0,165.0,1.0,165.0,0.0,0.30905747398439015
nb2,3,E172::tehri%20garhwal,2023-0428-IND,0.0,36.440780141483756,4.223602283583647,36.440780141483756,1.1939696870393552,0.0,180.0,1.0,180.0,1.0,0.30301599471147217
nb2,3,E190::lower%20subansiri,2025-0402-IND,31.0,37.137741539769664,4.223602283583647,6.137741539769664,5.3648292726767055,0.0,183.0,1.0,183.0,0.0,0.30166849230658005
nb2,3,E191::bongaigaon,2025-0402-IND,7.0,27.815913156262106,4.223602283583647,20.815913156262106,4.033609104275584,0.0,137.0,1.0,137.0,0.0,0.32287253702281216
nb2,3,E191::cachar,2025-0402-IND,145.0,24.89206480370706,4.223602283583647,120.10793519629294,7.621683992129002,0.0,123.0,0.0,123.0,0.0,0.33139728690393405
nb2,3,E191::dima%20hasao,2025-0402-IND,5.0,32.16012952572579,4.223602283583647,27.160129525725793,3.7935386569520935,0.0,159.0,1.0,159.0,0.0,0.31205161358539607
nb2,3,E191::hailakandi,2025-0402-IND,92.0,26.32209742789668,4.223602283583647,65.67790257210332,6.739077191582227,0.0,130.0,1.0,130.0,0.0,0.32708286005432297
nb2,3,E191::kamrup,2025-0402-IND,85.0,24.524627976850322,4.223602283583647,60.475372023149674,6.655002320700059,0.0,121.0,1.0,121.0,0.0,0.33255507361140363
nb2,3,E191::lakhimpur,2025-0402-IND,90.0,27.48329516212655,4.223602283583647,62.51670483787345,6.680641012084157,0.0,136.0,1.0,136.0,0.0,0.3237856413386114
nb2,3,E192::bishnupur,2025-0402-IND,1.0,31.838757984265364,4.223602283583647,30.838757984265364,2.610323525233642,0.0,157.0,1.0,157.0,0.0,0.31278904753413833
nb2,3,E192::imphal%20east,2025-0402-IND,99.0,30.691998747986894,4.223602283583647,68.3080012520131,6.767986675728167,0.0,151.0,1.0,151.0,0.0,0.3154968797076695
nb2,3,E192::imphal%20west,2025-0402-IND,29.0,31.688754666782835,4.223602283583647,2.6887546667828346,5.295682787170518,0.0,156.0,1.0,156.0,0.0,0.31313638701658597
nb2,3,E192::senapati,2025-0402-IND,22.0,37.1915537949047,4.223602283583647,15.1915537949047,5.047225362081865,0.0,183.0,1.0,183.0,0.0,0.30156574599695307
nb2,3,E192::tamenglong,2025-0402-IND,3.0,32.643284100064925,4.223602283583647,29.643284100064925,3.4046908485900564,0.0,161.0,1.0,161.0,0.0,0.31095980434905984
nb2,3,E192::ukhrul,2025-0402-IND,3.0,36.51125710505547,4.223602283583647,33.51125710505547,3.4287339936714143,0.0,180.0,1.0,180.0,0.0,0.30287830108081804
nb2,3,E193::east%20khasi%20hills,2025-0402-IND,10.0,34.66801058558269,4.223602283583647,24.668010585582692,4.362361161909417,0.0,171.0,1.0,171.0,0.0,0.3065911704433332
nb2,3,E193::ri%20bhoi,2025-0402-IND,3.0,34.45834957609365,4.223602283583647,31.458349576093653,3.416274770813331,0.0,170.0,1.0,170.0,0.0,0.3070288203555081
nb2,3,E193::west%20garo%20hills,2025-0402-IND,2.0,28.89845505214653,4.223602283583647,26.89845505214653,3.077118343983617,0.0,143.0,1.0,143.0,0.0,0.31999099254699437
nb2,3,E193::west%20khasi%20hills,2025-0402-IND,0.0,31.302643623845274,4.223602283583647,31.302643623845274,1.1582355249192278,0.0,154.0,1.0,154.0,1.0,0.3140398077236844
nb2,3,E194::aizawl,2025-0402-IND,23.0,36.65922446132085,4.223602283583647,13.659224461320854,5.0860395278241235,0.0,181.0,1.0,181.0,0.0,0.3025902711493305
nb2,3,E194::kolasib,2025-0402-IND,5.0,32.67466302134967,4.223602283583647,27.674663021349673,3.7966939947374945,0.0,161.0,1.0,161.0,0.0,0.31088958276823203
nb2,3,E196::mangan,2025-0402-IND,0.0,27.470023757175962,4.223602283583647,27.470023757175962,1.1275602010577892,0.0,136.0,1.0,136.0,1.0,0.3238223548488906
nb2,3,E197::north%20tripura,2025-0402-IND,11.0,30.12800486863955,4.223602283583647,19.12800486863955,4.419324141532087,0.0,149.0,1.0,149.0,0.0,0.3168745984400707
nb2,3,E197::west%20tripura,2025-0402-IND,47.0,31.480152837400613,4.223602283583647,15.519847162599387,5.797759188343405,0.0,155.0,1.0,155.0,0.0,0.3136227835388502
nb2,3,E198::chamba,2025-0469-IND,4.0,35.249562764205976,4.223602283583647,31.249562764205976,3.639568353365729,0.0,174.0,1.0,174.0,0.0,0.30539404913080437
nb2,3,E198::hamirpur,2025-0469-IND,7.0,34.634125938429825,4.223602283583647,27.634125938429825,4.073481198689178,0.0,171.0,1.0,171.0,0.0,0.3066616812316248
nb2,3,E198::kinnaur,2025-0469-IND,3.0,30.09496455291234,4.223602283583647,27.09496455291234,3.3874192938083785,0.0,148.0,1.0,148.0,0.0,0.3169562888304995
nb2,3,E198::kullu,2025-0469-IND,12.0,33.13904723183832,4.223602283583647,21.13904723183832,4.506748758899482,0.0,163.0,1.0,163.0,0.0,0.30985993758152386
nb2,3,E198::mandi,2025-0469-IND,64.0,34.01966429672433,4.223602283583647,29.98033570327567,6.142827602014944,0.0,168.0,1.0,168.0,0.0,0.30795521370041057
nb2,3,E198::shimla,2025-0469-IND,5.0,36.625194008800676,4.223602283583647,31.625194008800676,3.819652313606406,0.0,181.0,1.0,181.0,0.0,0.3026563874144463
nb2,3,E199::chamoli,2025-0469-IND,1.0,30.423702172650927,4.223602283583647,29.423702172650927,2.599984178573352,0.0,150.0,1.0,150.0,0.0,0.31614836281445474
nb2,3,E202::bageshwar,2025-0803-IND,0.0,35.66829883718457,4.223602283583647,35.66829883718457,1.1889298234282222,0.0,176.0,1.0,176.0,1.0,0.3045470088072507
nb2,3,E202::champawat,2025-0803-IND,1.0,34.927182385742704,4.223602283583647,33.927182385742704,2.6314359431313754,0.0,172.0,1.0,172.0,0.0,0.30605464308763325
nb2,3,E202::dehradun,2025-0803-IND,127.0,31.16781368675484,4.223602283583647,95.83218631324516,7.161823160581346,0.0,154.0,1.0,154.0,0.0,0.3143585096654984
nb2,3,E202::haridwar,2025-0803-IND,0.0,31.94290404723633,4.223602283583647,31.94290404723633,1.1629937915821253,0.0,158.0,1.0,158.0,1.0,0.3125490720473631
nb2,3,E202::nainital,2025-0803-IND,9.0,36.449150507782605,4.223602283583647,27.449150507782605,4.284961371435367,0.0,180.0,1.0,180.0,0.0,0.3029996240789132
nb2,3,E202::pauri%20garhwal,2025-0803-IND,0.0,34.598301503171506,4.223602283583647,34.598301503171506,1.1817667905128533,0.0,171.0,1.0,171.0,1.0,0.3067363207514233
nb2,3,E202::pithoragarh,2025-0803-IND,7.0,32.919230885479564,4.223602283583647,25.919230885479564,4.064016929503329,0.0,162.0,1.0,162.0,0.0,0.31034509695370216
nb2,3,E202::tehri%20garhwal,2025-0803-IND,0.0,36.18218738340229,4.223602283583647,36.18218738340229,1.1922944796302566,0.0,178.0,1.0,178.0,1.0,0.3035240347683116
nb2,3,E202::udham%20singh%20nagar,2025-0803-IND,0.0,30.608299724725793,4.223602283583647,30.608299724725793,1.152964888864031,0.0,151.0,1.0,151.0,1.0,0.31569936688138295
poisson,3,E009::anantnag,2015-0333-IND,7.0,50.05626579352028,,43.05626579352028,31.189393334348903,39.0,62.0,0.0,23.0,0.0,1.823223799113089e-22
poisson,3,E012::barabanki,2015-0333-IND,2.0,28.55580413427174,,26.55580413427174,22.545230889607005,20.0,38.0,0.0,18.0,0.0,3.966174684545116e-13
poisson,3,E024::barpeta,2015-0406-IND,45.0,30.421409995165767,,14.578590004834233,5.863744983563755,22.0,40.0,0.0,18.0,0.0,6.139733312385667e-14
poisson,3,E024::bongaigaon,2015-0406-IND,28.0,32.881432239584925,,4.881432239584925,2.9697477693201364,24.0,43.0,1.0,19.0,0.0,5.245361463644204e-15
poisson,3,E024::cachar,2015-0406-IND,31.0,30.589580665088608,,0.41041933491139204,2.6413612735572407,22.0,40.0,1.0,18.0,0.0,5.189361356081394e-14
poisson,3,E024::darrang,2015-0406-IND,18.0,33.56495145313134,,15.564951453131343,6.717713262520562,24.0,43.0,0.0,19.0,0.0,2.6480537647555393e-15
poisson,3,E024::dhemaji,2015-0406-IND,47.0,26.188131255687956,,20.811868744312044,9.521457669829012,18.0,35.0,0.0,17.0,0.0,4.2329106791471374e-12
poisson,3,E024::dibrugarh,2015-0406-IND,56.0,28.047589687874055,,27.952410312125945,13.70183567488684,20.0,37.0,0.0,17.0,0.0,6.593053013981403e-13
poisson,3,E024::goalpara,2015-0406-IND,33.0,32.29903248914111,,0.700967510858888,2.6772694025696495,23.0,42.0,1.0,19.0,0.0,9.390926017496604e-15
poisson,3,E024::jorhat,2015-0406-IND,28.0,31.11072468740138,,3.1107246874013796,2.748994884756705,22.0,41.0,1.0,19.0,0.0,3.081654458188477e-14
poisson,3,E024::kamrup,2015-0406-IND,19.0,32.0149974834194,,13.0149974834194,5.496996847694049,23.0,42.0,0.0,19.0,0.0,1.2475652083466952e-14
poisson,3,E024::kokrajhar,2015-0406-IND,24.0,34.58300179434108,,10.58300179434108,4.3270363830032395,25.0,45.0,0.0,20.0,0.0,9.56738284903269e-16
poisson,3,E024::lakhimpur,2015-0406-IND,29.0,27.678148961968216,,1.3218510380317845,2.6365335123246716,19.0,37.0,1.0,18.0,0.0,9.539654290918537e-13
poisson,3,E024::morigaon,2015-0406-IND,40.0,30.291129424080594,,9.708870575919406,4.177572683954651,22.0,40.0,1.0,18.0,0.0,6.994064619227373e-14
poisson,3,E024::nalbari,2015-0406-IND,18.0,35.813382041445216,,17.813382041445216,7.799038024656788,26.0,46.0,0.0,20.0,0.0,2.7954118452274673e-16
poisson,3,E024::sivasagar,2015-0406-IND,6.0,32.65088604350687,,26.650886043506873,18.314905297632343,24.0,42.0,0.0,18.0,0.0,6.605418858982508e-15
poisson,3,E024::sonitpur,2015-0406-IND,40.0,29.760895934369252,,10.239104065630748,4.353723055795349,21.0,39.0,0.0,18.0,0.0,1.1885217102131082e-13
poisson,3,E024::tinsukia,2015-0406-IND,33.0,30.101510231614068,,2.8984897683859323,2.8049908871654843,21.0,39.0,1.0,18.0,0.0,8.454349733641378e-14
poisson,3,E025::chittoor,2015-0504-IND,55.0,40.98878245653884,,14.011217543461157,5.0848142193060255,31.0,52.0,0.0,21.0,0.0,1.5805125882275726e-18
poisson,3,E026::puducherry,2015-0504-IND,7.0,48.41264151835967,,41.41264151835967,29.779476103322214,37.0,60.0,0.0,23.0,0.0,9.433154210450486e-22
poisson,3,E027::chennai,2015-0504-IND,354.0,63.17479781325408,,290.8252021867459,323.1091971498117,50.0,77.0,0.0,27.0,0.0,3.6604452410669973e-28
poisson,3,E027::cuddalore,2015-0504-IND,116.0,33.34922496111597,,82.65077503888403,65.24613337203533,24.0,43.0,0.0,19.0,0.0,3.2856070644895126e-15
poisson,3,E027::kancheepuram,2015-0504-IND,92.0,33.231219455796065,,58.768780544203935,38.09544747969397,24.0,43.0,0.0,19.0,0.0,3.697130355413081e-15
poisson,3,E027::nagapattinam,2015-0504-IND,21.0,29.731801018884248,,8.731801018884248,3.8753784159996343,21.0,39.0,1.0,18.0,0.0,1.2236096135493994e-13
poisson,3,E027::thiruvallur,2015-0504-IND,9.0,39.439923783470064,,30.439923783470064,19.168743888168606,29.0,50.0,0.0,21.0,0.0,7.438043846543301e-18
poisson,3,E047::barpeta,2017-0180-IND,3.0,29.354030461070934,,26.354030461070934,21.007500347590135,21.0,39.0,0.0,18.0,0.0,1.7852808608205072e-13
poisson,3,E047::biswanath,2017-0180-IND,13.0,29.487679684270937,,16.487679684270937,8.048200539631043,21.0,39.0,0.0,18.0,0.0,1.5619366984744742e-13
poisson,3,E047::cachar,2017-0180-IND,1.0,29.243667177668748,,28.243667177668748,25.868004134178218,21.0,38.0,0.0,17.0,0.0,1.9935939826122657e-13
poisson,3,E047::darrang,2017-0180-IND,14.0,32.0889949848741,,18.0889949848741,8.721032263720378,23.0,42.0,0.0,19.0,0.0,1.1585813899772558e-14
poisson,3,E047::dhemaji,2017-0180-IND,2.0,31.379778773515294,,29.379778773515294,25.180598559354856,22.0,41.0,0.0,19.0,0.0,2.354698110548517e-14
poisson,3,E047::dhubri,2017-0180-IND,1.0,36.12712502990374,,35.12712502990374,32.54008106084403,27.0,46.0,0.0,19.0,0.0,2.0426264555979345e-16
poisson,3,E047::dibrugarh,2017-0180-IND,2.0,29.889707538970566,,27.889707538970566,23.78782633619009,21.0,39.0,0.0,18.0,0.0,1.044876472140936e-13
poisson,3,E047::goalpara,2017-0180-IND,2.0,35.21469578093554,,33.21469578093554,28.784915982986785,26.0,45.0,0.0,19.0,0.0,5.08688524431537e-16
poisson,3,E047::hailakandi,2017-0180-IND,15.0,31.118120456677186,,16.118120456677186,7.450537327769531,22.0,41.0,0.0,19.0,0.0,3.058947324689766e-14
poisson,3,E047::jorhat,2017-0180-IND,14.0,32.700899597580026,,18.700899597580026,9.068484546160523,24.0,42.0,0.0,18.0,0.0,6.283183616508566e-15
poisson,3,E047::kamrup,2017-0180-IND,16.0,30.3866946817314,,14.386694681731399,6.4344773852281385,22.0,40.0,0.0,18.0,0.0,6.356618923454729e-14
poisson,3,E047::kamrup%20metropolitan,2017-0180-IND,12.0,41.77588703941076,,29.77588703941076,16.97526983914268,31.0,53.0,0.0,22.0,0.0,7.193873258682492e-19
poisson,3,E047::karbi%20anglong,2017-0180-IND,1.0,30.883476842363507,,29.883476842363507,27.45325553149949,22.0,40.0,0.0,18.0,0.0,3.86791058046295e-14
poisson,3,E047::karimganj,2017-0180-IND,7.0,30.091993713085834,,23.091993713085834,14.787341046727331,21.0,39.0,0.0,18.0,0.0,8.535189757217254e-14
poisson,3,E047::kokrajhar,2017-0180-IND,1.0,41.20343862021838,,40.20343862021838,37.48491690568984,31.0,52.0,0.0,21.0,0.0,1.2751872794596743e-18
poisson,3,E047::lakhimpur,2017-0180-IND,35.0,30.13262120302206,,4.867378796977938,3.072504703439897,21.0,39.0,1.0,18.0,0.0,8.195376050124325e-14
poisson,3,E047::majuli,2017-0180-IND,2.0,29.303267659663135,,27.303267659663135,23.241016772172593,21.0,38.0,0.0,17.0,0.0,1.8782463505493822e-13
poisson,3,E047::morigaon,2017-0180-IND,1.0,30.350646675709296,,29.350646675709296,26.93782885115865,22.0,40.0,0.0,18.0,0.0,6.589942520247073e-14
poisson,3,E047::nagaon,2017-0180-IND,1.0,29.696523164733836,,28.696523164733836,26.30549319093832,21.0,39.0,0.0,18.0,0.0,1.2675463757651788e-13
poisson,3,E047::nalbari,2017-0180-IND,0.0,33.17066441373388,,33.17066441373388,33.17066441373388,24.0,43.0,0.0,19.0,1.0,3.927927688874649e-15
poisson,3,E047::sivasagar,2017-0180-IND,1.0,34.68640374456817,,33.68640374456817,31.14005595732112,25.0,45.0,0.0,20.0,0.0,8.627525600820275e-16
poisson,3,E047::sonitpur,2017-0180-IND,1.0,30.65478674296831,,29.65478674296831,27.23199791845806,22.0,40.0,0.0,18.0,0.0,4.8617796740027775e-14
poisson,3,E047::udalguri,2017-0180-IND,0.0,38.450662863808546,,38.450662863808546,38.450662863808546,29.0,49.0,0.0,20.0,1.0,2.0002730917036433e-17
poisson,3,E048::giridih,2017-0180-IND,0.0,27.662432235608186,,27.662432235608186,27.662432235608186,19.0,37.0,0.0,18.0,1.0,9.69077084507865e-13
poisson,3,E049::bishnupur,2017-0180-IND,1.0,30.882242622486032,,29.882242622486032,27.45206127618127,22.0,40.0,0.0,18.0,0.0,3.8726873797896175e-14
poisson,3,E049::imphal%20east,2017-0180-IND,4.0,29.251328510475478,,25.251328510475478,18.925682373591417,21.0,38.0,0.0,17.0,0.0,1.9783787545157726e-13
poisson,3,E049::imphal%20west,2017-0180-IND,4.0,29.025449977128215,,25.025449977128215,18.73081168526916,20.0,38.0,0.0,18.0,0.0,2.479746238595089e-13
poisson,3,E049::thoubal,2017-0180-IND,5.0,27.57148897343827,,22.57148897343827,15.775069563252124,19.0,36.0,0.0,17.0,0.0,1.0613398745378845e-12
poisson,3,E052::bishnupur,2017-0290-IND,10.0,29.50825476594857,,19.50825476594857,10.765966871251415,21.0,39.0,0.0,18.0,0.0,1.53012807794208e-13
poisson,3,E052::imphal%20east,2017-0290-IND,27.0,32.18616144385489,,5.186161443854893,3.0122121044411543,23.0,42.0,1.0,19.0,0.0,1.0513024857619431e-14
poisson,3,E052::imphal%20west,2017-0290-IND,13.0,29.866268328159382,,16.866268328159382,8.260946159321449,21.0,39.0,0.0,18.0,0.0,1.0696568335909488e-13
poisson,3,E052::thoubal,2017-0290-IND,15.0,28.08422984513671,,13.084229845136711,5.955378179120789,20.0,37.0,0.0,17.0,0.0,6.355854545312504e-13
poisson,3,E058::chennai,2017-0495-IND,269.0,59.76727753936499,,209.23272246063502,199.12795650766535,47.0,73.0,0.0,26.0,0.0,1.1050989500091817e-26
poisson,3,E080::mumbai%20city,2019-0288-IND,547.0,55.50497732447483,,491.49502267552515,764.0992215852673,44.0,68.0,0.0,24.0,0.0,7.843224204345931e-25
poisson,3,E080::pune,2019-0288-IND,11.0,50.32280470062649,,39.32280470062649,24.72207071703992,39.0,62.0,0.0,23.0,0.0,1.396637197278189e-22
poisson,3,E080::ratnagiri,2019-0288-IND,71.0,45.87493616186526,,25.125063838134743,8.936416653401004,35.0,57.0,0.0,22.0,0.0,1.19335145575452e-20
poisson,3,E135::bagalkot,2021-0435-IND,0.0,27.11434103209253,,27.11434103209253,27.11434103209253,19.0,36.0,0.0,17.0,1.0,1.6764527181895047e-12
poisson,3,E135::belagavi,2021-0435-IND,0.0,31.077983298916415,,31.077983298916415,31.077983298916415,22.0,41.0,0.0,19.0,1.0,3.184222044039625e-14
poisson,3,E135::chikkamagaluru,2021-0435-IND,0.0,33.327370016154674,,33.327370016154674,33.327370016154674,24.0,43.0,0.0,19.0,1.0,3.358204240108912e-15
poisson,3,E135::davanagere,2021-0435-IND,0.0,32.071100092680396,,32.071100092680396,32.071100092680396,23.0,42.0,0.0,19.0,1.0,1.1795006951628874e-14
poisson,3,E135::dharwad,2021-0435-IND,0.0,30.142212578901283,,30.142212578901283,30.142212578901283,21.0,39.0,0.0,18.0,1.0,8.117146880362105e-14
poisson,3,E135::gadag,2021-0435-IND,0.0,24.827502255336956,,24.827502255336956,24.827502255336956,17.0,33.0,0.0,16.0,1.0,1.6502615122019828e-11
poisson,3,E135::haveri,2021-0435-IND,0.0,31.323640635542233,,31.323640635542233,31.323640635542233,22.0,41.0,0.0,19.0,1.0,2.4906672995849343e-14
poisson,3,E135::kodagu,2021-0435-IND,0.0,42.60547032620478,,42.60547032620478,42.60547032620478,32.0,54.0,0.0,22.0,1.0,3.1381907534305166e-19
poisson,3,E135::shivamogga,2021-0435-IND,0.0,37.327324001925874,,37.327324001925874,37.327324001925874,28.0,48.0,0.0,20.0,1.0,6.151048646893146e-17
poisson,3,E135::uttara%20kannada,2021-0435-IND,0.0,38.556042285325674,,38.556042285325674,38.556042285325674,29.0,49.0,0.0,20.0,1.0,1.8002117476615362e-17
poisson,3,E136::pune,2021-0435-IND,0.0,38.14055862318865,,38.14055862318865,38.14055862318865,28.0,49.0,0.0,21.0,1.0,2.7275068705403354e-17
poisson,3,E136::raigarh,2021-0435-IND,0.0,37.92134587297588,,37.92134587297588,37.92134587297588,28.0,48.0,0.0,20.0,1.0,3.396008284463125e-17
poisson,3,E136::ratnagiri,2021-0435-IND,0.0,40.56766117500398,,40.56766117500398,40.56766117500398,30.0,51.0,0.0,21.0,1.0,2.408178129821167e-18
poisson,3,E136::satara,2021-0435-IND,0.0,39.63382839793723,,39.63382839793723,39.63382839793723,30.0,50.0,0.0,20.0,1.0,6.126988004645129e-18
poisson,3,E137::bageshwar,2021-0435-IND,0.0,36.85872462748829,,36.85872462748829,36.85872462748829,27.0,47.0,0.0,20.0,1.0,9.827867310625982e-17
poisson,3,E137::chamoli,2021-0435-IND,0.0,28.12716577672403,,28.12716577672403,28.12716577672403,20.0,37.0,0.0,17.0,1.0,6.088735545689665e-13
poisson,3,E137::dehradun,2021-0435-IND,0.0,32.88276660641893,,32.88276660641893,32.88276660641893,24.0,43.0,0.0,19.0,1.0,5.2383668949727974e-15
poisson,3,E137::pithoragarh,2021-0435-IND,0.0,33.041089263827715,,33.041089263827715,33.041089263827715,24.0,43.0,0.0,19.0,1.0,4.471335488845318e-15
poisson,3,E137::uttarkashi,2021-0435-IND,0.0,29.884493071485988,,29.884493071485988,29.884493071485988,21.0,39.0,0.0,18.0,1.0,1.050339176700088e-13
poisson,3,E138::hooghly,2021-0435-IND,1.0,39.90800264774607,,38.90800264774607,36.22142577634857,30.0,51.0,0.0,21.0,0.0,4.6577338247262725e-18
poisson,3,E140::lahaul%20and%20spiti,2021-0458-IND,7.0,23.384263934449205,,16.384263934449205,9.844982092525033,16.0,32.0,0.0,16.0,0.0,6.987844142877958e-11
poisson,3,E141::anantnag,2021-0458-IND,6.0,34.17343528512605,,28.173435285126047,19.563994919959562,25.0,44.0,0.0,19.0,0.0,1.4410054653879767e-15
poisson,3,E141::bandipora,2021-0458-IND,7.0,28.777560715648193,,21.777560715648193,13.785550485265887,20.0,38.0,0.0,18.0,0.0,3.177343572961079e-13
poisson,3,E141::ganderbal,2021-0458-IND,2.0,31.958417835900562,,29.958417835900562,25.722693786132623,23.0,42.0,0.0,19.0,0.0,1.3201870960896902e-14
poisson,3,E141::kishtwar,2021-0458-IND,59.0,32.34455601614336,,26.655443983856642,11.768087226780821,23.0,42.0,0.0,19.0,0.0,8.973002785680907e-15
poisson,3,E148::baksa,2022-0293-IND,21.0,28.59122611563417,,7.591226115634171,3.5562672908088686,20.0,38.0,1.0,18.0,0.0,3.828144010911658e-13
poisson,3,E148::barpeta,2022-0293-IND,29.0,25.322101929275632,,3.6778980707243676,2.860490252414394,17.0,34.0,1.0,17.0,0.0,1.0063541964520213e-11
poisson,3,E148::biswanath,2022-0293-IND,41.0,25.275798658717026,,15.724201341282974,6.8862685502251,17.0,34.0,0.0,17.0,0.0,1.0540473405227352e-11
poisson,3,E148::bongaigaon,2022-0293-IND,11.0,29.060445816446975,,18.060445816446975,9.499595670407029,20.0,38.0,0.0,18.0,0.0,2.3944663615222893e-13
poisson,3,E148::cachar,2022-0293-IND,179.0,24.662960436249456,,154.33703956375055,203.96896188814102,17.0,33.0,0.0,16.0,0.0,1.9454155150778966e-11
poisson,3,E148::chirang,2022-0293-IND,5.0,34.85419785069908,,29.85419785069908,21.8858216695871,25.0,45.0,0.0,20.0,0.0,7.29481365328953e-16
poisson,3,E148::darrang,2022-0293-IND,95.0,26.799903237111373,,68.20009676288862,55.21712579720934,19.0,36.0,0.0,17.0,0.0,2.29588382616543e-12
poisson,3,E148::dhemaji,2022-0293-IND,29.0,25.169498375058936,,3.830501624941064,2.883183837555407,17.0,34.0,1.0,17.0,0.0,1.1722648511980414e-11
poisson,3,E148::dhubri,2022-0293-IND,27.0,28.91533558101349,,1.9153355810134904,2.634827580410839,20.0,38.0,1.0,18.0,0.0,2.768403022882757e-13
poisson,3,E148::dibrugarh,2022-0293-IND,40.0,25.86720174232701,,14.132798257672992,6.06880848821174,18.0,34.0,0.0,16.0,0.0,5.834679713171419e-12
poisson,3,E148::dima%20hasao,2022-0293-IND,175.0,32.62662393822085,,142.37337606177914,155.06846503451743,24.0,42.0,0.0,18.0,0.0,6.767640184688829e-15
poisson,3,E148::goalpara,2022-0293-IND,42.0,25.810323935019813,,16.189676064980187,7.049673629626714,18.0,34.0,0.0,16.0,0.0,6.17616285206539e-12
poisson,3,E148::golaghat,2022-0293-IND,28.0,28.235896997604517,,0.23589699760451666,2.589005009530684,20.0,37.0,1.0,17.0,0.0,5.461422086887506e-13
poisson,3,E148::hailakandi,2022-0293-IND,36.0,27.38520612286507,,8.614793877134929,3.9447946428410887,19.0,36.0,1.0,17.0,0.0,1.2786629901349772e-12
poisson,3,E148::hojai,2022-0293-IND,147.0,26.22661158548459,,120.77338841451541,136.01905667711804,18.0,35.0,0.0,17.0,0.0,4.073120977137108e-12
poisson,3,E148::kamrup,2022-0293-IND,44.0,24.561032491681495,,19.438967508318505,9.027213394847543,17.0,33.0,0.0,16.0,0.0,2.154165762103343e-11
poisson,3,E148::kamrup%20metropolitan,2022-0293-IND,20.0,33.57710527240975,,13.577105272409753,5.635832852864951,24.0,43.0,0.0,19.0,0.0,2.6160645869753315e-15
poisson,3,E148::karimganj,2022-0293-IND,50.0,27.412224726375555,,22.587775273624445,10.340538088543482,19.0,36.0,0.0,17.0,0.0,1.2445778418367035e-12
poisson,3,E148::kokrajhar,2022-0293-IND,11.0,31.888580898563255,,20.888580898563255,11.306160962858065,23.0,41.0,0.0,18.0,0.0,1.4156805978725328e-14
poisson,3,E148::lakhimpur,2022-0293-IND,57.0,24.900396449865095,,32.0996035501349,18.04787253042363,17.0,33.0,0.0,16.0,0.0,1.5342467946211507e-11
poisson,3,E148::majuli,2022-0293-IND,23.0,22.809775624938506,,0.1902243750614936,2.4910996030347583,15.0,31.0,1.0,16.0,0.0,1.24119584373688e-10
poisson,3,E148::morigaon,2022-0293-IND,62.0,25.2566576786855,,36.7433423213145,21.91927228419165,17.0,34.0,0.0,17.0,0.0,1.0744171669241038e-11
poisson,3,E148::nagaon,2022-0293-IND,133.0,25.400904728896162,,107.59909527110383,115.95570102408365,17.0,34.0,0.0,17.0,0.0,9.30094852628833e-12
poisson,3,E148::nalbari,2022-0293-IND,29.0,25.268831917897124,,3.731168082102876,2.8682916933071496,17.0,34.0,1.0,17.0,0.0,1.0614162540067937e-11
poisson,3,E148::sivasagar,2022-0293-IND,11.0,25.3723631241379,,14.372363124137902,7.304405297618164,17.0,34.0,0.0,17.0,0.0,9.570237208077495e-12
poisson,3,E148::sonitpur,2022-0293-IND,34.0,25.934640139836453,,8.065359860163547,3.8257635857749435,18.0,35.0,1.0,17.0,0.0,5.454172849100003e-12
poisson,3,E148::south%20salmara,2022-0293-IND,5.0,28.552590824854015,,23.552590824854015,16.58134417306179,20.0,38.0,0.0,18.0,0.0,3.978939729046525e-13
poisson,3,E148::tinsukia,2022-0293-IND,12.0,29.616439261462684,,17.616439261462684,8.943698705706304,21.0,39.0,0.0,18.0,0.0,1.3732318103521454e-13
poisson,3,E148::udalguri,2022-0293-IND,48.0,32.46722672045245,,15.532773279547548,6.090054115172926,23.0,42.0,0.0,19.0,0.0,7.93711353443396e-15
poisson,3,E148::west%20karbi%20anglong,2022-0293-IND,1.0,27.92402179747646,,26.92402179747646,24.594534482768537,20.0,37.0,0.0,17.0,0.0,7.460216322475628e-13
poisson,3,E150::bharuch,2022-0293-IND,0.0,29.89096770178881,,29.89096770178881,29.89096770178881,21.0,39.0,0.0,18.0,1.0,1.0435605869500174e-13
poisson,3,E150::navsari,2022-0293-IND,0.0,37.524530519410156,,37.524530519410156,37.524530519410156,28.0,48.0,0.0,20.0,1.0,5.050140483870823e-17
poisson,3,E150::surat,2022-0293-IND,0.0,33.168482217065765,,33.168482217065765,33.168482217065765,24.0,43.0,0.0,19.0,1.0,3.9365085587575835e-15
poisson,3,E150::tapi,2022-0293-IND,0.0,28.917822947886567,,28.917822947886567,28.917822947886567,20.0,38.0,0.0,18.0,1.0,2.761525545862478e-13
poisson,3,E150::vadodara,2022-0293-IND,0.0,30.60491606284621,,30.60491606284621,30.60491606284621,22.0,40.0,0.0,18.0,1.0,5.110387530802092e-14
poisson,3,E150::valsad,2022-0293-IND,0.0,37.864223799311304,,37.864223799311304,37.864223799311304,28.0,48.0,0.0,20.0,1.0,3.595642809002324e-17
poisson,3,E154::east%20khasi%20hills,2022-0293-IND,2.0,39.087794651604725,,37.087794651604725,32.449321310140384,29.0,50.0,0.0,21.0,0.0,1.0577583760127154e-17
poisson,3,E154::ri%20bhoi,2022-0293-IND,0.0,37.605889892364544,,37.605889892364544,37.605889892364544,28.0,48.0,0.0,20.0,1.0,4.655534321346744e-17
poisson,3,E162::dhemaji,2023-0428-IND,9.0,24.31994123374493,,15.319941233744931,8.400098947351553,17.0,33.0,0.0,16.0,0.0,2.7414714154266515e-11
poisson,3,E162::lakhimpur,2023-0428-IND,69.0,25.76731707285025,,43.23268292714975,27.7694886920488,18.0,34.0,0.0,16.0,0.0,6.447574690238684e-12
poisson,3,E163::supaul,2023-0428-IND,0.0,26.59842508789126,,26.59842508789126,26.59842508789126,18.0,35.0,0.0,17.0,1.0,2.8083469270109775e-12
poisson,3,E164::raipur,2023-0428-IND,0.0,30.349569487377313,,30.349569487377313,30.349569487377313,22.0,40.0,0.0,18.0,1.0,6.597044954080985e-14
poisson,3,E166::bhavnagar,2023-0428-IND,6.0,24.356987431623676,,18.356987431623676,11.779326044384538,17.0,33.0,0.0,16.0,0.0,2.6417685318668157e-11
poisson,3,E166::dang,2023-0428-IND,1.0,36.54144983478711,,35.54144983478711,32.94300260660614,27.0,47.0,0.0,20.0,0.0,1.3497395570264882e-16
poisson,3,E166::navsari,2023-0428-IND,28.0,33.72981119269338,,5.729811192693383,3.104856889268625,24.0,44.0,1.0,20.0,0.0,2.2455830595983057e-15
poisson,3,E166::surat,2023-0428-IND,32.0,37.82381610339452,,5.82381610339452,3.127728843696005,28.0,48.0,1.0,20.0,0.0,3.743909841405645e-17
poisson,3,E166::tapi,2023-0428-IND,9.0,33.64196787642869,,24.641967876428687,14.801826372973743,24.0,43.0,0.0,19.0,0.0,2.4517658461814722e-15
poisson,3,E166::valsad,2023-0428-IND,16.0,36.34147712694178,,20.341477126941783,9.525981880163929,27.0,47.0,0.0,20.0,0.0,1.6485306251832622e-16
poisson,3,E167::bilaspur,2023-0428-IND,0.0,39.408916207043205,,39.408916207043205,39.408916207043205,29.0,50.0,0.0,21.0,1.0,7.672292533324784e-18
poisson,3,E167::chamba,2023-0428-IND,7.0,36.680094060889495,,29.680094060889495,19.989615939708646,27.0,47.0,0.0,20.0,0.0,1.1749991533177638e-16
poisson,3,E167::hamirpur,2023-0428-IND,5.0,38.73210469518965,,33.73210469518965,25.236252263908717,29.0,49.0,0.0,20.0,0.0,1.5095957287995452e-17
poisson,3,E167::kangra,2023-0428-IND,16.0,34.51659527616049,,18.516595276160487,8.525411688153408,25.0,44.0,0.0,19.0,0.0,1.022428948754935e-15
poisson,3,E167::mandi,2023-0428-IND,15.0,35.686686128492056,,20.686686128492056,9.96429228758554,26.0,46.0,0.0,20.0,0.0,3.172993167940614e-16
poisson,3,E167::shimla,2023-0428-IND,19.0,39.75752165547667,,20.757521655476673,9.124223945175444,30.0,50.0,0.0,20.0,0.0,5.414118173880653e-18
poisson,3,E167::sirmaur,2023-0428-IND,8.0,33.76084504077956,,25.760845040779557,16.21103434157866,25.0,44.0,0.0,19.0,0.0,2.1769642362737345e-15
poisson,3,E167::solan,2023-0428-IND,6.0,37.481179202263675,,31.481179202263675,22.31739689998085,28.0,48.0,0.0,20.0,0.0,5.2738855064157223e-17
poisson,3,E168::belagavi,2023-0428-IND,0.0,27.250906712451272,,27.250906712451272,27.250906712451272,19.0,36.0,0.0,17.0,1.0,1.4624518894456926e-12
poisson,3,E168::chikkamagaluru,2023-0428-IND,0.0,35.89542286553408,,35.89542286553408,35.89542286553408,26.0,46.0,0.0,20.0,1.0,2.575229412475327e-16
poisson,3,E168::shivamogga,2023-0428-IND,0.0,34.93874877964548,,34.93874877964548,34.93874877964548,26.0,45.0,0.0,19.0,1.0,6.703385573570798e-16
poisson,3,E168::uttara%20kannada,2023-0428-IND,9.0,32.82889727386595,,23.828897273865948,14.208942476201251,24.0,43.0,0.0,19.0,0.0,5.5282931829290965e-15
poisson,3,E169::balaghat,2023-0428-IND,2.0,35.07909601020712,,33.07909601020712,28.65703239517989,26.0,45.0,0.0,19.0,0.0,5.825620268804056e-16
poisson,3,E169::betul,2023-0428-IND,0.0,34.379947161232266,,34.379947161232266,34.379947161232266,25.0,44.0,0.0,19.0,1.0,1.1721377679342937e-15
poisson,3,E169::raisen,2023-0428-IND,0.0,29.812491773975655,,29.812491773975655,29.812491773975655,21.0,39.0,0.0,18.0,1.0,1.12875407388946e-13
poisson,3,E169::sagar,2023-0428-IND,0.0,30.006461799653525,,30.006461799653525,30.006461799653525,21.0,39.0,0.0,18.0,1.0,9.297350826956138e-14
poisson,3,E170::amravati,2023-0428-IND,0.0,30.798121021752518,,30.798121021752518,30.798121021752518,22.0,40.0,0.0,18.0,1.0,4.2125589100576766e-14
poisson,3,E170::beed,2023-0428-IND,0.0,30.24547958249362,,30.24547958249362,30.24547958249362,22.0,40.0,0.0,18.0,1.0,7.320742223039437e-14
poisson,3,E170::chandrapur,2023-0428-IND,0.0,33.96774126814748,,33.96774126814748,33.96774126814748,25.0,44.0,0.0,19.0,1.0,1.7700983796480753e-15
poisson,3,E170::gondia,2023-0428-IND,2.0,33.63070497312832,,31.630704973128317,27.292973177370385,24.0,43.0,0.0,19.0,0.0,2.4795359402046404e-15
poisson,3,E170::hingoli,2023-0428-IND,0.0,34.331782092886236,,34.331782092886236,34.331782092886236,25.0,44.0,0.0,19.0,1.0,1.2299755633900977e-15
poisson,3,E170::kolhapur,2023-0428-IND,1.0,45.22556316932273,,44.22556316932273,41.413900685508125,34.0,57.0,0.0,23.0,0.0,2.284480601335119e-20
poisson,3,E170::latur,2023-0428-IND,0.0,32.42235309504561,,32.42235309504561,32.42235309504561,23.0,42.0,0.0,19.0,1.0,8.301392732855574e-15
poisson,3,E170::mumbai%20city,2023-0428-IND,72.0,51.147347517450754,,20.852652482549246,6.826571423243877,40.0,63.0,0.0,23.0,0.0,6.123351769819903e-23
poisson,3,E170::nagpur,2023-0428-IND,1.0,36.37116068444963,,35.37116068444963,32.7773845127224,27.0,47.0,0.0,20.0,0.0,1.6003155098391682e-16
poisson,3,E170::nanded,2023-0428-IND,0.0,26.250228088614566,,26.250228088614566,26.250228088614566,18.0,35.0,0.0,17.0,1.0,3.9780550832787625e-12
poisson,3,E170::nashik,2023-0428-IND,0.0,39.084744733815434,,39.084744733815434,39.084744733815434,29.0,50.0,0.0,21.0,1.0,1.060989376739221e-17
poisson,3,E170::pune,2023-0428-IND,1.0,40.481917265115,,39.481917265115,36.78106187798875,30.0,51.0,0.0,21.0,0.0,2.6237757564965674e-18
poisson,3,E170::raigad,2023-0428-IND,0.0,34.3111873798743,,34.3111873798743,34.3111873798743,25.0,44.0,0.0,19.0,1.0,1.2555691993178782e-15
poisson,3,E170::ratnagiri,2023-0428-IND,0.0,38.061986686459015,,38.061986686459015,38.061986686459015,28.0,48.0,0.0,20.0,1.0,2.950456471372345e-17
poisson,3,E170::satara,2023-0428-IND,0.0,36.91356609962331,,36.91356609962331,36.91356609962331,27.0,47.0,0.0,20.0,1.0,9.303405177628769e-17
poisson,3,E170::sindhudurg,2023-0428-IND,0.0,35.69763145400091,,35.69763145400091,35.69763145400091,26.0,46.0,0.0,20.0,1.0,3.1384530958708744e-16
poisson,3,E170::thane,2023-0428-IND,24.0,33.14742003582427,,9.147420035824268,3.908992154826933,24.0,43.0,1.0,19.0,0.0,4.0202993260943e-15
poisson,3,E170::yavatmal,2023-0428-IND,0.0,28.98451292509649,,28.98451292509649,28.98451292509649,20.0,38.0,0.0,18.0,1.0,2.5833662171257685e-13
poisson,3,E171::gurdaspur,2023-0428-IND,0.0,21.924718461496468,,21.924718461496468,21.924718461496468,15.0,30.0,0.0,15.0,1.0,3.007570074295053e-10
poisson,3,E171::kapurthala,2023-0428-IND,1.0,21.80808573753343,,20.80808573753343,18.725804931115345,14.0,30.0,0.0,16.0,0.0,3.3796264728838465e-10
poisson,3,E171::mansa,2023-0428-IND,0.0,21.762692082027034,,21.762692082027034,21.762692082027034,14.0,30.0,0.0,16.0,1.0,3.5365753651016454e-10
poisson,3,E172::bageshwar,2023-0428-IND,0.0,36.195696847851124,,36.195696847851124,36.195696847851124,27.0,46.0,0.0,19.0,1.0,1.9072542456679692e-16
poisson,3,E172::champawat,2023-0428-IND,0.0,34.430950056708376,,34.430950056708376,34.430950056708376,25.0,44.0,0.0,19.0,1.0,1.113854294650278e-15
poisson,3,E172::dehradun,2023-0428-IND,2.0,32.41868332428939,,30.41868332428939,26.154360700022583,23.0,42.0,0.0,19.0,0.0,8.33191290791363e-15
poisson,3,E172::pithoragarh,2023-0428-IND,5.0,32.53599710762744,,27.535997107627438,19.911753451872926,23.0,42.0,0.0,19.0,0.0,7.409620973190695e-15
poisson,3,E172::tehri%20garhwal,2023-0428-IND,0.0,36.78254134177463,,36.78254134177463,36.78254134177463,27.0,47.0,0.0,20.0,1.0,1.0605844733636565e-16
poisson,3,E190::lower%20subansiri,2025-0402-IND,31.0,35.397163794404676,,4.397163794404676,2.9238047057545202,26.0,45.0,1.0,19.0,0.0,4.2384502421404396e-16
poisson,3,E191::bongaigaon,2025-0402-IND,7.0,25.695571423821995,,18.695571423821995,11.49650217249308,18.0,34.0,0.0,16.0,0.0,6.927158443540807e-12
poisson,3,E191::cachar,2025-0402-IND,145.0,22.731071073520184,,122.26892892647982,149.82409388213927,15.0,31.0,0.0,16.0,0.0,1.3428307105853598e-10
poisson,3,E191::dima%20hasao,2025-0402-IND,5.0,30.036264950125485,,25.036264950125485,17.811729276486137,21.0,39.0,0.0,18.0,0.0,9.024348847830582e-14
poisson,3,E191::hailakandi,2025-0402-IND,92.0,23.74294437508695,,68.25705562491305,59.53797459803906,16.0,32.0,0.0,16.0,0.0,4.8816908614185306e-11
poisson,3,E191::kamrup,2025-0402-IND,85.0,22.17441491413962,,62.82558508586038,54.53118911705229,15.0,30.0,0.0,15.0,0.0,2.3430090352701607e-10
poisson,3,E191::lakhimpur,2025-0402-IND,90.0,25.57181310432693,,64.42818689567306,51.990290240078224,18.0,34.0,0.0,16.0,0.0,7.839758353280241e-12
poisson,3,E192::bishnupur,2025-0402-IND,1.0,29.73111001173884,,28.73111001173884,26.338916039006754,21.0,39.0,0.0,18.0,0.0,1.224455428734066e-13
poisson,3,E192::imphal%20east,2025-0402-IND,99.0,28.909328191140993,,70.09067180885901,54.991266096756284,20.0,38.0,0.0,18.0,0.0,2.785083953425911e-13
poisson,3,E192::imphal%20west,2025-0402-IND,29.0,30.32534716441033,,1.3253471644103314,2.63485294776153,22.0,40.0,1.0,18.0,0.0,6.758791740764629e-14
poisson,3,E192::senapati,2025-0402-IND,22.0,37.61934466198965,,15.61934466198965,6.285121130561997,28.0,48.0,0.0,20.0,0.0,4.593314693586469e-17
poisson,3,E192::tamenglong,2025-0402-IND,3.0,30.222883547189337,,27.222883547189337,21.788844904027933,21.0,40.0,0.0,19.0,0.0,7.488045044588948e-14
poisson,3,E192::ukhrul,2025-0402-IND,3.0,35.52360676003757,,32.52360676003757,26.604773865355565,26.0,46.0,0.0,20.0,0.0,3.735025806258829e-16
poisson,3,E193::east%20khasi%20hills,2025-0402-IND,10.0,34.81638486310332,,24.816384863103323,14.419916382433172,25.0,45.0,0.0,20.0,0.0,7.575933853608734e-16
poisson,3,E193::ri%20bhoi,2025-0402-IND,3.0,33.209125753110555,,30.209125753110555,24.492411091637578,24.0,43.0,0.0,19.0,0.0,3.779722679770751e-15
poisson,3,E193::west%20garo%20hills,2025-0402-IND,2.0,26.941925860607775,,24.941925860607775,21.047705730251984,19.0,36.0,0.0,17.0,0.0,1.991912545467276e-12
poisson,3,E193::west%20khasi%20hills,2025-0402-IND,0.0,29.52311821027415,,29.52311821027415,29.52311821027415,21.0,39.0,0.0,18.0,1.0,1.5075532896034446e-13
poisson,3,E194::aizawl,2025-0402-IND,23.0,36.6654243424965,,13.6654243424965,5.4299134256740444,27.0,47.0,0.0,20.0,0.0,1.1923631107987158e-16
poisson,3,E194::kolasib,2025-0402-IND,5.0,29.742143512364557,,24.742143512364557,17.56681018765949,21.0,39.0,0.0,18.0,0.0,1.211019657095893e-13
poisson,3,E196::mangan,2025-0402-IND,0.0,22.97106907102375,,22.97106907102375,22.97106907102375,15.0,31.0,0.0,16.0,1.0,1.0563101648974631e-10
poisson,3,E197::north%20tripura,2025-0402-IND,11.0,28.588379993213454,,17.588379993213454,9.207684084540123,20.0,38.0,0.0,18.0,0.0,3.839054896904252e-13
poisson,3,E197::west%20tripura,2025-0402-IND,47.0,31.294267259356243,,15.705732740643757,6.255548369132381,22.0,41.0,0.0,19.0,0.0,2.5649116730209335e-14
poisson,3,E198::chamba,2025-0469-IND,4.0,35.062877210965475,,31.062877210965475,24.01235927543322,26.0,45.0,0.0,19.0,0.0,5.920875206705037e-16
poisson,3,E198::hamirpur,2025-0469-IND,7.0,34.079620191951655,,27.079620191951655,17.903884651940476,25.0,44.0,0.0,19.0,0.0,1.5827379118198352e-15
poisson,3,E198::kinnaur,2025-0469-IND,3.0,26.591219352497475,,23.591219352497475,18.54123563643761,18.0,35.0,0.0,17.0,0.0,2.8286562156651242e-12
poisson,3,E198::kullu,2025-0469-IND,12.0,32.05036092603327,,20.05036092603327,10.429874085943606,23.0,42.0,0.0,19.0,0.0,1.2042179786417064e-14
poisson,3,E198::mandi,2025-0469-IND,64.0,34.150860275174445,,29.849139724825555,13.34864204431603,25.0,44.0,0.0,19.0,0.0,1.4739061474664632e-15
poisson,3,E198::shimla,2025-0469-IND,5.0,37.50311272959014,,32.50311272959014,24.16848479410243,28.0,48.0,0.0,20.0,0.0,5.1594699497922527e-17
poisson,3,E199::chamoli,2025-0469-IND,1.0,28.419535052867648,,27.419535052867648,25.07245829018939,20.0,37.0,0.0,17.0,0.0,4.545197386479976e-13
poisson,3,E202::bageshwar,2025-0803-IND,0.0,34.8126605115361,,34.8126605115361,34.8126605115361,25.0,45.0,0.0,20.0,1.0,7.604201902129979e-16
poisson,3,E202::champawat,2025-0803-IND,1.0,33.829785097963274,,32.829785097963274,30.308443467601023,25.0,44.0,0.0,19.0,0.0,2.031940599881968e-15
poisson,3,E202::dehradun,2025-0803-IND,127.0,30.854389576900587,,96.14561042309941,86.88940124757704,22.0,40.0,0.0,18.0,0.0,3.982069762758557e-14
poisson,3,E202::haridwar,2025-0803-IND,0.0,32.02062666437325,,32.02062666437325,32.02062666437325,23.0,42.0,0.0,19.0,1.0,1.2405621672225369e-14
poisson,3,E202::nainital,2025-0803-IND,9.0,37.45778212724413,,28.45778212724413,17.650679207800152,28.0,48.0,0.0,20.0,0.0,5.398733848917821e-17
poisson,3,E202::pauri%20garhwal,2025-0803-IND,0.0,34.50723491126503,,34.50723491126503,34.50723491126503,25.0,44.0,0.0,19.0,1.0,1.032044187663021e-15
poisson,3,E202::pithoragarh,2025-0803-IND,7.0,31.866844435232743,,24.866844435232743,16.16104302710194,23.0,41.0,0.0,18.0,0.0,1.4467893596759767e-14
poisson,3,E202::tehri%20garhwal,2025-0803-IND,0.0,36.54831180246098,,36.54831180246098,36.54831180246098,27.0,47.0,0.0,20.0,1.0,1.3405093925811126e-16
poisson,3,E202::udham%20singh%20nagar,2025-0803-IND,0.0,30.073318093377015,,30.073318093377015,30.073318093377015,21.0,39.0,0.0,18.0,1.0,8.696087471075272e-14
nb2,4,E016::baksa,2015-0317-IND,0.0,33.83837457181204,4.393925783141803,33.83837457181204,1.1398740031831094,0.0,169.0,1.0,169.0,1.0,0.31985932053373567
nb2,4,E016::bongaigaon,2015-0317-IND,0.0,33.15201803439346,4.393925783141803,33.15201803439346,1.1352417889210702,0.0,165.0,1.0,165.0,1.0,0.3213444144211798
nb2,4,E016::dhemaji,2015-0317-IND,6.0,38.821469935134175,4.393925783141803,32.821469935134175,3.9922049686270875,0.0,194.0,1.0,194.0,0.0,0.3100740384526698
nb2,4,E016::dibrugarh,2015-0317-IND,0.0,38.44223310326687,4.393925783141803,38.44223310326687,1.1687230936514459,0.0,192.0,1.0,192.0,1.0,0.31076350391596863
nb2,4,E016::jorhat,2015-0317-IND,1.0,39.591426180491766,4.393925783141803,38.591426180491766,2.6613430038801282,0.0,197.0,1.0,197.0,0.0,0.3086991840444792
nb2,4,E016::kamrup,2015-0317-IND,1.0,46.051357772325645,4.393925783141803,45.051357772325645,2.694756930874314,0.0,230.0,1.0,230.0,0.0,0.29831539032537807
nb2,4,E016::karbi%20anglong,2015-0317-IND,0.0,40.18752419764703,4.393925783141803,40.18752419764703,1.1787697588312587,0.0,200.0,1.0,200.0,1.0,0.30765699818318465
nb2,4,E016::kokrajhar,2015-0317-IND,3.0,34.88677056313971,4.393925783141803,31.886770563139713,3.4322929588485755,0.0,174.0,1.0,174.0,0.0,0.31766037128424096
nb2,4,E016::lakhimpur,2015-0317-IND,4.0,35.18566429355317,4.393925783141803,31.185664293553167,3.6550637382983755,0.0,175.0,1.0,175.0,0.0,0.31704818760162956
nb2,4,E016::sonitpur,2015-0317-IND,4.0,36.1906903976677,4.393925783141803,32.1906903976677,3.6607187501768683,0.0,180.0,1.0,180.0,0.0,0.3150353401446304
nb2,4,E016::tinsukia,2015-0317-IND,1.0,43.99396291295304,4.393925783141803,42.99396291295304,2.684637396873297,0.0,219.0,1.0,219.0,0.0,0.3014188333026386
nb2,4,E017::kutch,2015-0317-IND,2.0,25.381570184456265,4.393925783141803,23.381570184456265,3.0611055734276422,0.0,127.0,1.0,127.0,0.0,0.341320836942186
nb2,4,E019::chandel,2015-0317-IND,0.0,40.781268805778915,4.393925783141803,40.781268805778915,1.182088951010982,0.0,203.0,1.0,203.0,1.0,0.30663751834150715
nb2,4,E019::thoubal,2015-0317-IND,0.0,31.77184325292482,4.393925783141803,31.77184325292482,1.1256314791630833,0.0,159.0,1.0,159.0,1.0,0.3244475208065183
nb2,4,E019::ukhrul,2015-0317-IND,2.0,44.17389161323807,4.393925783141803,42.17389161323807,3.178776201395928,0.0,220.0,1.0,220.0,0.0,0.3011404126416696
nb2,4,E020::balasore,2015-0317-IND,1.0,32.20619376164536,4.393925783141803,31.20619376164536,2.6159646858854235,0.0,161.0,1.0,161.0,0.0,0.32345350623703084
nb2,4,E020::bhadrak,2015-0317-IND,1.0,32.64755187598131,4.393925783141803,31.647551875981307,2.6189459344128196,0.0,163.0,1.0,163.0,0.0,0.32246005496086694
nb2,4,E020::jharsuguda,2015-0317-IND,0.0,36.19573254663865,4.393925783141803,36.19573254663865,1.1551019629814352,0.0,181.0,1.0,181.0,1.0,0.3150254143353112
nb2,4,E020::keonjhar,2015-0317-IND,1.0,38.53138457320593,4.393925783141803,37.53138457320593,2.655359422370896,0.0,192.0,1.0,192.0,0.0,0.3106006794328
nb2,4,E020::mayurbhanj,2015-0317-IND,4.0,39.56044543124349,4.393925783141803,35.56044543124349,3.678729335946419,0.0,197.0,1.0,197.0,0.0,0.30875387199639703
nb2,4,E023::baksa,2015-0374-IND,15.0,42.45144789698172,4.393925783141803,27.45144789698172,4.756356285817518,0.0,212.0,1.0,212.0,0.0,0.30386426641324005
nb2,4,E023::barpeta,2015-0374-IND,40.0,30.060335498718633,4.393925783141803,9.939664501281367,5.653714289008795,0.0,150.0,1.0,150.0,0.0,0.3285319321094819
nb2,4,E023::bongaigaon,2015-0374-IND,71.0,31.530862645708215,4.393925783141803,39.46913735429179,6.315683733775623,0.0,157.0,1.0,157.0,0.0,0.3250061783494416
nb2,4,E023::cachar,2015-0374-IND,2.0,51.27488287230782,4.393925783141803,49.27488287230782,3.2111201154670668,0.0,256.0,1.0,256.0,0.0,0.2911424111703814
nb2,4,E023::goalpara,2015-0374-IND,44.0,30.117259713926867,4.393925783141803,13.882740286073133,5.757104878105539,0.0,150.0,1.0,150.0,0.0,0.32839156936464764
nb2,4,E023::kamrup,2015-0374-IND,22.0,33.41615628007739,4.393925783141803,11.416156280077388,5.065288350657478,0.0,167.0,1.0,167.0,0.0,0.3207684893530897
nb2,4,E023::kokrajhar,2015-0374-IND,81.0,38.276862456008296,4.393925783141803,42.723137543991704,6.43070095557322,0.0,191.0,1.0,191.0,0.0,0.3110667573069429
nb2,4,E023::lakhimpur,2015-0374-IND,41.0,41.820280737059846,4.393925783141803,0.8202807370598464,5.668213933620536,0.0,208.0,1.0,208.0,0.0,0.3048963729531347
nb2,4,E023::nagaon,2015-0374-IND,9.0,42.5931038525503,4.393925783141803,33.5931038525503,4.334268270875494,0.0,212.0,1.0,212.0,0.0,0.3036351988072654
nb2,4,E023::sonitpur,2015-0374-IND,38.0,35.41762142691715,4.393925783141803,2.582378573082849,5.59297706311839,0.0,177.0,1.0,177.0,0.0,0.3165774559125102
nb2,4,E035::gopalganj,2016-0271-IND,5.0,33.885445876455236,4.393925783141803,28.885445876455236,3.82203721051989,0.0,169.0,1.0,169.0,0.0,0.31975881875111734
nb2,4,E035::muzaffarpur,2016-0271-IND,14.0,40.59028390648958,4.393925783141803,26.59028390648958,4.691417221198397,0.0,202.0,1.0,202.0,0.0,0.30696345853979456
nb2,4,E036::bahraich,2016-0271-IND,10.0,31.046793357319626,4.393925783141803,21.046793357319626,4.368218541199427,0.0,155.0,1.0,155.0,0.0,0.32614427055193046
nb2,4,E036::ballia,2016-0271-IND,5.0,31.582482387865436,4.393925783141803,26.582482387865436,3.808561478519908,0.0,158.0,1.0,158.0,0.0,0.3248860729669274
nb2,4,E036::barabanki,2016-0271-IND,11.0,32.39687126380403,4.393925783141803,21.39687126380403,4.454611006253195,0.0,162.0,1.0,162.0,0.0,0.3230222872436374
nb2,4,E036::basti,2016-0271-IND,3.0,30.228979140530882,4.393925783141803,27.228979140530882,3.4028999048405506,0.0,151.0,1.0,151.0,0.0,0.3281170309040181
nb2,4,E036::ghazipur,2016-0271-IND,0.0,30.292182515305953,4.393925783141803,30.292182515305953,1.1148567310106052,0.0,151.0,1.0,151.0,1.0,0.3279622623557593
nb2,4,E036::jalaun,2016-0271-IND,0.0,37.38480223376587,4.393925783141803,37.38480223376587,1.1624130288210897,0.0,186.0,1.0,186.0,1.0,0.3127306416287269
nb2,4,E036::kushinagar,2016-0271-IND,3.0,37.33260384300097,4.393925783141803,34.33260384300097,3.4463433093994613,0.0,186.0,1.0,186.0,0.0,0.31282950014258265
nb2,4,E036::lakhimpur%20kheri,2016-0271-IND,1.0,34.98763860459838,4.393925783141803,33.98763860459838,2.6341321003768376,0.0,174.0,1.0,174.0,0.0,0.317453064072132
nb2,4,E036::mirzapur,2016-0271-IND,0.0,31.585936514311747,4.393925783141803,31.585936514311747,1.1243054142230502,0.0,158.0,1.0,158.0,1.0,0.3248780446769579
nb2,4,E036::pilibhit,2016-0271-IND,2.0,29.59192843043904,4.393925783141803,27.59192843043904,3.0932167983758347,0.0,148.0,1.0,148.0,0.0,0.3296993581250795
nb2,4,E036::siddharthnagar,2016-0271-IND,4.0,26.584715021372322,4.393925783141803,22.584715021372322,3.6000514667119434,0.0,133.0,1.0,133.0,0.0,0.3377730442804317
nb2,4,E036::varanasi,2016-0271-IND,4.0,33.43988292888626,4.393925783141803,29.439882928886263,3.6449001294325076,0.0,167.0,1.0,167.0,0.0,0.3207170277701742
nb2,4,E051::barpeta,2017-0289-IND,41.0,27.31710498241221,4.393925783141803,13.68289501758779,5.689595048229496,0.0,136.0,1.0,136.0,0.0,0.33570773848057733
nb2,4,E051::bongaigaon,2017-0289-IND,7.0,28.099081633019694,4.393925783141803,21.099081633019694,4.057463422037172,0.0,140.0,1.0,140.0,0.0,0.3335757305711713
nb2,4,E051::cachar,2017-0289-IND,54.0,28.538408593919936,4.393925783141803,25.461591406080064,6.000443239622112,0.0,142.0,1.0,142.0,0.0,0.3324093843642275
nb2,4,E051::charaideo,2017-0289-IND,0.0,27.71300550968031,4.393925783141803,27.71300550968031,1.0947621506780418,0.0,138.0,1.0,138.0,1.0,0.33461918643087624
nb2,4,E051::chirang,2017-0289-IND,13.0,31.69768370260774,4.393925783141803,18.69768370260774,4.593469038042772,0.0,158.0,1.0,158.0,0.0,0.32461889088163176
nb2,4,E051::darrang,2017-0289-IND,10.0,26.08293914910509,4.393925783141803,16.08293914910509,4.342724164158196,0.0,130.0,1.0,130.0,0.0,0.3392284287348253
nb2,4,E051::dhemaji,2017-0289-IND,47.0,25.390337726298934,4.393925783141803,21.609662273701066,5.8575495750703785,0.0,127.0,1.0,127.0,0.0,0.3412942479791949
nb2,4,E051::dhubri,2017-0289-IND,8.0,28.34567680931599,4.393925783141803,20.34567680931599,4.168480041055582,0.0,141.0,1.0,141.0,0.0,0.33291834679276894
nb2,4,E051::dibrugarh,2017-0289-IND,0.0,26.595361665359675,4.393925783141803,26.595361665359675,1.0854714280617772,0.0,133.0,1.0,133.0,1.0,0.3377425270532106
nb2,4,E051::goalpara,2017-0289-IND,8.0,28.36112554147436,4.393925783141803,20.36112554147436,4.168568347971989,0.0,142.0,1.0,142.0,0.0,0.3328773949060482
nb2,4,E051::golaghat,2017-0289-IND,52.0,25.860868920056635,4.393925783141803,26.139131079943365,5.975811285475734,0.0,129.0,1.0,129.0,0.0,0.33988345478222326
nb2,4,E051::jorhat,2017-0289-IND,63.0,27.075851067552772,4.393925783141803,35.924148932447224,6.205808582735727,0.0,135.0,1.0,135.0,0.0,0.3363805428556485
nb2,4,E051::karbi%20anglong,2017-0289-IND,30.0,27.114041900260336,4.393925783141803,2.885958099739664,5.358010565646721,0.0,135.0,1.0,135.0,0.0,0.3362735518408263
nb2,4,E051::karimganj,2017-0289-IND,80.0,31.47790121598243,4.393925783141803,48.52209878401757,6.4730417034019645,0.0,157.0,1.0,157.0,0.0,0.32512965480880135
nb2,4,E051::kokrajhar,2017-0289-IND,0.0,30.138532778152328,4.393925783141803,30.138532778152328,1.1137080660595557,0.0,150.0,1.0,150.0,1.0,0.32833919755647634
nb2,4,E051::lakhimpur,2017-0289-IND,72.0,25.63688906085306,4.393925783141803,46.363110939146935,6.405464564878498,0.0,128.0,1.0,128.0,0.0,0.34055108362527325
nb2,4,E051::majuli,2017-0289-IND,32.0,24.443577813115425,4.393925783141803,7.556422186884575,5.430090708911318,0.0,122.0,1.0,122.0,0.0,0.344231802898005
nb2,4,E051::morigaon,2017-0289-IND,13.0,27.870667946637372,4.393925783141803,14.870667946637372,4.577127474200002,0.0,139.0,1.0,139.0,0.0,0.3341909434497438
nb2,4,E051::nagaon,2017-0289-IND,27.0,26.81263464364941,4.393925783141803,0.1873653563505897,5.251883807968407,0.0,134.0,1.0,134.0,0.0,0.3371229710785081
nb2,4,E051::nalbari,2017-0289-IND,44.0,26.131501029062736,4.393925783141803,17.868498970937264,5.775362803223252,0.0,130.0,1.0,130.0,0.0,0.33908609302552273
nb2,4,E051::sivasagar,2017-0289-IND,32.0,26.28391502990885,4.393925783141803,5.716084970091149,5.425788651792768,0.0,131.0,1.0,131.0,0.0,0.338641447153096
nb2,4,E051::sonitpur,2017-0289-IND,44.0,26.16222096773558,4.393925783141803,17.83777903226442,5.775181802807514,0.0,131.0,1.0,131.0,0.0,0.33899621847813804
nb2,4,E051::south%20salmara,2017-0289-IND,5.0,28.69198179689206,4.393925783141803,23.69198179689206,3.7904830870834623,0.0,143.0,1.0,143.0,0.0,0.3320068186647203
nb2,4,E053::araria,2017-0342-IND,225.0,25.96080686399168,4.393925783141803,199.03919313600832,8.615112519691404,0.0,130.0,0.0,130.0,0.0,0.3395878306417186
nb2,4,E053::darbhanga,2017-0342-IND,137.0,27.104927698301353,4.393925783141803,109.89507230169865,7.423526497416038,0.0,135.0,0.0,135.0,0.0,0.33629906845991275
nb2,4,E053::east%20champaran,2017-0342-IND,124.0,26.629393730041553,4.393925783141803,97.37060626995844,7.252327808891264,0.0,133.0,1.0,133.0,0.0,0.337645078187639
nb2,4,E053::gopalganj,2017-0342-IND,94.0,30.235849224565722,4.393925783141803,63.764150775434274,6.716918652723553,0.0,151.0,1.0,151.0,0.0,0.3281001887728162
nb2,4,E053::katihar,2017-0342-IND,224.0,25.584349893407005,4.393925783141803,198.415650106593,8.628291773770613,0.0,128.0,0.0,128.0,0.0,0.34070871803196656
nb2,4,E053::khagaria,2017-0342-IND,61.0,27.169944743292824,4.393925783141803,33.830055256707176,6.163216997808708,0.0,136.0,1.0,136.0,0.0,0.3361172712780614
nb2,4,E053::kishanganj,2017-0342-IND,140.0,29.165055799231634,4.393925783141803,110.83494420076836,7.3994995687767116,0.0,146.0,1.0,146.0,0.0,0.33078304319175333
nb2,4,E053::madhepura,2017-0342-IND,113.0,27.093043362602003,4.393925783141803,85.906956637398,7.074540241299972,0.0,135.0,1.0,135.0,0.0,0.33633235619113455
nb2,4,E053::madhubani,2017-0342-IND,135.0,28.23609872063589,4.393925783141803,106.7639012793641,7.3596430907680945,0.0,141.0,1.0,141.0,0.0,0.3332096014488971
nb2,4,E053::muzaffarpur,2017-0342-IND,72.0,28.815175437559155,4.393925783141803,43.184824562440845,6.3619285085124355,0.0,144.0,1.0,144.0,0.0,0.33168578001187693
nb2,4,E053::nalanda,2017-0342-IND,3.0,27.75068475867681,4.393925783141803,24.75068475867681,3.385585172905694,0.0,138.0,1.0,138.0,0.0,0.3345165726990791
nb2,4,E053::patna,2017-0342-IND,38.0,29.910409004842993,4.393925783141803,8.089590995157007,5.599427753297048,0.0,149.0,1.0,149.0,0.0,0.3289031732892001
nb2,4,E053::purnea,2017-0342-IND,135.0,26.01583921862509,4.393925783141803,108.98416078137491,7.433248930965259,0.0,130.0,0.0,130.0,0.0,0.3394256313395122
nb2,4,E053::saharsa,2017-0342-IND,96.0,27.039176453799023,4.393925783141803,68.96082354620097,6.807681345486451,0.0,135.0,1.0,135.0,0.0,0.3364834592664465
nb2,4,E053::samastipur,2017-0342-IND,30.0,29.760243322305218,4.393925783141803,0.23975667769478193,5.35682313749208,0.0,148.0,1.0,148.0,0.0,0.32927728625613967
nb2,4,E053::saran,2017-0342-IND,38.0,30.30719557105744,4.393925783141803,7.692804428942559,5.598647462837276,0.0,151.0,1.0,151.0,0.0,0.3279255571294541
nb2,4,E053::sheohar,2017-0342-IND,82.0,27.697100152215633,4.393925783141803,54.30289984778437,6.557906020427149,0.0,138.0,1.0,138.0,0.0,0.3346625532659608
nb2,4,E053::sitamarhi,2017-0342-IND,147.0,27.69603403393459,4.393925783141803,119.3039659660654,7.540258694192035,0.0,138.0,0.0,138.0,0.0,0.3346654611806131
nb2,4,E053::siwan,2017-0342-IND,1.0,33.20133151142481,4.393925783141803,32.20133151142481,2.6226322159975557,0.0,166.0,1.0,166.0,0.0,0.3212364678354479
nb2,4,E053::supaul,2017-0342-IND,78.0,27.33432283350158,4.393925783141803,50.66567716649842,6.492059210289192,0.0,136.0,1.0,136.0,0.0,0.3356599984072855
nb2,4,E053::west%20champaran,2017-0342-IND,159.0,27.073885612486766,4.393925783141803,131.92611438751322,7.723679364132182,0.0,135.0,0.0,135.0,0.0,0.33638605401696475
nb2,4,E054::ayodhya,2017-0342-IND,31.0,34.03444849249268,4.393925783141803,3.034448492492679,5.390438502581975,0.0,170.0,1.0,170.0,0.0,0.31944180270560213
nb2,4,E054::azamgarh,2017-0342-IND,0.0,30.192658833244092,4.393925783141803,30.192658833244092,1.1141133669818213,0.0,151.0,1.0,151.0,1.0,0.3282061483411969
nb2,4,E054::bahraich,2017-0342-IND,8.0,28.751998380766,4.393925783141803,20.751998380766,4.170793067991958,0.0,143.0,1.0,143.0,0.0,0.3318502081053388
nb2,4,E054::balrampur,2017-0342-IND,7.0,27.17103995323695,4.393925783141803,20.17103995323695,4.051802980893423,0.0,136.0,1.0,136.0,0.0,0.3361142134476381
nb2,4,E054::barabanki,2017-0342-IND,1.0,32.15507140444247,4.393925783141803,31.155071404442467,2.6156168347614632,0.0,160.0,1.0,160.0,0.0,0.3235696491982924
nb2,4,E054::basti,2017-0342-IND,0.0,31.19357906348976,4.393925783141803,31.19357906348976,1.1214811237143603,0.0,156.0,1.0,156.0,1.0,0.3257968915895538
nb2,4,E054::ghazipur,2017-0342-IND,0.0,35.29635585045729,4.393925783141803,35.29635585045729,1.1494117665464751,0.0,176.0,1.0,176.0,1.0,0.3168230805112661
nb2,4,E054::gonda,2017-0342-IND,8.0,31.242949453527544,4.393925783141803,23.242949453527544,4.184549261493577,0.0,156.0,1.0,156.0,0.0,0.3256805004488251
nb2,4,E054::gorakhpur,2017-0342-IND,6.0,28.586702627691494,4.393925783141803,22.586702627691494,3.9355374279659077,0.0,143.0,1.0,143.0,0.0,0.332282506040966
nb2,4,E054::maharajganj,2017-0342-IND,3.0,26.811743676915437,4.393925783141803,23.811743676915437,3.3786708082227666,0.0,134.0,1.0,134.0,0.0,0.3371254991866977
nb2,4,E054::shrawasti,2017-0342-IND,9.0,27.98465631604524,4.393925783141803,18.98465631604524,4.264239653626062,0.0,140.0,1.0,140.0,0.0,0.33388316113892524
nb2,4,E054::siddharthnagar,2017-0342-IND,8.0,25.807526418201704,4.393925783141803,17.807526418201704,4.153573082511517,0.0,129.0,1.0,129.0,0.0,0.34004181563944663
nb2,4,E054::sitapur,2017-0342-IND,2.0,33.61174123590882,4.393925783141803,31.611741235908823,3.1201712069984087,0.0,168.0,1.0,168.0,0.0,0.32034560232379583
nb2,4,E055::bankura,2017-0342-IND,1.0,27.39090064685236,4.393925783141803,26.39090064685236,2.580620847711161,0.0,137.0,1.0,137.0,0.0,0.3355033820871511
nb2,4,E055::birbhum,2017-0342-IND,1.0,28.235796699801124,4.393925783141803,27.235796699801124,2.5872321378751226,0.0,141.0,1.0,141.0,0.0,0.33321040611070374
nb2,4,E055::cooch%20behar,2017-0342-IND,56.0,26.736417040318845,4.393925783141803,29.263582959681155,6.059492266782565,0.0,133.0,1.0,133.0,0.0,0.33733960824242515
nb2,4,E055::dakshin%20dinajpur,2017-0342-IND,19.0,25.48700227274723,4.393925783141803,6.48700227274723,4.911098893393382,0.0,127.0,1.0,127.0,0.0,0.34100183588368543
nb2,4,E055::hooghly,2017-0342-IND,2.0,33.70795617349034,4.393925783141803,31.707956173490338,3.1207789892448266,0.0,168.0,1.0,168.0,0.0,0.32013866928750623
nb2,4,E055::howrah,2017-0342-IND,2.0,38.18804492879714,4.393925783141803,36.18804492879714,3.147425939352161,0.0,190.0,1.0,190.0,0.0,0.3112302898347085
nb2,4,E055::jalpaiguri,2017-0342-IND,95.0,30.03727127885933,4.393925783141803,64.96272872114068,6.735784955598495,0.0,150.0,1.0,150.0,0.0,0.328588895681378
nb2,4,E055::malda,2017-0342-IND,97.0,27.546068922765908,4.393925783141803,69.45393107723409,6.813350358376482,0.0,137.0,1.0,137.0,0.0,0.3350758652403057
nb2,4,E055::murshidabad,2017-0342-IND,3.0,30.03306537764195,4.393925783141803,27.03306537764195,3.401577440959885,0.0,150.0,1.0,150.0,0.0,0.328599289081281
nb2,4,E055::uttar%20dinajpur,2017-0342-IND,25.0,26.423446228823206,4.393925783141803,1.423446228823206,5.175595403217013,0.0,132.0,1.0,132.0,0.0,0.33823712769756986
nb2,4,E057::mumbai%20city,2017-0364-IND,672.0,51.3995567366089,4.393925783141803,620.6004432633911,10.619497983832561,0.0,256.0,0.0,256.0,0.0,0.29098225063456334
nb2,4,E057::mumbai%20suburban,2017-0364-IND,2.0,52.008143289669064,4.393925783141803,50.008143289669064,3.2142128989000978,0.0,259.0,1.0,259.0,0.0,0.2902071970424824
nb2,4,E057::thane,2017-0364-IND,55.0,40.489045198248924,4.393925783141803,14.510954801751076,5.973017802695884,0.0,202.0,1.0,202.0,0.0,0.30713699553777063
nb2,4,E061::biswanath,2018-0205-IND,13.0,25.739115085329786,4.393925783141803,12.739115085329786,4.56788960884181,0.0,128.0,1.0,128.0,0.0,0.3402454961330022
nb2,4,E061::cachar,2018-0205-IND,70.0,26.707614933570117,4.393925783141803,43.29238506642989,6.350597444205375,0.0,133.0,1.0,133.0,0.0,0.33742166972594917
nb2,4,E061::golaghat,2018-0205-IND,2.0,27.21453492105477,4.393925783141803,25.21453492105477,3.075640989292051,0.0,136.0,1.0,136.0,0.0,0.33599289649366143
nb2,4,E061::hailakandi,2018-0205-IND,68.0,28.444541260445952,4.393925783141803,39.55545873955405,6.2904019059429235,0.0,142.0,1.0,142.0,0.0,0.3326567427938393
nb2,4,E061::hojai,2018-0205-IND,31.0,26.15929115700508,4.393925783141803,4.840708842994921,5.3929285515968965,0.0,131.0,1.0,131.0,0.0,0.3390047844189493
nb2,4,E061::karimganj,2018-0205-IND,72.0,28.142578226935395,4.393925783141803,43.8574217730646,6.370079046689895,0.0,140.0,1.0,140.0,0.0,0.3334592663763916
nb2,4,E061::nagaon,2018-0205-IND,1.0,26.387269252051365,4.393925783141803,25.387269252051365,2.5725099015816277,0.0,132.0,1.0,132.0,0.0,0.3383417077471163
nb2,4,E061::west%20karbi%20anglong,2018-0205-IND,4.0,31.386495725470375,4.393925783141803,27.386495725470375,3.632346815972824,0.0,157.0,1.0,157.0,0.0,0.3253433580816645
nb2,4,E122::darbhanga,2021-0316-IND,0.0,24.403940453417167,4.393925783141803,24.403940453417167,1.0660740615821371,0.0,122.0,1.0,122.0,1.0,0.34435779459140653
nb2,4,E122::gopalganj,2021-0316-IND,1.0,28.111433466945645,4.393925783141803,27.111433466945645,2.5862709505171853,0.0,140.0,1.0,140.0,0.0,0.3335426356418946
nb2,4,E122::madhubani,2021-0316-IND,0.0,28.407757699370986,4.393925783141803,28.407757699370986,1.1003519636720986,0.0,142.0,1.0,142.0,1.0,0.3327539457844799
nb2,4,E122::muzaffarpur,2021-0316-IND,1.0,28.903375443541687,4.393925783141803,27.903375443541687,2.5923236202859146,0.0,144.0,1.0,144.0,0.0,0.3314569587584363
nb2,4,E122::west%20champaran,2021-0316-IND,0.0,27.771890380495204,4.393925783141803,27.771890380495204,1.0952412859713436,0.0,139.0,1.0,139.0,1.0,0.3344588969720761
nb2,4,E124::surat,2021-0316-IND,0.0,31.07090060943179,4.393925783141803,31.07090060943179,1.1205908112026548,0.0,155.0,1.0,155.0,1.0,0.32608708179922946
nb2,4,E124::valsad,2021-0316-IND,0.0,35.733527673373366,4.393925783141803,35.733527673373366,1.1521954483179824,0.0,178.0,1.0,178.0,1.0,0.315942372251727
nb2,4,E125::bagalkot,2021-0316-IND,0.0,22.94960518564039,4.393925783141803,22.94960518564039,1.0522234574207834,0.0,115.0,1.0,115.0,1.0,0.34916054178996886
nb2,4,E125::belagavi,2021-0316-IND,0.0,26.10214843827498,4.393925783141803,26.10214843827498,1.0812476678005194,0.0,130.0,1.0,130.0,1.0,0.3391720874524202
nb2,4,E125::chikkamagaluru,2021-0316-IND,0.0,27.30273327189975,4.393925783141803,27.30273327189975,1.091395546816947,0.0,136.0,1.0,136.0,1.0,0.335747615096259
nb2,4,E125::dharwad,2021-0316-IND,0.0,25.154217780462545,4.393925783141803,25.154217780462545,1.0729028851680038,0.0,126.0,1.0,126.0,1.0,0.3420142469057604
nb2,4,E125::gadag,2021-0316-IND,0.0,21.124930527839002,4.393925783141803,21.124930527839002,1.0335615467912957,0.0,106.0,1.0,106.0,1.0,0.3557377251365999
nb2,4,E125::kodagu,2021-0316-IND,0.0,33.53146399432477,4.393925783141803,33.53146399432477,1.1378143114901045,0.0,167.0,1.0,167.0,1.0,0.32051881105960006
nb2,4,E126::idukki,2021-0316-IND,0.0,35.79113761521164,4.393925783141803,35.79113761521164,1.1525597523152586,0.0,178.0,1.0,178.0,1.0,0.3158272941455866
nb2,4,E126::kottayam,2021-0316-IND,1.0,29.906909555362795,4.393925783141803,28.906909555362795,2.5997695684103963,0.0,149.0,1.0,149.0,0.0,0.32891186552819524
nb2,4,E127::kolhapur,2021-0316-IND,0.0,38.55167162237928,4.393925783141803,38.55167162237928,1.1693662721539815,0.0,192.0,1.0,192.0,1.0,0.31056369177520216
nb2,4,E127::pune,2021-0316-IND,0.0,31.418130452551292,4.393925783141803,31.418130452551292,1.1231017895994655,0.0,157.0,1.0,157.0,1.0,0.3252693113130358
nb2,4,E127::raigad,2021-0316-IND,10.0,30.678973971081472,4.393925783141803,20.678973971081472,4.366398452333441,0.0,153.0,1.0,153.0,0.0,0.3270236052842104
nb2,4,E127::ratnagiri,2021-0316-IND,3.0,32.512653697408204,4.393925783141803,29.512653697408204,3.4177801830022108,0.0,162.0,1.0,162.0,0.0,0.3227619510420455
nb2,4,E127::satara,2021-0316-IND,0.0,32.07903493902225,4.393925783141803,32.07903493902225,1.1278058729195584,0.0,160.0,1.0,160.0,1.0,0.323742810579387
nb2,4,E127::sindhudurg,2021-0316-IND,3.0,32.89786224653185,4.393925783141803,29.89786224653185,3.420198056870566,0.0,164.0,1.0,164.0,0.0,0.3219038798872143
nb2,4,E127::thane,2021-0316-IND,9.0,34.772705538492445,4.393925783141803,25.772705538492445,4.29912340789508,0.0,173.0,1.0,173.0,0.0,0.3178956839130749
nb2,4,E129::ayodhya,2021-0316-IND,0.0,31.638262455730892,4.393925783141803,31.638262455730892,1.1246794349326277,0.0,158.0,1.0,158.0,1.0,0.32475655628116584
nb2,4,E129::barabanki,2021-0316-IND,1.0,27.6464598216227,4.393925783141803,26.6464598216227,2.5826408940740486,0.0,138.0,1.0,138.0,0.0,0.3348008291398067
nb2,4,E130::bageshwar,2021-0316-IND,0.0,29.3205588083898,4.393925783141803,29.3205588083898,1.1074934613802188,0.0,146.0,1.0,146.0,1.0,0.3303860494700894
nb2,4,E130::chamoli,2021-0316-IND,14.0,23.28704467956538,4.393925783141803,9.28704467956538,4.623785208295236,0.0,116.0,1.0,116.0,0.0,0.348013838797163
nb2,4,E130::pithoragarh,2021-0316-IND,0.0,26.845569628770487,4.393925783141803,26.845569628770487,1.0875845479870985,0.0,134.0,1.0,134.0,1.0,0.3370295901155786
nb2,4,E131::jalpaiguri,2021-0316-IND,1.0,28.20300513728196,4.393925783141803,27.20300513728196,2.586979089283507,0.0,141.0,1.0,141.0,0.0,0.33329783373555105
nb2,4,E143::alappuzha,2021-0677-IND,63.0,28.326497138781285,4.393925783141803,34.673502861218715,6.1928120653614,0.0,141.0,1.0,141.0,0.0,0.3329692265803636
nb2,4,E143::idukki,2021-0677-IND,213.0,35.649192079703646,4.393925783141803,177.35080792029635,8.0360431885332,0.0,178.0,0.0,178.0,0.0,0.3161112446650933
nb2,4,E143::kollam,2021-0677-IND,31.0,37.281626352715975,4.393925783141803,6.281626352715975,5.393105774730645,0.0,186.0,1.0,186.0,0.0,0.3129262093111634
nb2,4,E143::kottayam,2021-0677-IND,249.0,27.970532192473094,4.393925783141803,221.0294678075269,8.764140598046906,0.0,140.0,0.0,140.0,0.0,0.3339212150388314
nb2,4,E143::pathanamthitta,2021-0677-IND,97.0,33.608753208123645,4.393925783141803,63.391246791876355,6.714797450585992,0.0,168.0,1.0,168.0,0.0,0.3203520403462631
nb2,4,E143::thiruvananthapuram,2021-0677-IND,18.0,39.92481209394075,4.393925783141803,21.92481209394075,4.90442185762616,0.0,199.0,1.0,199.0,0.0,0.3081139686050958
nb2,4,E146::anantapur,2021-0748-IND,60.0,25.77975725975593,4.393925783141803,34.220242740244075,6.157151785003933,0.0,129.0,1.0,129.0,0.0,0.3401244132167589
nb2,4,E146::chittoor,2021-0748-IND,98.0,25.500111071250757,4.393925783141803,72.49988892874924,6.876486387168936,0.0,127.0,1.0,127.0,0.0,0.3409622854329755
nb2,4,E146::nellore,2021-0748-IND,93.0,20.241500788610956,4.393925783141803,72.75849921138905,6.953100873361729,0.0,101.0,1.0,101.0,0.0,0.35917514814598983
nb2,4,E146::ysr%20kadapa,2021-0748-IND,137.0,25.187841217680187,4.393925783141803,111.81215878231981,7.493772583792422,0.0,126.0,0.0,126.0,0.0,0.34191121821745574
nb2,4,E160::baksa,2023-0330-IND,142.0,20.597906837066024,4.393925783141803,121.40209316293398,7.80414922474044,0.0,103.0,0.0,103.0,0.0,0.35776685349568904
nb2,4,E160::barpeta,2023-0330-IND,145.0,18.6635185295517,4.393925783141803,126.3364814704483,7.995207333158656,0.0,93.0,0.0,93.0,0.0,0.3657932281899167
nb2,4,E160::lakhimpur,2023-0330-IND,163.0,19.5046948082804,4.393925783141803,143.4953051917196,8.228897755476531,0.0,97.0,0.0,97.0,0.0,0.3621843926365637
nb2,4,E160::nalbari,2023-0330-IND,205.0,18.823344861827177,4.393925783141803,186.17665513817283,8.970672204508428,0.0,94.0,0.0,94.0,0.0,0.36509253659237884
nb2,4,E161::mangan,2023-0330-IND,0.0,18.473779924417276,4.393925783141803,18.473779924417276,1.0033896599424066,0.0,92.0,1.0,92.0,1.0,0.3666345660097495
nb2,4,E179::kanyakumari,2023-0846-IND,185.0,32.35788888250328,4.393925783141803,152.6421111174967,7.846490606717188,0.0,161.0,0.0,161.0,0.0,0.32311019425404036
nb2,4,E179::thoothukudi,2023-0846-IND,307.0,28.96009789158462,4.393925783141803,278.0399021084154,9.31900222837687,0.0,145.0,0.0,145.0,0.0,0.3313102500307059
nb2,4,E179::tirunelveli,2023-0846-IND,296.0,24.565734300503138,4.393925783141803,271.43426569949685,9.580160763557995,0.0,123.0,0.0,123.0,0.0,0.3438450726703465
nb2,4,E182::barpeta,2024-0481-IND,41.0,18.63577865116153,4.393925783141803,22.36422134883847,5.7609394143443025,0.0,93.0,1.0,93.0,0.0,0.3659155832135499
nb2,4,E182::biswanath,2024-0481-IND,31.0,20.614592434215233,4.393925783141803,10.385407565784767,5.411076003819423,0.0,103.0,1.0,103.0,0.0,0.35770164858120196
nb2,4,E182::cachar,2024-0481-IND,101.0,20.885479288472514,4.393925783141803,80.11452071152749,7.0786311837897715,0.0,104.0,1.0,104.0,0.0,0.35665194204845674
nb2,4,E182::chirang,2024-0481-IND,36.0,21.051618648387972,4.393925783141803,14.948381351612028,5.577639446344211,0.0,105.0,1.0,105.0,0.0,0.3560162853456868
nb2,4,E182::darrang,2024-0481-IND,60.0,18.18493544645169,4.393925783141803,41.81506455354831,6.297440077187291,0.0,91.0,1.0,91.0,0.0,0.3679356835602858
nb2,4,E182::dhemaji,2024-0481-IND,84.0,21.465360220461836,4.393925783141803,62.53463977953817,6.73390567145889,0.0,107.0,1.0,107.0,0.0,0.3544594191476203
nb2,4,E182::dhubri,2024-0481-IND,98.0,19.323317591092728,4.393925783141803,78.67668240890727,7.090723156347733,0.0,97.0,0.0,97.0,0.0,0.36294637087471626
nb2,4,E182::dibrugarh,2024-0481-IND,76.0,21.558880521337464,4.393925783141803,54.441119478662536,6.569856820355701,0.0,108.0,1.0,108.0,0.0,0.35411255924407353
nb2,4,E182::goalpara,2024-0481-IND,79.0,18.959604131226815,4.393925783141803,60.04039586877319,6.715363606426966,0.0,95.0,1.0,95.0,0.0,0.36450083954702034
nb2,4,E182::golaghat,2024-0481-IND,78.0,18.71181056337977,4.393925783141803,59.28818943662023,6.702898458499887,0.0,94.0,1.0,94.0,0.0,0.36558074704853816
nb2,4,E182::hailakandi,2024-0481-IND,31.0,22.81871839328099,4.393925783141803,8.181281606719011,5.401240071047744,0.0,114.0,1.0,114.0,0.0,0.34961085690697596
nb2,4,E182::jorhat,2024-0481-IND,49.0,19.89534329503146,4.393925783141803,29.10465670496854,5.9726452381583295,0.0,99.0,1.0,99.0,0.0,0.360572064343988
nb2,4,E182::kamrup,2024-0481-IND,58.0,18.28265891928066,4.393925783141803,39.717341080719336,6.243802428579718,0.0,91.0,1.0,91.0,0.0,0.3674926942291387
nb2,4,E182::kamrup%20metropolitan,2024-0481-IND,32.0,22.56567972970713,4.393925783141803,9.434320270292869,5.436629051621301,0.0,113.0,1.0,113.0,0.0,0.35049040310703794
nb2,4,E182::karimganj,2024-0481-IND,71.0,23.52542339425054,4.393925783141803,47.47457660574946,6.422509117819657,0.0,117.0,1.0,117.0,0.0,0.34721587601235754
nb2,4,E182::majuli,2024-0481-IND,53.0,17.668671405535996,4.393925783141803,35.331328594464004,6.127417721079524,0.0,88.0,1.0,88.0,0.0,0.370324841694077
nb2,4,E182::morigaon,2024-0481-IND,56.0,18.25254369202351,4.393925783141803,37.74745630797649,6.192774368246421,0.0,91.0,1.0,91.0,0.0,0.36762890264740766
nb2,4,E182::nagaon,2024-0481-IND,86.0,18.805021211610306,4.393925783141803,67.19497878838969,6.870920390664952,0.0,94.0,1.0,94.0,0.0,0.36517250206479496
nb2,4,E182::nalbari,2024-0481-IND,47.0,17.612806796641117,4.393925783141803,29.387193203358883,5.959221986036754,0.0,88.0,1.0,88.0,0.0,0.3705884371358966
nb2,4,E182::sivasagar,2024-0481-IND,71.0,19.086366935095857,4.393925783141803,51.91363306490415,6.533467031800375,0.0,95.0,1.0,95.0,0.0,0.36395499347573573
nb2,4,E182::south%20salmara,2024-0481-IND,38.0,20.29694328586119,4.393925783141803,17.70305671413881,5.647668649810514,0.0,101.0,1.0,101.0,0.0,0.35895410518621873
nb2,4,E183::auraiya,2024-0481-IND,0.0,18.7699071916346,4.393925783141803,18.7699071916346,1.0069651566429534,0.0,94.0,1.0,94.0,1.0,0.365326006098569
nb2,4,E183::ayodhya,2024-0481-IND,3.0,20.411308618849315,4.393925783141803,17.411308618849315,3.325103646355854,0.0,102.0,1.0,102.0,0.0,0.3585004502632963
nb2,4,E183::ballia,2024-0481-IND,13.0,21.13402052195593,4.393925783141803,8.134020521955929,4.548263813707628,0.0,106.0,1.0,106.0,0.0,0.35570326807304575
nb2,4,E183::balrampur,2024-0481-IND,22.0,18.230100614987897,4.393925783141803,3.7698993850121028,5.052280857879566,0.0,91.0,1.0,91.0,0.0,0.36773058795272306
nb2,4,E183::barabanki,2024-0481-IND,10.0,18.542778823824744,4.393925783141803,8.542778823824744,4.300982821609258,0.0,93.0,1.0,93.0,0.0,0.3663274039441252
nb2,4,E183::budaun,2024-0481-IND,3.0,19.18107252511338,4.393925783141803,16.18107252511338,3.313237604324567,0.0,96.0,1.0,96.0,0.0,0.3635500493836834
nb2,4,E183::chandauli,2024-0481-IND,0.0,18.52552144399095,4.393925783141803,18.52552144399095,1.004018460644384,0.0,93.0,1.0,93.0,1.0,0.36640409840396315
nb2,4,E183::deoria,2024-0481-IND,4.0,19.75204725953703,4.393925783141803,15.75204725953703,3.544835126319146,0.0,99.0,1.0,99.0,0.0,0.3611589945504093
nb2,4,E183::gonda,2024-0481-IND,10.0,19.909041394989504,4.393925783141803,9.909041394989504,4.308649199100605,0.0,99.0,1.0,99.0,0.0,0.3605162267025792
nb2,4,E183::gorakhpur,2024-0481-IND,18.0,19.601960561972234,4.393925783141803,1.6019605619722341,4.849325167835857,0.0,98.0,1.0,98.0,0.0,0.36177930546009757
nb2,4,E183::hardoi,2024-0481-IND,3.0,18.90831994464941,4.393925783141803,15.90831994464941,3.3105240100016644,0.0,95.0,1.0,95.0,0.0,0.3647229306742615
nb2,4,E183::hathras,2024-0481-IND,0.0,18.822345310738502,4.393925783141803,18.822345310738502,1.0075924914353578,0.0,94.0,1.0,94.0,1.0,0.3650968962561749
nb2,4,E183::kushinagar,2024-0481-IND,17.0,20.569426721153725,4.393925783141803,3.569426721153725,4.795583861799213,0.0,103.0,1.0,103.0,0.0,0.357878297983859
nb2,4,E183::lakhimpur%20kheri,2024-0481-IND,23.0,19.021995083329088,4.393925783141803,3.978004916670912,5.096599105063834,0.0,95.0,1.0,95.0,0.0,0.3642316299990022
nb2,4,E183::maharajganj,2024-0481-IND,0.0,18.215623066793665,4.393925783141803,18.215623066793665,1.0002261258245915,0.0,91.0,1.0,91.0,1.0,0.36779626353411743
nb2,4,E183::mainpuri,2024-0481-IND,0.0,18.89080852722696,4.393925783141803,18.89080852722696,1.008408945793351,0.0,94.0,1.0,94.0,1.0,0.36479893295740545
nb2,4,E183::pilibhit,2024-0481-IND,32.0,18.829271477375574,4.393925783141803,13.170728522624426,5.459222837756849,0.0,94.0,1.0,94.0,0.0,0.36506669270402187
nb2,4,E183::pratapgarh,2024-0481-IND,1.0,22.14775030681696,4.393925783141803,21.14775030681696,2.5346567613180455,0.0,111.0,1.0,111.0,0.0,0.3519696714413906
nb2,4,E183::prayagraj,2024-0481-IND,1.0,22.510082133250386,4.393925783141803,21.510082133250386,2.538148900838493,0.0,112.0,1.0,112.0,0.0,0.3506852635858156
nb2,4,E183::shahjahanpur,2024-0481-IND,17.0,18.59483235398536,4.393925783141803,1.5948323539853604,4.792623330111083,0.0,93.0,1.0,93.0,0.0,0.36609659331852346
nb2,4,E183::siddharthnagar,2024-0481-IND,3.0,17.263245816776504,4.393925783141803,14.263245816776504,3.2934644139503564,0.0,86.0,1.0,86.0,0.0,0.37226116715711277
nb2,4,E183::sultanpur,2024-0481-IND,1.0,22.038097811401983,4.393925783141803,21.038097811401983,2.533589314987264,0.0,110.0,1.0,110.0,0.0,0.3523634123970925
nb2,4,E183::unnao,2024-0481-IND,1.0,18.347603060626348,4.393925783141803,17.347603060626348,2.4943999015623164,0.0,92.0,1.0,92.0,0.0,0.36719988150342
nb2,4,E183::varanasi,2024-0481-IND,10.0,24.27098064544019,4.393925783141803,14.27098064544019,4.33294045516412,0.0,121.0,1.0,121.0,0.0,0.34478224655666856
poisson,4,E016::baksa,2015-0317-IND,0.0,37.19626994631274,,37.19626994631274,37.19626994631274,27.0,47.0,0.0,20.0,1.0,7.012376326797843e-17
poisson,4,E016::bongaigaon,2015-0317-IND,0.0,35.66607210589455,,35.66607210589455,35.66607210589455,26.0,46.0,0.0,20.0,1.0,3.2390801397495807e-16
poisson,4,E016::dhemaji,2015-0317-IND,6.0,46.27951399670872,,40.27951399670872,29.850568803302245,35.0,58.0,0.0,23.0,0.0,7.962738363138808e-21
poisson,4,E016::dibrugarh,2015-0317-IND,0.0,46.480970599206934,,46.480970599206934,46.480970599206934,36.0,58.0,0.0,22.0,1.0,6.509849604120805e-21
poisson,4,E016::jorhat,2015-0317-IND,1.0,48.52051569800888,,47.52051569800888,44.63852898542379,37.0,60.0,0.0,23.0,0.0,8.468524986440005e-22
poisson,4,E016::kamrup,2015-0317-IND,1.0,63.05028804781919,,62.05028804781919,58.90635541685693,50.0,76.0,0.0,26.0,0.0,4.14579495220476e-28
poisson,4,E016::karbi%20anglong,2015-0317-IND,0.0,49.535707824482394,,49.535707824482394,49.535707824482394,38.0,61.0,0.0,23.0,1.0,3.068424449978832e-22
poisson,4,E016::kokrajhar,2015-0317-IND,3.0,39.050432687009575,,36.050432687009575,29.84763028656525,29.0,50.0,0.0,21.0,0.0,1.0980258590849449e-17
poisson,4,E016::lakhimpur,2015-0317-IND,4.0,39.809686039540054,,35.809686039540054,28.251298867852455,30.0,50.0,0.0,20.0,0.0,5.138933842700855e-18
poisson,4,E016::sonitpur,2015-0317-IND,4.0,42.53135742474797,,38.53135742474797,30.70844475256598,32.0,54.0,0.0,22.0,0.0,3.379606701220622e-19
poisson,4,E016::tinsukia,2015-0317-IND,1.0,58.186558696854256,,57.186558696854256,54.122904319015845,46.0,71.0,0.0,25.0,0.0,5.3690646944264e-26
poisson,4,E017::kutch,2015-0317-IND,2.0,23.62343915819274,,21.62343915819274,17.992107531114332,16.0,32.0,0.0,16.0,0.0,5.501368418973814e-11
poisson,4,E019::chandel,2015-0317-IND,0.0,47.8335786436033,,47.8335786436033,47.8335786436033,37.0,59.0,0.0,22.0,1.0,1.683219467516327e-21
poisson,4,E019::thoubal,2015-0317-IND,0.0,32.6499456261475,,32.6499456261475,32.6499456261475,24.0,42.0,0.0,18.0,1.0,6.611633631325306e-15
poisson,4,E019::ukhrul,2015-0317-IND,2.0,55.05962731566655,,53.05962731566655,47.73594103423291,43.0,68.0,0.0,25.0,0.0,1.2243559078253082e-24
poisson,4,E020::balasore,2015-0317-IND,1.0,35.23128082583963,,34.23128082583963,31.66934647803496,26.0,45.0,0.0,19.0,0.0,5.003214781194025e-16
poisson,4,E020::bhadrak,2015-0317-IND,1.0,35.55325625653128,,34.55325625653128,31.982224507949834,26.0,46.0,0.0,20.0,0.0,3.6259097827642704e-16
poisson,4,E020::jharsuguda,2015-0317-IND,0.0,40.968733530110825,,40.968733530110825,40.968733530110825,31.0,52.0,0.0,21.0,1.0,1.6125199533503608e-18
poisson,4,E020::keonjhar,2015-0317-IND,1.0,47.111340777890724,,46.111340777890724,43.25882702500447,36.0,59.0,0.0,23.0,0.0,3.4658093187177225e-21
poisson,4,E020::mayurbhanj,2015-0317-IND,4.0,49.745459118928736,,45.745459118928736,37.2958362074867,38.0,62.0,0.0,24.0,0.0,2.487835180593114e-22
poisson,4,E023::baksa,2015-0374-IND,15.0,54.25669906392256,,39.25669906392256,22.250073400070725,42.0,67.0,0.0,25.0,0.0,2.7328449366809676e-24
poisson,4,E023::barpeta,2015-0374-IND,40.0,31.101586675491177,,8.898413324508823,3.931872934715443,22.0,41.0,1.0,19.0,0.0,3.109943710238152e-14
poisson,4,E023::bongaigaon,2015-0374-IND,71.0,32.809971496134644,,38.190028503865356,19.66968898553086,24.0,42.0,0.0,18.0,0.0,5.633916782613954e-15
poisson,4,E023::cachar,2015-0374-IND,2.0,75.71957503970161,,73.71957503970161,67.75864879213005,62.0,90.0,0.0,28.0,0.0,1.3043867788888786e-33
poisson,4,E023::goalpara,2015-0374-IND,44.0,30.69586571833221,,13.304134281667789,5.351505819434916,22.0,40.0,0.0,18.0,0.0,4.666109232269456e-14
poisson,4,E023::kamrup,2015-0374-IND,22.0,36.96618237511281,,14.966182375112808,6.017286620490225,27.0,47.0,0.0,20.0,0.0,8.826549832253903e-17
poisson,4,E023::kokrajhar,2015-0374-IND,81.0,45.56972252735501,,35.43027747264499,14.278571145400079,35.0,57.0,0.0,22.0,0.0,1.61927631860472e-20
poisson,4,E023::lakhimpur,2015-0374-IND,41.0,53.074219171721026,,12.074219171721026,4.269087829866706,41.0,65.0,1.0,24.0,0.0,8.915782850008982e-24
poisson,4,E023::nagaon,2015-0374-IND,9.0,56.455945378397814,,47.455945378397814,32.95662740276404,44.0,69.0,0.0,25.0,0.0,3.030361582176929e-25
poisson,4,E023::sonitpur,2015-0374-IND,38.0,41.0296368124729,,3.0296368124729014,2.8546385499278415,31.0,52.0,1.0,21.0,0.0,1.517242983775948e-18
poisson,4,E035::gopalganj,2016-0271-IND,5.0,38.45863453407623,,33.45863453407623,24.99821009687723,29.0,49.0,0.0,20.0,0.0,1.984390961828265e-17
poisson,4,E035::muzaffarpur,2016-0271-IND,14.0,52.977225716779955,,38.977225716779955,22.590377251072493,41.0,65.0,0.0,24.0,0.0,9.823883524127701e-24
poisson,4,E036::bahraich,2016-0271-IND,10.0,33.5692837835481,,23.5692837835481,13.53758159912963,24.0,43.0,0.0,19.0,0.0,2.636606335812389e-15
poisson,4,E036::ballia,2016-0271-IND,5.0,34.45922073838062,,29.459220738380623,21.547829394501594,25.0,44.0,0.0,19.0,0.0,1.0828058230672372e-15
poisson,4,E036::barabanki,2016-0271-IND,11.0,35.958413204724614,,24.958413204724614,14.054727149108565,26.0,46.0,0.0,20.0,0.0,2.4180182099963825e-16
poisson,4,E036::basti,2016-0271-IND,3.0,31.7620144709539,,28.7620144709539,23.17896075329927,23.0,41.0,0.0,18.0,0.0,1.6066910746385298e-14
poisson,4,E036::ghazipur,2016-0271-IND,0.0,32.25968712001049,,32.25968712001049,32.25968712001049,23.0,42.0,0.0,19.0,1.0,9.767780594544763e-15
poisson,4,E036::jalaun,2016-0271-IND,0.0,44.707354460662344,,44.707354460662344,44.707354460662344,34.0,56.0,0.0,22.0,1.0,3.83568255420488e-20
poisson,4,E036::kushinagar,2016-0271-IND,3.0,45.66060466771201,,42.66060466771201,35.98865648540198,35.0,57.0,0.0,22.0,0.0,1.478602214985924e-20
poisson,4,E036::lakhimpur%20kheri,2016-0271-IND,1.0,41.141637007173344,,40.141637007173344,37.42461633260811,31.0,52.0,0.0,21.0,0.0,1.3564821127699005e-18
poisson,4,E036::mirzapur,2016-0271-IND,0.0,34.18493380106202,,34.18493380106202,34.18493380106202,25.0,44.0,0.0,19.0,1.0,1.4245309388988235e-15
poisson,4,E036::pilibhit,2016-0271-IND,2.0,30.46993869920678,,28.46993869920678,24.3296047174574,22.0,40.0,0.0,18.0,0.0,5.848894112118725e-14
poisson,4,E036::siddharthnagar,2016-0271-IND,4.0,25.676828277481643,,21.676828277481643,15.87252626082967,18.0,34.0,0.0,16.0,0.0,7.058219600338243e-12
poisson,4,E036::varanasi,2016-0271-IND,4.0,38.04942502381039,,34.04942502381039,26.67193496166174,28.0,48.0,0.0,20.0,0.0,2.9877528721957584e-17
poisson,4,E051::barpeta,2017-0289-IND,41.0,26.517370226637976,,14.482629773362024,6.161782069217647,18.0,35.0,0.0,17.0,0.0,3.045456748104469e-12
poisson,4,E051::bongaigaon,2017-0289-IND,7.0,27.078754578969743,,20.078754578969743,12.512669744187829,19.0,36.0,0.0,17.0,0.0,1.737185955281668e-12
poisson,4,E051::cachar,2017-0289-IND,54.0,28.54270120232234,,25.45729879767766,11.887145762363296,20.0,38.0,0.0,18.0,0.0,4.018485163442553e-13
poisson,4,E051::charaideo,2017-0289-IND,0.0,26.06911975179361,,26.06911975179361,26.06911975179361,18.0,35.0,0.0,17.0,1.0,4.767878104643337e-12
poisson,4,E051::chirang,2017-0289-IND,13.0,32.65422975457662,,19.65422975457662,9.888726463459083,24.0,42.0,0.0,18.0,0.0,6.5833691313263754e-15
poisson,4,E051::darrang,2017-0289-IND,10.0,24.094154303055188,,14.094154303055188,7.3788743657810905,16.0,32.0,0.0,16.0,0.0,3.435909688528993e-11
poisson,4,E051::dhemaji,2017-0289-IND,47.0,22.820766014333667,,24.179233985666333,12.622955809039563,15.0,31.0,0.0,16.0,0.0,1.2276293054246765e-10
poisson,4,E051::dhubri,2017-0289-IND,8.0,28.325017793617803,,20.325017793617803,12.179657215493648,20.0,37.0,0.0,17.0,0.0,4.995754317956128e-13
poisson,4,E051::dibrugarh,2017-0289-IND,0.0,25.167432827734327,,25.167432827734327,25.167432827734327,17.0,34.0,0.0,17.0,1.0,1.1746887221734863e-11
poisson,4,E051::goalpara,2017-0289-IND,8.0,27.7700994636037,,19.7700994636037,11.783023302309742,19.0,37.0,0.0,18.0,0.0,8.701598507861863e-13
poisson,4,E051::golaghat,2017-0289-IND,52.0,23.857412386045684,,28.142587613954316,15.269310721476604,16.0,32.0,0.0,16.0,0.0,4.3536894580038965e-11
poisson,4,E051::jorhat,2017-0289-IND,63.0,25.771398822780718,,37.22860117721928,22.07700105457348,18.0,34.0,0.0,16.0,0.0,6.421310940189412e-12
poisson,4,E051::karbi%20anglong,2017-0289-IND,30.0,25.72440645867109,,4.2755935413289095,2.9594365403599667,18.0,34.0,1.0,16.0,0.0,6.730265931787454e-12
poisson,4,E051::karimganj,2017-0289-IND,80.0,33.23986547099724,,46.76013452900276,26.61299593454634,24.0,43.0,0.0,19.0,0.0,3.665302699626355e-15
poisson,4,E051::kokrajhar,2017-0289-IND,0.0,30.60429557391412,,30.60429557391412,30.60429557391412,22.0,40.0,0.0,18.0,1.0,5.113559453673409e-14
poisson,4,E051::lakhimpur,2017-0289-IND,72.0,23.497093660294233,,48.50290633970577,35.18035798015776,16.0,32.0,0.0,16.0,0.0,6.242260414129722e-11
poisson,4,E051::majuli,2017-0289-IND,32.0,20.493612330048524,,11.506387669951476,5.407947980313853,13.0,28.0,0.0,15.0,0.0,1.2581639892511589e-09
poisson,4,E051::morigaon,2017-0289-IND,13.0,26.93150686804309,,13.93150686804309,6.67081153786301,19.0,36.0,0.0,17.0,0.0,2.012774760373822e-12
poisson,4,E051::nagaon,2017-0289-IND,27.0,26.12291772880489,,0.8770822711951105,2.584505276219229,18.0,35.0,1.0,17.0,0.0,4.5181534749003995e-12
poisson,4,E051::nalbari,2017-0289-IND,44.0,24.028914345639723,,19.971085654360277,9.458839232450035,16.0,32.0,0.0,16.0,0.0,3.667541979397994e-11
poisson,4,E051::sivasagar,2017-0289-IND,32.0,24.569142848870957,,7.430857151129043,3.6793807101470755,17.0,33.0,1.0,16.0,0.0,2.1367653654235463e-11
poisson,4,E051::sonitpur,2017-0289-IND,44.0,24.776388317647644,,19.223611682352356,8.858450376851579,17.0,33.0,0.0,16.0,0.0,1.7368058455661307e-11
poisson,4,E051::south%20salmara,2017-0289-IND,5.0,27.78620825301734,,22.78620825301734,15.951001037855782,19.0,37.0,0.0,18.0,0.0,8.562549254355216e-13
poisson,4,E053::araria,2017-0342-IND,225.0,24.752557571382056,,200.24744242861794,299.9935226958093,17.0,33.0,0.0,16.0,0.0,1.7786923358706234e-11
poisson,4,E053::darbhanga,2017-0342-IND,137.0,26.87770933769783,,110.12229066230216,116.3869041750003,19.0,36.0,0.0,17.0,0.0,2.1240226735045968e-12
poisson,4,E053::east%20champaran,2017-0342-IND,124.0,26.30994387699719,,97.69005612300282,97.88118609317343,18.0,35.0,0.0,17.0,0.0,3.747456109299975e-12
poisson,4,E053::gopalganj,2017-0342-IND,94.0,31.810400552480672,,62.18959944751933,42.85101254675354,23.0,41.0,0.0,18.0,0.0,1.5308004207657835e-14
poisson,4,E053::katihar,2017-0342-IND,224.0,24.22490798040887,,199.77509201959114,302.0853327108252,16.0,33.0,0.0,17.0,0.0,3.014783567993318e-11
poisson,4,E053::khagaria,2017-0342-IND,61.0,26.266855737208697,,34.7331442627913,19.639120741552727,18.0,35.0,0.0,17.0,0.0,3.9124562696590195e-12
poisson,4,E053::kishanganj,2017-0342-IND,140.0,29.568650658468517,,110.43134934153149,110.64888670569779,21.0,39.0,0.0,18.0,0.0,1.4404499793786945e-13
poisson,4,E053::madhepura,2017-0342-IND,113.0,26.293849073776506,,86.7061509262235,81.33718338914278,18.0,35.0,0.0,17.0,0.0,3.808258668033833e-12
poisson,4,E053::madhubani,2017-0342-IND,135.0,28.88918652679176,,106.11081347320824,105.40538169686833,20.0,38.0,0.0,18.0,0.0,2.8417489273707244e-13
poisson,4,E053::muzaffarpur,2017-0342-IND,72.0,29.945674779494652,,42.05432522050535,24.168351582755975,21.0,39.0,0.0,18.0,0.0,9.880039625422105e-14
poisson,4,E053::nalanda,2017-0342-IND,3.0,27.678448218517094,,24.678448218517094,19.508245484620524,19.0,37.0,0.0,18.0,0.0,9.536799914014737e-13
poisson,4,E053::patna,2017-0342-IND,38.0,32.06063795255462,,5.939362047445378,3.258932830822353,23.0,42.0,1.0,19.0,0.0,1.1919055743570961e-14
poisson,4,E053::purnea,2017-0342-IND,135.0,24.95672210499569,,110.04327789500431,121.2266771904265,17.0,33.0,0.0,16.0,0.0,1.4502180405762198e-11
poisson,4,E053::saharsa,2017-0342-IND,96.0,26.16428104547229,,69.8357189545277,58.16175258192156,18.0,35.0,0.0,17.0,0.0,4.335080025808615e-12
poisson,4,E053::samastipur,2017-0342-IND,30.0,31.480510286492745,,1.4805102864927449,2.6576876368929305,23.0,41.0,1.0,18.0,0.0,2.1290609531047487e-14
poisson,4,E053::saran,2017-0342-IND,38.0,32.37282843912542,,5.627171560874579,3.2028882374730685,23.0,42.0,1.0,19.0,0.0,8.722866890950683e-15
poisson,4,E053::sheohar,2017-0342-IND,82.0,26.33877060076614,,55.66122939923386,40.58761756678487,18.0,35.0,0.0,17.0,0.0,3.640971403585838e-12
poisson,4,E053::sitamarhi,2017-0342-IND,147.0,27.738582303525973,,119.26141769647403,129.29172114974858,19.0,37.0,0.0,18.0,0.0,8.980215729872199e-13
poisson,4,E053::siwan,2017-0342-IND,1.0,37.47924773426705,,36.47924773426705,33.8554603482224,28.0,48.0,0.0,20.0,0.0,5.2840816911216666e-17
poisson,4,E053::supaul,2017-0342-IND,78.0,26.775069700656967,,51.22493029934303,35.27396437590376,19.0,36.0,0.0,17.0,0.0,2.3536125786288567e-12
poisson,4,E053::west%20champaran,2017-0342-IND,159.0,26.825982201693787,,132.1740177983062,154.2256915191658,19.0,36.0,0.0,17.0,0.0,2.2367835398461885e-12
poisson,4,E054::ayodhya,2017-0342-IND,31.0,38.693746396021,,7.693746396020998,3.459952099863429,29.0,49.0,1.0,20.0,0.0,1.5686261692996964e-17
poisson,4,E054::azamgarh,2017-0342-IND,0.0,32.32617506635722,,32.32617506635722,32.32617506635722,23.0,42.0,0.0,19.0,1.0,9.13946023575743e-15
poisson,4,E054::bahraich,2017-0342-IND,8.0,29.538673882552587,,21.538673882552587,13.057673714637033,21.0,39.0,0.0,18.0,0.0,1.484283740653366e-13
poisson,4,E054::balrampur,2017-0342-IND,7.0,26.478776905446416,,19.478776905446416,12.069533482097025,18.0,35.0,0.0,17.0,0.0,3.165288518363895e-12
poisson,4,E054::barabanki,2017-0342-IND,1.0,35.51007857857403,,34.51007857857403,31.940262018763864,26.0,46.0,0.0,20.0,0.0,3.785897236268638e-16
poisson,4,E054::basti,2017-0342-IND,0.0,33.46465764391778,,33.46465764391778,33.46465764391778,24.0,43.0,0.0,19.0,1.0,2.927411984581144e-15
poisson,4,E054::ghazipur,2017-0342-IND,0.0,41.607250946952185,,41.607250946952185,41.607250946952185,31.0,52.0,0.0,21.0,1.0,8.515310852731502e-19
poisson,4,E054::gonda,2017-0342-IND,8.0,33.90404191987172,,25.904041919871723,16.320370918987578,25.0,44.0,0.0,19.0,0.0,1.8865211564930994e-15
poisson,4,E054::gorakhpur,2017-0342-IND,6.0,29.479195823499587,,23.479195823499587,15.756338306101677,21.0,39.0,0.0,18.0,0.0,1.5752443221523198e-13
poisson,4,E054::maharajganj,2017-0342-IND,3.0,26.080101629560943,,23.080101629560943,18.08834319711944,18.0,35.0,0.0,17.0,0.0,4.715804307474026e-12
poisson,4,E054::shrawasti,2017-0342-IND,9.0,27.24691472445531,,18.24691472445531,10.304279562331608,19.0,36.0,0.0,17.0,0.0,1.4683016481478308e-12
poisson,4,E054::siddharthnagar,2017-0342-IND,8.0,24.437519969884928,,16.437519969884928,9.473165633212238,17.0,33.0,0.0,16.0,0.0,2.437361381268511e-11
poisson,4,E054::sitapur,2017-0342-IND,2.0,38.61243478218905,,36.61243478218905,31.998433224329702,29.0,49.0,0.0,20.0,0.0,1.701502694754299e-17
poisson,4,E055::bankura,2017-0342-IND,1.0,27.273872705636308,,26.273872705636308,23.967943505453754,19.0,36.0,0.0,17.0,0.0,1.4292479692234198e-12
poisson,4,E055::birbhum,2017-0342-IND,1.0,28.664847384790292,,27.664847384790292,25.309175842540043,20.0,38.0,0.0,18.0,0.0,3.5564356597301946e-13
poisson,4,E055::cooch%20behar,2017-0342-IND,56.0,25.99805781501173,,30.00194218498827,15.901632148886488,18.0,35.0,0.0,17.0,0.0,5.1190214662713904e-12
poisson,4,E055::dakshin%20dinajpur,2017-0342-IND,19.0,23.61855481294952,,4.618554812949519,2.8798191439681844,16.0,32.0,1.0,16.0,0.0,5.528304731215283e-11
poisson,4,E055::hooghly,2017-0342-IND,2.0,39.050365054088864,,37.050365054088864,32.4138077854125,29.0,50.0,0.0,21.0,0.0,1.0981001242921691e-17
poisson,4,E055::howrah,2017-0342-IND,2.0,47.87260225765736,,45.87260225765736,40.82866271250606,37.0,60.0,0.0,23.0,0.0,1.6187992896675158e-21
poisson,4,E055::jalpaiguri,2017-0342-IND,95.0,31.87404342725268,,63.12595657274732,43.81886297227886,23.0,41.0,0.0,18.0,0.0,1.4364113350996686e-14
poisson,4,E055::malda,2017-0342-IND,97.0,27.621149434903632,,69.37885056509637,55.67283645004281,19.0,37.0,0.0,18.0,0.0,1.0099205667972103e-12
poisson,4,E055::murshidabad,2017-0342-IND,3.0,32.479164606340206,,29.479164606340206,23.82912769142458,23.0,42.0,0.0,19.0,0.0,7.842924506311569e-15
poisson,4,E055::uttar%20dinajpur,2017-0342-IND,25.0,25.545109238567782,,0.5451092385677825,2.5375674842339038,18.0,34.0,1.0,16.0,0.0,8.051930508183965e-12
poisson,4,E057::mumbai%20city,2017-0364-IND,672.0,77.39868007188507,,594.6013199281149,861.9588199932502,63.0,92.0,0.0,29.0,0.0,2.433214176954751e-34
poisson,4,E057::mumbai%20suburban,2017-0364-IND,2.0,81.72714236306412,,79.72714236306412,73.61351721050546,67.0,97.0,0.0,30.0,0.0,3.208876849266644e-36
poisson,4,E057::thane,2017-0364-IND,55.0,54.15346989501088,,0.846530104989121,2.930702554337863,42.0,67.0,1.0,25.0,0.0,3.0300294436376236e-24
poisson,4,E061::biswanath,2018-0205-IND,13.0,23.260253017531074,,10.260253017531074,4.904718547901041,16.0,31.0,0.0,15.0,0.0,7.910436830926363e-11
poisson,4,E061::cachar,2018-0205-IND,70.0,25.557924368172255,,44.44207563182775,29.130648536827156,18.0,34.0,0.0,16.0,0.0,7.949402334232727e-12
poisson,4,E061::golaghat,2018-0205-IND,2.0,25.970433765809414,,23.970433765809414,20.149663490153895,18.0,35.0,0.0,17.0,0.0,5.26240080865454e-12
poisson,4,E061::hailakandi,2018-0205-IND,68.0,27.53462185498265,,40.465378145017354,24.040858796890436,19.0,36.0,0.0,17.0,0.0,1.1011986418463709e-12
poisson,4,E061::hojai,2018-0205-IND,31.0,24.212106133332302,,6.787893866667698,3.511894079493974,16.0,33.0,1.0,17.0,0.0,3.053626466134063e-11
poisson,4,E061::karimganj,2018-0205-IND,72.0,27.58342496548645,,44.41657503451355,27.72233110047086,19.0,36.0,0.0,17.0,0.0,1.0487470337646008e-12
poisson,4,E061::nagaon,2018-0205-IND,1.0,25.43473936657369,,24.43473936657369,22.198623435390044,17.0,34.0,0.0,17.0,0.0,8.991518547071594e-12
poisson,4,E061::west%20karbi%20anglong,2018-0205-IND,4.0,31.629599288725352,,27.629599288725352,20.991279644961196,23.0,41.0,0.0,18.0,0.0,1.834169908450748e-14
poisson,4,E122::darbhanga,2021-0316-IND,0.0,22.56149189158308,,22.56149189158308,22.56149189158308,15.0,31.0,0.0,16.0,1.0,1.590994095812701e-10
poisson,4,E122::gopalganj,2021-0316-IND,1.0,28.16871996884942,,27.16871996884942,24.830507827509006,20.0,37.0,0.0,17.0,0.0,5.840907859039389e-13
poisson,4,E122::madhubani,2021-0316-IND,0.0,29.17347719208639,,29.17347719208639,29.17347719208639,21.0,38.0,0.0,17.0,1.0,2.1385521119266512e-13
poisson,4,E122::muzaffarpur,2021-0316-IND,1.0,30.089466272993203,,29.089466272993203,26.68529112019573,21.0,39.0,0.0,18.0,0.0,8.556789222186702e-14
poisson,4,E122::west%20champaran,2021-0316-IND,0.0,27.978884473305392,,27.978884473305392,27.978884473305392,20.0,37.0,0.0,17.0,1.0,7.061953660091971e-13
poisson,4,E124::surat,2021-0316-IND,0.0,34.19163791776792,,34.19163791776792,34.19163791776792,25.0,44.0,0.0,19.0,1.0,1.4150126587139256e-15
poisson,4,E124::valsad,2021-0316-IND,0.0,41.464984107200856,,41.464984107200856,41.464984107200856,31.0,52.0,0.0,21.0,1.0,9.817167705004186e-19
poisson,4,E125::bagalkot,2021-0316-IND,0.0,19.90386036571857,,19.90386036571857,19.90386036571857,13.0,28.0,0.0,15.0,1.0,2.269150361242797e-09
poisson,4,E125::belagavi,2021-0316-IND,0.0,25.389216172428718,,25.389216172428718,25.389216172428718,17.0,34.0,0.0,17.0,1.0,9.410301029797853e-12
poisson,4,E125::chikkamagaluru,2021-0316-IND,0.0,26.157768286957815,,26.157768286957815,26.157768286957815,18.0,35.0,0.0,17.0,1.0,4.363405493502008e-12
poisson,4,E125::dharwad,2021-0316-IND,0.0,23.170940388635216,,23.170940388635216,23.170940388635216,16.0,31.0,0.0,15.0,1.0,8.649449128066838e-11
poisson,4,E125::gadag,2021-0316-IND,0.0,17.030046130641164,,17.030046130641164,17.030046130641164,11.0,24.0,0.0,13.0,1.0,4.0173987389097765e-08
poisson,4,E125::kodagu,2021-0316-IND,0.0,36.00630774095586,,36.00630774095586,36.00630774095586,26.0,46.0,0.0,20.0,1.0,2.304937928338877e-16
poisson,4,E126::idukki,2021-0316-IND,0.0,41.01831597777685,,41.01831597777685,41.01831597777685,31.0,52.0,0.0,21.0,1.0,1.5345170346378493e-18
poisson,4,E126::kottayam,2021-0316-IND,1.0,30.972829156148585,,29.972829156148585,27.539718814829516,22.0,40.0,0.0,18.0,0.0,3.537294416374428e-14
poisson,4,E127::kolhapur,2021-0316-IND,0.0,48.2785198589577,,48.2785198589577,48.2785198589577,37.0,60.0,0.0,23.0,1.0,1.0787113064727343e-21
poisson,4,E127::pune,2021-0316-IND,0.0,35.31291771924714,,35.31291771924714,35.31291771924714,26.0,45.0,0.0,19.0,1.0,4.610995460163907e-16
poisson,4,E127::raigad,2021-0316-IND,10.0,32.60902878727446,,22.60902878727446,12.867549293428922,24.0,42.0,0.0,18.0,0.0,6.8877716012251665e-15
poisson,4,E127::ratnagiri,2021-0316-IND,3.0,35.37055047759354,,32.37055047759354,26.464671247321256,26.0,45.0,0.0,19.0,0.0,4.352763846322701e-16
poisson,4,E127::satara,2021-0316-IND,0.0,35.26888868430163,,35.26888868430163,35.26888868430163,26.0,45.0,0.0,19.0,1.0,4.81854879861274e-16
poisson,4,E127::sindhudurg,2021-0316-IND,3.0,35.351071843031455,,32.351071843031455,26.446845173977266,26.0,45.0,0.0,19.0,0.0,4.4383808871141334e-16
poisson,4,E127::thane,2021-0316-IND,9.0,42.0199621802621,,33.0199621802621,21.178486501967754,32.0,53.0,0.0,21.0,0.0,5.63588723935589e-19
poisson,4,E129::ayodhya,2021-0316-IND,0.0,34.25526705423983,,34.25526705423983,34.25526705423983,25.0,44.0,0.0,19.0,1.0,1.3277812826238677e-15
poisson,4,E129::barabanki,2021-0316-IND,1.0,27.60547690339766,,26.60547690339766,24.287462711831974,19.0,37.0,0.0,18.0,0.0,1.0258732617210703e-12
poisson,4,E130::bageshwar,2021-0316-IND,0.0,28.120589417726958,,28.120589417726958,28.120589417726958,20.0,37.0,0.0,17.0,1.0,6.128909209907975e-13
poisson,4,E130::chamoli,2021-0316-IND,14.0,19.41050042632715,,5.41050042632715,3.0803231068396073,12.0,27.0,1.0,15.0,0.0,3.716436988897243e-09
poisson,4,E130::pithoragarh,2021-0316-IND,0.0,24.75843089702016,,24.75843089702016,24.75843089702016,17.0,33.0,0.0,16.0,1.0,1.768276115442409e-11
poisson,4,E131::jalpaiguri,2021-0316-IND,1.0,28.691325605927965,,27.691325605927965,25.33473077254311,20.0,38.0,0.0,18.0,0.0,3.463503340596219e-13
poisson,4,E143::alappuzha,2021-0677-IND,63.0,28.36259977263115,,34.63740022736885,18.63241999638459,20.0,37.0,0.0,17.0,0.0,4.811488214135125e-13
poisson,4,E143::idukki,2021-0677-IND,213.0,40.747850687664325,,172.2521493123357,183.62619872122383,31.0,52.0,0.0,21.0,0.0,2.0110982909077683e-18
poisson,4,E143::kollam,2021-0677-IND,31.0,45.11027608718211,,14.110276087182108,5.12008741743994,34.0,56.0,0.0,22.0,0.0,2.5636339731827205e-20
poisson,4,E143::kottayam,2021-0677-IND,249.0,27.706646082157082,,221.29335391784292,329.13401047575024,19.0,37.0,0.0,18.0,0.0,9.271638591234355e-13
poisson,4,E143::pathanamthitta,2021-0677-IND,97.0,37.02851748356559,,59.97148251643441,36.64886474269726,27.0,47.0,0.0,20.0,0.0,8.29314356853189e-17
poisson,4,E143::thiruvananthapuram,2021-0677-IND,18.0,50.917988209086,,32.917988209086,16.569540664158417,39.0,63.0,0.0,24.0,0.0,7.701914465023115e-23
poisson,4,E146::anantapur,2021-0748-IND,60.0,24.74629294327903,,35.25370705672097,20.853924503330035,17.0,33.0,0.0,16.0,0.0,1.7898701577564753e-11
poisson,4,E146::chittoor,2021-0748-IND,98.0,24.318192015251743,,73.68180798474826,66.11725567476869,17.0,33.0,0.0,16.0,0.0,2.74627104450122e-11
poisson,4,E146::nellore,2021-0748-IND,93.0,16.37890827266435,,76.62109172733565,88.0693138345533,10.0,23.0,0.0,13.0,0.0,7.704252670630405e-08
poisson,4,E146::ysr%20kadapa,2021-0748-IND,137.0,23.549196567825753,,113.45080343217424,131.1705572443773,16.0,32.0,0.0,16.0,0.0,5.925348211150513e-11
poisson,4,E160::baksa,2023-0330-IND,142.0,16.26798441005807,,125.73201558994194,185.32660328398228,10.0,23.0,0.0,13.0,0.0,8.608037276808372e-08
poisson,4,E160::barpeta,2023-0330-IND,145.0,14.057594082730388,,130.9424059172696,210.83326753886385,8.0,20.0,0.0,12.0,0.0,7.849906086565648e-07
poisson,4,E160::lakhimpur,2023-0330-IND,163.0,14.899288955517644,,148.10071104448235,245.3327975822665,9.0,22.0,0.0,13.0,0.0,3.383148197733164e-07
poisson,4,E160::nalbari,2023-0330-IND,205.0,13.911084997433829,,191.08891500256618,364.0083498972418,8.0,20.0,0.0,12.0,0.0,9.088507047711638e-07
poisson,4,E161::mangan,2023-0330-IND,0.0,12.32181449709119,,12.32181449709119,12.32181449709119,7.0,18.0,0.0,11.0,1.0,4.453525638798917e-06
poisson,4,E179::kanyakumari,2023-0846-IND,185.0,35.2474553359652,,149.75254466403482,160.5000824148613,26.0,45.0,0.0,19.0,0.0,4.922941176229192e-16
poisson,4,E179::thoothukudi,2023-0846-IND,307.0,29.24235445555113,,277.75764554444885,447.85247372951113,21.0,38.0,0.0,17.0,0.0,1.996212735998474e-13
poisson,4,E179::tirunelveli,2023-0846-IND,296.0,22.631899745426065,,273.36810025457396,491.4120183684329,15.0,31.0,0.0,16.0,0.0,1.4828281619311728e-10
poisson,4,E182::barpeta,2024-0481-IND,41.0,14.021783367303069,,26.97821663269693,19.790900066420473,8.0,20.0,0.0,12.0,0.0,8.136110853014739e-07
poisson,4,E182::biswanath,2024-0481-IND,31.0,16.06582045500093,,14.934179544999068,8.080528079325092,10.0,23.0,0.0,13.0,0.0,1.0536656671505295e-07
poisson,4,E182::cachar,2024-0481-IND,101.0,16.9647372656125,,84.0352627343875,99.3744052999884,11.0,24.0,0.0,13.0,0.0,4.2885276904687137e-08
poisson,4,E182::chirang,2024-0481-IND,36.0,16.51236285586806,,19.48763714413194,11.284120281756639,10.0,23.0,0.0,13.0,0.0,6.741738895974922e-08
poisson,4,E182::darrang,2024-0481-IND,60.0,13.21003850119379,,46.78996149880621,46.97958994011941,8.0,19.0,0.0,11.0,0.0,1.8321168679574705e-06
poisson,4,E182::dhemaji,2024-0481-IND,84.0,17.246064162887453,,66.75393583711255,69.37296220737505,11.0,24.0,0.0,13.0,0.0,3.2369016165081807e-08
poisson,4,E182::dhubri,2024-0481-IND,98.0,14.95937914213674,,83.04062085786326,104.3752945534532,9.0,22.0,0.0,13.0,0.0,3.1858416512404523e-07
poisson,4,E182::dibrugarh,2024-0481-IND,76.0,17.734428602724932,,58.26557139727507,55.416966102367894,11.0,25.0,0.0,14.0,0.0,1.9862573538234705e-08
poisson,4,E182::goalpara,2024-0481-IND,79.0,14.19672849460099,,64.80327150539901,73.89991366720164,8.0,21.0,0.0,13.0,0.0,6.830290163514164e-07
poisson,4,E182::golaghat,2024-0481-IND,78.0,13.913871811294324,,64.08612818870567,73.47038907657115,8.0,20.0,0.0,12.0,0.0,9.063214329717699e-07
poisson,4,E182::hailakandi,2024-0481-IND,31.0,19.07003757723941,,11.929962422760589,5.770591037450693,12.0,27.0,0.0,15.0,0.0,5.223816472260405e-09
poisson,4,E182::jorhat,2024-0481-IND,49.0,15.420950777045862,,33.57904922295414,25.93607050195051,9.0,22.0,0.0,13.0,0.0,2.0080113895749155e-07
poisson,4,E182::kamrup,2024-0481-IND,58.0,13.535536920631326,,44.46446307936867,42.883350040896346,8.0,20.0,0.0,12.0,0.0,1.3230949315665045e-06
poisson,4,E182::kamrup%20metropolitan,2024-0481-IND,32.0,19.100820172263735,,12.899179827736265,6.267378825599106,12.0,27.0,0.0,15.0,0.0,5.0654636053798585e-09
poisson,4,E182::karimganj,2024-0481-IND,71.0,20.45922750727896,,50.54077249272104,40.85213669675357,13.0,28.0,0.0,15.0,0.0,1.3021781073981683e-09
poisson,4,E182::majuli,2024-0481-IND,53.0,11.932222876481786,,41.06777712351821,40.86349618875552,7.0,18.0,0.0,11.0,0.0,6.5750861555421526e-06
poisson,4,E182::morigaon,2024-0481-IND,56.0,13.304704745606431,,42.69529525439357,40.72290995970759,8.0,20.0,0.0,12.0,0.0,1.666633647980162e-06
poisson,4,E182::nagaon,2024-0481-IND,86.0,14.464644119492377,,71.53535588050762,84.9187619344972,9.0,21.0,0.0,12.0,0.0,5.224982933166605e-07
poisson,4,E182::nalbari,2024-0481-IND,47.0,12.452857381524908,,34.54714261847509,30.723925077559187,7.0,19.0,0.0,12.0,0.0,3.9065443155276055e-06
poisson,4,E182::sivasagar,2024-0481-IND,71.0,14.414932160315823,,56.58506783968418,59.66986723577437,8.0,21.0,0.0,13.0,0.0,5.491291592722635e-07
poisson,4,E182::south%20salmara,2024-0481-IND,38.0,15.60754586533016,,22.39245413466984,14.161073228212238,9.0,22.0,0.0,13.0,0.0,1.666206999836685e-07
poisson,4,E183::auraiya,2024-0481-IND,0.0,14.09913679334999,,14.09913679334999,14.09913679334999,8.0,21.0,0.0,13.0,1.0,7.530480548280977e-07
poisson,4,E183::ayodhya,2024-0481-IND,3.0,16.51012841775061,,13.510128417750611,9.889965778733522,10.0,23.0,0.0,13.0,0.0,6.756819736670088e-08
poisson,4,E183::ballia,2024-0481-IND,13.0,17.644117049059705,,4.644117049059705,2.881049492225067,11.0,25.0,1.0,14.0,0.0,2.173988926093183e-08
poisson,4,E183::balrampur,2024-0481-IND,22.0,13.618652727099727,,8.381347272900273,4.638145782439215,8.0,20.0,0.0,12.0,0.0,1.2175709273944146e-06
poisson,4,E183::barabanki,2024-0481-IND,10.0,14.194339698098421,,4.194339698098421,2.7703195478735356,8.0,21.0,1.0,13.0,0.0,6.846625840303999e-07
poisson,4,E183::budaun,2024-0481-IND,3.0,15.074412661796083,,12.074412661796083,8.727175788686058,9.0,22.0,0.0,13.0,0.0,2.8396562018601443e-07
poisson,4,E183::chandauli,2024-0481-IND,0.0,13.946124535794272,,13.946124535794272,13.946124535794272,8.0,20.0,0.0,12.0,1.0,8.775564652667658e-07
poisson,4,E183::deoria,2024-0481-IND,4.0,15.743740676484872,,11.743740676484872,7.89602303117525,10.0,23.0,0.0,13.0,0.0,1.4540532106301472e-07
poisson,4,E183::gonda,2024-0481-IND,10.0,16.0037640920066,,6.003764092006602,3.3799371618631238,10.0,23.0,1.0,13.0,0.0,1.1211237818935149e-07
poisson,4,E183::gorakhpur,2024-0481-IND,18.0,15.721303949262786,,2.2786960507372136,2.526447981522349,10.0,23.0,1.0,13.0,0.0,1.4870461485975343e-07
poisson,4,E183::hardoi,2024-0481-IND,3.0,14.768206841961323,,11.768206841961323,8.482536259927226,9.0,21.0,0.0,12.0,0.0,3.856996643527845e-07
poisson,4,E183::hathras,2024-0481-IND,0.0,14.220875407449185,,14.220875407449185,14.220875407449185,8.0,21.0,0.0,13.0,1.0,6.667335090995448e-07
poisson,4,E183::kushinagar,2024-0481-IND,17.0,16.917034168065896,,0.08296583193410356,2.340649713148906,10.0,24.0,1.0,14.0,0.0,4.4980617235508496e-08
poisson,4,E183::lakhimpur%20kheri,2024-0481-IND,23.0,14.908050635523134,,8.091949364476866,4.370994505955759,9.0,22.0,0.0,13.0,0.0,3.3536356145178313e-07
poisson,4,E183::maharajganj,2024-0481-IND,0.0,13.696058620832074,,13.696058620832074,13.696058620832074,8.0,20.0,0.0,12.0,1.0,1.1268790817252855e-06
poisson,4,E183::mainpuri,2024-0481-IND,0.0,14.38699826498754,,14.38699826498754,14.38699826498754,8.0,21.0,0.0,13.0,1.0,5.646847280531752e-07
poisson,4,E183::pilibhit,2024-0481-IND,32.0,14.34655603263503,,17.65344396736497,10.672198187124929,8.0,21.0,0.0,13.0,0.0,5.879899196571061e-07
poisson,4,E183::pratapgarh,2024-0481-IND,1.0,19.069742563207747,,18.069742563207747,16.121639643256138,12.0,27.0,0.0,15.0,0.0,5.225357798763855e-09
poisson,4,E183::prayagraj,2024-0481-IND,1.0,19.97574016599378,,18.97574016599378,16.981221620409986,13.0,28.0,0.0,15.0,0.0,2.111768337095747e-09
poisson,4,E183::shahjahanpur,2024-0481-IND,17.0,14.22446152998495,,2.77553847001505,2.595161846344652,8.0,21.0,1.0,13.0,0.0,6.643468031050971e-07
poisson,4,E183::siddharthnagar,2024-0481-IND,3.0,12.505985391101301,,9.505985391101301,6.719122777349634,7.0,19.0,0.0,12.0,0.0,3.7044143158629622e-06
poisson,4,E183::sultanpur,2024-0481-IND,1.0,19.012952148940336,,18.012952148940336,16.06783170997089,12.0,26.0,0.0,14.0,0.0,5.530696118579394e-09
poisson,4,E183::unnao,2024-0481-IND,1.0,13.92555501669978,,12.92555501669978,11.29182937410803,8.0,20.0,0.0,12.0,0.0,8.957943085289801e-07
poisson,4,E183::varanasi,2024-0481-IND,10.0,22.304253990947334,,12.304253990947334,6.360892342030651,15.0,30.0,0.0,15.0,0.0,2.057716636164067e-10
