event_district_id,event_id,state,district,start_date,year,aoi_status,aoi_error,aoi_area_km2,eligible_km2,utm_epsg,grid_tiles,grid_blocks,s1_pre_images,s1_post_images,sr_pre_images,sr_post_images,sr_baseline_candidates,sr_baseline_months,sr_post_seen_frac,sr_pre_seen_frac,sr_optical_observed_frac,sr_status,sr_reason,sr_kept_tiles,sr_kept_km2,sr_usable_km2,sr_usable_frac,sr_new_water_c_km2,sr_fine_scale_m,sr_error,l1c_pre_images,l1c_post_images,l1c_baseline_candidates,l1c_baseline_months,l1c_post_seen_frac,l1c_pre_seen_frac,l1c_optical_observed_frac,l1c_status,l1c_reason,l1c_kept_tiles,l1c_kept_km2,l1c_usable_km2,l1c_usable_frac,l1c_new_water_c_km2,l1c_fine_scale_m,l1c_error,probe_version,spec_version,elapsed_s
E001::district_missing,E001,Jammu and Kashmir,district_missing,2015-03-20,2015,unresolved,,,,,,,,,,,,,,,,,,,,,,,,,,,,,,,,,,,,,,,,,feas-1,fs1-7f9da549b693,0.0
E002::virudhunagar,E002,Tamil Nadu,Virudhunagar,2015-05-17,2015,matched,,4306.978,4022.018,EPSG:32643,18870.0,84.0,0.0,1.0,0.0,0.0,0.0,,0.0,0.0,0.0,unavailable,no_post_imagery,,,,,,,,0.0,0.0,0.0,,0.0,0.0,0.0,unavailable,no_post_imagery,,,,,,,,feas-1,fs1-7f9da549b693,9.8
E002::virudunagar,E002,Tamil Nadu,Virudunagar,2015-05-17,2015,failed,district AOI match failed for Tamil Nadu/Virudunagar: 0 exact candidates,,,,,,,,,,,,,,,,,,,,,,,,,,,,,,,,,,,,,,,,feas-1,fs1-7f9da549b693,2.2
E003::amreli,E003,Gujarat,Amreli,2015-06-19,2015,matched,,7335.055,6967.256,EPSG:32642,31800.0,140.0,0.0,0.0,0.0,0.0,0.0,,0.0,0.0,0.0,unavailable,no_post_imagery,,,,,,,,0.0,0.0,0.0,,0.0,0.0,0.0,unavailable,no_post_imagery,,,,,,,,feas-1,fs1-7f9da549b693,11.0
E003::morbi,E003,Gujarat,Morbi,2015-06-19,2015,failed,district AOI match failed for Gujarat/Morbi: 0 exact candidates,,,,,,,,,,,,,,,,,,,,,,,,,,,,,,,,,,,,,,,,feas-1,fs1-7f9da549b693,5.9
E003::rajkot,E003,Gujarat,Rajkot,2015-06-19,2015,matched,,11175.752,10973.558,EPSG:32642,67782.0,270.0,0.0,0.0,0.0,0.0,0.0,,0.0,0.0,0.0,unavailable,no_post_imagery,,,,,,,,0.0,0.0,0.0,,0.0,0.0,0.0,unavailable,no_post_imagery,,,,,,,,feas-1,fs1-7f9da549b693,15.9
E003::surat,E003,Gujarat,Surat,2015-06-19,2015,matched,,7486.822,6309.155,EPSG:32643,36942.0,162.0,0.0,0.0,0.0,0.0,0.0,,0.0,0.0,0.0,unavailable,no_post_imagery,,,,,,,,0.0,0.0,0.0,,0.0,0.0,0.0,unavailable,no_post_imagery,,,,,,,,feas-1,fs1-7f9da549b693,10.4
E003::tapi,E003,Gujarat,Tapi,2015-06-19,2015,failed,district AOI match failed for Gujarat/Tapi: 0 exact candidates,,,,,,,,,,,,,,,,,,,,,,,,,,,,,,,,,,,,,,,,feas-1,fs1-7f9da549b693,4.9
E004::district_missing,E004,Maharashtra,district_missing,2015-06-19,2015,unresolved,,,,,,,,,,,,,,,,,,,,,,,,,,,,,,,,,,,,,,,,,feas-1,fs1-7f9da549b693,0.0
E005::darjiling,E005,West Bengal,Darjiling,2015-06-23,2015,matched,,3142.007,930.273,EPSG:32645,18760.0,81.0,12.0,4.0,0.0,0.0,0.0,,0.0,0.0,0.0,unavailable,no_post_imagery,,,,,,,,0.0,0.0,0.0,,0.0,0.0,0.0,unavailable,no_post_imagery,,,,,,,,feas-1,fs1-7f9da549b693,10.2
E008::district_missing,E008,Himachal Pradesh,district_missing,2015-07-07,2015,unresolved,,,,,,,,,,,,,,,,,,,,,,,,,,,,,,,,,,,,,,,,,feas-1,fs1-7f9da549b693,0.0
E009::district_missing,E009,Jammu and Kashmir,district_missing,2015-07-07,2015,unresolved,,,,,,,,,,,,,,,,,,,,,,,,,,,,,,,,,,,,,,,,,feas-1,fs1-7f9da549b693,0.0
E010::district_missing,E010,Punjab,district_missing,2015-07-07,2015,unresolved,,,,,,,,,,,,,,,,,,,,,,,,,,,,,,,,,,,,,,,,,feas-1,fs1-7f9da549b693,0.0
E012::district_missing,E012,Uttar Pradesh,district_missing,2015-07-07,2015,unresolved,,,,,,,,,,,,,,,,,,,,,,,,,,,,,,,,,,,,,,,,,feas-1,fs1-7f9da549b693,0.0
E013::district_missing,E013,Uttarakhand,district_missing,2015-07-07,2015,unresolved,,,,,,,,,,,,,,,,,,,,,,,,,,,,,,,,,,,,,,,,,feas-1,fs1-7f9da549b693,0.0
E014::district_missing,E014,Arunachal Pradesh,district_missing,2015-07-14,2015,unresolved,,,,,,,,,,,,,,,,,,,,,,,,,,,,,,,,,,,,,,,,,feas-1,fs1-7f9da549b693,0.0
E015::dhemaji,E015,Assam,Dhemaji,2015-07-14,2015,matched,,2503.348,2349.83,EPSG:32646,20291.0,91.0,3.0,1.0,0.0,0.0,0.0,,0.0,0.0,0.0,unavailable,no_post_imagery,,,,,,,,0.0,0.0,0.0,,0.0,0.0,0.0,unavailable,no_post_imagery,,,,,,,,feas-1,fs1-7f9da549b693,13.7
E015::kokrajhar,E015,Assam,Kokrajhar,2015-07-14,2015,matched,,3329.223,3208.461,EPSG:32646,14070.0,63.0,11.0,2.0,0.0,0.0,0.0,,0.0,0.0,0.0,unavailable,no_post_imagery,,,,,,,,0.0,0.0,0.0,,0.0,0.0,0.0,unavailable,no_post_imagery,,,,,,,,feas-1,fs1-7f9da549b693,12.2
E015::lakhimpur,E015,Assam,Lakhimpur,2015-07-14,2015,matched,,2886.524,2724.618,EPSG:32646,16940.0,72.0,6.0,1.0,0.0,0.0,0.0,,0.0,0.0,0.0,unavailable,no_post_imagery,,,,,,,,0.0,0.0,0.0,,0.0,0.0,0.0,unavailable,no_post_imagery,,,,,,,,feas-1,fs1-7f9da549b693,11.9
E015::sonitpur,E015,Assam,Sonitpur,2015-07-14,2015,matched,,4676.158,4405.448,EPSG:32646,19608.0,90.0,4.0,1.0,0.0,0.0,0.0,,0.0,0.0,0.0,unavailable,no_post_imagery,,,,,,,,0.0,0.0,0.0,,0.0,0.0,0.0,unavailable,no_post_imagery,,,,,,,,feas-1,fs1-7f9da549b693,7.4
E016::darrang,E016,Assam,Darrang,2015-07-15,2015,matched,,3426.968,3280.833,EPSG:32646,12932.0,56.0,5.0,0.0,0.0,0.0,0.0,,0.0,0.0,0.0,unavailable,no_post_imagery,,,,,,,,0.0,0.0,0.0,,0.0,0.0,0.0,unavailable,no_post_imagery,,,,,,,,feas-1,fs1-7f9da549b693,6.8
E016::dhemaji,E016,Assam,Dhemaji,2015-07-15,2015,matched,,2503.348,2349.83,EPSG:32646,20291.0,91.0,3.0,1.0,0.0,0.0,0.0,,0.0,0.0,0.0,unavailable,no_post_imagery,,,,,,,,0.0,0.0,0.0,,0.0,0.0,0.0,unavailable,no_post_imagery,,,,,,,,feas-1,fs1-7f9da549b693,13.5
E016::dhubri,E016,Assam,Dhubri,2015-07-15,2015,failed,district AOI match failed for Assam/Dhubri: 0 exact candidates,,,,,,,,,,,,,,,,,,,,,,,,,,,,,,,,,,,,,,,,feas-1,fs1-7f9da549b693,1.5
E016::goalpara,E016,Assam,Goalpara,2015-07-15,2015,matched,,1904.606,1570.114,EPSG:32646,9240.0,40.0,7.0,2.0,0.0,0.0,0.0,,0.0,0.0,0.0,unavailable,no_post_imagery,,,,,,,,0.0,0.0,0.0,,0.0,0.0,0.0,unavailable,no_post_imagery,,,,,,,,feas-1,fs1-7f9da549b693,7.5
E016::jorhat,E016,Assam,Jorhat,2015-07-15,2015,matched,,2842.717,2522.497,EPSG:32646,14544.0,63.0,4.0,2.0,0.0,0.0,0.0,,0.0,0.0,0.0,unavailable,no_post_imagery,,,,,,,,0.0,0.0,0.0,,0.0,0.0,0.0,unavailable,no_post_imagery,,,,,,,,feas-1,fs1-7f9da549b693,27.1
E016::karbi%20anglong,E016,Assam,Karbi Anglong,2015-07-15,2015,matched,,10446.406,3613.678,EPSG:32646,51512.0,216.0,8.0,2.0,0.0,0.0,0.0,,0.0,0.0,0.0,unavailable,no_post_imagery,,,,,,,,0.0,0.0,0.0,,0.0,0.0,0.0,unavailable,no_post_imagery,,,,,,,,feas-1,fs1-7f9da549b693,23.3
E016::lakhimpur,E016,Assam,Lakhimpur,2015-07-15,2015,matched,,2886.524,2724.618,EPSG:32646,16940.0,72.0,6.0,1.0,0.0,0.0,0.0,,0.0,0.0,0.0,unavailable,no_post_imagery,,,,,,,,0.0,0.0,0.0,,0.0,0.0,0.0,unavailable,no_post_imagery,,,,,,,,feas-1,fs1-7f9da549b693,17.0
E016::morigaon,E016,Assam,Morigaon,2015-07-15,2015,failed,district AOI match failed for Assam/Morigaon: 0 exact candidates,,,,,,,,,,,,,,,,,,,,,,,,,,,,,,,,,,,,,,,,feas-1,fs1-7f9da549b693,1.5
E016::udalguri,E016,Assam,Udalguri,2015-07-15,2015,failed,district AOI match failed for Assam/Udalguri: 0 exact candidates,,,,,,,,,,,,,,,,,,,,,,,,,,,,,,,,,,,,,,,,feas-1,fs1-7f9da549b693,3.3
E017::banas%20kantha,E017,Gujarat,Banas Kantha,2015-07-15,2015,matched,,10638.731,9833.021,EPSG:32643,42840.0,180.0,2.0,0.0,0.0,0.0,0.0,,0.0,0.0,0.0,unavailable,no_post_imagery,,,,,,,,0.0,0.0,0.0,,0.0,0.0,0.0,unavailable,no_post_imagery,,,,,,,,feas-1,fs1-7f9da549b693,18.1
E017::kachchh,E017,Gujarat,Kachchh,2015-07-15,2015,matched,,27842.259,26276.7,EPSG:32642,191874.0,792.0,8.0,4.0,0.0,0.0,0.0,,0.0,0.0,0.0,unavailable,no_post_imagery,,,,,,,,0.0,0.0,0.0,,0.0,0.0,0.0,unavailable,no_post_imagery,,,,,,,,feas-1,fs1-7f9da549b693,39.0
E017::patan,E017,Gujarat,Patan,2015-07-15,2015,matched,,6017.263,5999.785,EPSG:32642,30573.0,135.0,0.0,0.0,0.0,0.0,0.0,,0.0,0.0,0.0,unavailable,no_post_imagery,,,,,,,,0.0,0.0,0.0,,0.0,0.0,0.0,unavailable,no_post_imagery,,,,,,,,feas-1,fs1-7f9da549b693,9.0
E019::district_missing,E019,Manipur,district_missing,2015-07-15,2015,unresolved,,,,,,,,,,,,,,,,,,,,,,,,,,,,,,,,,,,,,,,,,feas-1,fs1-7f9da549b693,0.0
E020::district_missing,E020,Odisha,district_missing,2015-07-15,2015,unresolved,,,,,,,,,,,,,,,,,,,,,,,,,,,,,,,,,,,,,,,,,feas-1,fs1-7f9da549b693,0.0
E021::district_missing,E021,Rajasthan,district_missing,2015-07-15,2015,unresolved,,,,,,,,,,,,,,,,,,,,,,,,,,,,,,,,,,,,,,,,,feas-1,fs1-7f9da549b693,0.0
E022::alipurduar,E022,West Bengal,Alipurduar,2015-07-15,2015,failed,district AOI match failed for West Bengal/Alipurduar: 0 exact candidates,,,,,,,,,,,,,,,,,,,,,,,,,,,,,,,,,,,,,,,,feas-1,fs1-7f9da549b693,2.0
E022::jalpaiguri,E022,West Bengal,Jalpaiguri,2015-07-15,2015,matched,,6200.341,5845.139,EPSG:32645,25984.0,105.0,15.0,5.0,0.0,0.0,0.0,,0.0,0.0,0.0,unavailable,no_post_imagery,,,,,,,,0.0,0.0,0.0,,0.0,0.0,0.0,unavailable,no_post_imagery,,,,,,,,feas-1,fs1-7f9da549b693,17.2
E022::maldah,E022,West Bengal,Maldah,2015-07-15,2015,matched,,3589.384,3441.157,EPSG:32645,16983.0,70.0,6.0,2.0,0.0,0.0,0.0,,0.0,0.0,0.0,unavailable,no_post_imagery,,,,,,,,0.0,0.0,0.0,,0.0,0.0,0.0,unavailable,no_post_imagery,,,,,,,,feas-1,fs1-7f9da549b693,6.3
E023::district_missing,E023,Assam,district_missing,2015-08-13,2015,unresolved,,,,,,,,,,,,,,,,,,,,,,,,,,,,,,,,,,,,,,,,,feas-1,fs1-7f9da549b693,0.0
E024::barpeta,E024,Assam,Barpeta,2015-08-28,2015,matched,,3253.623,2977.258,EPSG:32646,12726.0,56.0,5.0,2.0,0.0,0.0,0.0,,0.0,0.0,0.0,unavailable,no_post_imagery,,,,,,,,0.0,0.0,0.0,,0.0,0.0,0.0,unavailable,no_post_imagery,,,,,,,,feas-1,fs1-7f9da549b693,15.0
E024::bongaigaon,E024,Assam,Bongaigaon,2015-08-28,2015,matched,,2332.583,2044.969,EPSG:32646,10830.0,48.0,3.0,2.0,0.0,0.0,0.0,,0.0,0.0,0.0,unavailable,no_post_imagery,,,,,,,,0.0,0.0,0.0,,0.0,0.0,0.0,unavailable,no_post_imagery,,,,,,,,feas-1,fs1-7f9da549b693,20.1
E024::cachar,E024,Assam,Cachar,2015-08-28,2015,matched,,3806.33,1827.769,EPSG:32646,18088.0,81.0,4.0,5.0,0.0,0.0,0.0,,0.0,0.0,0.0,unavailable,no_post_imagery,,,,,,,,0.0,0.0,0.0,,0.0,0.0,0.0,unavailable,no_post_imagery,,,,,,,,feas-1,fs1-7f9da549b693,12.2
E024::darrang,E024,Assam,Darrang,2015-08-28,2015,matched,,3426.968,3280.833,EPSG:32646,12932.0,56.0,3.0,1.0,0.0,0.0,0.0,,0.0,0.0,0.0,unavailable,no_post_imagery,,,,,,,,0.0,0.0,0.0,,0.0,0.0,0.0,unavailable,no_post_imagery,,,,,,,,feas-1,fs1-7f9da549b693,8.7
E024::dhemaji,E024,Assam,Dhemaji,2015-08-28,2015,matched,,2503.348,2349.83,EPSG:32646,20291.0,91.0,2.0,2.0,0.0,0.0,0.0,,0.0,0.0,0.0,unavailable,no_post_imagery,,,,,,,,0.0,0.0,0.0,,0.0,0.0,0.0,unavailable,no_post_imagery,,,,,,,,feas-1,fs1-7f9da549b693,6.0
E024::dibrugarh,E024,Assam,Dibrugarh,2015-08-28,2015,matched,,3397.482,3081.661,EPSG:32646,15301.0,63.0,2.0,2.0,0.0,0.0,0.0,,0.0,0.0,0.0,unavailable,no_post_imagery,,,,,,,,0.0,0.0,0.0,,0.0,0.0,0.0,unavailable,no_post_imagery,,,,,,,,feas-1,fs1-7f9da549b693,7.4
E024::goalpara,E024,Assam,Goalpara,2015-08-28,2015,matched,,1904.606,1570.114,EPSG:32646,9240.0,40.0,2.0,2.0,0.0,0.0,0.0,,0.0,0.0,0.0,unavailable,no_post_imagery,,,,,,,,0.0,0.0,0.0,,0.0,0.0,0.0,unavailable,no_post_imagery,,,,,,,,feas-1,fs1-7f9da549b693,4.7
E024::jorhat,E024,Assam,Jorhat,2015-08-28,2015,matched,,2842.717,2522.497,EPSG:32646,14544.0,63.0,3.0,3.0,0.0,0.0,0.0,,0.0,0.0,0.0,unavailable,no_post_imagery,,,,,,,,0.0,0.0,0.0,,0.0,0.0,0.0,unavailable,no_post_imagery,,,,,,,,feas-1,fs1-7f9da549b693,5.8
E024::kamrup,E024,Assam,Kamrup,2015-08-28,2015,matched,,4348.623,2762.88,EPSG:32646,36084.0,156.0,5.0,3.0,0.0,0.0,0.0,,0.0,0.0,0.0,unavailable,no_post_imagery,,,,,,,,0.0,0.0,0.0,,0.0,0.0,0.0,unavailable,no_post_imagery,,,,,,,,feas-1,fs1-7f9da549b693,6.5
E024::kokrajhar,E024,Assam,Kokrajhar,2015-08-28,2015,matched,,3329.223,3208.461,EPSG:32646,14070.0,63.0,4.0,3.0,0.0,0.0,0.0,,0.0,0.0,0.0,unavailable,no_post_imagery,,,,,,,,0.0,0.0,0.0,,0.0,0.0,0.0,unavailable,no_post_imagery,,,,,,,,feas-1,fs1-7f9da549b693,4.4
E024::lakhimpur,E024,Assam,Lakhimpur,2015-08-28,2015,matched,,2886.524,2724.618,EPSG:32646,16940.0,72.0,4.0,3.0,0.0,0.0,0.0,,0.0,0.0,0.0,unavailable,no_post_imagery,,,,,,,,0.0,0.0,0.0,,0.0,0.0,0.0,unavailable,no_post_imagery,,,,,,,,feas-1,fs1-7f9da549b693,5.7
E024::marigaon,E024,Assam,Marigaon,2015-08-28,2015,matched,,1556.527,1311.702,EPSG:32646,7584.0,30.0,2.0,1.0,0.0,0.0,0.0,,0.0,0.0,0.0,unavailable,no_post_imagery,,,,,,,,0.0,0.0,0.0,,0.0,0.0,0.0,unavailable,no_post_imagery,,,,,,,,feas-1,fs1-7f9da549b693,7.6
E024::nalbari,E024,Assam,Nalbari,2015-08-28,2015,matched,,2339.88,2186.931,EPSG:32646,9856.0,40.0,4.0,1.0,0.0,0.0,0.0,,0.0,0.0,0.0,unavailable,no_post_imagery,,,,,,,,0.0,0.0,0.0,,0.0,0.0,0.0,unavailable,no_post_imagery,,,,,,,,feas-1,fs1-7f9da549b693,10.8
E024::sibsagar,E024,Assam,Sibsagar,2015-08-28,2015,matched,,2638.077,2528.958,EPSG:32646,14647.0,70.0,2.0,2.0,0.0,0.0,0.0,,0.0,0.0,0.0,unavailable,no_post_imagery,,,,,,,,0.0,0.0,0.0,,0.0,0.0,0.0,unavailable,no_post_imagery,,,,,,,,feas-1,fs1-7f9da549b693,5.8
E024::sonitpur,E024,Assam,Sonitpur,2015-08-28,2015,matched,,4676.158,4405.448,EPSG:32646,19608.0,90.0,2.0,2.0,0.0,0.0,0.0,,0.0,0.0,0.0,unavailable,no_post_imagery,,,,,,,,0.0,0.0,0.0,,0.0,0.0,0.0,unavailable,no_post_imagery,,,,,,,,feas-1,fs1-7f9da549b693,6.8
E024::tinsukia,E024,Assam,Tinsukia,2015-08-28,2015,matched,,3799.19,3540.749,EPSG:32646,16120.0,72.0,1.0,1.0,0.0,0.0,0.0,,0.0,0.0,0.0,unavailable,no_post_imagery,,,,,,,,0.0,0.0,0.0,,0.0,0.0,0.0,unavailable,no_post_imagery,,,,,,,,feas-1,fs1-7f9da549b693,6.1
E025::chittoor,E025,Andhra Pradesh,Chittoor,2015-11-08,2015,matched,,15225.848,10922.136,EPSG:32644,79968.0,315.0,4.0,2.0,8.0,0.0,1.0,,0.0,0.876821614431261,0.0,unavailable,no_post_imagery,,,,,,,,16.0,0.0,1.0,,0.0,0.8794819202976184,0.0,unavailable,no_post_imagery,,,,,,,,feas-1,fs1-7f9da549b693,12.4
E025::nellore,E025,Andhra Pradesh,Nellore,2015-11-08,2015,matched,,13465.479,11642.811,EPSG:32644,64414.0,266.0,0.0,2.0,1.0,0.0,0.0,,0.0,0.09841831966306847,0.0,unavailable,no_post_imagery,,,,,,,,2.0,0.0,0.0,,0.0,0.1014522023372943,0.0,unavailable,no_post_imagery,,,,,,,,feas-1,fs1-7f9da549b693,11.5
E025::prakasam,E025,Andhra Pradesh,Prakasam,2015-11-08,2015,matched,,17855.5,14404.617,EPSG:32644,68967.0,285.0,0.0,2.0,0.0,0.0,0.0,,0.0,0.0,0.0,unavailable,no_post_imagery,,,,,,,,0.0,0.0,0.0,,0.0,0.0,0.0,unavailable,no_post_imagery,,,,,,,,feas-1,fs1-7f9da549b693,9.5
E025::y.s.r.,E025,Andhra Pradesh,Y.S.R.,2015-11-08,2015,failed,district AOI match failed for Andhra Pradesh/Y.S.R.: 0 exact candidates,,,,,,,,,,,,,,,,,,,,,,,,,,,,,,,,,,,,,,,,feas-1,fs1-7f9da549b693,3.3
E026::district_missing,E026,Puducherry,district_missing,2015-11-08,2015,unresolved,,,,,,,,,,,,,,,,,,,,,,,,,,,,,,,,,,,,,,,,,feas-1,fs1-7f9da549b693,0.0
E027::chennai,E027,Tamil Nadu,Chennai,2015-11-08,2015,matched,,196.631,192.641,EPSG:32644,768.0,4.0,2.0,1.0,0.0,0.0,0.0,,0.0,0.0,0.0,unavailable,no_post_imagery,,,,,,,,0.0,0.0,0.0,,0.0,0.0,0.0,unavailable,no_post_imagery,,,,,,,,feas-1,fs1-7f9da549b693,4.8
E027::cuddalore,E027,Tamil Nadu,Cuddalore,2015-11-08,2015,matched,,3834.148,3769.434,EPSG:32644,20864.0,88.0,4.0,1.0,1.0,0.0,0.0,,0.0,0.02340215968553666,0.0,unavailable,no_post_imagery,,,,,,,,4.0,4.0,0.0,,0.007497672623350962,0.17704955637351227,0.007404492254988236,unavailable,no_clear_baseline,,,,,,,,feas-1,fs1-7f9da549b693,7.7
E027::kancheepuram,E027,Tamil Nadu,Kancheepuram,2015-11-08,2015,matched,,4692.505,4541.701,EPSG:32644,19276.0,80.0,2.0,2.0,0.0,0.0,0.0,,0.0,0.0,0.0,unavailable,no_post_imagery,,,,,,,,0.0,0.0,0.0,,0.0,0.0,0.0,unavailable,no_post_imagery,,,,,,,,feas-1,fs1-7f9da549b693,7.4
E027::nagappattinam,E027,Tamil Nadu,Nagappattinam,2015-11-08,2015,failed,district AOI match failed for Tamil Nadu/Nagappattinam: 0 exact candidates,,,,,,,,,,,,,,,,,,,,,,,,,,,,,,,,,,,,,,,,feas-1,fs1-7f9da549b693,1.9
E027::thiruvallur,E027,Tamil Nadu,Thiruvallur,2015-11-08,2015,matched,,3253.948,3078.675,EPSG:32644,19320.0,84.0,2.0,1.0,1.0,0.0,0.0,,0.0,0.15217812231025443,0.0,unavailable,no_post_imagery,,,,,,,,2.0,0.0,0.0,,0.0,0.1577125373168957,0.0,unavailable,no_post_imagery,,,,,,,,feas-1,fs1-7f9da549b693,7.1
E027::thiruvarur,E027,Tamil Nadu,Thiruvarur,2015-11-08,2015,failed,district AOI match failed for Tamil Nadu/Thiruvarur: 0 exact candidates,,,,,,,,,,,,,,,,,,,,,,,,,,,,,,,,,,,,,,,,feas-1,fs1-7f9da549b693,1.8
E027::viluppuram,E027,Tamil Nadu,Viluppuram,2015-11-08,2015,failed,district AOI match failed for Tamil Nadu/Viluppuram: 0 exact candidates,,,,,,,,,,,,,,,,,,,,,,,,,,,,,,,,,,,,,,,,feas-1,fs1-7f9da549b693,1.8
E028::district_missing,E028,Arunachal Pradesh,district_missing,2016-04-22,2016,unresolved,,,,,,,,,,,,,,,,,,,,,,,,,,,,,,,,,,,,,,,,,feas-1,fs1-7f9da549b693,0.0
E029::district_missing,E029,Assam,district_missing,2016-04-22,2016,unresolved,,,,,,,,,,,,,,,,,,,,,,,,,,,,,,,,,,,,,,,,,feas-1,fs1-7f9da549b693,0.0
E030::district_missing,E030,Nagaland,district_missing,2016-04-22,2016,unresolved,,,,,,,,,,,,,,,,,,,,,,,,,,,,,,,,,,,,,,,,,feas-1,fs1-7f9da549b693,0.0
E031::district_missing,E031,Arunachal Pradesh,district_missing,2016-06-25,2016,unresolved,,,,,,,,,,,,,,,,,,,,,,,,,,,,,,,,,,,,,,,,,feas-1,fs1-7f9da549b693,0.0
E032::district_missing,E032,Assam,district_missing,2016-06-25,2016,unresolved,,,,,,,,,,,,,,,,,,,,,,,,,,,,,,,,,,,,,,,,,feas-1,fs1-7f9da549b693,0.0
E033::chamoli,E033,Uttarakhand,Chamoli,2016-06-25,2016,matched,,7838.316,141.245,EPSG:32644,31284.0,130.0,7.0,2.0,0.0,0.0,3.0,,0.0,0.0,0.0,unavailable,no_post_imagery,,,,,,,,10.0,0.0,3.0,,0.0,0.7063993827442611,0.0,unavailable,no_post_imagery,,,,,,,,feas-1,fs1-7f9da549b693,7.0
E033::pithoragarh,E033,Uttarakhand,Pithoragarh,2016-06-25,2016,matched,,7209.481,99.318,EPSG:32644,41664.0,168.0,8.0,2.0,1.0,0.0,4.0,2016-01|2016-02|2016-03|2016-05,0.0,0.04829693830290252,0.0,unavailable,no_post_imagery,,,,,,,,18.0,0.0,3.0,,0.0,0.4494385269297292,0.0,unavailable,no_post_imagery,,,,,,,,feas-1,fs1-7f9da549b693,11.6
E034::agar%20malwa,E034,Madhya Pradesh,Agar Malwa,2016-07-09,2016,failed,district AOI match failed for Madhya Pradesh/Agar Malwa: 0 exact candidates,,,,,,,,,,,,,,,,,,,,,,,,,,,,,,,,,,,,,,,,feas-1,fs1-7f9da549b693,3.1
E034::bhopal,E034,Madhya Pradesh,Bhopal,2016-07-09,2016,matched,,2728.201,2552.366,EPSG:32643,10780.0,45.0,0.0,0.0,0.0,0.0,4.0,2016-01|2016-03|2016-04|2016-05,0.0,0.0,0.0,unavailable,no_post_imagery,,,,,,,,6.0,4.0,5.0,2016-01|2016-03|2016-04|2016-05,0.19184453955670405,0.799395554676256,0.1462745584164236,ok,ok,373.3,152.898,81.686,0.032,2.871,40.0,,feas-1,fs1-7f9da549b693,25.1
E034::damoh,E034,Madhya Pradesh,Damoh,2016-07-09,2016,matched,,7370.294,6656.456,EPSG:32644,32400.0,135.0,0.0,0.0,1.0,0.0,5.0,2016-01|2016-03|2016-04|2016-05,0.0,0.05255426415832422,0.0,unavailable,no_post_imagery,,,,,,,,13.0,8.0,6.0,2016-01|2016-03|2016-04|2016-05,0.2118427221314439,0.8181159858842807,0.17348419932145415,ok,ok,3323.8,1361.441,929.585,0.1397,8.5,40.0,,feas-1,fs1-7f9da549b693,41.3
E034::harda,E034,Madhya Pradesh,Harda,2016-07-09,2016,matched,,3323.034,2783.791,EPSG:32643,13688.0,64.0,0.0,0.0,0.0,0.0,4.0,2016-01|2016-03|2016-04|2016-05,0.0,0.0,0.0,unavailable,no_post_imagery,,,,,,,,10.0,4.0,5.0,2016-01|2016-03|2016-04|2016-05,0.004266824829055019,0.5273581996517576,0.002071492172037327,ok,ok,20.3,8.318,3.239,0.0012,0.245,40.0,,feas-1,fs1-7f9da549b693,64.4
E034::hoshangabad,E034,Madhya Pradesh,Hoshangabad,2016-07-09,2016,matched,,6725.463,5463.086,EPSG:32643,31787.0,135.0,0.0,0.0,0.0,0.0,4.0,2016-01|2016-03|2016-04|2016-05,0.0,0.0,0.0,unavailable,no_post_imagery,,,,,,,,12.0,6.0,5.0,2016-01|2016-03|2016-04|2016-05,0.008568581060139472,0.5679232495797606,0.005599465418458663,ok,ok,19.3,7.909,4.357,0.0008,0.15,40.0,,feas-1,fs1-7f9da549b693,37.3
E034::jabalpur,E034,Madhya Pradesh,Jabalpur,2016-07-09,2016,matched,,4021.328,3233.323,EPSG:32644,21978.0,91.0,0.0,0.0,0.0,0.0,3.0,,0.0,0.0,0.0,unavailable,no_post_imagery,,,,,,,,6.0,2.0,5.0,2016-01|2016-03|2016-04|2016-05,0.00038767286693088384,0.20152380420444058,0.00017940422663941278,unavailable,no_retained_tiles,0.0,0.0,0.0,0.0,0.0,40.0,,feas-1,fs1-7f9da549b693,58.7
E034::mandla,E034,Madhya Pradesh,Mandla,2016-07-09,2016,matched,,6789.128,4543.981,EPSG:32644,28560.0,121.0,0.0,0.0,0.0,0.0,3.0,,0.0,0.0,0.0,unavailable,no_post_imagery,,,,,,,,2.0,0.0,5.0,2016-02|2016-03|2016-04|2016-05,0.0,0.01594924265562548,0.0,unavailable,no_post_imagery,,,,,,,,feas-1,fs1-7f9da549b693,11.7
E034::panna,E034,Madhya Pradesh,Panna,2016-07-09,2016,matched,,7129.19,5924.228,EPSG:32644,32482.0,140.0,0.0,0.0,1.0,0.0,4.0,2016-01|2016-02|2016-03|2016-05,0.0,0.023391596494920487,0.0,unavailable,no_post_imagery,,,,,,,,15.0,4.0,5.0,2016-01|2016-02|2016-03|2016-05,0.015287610399127294,0.0804357278316252,0.009916925122864627,ok,ok,221.7,90.821,49.791,0.0084,0.875,40.0,,feas-1,fs1-7f9da549b693,40.8
E034::raisen,E034,Madhya Pradesh,Raisen,2016-07-09,2016,matched,,8515.575,7108.325,EPSG:32644,38512.0,165.0,0.0,0.0,0.0,0.0,4.0,2016-01|2016-03|2016-04|2016-05,0.0,0.0,0.0,unavailable,no_post_imagery,,,,,,,,12.0,12.0,5.0,2016-01|2016-03|2016-04|2016-05,0.1634126465220319,0.7900389450732939,0.11248784405938589,ok,ok,2039.5,835.364,473.163,0.0666,9.54,40.0,,feas-1,fs1-7f9da549b693,40.5
E034::rewa,E034,Madhya Pradesh,Rewa,2016-07-09,2016,matched,,6327.704,5839.442,EPSG:32644,30049.0,130.0,0.0,1.0,0.0,0.0,4.0,2016-01|2016-02|2016-03|2016-05,0.0,0.0,0.0,unavailable,no_post_imagery,,,,,,,,18.0,0.0,5.0,2016-01|2016-02|2016-03|2016-05,0.0,0.15301117249684934,0.0,unavailable,no_post_imagery,,,,,,,,feas-1,fs1-7f9da549b693,13.5
E034::sagar,E034,Madhya Pradesh,Sagar,2016-07-09,2016,matched,,10275.829,9404.06,EPSG:32644,45732.0,182.0,0.0,0.0,3.0,0.0,4.0,2016-01|2016-03|2016-04|2016-05,0.0,0.07232076616498682,0.0,unavailable,no_post_imagery,,,,,,,,23.0,18.0,4.0,2016-01|2016-04|2016-05|2016-06,0.37847531966283654,0.8807260239673749,0.2994721685206892,ok,ok,6961.9,2851.601,2263.708,0.2407,28.073,40.0,,feas-1,fs1-7f9da549b693,34.4
E034::satna,E034,Madhya Pradesh,Satna,2016-07-09,2016,matched,,7518.918,6366.815,EPSG:32644,34932.0,154.0,0.0,1.0,0.0,0.0,3.0,,0.0,0.0,0.0,unavailable,no_post_imagery,,,,,,,,14.0,0.0,5.0,2016-01|2016-02|2016-03|2016-05,0.0,0.1212837825714874,0.0,unavailable,no_post_imagery,,,,,,,,feas-1,fs1-7f9da549b693,10.5
E034::sehore,E034,Madhya Pradesh,Sehore,2016-07-09,2016,matched,,6579.049,5956.062,EPSG:32643,49530.0,208.0,0.0,0.0,0.0,0.0,4.0,2016-01|2016-03|2016-04|2016-05,0.0,0.0,0.0,unavailable,no_post_imagery,,,,,,,,20.0,10.0,5.0,2016-01|2016-03|2016-04|2016-05,0.07359405832669552,0.7604334188300115,0.05962566572746311,ok,ok,762.6,312.366,213.501,0.0358,0.454,40.0,,feas-1,fs1-7f9da549b693,32.4
E034::seoni,E034,Madhya Pradesh,Seoni,2016-07-09,2016,matched,,8779.066,7210.353,EPSG:32644,41712.0,165.0,0.0,0.0,0.0,0.0,2.0,,0.0,0.0,0.0,unavailable,no_post_imagery,,,,,,,,9.0,2.0,5.0,2016-01|2016-02|2016-03|2016-04,4.205552618334387e-06,0.005286507457061195,0.0,unavailable,no_retained_tiles,0.0,0.0,0.0,0.0,0.0,40.0,,feas-1,fs1-7f9da549b693,23.4
E034::shajapur,E034,Madhya Pradesh,Shajapur,2016-07-09,2016,matched,,6306.521,6139.555,EPSG:32643,46216.0,196.0,0.0,0.0,0.0,0.0,4.0,2016-01|2016-02|2016-04|2016-05,0.0,0.0,0.0,unavailable,no_post_imagery,,,,,,,,20.0,8.0,5.0,2016-01|2016-02|2016-03|2016-05,0.007840532090409197,0.8822182204118675,0.006592159684439791,ok,ok,50.9,20.832,15.43,0.0025,0.008,40.0,,feas-1,fs1-7f9da549b693,33.1
E034::tikamgarh,E034,Madhya Pradesh,Tikamgarh,2016-07-09,2016,matched,,5076.989,4692.114,EPSG:32644,28130.0,130.0,0.0,0.0,5.0,0.0,5.0,2016-01|2016-04|2016-05|2016-06,0.0,0.9952455755942567,0.0,unavailable,no_post_imagery,,,,,,,,12.0,12.0,5.0,2016-01|2016-03|2016-05|2016-06,0.9755986423179013,0.996929353761502,0.8992833861006574,ok,ok,11972.4,4903.915,3805.709,0.8111,9.498,40.0,,feas-1,fs1-7f9da549b693,45.7
E034::vidisha,E034,Madhya Pradesh,Vidisha,2016-07-09,2016,matched,,7319.589,6980.264,EPSG:32643,28884.0,121.0,0.0,0.0,0.0,0.0,4.0,2016-01|2016-03|2016-04|2016-05,0.0,0.0,0.0,unavailable,no_post_imagery,,,,,,,,18.0,14.0,4.0,2016-01|2016-04|2016-05|2016-06,0.34113557249091747,0.9060694605116771,0.2967526467068352,ok,ok,4281.4,1753.676,1414.37,0.2026,10.647,40.0,,feas-1,fs1-7f9da549b693,25.5
E035::district_missing,E035,Bihar,district_missing,2016-07-15,2016,unresolved,,,,,,,,,,,,,,,,,,,,,,,,,,,,,,,,,,,,,,,,,feas-1,fs1-7f9da549b693,0.0
E036::district_missing,E036,Uttar Pradesh,district_missing,2016-07-15,2016,unresolved,,,,,,,,,,,,,,,,,,,,,,,,,,,,,,,,,,,,,,,,,feas-1,fs1-7f9da549b693,0.0
E037::golaghat,E037,Assam,Golaghat,2016-07-17,2016,matched,,3532.268,3374.77,EPSG:32646,27160.0,117.0,2.0,1.0,0.0,0.0,3.0,,0.0,0.0,0.0,unavailable,no_post_imagery,,,,,,,,0.0,0.0,3.0,,0.0,0.0,0.0,unavailable,no_post_imagery,,,,,,,,feas-1,fs1-7f9da549b693,9.1
E037::jorhat,E037,Assam,Jorhat,2016-07-17,2016,matched,,2842.717,2522.497,EPSG:32646,14544.0,63.0,2.0,1.0,0.0,0.0,1.0,,0.0,0.0,0.0,unavailable,no_post_imagery,,,,,,,,0.0,0.0,3.0,,0.0,0.0,0.0,unavailable,no_post_imagery,,,,,,,,feas-1,fs1-7f9da549b693,9.4
E038::barpeta,E038,Assam,Barpeta,2016-07-28,2016,matched,,3253.623,2977.258,EPSG:32646,12726.0,56.0,8.0,4.0,0.0,0.0,1.0,,0.0,0.0,0.0,unavailable,no_post_imagery,,,,,,,,0.0,0.0,2.0,,0.0,0.0,0.0,unavailable,no_post_imagery,,,,,,,,feas-1,fs1-7f9da549b693,8.3
E038::bongaigaon,E038,Assam,Bongaigaon,2016-07-28,2016,matched,,2332.583,2044.969,EPSG:32646,10830.0,48.0,7.0,4.0,0.0,0.0,1.0,,0.0,0.0,0.0,unavailable,no_post_imagery,,,,,,,,0.0,6.0,4.0,2016-01|2016-02|2016-03|2016-06,3.534164508571795e-05,0.0,0.0,unavailable,no_pre_imagery,,,,,,,,feas-1,fs1-7f9da549b693,7.2
E038::darrang,E038,Assam,Darrang,2016-07-28,2016,matched,,3426.968,3280.833,EPSG:32646,12932.0,56.0,5.0,2.0,0.0,0.0,1.0,,0.0,0.0,0.0,unavailable,no_post_imagery,,,,,,,,0.0,0.0,2.0,,0.0,0.0,0.0,unavailable,no_post_imagery,,,,,,,,feas-1,fs1-7f9da549b693,9.6
E038::dhuburi,E038,Assam,Dhuburi,2016-07-28,2016,matched,,2831.831,2427.314,EPSG:32646,20049.0,88.0,2.0,2.0,0.0,0.0,2.0,,0.0,0.0,0.0,unavailable,no_post_imagery,,,,,,,,0.0,8.0,5.0,2016-01|2016-02|2016-03|2016-05,0.03753764601352136,0.0,0.0,unavailable,no_pre_imagery,,,,,,,,feas-1,fs1-7f9da549b693,10.0
E038::goalpara,E038,Assam,Goalpara,2016-07-28,2016,matched,,1904.606,1570.114,EPSG:32646,9240.0,40.0,3.0,3.0,0.0,0.0,2.0,,0.0,0.0,0.0,unavailable,no_post_imagery,,,,,,,,0.0,6.0,3.0,,0.006406896552106018,0.0,0.0,unavailable,no_pre_imagery,,,,,,,,feas-1,fs1-7f9da549b693,9.0
E038::golaghat,E038,Assam,Golaghat,2016-07-28,2016,matched,,3532.268,3374.77,EPSG:32646,27160.0,117.0,3.0,4.0,0.0,0.0,3.0,,0.0,0.0,0.0,unavailable,no_post_imagery,,,,,,,,0.0,0.0,3.0,,0.0,0.0,0.0,unavailable,no_post_imagery,,,,,,,,feas-1,fs1-7f9da549b693,11.7
E038::jorhat,E038,Assam,Jorhat,2016-07-28,2016,matched,,2842.717,2522.497,EPSG:32646,14544.0,63.0,3.0,3.0,0.0,0.0,1.0,,0.0,0.0,0.0,unavailable,no_post_imagery,,,,,,,,0.0,0.0,3.0,,0.0,0.0,0.0,unavailable,no_post_imagery,,,,,,,,feas-1,fs1-7f9da549b693,7.7
E038::lakhimpur,E038,Assam,Lakhimpur,2016-07-28,2016,matched,,2886.524,2724.618,EPSG:32646,16940.0,72.0,5.0,4.0,0.0,0.0,2.0,,0.0,0.0,0.0,unavailable,no_post_imagery,,,,,,,,0.0,0.0,3.0,,0.0,0.0,0.0,unavailable,no_post_imagery,,,,,,,,feas-1,fs1-7f9da549b693,11.7
E038::marigaon,E038,Assam,Marigaon,2016-07-28,2016,matched,,1556.527,1311.702,EPSG:32646,7584.0,30.0,2.0,1.0,0.0,0.0,1.0,,0.0,0.0,0.0,unavailable,no_post_imagery,,,,,,,,0.0,0.0,1.0,,0.0,0.0,0.0,unavailable,no_post_imagery,,,,,,,,feas-1,fs1-7f9da549b693,10.0
E038::nalbari,E038,Assam,Nalbari,2016-07-28,2016,matched,,2339.88,2186.931,EPSG:32646,9856.0,40.0,7.0,2.0,0.0,0.0,1.0,,0.0,0.0,0.0,unavailable,no_post_imagery,,,,,,,,0.0,0.0,3.0,,0.0,0.0,0.0,unavailable,no_post_imagery,,,,,,,,feas-1,fs1-7f9da549b693,6.9
E039::chhota%20udaipur,E039,Gujarat,Chhota Udaipur,2016-08-01,2016,failed,district AOI match failed for Gujarat/Chhota Udaipur: 0 exact candidates,,,,,,,,,,,,,,,,,,,,,,,,,,,,,,,,,,,,,,,,feas-1,fs1-7f9da549b693,3.4
E039::navsari,E039,Gujarat,Navsari,2016-08-01,2016,matched,,2097.6,1833.139,EPSG:32643,10880.0,48.0,0.0,0.0,0.0,0.0,1.0,,0.0,0.0,0.0,unavailable,no_post_imagery,,,,,,,,6.0,0.0,4.0,2016-01|2016-03|2016-04|2016-06,0.0,0.00014511225414571687,0.0,unavailable,no_post_imagery,,,,,,,,feas-1,fs1-7f9da549b693,13.1
E039::surat,E039,Gujarat,Surat,2016-08-01,2016,matched,,7486.822,6309.155,EPSG:32643,36942.0,162.0,0.0,0.0,0.0,0.0,1.0,,0.0,0.0,0.0,unavailable,no_post_imagery,,,,,,,,6.0,0.0,3.0,,0.0,0.006917754969784826,0.0,unavailable,no_post_imagery,,,,,,,,feas-1,fs1-7f9da549b693,13.9
E039::tapi,E039,Gujarat,Tapi,2016-08-01,2016,failed,district AOI match failed for Gujarat/Tapi: 0 exact candidates,,,,,,,,,,,,,,,,,,,,,,,,,,,,,,,,,,,,,,,,feas-1,fs1-7f9da549b693,3.0
E039::vadodara,E039,Gujarat,Vadodara,2016-08-01,2016,matched,,7758.227,7035.612,EPSG:32643,39159.0,165.0,0.0,0.0,0.0,0.0,2.0,,0.0,0.0,0.0,unavailable,no_post_imagery,,,,,,,,6.0,0.0,5.0,2016-01|2016-04|2016-05|2016-06,0.0,0.01813308388266227,0.0,unavailable,no_post_imagery,,,,,,,,feas-1,fs1-7f9da549b693,13.8
E039::valsad,E039,Gujarat,Valsad,2016-08-01,2016,matched,,3025.875,1906.299,EPSG:32643,13500.0,56.0,0.0,0.0,0.0,0.0,2.0,,0.0,0.0,0.0,unavailable,no_post_imagery,,,,,,,,8.0,0.0,4.0,2016-01|2016-03|2016-04|2016-06,0.0,0.00598452924784713,0.0,unavailable,no_post_imagery,,,,,,,,feas-1,fs1-7f9da549b693,9.7
E040::kolhapur,E040,Maharashtra,Kolhapur,2016-08-01,2016,matched,,7680.572,4659.254,EPSG:32643,41832.0,176.0,0.0,0.0,0.0,0.0,3.0,,0.0,0.0,0.0,unavailable,no_post_imagery,,,,,,,,6.0,0.0,4.0,2016-01|2016-02|2016-03|2016-04,0.0,0.01700034994448423,0.0,unavailable,no_post_imagery,,,,,,,,feas-1,fs1-7f9da549b693,9.7
E040::nashik,E040,Maharashtra,Nashik,2016-08-01,2016,matched,,15554.167,11712.493,EPSG:32643,61050.0,252.0,0.0,0.0,0.0,0.0,3.0,,0.0,0.0,0.0,unavailable,no_post_imagery,,,,,,,,10.0,0.0,5.0,2016-01|2016-02|2016-03|2016-05,0.0,0.23046516874168163,0.0,unavailable,no_post_imagery,,,,,,,,feas-1,fs1-7f9da549b693,14.4
E040::palghar,E040,Maharashtra,Palghar,2016-08-01,2016,failed,district AOI match failed for Maharashtra/Palghar: 0 exact candidates,,,,,,,,,,,,,,,,,,,,,,,,,,,,,,,,,,,,,,,,feas-1,fs1-7f9da549b693,2.9
E040::pune,E040,Maharashtra,Pune,2016-08-01,2016,matched,,15649.9,10953.587,EPSG:32643,78780.0,323.0,0.0,0.0,0.0,0.0,2.0,,0.0,0.0,0.0,unavailable,no_post_imagery,,,,,,,,4.0,0.0,4.0,2016-01|2016-02|2016-03|2016-05,0.0,0.0003888750397689678,0.0,unavailable,no_post_imagery,,,,,,,,feas-1,fs1-7f9da549b693,10.8
E040::raigarh,E040,Maharashtra,Raigarh,2016-08-01,2016,matched,,6912.843,3043.059,EPSG:32643,31746.0,126.0,0.0,0.0,0.0,0.0,3.0,,0.0,0.0,0.0,unavailable,no_post_imagery,,,,,,,,10.0,0.0,4.0,2016-01|2016-02|2016-03|2016-05,0.0,0.0043590515282006335,0.0,unavailable,no_post_imagery,,,,,,,,feas-1,fs1-7f9da549b693,18.6
E040::ratnagiri,E040,Maharashtra,Ratnagiri,2016-08-01,2016,matched,,8501.126,2798.317,EPSG:32643,38493.0,162.0,0.0,0.0,0.0,0.0,2.0,,0.0,0.0,0.0,unavailable,no_post_imagery,,,,,,,,6.0,0.0,2.0,,0.0,0.0011527909084066373,0.0,unavailable,no_post_imagery,,,,,,,,feas-1,fs1-7f9da549b693,12.4
E040::satara,E040,Maharashtra,Satara,2016-08-01,2016,matched,,10502.606,7092.74,EPSG:32643,42903.0,180.0,0.0,0.0,0.0,0.0,3.0,,0.0,0.0,0.0,unavailable,no_post_imagery,,,,,,,,4.0,0.0,4.0,2016-01|2016-02|2016-03|2016-05,0.0,0.04917105037818888,0.0,unavailable,no_post_imagery,,,,,,,,feas-1,fs1-7f9da549b693,8.3
E040::thane,E040,Maharashtra,Thane,2016-08-01,2016,matched,,9454.897,5799.553,EPSG:32643,40090.0,168.0,0.0,0.0,0.0,0.0,2.0,,0.0,0.0,0.0,unavailable,no_post_imagery,,,,,,,,10.0,0.0,4.0,2016-01|2016-03|2016-04|2016-06,0.0,0.004234358177549965,0.0,unavailable,no_post_imagery,,,,,,,,feas-1,fs1-7f9da549b693,19.0
E041::district_missing,E041,Andhra Pradesh,district_missing,2016-09-21,2016,unresolved,,,,,,,,,,,,,,,,,,,,,,,,,,,,,,,,,,,,,,,,,feas-1,fs1-7f9da549b693,0.0
E042::district_missing,E042,Telangana,district_missing,2016-09-21,2016,unresolved,,,,,,,,,,,,,,,,,,,,,,,,,,,,,,,,,,,,,,,,,feas-1,fs1-7f9da549b693,0.0
E044::banaskantha,E044,Gujarat,Banaskantha,2017-06-01,2017,failed,district AOI match failed for Gujarat/Banaskantha: 0 exact candidates,,,,,,,,,,,,,,,,,,,,,,,,,,,,,,,,,,,,,,,,feas-1,fs1-7f9da549b693,3.6
E044::navsari,E044,Gujarat,Navsari,2017-06-01,2017,matched,,2097.6,1833.139,EPSG:32643,10880.0,48.0,2.0,1.0,5.0,0.0,5.0,2017-01|2017-02|2017-04|2017-05,0.0,0.992318170178068,0.0,unavailable,no_post_imagery,,,,,,,,12.0,6.0,6.0,2017-01|2017-02|2017-04|2017-05,0.03100511108306436,1.0,0.015627561743327446,ok,ok,55.6,22.765,6.795,0.0037,0.999,40.0,,feas-1,fs1-7f9da549b693,26.5
E044::patan,E044,Gujarat,Patan,2017-06-01,2017,matched,,6017.263,5999.785,EPSG:32642,30573.0,135.0,5.0,2.0,16.0,2.0,6.0,2016-06|2017-02|2017-04|2017-05,0.24523583979273217,1.0,0.24600851170376498,ok,ok,3511.4,1438.289,1355.397,0.2259,0.063,40.0,,18.0,4.0,7.0,2016-05|2017-03|2017-04|2017-05,0.5766914705464914,0.9999924122769501,0.5909872247156486,ok,ok,8452.4,3462.085,3314.352,0.5524,0.854,40.0,,feas-1,fs1-7f9da549b693,109.9
E044::sabarkantha,E044,Gujarat,Sabarkantha,2017-06-01,2017,failed,district AOI match failed for Gujarat/Sabarkantha: 0 exact candidates,,,,,,,,,,,,,,,,,,,,,,,,,,,,,,,,,,,,,,,,feas-1,fs1-7f9da549b693,2.8
E044::surat,E044,Gujarat,Surat,2017-06-01,2017,matched,,7486.822,6309.155,EPSG:32643,36942.0,162.0,6.0,4.0,7.0,0.0,5.0,2017-02|2017-03|2017-04|2017-05,0.0,0.9985982481438769,0.0,unavailable,no_post_imagery,,,,,,,,10.0,6.0,6.0,2016-06|2017-03|2017-04|2017-05,0.28900424740370273,0.9999987577699662,0.21521165331600556,ok,ok,3931.2,1610.24,975.438,0.1546,16.273,40.0,,feas-1,fs1-7f9da549b693,32.6
E044::valsad,E044,Gujarat,Valsad,2017-06-01,2017,matched,,3025.875,1906.299,EPSG:32643,13500.0,56.0,2.0,1.0,4.0,0.0,5.0,2017-01|2017-02|2017-04|2017-05,0.0,0.5756956365519702,0.0,unavailable,no_post_imagery,,,,,,,,11.0,6.0,6.0,2016-06|2017-02|2017-03|2017-05,0.21840113585265442,1.0,0.09878663004371102,ok,ok,1060.3,434.312,154.961,0.0813,4.549,40.0,,feas-1,fs1-7f9da549b693,45.2
E045::barmer,E045,Rajasthan,Barmer,2017-06-01,2017,matched,,28422.687,25684.027,EPSG:32642,139859.0,588.0,18.0,8.0,29.0,1.0,7.0,2016-05|2017-03|2017-04|2017-05,0.022257314469445684,1.0,0.021598292145747863,ok,ok,1514.1,620.177,523.519,0.0204,0.016,40.0,,29.0,6.0,7.0,2016-05|2017-02|2017-04|2017-05,0.15798876501044923,0.9998861443144378,0.14361581645844232,ok,ok,10823.9,4433.462,3593.579,0.1399,16.186,40.0,,feas-1,fs1-7f9da549b693,74.1
E045::jalore,E045,Rajasthan,Jalore,2017-06-01,2017,failed,district AOI match failed for Rajasthan/Jalore: 0 exact candidates,,,,,,,,,,,,,,,,,,,,,,,,,,,,,,,,,,,,,,,,feas-1,fs1-7f9da549b693,2.6
E045::pali,E045,Rajasthan,Pali,2017-06-01,2017,matched,,12347.514,11392.296,EPSG:32643,75225.0,304.0,10.0,4.0,15.0,3.0,6.0,2016-05|2016-06|2017-03|2017-05,0.25496583641140386,0.9570750678555886,0.21223353451007718,ok,ok,7331.1,3002.831,2306.017,0.2024,0.016,40.0,,18.0,9.0,7.0,2016-05|2016-06|2017-02|2017-03,0.9174193989667742,0.9999213485781167,0.8464309959489067,ok,ok,27021.7,11068.106,9596.965,0.8424,1.502,40.0,,feas-1,fs1-7f9da549b693,52.3
E045::sirohi,E045,Rajasthan,Sirohi,2017-06-01,2017,matched,,5146.3,3773.055,EPSG:32643,24070.0,110.0,10.0,4.0,18.0,1.0,6.0,2016-05|2016-06|2017-04|2017-05,0.08728839716026249,1.0,0.05557809061639664,ok,ok,1029.0,421.466,240.318,0.0637,0.026,40.0,,18.0,7.0,7.0,2016-06|2017-02|2017-03|2017-05,0.9680953867148816,0.9999683093366659,0.7184190137734996,ok,ok,12052.8,4936.844,3424.843,0.9077,0.071,40.0,,feas-1,fs1-7f9da549b693,124.5
E045::udaipur,E045,Rajasthan,Udaipur,2017-06-01,2017,matched,,12740.346,7193.456,EPSG:32643,56250.0,240.0,6.0,4.0,15.0,1.0,6.0,2016-05|2016-06|2017-02|2017-03,0.47711669959222075,0.9953833999618823,0.24242927187111601,ok,ok,14497.7,5938.238,2455.721,0.3414,0.25,40.0,,16.0,9.0,7.0,2016-05|2016-06|2017-02|2017-03,0.9878337991316698,0.99988160075345,0.5570326459723783,ok,ok,30570.5,12521.666,5864.263,0.8152,2.001,40.0,,feas-1,fs1-7f9da549b693,59.5
E046::kolkata,E046,West Bengal,Kolkata,2017-06-01,2017,matched,,91.845,87.651,EPSG:32645,528.0,4.0,5.0,2.0,0.0,1.0,4.0,2017-01|2017-02|2017-03|2017-04,0.8950412000462717,0.0,0.0,unavailable,no_pre_imagery,,,,,,,,2.0,2.0,5.0,2017-01|2017-02|2017-03|2017-04,0.994609093362901,0.049252371235592174,0.03595332525623517,ok,ok,217.1,88.926,3.829,0.0437,0.003,40.0,,feas-1,fs1-7f9da549b693,9.1
E047::darrang,E047,Assam,Darrang,2017-06-04,2017,matched,,3426.968,3280.833,EPSG:32646,12932.0,56.0,11.0,4.0,0.0,0.0,3.0,,0.0,0.0,0.0,unavailable,no_post_imagery,,,,,,,,0.0,2.0,6.0,2017-01|2017-02|2017-03|2017-04,0.021026503585668013,0.0,0.0,unavailable,no_pre_imagery,,,,,,,,feas-1,fs1-7f9da549b693,10.3
E047::karimganj,E047,Assam,Karimganj,2017-06-04,2017,matched,,1856.722,1216.394,EPSG:32646,7085.0,35.0,4.0,3.0,0.0,0.0,3.0,,0.0,0.0,0.0,unavailable,no_post_imagery,,,,,,,,2.0,2.0,6.0,2017-01|2017-02|2017-03|2017-05,0.4798760325280263,0.7143366645704013,0.2964577288711134,ok,ok,1899.0,777.824,342.399,0.2815,11.236,40.0,,feas-1,fs1-7f9da549b693,15.8
E047::lakhimpur,E047,Assam,Lakhimpur,2017-06-04,2017,matched,,2886.524,2724.618,EPSG:32646,16940.0,72.0,11.0,4.0,0.0,0.0,2.0,,0.0,0.0,0.0,unavailable,no_post_imagery,,,,,,,,3.0,0.0,3.0,,0.0,0.23346770042367435,0.0,unavailable,no_post_imagery,,,,,,,,feas-1,fs1-7f9da549b693,11.8
E048::district_missing,E048,Jharkhand,district_missing,2017-06-04,2017,unresolved,,,,,,,,,,,,,,,,,,,,,,,,,,,,,,,,,,,,,,,,,feas-1,fs1-7f9da549b693,0.0
E049::district_missing,E049,Manipur,district_missing,2017-06-04,2017,unresolved,,,,,,,,,,,,,,,,,,,,,,,,,,,,,,,,,,,,,,,,,feas-1,fs1-7f9da549b693,0.0
E050::district_missing,E050,Nagaland,district_missing,2017-06-04,2017,unresolved,,,,,,,,,,,,,,,,,,,,,,,,,,,,,,,,,,,,,,,,,feas-1,fs1-7f9da549b693,0.0
E051::barpeta,E051,Assam,Barpeta,2017-06-25,2017,matched,,3253.623,2977.258,EPSG:32646,12726.0,56.0,12.0,4.0,0.0,0.0,4.0,2017-01|2017-02|2017-03|2017-04,0.0,0.0,0.0,unavailable,no_post_imagery,,,,,,,,5.0,0.0,6.0,2017-01|2017-02|2017-03|2017-05,0.0,0.8960290772899991,0.0,unavailable,no_post_imagery,,,,,,,,feas-1,fs1-7f9da549b693,10.5
E051::bongaigaon,E051,Assam,Bongaigaon,2017-06-25,2017,matched,,2332.583,2044.969,EPSG:32646,10830.0,48.0,9.0,3.0,0.0,0.0,2.0,,0.0,0.0,0.0,unavailable,no_post_imagery,,,,,,,,7.0,0.0,6.0,2017-01|2017-02|2017-03|2017-04,0.0,0.7677387621263014,0.0,unavailable,no_post_imagery,,,,,,,,feas-1,fs1-7f9da549b693,9.3
E051::cachar,E051,Assam,Cachar,2017-06-25,2017,matched,,3806.33,1827.769,EPSG:32646,18088.0,81.0,9.0,4.0,0.0,0.0,2.0,,0.0,0.0,0.0,unavailable,no_post_imagery,,,,,,,,1.0,0.0,2.0,,0.0,0.057325137325462065,0.0,unavailable,no_post_imagery,,,,,,,,feas-1,fs1-7f9da549b693,7.7
E051::charaideo,E051,Assam,Charaideo,2017-06-25,2017,failed,district AOI match failed for Assam/Charaideo: 0 exact candidates,,,,,,,,,,,,,,,,,,,,,,,,,,,,,,,,,,,,,,,,feas-1,fs1-7f9da549b693,2.1
E051::chirang,E051,Assam,Chirang,2017-06-25,2017,failed,district AOI match failed for Assam/Chirang: 0 exact candidates,,,,,,,,,,,,,,,,,,,,,,,,,,,,,,,,,,,,,,,,feas-1,fs1-7f9da549b693,1.5
E051::darrang,E051,Assam,Darrang,2017-06-25,2017,matched,,3426.968,3280.833,EPSG:32646,12932.0,56.0,9.0,3.0,0.0,0.0,3.0,,0.0,0.0,0.0,unavailable,no_post_imagery,,,,,,,,2.0,0.0,6.0,2017-01|2017-02|2017-03|2017-04,0.0,0.02102650358566801,0.0,unavailable,no_post_imagery,,,,,,,,feas-1,fs1-7f9da549b693,6.3
E051::dhemaji,E051,Assam,Dhemaji,2017-06-25,2017,matched,,2503.348,2349.83,EPSG:32646,20291.0,91.0,7.0,5.0,0.0,0.0,2.0,,0.0,0.0,0.0,unavailable,no_post_imagery,,,,,,,,2.0,0.0,4.0,2016-05|2017-01|2017-02|2017-05,0.0,0.12514713716796202,0.0,unavailable,no_post_imagery,,,,,,,,feas-1,fs1-7f9da549b693,7.4
E051::dhubri,E051,Assam,Dhubri,2017-06-25,2017,failed,district AOI match failed for Assam/Dhubri: 0 exact candidates,,,,,,,,,,,,,,,,,,,,,,,,,,,,,,,,,,,,,,,,feas-1,fs1-7f9da549b693,1.5
E051::dhuburi,E051,Assam,Dhuburi,2017-06-25,2017,matched,,2831.831,2427.314,EPSG:32646,20049.0,88.0,4.0,1.0,0.0,0.0,5.0,2017-01|2017-02|2017-03|2017-04,0.0,0.0,0.0,unavailable,no_post_imagery,,,,,,,,11.0,0.0,7.0,2016-05|2017-01|2017-02|2017-03,0.0,0.5541571242745374,0.0,unavailable,no_post_imagery,,,,,,,,feas-1,fs1-7f9da549b693,9.2
E051::dibrugarh,E051,Assam,Dibrugarh,2017-06-25,2017,matched,,3397.482,3081.661,EPSG:32646,15301.0,63.0,8.0,6.0,0.0,0.0,3.0,,0.0,0.0,0.0,unavailable,no_post_imagery,,,,,,,,4.0,0.0,4.0,2016-05|2017-01|2017-02|2017-05,0.0,0.2987232151112225,0.0,unavailable,no_post_imagery,,,,,,,,feas-1,fs1-7f9da549b693,5.9
E051::goalpara,E051,Assam,Goalpara,2017-06-25,2017,matched,,1904.606,1570.114,EPSG:32646,9240.0,40.0,6.0,2.0,0.0,0.0,3.0,,0.0,0.0,0.0,unavailable,no_post_imagery,,,,,,,,8.0,0.0,6.0,2017-01|2017-02|2017-03|2017-04,0.0,0.6073553208650525,0.0,unavailable,no_post_imagery,,,,,,,,feas-1,fs1-7f9da549b693,8.3
E051::golaghat,E051,Assam,Golaghat,2017-06-25,2017,matched,,3532.268,3374.77,EPSG:32646,27160.0,117.0,9.0,4.0,0.0,0.0,2.0,,0.0,0.0,0.0,unavailable,no_post_imagery,,,,,,,,1.0,0.0,4.0,2016-05|2016-06|2017-01|2017-02,0.0,0.0066017179026287304,0.0,unavailable,no_post_imagery,,,,,,,,feas-1,fs1-7f9da549b693,6.5
E051::jorhat,E051,Assam,Jorhat,2017-06-25,2017,matched,,2842.717,2522.497,EPSG:32646,14544.0,63.0,7.0,3.0,0.0,0.0,1.0,,0.0,0.0,0.0,unavailable,no_post_imagery,,,,,,,,1.0,0.0,4.0,2016-05|2016-06|2017-01|2017-02,0.0,0.05394883990083411,0.0,unavailable,no_post_imagery,,,,,,,,feas-1,fs1-7f9da549b693,7.2
E051::karbi%20anglong,E051,Assam,Karbi Anglong,2017-06-25,2017,matched,,10446.406,3613.678,EPSG:32646,51512.0,216.0,11.0,6.0,0.0,0.0,2.0,,0.0,0.0,0.0,unavailable,no_post_imagery,,,,,,,,2.0,1.0,4.0,2016-05|2017-01|2017-02|2017-03,0.017068163960129095,0.03941517589025895,0.0007399728295949207,ok,ok,57.8,23.691,0.607,0.0002,0.0,40.0,,feas-1,fs1-7f9da549b693,24.9
E051::karimganj,E051,Assam,Karimganj,2017-06-25,2017,matched,,1856.722,1216.394,EPSG:32646,7085.0,35.0,6.0,2.0,0.0,0.0,3.0,,0.0,0.0,0.0,unavailable,no_post_imagery,,,,,,,,2.0,1.0,6.0,2017-01|2017-02|2017-03|2017-05,0.006645410394440161,0.47987603252802624,0.0008288988874388401,ok,ok,7.0,2.869,0.091,0.0001,0.0,40.0,,feas-1,fs1-7f9da549b693,18.5
E051::kokrajhar,E051,Assam,Kokrajhar,2017-06-25,2017,matched,,3329.223,3208.461,EPSG:32646,14070.0,63.0,9.0,3.0,0.0,0.0,4.0,2017-01|2017-02|2017-03|2017-04,0.0,0.0,0.0,unavailable,no_post_imagery,,,,,,,,6.0,0.0,7.0,2016-05|2017-01|2017-02|2017-04,0.0,0.710371720001098,0.0,unavailable,no_post_imagery,,,,,,,,feas-1,fs1-7f9da549b693,8.6
E051::lakhimpur,E051,Assam,Lakhimpur,2017-06-25,2017,matched,,2886.524,2724.618,EPSG:32646,16940.0,72.0,9.0,6.0,0.0,0.0,2.0,,0.0,0.0,0.0,unavailable,no_post_imagery,,,,,,,,2.0,0.0,3.0,,0.0,0.015741159563039186,0.0,unavailable,no_post_imagery,,,,,,,,feas-1,fs1-7f9da549b693,7.3
E051::majuli,E051,Assam,Majuli,2017-06-25,2017,failed,district AOI match failed for Assam/Majuli: 0 exact candidates,,,,,,,,,,,,,,,,,,,,,,,,,,,,,,,,,,,,,,,,feas-1,fs1-7f9da549b693,2.3
E051::marigaon,E051,Assam,Marigaon,2017-06-25,2017,matched,,1556.527,1311.702,EPSG:32646,7584.0,30.0,5.0,2.0,0.0,0.0,2.0,,0.0,0.0,0.0,unavailable,no_post_imagery,,,,,,,,4.0,1.0,6.0,2017-01|2017-03|2017-04|2017-05,0.004339306329458572,0.016334268403014288,0.0,ok,ok,1.0,0.41,0.0,0.0,0.0,40.0,,feas-1,fs1-7f9da549b693,16.2
E051::morigaon,E051,Assam,Morigaon,2017-06-25,2017,failed,district AOI match failed for Assam/Morigaon: 0 exact candidates,,,,,,,,,,,,,,,,,,,,,,,,,,,,,,,,,,,,,,,,feas-1,fs1-7f9da549b693,2.4
E051::nagaon,E051,Assam,Nagaon,2017-06-25,2017,matched,,3997.442,3464.847,EPSG:32646,24624.0,99.0,9.0,4.0,0.0,0.0,3.0,,0.0,0.0,0.0,unavailable,no_post_imagery,,,,,,,,2.0,1.0,6.0,2017-01|2017-03|2017-04|2017-05,0.009491514904680098,0.0318391111106662,0.0018693103842855794,ok,ok,48.0,19.676,1.988,0.0006,0.144,40.0,,feas-1,fs1-7f9da549b693,48.2
E051::nalbari,E051,Assam,Nalbari,2017-06-25,2017,matched,,2339.88,2186.931,EPSG:32646,9856.0,40.0,9.0,3.0,0.0,0.0,3.0,,0.0,0.0,0.0,unavailable,no_post_imagery,,,,,,,,2.0,0.0,6.0,2017-01|2017-02|2017-03|2017-04,0.0,0.24467682533567384,0.0,unavailable,no_post_imagery,,,,,,,,feas-1,fs1-7f9da549b693,10.5
E051::sibsagar,E051,Assam,Sibsagar,2017-06-25,2017,matched,,2638.077,2528.958,EPSG:32646,14647.0,70.0,6.0,4.0,0.0,0.0,2.0,,0.0,0.0,0.0,unavailable,no_post_imagery,,,,,,,,4.0,0.0,4.0,2016-05|2017-01|2017-02|2017-05,0.0,0.1668580783449726,0.0,unavailable,no_post_imagery,,,,,,,,feas-1,fs1-7f9da549b693,7.8
E051::sivasagar,E051,Assam,Sivasagar,2017-06-25,2017,failed,district AOI match failed for Assam/Sivasagar: 0 exact candidates,,,,,,,,,,,,,,,,,,,,,,,,,,,,,,,,,,,,,,,,feas-1,fs1-7f9da549b693,1.7
E051::sonitpur,E051,Assam,Sonitpur,2017-06-25,2017,matched,,4676.158,4405.448,EPSG:32646,19608.0,90.0,13.0,6.0,0.0,0.0,3.0,,0.0,0.0,0.0,unavailable,no_post_imagery,,,,,,,,1.0,0.0,5.0,2017-01|2017-02|2017-03|2017-04,0.0,0.0549813868968359,0.0,unavailable,no_post_imagery,,,,,,,,feas-1,fs1-7f9da549b693,7.8
E051::south%20salmara,E051,Assam,South Salmara,2017-06-25,2017,failed,district AOI match failed for Assam/South Salmara: 0 exact candidates,,,,,,,,,,,,,,,,,,,,,,,,,,,,,,,,,,,,,,,,feas-1,fs1-7f9da549b693,1.6
E052::bishnupur,E052,Manipur,Bishnupur,2017-07-01,2017,matched,,481.85,382.108,EPSG:32646,2340.0,10.0,5.0,2.0,0.0,0.0,2.0,,0.0,0.0,0.0,unavailable,no_post_imagery,,,,,,,,0.0,0.0,4.0,2016-08|2017-01|2017-02|2017-05,0.0,0.0,0.0,unavailable,no_post_imagery,,,,,,,,feas-1,fs1-7f9da549b693,9.4
E052::east%20imphal,E052,Manipur,East Imphal,2017-07-01,2017,matched,,599.53,334.771,EPSG:32646,14450.0,66.0,10.0,5.0,0.0,0.0,2.0,,0.0,0.0,0.0,unavailable,no_post_imagery,,,,,,,,0.0,0.0,4.0,2016-08|2017-01|2017-02|2017-05,0.0,0.0,0.0,unavailable,no_post_imagery,,,,,,,,feas-1,fs1-7f9da549b693,8.3
E052::imphal%20east,E052,Manipur,Imphal East,2017-07-01,2017,failed,district AOI match failed for Manipur/Imphal East: 0 exact candidates,,,,,,,,,,,,,,,,,,,,,,,,,,,,,,,,,,,,,,,,feas-1,fs1-7f9da549b693,1.2
E052::imphal%20west,E052,Manipur,Imphal West,2017-07-01,2017,failed,district AOI match failed for Manipur/Imphal West: 0 exact candidates,,,,,,,,,,,,,,,,,,,,,,,,,,,,,,,,,,,,,,,,feas-1,fs1-7f9da549b693,0.9
E052::thoubal,E052,Manipur,Thoubal,2017-07-01,2017,matched,,715.585,496.595,EPSG:32646,4250.0,24.0,5.0,2.0,0.0,0.0,2.0,,0.0,0.0,0.0,unavailable,no_post_imagery,,,,,,,,0.0,0.0,5.0,2016-08|2017-01|2017-02|2017-05,0.0,0.0,0.0,unavailable,no_post_imagery,,,,,,,,feas-1,fs1-7f9da549b693,10.1
E052::west%20imphal,E052,Manipur,West Imphal,2017-07-01,2017,matched,,489.018,406.621,EPSG:32646,3094.0,18.0,5.0,2.0,0.0,0.0,2.0,,0.0,0.0,0.0,unavailable,no_post_imagery,,,,,,,,0.0,0.0,4.0,2016-08|2017-01|2017-02|2017-05,0.0,0.0,0.0,unavailable,no_post_imagery,,,,,,,,feas-1,fs1-7f9da549b693,7.9
E053::araria,E053,Bihar,Araria,2017-08-11,2017,matched,,2825.348,2819.481,EPSG:32645,11536.0,49.0,14.0,9.0,0.0,0.0,2.0,,0.0,0.0,0.0,unavailable,no_post_imagery,,,,,,,,10.0,1.0,2.0,,0.07417520307359107,0.37405663531957184,0.054810688055695236,unavailable,no_clear_baseline,,,,,,,,feas-1,fs1-7f9da549b693,10.0
E053::jogbani,E053,Bihar,Jogbani,2017-08-11,2017,failed,district AOI match failed for Bihar/Jogbani: 0 exact candidates,,,,,,,,,,,,,,,,,,,,,,,,,,,,,,,,,,,,,,,,feas-1,fs1-7f9da549b693,2.4
E054::district_missing,E054,Uttar Pradesh,district_missing,2017-08-11,2017,unresolved,,,,,,,,,,,,,,,,,,,,,,,,,,,,,,,,,,,,,,,,,feas-1,fs1-7f9da549b693,0.0
E055::district_missing,E055,West Bengal,district_missing,2017-08-11,2017,unresolved,,,,,,,,,,,,,,,,,,,,,,,,,,,,,,,,,,,,,,,,,feas-1,fs1-7f9da549b693,0.0
E056::ambedkar%20nagar,E056,Uttar Pradesh,Ambedkar Nagar,2017-08-16,2017,matched,,2328.994,2311.674,EPSG:32644,12298.0,54.0,11.0,6.0,0.0,1.0,6.0,2017-02|2017-03|2017-04|2017-06,0.8352847623786653,0.0,0.0,unavailable,no_pre_imagery,,,,,,,,7.0,6.0,7.0,2017-03|2017-04|2017-05|2017-06,0.8596148545232446,0.1030032502862437,0.08660421813571038,ok,ok,4582.4,1876.97,194.638,0.0842,0.222,40.0,,feas-1,fs1-7f9da549b693,38.4
E056::azamgarh,E056,Uttar Pradesh,Azamgarh,2017-08-16,2017,matched,,3904.018,3900.87,EPSG:32644,18612.0,81.0,14.0,8.0,0.0,1.0,4.0,2017-02|2017-03|2017-04|2017-05,0.18828355468307842,0.0,0.0,unavailable,no_pre_imagery,,,,,,,,8.0,10.0,6.0,2017-02|2017-03|2017-04|2017-05,0.8777876440769536,0.07599916042965318,0.06640777525030257,ok,ok,8087.0,3312.439,230.256,0.059,0.248,40.0,,feas-1,fs1-7f9da549b693,40.3
E056::badaun,E056,Uttar Pradesh,Badaun,2017-08-16,2017,matched,,5082.708,5079.196,EPSG:32644,26928.0,108.0,12.0,6.0,1.0,0.0,4.0,2017-02|2017-03|2017-04|2017-05,0.0,0.10734964766360648,0.0,unavailable,no_post_imagery,,,,,,,,14.0,1.0,6.0,2016-09|2017-03|2017-04|2017-05,1.7313310555308274e-05,0.7094383335964392,1.7981562805547666e-05,unavailable,no_retained_tiles,0.0,0.0,0.0,0.0,0.0,40.0,,feas-1,fs1-7f9da549b693,40.3
E056::bahraich,E056,Uttar Pradesh,Bahraich,2017-08-16,2017,matched,,3705.01,3628.424,EPSG:32644,26562.0,120.0,13.0,6.0,0.0,0.0,5.0,2017-01|2017-02|2017-04|2017-06,0.0,0.0,0.0,unavailable,no_post_imagery,,,,,,,,3.0,5.0,7.0,2017-02|2017-03|2017-04|2017-05,0.09205310994538275,0.10117698188189389,0.007047291791559439,ok,ok,372.2,152.436,2.761,0.0008,0.008,40.0,,feas-1,fs1-7f9da549b693,38.3
E056::ballia,E056,Uttar Pradesh,Ballia,2017-08-16,2017,matched,,3013.805,2965.235,EPSG:32645,16610.0,70.0,12.0,7.0,0.0,0.0,3.0,,0.0,0.0,0.0,unavailable,no_post_imagery,,,,,,,,2.0,8.0,5.0,2017-02|2017-03|2017-04|2017-05,0.3066931934514092,0.0,0.0,ok,ok,1819.0,745.053,0.0,0.0,0.0,40.0,,feas-1,fs1-7f9da549b693,44.4
E056::balrampur,E056,Uttar Pradesh,Balrampur,2017-08-16,2017,matched,,3379.881,3295.634,EPSG:32644,15870.0,72.0,12.0,5.0,0.0,0.0,4.0,2017-01|2017-02|2017-04|2017-06,0.0,0.0,0.0,unavailable,no_post_imagery,,,,,,,,4.0,4.0,8.0,2017-02|2017-04|2017-05|2017-06,0.13838712532462508,0.1818177542152504,0.06601706318382117,ok,ok,908.4,372.06,156.8,0.0476,0.595,40.0,,feas-1,fs1-7f9da549b693,42.5
E056::bara%20banki,E056,Uttar Pradesh,Bara Banki,2017-08-16,2017,matched,,4440.001,4426.966,EPSG:32644,21170.0,100.0,10.0,4.0,0.0,0.0,5.0,2017-01|2017-02|2017-04|2017-06,0.0,0.0,0.0,unavailable,no_post_imagery,,,,,,,,3.0,5.0,6.0,2017-02|2017-03|2017-04|2017-05,0.0998099196117785,0.00017240388257629702,1.6164229765025876e-05,ok,ok,495.4,202.919,0.001,0.0,0.0,40.0,,feas-1,fs1-7f9da549b693,46.8
E056::barabanki,E056,Uttar Pradesh,Barabanki,2017-08-16,2017,failed,district AOI match failed for Uttar Pradesh/Barabanki: 0 exact candidates,,,,,,,,,,,,,,,,,,,,,,,,,,,,,,,,,,,,,,,,feas-1,fs1-7f9da549b693,2.1
E056::basti,E056,Uttar Pradesh,Basti,2017-08-16,2017,matched,,2522.074,2510.791,EPSG:32644,9912.0,48.0,7.0,3.0,0.0,1.0,6.0,2017-01|2017-03|2017-04|2017-06,0.6812572575032433,0.0,0.0,unavailable,no_pre_imagery,,,,,,,,1.0,2.0,6.0,2017-02|2017-03|2017-04|2017-05,0.691741120228474,0.012282057470160566,0.008344305416430647,ok,ok,4226.3,1731.097,19.948,0.0079,0.128,40.0,,feas-1,fs1-7f9da549b693,28.3
E056::bijnor,E056,Uttar Pradesh,Bijnor,2017-08-16,2017,matched,,4319.742,4298.632,EPSG:32644,18876.0,81.0,10.0,5.0,0.0,0.0,4.0,2017-02|2017-03|2017-04|2017-05,0.0,0.0,0.0,unavailable,no_post_imagery,,,,,,,,15.0,0.0,6.0,2017-03|2017-04|2017-05|2017-07,0.0,0.878575391827811,0.0,unavailable,no_post_imagery,,,,,,,,feas-1,fs1-7f9da549b693,8.8
E056::budaun,E056,Uttar Pradesh,Budaun,2017-08-16,2017,failed,district AOI match failed for Uttar Pradesh/Budaun: 0 exact candidates,,,,,,,,,,,,,,,,,,,,,,,,,,,,,,,,,,,,,,,,feas-1,fs1-7f9da549b693,2.9
E056::deoria,E056,Uttar Pradesh,Deoria,2017-08-16,2017,matched,,2561.429,2540.289,EPSG:32644,12876.0,56.0,7.0,4.0,0.0,0.0,3.0,,0.0,0.0,0.0,unavailable,no_post_imagery,,,,,,,,2.0,8.0,4.0,2017-02|2017-03|2017-04|2017-05,0.5147921256424695,0.08771217652358991,0.06288051820828688,ok,ok,2678.3,1097.031,105.642,0.0416,0.689,40.0,,feas-1,fs1-7f9da549b693,39.0
E056::faizabad,E056,Uttar Pradesh,Faizabad,2017-08-16,2017,matched,,2103.279,2089.931,EPSG:32644,9375.0,40.0,7.0,3.0,0.0,1.0,5.0,2017-01|2017-02|2017-04|2017-06,0.00028975160833844053,0.0,0.0,unavailable,no_pre_imagery,,,,,,,,1.0,3.0,6.0,2017-02|2017-03|2017-04|2017-06,0.004156482165367781,0.0006190314290862287,0.0,ok,ok,8.2,3.373,0.003,0.0,0.0,40.0,,feas-1,fs1-7f9da549b693,18.8
E056::farrukhabad,E056,Uttar Pradesh,Farrukhabad,2017-08-16,2017,matched,,2188.009,2186.185,EPSG:32644,9312.0,42.0,11.0,4.0,0.0,0.0,4.0,2017-02|2017-03|2017-04|2017-05,0.0,0.0,0.0,unavailable,no_post_imagery,,,,,,,,3.0,0.0,4.0,2016-09|2017-03|2017-04|2017-05,0.0,0.6048682100923595,0.0,unavailable,no_post_imagery,,,,,,,,feas-1,fs1-7f9da549b693,7.6
E056::ghazipur,E056,Uttar Pradesh,Ghazipur,2017-08-16,2017,matched,,3392.664,3344.926,EPSG:32644,14484.0,63.0,11.0,6.0,0.0,0.0,3.0,,0.0,0.0,0.0,unavailable,no_post_imagery,,,,,,,,0.0,4.0,6.0,2017-02|2017-03|2017-04|2017-05,0.35881552617353246,0.0,0.0,unavailable,no_pre_imagery,,,,,,,,feas-1,fs1-7f9da549b693,9.8
E056::gonda,E056,Uttar Pradesh,Gonda,2017-08-16,2017,matched,,4014.846,3999.891,EPSG:32644,19780.0,88.0,15.0,6.0,0.0,1.0,5.0,2017-01|2017-02|2017-04|2017-06,0.0020259189801260565,0.0,0.0,unavailable,no_pre_imagery,,,,,,,,3.0,7.0,6.0,2017-02|2017-03|2017-04|2017-05,0.00703611265398571,1.3275667881280372e-05,0.0,ok,ok,36.1,14.804,0.0,0.0,0.0,40.0,,feas-1,fs1-7f9da549b693,105.5
E056::gorakhpur,E056,Uttar Pradesh,Gorakhpur,2017-08-16,2017,matched,,3072.189,3045.218,EPSG:32644,12784.0,54.0,7.0,4.0,0.0,1.0,3.0,,0.014263425817450853,0.0,0.0,unavailable,no_pre_imagery,,,,,,,,1.0,4.0,6.0,2017-02|2017-03|2017-04|2017-05,0.919710638099616,0.07539727156234047,0.06488661342684317,ok,ok,6709.5,2748.222,162.162,0.0533,10.449,40.0,,feas-1,fs1-7f9da549b693,24.0
E056::kushinagar,E056,Uttar Pradesh,Kushinagar,2017-08-16,2017,matched,,2893.161,2885.969,EPSG:32644,18070.0,81.0,9.0,5.0,0.0,0.0,3.0,,0.0,0.0,0.0,unavailable,no_post_imagery,,,,,,,,6.0,8.0,5.0,2017-02|2017-03|2017-04|2017-05,0.6224714865128692,0.4342345497255587,0.3057549206749793,ok,ok,3625.4,1484.978,659.121,0.2284,10.325,40.0,,feas-1,fs1-7f9da549b693,26.1
E056::lakhimpur%20kheri,E056,Uttar Pradesh,Lakhimpur Kheri,2017-08-16,2017,matched,,7708.743,7586.633,EPSG:32644,34475.0,143.0,12.0,5.0,0.0,0.0,5.0,2017-02|2017-04|2017-05|2017-06,0.0,0.0,0.0,unavailable,no_post_imagery,,,,,,,,12.0,6.0,8.0,2017-02|2017-03|2017-04|2017-05,0.2183149585579619,0.6156286693909484,0.10288121853644591,ok,ok,2821.2,1155.551,507.825,0.0669,3.653,40.0,,feas-1,fs1-7f9da549b693,22.1
E056::maharajganj,E056,Uttar Pradesh,Maharajganj,2017-08-16,2017,matched,,3197.023,3142.714,EPSG:32644,12852.0,56.0,12.0,6.0,0.0,0.0,3.0,,0.0,0.0,0.0,unavailable,no_post_imagery,,,,,,,,6.0,7.0,7.0,2017-02|2017-03|2017-05|2017-06,0.9449971395628459,0.7099355057399751,0.6579066676768365,ok,ok,5829.5,2387.762,1408.716,0.4482,46.368,40.0,,feas-1,fs1-7f9da549b693,38.9
E056::mau,E056,Uttar Pradesh,Mau,2017-08-16,2017,matched,,2070.492,2062.767,EPSG:32644,8400.0,42.0,12.0,7.0,0.0,0.0,3.0,,0.0,0.0,0.0,unavailable,no_post_imagery,,,,,,,,1.0,4.0,5.0,2017-02|2017-03|2017-04|2017-05,0.7723254933534519,0.00016454100573270035,9.921702259716457e-05,ok,ok,3499.2,1433.29,0.301,0.0001,0.0,40.0,,feas-1,fs1-7f9da549b693,14.6
E056::mirzapur,E056,Uttar Pradesh,Mirzapur,2017-08-16,2017,matched,,4526.89,4194.523,EPSG:32644,20532.0,88.0,9.0,5.0,0.0,0.0,5.0,2017-02|2017-03|2017-04|2017-05,0.0,0.0,0.0,unavailable,no_post_imagery,,,,,,,,6.0,12.0,7.0,2017-03|2017-04|2017-05|2017-06,0.9591299809610032,0.07058840304446887,0.05338067588463513,ok,ok,10108.8,4140.57,229.99,0.0548,0.893,40.0,,feas-1,fs1-7f9da549b693,39.2
E056::muzaffarnagar,E056,Uttar Pradesh,Muzaffarnagar,2017-08-16,2017,matched,,4053.991,4046.112,EPSG:32643,14536.0,60.0,13.0,6.0,0.0,0.0,3.0,,0.0,0.0,0.0,unavailable,no_post_imagery,,,,,,,,15.0,1.0,8.0,2016-09|2017-03|2017-04|2017-05,0.0010064550784182763,0.8208009098919404,0.00014854836766069586,ok,ok,0.9,0.381,0.048,0.0,0.0,40.0,,feas-1,fs1-7f9da549b693,24.1
E056::pilibhit,E056,Uttar Pradesh,Pilibhit,2017-08-16,2017,matched,,3594.158,3521.09,EPSG:32644,17152.0,72.0,12.0,5.0,0.0,0.0,4.0,2017-02|2017-03|2017-04|2017-05,0.0,0.0,0.0,unavailable,no_post_imagery,,,,,,,,8.0,2.0,4.0,2016-09|2017-03|2017-04|2017-05,0.0009139124098053363,0.3931542703694635,0.0009002980607805673,ok,ok,4.0,1.636,1.295,0.0004,0.0,40.0,,feas-1,fs1-7f9da549b693,29.3
E056::sant%20kabir%20nagar,E056,Uttar Pradesh,Sant Kabir Nagar,2017-08-16,2017,matched,,1329.18,1324.939,EPSG:32644,6993.0,28.0,7.0,4.0,0.0,1.0,4.0,2017-02|2017-03|2017-04|2017-05,0.7982302600902996,0.0,0.0,unavailable,no_pre_imagery,,,,,,,,9.0,10.0,6.0,2017-02|2017-03|2017-04|2017-05,0.971209595669297,0.025080240243994804,0.022871617984287048,ok,ok,3123.6,1279.42,28.395,0.0214,0.774,40.0,,feas-1,fs1-7f9da549b693,17.0
E056::shamli,E056,Uttar Pradesh,Shamli,2017-08-16,2017,failed,district AOI match failed for Uttar Pradesh/Shamli: 0 exact candidates,,,,,,,,,,,,,,,,,,,,,,,,,,,,,,,,,,,,,,,,feas-1,fs1-7f9da549b693,2.8
E056::shravasti,E056,Uttar Pradesh,Shravasti,2017-08-16,2017,matched,,3157.758,3134.779,EPSG:32644,14750.0,64.0,14.0,6.0,0.0,0.0,5.0,2017-01|2017-02|2017-05|2017-06,0.0,0.0,0.0,unavailable,no_post_imagery,,,,,,,,3.0,3.0,7.0,2017-02|2017-04|2017-05|2017-06,0.1321390925734311,0.10586330563341582,0.05370637054950405,ok,ok,748.4,306.553,117.878,0.0376,0.512,40.0,,feas-1,fs1-7f9da549b693,37.6
E056::siddharth%20nagar,E056,Uttar Pradesh,Siddharth Nagar,2017-08-16,2017,matched,,3492.614,3471.431,EPSG:32644,14497.0,63.0,14.0,7.0,0.0,1.0,6.0,2017-02|2017-04|2017-05|2017-06,0.21909001665524613,0.0,0.0,unavailable,no_pre_imagery,,,,,,,,9.0,10.0,9.0,2017-02|2017-04|2017-05|2017-06,0.8469823875396337,0.26000671254264773,0.23504564538050393,ok,ok,7010.4,2871.478,679.277,0.1957,101.902,40.0,,feas-1,fs1-7f9da549b693,93.4
E056::sitapur,E056,Uttar Pradesh,Sitapur,2017-08-16,2017,matched,,5789.793,5766.349,EPSG:32644,24080.0,99.0,19.0,8.0,0.0,0.0,5.0,2017-01|2017-02|2017-04|2017-06,0.0,0.0,0.0,unavailable,no_post_imagery,,,,,,,,4.0,4.0,6.0,2017-02|2017-03|2017-04|2017-05,0.18073083087664685,0.05007740010584519,0.005378823262184101,ok,ok,1192.5,488.463,9.525,0.0017,0.003,40.0,,feas-1,fs1-7f9da549b693,44.7
E057::mumbai%20city,E057,Maharashtra,Mumbai City,2017-08-29,2017,matched,,77.224,68.147,EPSG:32643,578.0,6.0,2.0,2.0,0.0,0.0,4.0,2017-01|2017-02|2017-03|2017-04,0.0,0.0,0.0,unavailable,no_post_imagery,,,,,,,,7.0,8.0,5.0,2017-01|2017-02|2017-03|2017-05,0.8574410933804555,0.5709749539058334,0.422973975543135,ok,ok,152.7,62.534,25.246,0.3705,1.959,40.0,,feas-1,fs1-7f9da549b693,13.7
E057::mumbai%20suburban,E057,Maharashtra,Mumbai Suburban,2017-08-29,2017,matched,,409.399,301.594,EPSG:32643,1800.0,12.0,2.0,2.0,0.0,0.0,4.0,2017-01|2017-02|2017-03|2017-04,0.0,0.0,0.0,unavailable,no_post_imagery,,,,,,,,5.0,6.0,5.0,2017-01|2017-02|2017-04|2017-05,0.6508047767698281,0.38706737396573904,0.23932578589728853,ok,ok,552.3,226.216,75.223,0.2494,3.613,40.0,,feas-1,fs1-7f9da549b693,13.8
E057::palghar,E057,Maharashtra,Palghar,2017-08-29,2017,failed,district AOI match failed for Maharashtra/Palghar: 0 exact candidates,,,,,,,,,,,,,,,,,,,,,,,,,,,,,,,,,,,,,,,,feas-1,fs1-7f9da549b693,2.6
E057::thane,E057,Maharashtra,Thane,2017-08-29,2017,matched,,9454.897,5799.553,EPSG:32643,40090.0,168.0,10.0,6.0,0.0,0.0,5.0,2017-02|2017-03|2017-04|2017-05,0.0,0.0,0.0,unavailable,no_post_imagery,,,,,,,,12.0,12.0,5.0,2017-02|2017-03|2017-04|2017-05,0.453820674720855,0.19614571704960299,0.07447905675251064,ok,ok,8735.6,3578.09,514.855,0.0888,5.994,40.0,,feas-1,fs1-7f9da549b693,33.8
E058::chenai,E058,Tamil Nadu,Chenai,2017-10-30,2017,failed,district AOI match failed for Tamil Nadu/Chenai: 0 exact candidates,,,,,,,,,,,,,,,,,,,,,,,,,,,,,,,,,,,,,,,,feas-1,fs1-7f9da549b693,1.8
E058::chennai,E058,Tamil Nadu,Chennai,2017-10-30,2017,matched,,196.631,192.641,EPSG:32644,768.0,4.0,2.0,1.0,0.0,0.0,2.0,,0.0,0.0,0.0,unavailable,no_post_imagery,,,,,,,,3.0,1.0,8.0,2016-10|2017-02|2017-04|2017-06,0.0601600501874955,0.5610905001437513,0.040026781374325617,ok,ok,7.0,2.866,1.565,0.0081,0.319,40.0,,feas-1,fs1-7f9da549b693,10.2
E059::district_missing,E059,Tripura,district_missing,2018-05-17,2018,unresolved,,,,,,,,,,,,,,,,,,,,,,,,,,,,,,,,,,,,,,,,,feas-1,fs1-7f9da549b693,0.0
E060::dakshin%20kannad,E060,Karnataka,Dakshin Kannad,2018-05-29,2018,matched,,4579.824,2067.557,EPSG:32643,19656.0,80.0,5.0,2.0,0.0,2.0,3.0,,0.303127426205876,0.0,0.0,unavailable,no_pre_imagery,,,,,,,,15.0,6.0,7.0,2016-05|2017-05|2018-02|2018-03,0.47222141534676987,0.9640670561288565,0.21735841232807673,ok,ok,3368.3,1379.67,458.465,0.2217,1.102,40.0,,feas-1,fs1-7f9da549b693,27.5
E060::dakshina%20kannada,E060,Karnataka,Dakshina Kannada,2018-05-29,2018,failed,district AOI match failed for Karnataka/Dakshina Kannada: 0 exact candidates,,,,,,,,,,,,,,,,,,,,,,,,,,,,,,,,,,,,,,,,feas-1,fs1-7f9da549b693,2.7
E060::udupi,E060,Karnataka,Udupi,2018-05-29,2018,matched,,3905.247,2431.958,EPSG:32643,19549.0,88.0,9.0,4.0,1.0,3.0,5.0,2016-05|2018-01|2018-02|2018-03,0.25737155200782386,0.026726871067280757,0.001026751069351947,ok,ok,1610.7,659.725,1.251,0.0005,0.0,40.0,,23.0,7.0,7.0,2017-05|2018-02|2018-03|2018-04,0.518534422597569,0.9969262715593237,0.35551472274198137,ok,ok,2458.0,1006.808,507.815,0.2088,1.586,40.0,,feas-1,fs1-7f9da549b693,120.4
E061::district_missing,E061,Assam,district_missing,2018-06-22,2018,unresolved,,,,,,,,,,,,,,,,,,,,,,,,,,,,,,,,,,,,,,,,,feas-1,fs1-7f9da549b693,0.0
E064::district_missing,E064,Odisha,district_missing,2018-07-20,2018,unresolved,,,,,,,,,,,,,,,,,,,,,,,,,,,,,,,,,,,,,,,,,feas-1,fs1-7f9da549b693,0.0
E065::district_missing,E065,Rajasthan,district_missing,2018-07-26,2018,unresolved,,,,,,,,,,,,,,,,,,,,,,,,,,,,,,,,,,,,,,,,,feas-1,fs1-7f9da549b693,0.0
E066::district_missing,E066,Uttar Pradesh,district_missing,2018-07-26,2018,unresolved,,,,,,,,,,,,,,,,,,,,,,,,,,,,,,,,,,,,,,,,,feas-1,fs1-7f9da549b693,0.0
E067::barpeta,E067,Assam,Barpeta,2018-08-02,2018,matched,,3253.623,2977.258,EPSG:32646,12726.0,56.0,12.0,7.0,0.0,0.0,3.0,,0.0,0.0,0.0,unavailable,no_post_imagery,,,,,,,,13.0,8.0,8.0,2018-01|2018-02|2018-03|2018-04,0.6667605470248206,0.7976172249807479,0.4490649605123014,ok,ok,4504.1,1844.864,782.027,0.2627,7.464,40.0,,feas-1,fs1-7f9da549b693,53.1
E067::darrang,E067,Assam,Darrang,2018-08-02,2018,matched,,3426.968,3280.833,EPSG:32646,12932.0,56.0,10.0,6.0,0.0,0.0,3.0,,0.0,0.0,0.0,unavailable,no_post_imagery,,,,,,,,10.0,6.0,8.0,2018-02|2018-03|2018-04|2018-05,0.32245264180179045,0.4987215475960441,0.1720634739535182,ok,ok,2211.2,905.702,380.275,0.1159,4.341,40.0,,feas-1,fs1-7f9da549b693,45.7
E067::dhemaji,E067,Assam,Dhemaji,2018-08-02,2018,matched,,2503.348,2349.83,EPSG:32646,20291.0,91.0,9.0,5.0,0.0,0.0,1.0,,0.0,0.0,0.0,unavailable,no_post_imagery,,,,,,,,10.0,6.0,9.0,2018-01|2018-02|2018-03|2018-04,0.8221661652621618,0.3534474326246455,0.24827503874654147,ok,ok,4918.0,2014.431,494.732,0.2105,8.768,40.0,,feas-1,fs1-7f9da549b693,69.1
E067::golaghat,E067,Assam,Golaghat,2018-08-02,2018,matched,,3532.268,3374.77,EPSG:32646,27160.0,117.0,12.0,7.0,0.0,0.0,3.0,,0.0,0.0,0.0,unavailable,no_post_imagery,,,,,,,,4.0,4.0,9.0,2018-01|2018-02|2018-03|2018-04,0.9111135776163761,0.6166276460201465,0.49896389723718515,ok,ok,7739.4,3170.046,1415.439,0.4194,46.879,40.0,,feas-1,fs1-7f9da549b693,27.5
E067::lakhimpur,E067,Assam,Lakhimpur,2018-08-02,2018,matched,,2886.524,2724.618,EPSG:32646,16940.0,72.0,11.0,7.0,0.0,0.0,1.0,,0.0,0.0,0.0,unavailable,no_post_imagery,,,,,,,,5.0,4.0,9.0,2018-01|2018-02|2018-03|2018-04,0.9624579630273254,0.4555467398871619,0.4715312002670695,ok,ok,6710.9,2748.766,975.972,0.3582,18.984,40.0,,feas-1,fs1-7f9da549b693,55.3
E067::sivasagar,E067,Assam,Sivasagar,2018-08-02,2018,failed,district AOI match failed for Assam/Sivasagar: 0 exact candidates,,,,,,,,,,,,,,,,,,,,,,,,,,,,,,,,,,,,,,,,feas-1,fs1-7f9da549b693,1.4
E067::sonitpur,E067,Assam,Sonitpur,2018-08-02,2018,matched,,4676.158,4405.448,EPSG:32646,19608.0,90.0,16.0,9.0,0.0,0.0,3.0,,0.0,0.0,0.0,unavailable,no_post_imagery,,,,,,,,17.0,8.0,11.0,2016-08|2017-07|2017-08|2017-09,0.815142108545517,0.5759554377250307,0.4496399006301081,ok,ok,1243.8,509.444,103.021,0.0234,5.501,40.0,,feas-1,fs1-7f9da549b693,34.4
E067::udalguri,E067,Assam,Udalguri,2018-08-02,2018,failed,district AOI match failed for Assam/Udalguri: 0 exact candidates,,,,,,,,,,,,,,,,,,,,,,,,,,,,,,,,,,,,,,,,feas-1,fs1-7f9da549b693,1.6
E068::district_missing,E068,West Bengal,district_missing,2018-08-02,2018,unresolved,,,,,,,,,,,,,,,,,,,,,,,,,,,,,,,,,,,,,,,,,feas-1,fs1-7f9da549b693,0.0
E069::district_missing,E069,Assam,district_missing,2018-08-07,2018,unresolved,,,,,,,,,,,,,,,,,,,,,,,,,,,,,,,,,,,,,,,,,feas-1,fs1-7f9da549b693,0.0
E070::district_missing,E070,Himachal Pradesh,district_missing,2018-08-07,2018,unresolved,,,,,,,,,,,,,,,,,,,,,,,,,,,,,,,,,,,,,,,,,feas-1,fs1-7f9da549b693,0.0
E071::alappuzha,E071,Kerala,Alappuzha,2018-08-07,2018,matched,,1316.691,1147.934,EPSG:32643,9727.0,45.0,4.0,2.0,0.0,0.0,2.0,,0.0,0.0,0.0,unavailable,no_post_imagery,,,,,,,,22.0,10.0,10.0,2016-09|2017-07|2017-08|2017-09,0.16770076423032892,0.6133238337627528,0.07829195175949939,ok,ok,89.4,36.605,13.708,0.0119,0.07,40.0,,feas-1,fs1-7f9da549b693,28.9
E071::chengannur,E071,Kerala,Chengannur,2018-08-07,2018,failed,district AOI match failed for Kerala/Chengannur: 0 exact candidates,,,,,,,,,,,,,,,,,,,,,,,,,,,,,,,,,,,,,,,,feas-1,fs1-7f9da549b693,3.3
E071::thrissur,E071,Kerala,Thrissur,2018-08-07,2018,matched,,2961.767,1693.924,EPSG:32643,16960.0,70.0,5.0,2.0,0.0,0.0,3.0,,0.0,0.0,0.0,unavailable,no_post_imagery,,,,,,,,20.0,9.0,6.0,2018-01|2018-02|2018-03|2018-04,0.015917971888742385,0.037913697146732726,0.007354628052743972,ok,ok,38.9,15.951,6.623,0.0039,0.048,40.0,,feas-1,fs1-7f9da549b693,75.4
E072::district_missing,E072,Maharashtra,district_missing,2018-08-07,2018,unresolved,,,,,,,,,,,,,,,,,,,,,,,,,,,,,,,,,,,,,,,,,feas-1,fs1-7f9da549b693,0.0
E073::district_missing,E073,Nagaland,district_missing,2018-08-07,2018,unresolved,,,,,,,,,,,,,,,,,,,,,,,,,,,,,,,,,,,,,,,,,feas-1,fs1-7f9da549b693,0.0
E074::district_missing,E074,Odisha,district_missing,2018-08-07,2018,unresolved,,,,,,,,,,,,,,,,,,,,,,,,,,,,,,,,,,,,,,,,,feas-1,fs1-7f9da549b693,0.0
E075::district_missing,E075,Uttar Pradesh,district_missing,2018-08-07,2018,unresolved,,,,,,,,,,,,,,,,,,,,,,,,,,,,,,,,,,,,,,,,,feas-1,fs1-7f9da549b693,0.0
E076::district_missing,E076,West Bengal,district_missing,2018-08-07,2018,unresolved,,,,,,,,,,,,,,,,,,,,,,,,,,,,,,,,,,,,,,,,,feas-1,fs1-7f9da549b693,0.0
E077::district_missing,E077,Uttar Pradesh,district_missing,2018-09-01,2018,unresolved,,,,,,,,,,,,,,,,,,,,,,,,,,,,,,,,,,,,,,,,,feas-1,fs1-7f9da549b693,0.0
E078::district_missing,E078,Haryana,district_missing,2018-09-23,2018,unresolved,,,,,,,,,,,,,,,,,,,,,,,,,,,,,,,,,,,,,,,,,feas-1,fs1-7f9da549b693,0.0
E079::district_missing,E079,Punjab,district_missing,2018-09-23,2018,unresolved,,,,,,,,,,,,,,,,,,,,,,,,,,,,,,,,,,,,,,,,,feas-1,fs1-7f9da549b693,0.0
E080::mumbai,E080,Maharashtra,Mumbai,2019-06-28,2019,failed,district AOI match failed for Maharashtra/Mumbai: 0 exact candidates,,,,,,,,,,,,,,,,,,,,,,,,,,,,,,,,,,,,,,,,feas-1,fs1-7f9da549b693,2.3
E080::mumbai%20city,E080,Maharashtra,Mumbai City,2019-06-28,2019,matched,,77.224,68.147,EPSG:32643,578.0,6.0,1.0,1.0,16.0,1.0,5.0,2019-01|2019-02|2019-04|2019-05,0.0,0.9886058287558602,0.0,unavailable,no_retained_tiles,0.0,0.0,0.0,0.0,0.0,40.0,,19.0,1.0,9.0,2016-06|2017-05|2018-05|2018-06,0.0,0.9893317400020699,0.0,unavailable,no_retained_tiles,0.0,0.0,0.0,0.0,0.0,40.0,,feas-1,fs1-7f9da549b693,22.4
E080::pune,E080,Maharashtra,Pune,2019-06-28,2019,matched,,15649.9,10953.587,EPSG:32643,78780.0,323.0,4.0,2.0,37.0,6.0,7.0,2017-05|2019-01|2019-02|2019-05,0.10635894919973839,0.9989910346743972,0.06379116917584253,ok,ok,3586.7,1469.111,744.605,0.068,160.415,40.0,,41.0,8.0,9.0,2016-05|2017-05|2018-05|2018-06,0.08707431692762108,0.9999824738184622,0.08086630635665919,ok,ok,653.9,267.84,199.299,0.0182,2.274,40.0,,feas-1,fs1-7f9da549b693,63.1
E080::ratnagiri,E080,Maharashtra,Ratnagiri,2019-06-28,2019,matched,,8501.126,2798.317,EPSG:32643,38493.0,162.0,2.0,1.0,34.0,2.0,7.0,2017-05|2019-01|2019-02|2019-05,0.11694709347584041,0.8850717893317116,0.02869893183214915,ok,ok,1530.9,627.039,114.176,0.0408,1.144,40.0,,37.0,6.0,7.0,2017-05|2018-05|2019-01|2019-02,0.0170111770684673,0.8667813049567417,0.0037419010526427055,ok,ok,168.3,68.934,9.956,0.0036,0.002,40.0,,feas-1,fs1-7f9da549b693,100.8
E081::baksa,E081,Assam,Baksa,2019-07-14,2019,failed,district AOI match failed for Assam/Baksa: 0 exact candidates,,,,,,,,,,,,,,,,,,,,,,,,,,,,,,,,,,,,,,,,feas-1,fs1-7f9da549b693,2.0
E081::barpeta,E081,Assam,Barpeta,2019-07-14,2019,matched,,3253.623,2977.258,EPSG:32646,12726.0,56.0,12.0,9.0,11.0,4.0,6.0,2019-01|2019-02|2019-03|2019-04,0.2611621987046214,0.9766462424213461,0.28574831131140405,ok,ok,1746.7,715.464,505.894,0.1699,52.407,40.0,,10.0,6.0,11.0,2016-08|2017-06|2018-06|2018-08,0.15107096939425663,0.9471662019167187,0.07532746959503125,ok,ok,445.4,182.431,32.67,0.011,7.406,40.0,,feas-1,fs1-7f9da549b693,107.7
E081::biswanath,E081,Assam,Biswanath,2019-07-14,2019,failed,district AOI match failed for Assam/Biswanath: 0 exact candidates,,,,,,,,,,,,,,,,,,,,,,,,,,,,,,,,,,,,,,,,feas-1,fs1-7f9da549b693,1.5
E081::bongaigaon,E081,Assam,Bongaigaon,2019-07-14,2019,matched,,2332.583,2044.969,EPSG:32646,10830.0,48.0,12.0,8.0,13.0,8.0,6.0,2019-01|2019-02|2019-03|2019-04,0.007654198607704325,0.9869072717056215,0.0020084238470184737,ok,ok,15.5,6.343,0.988,0.0005,0.042,40.0,,13.0,7.0,12.0,2016-08|2017-06|2018-06|2018-08,0.06796477600025443,0.9778000270332056,0.01469399496259258,ok,ok,235.2,96.342,9.159,0.0045,1.49,40.0,,feas-1,fs1-7f9da549b693,84.8
E081::cachar,E081,Assam,Cachar,2019-07-14,2019,matched,,3806.33,1827.769,EPSG:32646,18088.0,81.0,5.0,5.0,13.0,0.0,6.0,2019-01|2019-02|2019-03|2019-04,0.0,0.8998608188988089,0.0,unavailable,no_post_imagery,,,,,,,,12.0,2.0,10.0,2016-08|2018-06|2018-07|2018-08,0.01426728285861084,0.9014817727715153,0.005315955628461191,ok,ok,72.4,29.635,7.554,0.0041,1.358,40.0,,feas-1,fs1-7f9da549b693,82.2
E081::chirang,E081,Assam,Chirang,2019-07-14,2019,failed,district AOI match failed for Assam/Chirang: 0 exact candidates,,,,,,,,,,,,,,,,,,,,,,,,,,,,,,,,,,,,,,,,feas-1,fs1-7f9da549b693,2.5
E081::darrang,E081,Assam,Darrang,2019-07-14,2019,matched,,3426.968,3280.833,EPSG:32646,12932.0,56.0,10.0,8.0,8.0,3.0,5.0,2019-01|2019-02|2019-03|2019-04,0.6036932622488244,0.886704433961954,0.5624872518436752,ok,ok,4538.8,1859.091,1410.736,0.43,42.897,40.0,,7.0,3.0,8.0,2016-06|2016-08|2017-07|2018-06,0.49293513106018283,0.9425723823529031,0.4089208630198458,ok,ok,2046.9,838.396,405.401,0.1236,69.134,40.0,,feas-1,fs1-7f9da549b693,76.4
E081::dhemaji,E081,Assam,Dhemaji,2019-07-14,2019,matched,,2503.348,2349.83,EPSG:32646,20291.0,91.0,8.0,4.0,6.0,1.0,6.0,2019-01|2019-02|2019-03|2019-04,0.00039534877889813047,0.396904878562927,7.324543136069336e-05,unavailable,no_retained_tiles,0.0,0.0,0.0,0.0,0.0,40.0,,6.0,1.0,10.0,2016-08|2017-08|2018-06|2018-08,0.0010086041520030512,0.28187287406870387,0.00019035679420249574,unavailable,no_retained_tiles,0.0,0.0,0.0,0.0,0.0,40.0,,feas-1,fs1-7f9da549b693,121.0
E081::dhubri,E081,Assam,Dhubri,2019-07-14,2019,failed,district AOI match failed for Assam/Dhubri: 0 exact candidates,,,,,,,,,,,,,,,,,,,,,,,,,,,,,,,,,,,,,,,,feas-1,fs1-7f9da549b693,1.5
E081::dibrugarh,E081,Assam,Dibrugarh,2019-07-14,2019,matched,,3397.482,3081.661,EPSG:32646,15301.0,63.0,10.0,5.0,13.0,2.0,6.0,2019-01|2019-02|2019-03|2019-04,3.2022408936082824e-05,0.8726860817989989,8.737713669478917e-06,unavailable,no_retained_tiles,0.0,0.0,0.0,0.0,0.0,40.0,,12.0,2.0,11.0,2016-08|2018-06|2018-07|2018-08,0.011095462984099864,0.8974106236259307,0.01048077155919036,ok,ok,3.8,1.567,0.651,0.0002,0.0,40.0,,feas-1,fs1-7f9da549b693,136.2
E081::goalpara,E081,Assam,Goalpara,2019-07-14,2019,matched,,1904.606,1570.114,EPSG:32646,9240.0,40.0,7.0,5.0,16.0,9.0,6.0,2019-01|2019-02|2019-03|2019-04,0.25011061123460937,0.9145789640180653,0.1822582529381537,ok,ok,876.2,358.885,167.254,0.1065,11.926,40.0,,15.0,8.0,11.0,2016-08|2017-06|2018-07|2018-08,0.16237097993847854,0.8460432445029435,0.05716382129386646,ok,ok,303.5,124.316,19.296,0.0123,3.837,40.0,,feas-1,fs1-7f9da549b693,83.8
E081::golaghat%20jorhat,E081,Assam,Golaghat Jorhat,2019-07-14,2019,failed,district AOI match failed for Assam/Golaghat Jorhat: 0 exact candidates,,,,,,,,,,,,,,,,,,,,,,,,,,,,,,,,,,,,,,,,feas-1,fs1-7f9da549b693,1.6
E081::hailakandi,E081,Assam,Hailakandi,2019-07-14,2019,matched,,1336.461,712.42,EPSG:32646,7482.0,36.0,2.0,3.0,8.0,0.0,6.0,2019-01|2019-02|2019-03|2019-04,0.0,0.9625310233526867,0.0,unavailable,no_post_imagery,,,,,,,,7.0,1.0,9.0,2016-08|2018-06|2018-07|2018-08,0.011807943283763014,0.8230549052231659,0.008008250618213475,ok,ok,12.2,4.977,1.965,0.0028,0.013,40.0,,feas-1,fs1-7f9da549b693,28.3
E081::hojai,E081,Assam,Hojai,2019-07-14,2019,failed,district AOI match failed for Assam/Hojai: 0 exact candidates,,,,,,,,,,,,,,,,,,,,,,,,,,,,,,,,,,,,,,,,feas-1,fs1-7f9da549b693,1.8
E081::kamrup,E081,Assam,Kamrup,2019-07-14,2019,matched,,4348.623,2762.88,EPSG:32646,36084.0,156.0,12.0,10.0,16.0,6.0,6.0,2019-01|2019-02|2019-03|2019-04,0.4781160238205743,0.9248655505469477,0.2890429490927309,ok,ok,4055.6,1661.165,782.156,0.2831,90.722,40.0,,15.0,8.0,8.0,2019-01|2019-02|2019-03|2019-04,0.17607224026980492,0.8906787138201796,0.08603033320803474,ok,ok,1166.5,477.807,178.224,0.0645,33.555,40.0,,feas-1,fs1-7f9da549b693,61.5
E081::karbianglrng,E081,Assam,KarbiAnglrng,2019-07-14,2019,failed,district AOI match failed for Assam/KarbiAnglrng: 0 exact candidates,,,,,,,,,,,,,,,,,,,,,,,,,,,,,,,,,,,,,,,,feas-1,fs1-7f9da549b693,1.6
E081::kokrajhar,E081,Assam,Kokrajhar,2019-07-14,2019,matched,,3329.223,3208.461,EPSG:32646,14070.0,63.0,12.0,9.0,13.0,3.0,6.0,2019-01|2019-02|2019-04|2019-05,0.12986381885271886,0.9740412820241281,0.12336686581232148,ok,ok,808.4,331.135,256.156,0.0798,3.74,40.0,,13.0,3.0,13.0,2016-08|2017-06|2018-06|2018-08,0.047034914246871104,0.9494991671529023,0.046095743351051585,ok,ok,181.4,74.298,56.825,0.0177,0.097,40.0,,feas-1,fs1-7f9da549b693,103.9
E081::lakhimpur,E081,Assam,Lakhimpur,2019-07-14,2019,matched,,2886.524,2724.618,EPSG:32646,16940.0,72.0,8.0,6.0,7.0,0.0,6.0,2019-01|2019-02|2019-03|2019-04,0.0,0.9341122628158205,0.0,unavailable,no_post_imagery,,,,,,,,9.0,0.0,9.0,2016-08|2017-08|2018-06|2018-08,0.0,0.8157644048538086,0.0,unavailable,no_post_imagery,,,,,,,,feas-1,fs1-7f9da549b693,15.9
E081::majuli,E081,Assam,Majuli,2019-07-14,2019,failed,district AOI match failed for Assam/Majuli: 0 exact candidates,,,,,,,,,,,,,,,,,,,,,,,,,,,,,,,,,,,,,,,,feas-1,fs1-7f9da549b693,1.6
E081::morigaon,E081,Assam,Morigaon,2019-07-14,2019,failed,district AOI match failed for Assam/Morigaon: 0 exact candidates,,,,,,,,,,,,,,,,,,,,,,,,,,,,,,,,,,,,,,,,feas-1,fs1-7f9da549b693,1.6
E081::nagaon,E081,Assam,Nagaon,2019-07-14,2019,matched,,3997.442,3464.847,EPSG:32646,24624.0,99.0,5.0,6.0,15.0,2.0,6.0,2019-01|2019-02|2019-03|2019-04,0.16450075695829064,0.9821191570968932,0.14244461911491074,ok,ok,1060.6,434.401,290.824,0.0839,13.572,40.0,,15.0,2.0,11.0,2016-08|2018-06|2018-07|2018-08,0.09776511920496077,0.9622762014548958,0.049242269690913214,ok,ok,407.3,166.83,38.721,0.0112,24.438,40.0,,feas-1,fs1-7f9da549b693,67.3
E081::nalbari,E081,Assam,Nalbari,2019-07-14,2019,matched,,2339.88,2186.931,EPSG:32646,9856.0,40.0,10.0,8.0,6.0,2.0,5.0,2019-01|2019-02|2019-03|2019-04,0.7718106696588276,0.9096867088715062,0.67514325428303,ok,ok,4152.6,1700.887,1239.932,0.567,78.625,40.0,,5.0,2.0,9.0,2016-08|2017-07|2018-07|2018-08,0.41760038183236586,0.9255769624654229,0.3563254464836347,ok,ok,441.4,180.793,115.534,0.0528,9.34,40.0,,feas-1,fs1-7f9da549b693,33.8
E081::sivsagar,E081,Assam,Sivsagar,2019-07-14,2019,failed,district AOI match failed for Assam/Sivsagar: 0 exact candidates,,,,,,,,,,,,,,,,,,,,,,,,,,,,,,,,,,,,,,,,feas-1,fs1-7f9da549b693,1.6
E081::sonitpur,E081,Assam,Sonitpur,2019-07-14,2019,matched,,4676.158,4405.448,EPSG:32646,19608.0,90.0,7.0,8.0,8.0,1.0,6.0,2019-01|2019-02|2019-03|2019-04,0.05682058549804555,0.9535586887321784,0.04616855198479891,ok,ok,423.8,173.609,104.233,0.0237,5.953,40.0,,8.0,1.0,11.0,2016-08|2018-06|2018-07|2018-08,0.06302723449790382,0.936868867711402,0.028930882449622667,ok,ok,198.7,81.381,15.86,0.0036,5.277,40.0,,feas-1,fs1-7f9da549b693,112.4
E081::south%20salmara,E081,Assam,South Salmara,2019-07-14,2019,failed,district AOI match failed for Assam/South Salmara: 0 exact candidates,,,,,,,,,,,,,,,,,,,,,,,,,,,,,,,,,,,,,,,,feas-1,fs1-7f9da549b693,2.3
E081::tinsukia,E081,Assam,Tinsukia,2019-07-14,2019,matched,,3799.19,3540.749,EPSG:32646,16120.0,72.0,6.0,4.0,11.0,2.0,6.0,2019-01|2019-02|2019-03|2019-04,0.0010544694181275902,0.9956744252301857,0.00017763664167301304,ok,ok,2.0,0.819,0.05,0.0,0.005,40.0,,9.0,1.0,13.0,2017-06|2017-07|2018-06|2018-08,0.004941670081836739,0.9909825908710236,0.0017381738755283354,ok,ok,19.0,7.778,1.29,0.0004,0.026,40.0,,feas-1,fs1-7f9da549b693,142.0
E081::west%20karbi-anglong,E081,Assam,West Karbi-Anglong,2019-07-14,2019,failed,district AOI match failed for Assam/West Karbi-Anglong: 0 exact candidates,,,,,,,,,,,,,,,,,,,,,,,,,,,,,,,,,,,,,,,,feas-1,fs1-7f9da549b693,1.4
E082::araria,E082,Bihar,Araria,2019-07-14,2019,matched,,2825.348,2819.481,EPSG:32645,11536.0,49.0,16.0,7.0,18.0,7.0,6.0,2019-01|2019-02|2019-04|2019-05,0.7323724562850216,0.9459496781542448,0.703084354944918,ok,ok,4679.5,1916.719,1704.21,0.6044,327.364,40.0,,18.0,8.0,9.0,2019-03|2019-04|2019-05|2019-06,0.626137324318284,0.7858762888673233,0.509874065850082,ok,ok,3607.3,1477.534,1071.771,0.3801,387.906,40.0,,feas-1,fs1-7f9da549b693,137.0
E082::darbhanga,E082,Bihar,Darbhanga,2019-07-14,2019,matched,,2293.727,2281.568,EPSG:32645,11615.0,56.0,7.0,3.0,9.0,5.0,6.0,2019-01|2019-02|2019-04|2019-05,0.4064668795084184,0.6487378917086531,0.31461644602739025,ok,ok,1876.3,768.536,400.989,0.1758,81.001,40.0,,10.0,7.0,8.0,2019-03|2019-04|2019-05|2019-06,0.4044811495966671,0.4027962094092026,0.14401786772415745,ok,ok,1664.5,681.795,152.656,0.0669,106.574,40.0,,feas-1,fs1-7f9da549b693,126.3
E082::east%20champaran,E082,Bihar,East Champaran,2019-07-14,2019,failed,district AOI match failed for Bihar/East Champaran: 0 exact candidates,,,,,,,,,,,,,,,,,,,,,,,,,,,,,,,,,,,,,,,,feas-1,fs1-7f9da549b693,1.7
E082::katihar,E082,Bihar,Katihar,2019-07-14,2019,matched,,3068.372,2961.571,EPSG:32645,16284.0,72.0,6.0,4.0,18.0,5.0,6.0,2019-01|2019-02|2019-03|2019-04,0.6425853387172025,0.9883482225810702,0.6201936250332346,ok,ok,4259.4,1744.645,1247.902,0.4214,172.487,40.0,,18.0,5.0,9.0,2019-03|2019-04|2019-05|2019-06,0.5520963895899335,0.9552447219347411,0.4671399954022115,ok,ok,3355.8,1374.54,800.191,0.2702,307.745,40.0,,feas-1,fs1-7f9da549b693,140.9
E082::kishanganj,E082,Bihar,Kishanganj,2019-07-14,2019,matched,,1932.754,1923.715,EPSG:32645,11881.0,49.0,8.0,4.0,21.0,6.0,6.0,2019-01|2019-02|2019-04|2019-05,0.8823636722052979,0.9940401151353233,0.8888845866885746,ok,ok,3962.2,1622.908,1432.296,0.7445,94.012,40.0,,22.0,6.0,12.0,2017-08|2018-06|2018-07|2018-08,0.436301959731532,0.9486744041018106,0.4152518874312926,ok,ok,538.9,220.75,164.667,0.0856,30.988,40.0,,feas-1,fs1-7f9da549b693,104.3
E082::madhubani,E082,Bihar,Madhubani,2019-07-14,2019,matched,,3457.423,3431.915,EPSG:32645,16524.0,70.0,16.0,6.0,9.0,5.0,6.0,2019-01|2019-02|2019-04|2019-05,0.7618444016483913,0.8562621643617856,0.6768197107894851,ok,ok,6174.2,2528.96,1870.615,0.5451,392.577,40.0,,10.0,7.0,8.0,2019-03|2019-04|2019-05|2019-06,0.7044841766278888,0.6574775922232095,0.41805979346278244,ok,ok,5120.3,2097.258,947.246,0.276,462.397,40.0,,feas-1,fs1-7f9da549b693,138.3
E082::muzaffarpur,E082,Bihar,Muzaffarpur,2019-07-14,2019,matched,,3192.442,3179.601,EPSG:32645,11868.0,54.0,16.0,6.0,28.0,10.0,7.0,2019-01|2019-02|2019-05|2019-06,0.6607613739538329,0.9971727378706933,0.7067590633859218,ok,ok,4619.7,1892.218,1560.607,0.4908,70.193,40.0,,29.0,14.0,10.0,2016-06|2018-06|2018-07|2018-08,0.42464603416584146,0.9968386341963251,0.3805546125747854,ok,ok,1086.3,444.966,266.22,0.0837,33.669,40.0,,feas-1,fs1-7f9da549b693,354.7
E082::purba%20champaran,E082,Bihar,Purba Champaran,2019-07-14,2019,matched,,3997.205,3974.87,EPSG:32645,16891.0,72.0,17.0,6.0,15.0,5.0,7.0,2018-06|2019-01|2019-02|2019-06,0.6755818164555998,0.9999598318914776,0.6834874641287351,ok,ok,5607.0,2296.638,1916.443,0.4821,397.855,40.0,,16.0,10.0,13.0,2016-06|2017-06|2018-06|2018-08,0.6705463721253911,0.9999509056451393,0.642927588985191,ok,ok,2089.4,855.816,534.133,0.1344,260.5,40.0,,feas-1,fs1-7f9da549b693,240.9
E082::purnia,E082,Bihar,Purnia,2019-07-14,2019,matched,,3252.275,3250.144,EPSG:32645,16560.0,72.0,8.0,5.0,8.0,3.0,6.0,2019-01|2019-02|2019-04|2019-05,0.5997220411838644,0.9341527057744391,0.5722917417314954,ok,ok,3701.9,1516.282,1209.692,0.3722,129.132,40.0,,8.0,4.0,9.0,2019-03|2019-04|2019-05|2019-06,0.4969361530067932,0.8041009192553618,0.4171904526018174,ok,ok,2713.3,1111.364,808.734,0.2488,353.885,40.0,,feas-1,fs1-7f9da549b693,157.0
E082::saharsa,E082,Bihar,Saharsa,2019-07-14,2019,matched,,1692.27,1676.073,EPSG:32645,7476.0,36.0,8.0,3.0,2.0,1.0,6.0,2019-01|2019-02|2019-03|2019-06,0.16847980904183088,0.7096465055075518,0.12002032074458535,ok,ok,441.0,180.646,88.976,0.0531,6.662,40.0,,2.0,2.0,6.0,2019-02|2019-03|2019-04|2019-05,0.2873378856852765,0.3848204240984779,0.08559832039899022,ok,ok,673.1,275.689,49.045,0.0293,19.441,40.0,,feas-1,fs1-7f9da549b693,38.2
E082::sahersa,E082,Bihar,Sahersa,2019-07-14,2019,failed,district AOI match failed for Bihar/Sahersa: 0 exact candidates,,,,,,,,,,,,,,,,,,,,,,,,,,,,,,,,,,,,,,,,feas-1,fs1-7f9da549b693,1.9
E082::sheohar,E082,Bihar,Sheohar,2019-07-14,2019,matched,,575.628,575.564,EPSG:32645,2632.0,12.0,11.0,4.0,5.0,2.0,7.0,2018-06|2019-01|2019-02|2019-05,0.9512798147655095,0.9999689702050693,0.959254195894916,ok,ok,1312.9,537.761,490.376,0.852,51.701,40.0,,6.0,4.0,12.0,2016-06|2017-06|2018-06|2018-08,0.8478951699142893,0.9999845459452698,0.844274105060917,ok,ok,389.7,159.616,129.477,0.225,45.731,40.0,,feas-1,fs1-7f9da549b693,16.9
E082::sitamarhi,E082,Bihar,Sitamarhi,2019-07-14,2019,matched,,2075.161,2054.43,EPSG:32645,9568.0,42.0,14.0,5.0,5.0,2.0,6.0,2019-01|2019-02|2019-04|2019-05,0.4150072816015234,0.9998280255266769,0.4414141030666684,ok,ok,1735.2,710.732,643.692,0.3133,75.643,40.0,,6.0,4.0,9.0,2019-03|2019-04|2019-05|2019-06,0.6819350493553251,0.9999612888832599,0.6575288670481924,ok,ok,3054.9,1251.307,1017.26,0.4952,511.437,40.0,,feas-1,fs1-7f9da549b693,44.2
E082::supaul,E082,Bihar,Supaul,2019-07-14,2019,matched,,2399.293,2378.11,EPSG:32645,10864.0,49.0,16.0,7.0,10.0,5.0,6.0,2019-01|2019-02|2019-03|2019-04,0.8590563160028178,0.8682335938242883,0.7563538248295225,ok,ok,4800.2,1966.177,1368.728,0.5756,110.68,40.0,,10.0,6.0,8.0,2019-02|2019-03|2019-04|2019-05,0.797917769073732,0.5974697517199745,0.4638819636459854,ok,ok,3876.1,1587.652,768.728,0.3233,107.722,40.0,,feas-1,fs1-7f9da549b693,110.1
E084::district_missing,E084,Karnataka,district_missing,2019-07-14,2019,unresolved,,,,,,,,,,,,,,,,,,,,,,,,,,,,,,,,,,,,,,,,,feas-1,fs1-7f9da549b693,0.0
E085::district_missing,E085,Kerala,district_missing,2019-07-14,2019,unresolved,,,,,,,,,,,,,,,,,,,,,,,,,,,,,,,,,,,,,,,,,feas-1,fs1-7f9da549b693,0.0
E086::district_missing,E086,Maharashtra,district_missing,2019-07-14,2019,unresolved,,,,,,,,,,,,,,,,,,,,,,,,,,,,,,,,,,,,,,,,,feas-1,fs1-7f9da549b693,0.0
E087::district_missing,E087,Odisha,district_missing,2019-07-14,2019,unresolved,,,,,,,,,,,,,,,,,,,,,,,,,,,,,,,,,,,,,,,,,feas-1,fs1-7f9da549b693,0.0
E088::district_missing,E088,Punjab,district_missing,2019-07-14,2019,unresolved,,,,,,,,,,,,,,,,,,,,,,,,,,,,,,,,,,,,,,,,,feas-1,fs1-7f9da549b693,0.0
E089::district_missing,E089,Rajasthan,district_missing,2019-07-14,2019,unresolved,,,,,,,,,,,,,,,,,,,,,,,,,,,,,,,,,,,,,,,,,feas-1,fs1-7f9da549b693,0.0
E090::district_missing,E090,Uttar Pradesh,district_missing,2019-07-14,2019,unresolved,,,,,,,,,,,,,,,,,,,,,,,,,,,,,,,,,,,,,,,,,feas-1,fs1-7f9da549b693,0.0
E091::district_missing,E091,Uttarakhand,district_missing,2019-07-14,2019,unresolved,,,,,,,,,,,,,,,,,,,,,,,,,,,,,,,,,,,,,,,,,feas-1,fs1-7f9da549b693,0.0
E092::district_missing,E092,West Bengal,district_missing,2019-07-14,2019,unresolved,,,,,,,,,,,,,,,,,,,,,,,,,,,,,,,,,,,,,,,,,feas-1,fs1-7f9da549b693,0.0
E093::district_missing,E093,Kerala,district_missing,2019-08-12,2019,unresolved,,,,,,,,,,,,,,,,,,,,,,,,,,,,,,,,,,,,,,,,,feas-1,fs1-7f9da549b693,0.0
E094::district_missing,E094,Maharashtra,district_missing,2019-08-12,2019,unresolved,,,,,,,,,,,,,,,,,,,,,,,,,,,,,,,,,,,,,,,,,feas-1,fs1-7f9da549b693,0.0
E095::district_missing,E095,Odisha,district_missing,2019-08-12,2019,unresolved,,,,,,,,,,,,,,,,,,,,,,,,,,,,,,,,,,,,,,,,,feas-1,fs1-7f9da549b693,0.0
E096::district_missing,E096,West Bengal,district_missing,2019-08-12,2019,unresolved,,,,,,,,,,,,,,,,,,,,,,,,,,,,,,,,,,,,,,,,,feas-1,fs1-7f9da549b693,0.0
E097::belagavi,E097,Karnataka,Belagavi,2019-10-19,2019,failed,district AOI match failed for Karnataka/Belagavi: 0 exact candidates,,,,,,,,,,,,,,,,,,,,,,,,,,,,,,,,,,,,,,,,feas-1,fs1-7f9da549b693,1.9
E097::belgaum,E097,Karnataka,Belgaum,2019-10-19,2019,matched,,13380.842,11734.044,EPSG:32643,63433.0,270.0,11.0,6.0,46.0,14.0,12.0,2017-11|2019-01|2019-04|2019-05,0.6824529256618217,0.9924000838547037,0.6113914650637354,ok,ok,19495.0,7985.137,6187.888,0.5273,10.664,40.0,,46.0,15.0,16.0,2016-11|2017-11|2018-10|2018-11,0.5855434490619542,0.9822013151985245,0.5226501406880001,ok,ok,16085.7,6588.723,5110.365,0.4355,157.601,40.0,,feas-1,fs1-7f9da549b693,87.6
E097::gadag,E097,Karnataka,Gadag,2019-10-19,2019,matched,,4647.273,4409.984,EPSG:32643,21156.0,99.0,7.0,3.0,16.0,4.0,13.0,2017-11|2018-09|2018-10|2018-11,0.8226171203006799,0.9976634826985773,0.7762366547023163,ok,ok,4735.3,1939.564,1721.842,0.3904,0.459,40.0,,16.0,4.0,15.0,2016-11|2017-11|2018-10|2018-11,0.8080209056546335,0.9888334580077034,0.7550556402859191,ok,ok,8305.9,3402.105,2949.167,0.6687,76.891,40.0,,feas-1,fs1-7f9da549b693,113.9
E097::koppal,E097,Karnataka,Koppal,2019-10-19,2019,matched,,5575.478,5250.279,EPSG:32643,26274.0,110.0,9.0,5.0,16.0,4.0,12.0,2017-11|2019-01|2019-05|2019-06,0.8802866857867869,0.9971280877721388,0.8246846782385816,ok,ok,9732.2,3986.322,3286.053,0.6259,4.472,40.0,,16.0,4.0,15.0,2016-10|2017-11|2018-10|2018-11,0.8515426770727349,0.9875166570435961,0.7866940627825642,ok,ok,9858.4,4037.996,3288.251,0.6263,33.619,40.0,,feas-1,fs1-7f9da549b693,129.6
E098::district_missing,E098,Kerala,district_missing,2019-10-19,2019,unresolved,,,,,,,,,,,,,,,,,,,,,,,,,,,,,,,,,,,,,,,,,feas-1,fs1-7f9da549b693,0.0
E099::district_missing,E099,Tamil Nadu,district_missing,2019-10-19,2019,unresolved,,,,,,,,,,,,,,,,,,,,,,,,,,,,,,,,,,,,,,,,,feas-1,fs1-7f9da549b693,0.0
E100::district_missing,E100,Puducherry,district_missing,2019-11-29,2019,unresolved,,,,,,,,,,,,,,,,,,,,,,,,,,,,,,,,,,,,,,,,,feas-1,fs1-7f9da549b693,0.0
E101::coimbatore,E101,Tamil Nadu,Coimbatore,2019-11-29,2019,matched,,7435.55,5651.975,EPSG:32643,29870.0,130.0,10.0,4.0,18.0,8.0,13.0,2016-12|2019-01|2019-02|2019-06,0.9607626564405898,0.986573902142884,0.7304821689995091,ok,ok,17064.8,6989.754,4904.327,0.8677,2.585,40.0,,19.0,8.0,15.0,2016-11|2017-12|2018-10|2018-11,0.9611079841619468,0.9847999776972509,0.725499882108108,ok,ok,8799.1,3604.124,2593.452,0.4589,4.03,40.0,,feas-1,fs1-7f9da549b693,49.2
E101::cuddalore,E101,Tamil Nadu,Cuddalore,2019-11-29,2019,matched,,3834.148,3769.434,EPSG:32644,20864.0,88.0,7.0,3.0,24.0,10.0,12.0,2019-03|2019-05|2019-07|2019-08,0.7501110141162518,0.9931019755952933,0.7429563524957583,ok,ok,6360.3,2605.164,2267.836,0.6016,6.846,40.0,,24.0,10.0,18.0,2016-10|2016-11|2017-10|2018-10,0.6294277703281727,0.9748139948582722,0.6125836895965032,ok,ok,3325.6,1362.147,1127.193,0.299,18.417,40.0,,feas-1,fs1-7f9da549b693,104.6
E101::nagapattinam,E101,Tamil Nadu,Nagapattinam,2019-11-29,2019,matched,,4937.704,4792.175,EPSG:32644,20394.0,91.0,10.0,4.0,10.0,3.0,13.0,2019-02|2019-03|2019-04|2019-08,0.5298253709220044,0.9881124847605092,0.5226057693522675,ok,ok,4939.0,2023.015,1684.351,0.3515,8.037,40.0,,10.0,3.0,19.0,2016-10|2017-10|2017-11|2018-11,0.3267089797854166,0.942298219004215,0.2910479221086618,ok,ok,1042.1,426.845,286.605,0.0598,4.342,40.0,,feas-1,fs1-7f9da549b693,113.7
E101::nagappattinam,E101,Tamil Nadu,Nagappattinam,2019-11-29,2019,failed,district AOI match failed for Tamil Nadu/Nagappattinam: 0 exact candidates,,,,,,,,,,,,,,,,,,,,,,,,,,,,,,,,,,,,,,,,feas-1,fs1-7f9da549b693,1.8
E101::thiruvarur,E101,Tamil Nadu,Thiruvarur,2019-11-29,2019,failed,district AOI match failed for Tamil Nadu/Thiruvarur: 0 exact candidates,,,,,,,,,,,,,,,,,,,,,,,,,,,,,,,,,,,,,,,,feas-1,fs1-7f9da549b693,1.9
E101::thoothukkudi,E101,Tamil Nadu,Thoothukkudi,2019-11-29,2019,failed,district AOI match failed for Tamil Nadu/Thoothukkudi: 0 exact candidates,,,,,,,,,,,,,,,,,,,,,,,,,,,,,,,,,,,,,,,,feas-1,fs1-7f9da549b693,2.2
E101::tiruppur,E101,Tamil Nadu,Tiruppur,2019-11-29,2019,failed,district AOI match failed for Tamil Nadu/Tiruppur: 0 exact candidates,,,,,,,,,,,,,,,,,,,,,,,,,,,,,,,,,,,,,,,,feas-1,fs1-7f9da549b693,1.9
E103::darrang,E103,Assam,Darrang,2020-05-24,2020,matched,,3426.968,3280.833,EPSG:32646,12932.0,56.0,12.0,5.0,6.0,1.0,8.0,2017-04|2018-05|2019-04|2019-05,0.00029940038449441494,0.6825766312348813,0.0,unavailable,no_retained_tiles,0.0,0.0,0.0,0.0,0.0,40.0,,6.0,0.0,10.0,2017-04|2018-04|2018-05|2019-04,0.0,0.539343313727313,0.0,unavailable,no_post_imagery,,,,,,,,feas-1,fs1-7f9da549b693,30.2
E103::goalpara,E103,Assam,Goalpara,2020-05-24,2020,matched,,1904.606,1570.114,EPSG:32646,9240.0,40.0,7.0,4.0,25.0,7.0,9.0,2017-04|2017-05|2019-04|2019-05,0.16364096727459737,0.9252734659858479,0.104166259191379,ok,ok,579.2,237.237,103.778,0.0661,8.321,40.0,,25.0,6.0,12.0,2017-04|2018-04|2018-05|2019-04,0.20647355399863196,0.7553031236952272,0.0994334608423191,ok,ok,750.1,307.259,99.316,0.0633,11.471,40.0,,feas-1,fs1-7f9da549b693,69.4
E103::lakhimpur,E103,Assam,Lakhimpur,2020-05-24,2020,matched,,2886.524,2724.618,EPSG:32646,16940.0,72.0,10.0,4.0,8.0,6.0,7.0,2019-04|2020-01|2020-02|2020-03,0.9707189047536751,0.7388437406959599,0.7033058496483822,ok,ok,6837.2,2800.512,1483.057,0.5443,43.491,40.0,,9.0,6.0,9.0,2018-04|2018-05|2018-06|2019-04,0.9612721710130814,0.7404682218509039,0.6765149933580175,ok,ok,3482.5,1426.444,604.571,0.2219,21.432,40.0,,feas-1,fs1-7f9da549b693,96.9
E103::sonitpur,E103,Assam,Sonitpur,2020-05-24,2020,matched,,4676.158,4405.448,EPSG:32646,19608.0,90.0,14.0,5.0,8.0,5.0,9.0,2017-04|2018-05|2019-04|2019-06,0.7749246828806841,0.9557237091911746,0.6921084483009091,ok,ok,4706.2,1927.668,1439.489,0.3268,52.354,40.0,,8.0,5.0,10.0,2017-04|2018-04|2018-05|2019-04,0.7751356762367319,0.9281843019792498,0.6632569268723989,ok,ok,4896.4,2005.583,1444.434,0.3279,79.898,40.0,,feas-1,fs1-7f9da549b693,141.4
E103::sontipur,E103,Assam,Sontipur,2020-05-24,2020,failed,district AOI match failed for Assam/Sontipur: 0 exact candidates,,,,,,,,,,,,,,,,,,,,,,,,,,,,,,,,,,,,,,,,feas-1,fs1-7f9da549b693,1.6
E103::udalguri,E103,Assam,Udalguri,2020-05-24,2020,failed,district AOI match failed for Assam/Udalguri: 0 exact candidates,,,,,,,,,,,,,,,,,,,,,,,,,,,,,,,,,,,,,,,,feas-1,fs1-7f9da549b693,2.4
E104::district_missing,E104,Sikkim,district_missing,2020-05-24,2020,unresolved,,,,,,,,,,,,,,,,,,,,,,,,,,,,,,,,,,,,,,,,,feas-1,fs1-7f9da549b693,0.0
E106::district_missing,E106,Arunachal Pradesh,district_missing,2020-06-01,2020,unresolved,,,,,,,,,,,,,,,,,,,,,,,,,,,,,,,,,,,,,,,,,feas-1,fs1-7f9da549b693,0.0
E107::district_missing,E107,Assam,district_missing,2020-06-01,2020,unresolved,,,,,,,,,,,,,,,,,,,,,,,,,,,,,,,,,,,,,,,,,feas-1,fs1-7f9da549b693,0.0
E108::district_missing,E108,Bihar,district_missing,2020-06-01,2020,unresolved,,,,,,,,,,,,,,,,,,,,,,,,,,,,,,,,,,,,,,,,,feas-1,fs1-7f9da549b693,0.0
E109::district_missing,E109,Chhattisgarh,district_missing,2020-06-01,2020,unresolved,,,,,,,,,,,,,,,,,,,,,,,,,,,,,,,,,,,,,,,,,feas-1,fs1-7f9da549b693,0.0
E110::district_missing,E110,Gujarat,district_missing,2020-06-01,2020,unresolved,,,,,,,,,,,,,,,,,,,,,,,,,,,,,,,,,,,,,,,,,feas-1,fs1-7f9da549b693,0.0
E111::district_missing,E111,Karnataka,district_missing,2020-06-01,2020,unresolved,,,,,,,,,,,,,,,,,,,,,,,,,,,,,,,,,,,,,,,,,feas-1,fs1-7f9da549b693,0.0
E112::district_missing,E112,Kerala,district_missing,2020-06-01,2020,unresolved,,,,,,,,,,,,,,,,,,,,,,,,,,,,,,,,,,,,,,,,,feas-1,fs1-7f9da549b693,0.0
E113::district_missing,E113,Madhya Pradesh,district_missing,2020-06-01,2020,unresolved,,,,,,,,,,,,,,,,,,,,,,,,,,,,,,,,,,,,,,,,,feas-1,fs1-7f9da549b693,0.0
E114::district_missing,E114,Maharashtra,district_missing,2020-06-01,2020,unresolved,,,,,,,,,,,,,,,,,,,,,,,,,,,,,,,,,,,,,,,,,feas-1,fs1-7f9da549b693,0.0
E115::district_missing,E115,Odisha,district_missing,2020-06-01,2020,unresolved,,,,,,,,,,,,,,,,,,,,,,,,,,,,,,,,,,,,,,,,,feas-1,fs1-7f9da549b693,0.0
E116::district_missing,E116,Uttar Pradesh,district_missing,2020-06-01,2020,unresolved,,,,,,,,,,,,,,,,,,,,,,,,,,,,,,,,,,,,,,,,,feas-1,fs1-7f9da549b693,0.0
E117::district_missing,E117,West Bengal,district_missing,2020-06-01,2020,unresolved,,,,,,,,,,,,,,,,,,,,,,,,,,,,,,,,,,,,,,,,,feas-1,fs1-7f9da549b693,0.0
E118::district_missing,E118,Andhra Pradesh,district_missing,2020-10-01,2020,unresolved,,,,,,,,,,,,,,,,,,,,,,,,,,,,,,,,,,,,,,,,,feas-1,fs1-7f9da549b693,0.0
E119::district_missing,E119,Karnataka,district_missing,2020-10-01,2020,unresolved,,,,,,,,,,,,,,,,,,,,,,,,,,,,,,,,,,,,,,,,,feas-1,fs1-7f9da549b693,0.0
E120::bauda,E120,Odisha,Bauda,2020-10-01,2020,failed,district AOI match failed for Odisha/Bauda: 0 exact candidates,,,,,,,,,,,,,,,,,,,,,,,,,,,,,,,,,,,,,,,,feas-1,fs1-7f9da549b693,3.0
E120::gajapati,E120,Odisha,Gajapati,2020-10-01,2020,matched,,4080.383,1042.176,EPSG:32645,16524.0,70.0,7.0,3.0,19.0,13.0,14.0,2017-11|2018-11|2019-10|2019-11,0.7735414043035985,0.9293036298387263,0.2233804380071844,ok,ok,6940.5,2842.812,708.054,0.6794,0.803,40.0,,18.0,14.0,18.0,2017-10|2017-11|2018-10|2019-10,0.6774897303917082,0.8801306680963851,0.20583903812572854,ok,ok,5211.8,2134.738,581.003,0.5575,0.932,40.0,,feas-1,fs1-7f9da549b693,105.7
E120::ganjam,E120,Odisha,Ganjam,2020-10-01,2020,matched,,8417.728,5776.197,EPSG:32645,38925.0,165.0,7.0,3.0,18.0,9.0,14.0,2017-11|2018-11|2019-09|2019-11,0.9113390070362178,0.9817705667431458,0.6519851387475962,ok,ok,17175.8,7035.19,4813.334,0.8333,31.506,40.0,,16.0,10.0,18.0,2017-09|2017-10|2017-11|2018-11,0.8272884360227617,0.9709553093323643,0.6126811323954064,ok,ok,13872.3,5682.074,4073.507,0.7052,55.697,40.0,,feas-1,fs1-7f9da549b693,70.6
E120::kalahandi,E120,Odisha,Kalahandi,2020-10-01,2020,matched,,7938.93,4933.971,EPSG:32644,45540.0,182.0,6.0,2.0,20.0,10.0,15.0,2017-10|2017-11|2018-10|2019-09,0.4531431884307343,0.9651319654877072,0.28955330377140354,ok,ok,3191.6,1307.284,600.328,0.1217,3.089,40.0,,20.0,10.0,16.0,2017-10|2017-11|2018-10|2018-11,0.23002660136761074,0.8808985845283752,0.13003788824018223,ok,ok,3328.3,1363.266,642.169,0.1302,1.277,40.0,,feas-1,fs1-7f9da549b693,54.7
E120::kandhamal,E120,Odisha,Kandhamal,2020-10-01,2020,matched,,8088.529,2217.338,EPSG:32645,34905.0,156.0,10.0,4.0,32.0,13.0,16.0,2017-10|2017-11|2018-11|2019-11,0.75684157585994,0.9343590351543282,0.21196569764872278,ok,ok,12913.6,5289.406,1232.619,0.5559,3.743,40.0,,30.0,14.0,17.0,2017-10|2017-11|2018-10|2019-11,0.6900196983060274,0.830427515809347,0.18920021615886512,ok,ok,12343.8,5056.039,1142.934,0.5155,3.109,40.0,,feas-1,fs1-7f9da549b693,76.4
E120::koraput,E120,Odisha,Koraput,2020-10-01,2020,matched,,8608.989,3876.488,EPSG:32644,38280.0,154.0,6.0,2.0,25.0,7.0,13.0,2017-11|2018-10|2018-11|2019-09,0.4624961210222888,0.9571126706551752,0.2582879460203045,ok,ok,6449.8,2641.851,1256.701,0.3242,1.984,40.0,,25.0,7.0,15.0,2017-10|2017-11|2018-10|2018-11,0.32943390766432396,0.9256532294405835,0.17565588484728908,ok,ok,5684.0,2328.154,1023.026,0.2639,1.708,40.0,,feas-1,fs1-7f9da549b693,56.7
E120::malkangiri,E120,Odisha,Malkangiri,2020-10-01,2020,matched,,5849.646,3389.243,EPSG:32644,28175.0,121.0,5.0,2.0,13.0,6.0,15.0,2017-10|2017-11|2018-11|2019-11,0.6464521766861613,0.9682467784261928,0.4463049574484658,ok,ok,6303.7,2581.995,1635.977,0.4827,1.884,40.0,,13.0,6.0,15.0,2017-10|2017-11|2018-10|2018-11,0.6225004243315777,0.9250311252190972,0.3991598614164905,ok,ok,7974.9,3266.512,1873.892,0.5529,2.251,40.0,,feas-1,fs1-7f9da549b693,79.4
E120::nabarangapur,E120,Odisha,Nabarangapur,2020-10-01,2020,failed,district AOI match failed for Odisha/Nabarangapur: 0 exact candidates,,,,,,,,,,,,,,,,,,,,,,,,,,,,,,,,,,,,,,,,feas-1,fs1-7f9da549b693,3.0
E120::nuapada,E120,Odisha,Nuapada,2020-10-01,2020,matched,,3881.857,2788.483,EPSG:32644,16617.0,72.0,8.0,3.0,7.0,3.0,13.0,2017-11|2018-10|2018-11|2019-09,0.21417547027060532,0.953342767419911,0.15789142495653255,ok,ok,1024.6,419.691,200.039,0.0717,0.464,40.0,,7.0,3.0,15.0,2017-10|2017-11|2018-10|2018-11,0.06421730339258999,0.841633061125126,0.03956051429805306,ok,ok,347.2,142.195,57.566,0.0206,0.036,40.0,,feas-1,fs1-7f9da549b693,206.8
E120::rayagada,E120,Odisha,Rayagada,2020-10-01,2020,matched,,7404.114,2635.051,EPSG:32644,34960.0,144.0,7.0,3.0,26.0,11.0,16.0,2017-10|2017-11|2018-11|2019-10,0.7285688654899468,0.9657572684425798,0.30029252608412427,ok,ok,11067.4,4533.224,1543.895,0.5859,2.149,40.0,,27.0,11.0,18.0,2017-10|2017-11|2018-10|2019-10,0.6051116453406259,0.9189720509284119,0.27439933018405077,ok,ok,9512.2,3896.21,1450.64,0.5505,2.763,40.0,,feas-1,fs1-7f9da549b693,59.4
E121::district_missing,E121,Telangana,district_missing,2020-10-01,2020,unresolved,,,,,,,,,,,,,,,,,,,,,,,,,,,,,,,,,,,,,,,,,feas-1,fs1-7f9da549b693,0.0
E122::district_missing,E122,Bihar,district_missing,2021-06-01,2021,unresolved,,,,,,,,,,,,,,,,,,,,,,,,,,,,,,,,,,,,,,,,,feas-1,fs1-7f9da549b693,0.0
E124::district_missing,E124,Gujarat,district_missing,2021-06-01,2021,unresolved,,,,,,,,,,,,,,,,,,,,,,,,,,,,,,,,,,,,,,,,,feas-1,fs1-7f9da549b693,0.0
E125::district_missing,E125,Karnataka,district_missing,2021-06-01,2021,unresolved,,,,,,,,,,,,,,,,,,,,,,,,,,,,,,,,,,,,,,,,,feas-1,fs1-7f9da549b693,0.0
E126::district_missing,E126,Kerala,district_missing,2021-06-01,2021,unresolved,,,,,,,,,,,,,,,,,,,,,,,,,,,,,,,,,,,,,,,,,feas-1,fs1-7f9da549b693,0.0
E127::district_missing,E127,Maharashtra,district_missing,2021-06-01,2021,unresolved,,,,,,,,,,,,,,,,,,,,,,,,,,,,,,,,,,,,,,,,,feas-1,fs1-7f9da549b693,0.0
E128::district_missing,E128,Tripura,district_missing,2021-06-01,2021,unresolved,,,,,,,,,,,,,,,,,,,,,,,,,,,,,,,,,,,,,,,,,feas-1,fs1-7f9da549b693,0.0
E129::district_missing,E129,Uttar Pradesh,district_missing,2021-06-01,2021,unresolved,,,,,,,,,,,,,,,,,,,,,,,,,,,,,,,,,,,,,,,,,feas-1,fs1-7f9da549b693,0.0
E130::district_missing,E130,Uttarakhand,district_missing,2021-06-01,2021,unresolved,,,,,,,,,,,,,,,,,,,,,,,,,,,,,,,,,,,,,,,,,feas-1,fs1-7f9da549b693,0.0
E131::district_missing,E131,West Bengal,district_missing,2021-06-01,2021,unresolved,,,,,,,,,,,,,,,,,,,,,,,,,,,,,,,,,,,,,,,,,feas-1,fs1-7f9da549b693,0.0
E132::district_missing,E132,Goa,district_missing,2021-06-01,2021,unresolved,,,,,,,,,,,,,,,,,,,,,,,,,,,,,,,,,,,,,,,,,feas-1,fs1-7f9da549b693,0.0
E133::district_missing,E133,Himachal Pradesh,district_missing,2021-06-01,2021,unresolved,,,,,,,,,,,,,,,,,,,,,,,,,,,,,,,,,,,,,,,,,feas-1,fs1-7f9da549b693,0.0
E134::district_missing,E134,Jharkhand,district_missing,2021-06-01,2021,unresolved,,,,,,,,,,,,,,,,,,,,,,,,,,,,,,,,,,,,,,,,,feas-1,fs1-7f9da549b693,0.0
E135::district_missing,E135,Karnataka,district_missing,2021-06-01,2021,unresolved,,,,,,,,,,,,,,,,,,,,,,,,,,,,,,,,,,,,,,,,,feas-1,fs1-7f9da549b693,0.0
E136::pune,E136,Maharashtra,Pune,2021-06-01,2021,matched,,15649.9,10953.587,EPSG:32643,78780.0,323.0,10.0,4.0,51.0,25.0,11.0,2019-05|2019-06|2020-05|2020-06,0.7194766066465694,0.9999933521380374,0.5270835086279104,ok,ok,17860.2,7315.53,4736.598,0.4324,6.907,40.0,,48.0,24.0,12.0,2018-05|2019-05|2019-06|2020-05,0.6410608087896937,0.9999709911477994,0.47495770147495264,ok,ok,21074.1,8631.931,5585.115,0.5099,109.853,40.0,,feas-1,fs1-7f9da549b693,100.7
E136::raigarh,E136,Maharashtra,Raigarh,2021-06-01,2021,matched,,6912.843,3043.059,EPSG:32643,31746.0,126.0,5.0,2.0,62.0,30.0,11.0,2019-05|2019-06|2019-07|2020-05,0.8550346796372442,0.999804546694216,0.39946992774020673,ok,ok,9325.7,3819.789,1581.675,0.5198,14.797,40.0,,53.0,34.0,11.0,2018-05|2019-05|2019-06|2020-05,0.7678566977476157,0.9998084595175011,0.36626363197062295,ok,ok,11513.8,4716.033,2012.963,0.6615,90.047,40.0,,feas-1,fs1-7f9da549b693,225.9
E136::ratnagiri,E136,Maharashtra,Ratnagiri,2021-06-01,2021,matched,,8501.126,2798.317,EPSG:32643,38493.0,162.0,10.0,4.0,45.0,17.0,11.0,2019-05|2019-06|2019-07|2020-05,0.27542748640959597,0.9999914296193883,0.09464480925721419,ok,ok,1019.0,417.38,95.629,0.0342,0.97,40.0,,37.0,20.0,8.0,2018-05|2019-05|2020-05|2021-02,0.13309013933408356,0.9999562910588805,0.046579245404486054,ok,ok,2085.0,854.028,245.936,0.0879,2.786,40.0,,feas-1,fs1-7f9da549b693,82.2
E136::satara,E136,Maharashtra,Satara,2021-06-01,2021,matched,,10502.606,7092.74,EPSG:32643,42903.0,180.0,4.0,2.0,29.0,12.0,11.0,2019-05|2019-06|2019-07|2020-05,0.6388952359718356,0.9999474981226053,0.4590157962850273,ok,ok,6726.3,2755.082,1836.94,0.259,1.73,40.0,,26.0,12.0,11.0,2018-05|2019-05|2019-06|2020-05,0.5330845816391271,0.9997058084456331,0.3783077887173575,ok,ok,8395.3,3438.701,2151.913,0.3034,56.508,40.0,,feas-1,fs1-7f9da549b693,61.8
E137::district_missing,E137,Uttarakhand,district_missing,2021-06-01,2021,unresolved,,,,,,,,,,,,,,,,,,,,,,,,,,,,,,,,,,,,,,,,,feas-1,fs1-7f9da549b693,0.0
E138::district_missing,E138,West Bengal,district_missing,2021-06-01,2021,unresolved,,,,,,,,,,,,,,,,,,,,,,,,,,,,,,,,,,,,,,,,,feas-1,fs1-7f9da549b693,0.0
E139::bongaigaon,E139,Assam,Bongaigaon,2021-07-01,2021,matched,,2332.583,2044.969,EPSG:32646,10830.0,48.0,13.0,5.0,14.0,1.0,12.0,2019-06|2019-07|2019-08|2020-06,0.2661002625055486,0.8845782107527991,0.25661893722370965,ok,ok,965.2,395.361,281.5,0.1377,1.157,40.0,,13.0,1.0,14.0,2018-06|2019-06|2019-07|2019-08,0.06802236756803219,0.8161135621641293,0.014128324475799973,ok,ok,198.1,81.141,6.944,0.0034,0.838,40.0,,feas-1,fs1-7f9da549b693,66.7
E139::chirang,E139,Assam,Chirang,2021-07-01,2021,failed,district AOI match failed for Assam/Chirang: 0 exact candidates,,,,,,,,,,,,,,,,,,,,,,,,,,,,,,,,,,,,,,,,feas-1,fs1-7f9da549b693,2.2
E139::dhemaji,E139,Assam,Dhemaji,2021-07-01,2021,matched,,2503.348,2349.83,EPSG:32646,20291.0,91.0,10.0,3.0,8.0,3.0,9.0,2021-01|2021-02|2021-03|2021-04,0.2425836778984242,0.6303628000723069,0.13884309425705874,ok,ok,1091.1,446.908,205.002,0.0872,1.558,40.0,,9.0,3.0,11.0,2018-06|2018-08|2019-08|2020-08,0.14393305443967516,0.6278860900690103,0.07249394983926379,ok,ok,507.6,207.896,77.975,0.0332,2.387,40.0,,feas-1,fs1-7f9da549b693,98.7
E139::dhemaji%20and%20dibrugarh,E139,Assam,Dhemaji and Dibrugarh,2021-07-01,2021,failed,district AOI match failed for Assam/Dhemaji and Dibrugarh: 0 exact candidates,,,,,,,,,,,,,,,,,,,,,,,,,,,,,,,,,,,,,,,,feas-1,fs1-7f9da549b693,2.6
E139::dibrugarh,E139,Assam,Dibrugarh,2021-07-01,2021,matched,,3397.482,3081.661,EPSG:32646,15301.0,63.0,11.0,3.0,16.0,5.0,11.0,2019-06|2019-07|2019-08|2020-06,0.40823979230742163,0.6991705674481321,0.31368108548797397,ok,ok,1107.9,453.809,233.948,0.0759,0.644,40.0,,16.0,5.0,14.0,2018-06|2019-06|2020-06|2020-08,0.3108303346203662,0.7387586514710057,0.1839709117130157,ok,ok,986.9,404.22,170.044,0.0552,1.824,40.0,,feas-1,fs1-7f9da549b693,222.9
E140::district_missing,E140,Himachal Pradesh,district_missing,2021-07-28,2021,unresolved,,,,,,,,,,,,,,,,,,,,,,,,,,,,,,,,,,,,,,,,,feas-1,fs1-7f9da549b693,0.0
E141::district_missing,E141,Jammu and Kashmir,district_missing,2021-07-28,2021,unresolved,,,,,,,,,,,,,,,,,,,,,,,,,,,,,,,,,,,,,,,,,feas-1,fs1-7f9da549b693,0.0
E142::devbhumi%20dwarka,E142,Gujarat,Devbhumi Dwarka,2021-09-13,2021,failed,district AOI match failed for Gujarat/Devbhumi Dwarka: 0 exact candidates,,,,,,,,,,,,,,,,,,,,,,,,,,,,,,,,,,,,,,,,feas-1,fs1-7f9da549b693,3.8
E142::gir%20somnath,E142,Gujarat,Gir Somnath,2021-09-13,2021,failed,district AOI match failed for Gujarat/Gir Somnath: 0 exact candidates,,,,,,,,,,,,,,,,,,,,,,,,,,,,,,,,,,,,,,,,feas-1,fs1-7f9da549b693,3.0
E142::jamnagar,E142,Gujarat,Jamnagar,2021-09-13,2021,matched,,10822.719,10211.102,EPSG:32642,62101.0,252.0,8.0,3.0,28.0,15.0,16.0,2018-09|2018-10|2019-10|2020-10,0.3977113692830013,0.910264341928269,0.3289857315036672,ok,ok,8745.6,3582.209,2607.817,0.2554,50.984,40.0,,27.0,15.0,14.0,2018-09|2018-10|2019-10|2020-10,0.1729063773297392,0.5117982901958761,0.08759179515311646,ok,ok,3819.9,1564.622,738.257,0.0723,62.156,40.0,,feas-1,fs1-7f9da549b693,278.7
E142::junagadh,E142,Gujarat,Junagadh,2021-09-13,2021,matched,,8217.263,7466.112,EPSG:32642,35070.0,154.0,7.0,3.0,35.0,14.0,16.0,2018-10|2019-08|2019-10|2020-10,0.49071810876002403,0.6777949170237827,0.31000782911102753,ok,ok,6952.1,2847.569,1677.431,0.2247,14.696,40.0,,36.0,16.0,15.0,2018-09|2018-10|2019-08|2020-10,0.25921879410914694,0.4591411825407973,0.13575898146123078,ok,ok,2841.2,1163.764,592.679,0.0794,18.457,40.0,,feas-1,fs1-7f9da549b693,77.5
E142::morbi,E142,Gujarat,Morbi,2021-09-13,2021,failed,district AOI match failed for Gujarat/Morbi: 0 exact candidates,,,,,,,,,,,,,,,,,,,,,,,,,,,,,,,,,,,,,,,,feas-1,fs1-7f9da549b693,3.2
E142::porbandar,E142,Gujarat,Porbandar,2021-09-13,2021,matched,,2369.393,2253.369,EPSG:32642,16632.0,72.0,7.0,3.0,13.0,5.0,16.0,2018-09|2018-10|2019-08|2019-10,0.5069393026312016,0.8100818785948238,0.39099046307631574,ok,ok,2226.0,911.785,571.645,0.2537,31.249,40.0,,12.0,5.0,15.0,2018-09|2018-10|2019-10|2020-10,0.311914572038166,0.4779773151821635,0.1506240206058196,ok,ok,1449.0,593.499,233.539,0.1036,60.666,40.0,,feas-1,fs1-7f9da549b693,106.2
E142::rajkot,E142,Gujarat,Rajkot,2021-09-13,2021,matched,,11175.752,10973.558,EPSG:32642,67782.0,270.0,10.0,4.0,25.0,11.0,16.0,2018-09|2018-10|2019-10|2020-08,0.36066721689741793,0.8383732396118482,0.29925631396632923,ok,ok,4499.9,1843.149,1239.65,0.113,3.086,40.0,,23.0,11.0,15.0,2018-09|2018-10|2019-09|2019-10,0.1158273102976789,0.501781210877849,0.05170491342842829,ok,ok,1797.2,736.141,294.075,0.0268,4.827,40.0,,feas-1,fs1-7f9da549b693,68.0
E142::valsad,E142,Gujarat,Valsad,2021-09-13,2021,matched,,3025.875,1906.299,EPSG:32643,13500.0,56.0,2.0,2.0,15.0,9.0,11.0,2018-10|2019-10|2020-09|2020-10,0.4188605727196419,0.6852131895455329,0.1567448825329177,ok,ok,2514.4,1029.887,296.704,0.1556,1.394,40.0,,16.0,10.0,12.0,2018-09|2018-10|2019-10|2020-10,0.23973872945753527,0.4683690325706885,0.06803788401828743,ok,ok,1384.8,567.226,133.843,0.0702,2.483,40.0,,feas-1,fs1-7f9da549b693,195.0
E143::achankovil,E143,Kerala,Achankovil,2021-10-11,2021,failed,district AOI match failed for Kerala/Achankovil: 0 exact candidates,,,,,,,,,,,,,,,,,,,,,,,,,,,,,,,,,,,,,,,,feas-1,fs1-7f9da549b693,1.9
E143::idukki,E143,Kerala,Idukki,2021-10-11,2021,matched,,5010.411,579.609,EPSG:32643,25192.0,108.0,2.0,1.0,16.0,6.0,15.0,2019-09|2019-11|2020-09|2020-10,0.7243359516182306,0.8605805319006709,0.07515003239110103,ok,ok,3250.2,1331.271,116.881,0.2017,0.24,40.0,,14.0,6.0,16.0,2018-09|2018-11|2019-11|2020-10,0.5576857122723843,0.7310606486964984,0.04953557797193365,ok,ok,5561.6,2278.015,158.337,0.2732,0.427,40.0,,feas-1,fs1-7f9da549b693,74.2
E143::kollam,E143,Kerala,Kollam,2021-10-11,2021,matched,,2363.019,970.596,EPSG:32643,9514.0,45.0,4.0,2.0,17.0,6.0,16.0,2018-11|2019-11|2020-10|2020-11,0.35213142749924475,0.9830010273723269,0.09973348931853955,ok,ok,976.8,400.109,71.273,0.0734,0.116,40.0,,15.0,6.0,17.0,2018-09|2018-11|2020-10|2020-11,0.17447294232620061,0.9618903735872157,0.05276599522502727,ok,ok,728.7,298.475,64.283,0.0662,0.034,40.0,,feas-1,fs1-7f9da549b693,92.8
E143::kottayam,E143,Kerala,Kottayam,2021-10-11,2021,matched,,2143.386,954.557,EPSG:32643,8216.0,35.0,2.0,1.0,8.0,3.0,16.0,2019-10|2019-11|2020-10|2020-11,0.5443839850645068,0.8464102110174025,0.1943757411386073,ok,ok,1990.9,815.452,212.668,0.2228,2.78,40.0,,6.0,3.0,13.0,2018-09|2018-11|2020-10|2020-11,0.2246454749824588,0.6265925152341942,0.04408990382364275,ok,ok,818.3,335.18,43.187,0.0452,2.555,40.0,,feas-1,fs1-7f9da549b693,184.6
E143::pathanamthitta,E143,Kerala,Pathanamthitta,2021-10-11,2021,failed,district AOI match failed for Kerala/Pathanamthitta: 0 exact candidates,,,,,,,,,,,,,,,,,,,,,,,,,,,,,,,,,,,,,,,,feas-1,fs1-7f9da549b693,1.9
E143::pattanamtitta,E143,Kerala,Pattanamtitta,2021-10-11,2021,matched,,2645.154,632.816,EPSG:32643,10147.0,45.0,4.0,2.0,8.0,3.0,17.0,2018-11|2019-11|2020-10|2020-11,0.47884641185703236,0.9055543851950022,0.13244159132367353,ok,ok,991.8,406.221,34.924,0.0552,0.032,40.0,,6.0,3.0,17.0,2018-11|2019-11|2020-10|2020-11,0.17988256782263742,0.7968683779430493,0.04828123668138241,ok,ok,791.9,324.352,62.16,0.0982,0.523,40.0,,feas-1,fs1-7f9da549b693,226.7
E143::thiruvananthapuram,E143,Kerala,Thiruvananthapuram,2021-10-11,2021,matched,,2047.56,898.883,EPSG:32643,9792.0,42.0,2.0,1.0,9.0,3.0,15.0,2019-09|2019-11|2020-10|2020-11,0.5690396735728162,0.9971871707369165,0.26902297323645047,ok,ok,1804.2,738.99,246.588,0.2743,0.398,40.0,,9.0,3.0,16.0,2018-09|2018-11|2020-10|2020-11,0.38401725959246025,0.9895171854876005,0.1805112127499023,ok,ok,1368.8,560.673,190.065,0.2114,0.25,40.0,,feas-1,fs1-7f9da549b693,85.0
E144::naini%20tal,E144,Uttarakhand,Naini Tal,2021-10-18,2021,matched,,4068.963,1549.208,EPSG:32644,18857.0,77.0,17.0,7.0,11.0,4.0,17.0,2018-11|2019-11|2020-10|2020-11,1.0,0.9999230285750378,0.38073571129172895,ok,ok,9917.0,4062.006,1373.181,0.8864,9.146,40.0,,12.0,4.0,17.0,2019-10|2020-09|2020-10|2020-11,0.9999727916912852,0.9999508238118298,0.38072283044334804,ok,ok,9129.6,3739.499,1321.133,0.8528,7.992,40.0,,feas-1,fs1-7f9da549b693,306.8
E144::nainital,E144,Uttarakhand,Nainital,2021-10-18,2021,failed,district AOI match failed for Uttarakhand/Nainital: 0 exact candidates,,,,,,,,,,,,,,,,,,,,,,,,,,,,,,,,,,,,,,,,feas-1,fs1-7f9da549b693,12.6
E145::district_missing,E145,Tamil Nadu,district_missing,2021-11-06,2021,unresolved,,,,,,,,,,,,,,,,,,,,,,,,,,,,,,,,,,,,,,,,,feas-1,fs1-7f9da549b693,0.0
E146::anantapur,E146,Andhra Pradesh,Anantapur,2021-11-18,2021,matched,,19296.692,16657.638,EPSG:32643,77184.0,306.0,13.0,5.0,27.0,11.0,19.0,2018-10|2018-11|2018-12|2020-12,0.5096011561028541,0.9829923535960182,0.43834871769696704,ok,ok,11208.3,4590.929,3436.646,0.2063,19.539,40.0,,26.0,10.0,17.0,2018-10|2018-11|2018-12|2019-10,0.32491478066234064,0.8952576412910288,0.26827437069298876,ok,ok,10041.9,4113.178,2971.298,0.1784,52.469,40.0,,feas-1,fs1-7f9da549b693,129.8
E146::chittoor,E146,Andhra Pradesh,Chittoor,2021-11-18,2021,matched,,15225.848,10922.136,EPSG:32644,79968.0,315.0,10.0,4.0,21.0,8.0,17.0,2018-12|2019-10|2019-11|2020-12,0.34562675650944297,0.8257211228154329,0.23674042068825368,ok,ok,11090.9,4542.822,2802.369,0.2566,75.833,40.0,,18.0,7.0,19.0,2018-10|2018-11|2018-12|2019-10,0.3334672205837083,0.49985624142762675,0.1810363431514614,ok,ok,9921.4,4063.797,2004.081,0.1835,120.725,40.0,,feas-1,fs1-7f9da549b693,167.0
E146::cuddapah,E146,Andhra Pradesh,Cuddapah,2021-11-18,2021,matched,,15205.023,10581.177,EPSG:32644,67334.0,289.0,9.0,4.0,14.0,6.0,16.0,2018-11|2018-12|2019-10|2019-11,0.33245642340866144,0.8626118460729696,0.17771252819984337,ok,ok,1866.1,764.361,353.371,0.0334,7.003,40.0,,14.0,6.0,16.0,2018-10|2018-11|2018-12|2019-11,0.25561710290004314,0.5596103735465833,0.07378540820223295,ok,ok,7526.0,3082.662,749.472,0.0708,31.29,40.0,,feas-1,fs1-7f9da549b693,181.3
E146::kadapa,E146,Andhra Pradesh,Kadapa,2021-11-18,2021,failed,district AOI match failed for Andhra Pradesh/Kadapa: 0 exact candidates,,,,,,,,,,,,,,,,,,,,,,,,,,,,,,,,,,,,,,,,feas-1,fs1-7f9da549b693,7.6
E146::nellore,E146,Andhra Pradesh,Nellore,2021-11-18,2021,matched,,13465.479,11642.811,EPSG:32644,64414.0,266.0,9.0,4.0,23.0,17.0,17.0,2019-10|2020-10|2020-11|2020-12,0.6890386112039507,0.8785018839718485,0.5439062802975363,ok,ok,20405.5,8358.083,5650.549,0.4853,721.193,40.0,,21.0,16.0,19.0,2018-10|2019-10|2019-11|2020-11,0.6193084230895527,0.691736000577912,0.39473835353664094,ok,ok,18007.7,7375.948,4027.095,0.3459,1002.833,40.0,,feas-1,fs1-7f9da549b693,242.0
E146::y.s.r.,E146,Andhra Pradesh,Y.S.R.,2021-11-18,2021,failed,district AOI match failed for Andhra Pradesh/Y.S.R.: 0 exact candidates,,,,,,,,,,,,,,,,,,,,,,,,,,,,,,,,,,,,,,,,feas-1,fs1-7f9da549b693,3.1
E148::cachar,E148,Assam,Cachar,2022-05-17,2022,matched,,3806.33,1827.769,EPSG:32646,18088.0,81.0,10.0,5.0,21.0,4.0,13.0,2019-04|2020-04|2020-05|2021-04,0.795704555746923,0.9950908488740878,0.44352413779834654,ok,ok,7040.5,2883.806,1270.662,0.6952,60.961,40.0,,21.0,7.0,12.0,2019-04|2020-04|2020-05|2021-04,0.4257398215218032,0.9932193755507143,0.2255537057727419,ok,ok,3097.5,1268.743,489.015,0.2675,49.367,40.0,,feas-1,fs1-7f9da549b693,156.7
E148::dima%20hasao,E148,Assam,Dima Hasao,2022-05-17,2022,failed,district AOI match failed for Assam/Dima Hasao: 0 exact candidates,,,,,,,,,,,,,,,,,,,,,,,,,,,,,,,,,,,,,,,,feas-1,fs1-7f9da549b693,107.1
E148::udalguri,E148,Assam,Udalguri,2022-05-17,2022,failed,district AOI match failed for Assam/Udalguri: 0 exact candidates,,,,,,,,,,,,,,,,,,,,,,,,,,,,,,,,,,,,,,,,feas-1,fs1-7f9da549b693,1.8
E150::district_missing,E150,Gujarat,district_missing,2022-05-17,2022,unresolved,,,,,,,,,,,,,,,,,,,,,,,,,,,,,,,,,,,,,,,,,feas-1,fs1-7f9da549b693,0.0
E151::district_missing,E151,Himachal Pradesh,district_missing,2022-05-17,2022,unresolved,,,,,,,,,,,,,,,,,,,,,,,,,,,,,,,,,,,,,,,,,feas-1,fs1-7f9da549b693,0.0
E152::district_missing,E152,Madhya Pradesh,district_missing,2022-05-17,2022,unresolved,,,,,,,,,,,,,,,,,,,,,,,,,,,,,,,,,,,,,,,,,feas-1,fs1-7f9da549b693,0.0
E153::district_missing,E153,Maharashtra,district_missing,2022-05-17,2022,unresolved,,,,,,,,,,,,,,,,,,,,,,,,,,,,,,,,,,,,,,,,,feas-1,fs1-7f9da549b693,0.0
E154::east%20khasi%20hills,E154,Meghalaya,East Khasi Hills,2022-05-17,2022,matched,,2889.632,513.881,EPSG:32646,12446.0,56.0,14.0,6.0,15.0,3.0,10.0,2019-04|2020-04|2021-04|2021-05,0.29731779160684413,0.9360214025464031,0.052685273885721425,ok,ok,1345.2,551.003,72.908,0.1419,0.103,40.0,,16.0,4.0,9.0,2019-04|2020-04|2021-04|2021-05,0.25122198217545716,0.9636440560459132,0.04382675950125384,ok,ok,1047.3,428.954,50.715,0.0987,0.052,40.0,,feas-1,fs1-7f9da549b693,100.7
E154::ri%20bhoi,E154,Meghalaya,Ri Bhoi,2022-05-17,2022,matched,,2389.731,374.909,EPSG:32646,12533.0,60.0,7.0,4.0,8.0,2.0,12.0,2019-05|2019-06|2020-04|2021-04,0.3794946059049916,0.9927761403612777,0.05147684465123886,ok,ok,1483.9,607.806,56.468,0.1506,0.011,40.0,,8.0,2.0,10.0,2019-05|2020-04|2021-04|2021-05,0.1767252907819773,0.9971209336196409,0.026908808035405272,ok,ok,726.9,297.722,31.032,0.0828,0.024,40.0,,feas-1,fs1-7f9da549b693,97.9
E154::ri-bhoi,E154,Meghalaya,Ri-Bhoi,2022-05-17,2022,matched,,2389.731,374.909,EPSG:32646,12533.0,60.0,7.0,4.0,8.0,2.0,12.0,2019-05|2019-06|2020-04|2021-04,0.3794946059049916,0.9927761403612777,0.05147684465123886,ok,ok,1483.9,607.806,56.468,0.1506,0.011,40.0,,8.0,2.0,10.0,2019-05|2020-04|2021-04|2021-05,0.1767252907819773,0.9971209336196409,0.026908808035405272,ok,ok,726.9,297.722,31.032,0.0828,0.024,40.0,,feas-1,fs1-7f9da549b693,104.4
E156::district_missing,E156,Himachal Pradesh,district_missing,2022-08-01,2022,unresolved,,,,,,,,,,,,,,,,,,,,,,,,,,,,,,,,,,,,,,,,,feas-1,fs1-7f9da549b693,0.0
E157::district_missing,E157,Jharkhand,district_missing,2022-08-01,2022,unresolved,,,,,,,,,,,,,,,,,,,,,,,,,,,,,,,,,,,,,,,,,feas-1,fs1-7f9da549b693,0.0
E158::district_missing,E158,Uttarakhand,district_missing,2022-08-01,2022,unresolved,,,,,,,,,,,,,,,,,,,,,,,,,,,,,,,,,,,,,,,,,feas-1,fs1-7f9da549b693,0.0
E159::district_missing,E159,Uttar Pradesh,district_missing,2022-09-18,2022,unresolved,,,,,,,,,,,,,,,,,,,,,,,,,,,,,,,,,,,,,,,,,feas-1,fs1-7f9da549b693,0.0
E160::bajali,E160,Assam,Bajali,2023-06-14,2023,failed,district AOI match failed for Assam/Bajali: 0 exact candidates,,,,,,,,,,,,,,,,,,,,,,,,,,,,,,,,,,,,,,,,feas-1,fs1-7f9da549b693,38.8
E160::baksa,E160,Assam,Baksa,2023-06-14,2023,failed,district AOI match failed for Assam/Baksa: 0 exact candidates,,,,,,,,,,,,,,,,,,,,,,,,,,,,,,,,,,,,,,,,feas-1,fs1-7f9da549b693,6.0
E160::barpet%20distrcits,E160,Assam,Barpet distrcits,2023-06-14,2023,failed,district AOI match failed for Assam/Barpet distrcits: 0 exact candidates,,,,,,,,,,,,,,,,,,,,,,,,,,,,,,,,,,,,,,,,feas-1,fs1-7f9da549b693,1.6
E160::lakhimpur,E160,Assam,Lakhimpur,2023-06-14,2023,matched,,2886.524,2724.618,EPSG:32646,16940.0,72.0,9.0,5.0,13.0,0.0,11.0,2020-05|2021-05|2021-07|2022-05,0.0,0.9931608365376706,0.0,unavailable,no_post_imagery,,,,,,,,17.0,3.0,10.0,2020-05|2021-06|2021-07|2022-05,0.0332621346815216,0.9955663551211625,0.027133438220150834,ok,ok,76.1,31.171,11.249,0.0041,1.167,40.0,,feas-1,fs1-7f9da549b693,68.9
E160::nalbari,E160,Assam,Nalbari,2023-06-14,2023,matched,,2339.88,2186.931,EPSG:32646,9856.0,40.0,12.0,3.0,9.0,2.0,13.0,2020-05|2021-05|2021-07|2022-05,0.8275921068928361,0.9976062770517014,0.7807104943425474,ok,ok,1589.8,651.195,455.791,0.2084,42.235,40.0,,10.0,2.0,12.0,2020-05|2021-05|2022-05|2022-07,0.852349918712965,0.9976458617605325,0.8061411296108006,ok,ok,1676.7,686.778,473.067,0.2163,74.876,40.0,,feas-1,fs1-7f9da549b693,130.2
E161::district_missing,E161,Sikkim,district_missing,2023-06-14,2023,unresolved,,,,,,,,,,,,,,,,,,,,,,,,,,,,,,,,,,,,,,,,,feas-1,fs1-7f9da549b693,0.0
E162::district_missing,E162,Assam,district_missing,2023-06-25,2023,unresolved,,,,,,,,,,,,,,,,,,,,,,,,,,,,,,,,,,,,,,,,,feas-1,fs1-7f9da549b693,0.0
E163::district_missing,E163,Bihar,district_missing,2023-06-25,2023,unresolved,,,,,,,,,,,,,,,,,,,,,,,,,,,,,,,,,,,,,,,,,feas-1,fs1-7f9da549b693,0.0
E164::district_missing,E164,Chhattisgarh,district_missing,2023-06-25,2023,unresolved,,,,,,,,,,,,,,,,,,,,,,,,,,,,,,,,,,,,,,,,,feas-1,fs1-7f9da549b693,0.0
E165::district_missing,E165,Delhi,district_missing,2023-06-25,2023,unresolved,,,,,,,,,,,,,,,,,,,,,,,,,,,,,,,,,,,,,,,,,feas-1,fs1-7f9da549b693,0.0
E166::district_missing,E166,Gujarat,district_missing,2023-06-25,2023,unresolved,,,,,,,,,,,,,,,,,,,,,,,,,,,,,,,,,,,,,,,,,feas-1,fs1-7f9da549b693,0.0
E167::district_missing,E167,Himachal Pradesh,district_missing,2023-06-25,2023,unresolved,,,,,,,,,,,,,,,,,,,,,,,,,,,,,,,,,,,,,,,,,feas-1,fs1-7f9da549b693,0.0
E168::district_missing,E168,Karnataka,district_missing,2023-06-25,2023,unresolved,,,,,,,,,,,,,,,,,,,,,,,,,,,,,,,,,,,,,,,,,feas-1,fs1-7f9da549b693,0.0
E169::district_missing,E169,Madhya Pradesh,district_missing,2023-06-25,2023,unresolved,,,,,,,,,,,,,,,,,,,,,,,,,,,,,,,,,,,,,,,,,feas-1,fs1-7f9da549b693,0.0
E170::district_missing,E170,Maharashtra,district_missing,2023-06-25,2023,unresolved,,,,,,,,,,,,,,,,,,,,,,,,,,,,,,,,,,,,,,,,,feas-1,fs1-7f9da549b693,0.0
E171::district_missing,E171,Punjab,district_missing,2023-06-25,2023,unresolved,,,,,,,,,,,,,,,,,,,,,,,,,,,,,,,,,,,,,,,,,feas-1,fs1-7f9da549b693,0.0
E172::district_missing,E172,Uttarakhand,district_missing,2023-06-25,2023,unresolved,,,,,,,,,,,,,,,,,,,,,,,,,,,,,,,,,,,,,,,,,feas-1,fs1-7f9da549b693,0.0
E173::district_missing,E173,Delhi,district_missing,2023-06-26,2023,unresolved,,,,,,,,,,,,,,,,,,,,,,,,,,,,,,,,,,,,,,,,,feas-1,fs1-7f9da549b693,0.0
E174::district_missing,E174,Haryana,district_missing,2023-06-26,2023,unresolved,,,,,,,,,,,,,,,,,,,,,,,,,,,,,,,,,,,,,,,,,feas-1,fs1-7f9da549b693,0.0
E175::hamirpur,E175,Himachal Pradesh,Hamirpur,2023-06-26,2023,matched,,1122.326,322.009,EPSG:32643,5312.0,24.0,11.0,4.0,18.0,6.0,14.0,2020-05|2020-06|2022-05|2022-06,0.7360023671097787,1.0,0.22490189299443988,ok,ok,1788.4,732.519,183.068,0.5685,1.294,40.0,,20.0,6.0,14.0,2020-05|2020-06|2021-07|2022-06,0.774792957266838,1.0,0.23293367270897214,ok,ok,1916.3,784.92,189.99,0.59,1.078,40.0,,feas-1,fs1-7f9da549b693,109.6
E175::mandi,E175,Himachal Pradesh,Mandi,2023-06-26,2023,matched,,3951.272,203.916,EPSG:32643,16644.0,80.0,12.0,5.0,27.0,10.0,14.0,2020-05|2021-06|2022-05|2022-06,0.5472784819816455,0.9989599315676653,0.0379536661760696,ok,ok,4776.5,1956.451,119.08,0.584,0.815,40.0,,30.0,12.0,14.0,2020-06|2021-06|2022-05|2022-06,0.5636906434780169,0.99986622295989,0.04073136947978287,ok,ok,4982.0,2040.614,131.434,0.6445,0.818,40.0,,feas-1,fs1-7f9da549b693,205.0
E175::solan,E175,Himachal Pradesh,Solan,2023-06-26,2023,matched,,1957.742,342.523,EPSG:32643,10379.0,49.0,7.0,3.0,11.0,5.0,14.0,2020-05|2021-05|2021-06|2022-05,0.6163568751081884,1.0,0.1527341322603961,ok,ok,2543.4,1041.78,249.328,0.7279,0.473,40.0,,14.0,6.0,14.0,2020-05|2021-05|2021-07|2022-05,0.5080814723856123,0.9999563351087593,0.128032156688748,ok,ok,2052.5,840.685,197.932,0.5779,0.076,40.0,,feas-1,fs1-7f9da549b693,69.8
E175::solan%20and%20hamirpur,E175,Himachal Pradesh,Solan and Hamirpur,2023-06-26,2023,failed,district AOI match failed for Himachal Pradesh/Solan and Hamirpur: 0 exact candidates,,,,,,,,,,,,,,,,,,,,,,,,,,,,,,,,,,,,,,,,feas-1,fs1-7f9da549b693,1.4
E176::district_missing,E176,Punjab,district_missing,2023-06-26,2023,unresolved,,,,,,,,,,,,,,,,,,,,,,,,,,,,,,,,,,,,,,,,,feas-1,fs1-7f9da549b693,0.0
E177::district_missing,E177,Uttarakhand,district_missing,2023-06-26,2023,unresolved,,,,,,,,,,,,,,,,,,,,,,,,,,,,,,,,,,,,,,,,,feas-1,fs1-7f9da549b693,0.0
E178::district_missing,E178,Telangana,district_missing,2023-07-27,2023,unresolved,,,,,,,,,,,,,,,,,,,,,,,,,,,,,,,,,,,,,,,,,feas-1,fs1-7f9da549b693,0.0
E179::kanniyakumari,E179,Tamil Nadu,Kanniyakumari,2023-12-18,2023,matched,,1598.6,828.963,EPSG:32643,7482.0,36.0,5.0,1.0,5.0,6.0,18.0,2021-12|2022-01|2022-11|2023-01,0.9412722285313031,0.9928288481805143,0.5096588655442387,ok,ok,3602.2,1475.472,692.892,0.8359,3.945,40.0,,3.0,5.0,18.0,2021-01|2021-12|2022-11|2023-01,0.94631394435681,0.9653863473119794,0.4983997575225648,ok,ok,3645.9,1493.343,679.598,0.8198,5.491,40.0,,feas-1,fs1-7f9da549b693,92.2
E179::kanniyakumari%20and%20tenkasi,E179,Tamil Nadu,Kanniyakumari and Tenkasi,2023-12-18,2023,failed,district AOI match failed for Tamil Nadu/Kanniyakumari and Tenkasi: 0 exact candidates,,,,,,,,,,,,,,,,,,,,,,,,,,,,,,,,,,,,,,,,feas-1,fs1-7f9da549b693,91.6
E179::thoothukkudi,E179,Tamil Nadu,Thoothukkudi,2023-12-18,2023,failed,district AOI match failed for Tamil Nadu/Thoothukkudi: 0 exact candidates,,,,,,,,,,,,,,,,,,,,,,,,,,,,,,,,,,,,,,,,feas-1,fs1-7f9da549b693,1.7
E179::thoothukudi,E179,Tamil Nadu,Thoothukudi,2023-12-18,2023,matched,,4753.76,4693.413,EPSG:32643,22386.0,96.0,10.0,2.0,18.0,9.0,19.0,2021-12|2022-01|2022-11|2023-01,0.4191829384222188,0.9561464923458274,0.3998156050023649,ok,ok,3621.6,1483.419,1263.256,0.2692,12.212,40.0,,12.0,11.0,20.0,2021-01|2022-01|2022-11|2023-01,0.30960924340932494,0.8710497940308246,0.2663188955860416,ok,ok,2915.8,1194.307,945.486,0.2014,18.176,40.0,,feas-1,fs1-7f9da549b693,167.6
E179::tirunelveli,E179,Tamil Nadu,Tirunelveli,2023-12-18,2023,failed,district AOI match failed for Tamil Nadu/Tirunelveli: 0 exact candidates,,,,,,,,,,,,,,,,,,,,,,,,,,,,,,,,,,,,,,,,feas-1,fs1-7f9da549b693,101.3
E180::district_missing,E180,Assam,district_missing,2024-05-01,2024,unresolved,,,,,,,,,,,,,,,,,,,,,,,,,,,,,,,,,,,,,,,,,feas-1,fs1-7f9da549b693,0.0
E181::district_missing,E181,Meghalaya,district_missing,2024-05-01,2024,unresolved,,,,,,,,,,,,,,,,,,,,,,,,,,,,,,,,,,,,,,,,,feas-1,fs1-7f9da549b693,0.0
E182::district_missing,E182,Assam,district_missing,2024-07-09,2024,unresolved,,,,,,,,,,,,,,,,,,,,,,,,,,,,,,,,,,,,,,,,,feas-1,fs1-7f9da549b693,0.0
E183::auraiya,E183,Uttar Pradesh,Auraiya,2024-07-09,2024,failed,Too Many Requests: Exceeded Earth Engine concurrency limit. Your project is in Restricted Mode. Learn more at https://developers.google.com/earth-engine/guides/noncommercial_tiers#restricted_mode,,,,,,,,,,,,,,,,,,,,,,,,,,,,,,,,,,,,,,,,feas-1,fs1-7f9da549b693,154.1
E183::chandauli,E183,Uttar Pradesh,Chandauli,2024-07-09,2024,matched,,2540.739,2315.674,EPSG:32644,12212.0,54.0,13.0,8.0,14.0,4.0,15.0,2021-06|2022-06|2023-06|2023-08,0.6929938822681497,0.9061920782739987,0.5572831222066259,ok,ok,3850.8,1577.269,1153.702,0.4982,37.361,40.0,,10.0,6.0,14.0,2022-06|2022-07|2023-06|2023-08,0.7206421583664568,0.45760022480567397,0.3377524940842744,ok,ok,4103.3,1680.712,721.482,0.3116,57.936,40.0,,feas-1,fs1-7f9da549b693,97.1
E183::deoria,E183,Uttar Pradesh,Deoria,2024-07-09,2024,matched,,2561.429,2540.289,EPSG:32644,12876.0,56.0,11.0,7.0,14.0,7.0,14.0,2021-06|2022-06|2022-07|2023-06,0.3517310340294342,0.7936449488476749,0.2757186033973699,ok,ok,1256.1,514.488,317.343,0.1249,5.27,40.0,,11.0,8.0,12.0,2022-06|2022-08|2023-06|2023-08,0.23036581287733954,0.24212455833500518,0.05166862549687402,ok,ok,606.3,248.349,34.713,0.0137,2.549,40.0,,feas-1,fs1-7f9da549b693,79.1
E183::hathras,E183,Uttar Pradesh,Hathras,2024-07-09,2024,matched,,1623.499,1580.101,EPSG:32644,9595.0,42.0,8.0,5.0,14.0,9.0,14.0,2021-06|2021-08|2022-06|2023-06,0.9117610131269932,1.0,0.8864700410142867,ok,ok,2396.1,981.448,730.726,0.4625,4.024,40.0,,14.0,10.0,14.0,2021-06|2021-08|2022-06|2023-06,0.6504577154874088,0.9837116475640416,0.6153208037497823,ok,ok,1145.7,469.266,330.23,0.209,11.391,40.0,,feas-1,fs1-7f9da549b693,147.4
E183::mainpuri,E183,Uttar Pradesh,Mainpuri,2024-07-09,2024,matched,,2755.037,2742.835,EPSG:32644,10998.0,48.0,16.0,6.0,16.0,8.0,14.0,2021-06|2021-07|2022-06|2023-06,0.8028807499067081,1.0,0.7997238843245642,ok,ok,4917.4,2014.175,1833.676,0.6685,78.261,40.0,,16.0,8.0,12.0,2021-07|2022-06|2023-06|2023-08,0.33395322831060936,0.9871892175441627,0.3276195669116952,ok,ok,1072.9,439.449,303.155,0.1105,45.186,40.0,,feas-1,fs1-7f9da549b693,101.7
E183::pratapgarh,E183,Uttar Pradesh,Pratapgarh,2024-07-09,2024,matched,,3722.846,3695.744,EPSG:32644,18444.0,77.0,8.0,3.0,12.0,8.0,15.0,2021-06|2022-06|2022-07|2023-06,0.6971468973200813,1.0,0.6955071867725304,ok,ok,4433.7,1816.045,1494.084,0.4043,10.144,40.0,,12.0,8.0,12.0,2021-06|2022-06|2023-06|2023-08,0.5753044391421582,1.0,0.5697908749515692,ok,ok,4021.0,1647.013,1307.002,0.3537,37.807,40.0,,feas-1,fs1-7f9da549b693,196.2
E183::prayagraj,E183,Uttar Pradesh,Prayagraj,2024-07-09,2024,failed,district AOI match failed for Uttar Pradesh/Prayagraj: 0 exact candidates,,,,,,,,,,,,,,,,,,,,,,,,,,,,,,,,,,,,,,,,feas-1,fs1-7f9da549b693,24.3
E183::sultanpur,E183,Uttar Pradesh,Sultanpur,2024-07-09,2024,matched,,4427.494,4407.248,EPSG:32644,21720.0,96.0,10.0,4.0,19.0,12.0,14.0,2021-06|2022-06|2022-08|2023-06,0.7626805148305431,1.0,0.7587894918277484,ok,ok,5811.1,2380.222,1993.613,0.4523,27.468,40.0,,19.0,12.0,12.0,2021-06|2022-06|2023-06|2023-08,0.6253961735978935,0.9999939379680592,0.6206967569939797,ok,ok,5616.8,2300.639,1940.421,0.4403,63.516,40.0,,feas-1,fs1-7f9da549b693,75.3
E183::varanasi%20and%20siddharthnagar,E183,Uttar Pradesh,Varanasi and Siddharthnagar,2024-07-09,2024,failed,district AOI match failed for Uttar Pradesh/Varanasi and Siddharthnagar: 0 exact candidates,,,,,,,,,,,,,,,,,,,,,,,,,,,,,,,,,,,,,,,,feas-1,fs1-7f9da549b693,19.6
E184::kullu,E184,Himachal Pradesh,Kullu,2024-07-31,2024,matched,,5505.982,106.636,EPSG:32643,25668.0,108.0,14.0,5.0,16.0,4.0,12.0,2021-06|2021-07|2021-08|2022-08,0.19618765223836393,0.25975666740472264,0.004757430663073589,ok,ok,1340.3,549.006,15.744,0.1476,0.709,40.0,,20.0,8.0,15.0,2021-06|2021-07|2021-08|2023-06,0.2280544694569388,0.343780821433873,0.008923833150078322,ok,ok,2319.8,950.201,39.127,0.3669,4.743,40.0,,feas-1,fs1-7f9da549b693,189.4
E184::mandi,E184,Himachal Pradesh,Mandi,2024-07-31,2024,matched,,3951.272,203.916,EPSG:32643,16644.0,80.0,11.0,4.0,16.0,5.0,15.0,2021-06|2022-06|2023-06|2023-07,0.2148820178905799,0.45640230880219196,0.010455641927116578,ok,ok,1109.4,454.426,25.778,0.1264,0.112,40.0,,20.0,9.0,15.0,2021-06|2022-06|2023-06|2023-07,0.13956126998553775,0.3579348534478763,0.006282767617750585,ok,ok,575.6,235.768,10.549,0.0517,0.017,40.0,,feas-1,fs1-7f9da549b693,136.9
E184::shimla,E184,Himachal Pradesh,Shimla,2024-07-31,2024,matched,,5136.606,35.807,EPSG:32643,32505.0,143.0,10.0,3.0,11.0,4.0,15.0,2021-06|2021-07|2021-08|2022-08,0.14211813738433404,0.04613995041672848,5.000210695152623e-06,ok,ok,1328.0,543.949,0.006,0.0002,0.0,40.0,,16.0,9.0,15.0,2021-06|2021-07|2022-07|2023-06,0.13200184268602963,0.11188685477222245,0.0006633547493337839,ok,ok,1256.9,514.812,3.287,0.0918,0.139,40.0,,feas-1,fs1-7f9da549b693,97.7
E185::district_missing,E185,Tripura,district_missing,2024-08-19,2024,unresolved,,,,,,,,,,,,,,,,,,,,,,,,,,,,,,,,,,,,,,,,,feas-1,fs1-7f9da549b693,0.0
E186::district_missing,E186,Gujarat,district_missing,2024-08-26,2024,unresolved,,,,,,,,,,,,,,,,,,,,,,,,,,,,,,,,,,,,,,,,,feas-1,fs1-7f9da549b693,0.0
E187::district_missing,E187,Maharashtra,district_missing,2024-08-26,2024,unresolved,,,,,,,,,,,,,,,,,,,,,,,,,,,,,,,,,,,,,,,,,feas-1,fs1-7f9da549b693,0.0
E188::district_missing,E188,Tripura,district_missing,2024-08-26,2024,unresolved,,,,,,,,,,,,,,,,,,,,,,,,,,,,,,,,,,,,,,,,,feas-1,fs1-7f9da549b693,0.0
E189::district_missing,E189,Meghalaya,district_missing,2024-10-04,2024,unresolved,,,,,,,,,,,,,,,,,,,,,,,,,,,,,,,,,,,,,,,,,feas-1,fs1-7f9da549b693,0.0
E190::district_missing,E190,Arunachal Pradesh,district_missing,2025-05-31,2025,unresolved,,,,,,,,,,,,,,,,,,,,,,,,,,,,,,,,,,,,,,,,,feas-1,fs1-7f9da549b693,0.0
E191::district_missing,E191,Assam,district_missing,2025-05-31,2025,unresolved,,,,,,,,,,,,,,,,,,,,,,,,,,,,,,,,,,,,,,,,,feas-1,fs1-7f9da549b693,0.0
E192::district_missing,E192,Manipur,district_missing,2025-05-31,2025,unresolved,,,,,,,,,,,,,,,,,,,,,,,,,,,,,,,,,,,,,,,,,feas-1,fs1-7f9da549b693,0.0
E193::district_missing,E193,Meghalaya,district_missing,2025-05-31,2025,unresolved,,,,,,,,,,,,,,,,,,,,,,,,,,,,,,,,,,,,,,,,,feas-1,fs1-7f9da549b693,0.0
E194::district_missing,E194,Mizoram,district_missing,2025-05-31,2025,unresolved,,,,,,,,,,,,,,,,,,,,,,,,,,,,,,,,,,,,,,,,,feas-1,fs1-7f9da549b693,0.0
E195::district_missing,E195,Nagaland,district_missing,2025-05-31,2025,unresolved,,,,,,,,,,,,,,,,,,,,,,,,,,,,,,,,,,,,,,,,,feas-1,fs1-7f9da549b693,0.0
E196::district_missing,E196,Sikkim,district_missing,2025-05-31,2025,unresolved,,,,,,,,,,,,,,,,,,,,,,,,,,,,,,,,,,,,,,,,,feas-1,fs1-7f9da549b693,0.0
E197::district_missing,E197,Tripura,district_missing,2025-05-31,2025,unresolved,,,,,,,,,,,,,,,,,,,,,,,,,,,,,,,,,,,,,,,,,feas-1,fs1-7f9da549b693,0.0
E198::district_missing,E198,Himachal Pradesh,district_missing,2025-06-20,2025,unresolved,,,,,,,,,,,,,,,,,,,,,,,,,,,,,,,,,,,,,,,,,feas-1,fs1-7f9da549b693,0.0
E199::district_missing,E199,Uttarakhand,district_missing,2025-06-20,2025,unresolved,,,,,,,,,,,,,,,,,,,,,,,,,,,,,,,,,,,,,,,,,feas-1,fs1-7f9da549b693,0.0
E200::kishtwar,E200,Jammu and Kashmir,Kishtwar,2025-08-14,2025,failed,district AOI match failed for Jammu and Kashmir/Kishtwar: 0 exact candidates,,,,,,,,,,,,,,,,,,,,,,,,,,,,,,,,,,,,,,,,feas-1,fs1-7f9da549b693,3.9
E201::district_missing,E201,Punjab,district_missing,2025-08-15,2025,unresolved,,,,,,,,,,,,,,,,,,,,,,,,,,,,,,,,,,,,,,,,,feas-1,fs1-7f9da549b693,0.0
E202::and%20udham%20singh%20nagar,E202,Uttarakhand,and Udham Singh Nagar,2025-09-15,2025,failed,district AOI match failed for Uttarakhand/and Udham Singh Nagar: 0 exact candidates,,,,,,,,,,,,,,,,,,,,,,,,,,,,,,,,,,,,,,,,feas-1,fs1-7f9da549b693,7.4
E202::bageshwar,E202,Uttarakhand,Bageshwar,2025-09-15,2025,matched,,2283.824,37.869,EPSG:32644,11336.0,49.0,12.0,5.0,11.0,13.0,13.0,2023-08|2023-09|2023-10|2024-10,0.8044481336922795,0.6994413072599074,0.014036482016856906,ok,ok,3475.6,1423.612,29.054,0.7672,0.078,40.0,,15.0,14.0,13.0,2022-09|2022-10|2023-08|2024-10,0.8937619630235619,0.796510025492084,0.015520800783543034,ok,ok,4305.9,1763.712,32.846,0.8674,0.3,40.0,,feas-1,fs1-7f9da549b693,112.4
E202::champawat,E202,Uttarakhand,Champawat,2025-09-15,2025,matched,,1688.376,50.671,EPSG:32644,6561.0,36.0,14.0,6.0,7.0,6.0,13.0,2022-09|2022-10|2023-10|2024-10,0.9188923337598274,0.7849112699286215,0.024559591267319197,ok,ok,3238.7,1326.572,34.956,0.6899,0.099,40.0,,10.0,6.0,13.0,2022-10|2023-08|2023-10|2024-10,0.9646396988579652,0.8836426003774788,0.026873924045081918,ok,ok,2991.2,1225.211,31.264,0.617,0.227,40.0,,feas-1,fs1-7f9da549b693,204.3
E202::dehradun,E202,Uttarakhand,Dehradun,2025-09-15,2025,failed,district AOI match failed for Uttarakhand/Dehradun: 0 exact candidates,,,,,,,,,,,,,,,,,,,,,,,,,,,,,,,,,,,,,,,,feas-1,fs1-7f9da549b693,12.5
E202::haridwar,E202,Uttarakhand,Haridwar,2025-09-15,2025,matched,,2388.487,2128.761,EPSG:32643,11590.0,48.0,9.0,5.0,25.0,25.0,17.0,2022-09|2022-10|2023-10|2024-08,1.0,0.9381758087737551,0.8520210875984046,ok,ok,5786.0,2369.954,1877.221,0.8818,12.803,40.0,,27.0,25.0,16.0,2022-09|2022-10|2023-10|2024-08,1.0,0.9143927008316417,0.8276612619839265,ok,ok,5810.7,2380.047,1828.064,0.8587,8.128,40.0,,feas-1,fs1-7f9da549b693,178.1
E202::nainital,E202,Uttarakhand,Nainital,2025-09-15,2025,failed,district AOI match failed for Uttarakhand/Nainital: 0 exact candidates,,,,,,,,,,,,,,,,,,,,,,,,,,,,,,,,,,,,,,,,feas-1,fs1-7f9da549b693,26.2
E202::pauri%20garhwal,E202,Uttarakhand,Pauri Garhwal,2025-09-15,2025,matched,,5461.918,394.787,EPSG:32644,23393.0,100.0,4.0,2.0,29.0,29.0,16.0,2022-09|2022-10|2023-10|2024-08,0.9968446818776899,0.634170905421036,0.06469314429406806,ok,ok,9993.0,4093.127,290.562,0.736,2.26,40.0,,34.0,31.0,16.0,2022-08|2022-09|2022-10|2023-10,0.999272424839306,0.6456869443218847,0.06397795637494832,ok,ok,7685.5,3147.978,243.562,0.6169,1.144,40.0,,feas-1,fs1-7f9da549b693,98.9
E202::pithoragarh,E202,Uttarakhand,Pithoragarh,2025-09-15,2025,matched,,7209.481,99.318,EPSG:32644,41664.0,168.0,18.0,8.0,34.0,27.0,14.0,2022-09|2023-08|2023-10|2024-10,0.8576440082057367,0.6170413999555869,0.008906864514740698,ok,ok,10634.1,4355.719,49.876,0.5022,0.315,40.0,,48.0,29.0,14.0,2022-09|2023-08|2023-10|2024-10,0.9576599422677389,0.6731981827111659,0.012199740592067519,ok,ok,14024.6,5744.489,74.541,0.7505,3.267,40.0,,feas-1,fs1-7f9da549b693,92.2
E203::district_missing,E203,Bihar,district_missing,2025-10-03,2025,unresolved,,,,,,,,,,,,,,,,,,,,,,,,,,,,,,,,,,,,,,,,,feas-1,fs1-7f9da549b693,0.0
E204::darjeeling,E204,West Bengal,Darjeeling,2025-10-03,2025,failed,district AOI match failed for West Bengal/Darjeeling: 0 exact candidates,,,,,,,,,,,,,,,,,,,,,,,,,,,,,,,,,,,,,,,,feas-1,fs1-7f9da549b693,2.2
