model,fold_id,event_district_id,source_record_id,observed,expected,alpha,absolute_error,negative_log_probability,predictive_low_90,predictive_high_90,interval_covered,interval_width,observed_zero,predicted_zero_probability
nb2,0,E032::barpeta,2016-0239-IND,11.0,27.59268147694786,3.950391500647346,16.59268147694786,4.364720640554474,0.0,134.0,1.0,134.0,0.0,0.3042573300578626
nb2,0,E032::bongaigaon,2016-0239-IND,1.0,23.27199284022692,3.950391500647346,22.27199284022692,2.53183208505182,0.0,113.0,1.0,113.0,0.0,0.3175250071988157
nb2,0,E032::dhemaji,2016-0239-IND,38.0,24.332821698747114,3.950391500647346,13.667178301252886,5.545740747024709,0.0,118.0,1.0,118.0,0.0,0.31399954481794023
nb2,0,E032::dhubri,2016-0239-IND,6.0,33.7195801276341,3.950391500647346,27.719580127634103,3.9140850305476085,0.0,163.0,1.0,163.0,0.0,0.2893192436735176
nb2,0,E032::goalpara,2016-0239-IND,1.0,26.480933268496653,3.950391500647346,25.480933268496653,2.5628961345676617,0.0,128.0,1.0,128.0,0.0,0.3074116540439647
nb2,0,E032::jorhat,2016-0239-IND,37.0,45.79181108481049,3.950391500647346,8.79181108481049,5.49541604352548,0.0,221.0,1.0,221.0,0.0,0.2678858812709509
nb2,0,E032::lakhimpur,2016-0239-IND,42.0,38.226195524180895,3.950391500647346,3.773804475819105,5.617577446943726,0.0,185.0,1.0,185.0,0.0,0.28033877660814244
nb2,0,E032::morigaon,2016-0239-IND,23.0,24.5285325994655,3.950391500647346,1.5285325994654997,5.017255053760238,0.0,119.0,1.0,119.0,0.0,0.3133699544128741
nb2,0,E032::sonitpur,2016-0239-IND,25.0,32.3632876430759,3.950391500647346,7.3632876430759,5.107375065486567,0.0,157.0,1.0,157.0,0.0,0.29231853459128276
nb2,0,E033::chamoli,2016-0239-IND,105.0,26.0756479290089,3.950391500647346,78.9243520709911,6.94170780269543,0.0,126.0,1.0,126.0,0.0,0.30860270087397335
nb2,0,E033::pithoragarh,2016-0239-IND,107.0,32.75155708360966,3.950391500647346,74.24844291639033,6.8224091498879815,0.0,158.0,1.0,158.0,0.0,0.29144417414954404
nb2,0,E044::sabarkantha,2017-0294-IND,0.0,31.63262956138313,3.950391500647346,31.63262956138313,1.2241760052379562,0.0,153.0,1.0,153.0,1.0,0.29399985488325264
nb2,0,E044::surat,2017-0294-IND,0.0,52.991356735239734,3.950391500647346,52.991356735239734,1.353969379683381,0.0,256.0,1.0,256.0,1.0,0.2582132772141806
nb2,0,E044::valsad,2017-0294-IND,1.0,43.798785345559075,3.950391500647346,42.798785345559075,2.6855706728510595,0.0,212.0,1.0,212.0,0.0,0.2709033882995032
nb2,0,E045::barmer,2017-0294-IND,0.0,22.698451927866866,3.950391500647346,22.698451927866866,1.1409507040731657,0.0,110.0,1.0,110.0,1.0,0.3195151130561257
nb2,0,E045::pali,2017-0294-IND,0.0,24.5211734961683,3.950391500647346,24.5211734961683,1.1602956406037874,0.0,119.0,1.0,119.0,1.0,0.31339351533733395
nb2,0,E045::udaipur,2017-0294-IND,0.0,38.295742465597144,3.950391500647346,38.295742465597144,1.2722135980234675,0.0,185.0,1.0,185.0,1.0,0.28021066098783304
nb2,0,E046::kolkata,2017-0294-IND,0.0,79.47384469542459,3.950391500647346,79.47384469542459,1.4561652401586245,0.0,384.0,1.0,384.0,1.0,0.23312855481628145
nb2,0,E059::dhalai,2018-0213-IND,1.0,26.15567007294885,3.950391500647346,25.15567007294885,2.5599151386951804,0.0,127.0,1.0,127.0,0.0,0.30836572018624303
nb2,0,E059::north%20tripura,2018-0213-IND,1.0,31.59079953182403,3.950391500647346,30.59079953182403,2.605639530337911,0.0,153.0,1.0,153.0,0.0,0.2940975685789953
nb2,0,E059::west%20tripura,2018-0213-IND,12.0,38.483434435910155,3.950391500647346,26.483434435910155,4.490762325473129,0.0,186.0,1.0,186.0,0.0,0.2798663456849591
nb2,0,E079::amritsar,2018-0372-IND,14.0,36.4503723453591,3.950391500647346,22.4503723453591,4.60931979531668,0.0,176.0,1.0,176.0,0.0,0.28371191812411484
nb2,0,E079::faridkot,2018-0372-IND,0.0,23.887653194861628,3.950391500647346,23.887653194861628,1.1537382405056125,0.0,116.0,1.0,116.0,1.0,0.3154553146390237
nb2,0,E079::ferozepur,2018-0372-IND,1.0,28.004577772884318,3.950391500647346,27.004577772884318,2.576411774911049,0.0,136.0,1.0,136.0,0.0,0.3031284976878717
nb2,0,E079::hoshiarpur,2018-0372-IND,5.0,32.759156578891606,3.950391500647346,27.759156578891606,3.76750497902392,0.0,158.0,1.0,158.0,0.0,0.29142718930422745
nb2,0,E079::jalandhar,2018-0372-IND,3.0,34.65744354553139,3.950391500647346,31.657443545531393,3.3965482038807426,0.0,168.0,1.0,168.0,0.0,0.28733166834095414
nb2,0,E079::ludhiana,2018-0372-IND,3.0,38.56643578610467,3.950391500647346,35.56643578610467,3.421209401737925,0.0,186.0,1.0,186.0,0.0,0.27971474820923026
nb2,0,E079::moga,2018-0372-IND,2.0,21.20664123109041,3.950391500647346,19.20664123109041,2.9889801530810365,0.0,103.0,1.0,103.0,0.0,0.3249974245364594
nb2,0,E079::muktsar,2018-0372-IND,0.0,24.612024863869205,3.950391500647346,24.612024863869205,1.1612222455462036,0.0,119.0,1.0,119.0,1.0,0.3131032578548779
nb2,0,E079::tarn%20taran,2018-0372-IND,5.0,28.140366662386658,3.950391500647346,23.140366662386658,3.7356408589309176,0.0,136.0,1.0,136.0,0.0,0.3027608694055486
nb2,0,E081::baksa,2019-0331-IND,98.0,19.890237707562445,3.950391500647346,78.10976229243755,7.04740275056336,0.0,96.0,0.0,96.0,0.0,0.33024745649465714
nb2,0,E081::barpeta,2019-0331-IND,200.0,23.29416168685393,3.950391500647346,176.70583831314607,8.54153985663264,0.0,113.0,0.0,113.0,0.0,0.31744930778811725
nb2,0,E081::biswanath,2019-0331-IND,60.0,19.527854447949395,3.950391500647346,40.472145552050605,6.2104158486965355,0.0,95.0,1.0,95.0,0.0,0.3317685979062736
nb2,0,E081::bongaigaon,2019-0331-IND,66.0,19.30883415037688,3.950391500647346,46.69116584962312,6.365495079316878,0.0,94.0,1.0,94.0,0.0,0.33270499279769966
nb2,0,E081::cachar,2019-0331-IND,47.0,25.542529081069183,3.950391500647346,21.457470918930817,5.786395940847939,0.0,124.0,1.0,124.0,0.0,0.31020488404548663
nb2,0,E081::chirang,2019-0331-IND,64.0,18.648047454953584,3.950391500647346,45.351952545046416,6.337149231000248,0.0,90.0,1.0,90.0,0.0,0.3356116811765442
nb2,0,E081::darrang,2019-0331-IND,59.0,19.947329374132078,3.950391500647346,39.05267062586792,6.174442555043326,0.0,97.0,1.0,97.0,0.0,0.33001093561460365
nb2,0,E081::dhemaji,2019-0331-IND,86.0,17.61073143100428,3.950391500647346,68.38926856899572,6.907600736976807,0.0,85.0,0.0,85.0,0.0,0.34044142842999386
nb2,0,E081::dhubri,2019-0331-IND,163.0,25.967143738985452,3.950391500647346,137.03285626101456,7.835693686835027,0.0,126.0,0.0,126.0,0.0,0.3089254749802352
nb2,0,E081::dibrugarh,2019-0331-IND,59.0,23.014019623296303,3.950391500647346,35.985980376703694,6.111617413488516,0.0,111.0,1.0,111.0,0.0,0.3184125284198231
nb2,0,E081::goalpara,2019-0331-IND,97.0,21.746273701526825,3.950391500647346,75.25372629847317,6.945321832311969,0.0,105.0,1.0,105.0,0.0,0.32296064481067727
nb2,0,E081::golaghat,2019-0331-IND,143.0,23.380866736914548,3.950391500647346,119.61913326308544,7.670324574617128,0.0,113.0,0.0,113.0,0.0,0.31715409366012814
nb2,0,E081::hailakandi,2019-0331-IND,27.0,20.412588056291323,3.950391500647346,6.587411943708677,5.187042232141814,0.0,99.0,1.0,99.0,0.0,0.3281141591854704
nb2,0,E081::hojai,2019-0331-IND,28.0,20.898360198241836,3.950391500647346,7.101639801758164,5.22431087295241,0.0,101.0,1.0,101.0,0.0,0.32619002561344856
nb2,0,E081::jorhat,2019-0331-IND,117.0,24.22795382390362,3.950391500647346,92.77204617609638,7.205706622217036,0.0,117.0,1.0,117.0,0.0,0.3143394885200152
nb2,0,E081::kamrup,2019-0331-IND,108.0,22.407569262691943,3.950391500647346,85.59243073730806,7.123572985272974,0.0,109.0,1.0,109.0,0.0,0.32054840802767365
nb2,0,E081::karbi%20anglong,2019-0331-IND,56.0,23.266570208516505,3.950391500647346,32.733429791483495,6.036029232259968,0.0,113.0,1.0,113.0,0.0,0.31754353733286955
nb2,0,E081::karimganj,2019-0331-IND,35.0,23.91770052855408,3.950391500647346,11.082299471445921,5.455429491413785,0.0,116.0,1.0,116.0,0.0,0.3153559999208912
nb2,0,E081::kokrajhar,2019-0331-IND,67.0,20.846725993369496,3.950391500647346,46.153274006630504,6.344896289896811,0.0,101.0,1.0,101.0,0.0,0.3263919049443762
nb2,0,E081::lakhimpur,2019-0331-IND,98.0,21.190216944686675,3.950391500647346,76.80978305531332,6.987651266722434,0.0,103.0,1.0,103.0,0.0,0.32506042001007773
nb2,0,E081::majuli,2019-0331-IND,54.0,13.033120068636078,3.950391500647346,40.96687993136392,6.297147579921745,0.0,63.0,1.0,63.0,0.0,0.36693510595891976
nb2,0,E081::morigaon,2019-0331-IND,227.0,19.72947791102862,3.950391500647346,207.27052208897138,9.326818775208755,0.0,96.0,0.0,96.0,0.0,0.33091799516132386
nb2,0,E081::nagaon,2019-0331-IND,123.0,28.23437188512718,3.950391500647346,94.76562811487281,7.1631436155444135,0.0,137.0,1.0,137.0,0.0,0.3025076523546998
nb2,0,E081::nalbari,2019-0331-IND,110.0,18.375839713641188,3.950391500647346,91.62416028635882,7.379407368002355,0.0,89.0,0.0,89.0,0.0,0.3368463547784574
nb2,0,E081::sivasagar,2019-0331-IND,28.0,22.296426006634213,3.950391500647346,5.7035739933657865,5.219493091182052,0.0,108.0,1.0,108.0,0.0,0.3209476173047766
nb2,0,E081::sonitpur,2019-0331-IND,98.0,25.99293556198521,3.950391500647346,72.0070644380148,6.82481840229514,0.0,126.0,1.0,126.0,0.0,0.3088485989954054
nb2,0,E081::south%20salmara,2019-0331-IND,58.0,18.8921206223547,3.950391500647346,39.107879377645304,6.176093335035906,0.0,92.0,1.0,92.0,0.0,0.334523418500933
nb2,0,E081::tinsukia,2019-0331-IND,28.0,24.75593110065299,3.950391500647346,3.2440688993470097,5.2144530785409895,0.0,120.0,1.0,120.0,0.0,0.31264620666242043
nb2,0,E081::udalguri,2019-0331-IND,49.0,22.116033732833937,3.950391500647346,26.883966267166063,5.875525266253373,0.0,107.0,1.0,107.0,0.0,0.3216008355539745
nb2,0,E081::west%20karbi%20anglong,2019-0331-IND,4.0,17.679598721610148,3.950391500647346,13.679598721610148,3.4696241748118433,0.0,86.0,1.0,86.0,0.0,0.34010999796971314
nb2,0,E082::araria,2019-0331-IND,183.0,26.864371765157493,3.950391500647346,156.1356282348425,8.065594956525295,0.0,130.0,0.0,130.0,0.0,0.3063054577609817
nb2,0,E082::darbhanga,2019-0331-IND,202.0,31.2388347549194,3.950391500647346,170.7611652450806,8.091150545336246,0.0,151.0,0.0,151.0,0.0,0.2949261706430107
nb2,0,E082::east%20champaran,2019-0331-IND,115.0,32.472658020185996,3.950391500647346,82.527341979814,6.943220688920955,0.0,157.0,1.0,157.0,0.0,0.29207092446103805
nb2,0,E082::katihar,2019-0331-IND,95.0,28.41750703445537,3.950391500647346,66.58249296554463,6.716713108037388,0.0,138.0,1.0,138.0,0.0,0.30201734433203997
nb2,0,E082::kishanganj,2019-0331-IND,137.0,23.03655189306738,3.950391500647346,113.96344810693262,7.591944200527609,0.0,112.0,0.0,112.0,0.0,0.3183345187961786
nb2,0,E082::madhubani,2019-0331-IND,223.0,31.886489990050304,3.950391500647346,191.1135100099497,8.303200519341218,0.0,154.0,0.0,154.0,0.0,0.2934102702727338
nb2,0,E082::muzaffarpur,2019-0331-IND,161.0,35.51471065159516,3.950391500647346,125.48528934840485,7.467276575430194,0.0,172.0,1.0,172.0,0.0,0.285572566129853
nb2,0,E082::purnia,2019-0331-IND,29.0,29.271640475493786,3.950391500647346,0.2716404754937862,5.247417949840804,0.0,142.0,1.0,142.0,0.0,0.29978131684223464
nb2,0,E082::saharsa,2019-0331-IND,84.0,26.484498025934297,3.950391500647346,57.5155019740657,6.563825944761494,0.0,128.0,1.0,128.0,0.0,0.3074012785503891
nb2,0,E082::sheohar,2019-0331-IND,137.0,19.174440684595922,3.950391500647346,117.82555931540408,7.845647059930947,0.0,93.0,0.0,93.0,0.0,0.333286104718414
nb2,0,E082::sitamarhi,2019-0331-IND,242.0,29.86918156114549,3.950391500647346,212.1308184388545,8.626763483355713,0.0,145.0,0.0,145.0,0.0,0.29826466301100235
nb2,0,E082::supaul,2019-0331-IND,140.0,26.750081357813606,3.950391500647346,113.2499186421864,7.4669400203073,0.0,129.0,0.0,129.0,0.0,0.30663311784552844
nb2,0,E084::belagavi,2019-0331-IND,2.0,32.07251093143643,3.950391500647346,30.072510931436433,3.0846777019689657,0.0,155.0,1.0,155.0,0.0,0.29298193371397196
nb2,0,E084::dakshina%20kannada,2019-0331-IND,4.0,39.83660849465274,3.950391500647346,35.83660849465274,3.641743845793274,0.0,193.0,1.0,193.0,0.0,0.2774443155296859
nb2,0,E084::hassan,2019-0331-IND,1.0,32.968799843833715,3.950391500647346,31.968799843833715,2.6160310664390947,0.0,159.0,1.0,159.0,0.0,0.2909605601836977
nb2,0,E084::kodagu,2019-0331-IND,5.0,25.243732994767615,3.950391500647346,20.243732994767615,3.713514317870696,0.0,122.0,1.0,122.0,0.0,0.31112111440118384
nb2,0,E084::shivamogga,2019-0331-IND,0.0,30.94244634650226,3.950391500647346,30.94244634650226,1.218636505211976,0.0,150.0,1.0,150.0,1.0,0.29563298627651896
nb2,0,E084::udupi,2019-0331-IND,10.0,29.73661159833988,3.950391500647346,19.73661159833988,4.297496713527386,0.0,144.0,1.0,144.0,0.0,0.2985978732028582
nb2,0,E084::uttara%20kannada,2019-0331-IND,0.0,33.89180985462239,3.950391500647346,33.89180985462239,1.2415046370707825,0.0,164.0,1.0,164.0,1.0,0.28894912712600807
nb2,0,E084::vijayapura,2019-0331-IND,0.0,22.608195020460837,3.950391500647346,22.608195020460837,1.1399532731264035,0.0,110.0,1.0,110.0,1.0,0.31983396630846195
nb2,0,E085::alappuzha,2019-0331-IND,9.0,40.77696066568341,3.950391500647346,31.77696066568341,4.270152660561499,0.0,197.0,1.0,197.0,0.0,0.2758207317397104
nb2,0,E085::ernakulam,2019-0331-IND,9.0,50.318513083882756,3.950391500647346,41.318513083882756,4.312545129784122,0.0,243.0,1.0,243.0,0.0,0.2616017748585476
nb2,0,E085::idukki,2019-0331-IND,11.0,40.90563752177552,3.950391500647346,29.905637521775517,4.4310427674880986,0.0,198.0,1.0,198.0,0.0,0.27560219100233585
nb2,0,E085::kannur,2019-0331-IND,19.0,45.33409861915736,3.950391500647346,26.33409861915736,4.899379877785345,0.0,219.0,1.0,219.0,0.0,0.26856420536398673
nb2,0,E085::kasaragod,2019-0331-IND,17.0,35.40928651689055,3.950391500647346,18.409286516890553,4.77004857507578,0.0,171.0,1.0,171.0,0.0,0.2857860311112354
nb2,0,E085::kollam,2019-0331-IND,1.0,56.11922236570767,3.950391500647346,55.11922236570767,2.7467350239514703,0.0,271.0,1.0,271.0,0.0,0.25450883349170056
nb2,0,E085::kottayam,2019-0331-IND,9.0,41.20858209914363,3.950391500647346,32.20858209914363,4.272220078406585,0.0,199.0,1.0,199.0,0.0,0.2750910428494282
nb2,0,E085::kozhikode,2019-0331-IND,14.0,47.62757535566927,3.950391500647346,33.62757535566927,4.653936385991378,0.0,230.0,1.0,230.0,0.0,0.2652478470905038
nb2,0,E085::malappuram,2019-0331-IND,5.0,47.59396775236547,3.950391500647346,42.59396775236547,3.849488017865196,0.0,230.0,1.0,230.0,0.0,0.2652949968740892
nb2,0,E085::palakkad,2019-0331-IND,0.0,45.40362964548137,3.950391500647346,45.40362964548137,1.3150510692802653,0.0,219.0,1.0,219.0,1.0,0.2684606127988732
nb2,0,E085::thiruvananthapuram,2019-0331-IND,5.0,62.30165603116192,3.950391500647346,57.30165603116192,3.911088846440651,0.0,301.0,1.0,301.0,0.0,0.24789192483294645
nb2,0,E085::thrissur,2019-0331-IND,8.0,41.24220431856246,3.950391500647346,33.24220431856246,4.179630453226661,0.0,199.0,1.0,199.0,0.0,0.2750346018400015
nb2,0,E085::wayanad,2019-0331-IND,7.0,34.19812721615602,3.950391500647346,27.198127216156017,4.037201664681099,0.0,165.0,1.0,165.0,0.0,0.28829660574286176
nb2,0,E086::ahilyanagar,2019-0331-IND,0.0,48.471538058393,3.950391500647346,48.471538058393,1.3315136776563,0.0,234.0,1.0,234.0,1.0,0.26407723081377904
nb2,0,E086::amravati,2019-0331-IND,0.0,33.79929574980762,3.950391500647346,33.79929574980762,1.2408178369615925,0.0,163.0,1.0,163.0,1.0,0.28914764558151373
nb2,0,E086::aurangabad,2019-0331-IND,0.0,36.26480144158591,3.950391500647346,36.26480144158591,1.2585128230583438,0.0,175.0,1.0,175.0,1.0,0.28407618406107726
nb2,0,E086::buldhana,2019-0331-IND,0.0,35.83494481272962,3.950391500647346,35.83494481272962,1.2555154148095373,0.0,173.0,1.0,173.0,1.0,0.28492895376947786
nb2,0,E086::gadchiroli,2019-0331-IND,0.0,29.672381722701996,3.950391500647346,29.672381722701996,1.2081147792922204,0.0,144.0,1.0,144.0,1.0,0.29875997735430676
nb2,0,E086::hingoli,2019-0331-IND,0.0,28.67276848261644,3.950391500647346,28.67276848261644,1.1995146176518257,0.0,139.0,1.0,139.0,1.0,0.301340441751857
nb2,0,E086::kolhapur,2019-0331-IND,2.0,59.81603740981419,3.950391500647346,57.81603740981419,3.2342545742087747,0.0,289.0,1.0,289.0,0.0,0.2504493415854064
nb2,0,E086::latur,2019-0331-IND,0.0,28.521674794240866,3.950391500647346,28.521674794240866,1.198188885087681,0.0,138.0,1.0,138.0,1.0,0.3017402035184265
nb2,0,E086::nagpur,2019-0331-IND,0.0,42.003926945419465,3.950391500647346,42.003926945419465,1.2954630647216605,0.0,203.0,1.0,203.0,1.0,0.2737710612544171
nb2,0,E086::nashik,2019-0331-IND,1.0,59.465649082485726,3.950391500647346,58.465649082485726,2.7610802575179125,0.0,287.0,1.0,287.0,0.0,0.250820508319916
nb2,0,E086::pune,2019-0331-IND,4.0,78.76608926917535,3.950391500647346,74.76608926917535,3.8010141248349405,0.0,380.0,1.0,380.0,0.0,0.23365536999638611
nb2,0,E086::raigad,2019-0331-IND,9.0,41.31458205165957,3.950391500647346,32.31458205165957,4.272725441231279,0.0,200.0,1.0,200.0,0.0,0.27491329688686517
nb2,0,E086::ratnagiri,2019-0331-IND,16.0,43.97203668883644,3.950391500647346,27.97203668883644,4.750341291252825,0.0,213.0,1.0,213.0,0.0,0.27063434780235207
nb2,0,E086::sangli,2019-0331-IND,1.0,31.439887789315247,3.950391500647346,30.439887789315247,2.60447518074057,0.0,152.0,1.0,152.0,0.0,0.294451435375533
nb2,0,E086::thane,2019-0331-IND,92.0,66.56426217528025,3.950391500647346,25.43573782471975,6.413664339859933,0.0,321.0,1.0,321.0,0.0,0.24378964580001322
nb2,0,E086::yavatmal,2019-0331-IND,0.0,32.8366890883849,3.950391500647346,32.8366890883849,1.2335589087963608,0.0,159.0,1.0,159.0,1.0,0.29125418392538505
nb2,0,E087::angul,2019-0331-IND,0.0,34.68903487642823,3.950391500647346,34.68903487642823,1.2473470593582494,0.0,168.0,1.0,168.0,1.0,0.2872658861958675
nb2,0,E087::bargarh,2019-0331-IND,0.0,30.272131839481865,3.950391500647346,30.272131839481865,1.2131378865309097,0.0,146.0,1.0,146.0,1.0,0.29726303674355337
nb2,0,E087::bolangir,2019-0331-IND,0.0,37.69408215204636,3.950391500647346,37.69408215204636,1.2682315099194463,0.0,182.0,1.0,182.0,1.0,0.28132870913327296
nb2,0,E087::cuttack,2019-0331-IND,0.0,30.688925341070252,3.950391500647346,30.688925341070252,1.216570880660097,0.0,148.0,1.0,148.0,1.0,0.29624428416992826
nb2,0,E087::gajapati,2019-0331-IND,1.0,29.81857115519827,3.950391500647346,28.81857115519827,2.591616561430604,0.0,144.0,1.0,144.0,0.0,0.29839165332253875
nb2,0,E087::ganjam,2019-0331-IND,1.0,43.903278794706885,3.950391500647346,42.903278794706885,2.6861567447774513,0.0,212.0,1.0,212.0,0.0,0.27074096300206535
nb2,0,E087::kalahandi,2019-0331-IND,1.0,33.487331648787325,3.950391500647346,32.487331648787325,2.619833586329853,0.0,162.0,1.0,162.0,0.0,0.28982207880026256
nb2,0,E087::kandhamal,2019-0331-IND,0.0,32.567234451908604,3.950391500647346,32.567234451908604,1.2314891235254695,0.0,158.0,1.0,158.0,1.0,0.29185764184408003
nb2,0,E087::kendrapara,2019-0331-IND,0.0,28.528654856685677,3.950391500647346,28.528654856685677,1.1982502830519082,0.0,138.0,1.0,138.0,1.0,0.3017216778529299
nb2,0,E087::khordha,2019-0331-IND,0.0,34.296916380615016,3.950391500647346,34.296916380615016,1.2444902875912407,0.0,166.0,1.0,166.0,1.0,0.28808771259548416
nb2,0,E087::koraput,2019-0331-IND,0.0,29.114026868847233,3.950391500647346,29.114026868847233,1.2033470470688017,0.0,141.0,1.0,141.0,1.0,0.3001877859252153
nb2,0,E087::nabarangpur,2019-0331-IND,0.0,33.61213597744624,3.950391500647346,33.61213597744624,1.2394226884934014,0.0,163.0,1.0,163.0,1.0,0.2895513310114032
nb2,0,E087::nayagarh,2019-0331-IND,2.0,30.93196236816996,3.950391500647346,28.93196236816996,3.0761622006510234,0.0,150.0,1.0,150.0,0.0,0.29565814202161655
nb2,0,E087::nuapada,2019-0331-IND,0.0,26.920170418172237,3.950391500647346,26.920170418172237,1.1836927870740372,0.0,130.0,1.0,130.0,1.0,0.30614611620087834
nb2,0,E087::puri,2019-0331-IND,0.0,27.491716873813793,3.950391500647346,27.491716873813793,1.1889619429501155,0.0,133.0,1.0,133.0,1.0,0.30453722706002717
nb2,0,E087::rayagada,2019-0331-IND,0.0,32.63545664542626,3.950391500647346,32.63545664542626,1.2320147667038768,0.0,158.0,1.0,158.0,1.0,0.2917042691787578
nb2,0,E087::sambalpur,2019-0331-IND,0.0,29.668540190186697,3.950391500647346,29.668540190186697,1.2080822817490768,0.0,144.0,1.0,144.0,1.0,0.29876968647732083
nb2,0,E087::subarnapur,2019-0331-IND,0.0,24.239773458636044,3.950391500647346,24.239773458636044,1.1574038914154707,0.0,117.0,1.0,117.0,1.0,0.31430108237661997
nb2,0,E088::amritsar,2019-0331-IND,1.0,26.957972449688683,3.950391500647346,25.957972449688683,2.5672057232003054,0.0,130.0,1.0,130.0,0.0,0.3060383995375452
nb2,0,E088::bathinda,2019-0331-IND,13.0,22.895602030646547,3.950391500647346,9.895602030646547,4.4838685879027045,0.0,111.0,1.0,111.0,0.0,0.31882406732619833
nb2,0,E088::faridkot,2019-0331-IND,2.0,18.626077396596052,3.950391500647346,16.626077396596052,2.9598141206650466,0.0,90.0,1.0,90.0,0.0,0.33571050360504284
nb2,0,E088::ferozepur,2019-0331-IND,1.0,29.699029569845823,3.950391500647346,28.699029569845823,2.59064215377885,0.0,144.0,1.0,144.0,0.0,0.29869267031797536
nb2,0,E088::gurdaspur,2019-0331-IND,13.0,26.669210685196433,3.950391500647346,13.669210685196433,4.501966101877802,0.0,129.0,1.0,129.0,0.0,0.3068660183477917
nb2,0,E088::jalandhar,2019-0331-IND,0.0,26.604942468960733,3.950391500647346,26.604942468960733,1.180739039712743,0.0,129.0,1.0,129.0,1.0,0.3070517313044593
nb2,0,E088::ludhiana,2019-0331-IND,4.0,31.11090334185785,3.950391500647346,27.11090334185785,3.5866862701570628,0.0,151.0,1.0,151.0,0.0,0.29523022965753903
nb2,0,E088::mansa,2019-0331-IND,3.0,19.117143936975356,3.950391500647346,16.117143936975356,3.265067691778572,0.0,93.0,1.0,93.0,0.0,0.3335353872837611
nb2,0,E088::moga,2019-0331-IND,1.0,25.32632706601763,3.950391500647346,24.32632706601763,2.552151875985054,0.0,123.0,1.0,123.0,0.0,0.31086650697248774
nb2,0,E088::muktsar,2019-0331-IND,3.0,19.3113679498801,3.950391500647346,16.3113679498801,3.267198923296869,0.0,94.0,1.0,94.0,0.0,0.3326940848382807
nb2,0,E088::patiala,2019-0331-IND,26.0,31.463294817651473,3.950391500647346,5.463294817651473,5.143000812020533,0.0,152.0,1.0,152.0,0.0,0.29439641099183855
nb2,0,E088::sangrur,2019-0331-IND,30.0,22.678977650750483,3.950391500647346,7.3210223492495174,5.291950750722462,0.0,110.0,1.0,110.0,0.0,0.31958377732233234
nb2,0,E089::churu,2019-0331-IND,1.0,22.678107407504385,3.950391500647346,21.678107407504385,2.525641352395558,0.0,110.0,1.0,110.0,0.0,0.31958684741457516
nb2,0,E089::dholpur,2019-0331-IND,0.0,20.952444734827996,3.950391500647346,20.952444734827996,1.120921620076436,0.0,102.0,1.0,102.0,1.0,0.32597922713956773
nb2,0,E089::jhalawar,2019-0331-IND,0.0,34.94736034859237,3.950391500647346,34.94736034859237,1.2492116209490784,0.0,169.0,1.0,169.0,1.0,0.28673076030074074
nb2,0,E089::kota,2019-0331-IND,0.0,54.209884692690636,3.950391500647346,54.209884692690636,1.3596973117329674,0.0,262.0,1.0,262.0,1.0,0.25673847691818785
nb2,0,E089::sikar,2019-0331-IND,4.0,31.481032583841294,3.950391500647346,27.481032583841294,3.5892765089149945,0.0,152.0,1.0,152.0,0.0,0.2943547475833713
nb2,0,E090::agra,2019-0331-IND,1.0,32.517267593477854,3.950391500647346,31.517267593477854,2.6126727553553053,0.0,157.0,1.0,157.0,0.0,0.29197022774460807
nb2,0,E090::ambedkar%20nagar,2019-0331-IND,2.0,28.902619524015453,3.950391500647346,26.902619524015453,3.0602685075217435,0.0,140.0,1.0,140.0,0.0,0.30073729643951397
nb2,0,E090::ayodhya,2019-0331-IND,0.0,30.59328844895518,3.950391500647346,30.59328844895518,1.215787256066347,0.0,148.0,1.0,148.0,1.0,0.29647651945751907
nb2,0,E090::bahraich,2019-0331-IND,2.0,33.46715087781639,3.950391500647346,31.467150877816387,3.0947172186733773,0.0,162.0,1.0,162.0,0.0,0.2898659763965607
nb2,0,E090::ballia,2019-0331-IND,0.0,31.22001567377035,3.950391500647346,31.22001567377035,1.22087890581026,0.0,151.0,1.0,151.0,1.0,0.29497080141056503
nb2,0,E090::balrampur,2019-0331-IND,3.0,26.727403948303802,3.950391500647346,23.727403948303802,3.3377680070832,0.0,129.0,1.0,129.0,0.0,0.30669833853766826
nb2,0,E090::banda,2019-0331-IND,0.0,23.9284986414866,3.950391500647346,23.9284986414866,1.1541661824322402,0.0,116.0,1.0,116.0,1.0,0.3153203469651351
nb2,0,E090::barabanki,2019-0331-IND,3.0,29.17712172692686,3.950391500647346,26.17712172692686,3.357403560867865,0.0,141.0,1.0,141.0,0.0,0.3000247434660392
nb2,0,E090::farrukhabad,2019-0331-IND,0.0,27.887864699596005,3.950391500647346,27.887864699596005,1.192550769473401,0.0,135.0,1.0,135.0,1.0,0.3034462546086086
nb2,0,E090::ghazipur,2019-0331-IND,0.0,33.9156329356371,3.950391500647346,33.9156329356371,1.2416811920037918,0.0,164.0,1.0,164.0,1.0,0.28889811623546996
nb2,0,E090::gonda,2019-0331-IND,2.0,31.531229501875966,3.950391500647346,29.531229501875966,3.080671924190171,0.0,153.0,1.0,153.0,0.0,0.2942370003654191
nb2,0,E090::hamirpur,2019-0331-IND,0.0,19.319284099910146,3.950391500647346,19.319284099910146,1.1006342794269284,0.0,94.0,1.0,94.0,1.0,0.33266001736246387
nb2,0,E090::jalaun,2019-0331-IND,0.0,22.673219105562637,3.950391500647346,22.673219105562637,1.1406722511848197,0.0,110.0,1.0,110.0,1.0,0.31960409535033985
nb2,0,E090::kanpur%20dehat,2019-0331-IND,0.0,22.800208481513756,3.950391500647346,22.800208481513756,1.1420705247774583,0.0,110.0,1.0,110.0,1.0,0.31915751367815376
nb2,0,E090::kanpur%20nagar,2019-0331-IND,1.0,35.720341061331396,3.950391500647346,34.720341061331396,2.6355866478668184,0.0,173.0,1.0,173.0,0.0,0.2851584612279359
nb2,0,E090::kushinagar,2019-0331-IND,1.0,33.87153682435156,3.950391500647346,32.87153682435156,2.6226147104141777,0.0,164.0,1.0,164.0,0.0,0.288992571650839
nb2,0,E090::lakhimpur%20kheri,2019-0331-IND,1.0,34.44016896758124,3.950391500647346,33.44016896758124,2.626675623207738,0.0,167.0,1.0,167.0,0.0,0.28778612595180547
nb2,0,E090::mirzapur,2019-0331-IND,1.0,27.905984251978253,3.950391500647346,26.905984251978253,2.575558655389846,0.0,135.0,1.0,135.0,0.0,0.3033968150760563
nb2,0,E090::pilibhit,2019-0331-IND,1.0,28.063071447507095,3.950391500647346,27.063071447507095,2.576916561387004,0.0,136.0,1.0,136.0,0.0,0.30296986390271574
nb2,0,E090::prayagraj,2019-0331-IND,3.0,36.12402698798462,3.950391500647346,33.12402698798462,3.4060819318719116,0.0,175.0,1.0,175.0,0.0,0.28435406772757976
nb2,0,E090::sitapur,2019-0331-IND,1.0,39.777295097288764,3.950391500647346,38.777295097288764,2.6619186720742753,0.0,192.0,1.0,192.0,0.0,0.2775483214419844
nb2,0,E090::varanasi,2019-0331-IND,3.0,36.49216003776382,3.950391500647346,33.49216003776382,3.4084201938540217,0.0,176.0,1.0,176.0,0.0,0.28363020937607497
nb2,0,E091::chamoli,2019-0331-IND,0.0,21.644193106793665,3.950391500647346,21.644193106793665,1.129047466938897,0.0,105.0,1.0,105.0,1.0,0.32334110287251533
nb2,0,E091::champawat,2019-0331-IND,0.0,22.232246593666783,3.950391500647346,22.232246593666783,1.1357558553728333,0.0,108.0,1.0,108.0,1.0,0.32117926449092066
nb2,0,E091::dehradun,2019-0331-IND,0.0,34.19174773394132,3.950391500647346,34.19174773394132,1.243718568545315,0.0,165.0,1.0,165.0,1.0,0.2883101211776228
nb2,0,E091::haridwar,2019-0331-IND,0.0,35.47239059009346,3.950391500647346,35.47239059009346,1.2529594213989708,0.0,172.0,1.0,172.0,1.0,0.28565816182628734
nb2,0,E091::nainital,2019-0331-IND,0.0,30.757076964536793,3.950391500647346,30.757076964536793,1.2171278213335306,0.0,149.0,1.0,149.0,1.0,0.2960793396152311
nb2,0,E091::pithoragarh,2019-0331-IND,0.0,25.07283829978676,3.950391500647346,25.07283829978676,1.1658706094048348,0.0,121.0,1.0,121.0,1.0,0.311651217407767
nb2,0,E091::udham%20singh%20nagar,2019-0331-IND,0.0,23.88378595452322,3.950391500647346,23.88378595452322,1.1536976855166843,0.0,116.0,1.0,116.0,1.0,0.3154681081852355
nb2,0,E091::uttarkashi,2019-0331-IND,1.0,21.61981397865303,3.950391500647346,20.61981397865303,2.5142208313555723,0.0,105.0,1.0,105.0,0.0,0.32343229363295445
nb2,0,E092::birbhum,2019-0331-IND,1.0,28.543712269889713,3.950391500647346,27.543712269889713,2.5810267587063036,0.0,138.0,1.0,138.0,0.0,0.30168173339313636
nb2,0,E092::cooch%20behar,2019-0331-IND,1.0,26.45338223631232,3.950391500647346,25.45338223631232,2.5626449866051355,0.0,128.0,1.0,128.0,0.0,0.30749190191069414
nb2,0,E092::howrah,2019-0331-IND,0.0,47.267256483283155,3.950391500647346,47.267256483283155,1.3251784524506491,0.0,228.0,1.0,228.0,1.0,0.26575553013152003
nb2,0,E092::jalpaiguri,2019-0331-IND,6.0,29.942182043439033,3.950391500647346,23.942182043439033,3.889884761969436,0.0,145.0,1.0,145.0,0.0,0.2980819623172626
nb2,0,E092::kolkata,2019-0331-IND,0.0,73.44291327442676,3.950391500647346,73.44291327442676,1.4362535780221988,0.0,355.0,1.0,355.0,1.0,0.23781705484358573
nb2,0,E092::malda,2019-0331-IND,0.0,30.94765480207624,3.950391500647346,30.94765480207624,1.2186787661787382,0.0,150.0,1.0,150.0,1.0,0.29562049280470715
nb2,0,E092::nadia,2019-0331-IND,0.0,47.642538589037756,3.950391500647346,47.642538589037756,1.327169714471823,0.0,230.0,1.0,230.0,1.0,0.26522686776478305
nb2,0,E092::north%2024%20parganas,2019-0331-IND,0.0,55.16523067822824,3.950391500647346,55.16523067822824,1.3640991828454399,0.0,267.0,1.0,267.0,1.0,0.2556108309301472
nb2,0,E103::darrang,2020-0206-IND,41.0,21.89213729040345,3.950391500647346,19.10786270959655,5.653927235729149,0.0,106.0,1.0,106.0,0.0,0.32242082818121964
nb2,0,E103::goalpara,2020-0206-IND,70.0,20.452037427377803,3.950391500647346,49.5479625726222,6.425184269157907,0.0,99.0,1.0,99.0,0.0,0.3279557956447776
nb2,0,E103::lakhimpur,2020-0206-IND,47.0,24.04358716486084,3.950391500647346,22.95641283513916,5.7999868466065125,0.0,116.0,1.0,116.0,0.0,0.31494158552583584
nb2,0,E103::sonitpur,2020-0206-IND,21.0,26.78967903443872,3.950391500647346,5.78967903443872,4.933161613153485,0.0,130.0,1.0,130.0,0.0,0.306519398518431
nb2,0,E103::udalguri,2020-0206-IND,1.0,28.70354435091567,3.950391500647346,27.70354435091567,2.582378931834321,0.0,139.0,1.0,139.0,0.0,0.3012593360824407
nb2,0,E118::east%20godavari,2020-0446-IND,21.0,42.42772214993156,3.950391500647346,21.42772214993156,4.976097662783629,0.0,205.0,1.0,205.0,0.0,0.2730803652246865
nb2,0,E118::guntur,2020-0446-IND,4.0,40.065772484577096,3.950391500647346,36.065772484577096,3.6430422737893546,0.0,194.0,1.0,194.0,0.0,0.27704428132008097
nb2,0,E118::krishna,2020-0446-IND,21.0,36.831917069493734,3.950391500647346,15.831917069493734,4.95943655320156,0.0,178.0,1.0,178.0,0.0,0.282970165084618
nb2,0,E118::kurnool,2020-0446-IND,2.0,32.91099208821249,3.950391500647346,30.91099208821249,3.090761005000913,0.0,159.0,1.0,159.0,0.0,0.29108886086695746
nb2,0,E118::nellore,2020-0446-IND,1.0,31.213725415822882,3.950391500647346,30.213725415822882,2.602720164583103,0.0,151.0,1.0,151.0,0.0,0.2949857266550075
nb2,0,E118::srikakulam,2020-0446-IND,10.0,37.42124828626487,3.950391500647346,27.42124828626487,4.3378953322430585,0.0,181.0,1.0,181.0,0.0,0.2818430545310901
nb2,0,E118::visakhapatnam,2020-0446-IND,18.0,49.897658313738305,3.950391500647346,31.897658313738305,4.868717114772595,0.0,241.0,1.0,241.0,0.0,0.26215576046735845
nb2,0,E118::west%20godavari,2020-0446-IND,8.0,31.635784911506875,3.950391500647346,23.635784911506875,4.127778929092662,0.0,153.0,1.0,153.0,0.0,0.29399249059614885
nb2,0,E119::kalaburagi,2020-0446-IND,15.0,33.71397049326676,3.950391500647346,18.713970493266757,4.656094831670213,0.0,163.0,1.0,163.0,0.0,0.2893313381300771
nb2,0,E119::koppal,2020-0446-IND,0.0,26.670626426688457,3.950391500647346,26.670626426688457,1.181357360243013,0.0,129.0,1.0,129.0,1.0,0.30686193359909464
nb2,0,E119::raichur,2020-0446-IND,2.0,28.62477825492074,3.950391500647346,26.62477825492074,3.0580131741688787,0.0,139.0,1.0,139.0,0.0,0.3014671295772665
nb2,0,E119::vijayapura,2020-0446-IND,4.0,30.254471852826335,3.950391500647346,26.254471852826335,3.5805916555327006,0.0,146.0,1.0,146.0,0.0,0.29730658683579203
nb2,0,E119::yadgir,2020-0446-IND,11.0,27.895170515544066,3.950391500647346,16.895170515544066,4.366371252434719,0.0,135.0,1.0,135.0,0.0,0.303426315756937
nb2,0,E120::gajapati,2020-0446-IND,3.0,28.784059904472898,3.950391500647346,25.784059904472898,3.3543522722471137,0.0,139.0,1.0,139.0,0.0,0.30104765813143486
nb2,0,E120::ganjam,2020-0446-IND,2.0,43.91154549320725,3.950391500647346,41.91154549320725,3.1594464626386576,0.0,212.0,1.0,212.0,0.0,0.2707281337555129
nb2,0,E120::koraput,2020-0446-IND,0.0,35.55711010000963,3.950391500647346,35.55711010000963,1.2535590055999626,0.0,172.0,1.0,172.0,1.0,0.28548693704253897
nb2,0,E121::hyderabad,2020-0446-IND,59.0,66.28679548808674,3.950391500647346,7.286795488086739,5.957070175014913,0.0,320.0,1.0,320.0,0.0,0.24404658385640163
nb2,0,E121::nalgonda,2020-0446-IND,1.0,25.753595687138635,3.950391500647346,24.753595687138635,2.556181087379246,0.0,125.0,1.0,125.0,0.0,0.30956564595201363
nb2,0,E121::ranga%20reddy,2020-0446-IND,3.0,38.334937248025454,3.950391500647346,35.334937248025454,3.419813432522157,0.0,185.0,1.0,185.0,0.0,0.2801385860235351
nb2,0,E178::bhadradri%20kothagudem,2023-0486-IND,15.0,21.370610358528634,3.950391500647346,6.3706103585286336,4.606205127008077,0.0,104.0,1.0,104.0,0.0,0.32437181359372114
nb2,0,E178::jayashankar%20bhupalpally,2023-0486-IND,23.0,15.050605155847093,3.950391500647346,7.949394844152907,5.042716807709031,0.0,73.0,1.0,73.0,0.0,0.3540362827320258
nb2,0,E178::mancherial,2023-0486-IND,0.0,18.847150186615377,3.950391500647346,18.847150186615377,1.0944530909009207,0.0,91.0,1.0,91.0,1.0,0.33472261974477024
nb2,0,E178::mulugu,2023-0486-IND,60.0,13.832525681142707,3.950391500647346,46.167474318857295,6.4397694830911725,0.0,67.0,1.0,67.0,0.0,0.3615479840977684
nb2,0,E178::nirmal,2023-0486-IND,17.0,17.468606957734316,3.950391500647346,0.46860695773431615,4.716507887366718,0.0,85.0,1.0,85.0,0.0,0.34113050595603683
nb2,0,E184::kullu,2024-0561-IND,191.0,19.43063592098095,3.950391500647346,171.56936407901904,8.77236648479719,0.0,94.0,0.0,94.0,0.0,0.3321826322166571
nb2,0,E184::mandi,2024-0561-IND,163.0,31.5642544569889,3.950391500647346,131.4357455430111,7.605384237861941,0.0,153.0,0.0,153.0,0.0,0.2941596605412517
nb2,0,E184::shimla,2024-0561-IND,178.0,28.454238636745682,3.950391500647346,149.54576136325431,7.919582152865451,0.0,138.0,0.0,138.0,0.0,0.30191947520696444
nb2,0,E200::kishtwar,2025-0690-IND,824.0,13.008530470991872,3.950391500647346,810.9914695290081,23.172207705030686,0.0,63.0,0.0,63.0,0.0,0.3671072142706995
poisson,0,E032::barpeta,2016-0239-IND,11.0,24.68664516639091,,13.68664516639091,6.920066437471128,17.0,33.0,0.0,16.0,0.0,1.8998802474792933e-11
poisson,0,E032::bongaigaon,2016-0239-IND,1.0,22.79590293747865,,21.79590293747865,19.669322113390088,15.0,31.0,0.0,16.0,0.0,1.2585345549434813e-10
poisson,0,E032::dhemaji,2016-0239-IND,38.0,25.208543646298075,,12.791456353701925,5.543789376425913,17.0,34.0,0.0,17.0,0.0,1.1273755131053355e-11
poisson,0,E032::dhubri,2016-0239-IND,6.0,34.09584303475579,,28.095843034755788,19.50004141645003,25.0,44.0,0.0,19.0,0.0,1.557268554748618e-15
poisson,0,E032::goalpara,2016-0239-IND,1.0,26.423094624007984,,25.423094624007984,23.148856199903108,18.0,35.0,0.0,17.0,0.0,3.3465383790935204e-12
poisson,0,E032::jorhat,2016-0239-IND,37.0,69.36714985435138,,32.36714985435138,11.839466123914491,56.0,83.0,0.0,27.0,0.0,7.485651302619134e-31
poisson,0,E032::lakhimpur,2016-0239-IND,42.0,50.74450448934334,,8.744504489343342,3.590646191448485,39.0,63.0,1.0,24.0,0.0,9.160975324757315e-23
poisson,0,E032::morigaon,2016-0239-IND,23.0,23.344262037688566,,0.34426203768856567,2.492859619682484,16.0,32.0,1.0,16.0,0.0,7.273037267482287e-11
poisson,0,E032::sonitpur,2016-0239-IND,25.0,31.776869048879306,,6.7768690488793055,3.312008354089542,23.0,41.0,1.0,18.0,0.0,1.583000747395357e-14
poisson,0,E033::chamoli,2016-0239-IND,105.0,33.297888620360816,,71.70211137963918,52.133568774441066,24.0,43.0,0.0,19.0,0.0,3.458682632613854e-15
poisson,0,E033::pithoragarh,2016-0239-IND,107.0,47.400252177920905,,59.599747822079095,30.775921497821074,36.0,59.0,0.0,23.0,0.0,2.596163491135264e-21
poisson,0,E044::sabarkantha,2017-0294-IND,0.0,28.645197164026378,,28.645197164026378,28.645197164026378,20.0,38.0,0.0,18.0,1.0,3.627011550546092e-13
poisson,0,E044::surat,2017-0294-IND,0.0,56.454767352915106,,56.454767352915106,56.454767352915106,44.0,69.0,0.0,25.0,1.0,3.0339335288515785e-25
poisson,0,E044::valsad,2017-0294-IND,1.0,56.72985844911813,,55.72985844911813,52.691557772950794,45.0,69.0,0.0,24.0,0.0,2.3042814113845796e-25
poisson,0,E045::barmer,2017-0294-IND,0.0,15.451690370413084,,15.451690370413084,15.451690370413084,9.0,22.0,0.0,13.0,1.0,1.9472249969395368e-07
poisson,0,E045::pali,2017-0294-IND,0.0,18.9935965745994,,18.9935965745994,18.9935965745994,12.0,26.0,0.0,14.0,1.0,5.638788640267528e-09
poisson,0,E045::udaipur,2017-0294-IND,0.0,37.91868313281226,,37.91868313281226,37.91868313281226,28.0,48.0,0.0,20.0,1.0,3.405063021974776e-17
poisson,0,E046::kolkata,2017-0294-IND,0.0,127.31086059816188,,127.31086059816188,127.31086059816188,109.0,146.0,0.0,37.0,1.0,5.1238423137356245e-56
poisson,0,E059::dhalai,2018-0213-IND,1.0,33.883205219586515,,32.883205219586515,30.3602857492129,25.0,44.0,0.0,19.0,0.0,1.926242425368049e-15
poisson,0,E059::north%20tripura,2018-0213-IND,1.0,40.32417762727683,,39.32417762727683,36.62722639709343,30.0,51.0,0.0,21.0,0.0,3.072077511625351e-18
poisson,0,E059::west%20tripura,2018-0213-IND,12.0,44.8401106025647,,32.8401106025647,19.19008832055652,34.0,56.0,0.0,22.0,0.0,3.358825157469076e-20
poisson,0,E079::amritsar,2018-0372-IND,14.0,36.773265078509084,,22.773265078509084,11.497691019173953,27.0,47.0,0.0,20.0,0.0,1.0704685067258467e-16
poisson,0,E079::faridkot,2018-0372-IND,0.0,25.157456133352195,,25.157456133352195,25.157456133352195,17.0,34.0,0.0,17.0,1.0,1.1864668884370848e-11
poisson,0,E079::ferozepur,2018-0372-IND,1.0,24.187781590784358,,23.187781590784358,21.00193397806587,16.0,33.0,0.0,17.0,0.0,3.1288152926449035e-11
poisson,0,E079::hoshiarpur,2018-0372-IND,5.0,34.324703081321005,,29.324703081321005,21.4328683171021,25.0,44.0,0.0,19.0,0.0,1.238713465995342e-15
poisson,0,E079::jalandhar,2018-0372-IND,3.0,34.766493264190316,,31.766493264190316,25.91229047626138,25.0,45.0,0.0,20.0,0.0,7.963496989835123e-16
poisson,0,E079::ludhiana,2018-0372-IND,3.0,37.09115341096761,,34.09115341096761,28.04277741426217,27.0,47.0,0.0,20.0,0.0,7.789628504136296e-17
poisson,0,E079::moga,2018-0372-IND,2.0,17.80890799619899,,15.80890799619899,12.74265761407943,11.0,25.0,0.0,14.0,0.0,1.843696913020392e-08
poisson,0,E079::muktsar,2018-0372-IND,0.0,23.93222206196503,,23.93222206196503,23.93222206196503,16.0,32.0,0.0,16.0,1.0,4.039875848653163e-11
poisson,0,E079::tarn%20taran,2018-0372-IND,5.0,28.71579392614874,,23.71579392614874,16.716049256852617,20.0,38.0,0.0,18.0,0.0,3.379785624481407e-13
poisson,0,E081::baksa,2019-0331-IND,98.0,16.09079514321146,,81.90920485678853,98.3616375936572,10.0,23.0,0.0,13.0,0.0,1.027676581139919e-07
poisson,0,E081::barpeta,2019-0331-IND,200.0,18.25814565454266,,181.74185434545734,300.56786930997214,12.0,26.0,0.0,14.0,0.0,1.1764896000500042e-08
poisson,0,E081::biswanath,2019-0331-IND,60.0,17.555538066400786,,42.444461933599214,34.261543921717944,11.0,25.0,0.0,14.0,0.0,2.3753449702054575e-08
poisson,0,E081::bongaigaon,2019-0331-IND,66.0,16.340990068189807,,49.65900993181019,45.490570729960396,10.0,23.0,0.0,13.0,0.0,8.001993320953562e-08
poisson,0,E081::cachar,2019-0331-IND,47.0,21.409117556666107,,25.590882443333893,14.212446582901183,14.0,29.0,0.0,15.0,0.0,5.036610687740927e-10
poisson,0,E081::chirang,2019-0331-IND,64.0,17.250164238975337,,46.74983576102466,40.15777719156451,11.0,24.0,0.0,13.0,0.0,3.223657243613648e-08
poisson,0,E081::darrang,2019-0331-IND,59.0,16.276232923321093,,42.72376707667891,36.21741127270141,10.0,23.0,0.0,13.0,0.0,8.537325800359349e-08
poisson,0,E081::dhemaji,2019-0331-IND,86.0,14.126082622074552,,71.87391737792545,86.61706015717674,8.0,21.0,0.0,13.0,0.0,7.330274975339111e-07
poisson,0,E081::dhubri,2019-0331-IND,163.0,21.367897769561093,,141.6321022304389,193.02748566390258,14.0,29.0,0.0,15.0,0.0,5.248556888199627e-10
poisson,0,E081::dibrugarh,2019-0331-IND,59.0,19.10154741752547,,39.89845258247453,29.598984723653135,12.0,27.0,0.0,15.0,0.0,5.061781110175247e-09
poisson,0,E081::goalpara,2019-0331-IND,97.0,18.592896576251594,,78.40710342374841,85.03739309959361,12.0,26.0,0.0,14.0,0.0,8.417974664774446e-09
poisson,0,E081::golaghat,2019-0331-IND,143.0,20.861441846965736,,122.13855815303427,156.529100438982,14.0,29.0,0.0,15.0,0.0,8.709453831405515e-10
poisson,0,E081::hailakandi,2019-0331-IND,27.0,18.635328464709474,,8.364671535290526,4.216269798682433,12.0,26.0,0.0,14.0,0.0,8.06825618037275e-09
poisson,0,E081::hojai,2019-0331-IND,28.0,17.687370320776175,,10.312629679223825,5.137289834665346,11.0,25.0,0.0,14.0,0.0,2.0819613854695597e-08
poisson,0,E081::jorhat,2019-0331-IND,117.0,22.100702241060194,,94.89929775893981,103.3894924769817,15.0,30.0,0.0,15.0,0.0,2.522243262004547e-10
poisson,0,E081::kamrup,2019-0331-IND,108.0,17.544584893457944,,90.45541510654206,109.08303545658558,11.0,25.0,0.0,14.0,0.0,2.4015055435609852e-08
poisson,0,E081::karbi%20anglong,2019-0331-IND,56.0,21.30717417291375,,34.69282582708625,22.353516740489557,14.0,29.0,0.0,15.0,0.0,5.577143663247125e-10
poisson,0,E081::karimganj,2019-0331-IND,35.0,20.90810915289239,,14.09189084710761,6.639486905299162,14.0,29.0,0.0,15.0,0.0,8.312345148429274e-10
poisson,0,E081::kokrajhar,2019-0331-IND,67.0,17.84414037409374,,49.15585962590626,42.508837161773556,11.0,25.0,0.0,14.0,0.0,1.779870074629217e-08
poisson,0,E081::lakhimpur,2019-0331-IND,98.0,17.58452877171648,,80.41547122828352,91.15570638853497,11.0,25.0,0.0,14.0,0.0,2.3074706599571715e-08
poisson,0,E081::majuli,2019-0331-IND,54.0,12.086504799233008,,41.91349520076699,41.83378274818793,7.0,18.0,0.0,11.0,0.0,5.635048524543658e-06
poisson,0,E081::morigaon,2019-0331-IND,227.0,15.823724259508433,,211.17627574049158,397.05630959291335,10.0,23.0,0.0,13.0,0.0,1.3422823232850526e-07
poisson,0,E081::nagaon,2019-0331-IND,123.0,22.448692509307417,,100.55130749069258,111.99149463449453,15.0,31.0,0.0,16.0,0.0,1.780970464720645e-10
poisson,0,E081::nalbari,2019-0331-IND,110.0,14.768565258795197,,95.23143474120481,128.91623696138902,9.0,21.0,0.0,12.0,0.0,3.8556144787129724e-07
poisson,0,E081::sivasagar,2019-0331-IND,28.0,18.755847647892608,,9.244152352107392,4.563434591332026,12.0,26.0,0.0,14.0,0.0,7.152187035703475e-09
poisson,0,E081::sonitpur,2019-0331-IND,98.0,21.48244740576879,,76.5175525942312,75.43238513252376,14.0,29.0,0.0,15.0,0.0,4.680493364656448e-10
poisson,0,E081::south%20salmara,2019-0331-IND,58.0,16.99063014015573,,41.00936985984427,33.152524172599186,11.0,24.0,0.0,13.0,0.0,4.178910655317735e-08
poisson,0,E081::tinsukia,2019-0331-IND,28.0,21.778934083484486,,6.2210659165155135,3.402268288326624,14.0,30.0,1.0,16.0,0.0,3.4795982664801417e-10
poisson,0,E081::udalguri,2019-0331-IND,49.0,20.204275166564504,,28.795724833435496,17.481202140667495,13.0,28.0,0.0,15.0,0.0,1.6803307858651139e-09
poisson,0,E081::west%20karbi%20anglong,2019-0331-IND,4.0,17.920735715098388,,13.920735715098388,9.55495569651004,11.0,25.0,0.0,14.0,0.0,1.6486306410934353e-08
poisson,0,E082::araria,2019-0331-IND,183.0,20.548143114034044,,162.45185688596595,241.24123039412385,13.0,28.0,0.0,15.0,0.0,1.191392418788402e-09
poisson,0,E082::darbhanga,2019-0331-IND,202.0,24.59196720355888,,177.40803279644112,251.54671666048083,17.0,33.0,0.0,16.0,0.0,2.088547439606055e-11
poisson,0,E082::east%20champaran,2019-0331-IND,115.0,24.566783959124695,,90.43321604087531,90.36565018243608,17.0,33.0,0.0,16.0,0.0,2.1418117088781535e-11
poisson,0,E082::katihar,2019-0331-IND,95.0,22.195517154866618,,72.80448284513338,68.52099386563182,15.0,30.0,0.0,15.0,0.0,2.294084320654769e-10
poisson,0,E082::kishanganj,2019-0331-IND,137.0,17.90517313936674,,119.09482686063326,163.0648120042403,11.0,25.0,0.0,14.0,0.0,1.674488264029075e-08
poisson,0,E082::madhubani,2019-0331-IND,223.0,24.62067396331987,,198.37932603668014,296.64308872273557,17.0,33.0,0.0,16.0,0.0,2.0294443971657075e-11
poisson,0,E082::muzaffarpur,2019-0331-IND,161.0,29.350428926046998,,131.649571073953,145.84823718674815,21.0,39.0,0.0,18.0,0.0,1.7917222047686464e-13
poisson,0,E082::purnia,2019-0331-IND,29.0,23.023576657880504,,5.976423342119496,3.321571498533153,15.0,31.0,1.0,16.0,0.0,1.0022768601783106e-10
poisson,0,E082::saharsa,2019-0331-IND,84.0,22.29499115384402,,61.70500884615598,52.85252977876405,15.0,30.0,0.0,15.0,0.0,2.0768654795639236e-10
poisson,0,E082::sheohar,2019-0331-IND,137.0,16.668976778588494,,120.3310232214115,171.62964488435205,10.0,24.0,0.0,14.0,0.0,5.764416678634189e-08
poisson,0,E082::sitamarhi,2019-0331-IND,242.0,23.5686455092164,,218.4313544907836,348.8553528342455,16.0,32.0,0.0,16.0,0.0,5.8112198960331355e-11
poisson,0,E082::supaul,2019-0331-IND,140.0,21.729776332775515,,118.27022366722449,145.9343803116744,14.0,30.0,0.0,16.0,0.0,3.654921432829941e-10
poisson,0,E084::belagavi,2019-0331-IND,2.0,24.453776587319656,,22.453776587319656,18.75335443659565,17.0,33.0,0.0,16.0,0.0,2.3980584615774547e-11
poisson,0,E084::dakshina%20kannada,2019-0331-IND,4.0,45.33888190243206,,41.33888190243206,33.26027579484045,35.0,57.0,0.0,22.0,0.0,2.0397351223667795e-20
poisson,0,E084::hassan,2019-0331-IND,1.0,33.70348236339618,,32.70348236339618,30.185881197151076,24.0,44.0,0.0,20.0,0.0,2.30549183589285e-15
poisson,0,E084::kodagu,2019-0331-IND,5.0,28.655314010907496,,23.655314010907496,16.66611122232799,20.0,38.0,0.0,18.0,0.0,3.590502619079916e-13
poisson,0,E084::shivamogga,2019-0331-IND,0.0,30.172984220205322,,30.172984220205322,30.172984220205322,21.0,39.0,0.0,18.0,1.0,7.871172869137273e-14
poisson,0,E084::udupi,2019-0331-IND,10.0,31.321607829025897,,21.321607829025897,11.982938348679372,22.0,41.0,0.0,19.0,0.0,2.4957354938854803e-14
poisson,0,E084::uttara%20kannada,2019-0331-IND,0.0,37.54058816553332,,37.54058816553332,37.54058816553332,28.0,48.0,0.0,20.0,1.0,4.969694728402591e-17
poisson,0,E084::vijayapura,2019-0331-IND,0.0,16.149929930969268,,16.149929930969268,16.149929930969268,10.0,23.0,0.0,13.0,1.0,9.686670962792146e-08
poisson,0,E085::alappuzha,2019-0331-IND,9.0,47.05235074464165,,38.05235074464165,25.192830777448712,36.0,59.0,0.0,23.0,0.0,3.676408072396119e-21
poisson,0,E085::ernakulam,2019-0331-IND,9.0,61.03618098687705,,52.03618098687705,36.834807093500665,48.0,74.0,0.0,26.0,0.0,3.106872284888783e-27
poisson,0,E085::idukki,2019-0331-IND,11.0,56.568552330391114,,45.568552330391114,29.68087477538262,44.0,69.0,0.0,25.0,0.0,2.70763346832981e-25
poisson,0,E085::kannur,2019-0331-IND,19.0,54.354981731131424,,35.354981731131424,17.779676796822187,43.0,67.0,0.0,24.0,0.0,2.4770305916800064e-24
poisson,0,E085::kasaragod,2019-0331-IND,17.0,41.69148915442287,,24.691489154422868,11.78151341827568,31.0,53.0,0.0,22.0,0.0,7.827378191315029e-19
poisson,0,E085::kollam,2019-0331-IND,1.0,78.90594626212733,,77.90594626212733,74.53768967257626,65.0,94.0,0.0,29.0,0.0,5.389927816220081e-35
poisson,0,E085::kottayam,2019-0331-IND,9.0,48.945796468479095,,39.945796468479095,26.731202526815082,38.0,61.0,0.0,23.0,0.0,5.534911502861711e-22
poisson,0,E085::kozhikode,2019-0331-IND,14.0,56.22053331757009,,42.22053331757009,25.0018057765931,44.0,69.0,0.0,25.0,0.0,3.834710746300123e-25
poisson,0,E085::malappuram,2019-0331-IND,5.0,51.901304603636326,,46.901304603636326,36.94207671278076,40.0,64.0,0.0,24.0,0.0,2.8810434432847457e-23
poisson,0,E085::palakkad,2019-0331-IND,0.0,52.92055960017161,,52.92055960017161,52.92055960017161,41.0,65.0,0.0,24.0,1.0,1.0396639528635394e-23
poisson,0,E085::thiruvananthapuram,2019-0331-IND,5.0,89.55860981399941,,84.55860981399941,71.87163521072304,74.0,105.0,0.0,31.0,0.0,1.2740602050803438e-39
poisson,0,E085::thrissur,2019-0331-IND,8.0,43.23938851716569,,35.23938851716569,23.70997661135214,33.0,54.0,0.0,21.0,0.0,1.664838713083155e-19
poisson,0,E085::wayanad,2019-0331-IND,7.0,44.53247449023691,,37.53247449023691,26.484105043355136,34.0,56.0,0.0,22.0,0.0,4.56869391952299e-20
poisson,0,E086::ahilyanagar,2019-0331-IND,0.0,52.19674213348375,,52.19674213348375,52.19674213348375,41.0,64.0,0.0,23.0,1.0,2.144089539963751e-23
poisson,0,E086::amravati,2019-0331-IND,0.0,30.85419731747684,,30.85419731747684,30.85419731747684,22.0,40.0,0.0,18.0,1.0,3.982835426797176e-14
poisson,0,E086::aurangabad,2019-0331-IND,0.0,32.72848316734482,,32.72848316734482,32.72848316734482,24.0,42.0,0.0,18.0,1.0,6.112239446578676e-15
poisson,0,E086::buldhana,2019-0331-IND,0.0,35.33780919890852,,35.33780919890852,35.33780919890852,26.0,45.0,0.0,19.0,1.0,4.497637635292027e-16
poisson,0,E086::gadchiroli,2019-0331-IND,0.0,32.003723647090204,,32.003723647090204,32.003723647090204,23.0,42.0,0.0,19.0,1.0,1.2617096354818242e-14
poisson,0,E086::hingoli,2019-0331-IND,0.0,29.331144281712753,,29.331144281712753,29.331144281712753,21.0,39.0,0.0,18.0,1.0,1.8266102507881375e-13
poisson,0,E086::kolhapur,2019-0331-IND,2.0,79.6432997625793,,77.6432997625793,71.58133111949812,65.0,95.0,0.0,30.0,0.0,2.578424341998261e-35
poisson,0,E086::latur,2019-0331-IND,0.0,23.757695519617023,,23.757695519617023,23.757695519617023,16.0,32.0,0.0,16.0,1.0,4.81020885088512e-11
poisson,0,E086::nagpur,2019-0331-IND,0.0,40.05765209268868,,40.05765209268868,40.05765209268868,30.0,51.0,0.0,21.0,1.0,4.010354258588877e-18
poisson,0,E086::nashik,2019-0331-IND,1.0,69.57588180987914,,68.57588180987914,65.3334638283128,56.0,84.0,0.0,28.0,0.0,6.075450075207653e-31
poisson,0,E086::pune,2019-0331-IND,4.0,102.5182099836895,,98.5182099836895,87.17610204933129,86.0,119.0,0.0,33.0,0.0,2.998521101766506e-45
poisson,0,E086::raigad,2019-0331-IND,9.0,45.439559819046195,,36.439559819046195,23.893939513561527,35.0,57.0,0.0,22.0,0.0,1.8443779032692173e-20
poisson,0,E086::ratnagiri,2019-0331-IND,16.0,58.1340853355463,,42.1340853355463,23.801910904971194,46.0,71.0,0.0,25.0,0.0,5.658320305161646e-26
poisson,0,E086::sangli,2019-0331-IND,1.0,27.254288581006826,,26.254288581006826,23.949077693160852,19.0,36.0,0.0,17.0,0.0,1.4575144230238145e-12
poisson,0,E086::thane,2019-0331-IND,92.0,72.45596459782632,,19.544035402173677,5.607184994347506,59.0,87.0,0.0,28.0,0.0,3.410157159226548e-32
poisson,0,E086::yavatmal,2019-0331-IND,0.0,29.619544565571864,,29.619544565571864,29.619544565571864,21.0,39.0,0.0,18.0,1.0,1.368974122098393e-13
poisson,0,E087::angul,2019-0331-IND,0.0,40.46268682386744,,40.46268682386744,40.46268682386744,30.0,51.0,0.0,21.0,1.0,2.674720396000872e-18
poisson,0,E087::bargarh,2019-0331-IND,0.0,30.373688647934493,,30.373688647934493,30.373688647934493,22.0,40.0,0.0,18.0,1.0,6.439833295453971e-14
poisson,0,E087::bolangir,2019-0331-IND,0.0,43.78985622162366,,43.78985622162366,43.78985622162366,33.0,55.0,0.0,22.0,1.0,9.600792414623677e-20
poisson,0,E087::cuttack,2019-0331-IND,0.0,26.616487866736957,,26.616487866736957,26.616487866736957,18.0,35.0,0.0,17.0,1.0,2.758075762805477e-12
poisson,0,E087::gajapati,2019-0331-IND,1.0,38.254211247731405,,37.254211247731405,34.60995759553929,28.0,49.0,0.0,21.0,0.0,2.4344852385191335e-17
poisson,0,E087::ganjam,2019-0331-IND,1.0,46.796392084778425,,45.796392084778425,42.95058597703217,36.0,58.0,0.0,22.0,0.0,4.748813835865808e-21
poisson,0,E087::kalahandi,2019-0331-IND,1.0,35.81514121899273,,34.81514121899273,32.23677047592159,26.0,46.0,0.0,20.0,0.0,2.7904985424263806e-16
poisson,0,E087::kandhamal,2019-0331-IND,0.0,42.012553755464324,,42.012553755464324,42.012553755464324,32.0,53.0,0.0,21.0,1.0,5.677795330933714e-19
poisson,0,E087::kendrapara,2019-0331-IND,0.0,27.504034316843548,,27.504034316843548,27.504034316843548,19.0,36.0,0.0,17.0,1.0,1.1354020293368766e-12
poisson,0,E087::khordha,2019-0331-IND,0.0,33.91437495397419,,33.91437495397419,33.91437495397419,25.0,44.0,0.0,19.0,1.0,1.8671280364857812e-15
poisson,0,E087::koraput,2019-0331-IND,0.0,28.868127788336206,,28.868127788336206,28.868127788336206,20.0,38.0,0.0,18.0,1.0,2.902227137181441e-13
poisson,0,E087::nabarangpur,2019-0331-IND,0.0,38.67347740091054,,38.67347740091054,38.67347740091054,29.0,49.0,0.0,20.0,1.0,1.6007450546049038e-17
poisson,0,E087::nayagarh,2019-0331-IND,2.0,35.53283476295339,,33.53283476295339,29.08506755970564,26.0,46.0,0.0,20.0,0.0,3.7007175191774295e-16
poisson,0,E087::nuapada,2019-0331-IND,0.0,31.341177171557085,,31.341177171557085,31.341177171557085,22.0,41.0,0.0,19.0,1.0,2.447370371441294e-14
poisson,0,E087::puri,2019-0331-IND,0.0,24.591596668572734,,24.591596668572734,24.591596668572734,17.0,33.0,0.0,16.0,1.0,2.0893214628951534e-11
poisson,0,E087::rayagada,2019-0331-IND,0.0,39.08062768902345,,39.08062768902345,39.08062768902345,29.0,50.0,0.0,21.0,1.0,1.065366521795466e-17
poisson,0,E087::sambalpur,2019-0331-IND,0.0,32.261420198450686,,32.261420198450686,32.261420198450686,23.0,42.0,0.0,19.0,1.0,9.750866925179088e-15
poisson,0,E087::subarnapur,2019-0331-IND,0.0,25.94525842465545,,25.94525842465545,25.94525842465545,18.0,35.0,0.0,17.0,1.0,5.396565276403935e-12
poisson,0,E088::amritsar,2019-0331-IND,1.0,21.375389895126887,,20.375389895126887,18.31314963976273,14.0,29.0,0.0,15.0,0.0,5.20938097961864e-10
poisson,0,E088::bathinda,2019-0331-IND,13.0,18.688693880327577,,5.688693880327577,3.177914169572542,12.0,26.0,1.0,14.0,0.0,7.64897733053247e-09
poisson,0,E088::faridkot,2019-0331-IND,2.0,16.08553601463204,,14.08553601463204,11.222842227157699,10.0,23.0,0.0,13.0,0.0,1.033095501327306e-07
poisson,0,E088::ferozepur,2019-0331-IND,1.0,26.921390901417258,,25.921390901417258,23.628469730017923,19.0,36.0,0.0,17.0,0.0,2.033239257243313e-12
poisson,0,E088::gurdaspur,2019-0331-IND,13.0,21.43115656390422,,8.43115656390422,4.140325310653068,14.0,29.0,0.0,15.0,0.0,4.926823037529465e-10
poisson,0,E088::jalandhar,2019-0331-IND,0.0,21.612543921299164,,21.612543921299164,21.612543921299164,14.0,30.0,0.0,16.0,1.0,4.1095231860077287e-10
poisson,0,E088::ludhiana,2019-0331-IND,4.0,25.213510564922338,,21.213510564922338,15.482044457759045,17.0,34.0,0.0,17.0,0.0,1.1217898140125743e-11
poisson,0,E088::mansa,2019-0331-IND,3.0,15.870358678412526,,12.870358678412526,9.36875874168927,10.0,23.0,0.0,13.0,0.0,1.2811229173744073e-07
poisson,0,E088::moga,2019-0331-IND,1.0,24.55371476679139,,23.55371476679139,21.352851609668132,17.0,33.0,0.0,16.0,0.0,2.1699871722798287e-11
poisson,0,E088::muktsar,2019-0331-IND,3.0,15.475697946633671,,12.475697946633671,9.049644658522302,9.0,22.0,0.0,13.0,0.0,1.9010335354914914e-07
poisson,0,E088::patiala,2019-0331-IND,26.0,30.433928896886336,,4.433928896886336,2.8911208849495367,22.0,40.0,1.0,18.0,0.0,6.063349711439746e-14
poisson,0,E088::sangrur,2019-0331-IND,30.0,17.50810251065326,,12.49189748934674,6.286425627887908,11.0,25.0,0.0,14.0,0.0,2.4907359605692162e-08
poisson,0,E089::churu,2019-0331-IND,1.0,16.533502712175714,,15.533502712175714,13.728113922477371,10.0,23.0,0.0,13.0,0.0,6.600715364878094e-08
poisson,0,E089::dholpur,2019-0331-IND,0.0,16.552856144355157,,16.552856144355157,16.552856144355157,10.0,24.0,0.0,14.0,1.0,6.474197098059308e-08
poisson,0,E089::jhalawar,2019-0331-IND,0.0,39.873394645439404,,39.873394645439404,39.873394645439404,30.0,51.0,0.0,21.0,1.0,4.821750461661606e-18
poisson,0,E089::kota,2019-0331-IND,0.0,80.49825736698413,,80.49825736698413,80.49825736698413,66.0,96.0,0.0,30.0,1.0,1.0966070224511173e-35
poisson,0,E089::sikar,2019-0331-IND,4.0,27.715672717978443,,23.715672717978443,17.60573432720349,19.0,37.0,0.0,18.0,0.0,9.188323479499944e-13
poisson,0,E090::agra,2019-0331-IND,1.0,25.613298732361553,,24.613298732361553,22.370187034027087,18.0,34.0,0.0,16.0,0.0,7.521175058747947e-12
poisson,0,E090::ambedkar%20nagar,2019-0331-IND,2.0,24.48788424706307,,22.48788424706307,18.784674478208935,17.0,33.0,0.0,16.0,0.0,2.3176454448697444e-11
poisson,0,E090::ayodhya,2019-0331-IND,0.0,26.907698925268654,,26.907698925268654,26.907698925268654,19.0,36.0,0.0,17.0,1.0,2.0612697793721468e-12
poisson,0,E090::bahraich,2019-0331-IND,2.0,28.784191580245466,,26.784191580245466,22.75768609485432,20.0,38.0,0.0,18.0,0.0,3.1563447351153105e-13
poisson,0,E090::ballia,2019-0331-IND,0.0,25.91329205468903,,25.91329205468903,25.91329205468903,18.0,35.0,0.0,17.0,1.0,5.5718607313944475e-12
poisson,0,E090::balrampur,2019-0331-IND,3.0,21.916058812660836,,18.916058812660836,14.446159340224055,15.0,30.0,0.0,15.0,0.0,3.033727669318733e-10
poisson,0,E090::banda,2019-0331-IND,0.0,18.848588731116546,,18.848588731116546,18.848588731116546,12.0,26.0,0.0,14.0,1.0,6.5187139257474716e-09
poisson,0,E090::barabanki,2019-0331-IND,3.0,22.897291424998084,,19.897291424998084,15.295995018684966,15.0,31.0,0.0,16.0,0.0,1.1371890876490817e-10
poisson,0,E090::farrukhabad,2019-0331-IND,0.0,24.524152903886066,,24.524152903886066,24.524152903886066,17.0,33.0,0.0,16.0,1.0,2.2350936283078696e-11
poisson,0,E090::ghazipur,2019-0331-IND,0.0,29.183445582057825,,29.183445582057825,29.183445582057825,21.0,38.0,0.0,17.0,1.0,2.1173400909998692e-13
poisson,0,E090::gonda,2019-0331-IND,2.0,25.963473752796688,,23.963473752796688,20.143239544106812,18.0,35.0,0.0,17.0,0.0,5.2991549430181535e-12
poisson,0,E090::hamirpur,2019-0331-IND,0.0,14.651590723267688,,14.651590723267688,14.651590723267688,9.0,21.0,0.0,12.0,1.0,4.3340607829406234e-07
poisson,0,E090::jalaun,2019-0331-IND,0.0,17.400611163502273,,17.400611163502273,17.400611163502273,11.0,25.0,0.0,14.0,1.0,2.773387730817452e-08
poisson,0,E090::kanpur%20dehat,2019-0331-IND,0.0,17.285617602166123,,17.285617602166123,17.285617602166123,11.0,24.0,0.0,13.0,1.0,3.1113699941620114e-08
poisson,0,E090::kanpur%20nagar,2019-0331-IND,1.0,30.040606604403596,,29.040606604403596,26.638056584489053,21.0,39.0,0.0,18.0,0.0,8.985253176405423e-14
poisson,0,E090::kushinagar,2019-0331-IND,1.0,29.239077449436614,,28.239077449436614,25.86357136602964,21.0,38.0,0.0,17.0,0.0,2.0027650674917357e-13
poisson,0,E090::lakhimpur%20kheri,2019-0331-IND,1.0,29.15095538738839,,28.15095538738839,25.778467700261444,21.0,38.0,0.0,17.0,0.0,2.1872626303771385e-13
poisson,0,E090::mirzapur,2019-0331-IND,1.0,22.733507624204385,,21.733507624204385,19.60966768129861,15.0,31.0,0.0,16.0,0.0,1.3395628183080275e-10
poisson,0,E090::pilibhit,2019-0331-IND,1.0,24.301521160461835,,23.301521160461835,21.11098221287862,17.0,33.0,0.0,16.0,0.0,2.7924374780531404e-11
poisson,0,E090::prayagraj,2019-0331-IND,3.0,28.530966010153264,,25.530966010153264,20.26975540707004,20.0,38.0,0.0,18.0,0.0,4.0659206469422155e-13
poisson,0,E090::sitapur,2019-0331-IND,1.0,36.68323752252824,,35.68323752252824,33.08091761506205,27.0,47.0,0.0,20.0,0.0,1.1713113877652028e-16
poisson,0,E090::varanasi,2019-0331-IND,3.0,33.15936318670985,,30.159363186709847,24.447147278472414,24.0,43.0,0.0,19.0,0.0,3.972569872011665e-15
poisson,0,E091::chamoli,2019-0331-IND,0.0,23.887437378968624,,23.887437378968624,23.887437378968624,16.0,32.0,0.0,16.0,1.0,4.2249128947351535e-11
poisson,0,E091::champawat,2019-0331-IND,0.0,28.056992038339622,,28.056992038339622,28.056992038339622,20.0,37.0,0.0,17.0,1.0,6.531353334453022e-13
poisson,0,E091::dehradun,2019-0331-IND,0.0,36.44582934794612,,36.44582934794612,36.44582934794612,27.0,47.0,0.0,20.0,1.0,1.4851743012688277e-16
poisson,0,E091::haridwar,2019-0331-IND,0.0,37.80654419443149,,37.80654419443149,37.80654419443149,28.0,48.0,0.0,20.0,1.0,3.809135979807013e-17
poisson,0,E091::nainital,2019-0331-IND,0.0,35.25391225691524,,35.25391225691524,35.25391225691524,26.0,45.0,0.0,19.0,1.0,4.891256536900773e-16
poisson,0,E091::pithoragarh,2019-0331-IND,0.0,29.390575873945615,,29.390575873945615,29.390575873945615,21.0,39.0,0.0,18.0,1.0,1.7212148247502717e-13
poisson,0,E091::udham%20singh%20nagar,2019-0331-IND,0.0,19.240080504456625,,19.240080504456625,19.240080504456625,12.0,27.0,0.0,15.0,1.0,4.406960983370844e-09
poisson,0,E091::uttarkashi,2019-0331-IND,1.0,24.981567339487647,,23.981567339487647,21.763429092983998,17.0,33.0,0.0,16.0,0.0,1.414630948712764e-11
poisson,0,E092::birbhum,2019-0331-IND,1.0,21.582245404852827,,20.582245404852827,18.510374400164476,14.0,29.0,0.0,15.0,0.0,4.2359411087774905e-10
poisson,0,E092::cooch%20behar,2019-0331-IND,1.0,19.970422962117933,,18.970422962117933,16.97617063503879,13.0,28.0,0.0,15.0,0.0,2.1230269455149205e-09
poisson,0,E092::howrah,2019-0331-IND,0.0,48.99749379677569,,48.99749379677569,48.99749379677569,38.0,61.0,0.0,23.0,1.0,5.256041879507077e-22
poisson,0,E092::jalpaiguri,2019-0331-IND,6.0,22.886301572666248,,16.886301572666248,10.682321502816277,15.0,31.0,0.0,16.0,0.0,1.1497555531177105e-10
poisson,0,E092::kolkata,2019-0331-IND,0.0,110.69441870726017,,110.69441870726017,110.69441870726017,94.0,128.0,0.0,34.0,1.0,8.433828741978073e-49
poisson,0,E092::malda,2019-0331-IND,0.0,24.09450976621991,,24.09450976621991,24.09450976621991,16.0,32.0,0.0,16.0,1.0,3.4346885662422585e-11
poisson,0,E092::nadia,2019-0331-IND,0.0,48.84481369963241,,48.84481369963241,48.84481369963241,38.0,61.0,0.0,23.0,1.0,6.123037801931466e-22
poisson,0,E092::north%2024%20parganas,2019-0331-IND,0.0,53.078314353902385,,53.078314353902385,53.078314353902385,41.0,65.0,0.0,24.0,1.0,8.879345754144017e-24
poisson,0,E103::darrang,2020-0206-IND,41.0,19.27049152417278,,21.72950847582722,12.003128743382344,12.0,27.0,0.0,15.0,0.0,4.274958149600331e-09
poisson,0,E103::goalpara,2020-0206-IND,70.0,16.6661297575179,,53.3338702424821,50.16867820484013,10.0,24.0,0.0,14.0,0.0,5.780851478387473e-08
poisson,0,E103::lakhimpur,2020-0206-IND,47.0,22.10714003589944,,24.89285996410056,13.402532833275608,15.0,30.0,0.0,15.0,0.0,2.5060577328082604e-10
poisson,0,E103::sonitpur,2020-0206-IND,21.0,22.71088561152942,,1.7108856115294202,2.5112931200687427,15.0,31.0,1.0,16.0,0.0,1.370211789010874e-10
poisson,0,E103::udalguri,2020-0206-IND,1.0,32.36225293888035,,31.362252938880353,28.885260228010893,23.0,42.0,0.0,19.0,0.0,8.815605083957396e-15
poisson,0,E118::east%20godavari,2020-0446-IND,21.0,39.71024035797866,,18.710240357978662,7.776588199351352,30.0,50.0,0.0,20.0,0.0,5.6762529089888225e-18
poisson,0,E118::guntur,2020-0446-IND,4.0,36.339784752562174,,32.339784752562174,25.14618602372655,27.0,47.0,0.0,20.0,0.0,1.6513229183135414e-16
poisson,0,E118::krishna,2020-0446-IND,21.0,31.906824019694675,,10.906824019694675,4.567744891624464,23.0,41.0,0.0,18.0,0.0,1.390088316565887e-14
poisson,0,E118::kurnool,2020-0446-IND,2.0,26.8330800684401,,24.8330800684401,20.94695633446277,19.0,36.0,0.0,17.0,0.0,2.220963359523883e-12
poisson,0,E118::nellore,2020-0446-IND,1.0,26.57567266095268,,25.57567266095268,23.295676425249987,18.0,35.0,0.0,17.0,0.0,2.872976082313408e-12
poisson,0,E118::srikakulam,2020-0446-IND,10.0,37.79240884550149,,27.79240884550149,16.57573883593119,28.0,48.0,0.0,20.0,0.0,3.863361793508892e-17
poisson,0,E118::visakhapatnam,2020-0446-IND,18.0,55.93242066689619,,37.93242066689619,19.89327048747549,44.0,69.0,0.0,25.0,0.0,5.115149659679609e-25
poisson,0,E118::west%20godavari,2020-0446-IND,8.0,25.188780617518212,,17.188780617518212,9.98219406594479,17.0,34.0,0.0,17.0,0.0,1.1498774890233908e-11
poisson,0,E119::kalaburagi,2020-0446-IND,15.0,31.762941555618173,,16.762941555618173,7.787709184357983,23.0,41.0,0.0,18.0,0.0,1.605202226233907e-14
poisson,0,E119::koppal,2020-0446-IND,0.0,24.628579621775035,,24.628579621775035,24.628579621775035,17.0,33.0,0.0,16.0,1.0,2.013463555677992e-11
poisson,0,E119::raichur,2020-0446-IND,2.0,25.57442554926596,,23.57442554926596,19.7843870294886,18.0,34.0,0.0,16.0,0.0,7.819304145625745e-12
poisson,0,E119::vijayapura,2020-0446-IND,4.0,27.33563723663456,,23.33563723663456,17.280926090225787,19.0,36.0,0.0,17.0,0.0,1.343642056061024e-12
poisson,0,E119::yadgir,2020-0446-IND,11.0,27.966378886099417,,16.966378886099417,8.82765335110322,20.0,37.0,0.0,17.0,0.0,7.150822054991745e-13
poisson,0,E120::gajapati,2020-0446-IND,3.0,35.93833319068581,,32.93833319068581,26.984679151738,26.0,46.0,0.0,20.0,0.0,2.4670628098096416e-16
poisson,0,E120::ganjam,2020-0446-IND,2.0,46.86808417572927,,44.86808417572927,39.866557484646435,36.0,58.0,0.0,22.0,0.0,4.420278827062134e-21
poisson,0,E120::koraput,2020-0446-IND,0.0,41.440445433438015,,41.440445433438015,41.440445433438015,31.0,52.0,0.0,21.0,1.0,1.0061047992482337e-18
poisson,0,E121::hyderabad,2020-0446-IND,59.0,95.50369217225668,,36.50369217225668,11.046791448198263,80.0,112.0,0.0,32.0,0.0,3.3363644745620055e-42
poisson,0,E121::nalgonda,2020-0446-IND,1.0,22.179116410471046,,21.179116410471046,19.079965266561867,15.0,30.0,0.0,15.0,0.0,2.3320192413674565e-10
poisson,0,E121::ranga%20reddy,2020-0446-IND,3.0,40.65772537975192,,37.65772537975192,31.33391825644094,30.0,51.0,0.0,21.0,0.0,2.200767788254421e-18
poisson,0,E178::bhadradri%20kothagudem,2023-0486-IND,15.0,17.814723776355194,,2.814723776355194,2.5136157528749266,11.0,25.0,1.0,14.0,0.0,1.8330054966979344e-08
poisson,0,E178::jayashankar%20bhupalpally,2023-0486-IND,23.0,12.258635549884836,,10.741364450115164,6.222006593540691,7.0,18.0,0.0,11.0,0.0,4.743973179321577e-06
poisson,0,E178::mancherial,2023-0486-IND,0.0,15.3424664365311,,15.3424664365311,15.3424664365311,9.0,22.0,0.0,13.0,1.0,2.17195832483604e-07
poisson,0,E178::mulugu,2023-0486-IND,60.0,11.577736354403877,,48.422263645596125,53.26087132955258,6.0,17.0,0.0,11.0,0.0,9.372446894932499e-06
poisson,0,E178::nirmal,2023-0486-IND,17.0,13.860482951039168,,3.1395170489608315,2.6718451533569425,8.0,20.0,1.0,12.0,0.0,9.560238743482885e-07
poisson,0,E184::kullu,2024-0561-IND,191.0,19.18731038020733,,171.81268961979268,270.655460402858,12.0,27.0,0.0,15.0,0.0,4.645762234912135e-09
poisson,0,E184::mandi,2024-0561-IND,163.0,36.69200119986086,,126.30799880013913,120.22252761500178,27.0,47.0,0.0,20.0,0.0,1.1610912411510025e-16
poisson,0,E184::shimla,2024-0561-IND,178.0,32.198336937473606,,145.8016630625264,162.06527237257794,23.0,42.0,0.0,19.0,0.0,1.0385799676919215e-14
poisson,0,E200::kishtwar,2025-0690-IND,824.0,11.10971972047844,,812.8902802795216,2739.8183717581514,6.0,17.0,0.0,11.0,0.0,1.4966147802366707e-05
nb2,1,E001::anantnag,2015-0107-IND,46.0,47.45748009786437,3.8570797859854316,1.4574800978643694,5.690414556121237,0.0,228.0,1.0,228.0,0.0,0.25869407037471215
nb2,1,E001::budgam,2015-0107-IND,114.0,38.13946297820453,3.8570797859854316,75.86053702179547,6.826807005219352,0.0,183.0,1.0,183.0,0.0,0.2736837528196422
nb2,1,E001::shopian,2015-0107-IND,3.0,36.128877455691615,3.8570797859854316,33.128877455691615,3.3993937595919554,0.0,173.0,1.0,173.0,0.0,0.2775266041392758
nb2,1,E001::srinagar,2015-0107-IND,222.0,44.918393986796715,3.8570797859854316,177.08160601320327,7.867581615123259,0.0,216.0,0.0,216.0,0.0,0.26238755197302027
nb2,1,E028::tawang,2016-0139-IND,18.0,24.991724743549177,3.8570797859854316,6.991724743549177,4.768823426635188,0.0,120.0,1.0,120.0,0.0,0.3051019192137881
nb2,1,E029::barpeta,2016-0139-IND,1.0,36.176082112943284,3.8570797859854316,35.176082112943284,2.639226108699031,0.0,174.0,1.0,174.0,0.0,0.2774333396207719
nb2,1,E029::dhubri,2016-0139-IND,1.0,39.87658295403975,3.8570797859854316,38.87658295403975,2.6636442548126364,0.0,191.0,1.0,191.0,0.0,0.27056219352779487
nb2,1,E029::jorhat,2016-0139-IND,27.0,33.37153732895679,3.8570797859854316,6.371537328956791,5.164856953481001,0.0,160.0,1.0,160.0,0.0,0.2832548195064195
nb2,1,E029::lakhimpur,2016-0139-IND,15.0,36.90435311587055,3.8570797859854316,21.90435311587055,4.654285635560583,0.0,177.0,1.0,177.0,0.0,0.27601345908116687
nb2,1,E030::mon,2016-0139-IND,3.0,37.330924338949295,3.8570797859854316,34.330924338949295,3.4071315137009575,0.0,179.0,1.0,179.0,0.0,0.2751979623278946
nb2,1,E057::mumbai%20city,2017-0364-IND,672.0,59.47397988706272,3.8570797859854316,612.5260201129373,10.405519869970208,0.0,285.0,0.0,285.0,0.0,0.24405996168158328
nb2,1,E057::mumbai%20suburban,2017-0364-IND,2.0,66.4208392282324,3.8570797859854316,64.4208392282324,3.2591869782481795,0.0,319.0,1.0,319.0,0.0,0.2371968331328061
nb2,1,E057::thane,2017-0364-IND,55.0,53.84290771448204,3.8570797859854316,1.1570922855179617,5.868579132988838,0.0,258.0,1.0,258.0,0.0,0.2504062893862862
nb2,1,E077::ayodhya,2018-0370-IND,1.0,44.130032388707136,3.8570797859854316,43.130032388707136,2.689136673169125,0.0,212.0,1.0,212.0,0.0,0.26358786617926916
nb2,1,E077::azamgarh,2018-0370-IND,5.0,42.148080892058374,3.8570797859854316,37.148080892058374,3.813426939708764,0.0,202.0,1.0,202.0,0.0,0.26672791542770613
nb2,1,E077::bahraich,2018-0370-IND,3.0,42.04071829542595,3.8570797859854316,39.04071829542595,3.43541698009082,0.0,202.0,1.0,202.0,0.0,0.26690326908520223
nb2,1,E077::ballia,2018-0370-IND,15.0,36.750614838095515,3.8570797859854316,21.750614838095515,4.653648640552641,0.0,176.0,1.0,176.0,0.0,0.27631026251581065
nb2,1,E077::balrampur,2018-0370-IND,2.0,42.077974590771205,3.8570797859854316,40.077974590771205,3.1459129379976236,0.0,202.0,1.0,202.0,0.0,0.2668423555212956
nb2,1,E077::barabanki,2018-0370-IND,10.0,39.93028533683313,3.8570797859854316,29.93028533683313,4.337186811296651,0.0,192.0,1.0,192.0,0.0,0.2704684148818051
nb2,1,E077::basti,2018-0370-IND,8.0,40.75433071038635,3.8570797859854316,32.75433071038635,4.165611828843696,0.0,196.0,1.0,196.0,0.0,0.26904890323613767
nb2,1,E077::bijnor,2018-0370-IND,2.0,45.79440950808731,3.8570797859854316,43.79440950808731,3.166733302179826,0.0,220.0,1.0,220.0,0.0,0.2610843402202525
nb2,1,E077::budaun,2018-0370-IND,2.0,41.047752648279996,3.8570797859854316,39.047752648279996,3.139833435614597,0.0,197.0,1.0,197.0,0.0,0.26855209686095466
nb2,1,E077::farrukhabad,2018-0370-IND,7.0,34.86491943195417,3.8570797859854316,27.86491943195417,4.029388528234508,0.0,167.0,1.0,167.0,0.0,0.28008203905084655
nb2,1,E077::gonda,2018-0370-IND,5.0,43.07707753542598,3.8570797859854316,38.07707753542598,3.818385905358441,0.0,207.0,1.0,207.0,0.0,0.2652335754248191
nb2,1,E077::hardoi,2018-0370-IND,5.0,38.48177809324274,3.8570797859854316,33.48177809324274,3.79289531226922,0.0,185.0,1.0,185.0,0.0,0.2730547227287512
nb2,1,E077::kannauj,2018-0370-IND,5.0,35.514695129690615,3.8570797859854316,30.514695129690615,3.7750321037607155,0.0,171.0,1.0,171.0,0.0,0.2787541375987566
nb2,1,E077::kanpur%20dehat,2018-0370-IND,2.0,34.255844670515636,3.8570797859854316,32.255844670515636,3.0957479161752683,0.0,165.0,1.0,165.0,0.0,0.28135515849901954
nb2,1,E077::kushinagar,2018-0370-IND,4.0,43.52985279729986,3.8570797859854316,39.52985279729986,3.6544894910109194,0.0,209.0,1.0,209.0,0.0,0.26451980855882384
nb2,1,E077::lakhimpur%20kheri,2018-0370-IND,5.0,38.741709297989075,3.8570797859854316,33.741709297989075,3.7944045121552663,0.0,186.0,1.0,186.0,0.0,0.27258173606154507
nb2,1,E077::mau,2018-0370-IND,6.0,40.5366371471224,3.8570797859854316,34.5366371471224,3.942741993363086,0.0,195.0,1.0,195.0,0.0,0.26942039154797237
nb2,1,E077::moradabad,2018-0370-IND,5.0,49.724254991293066,3.8570797859854316,44.724254991293066,3.851382875541629,0.0,239.0,1.0,239.0,0.0,0.25559994279738824
nb2,1,E077::pilibhit,2018-0370-IND,1.0,31.13133304725126,3.8570797859854316,30.13133304725126,2.601740238225753,0.0,150.0,1.0,150.0,0.0,0.2883626747741439
nb2,1,E077::sitapur,2018-0370-IND,6.0,43.36587373762345,3.8570797859854316,37.36587373762345,3.9576378982301095,0.0,208.0,1.0,208.0,0.0,0.26477723162350375
nb2,1,E077::unnao,2018-0370-IND,18.0,36.06003587472369,3.8570797859854316,18.060035874723688,4.806244859882526,0.0,173.0,1.0,173.0,0.0,0.27766289122931936
nb2,1,E097::belagavi,2019-0499-IND,43.0,39.89658888370236,3.8570797859854316,3.103411116297643,5.623787288493506,0.0,192.0,1.0,192.0,0.0,0.2705272393952303
nb2,1,E097::gadag,2019-0499-IND,24.0,32.15266382378112,3.8570797859854316,8.152663823781118,5.05228301944226,0.0,154.0,1.0,154.0,0.0,0.2859788476422828
nb2,1,E097::koppal,2019-0499-IND,10.0,34.90231671871523,3.8570797859854316,24.902316718715227,4.311824386974576,0.0,168.0,1.0,168.0,0.0,0.28000477641949967
nb2,1,E098::alappuzha,2019-0499-IND,8.0,38.71698026288863,3.8570797859854316,30.716980262888633,4.155062727031557,0.0,186.0,1.0,186.0,0.0,0.27262656343482655
nb2,1,E098::ernakulam,2019-0499-IND,38.0,46.28872735493941,3.8570797859854316,8.288727354939411,5.504531955932594,0.0,222.0,1.0,222.0,0.0,0.2603626631583551
nb2,1,E098::kannur,2019-0499-IND,1.0,48.79516957338127,3.8570797859854316,47.79516957338127,2.714486883178159,0.0,234.0,1.0,234.0,0.0,0.25684633751961605
nb2,1,E098::kasaragod,2019-0499-IND,0.0,42.32597394144698,3.8570797859854316,42.32597394144698,1.3226114839061016,0.0,203.0,1.0,203.0,1.0,0.2664385925426922
nb2,1,E098::kollam,2019-0499-IND,0.0,50.68456233590199,3.8570797859854316,50.68456233590199,1.3690756296187345,0.0,243.0,1.0,243.0,1.0,0.2543419570955354
nb2,1,E098::kottayam,2019-0499-IND,2.0,38.36614421110654,3.8570797859854316,36.36614421110654,3.1233083328183255,0.0,184.0,1.0,184.0,0.0,0.2732664233490682
nb2,1,E098::palakkad,2019-0499-IND,1.0,40.7341581972023,3.8570797859854316,39.7341581972023,2.668989533728933,0.0,196.0,1.0,196.0,0.0,0.26908322260592954
nb2,1,E098::thiruvananthapuram,2019-0499-IND,2.0,54.72111301796122,3.8570797859854316,52.72111301796122,3.2108291424478757,0.0,262.0,1.0,262.0,0.0,0.24936310621970367
nb2,1,E098::thrissur,2019-0499-IND,1.0,41.74551640763086,3.8570797859854316,40.74551640763086,2.675155020722642,0.0,200.0,1.0,200.0,0.0,0.2673883211937963
nb2,1,E106::east%20siang,2020-0304-IND,0.0,24.63105343040956,3.8570797859854316,24.63105343040956,1.1833795170912325,0.0,118.0,1.0,118.0,1.0,0.3062420376133015
nb2,1,E107::baksa,2020-0304-IND,1.0,31.004434357006023,3.8570797859854316,30.004434357006023,2.600723827090807,0.0,149.0,1.0,149.0,0.0,0.28866567669360305
nb2,1,E107::barpeta,2020-0304-IND,1.0,30.483787022855434,3.8570797859854316,29.483787022855434,2.5965114753392413,0.0,146.0,1.0,146.0,0.0,0.28992526092909415
nb2,1,E107::biswanath,2020-0304-IND,1.0,29.01972019637697,3.8570797859854316,28.01972019637697,2.5842863473830393,0.0,139.0,1.0,139.0,0.0,0.29361625792083834
nb2,1,E107::bongaigaon,2020-0304-IND,1.0,31.428869787553474,3.8570797859854316,30.428869787553474,2.60410790845048,0.0,151.0,1.0,151.0,0.0,0.2876582407957392
nb2,1,E107::cachar,2020-0304-IND,12.0,29.993643430010465,3.8570797859854316,17.993643430010465,4.435544303453279,0.0,144.0,1.0,144.0,0.0,0.29113584283646865
nb2,1,E107::chirang,2020-0304-IND,1.0,32.921461523269826,3.8570797859854316,31.921461523269826,2.6156699842269253,0.0,158.0,1.0,158.0,0.0,0.2842459897784866
nb2,1,E107::darrang,2020-0304-IND,1.0,30.31293144616105,3.8570797859854316,29.31293144616105,2.5951141225808465,0.0,146.0,1.0,146.0,0.0,0.2903444722783473
nb2,1,E107::dhemaji,2020-0304-IND,4.0,28.975026167702858,3.8570797859854316,24.975026167702858,3.5616147171291788,0.0,139.0,1.0,139.0,0.0,0.29373257210350834
nb2,1,E107::dibrugarh,2020-0304-IND,3.0,29.45418727904824,3.8570797859854316,26.45418727904824,3.3516957033350274,0.0,142.0,1.0,142.0,0.0,0.292497101266986
nb2,1,E107::goalpara,2020-0304-IND,14.0,29.306670389528133,3.8570797859854316,15.306670389528133,4.562643266208825,0.0,141.0,1.0,141.0,0.0,0.29287477094970776
nb2,1,E107::golaghat,2020-0304-IND,1.0,33.06662586520267,3.8570797859854316,32.06662586520267,2.6167674745943565,0.0,159.0,1.0,159.0,0.0,0.2839244640165865
nb2,1,E107::hojai,2020-0304-IND,17.0,28.837530560155248,3.8570797859854316,11.837530560155248,4.72994033157049,0.0,139.0,1.0,139.0,0.0,0.29409180698570275
nb2,1,E107::jorhat,2020-0304-IND,0.0,32.47512972220129,3.8570797859854316,32.47512972220129,1.2544040930235478,0.0,156.0,1.0,156.0,1.0,0.2852457775372315
nb2,1,E107::kamrup,2020-0304-IND,0.0,30.28115230148936,3.8570797859854316,30.28115230148936,1.2364175864331857,0.0,145.0,1.0,145.0,1.0,0.29042277104007175
nb2,1,E107::karbi%20anglong,2020-0304-IND,3.0,33.94092985529362,3.8570797859854316,30.940929855293618,3.3846939865900203,0.0,163.0,1.0,163.0,0.0,0.28202455749420513
nb2,1,E107::lakhimpur,2020-0304-IND,1.0,31.222195018918637,3.8570797859854316,30.222195018918637,2.602465571810047,0.0,150.0,1.0,150.0,0.0,0.28814666544519685
nb2,1,E107::majuli,2020-0304-IND,1.0,23.52740501432991,3.8570797859854316,22.52740501432991,2.5324907210032586,0.0,113.0,1.0,113.0,0.0,0.3098642467054531
nb2,1,E107::morigaon,2020-0304-IND,0.0,29.26907488196036,3.8570797859854316,29.26907488196036,1.22768027966505,0.0,141.0,1.0,141.0,1.0,0.2929714017536616
nb2,1,E107::nagaon,2020-0304-IND,16.0,32.89200373969835,3.8570797859854316,16.892003739698353,4.692677925990839,0.0,158.0,1.0,158.0,0.0,0.28431145230732974
nb2,1,E107::nalbari,2020-0304-IND,5.0,27.567144205075508,3.8570797859854316,22.567144205075508,3.7203320740008543,0.0,132.0,1.0,132.0,0.0,0.29751545132642127
nb2,1,E107::sonitpur,2020-0304-IND,3.0,32.83716963497883,3.8570797859854316,29.837169634978828,3.376952986997261,0.0,158.0,1.0,158.0,0.0,0.2844335026426416
nb2,1,E107::south%20salmara,2020-0304-IND,1.0,28.958671705953083,3.8570797859854316,27.958671705953083,2.5837638697424326,0.0,139.0,1.0,139.0,0.0,0.29377518982291606
nb2,1,E107::tinsukia,2020-0304-IND,6.0,30.865420473251536,3.8570797859854316,24.865420473251536,3.884526211586926,0.0,148.0,1.0,148.0,0.0,0.2889993892959971
nb2,1,E107::west%20karbi%20anglong,2020-0304-IND,6.0,29.942128643569884,3.8570797859854316,23.942128643569884,3.87825991192702,0.0,144.0,1.0,144.0,0.0,0.29126451002709036
nb2,1,E108::darbhanga,2020-0304-IND,0.0,43.845496646934656,3.8570797859854316,43.845496646934656,1.3317012782920765,0.0,210.0,1.0,210.0,1.0,0.26402769440406054
nb2,1,E108::east%20champaran,2020-0304-IND,0.0,44.624287839231,3.8570797859854316,44.624287839231,1.3362393413475726,0.0,214.0,1.0,214.0,1.0,0.26283223466590283
nb2,1,E108::kishanganj,2020-0304-IND,0.0,40.60206529712016,3.8570797859854316,40.60206529712016,1.311897797131415,0.0,195.0,1.0,195.0,1.0,0.2693084782449878
nb2,1,E108::madhubani,2020-0304-IND,0.0,48.45208878381509,3.8570797859854316,48.45208878381509,1.3574576531701885,0.0,232.0,1.0,232.0,1.0,0.2573141278365411
nb2,1,E108::muzaffarpur,2020-0304-IND,0.0,45.834701180223504,3.8570797859854316,45.834701180223504,1.3431385078579985,0.0,220.0,1.0,220.0,1.0,0.26102515216403677
nb2,1,E108::siwan,2020-0304-IND,0.0,43.43009510743362,3.8570797859854316,43.43009510743362,1.329247827839377,0.0,208.0,1.0,208.0,1.0,0.2646762685673722
nb2,1,E108::supaul,2020-0304-IND,0.0,39.120653905900205,3.8570797859854316,39.120653905900205,1.3023236799764726,0.0,188.0,1.0,188.0,1.0,0.27189925156018246
nb2,1,E108::west%20champaran,2020-0304-IND,0.0,39.69706190660528,3.8570797859854316,39.69706190660528,1.3060910422608905,0.0,191.0,1.0,191.0,1.0,0.27087683568945203
nb2,1,E109::raigarh,2020-0304-IND,0.0,35.35193614909347,3.8570797859854316,35.35193614909347,1.2762428633574254,0.0,170.0,1.0,170.0,1.0,0.27908388944050244
nb2,1,E110::ahmedabad,2020-0304-IND,3.0,34.15836498020114,3.8570797859854316,31.158364980201142,3.3861923231293964,0.0,164.0,1.0,164.0,0.0,0.28156154172706893
nb2,1,E110::amreli,2020-0304-IND,6.0,31.5665071030132,3.8570797859854316,25.5665071030132,3.88919121875469,0.0,152.0,1.0,152.0,0.0,0.28733518891070137
nb2,1,E110::anand,2020-0304-IND,0.0,36.06383232229891,3.8570797859854316,36.06383232229891,1.281374621923563,0.0,173.0,1.0,173.0,1.0,0.27765536685171516
nb2,1,E110::bharuch,2020-0304-IND,0.0,29.340495888825544,3.8570797859854316,29.340495888825544,1.22830661028699,0.0,141.0,1.0,141.0,1.0,0.2927879622462778
nb2,1,E110::bhavnagar,2020-0304-IND,3.0,32.4081260054189,3.8570797859854316,29.4081260054189,3.373881169937529,0.0,156.0,1.0,156.0,0.0,0.28539734829325214
nb2,1,E110::gandhinagar,2020-0304-IND,0.0,33.294306606805144,3.8570797859854316,33.294306606805144,1.2608122994887867,0.0,160.0,1.0,160.0,1.0,0.2834237080355019
nb2,1,E110::jamnagar,2020-0304-IND,1.0,30.136009557431958,3.8570797859854316,29.136009557431958,2.5936591866621987,0.0,145.0,1.0,145.0,0.0,0.2907816885830343
nb2,1,E110::junagadh,2020-0304-IND,1.0,34.39596419318512,3.8570797859854316,33.39596419318512,2.6266076019276126,0.0,165.0,1.0,165.0,0.0,0.28105978090776507
nb2,1,E110::kutch,2020-0304-IND,1.0,24.26196648654432,3.8570797859854316,23.26196648654432,2.5400459083909546,0.0,117.0,1.0,117.0,0.0,0.30743050107304143
nb2,1,E110::narmada,2020-0304-IND,0.0,34.19515814090462,3.8570797859854316,34.19515814090462,1.2676812446305346,0.0,164.0,1.0,164.0,1.0,0.28148355715652235
nb2,1,E110::navsari,2020-0304-IND,0.0,38.7096596750959,3.8570797859854316,38.7096596750959,1.2996036198244145,0.0,186.0,1.0,186.0,1.0,0.2726398406465391
nb2,1,E110::porbandar,2020-0304-IND,0.0,28.818257120277657,3.8570797859854316,28.818257120277657,1.2236915011500624,0.0,138.0,1.0,138.0,1.0,0.29414233352773944
nb2,1,E110::rajkot,2020-0304-IND,1.0,33.029405190958435,3.8570797859854316,32.029405190958435,2.6164865160418165,0.0,159.0,1.0,159.0,0.0,0.28400673605021926
nb2,1,E110::sabarkantha,2020-0304-IND,0.0,33.34811846719011,3.8570797859854316,33.34811846719011,1.2612277627527546,0.0,160.0,1.0,160.0,1.0,0.28330598035413246
nb2,1,E110::surat,2020-0304-IND,0.0,43.65631242963102,3.8570797859854316,43.65631242963102,1.3305867940765153,0.0,210.0,1.0,210.0,1.0,0.2643221131339844
nb2,1,E110::surendranagar,2020-0304-IND,0.0,31.516137525583694,3.8570797859854316,31.516137525583694,1.2466951864074458,0.0,151.0,1.0,151.0,1.0,0.28745320810517666
nb2,1,E110::tapi,2020-0304-IND,0.0,37.15548651923481,3.8570797859854316,37.15548651923481,1.2890517316431884,0.0,178.0,1.0,178.0,1.0,0.275531937465557
nb2,1,E110::vadodara,2020-0304-IND,1.0,39.687881935344464,3.8570797859854316,38.687881935344464,2.6624531506452684,0.0,191.0,1.0,191.0,0.0,0.27089297302596926
nb2,1,E111::bagalkot,2020-0304-IND,1.0,33.4530128488781,3.8570797859854316,32.4530128488781,2.619666274848654,0.0,161.0,1.0,161.0,0.0,0.28307717701420654
nb2,1,E111::belagavi,2020-0304-IND,2.0,42.875197382270734,3.8570797859854316,40.875197382270734,3.150521806871793,0.0,206.0,1.0,206.0,0.0,0.26555485839283877
nb2,1,E111::chamarajanagar,2020-0304-IND,0.0,38.933380239429994,3.8570797859854316,38.933380239429994,1.301087795153206,0.0,187.0,1.0,187.0,1.0,0.2722354954552081
nb2,1,E111::kodagu,2020-0304-IND,1.0,39.58373968301389,3.8570797859854316,38.58373968301389,2.6617934428999948,0.0,190.0,1.0,190.0,0.0,0.27107637078353924
nb2,1,E111::mysuru,2020-0304-IND,0.0,42.97732400483984,3.8570797859854316,42.97732400483984,1.326546952277552,0.0,206.0,1.0,206.0,1.0,0.265392092473443
nb2,1,E111::raichur,2020-0304-IND,0.0,34.11631226763772,3.8570797859854316,34.11631226763772,1.2670872633237975,0.0,164.0,1.0,164.0,1.0,0.28165080279310073
nb2,1,E111::shivamogga,2020-0304-IND,0.0,41.88018356465187,3.8570797859854316,41.88018356465187,1.3198831588603916,0.0,201.0,1.0,201.0,1.0,0.2671665161824785
nb2,1,E111::vijayapura,2020-0304-IND,0.0,33.781005092804826,3.8570797859854316,33.781005092804826,1.2645459336611369,0.0,162.0,1.0,162.0,1.0,0.28236748060432787
nb2,1,E112::alappuzha,2020-0304-IND,1.0,39.28757483506328,3.8570797859854316,38.28757483506328,2.659908114168861,0.0,189.0,1.0,189.0,0.0,0.271601243186744
nb2,1,E112::ernakulam,2020-0304-IND,0.0,51.510547578530144,3.8570797859854316,51.510547578530144,1.3732455226658178,0.0,247.0,1.0,247.0,1.0,0.2532835865166994
nb2,1,E112::idukki,2020-0304-IND,0.0,45.83826213162029,3.8570797859854316,45.83826213162029,1.343158536273097,0.0,220.0,1.0,220.0,1.0,0.2610199242962913
nb2,1,E112::kannur,2020-0304-IND,0.0,49.559100832276,3.8570797859854316,49.559100832276,1.3632837106092819,0.0,238.0,1.0,238.0,1.0,0.2558193594790973
nb2,1,E112::kasaragod,2020-0304-IND,0.0,43.94543376203584,3.8570797859854316,43.94543376203584,1.3322880797045376,0.0,211.0,1.0,211.0,1.0,0.2638728080282719
nb2,1,E112::kollam,2020-0304-IND,0.0,49.10624825524716,3.8570797859854316,49.10624825524716,1.3609162096807486,0.0,236.0,1.0,236.0,1.0,0.2564257295578346
nb2,1,E112::kottayam,2020-0304-IND,0.0,40.88834260927042,3.8570797859854316,40.88834260927042,1.3137078818279169,0.0,196.0,1.0,196.0,1.0,0.2688214480058454
nb2,1,E112::kozhikode,2020-0304-IND,1.0,48.26082537684761,3.8570797859854316,47.26082537684761,2.7117057784652308,0.0,232.0,1.0,232.0,0.0,0.25757672028774153
nb2,1,E112::malappuram,2020-0304-IND,1.0,50.187551436206356,3.8570797859854316,49.187551436206356,2.7215967808613963,0.0,241.0,1.0,241.0,0.0,0.25498926806916816
nb2,1,E112::palakkad,2020-0304-IND,0.0,49.14498571658472,3.8570797859854316,49.14498571658472,1.361119575775244,0.0,236.0,1.0,236.0,1.0,0.2563735865609248
nb2,1,E112::pathanamthitta,2020-0304-IND,0.0,44.725895418574176,3.8570797859854316,44.725895418574176,1.3368255998498462,0.0,215.0,1.0,215.0,1.0,0.2626781921924252
nb2,1,E112::thiruvananthapuram,2020-0304-IND,3.0,53.81845405920881,3.8570797859854316,50.81845405920881,3.4950746620221556,0.0,258.0,1.0,258.0,0.0,0.2504356414958955
nb2,1,E112::thrissur,2020-0304-IND,0.0,43.26280485583977,3.8570797859854316,43.26280485583977,1.3282531804489692,0.0,208.0,1.0,208.0,1.0,0.2649396590958416
nb2,1,E112::wayanad,2020-0304-IND,0.0,44.18049847093301,3.8570797859854316,44.18049847093301,1.3336630972120986,0.0,212.0,1.0,212.0,1.0,0.263510227631787
nb2,1,E113::balaghat,2020-0304-IND,0.0,37.91302710883143,3.8570797859854316,37.91302710883143,1.294248633073363,0.0,182.0,1.0,182.0,1.0,0.27410373946217714
nb2,1,E113::barwani,2020-0304-IND,1.0,38.89345864254205,3.8570797859854316,37.89345864254205,2.6573778128862493,0.0,187.0,1.0,187.0,0.0,0.27230743507341193
nb2,1,E113::betul,2020-0304-IND,0.0,35.9604905479881,3.8570797859854316,35.9604905479881,1.280635947660265,0.0,173.0,1.0,173.0,1.0,0.277860539493821
nb2,1,E113::bhopal,2020-0304-IND,0.0,53.65447758456255,3.8570797859854316,53.65447758456255,1.3837659688710873,0.0,257.0,1.0,257.0,1.0,0.25063289783202325
nb2,1,E113::dindori,2020-0304-IND,0.0,36.230918948682415,3.8570797859854316,36.230918948682415,1.282564502132394,0.0,174.0,1.0,174.0,1.0,0.2773251867021915
nb2,1,E113::jhabua,2020-0304-IND,0.0,31.62552673063314,3.8570797859854316,31.62552673063314,1.2475861876870062,0.0,152.0,1.0,152.0,1.0,0.28719720099720825
nb2,1,E113::khandwa,2020-0304-IND,2.0,40.746150306448804,3.8570797859854316,38.746150306448804,3.1380263986755703,0.0,196.0,1.0,196.0,0.0,0.2690628179431873
nb2,1,E113::mandsaur,2020-0304-IND,0.0,29.243644277085686,3.8570797859854316,29.243644277085686,1.2274568987124017,0.0,141.0,1.0,141.0,1.0,0.2930368532945256
nb2,1,E113::morena,2020-0304-IND,0.0,33.772582209858676,3.8570797859854316,33.772582209858676,1.264481773876027,0.0,162.0,1.0,162.0,1.0,0.28238559782239764
nb2,1,E113::narsinghpur,2020-0304-IND,0.0,35.28610283296527,3.8570797859854316,35.28610283296527,1.275763127425706,0.0,169.0,1.0,169.0,1.0,0.27921780813046637
nb2,1,E113::panna,2020-0304-IND,0.0,30.879139402392433,3.8570797859854316,30.879139402392433,1.2414449552804887,0.0,148.0,1.0,148.0,1.0,0.28896637264183533
nb2,1,E113::raisen,2020-0304-IND,0.0,33.68719913829964,3.8570797859854316,33.68719913829964,1.2638304859566807,0.0,162.0,1.0,162.0,1.0,0.28256957205445105
nb2,1,E113::rewa,2020-0304-IND,0.0,30.6616145291112,3.8570797859854316,30.6616145291112,1.2396274514418206,0.0,147.0,1.0,147.0,1.0,0.2894920476968669
nb2,1,E113::satna,2020-0304-IND,0.0,35.03921849781745,3.8570797859854316,35.03921849781745,1.2739561009264602,0.0,168.0,1.0,168.0,1.0,0.27972281825473866
nb2,1,E113::sehore,2020-0304-IND,0.0,45.078673779241775,3.8570797859854316,45.078673779241775,1.3388508408121877,0.0,216.0,1.0,216.0,1.0,0.2621467438947633
nb2,1,E113::shahdol,2020-0304-IND,0.0,39.41539336689765,3.8570797859854316,39.41539336689765,1.304256915051833,0.0,189.0,1.0,189.0,1.0,0.27137411416067614
nb2,1,E113::shivpuri,2020-0304-IND,0.0,32.37838839500731,3.8570797859854316,32.37838839500731,1.2536367462709541,0.0,156.0,1.0,156.0,1.0,0.2854647439591579
nb2,1,E113::tikamgarh,2020-0304-IND,0.0,27.67441586466052,3.8570797859854316,27.67441586466052,1.2132866653393386,0.0,133.0,1.0,133.0,1.0,0.29721881359297203
nb2,1,E113::umaria,2020-0304-IND,0.0,34.79578451954929,3.8570797859854316,34.79578451954929,1.2721619110181266,0.0,167.0,1.0,167.0,1.0,0.28022514461206843
nb2,1,E114::kolhapur,2020-0304-IND,2.0,49.55842594874585,3.8570797859854316,47.55842594874585,3.1862463887771115,0.0,238.0,1.0,238.0,0.0,0.2558202579786274
nb2,1,E115::koraput,2020-0304-IND,0.0,34.711628834360226,3.8570797859854316,34.711628834360226,1.2715387560052733,0.0,167.0,1.0,167.0,1.0,0.2803998227357826
nb2,1,E116::balrampur,2020-0304-IND,0.0,37.49188457358209,3.8570797859854316,37.49188457358209,1.2913723669587065,0.0,180.0,1.0,180.0,1.0,0.27489326966506833
nb2,1,E116::gonda,2020-0304-IND,0.0,39.937020087635375,3.8570797859854316,39.937020087635375,1.307643395557849,0.0,192.0,1.0,192.0,1.0,0.2704566653512819
nb2,1,E116::gorakhpur,2020-0304-IND,0.0,33.10288417242828,3.8570797859854316,33.10288417242828,1.2593289712936135,0.0,159.0,1.0,159.0,1.0,0.28384443037032075
nb2,1,E117::hooghly,2020-0304-IND,0.0,46.837790063218016,3.8570797859854316,46.837790063218016,1.3487200409825206,0.0,225.0,1.0,225.0,1.0,0.2595722900018529
nb2,1,E117::jalpaiguri,2020-0304-IND,0.0,41.188618597194605,3.8570797859854316,41.188618597194605,1.3155929956004664,0.0,198.0,1.0,198.0,1.0,0.26831516634105157
nb2,1,E117::kolkata,2020-0304-IND,11.0,60.81672392192818,3.8570797859854316,49.81672392192818,4.497480364062544,0.0,292.0,1.0,292.0,0.0,0.2426573805475822
nb2,1,E117::malda,2020-0304-IND,0.0,42.71836034980135,3.8570797859854316,42.71836034980135,1.324989435851801,0.0,205.0,1.0,205.0,1.0,0.2658057670856101
nb2,1,E117::north%2024%20parganas,2020-0304-IND,3.0,44.13397095696781,3.8570797859854316,41.13397095696781,3.447067280826104,0.0,212.0,1.0,212.0,0.0,0.2635818029687009
nb2,1,E117::south%2024%20parganas,2020-0304-IND,4.0,43.534056276379324,3.8570797859854316,39.534056276379324,3.654512090746775,0.0,209.0,1.0,209.0,0.0,0.264513225677304
nb2,1,E156::chamba,2022-0539-IND,5.0,34.70305719706373,3.8570797859854316,29.70305719706373,3.769929618332144,0.0,167.0,1.0,167.0,0.0,0.2804176441930975
nb2,1,E156::kangra,2022-0539-IND,4.0,35.70369791563262,3.8570797859854316,31.703697915632617,3.6086294785199184,0.0,171.0,1.0,171.0,0.0,0.27837357810744484
nb2,1,E156::mandi,2022-0539-IND,3.0,37.684679676688816,3.8570797859854316,34.684679676688816,3.4093657517193616,0.0,181.0,1.0,181.0,0.0,0.274530460751203
nb2,1,E157::sahibganj,2022-0539-IND,0.0,32.54507989550575,3.8570797859854316,32.54507989550575,1.2549575224757217,0.0,156.0,1.0,156.0,1.0,0.28508795779790824
nb2,1,E158::dehradun,2022-0539-IND,1.0,37.63140362036316,3.8570797859854316,36.63140362036316,2.6491050676142724,0.0,181.0,1.0,181.0,0.0,0.27463048509214105
nb2,1,E158::pauri%20garhwal,2022-0539-IND,0.0,37.03985915528013,3.8570797859854316,37.03985915528013,1.2882492574096072,0.0,178.0,1.0,178.0,1.0,0.2757531334860852
nb2,1,E158::uttarkashi,2022-0539-IND,0.0,30.13854841223931,3.8570797859854316,30.13854841223931,1.235204159258473,0.0,145.0,1.0,145.0,1.0,0.2907753918191581
nb2,1,E159::ballia,2022-0590-IND,1.0,39.6225972438867,3.8570797859854316,38.6225972438867,2.662039789273824,0.0,190.0,1.0,190.0,0.0,0.2710078708829184
nb2,1,E185::dhalai,2024-0624-IND,9.0,29.36374096598708,3.8570797859854316,20.36374096598708,4.195532873434583,0.0,141.0,1.0,141.0,0.0,0.2927283791950733
nb2,1,E185::north%20tripura,2024-0624-IND,9.0,33.34511189294962,3.8570797859854316,24.345111892949618,4.218817467136315,0.0,160.0,1.0,160.0,0.0,0.28331255176820885
nb2,1,E185::south%20tripura,2024-0624-IND,69.0,28.407927353075873,3.8570797859854316,40.59207264692412,6.234208784975733,0.0,137.0,1.0,137.0,0.0,0.29522815240547845
nb2,1,E185::west%20tripura,2024-0624-IND,47.0,32.542005057914984,3.8570797859854316,14.457994942085016,5.7314744792389,0.0,156.0,1.0,156.0,0.0,0.2850948862579175
nb2,1,E190::lohit,2025-0402-IND,22.0,22.866083524352465,3.8570797859854316,0.8660835243524652,4.9559617987012565,0.0,110.0,1.0,110.0,0.0,0.31213771295134674
nb2,1,E190::lower%20dibang%20valley,2025-0402-IND,18.0,19.198406714600207,3.8570797859854316,1.1984067146002069,4.756936552844116,0.0,92.0,1.0,92.0,0.0,0.3264302048226693
nb2,1,E190::lower%20subansiri,2025-0402-IND,31.0,28.21688098247853,3.8570797859854316,2.7831190175214715,5.2981759003627324,0.0,136.0,1.0,136.0,0.0,0.29574040063296575
nb2,1,E190::namsai,2025-0402-IND,4.0,25.235709498524304,3.8570797859854316,21.235709498524304,3.5313845627870437,0.0,121.0,1.0,121.0,0.0,0.30434222360863084
nb2,1,E191::bongaigaon,2025-0402-IND,7.0,27.335618817724253,3.8570797859854316,20.335618817724253,3.9810560596456597,0.0,131.0,1.0,131.0,0.0,0.2981606238751345
nb2,1,E191::cachar,2025-0402-IND,145.0,27.054639128241067,3.8570797859854316,117.94536087175894,7.527076534373329,0.0,130.0,0.0,130.0,0.0,0.29895282391577754
nb2,1,E191::dima%20hasao,2025-0402-IND,5.0,27.284706116296775,3.8570797859854316,22.284706116296775,3.718169314148195,0.0,131.0,1.0,131.0,0.0,0.29830341268633936
nb2,1,E191::hailakandi,2025-0402-IND,92.0,25.409150932452754,3.8570797859854316,66.59084906754725,6.725411062373297,0.0,122.0,1.0,122.0,0.0,0.30380772427524166
nb2,1,E191::kamrup,2025-0402-IND,85.0,26.180880627416457,3.8570797859854316,58.81911937258354,6.57818347184581,0.0,126.0,1.0,126.0,0.0,0.30148342805639294
nb2,1,E191::lakhimpur,2025-0402-IND,90.0,28.18488019420394,3.8570797859854316,61.81511980579606,6.625901634576458,0.0,135.0,1.0,135.0,0.0,0.29582662677710836
nb2,1,E192::bishnupur,2025-0402-IND,1.0,27.34878119453813,3.8570797859854316,26.34878119453813,2.5695921720859074,0.0,131.0,1.0,131.0,0.0,0.2981237628816047
nb2,1,E192::imphal%20east,2025-0402-IND,99.0,28.560387438897074,3.8570797859854316,70.43961256110293,6.770349205511761,0.0,137.0,1.0,137.0,0.0,0.29482243906605865
nb2,1,E192::imphal%20west,2025-0402-IND,29.0,30.02606287497526,3.8570797859854316,1.0260628749752598,5.230753756065532,0.0,144.0,1.0,144.0,0.0,0.29105501096628134
nb2,1,E192::senapati,2025-0402-IND,22.0,35.25338122963549,3.8570797859854316,13.253381229635487,4.9803376239553545,0.0,169.0,1.0,169.0,0.0,0.2792844869490621
nb2,1,E192::tamenglong,2025-0402-IND,3.0,26.289982123190065,3.8570797859854316,23.289982123190065,3.3256519016586426,0.0,126.0,1.0,126.0,0.0,0.30116173224236065
nb2,1,E192::ukhrul,2025-0402-IND,3.0,30.636614230674642,3.8570797859854316,27.636614230674642,3.3608024731881203,0.0,147.0,1.0,147.0,0.0,0.28955276221561665
nb2,1,E193::east%20khasi%20hills,2025-0402-IND,10.0,35.040339214402756,3.8570797859854316,25.040339214402756,4.312549659020999,0.0,168.0,1.0,168.0,0.0,0.27972051575091095
nb2,1,E193::ri%20bhoi,2025-0402-IND,3.0,30.074783746102177,3.8570797859854316,27.074783746102177,3.356514717759808,0.0,144.0,1.0,144.0,0.0,0.2909337392134369
nb2,1,E193::west%20garo%20hills,2025-0402-IND,2.0,27.975867012696767,3.8570797859854316,25.975867012696767,3.0470495221870535,0.0,134.0,1.0,134.0,0.0,0.2963928338416429
nb2,1,E193::west%20khasi%20hills,2025-0402-IND,0.0,28.53386148937893,3.8570797859854316,28.53386148937893,1.221143266234709,0.0,137.0,1.0,137.0,1.0,0.29489283311062464
nb2,1,E194::aizawl,2025-0402-IND,23.0,33.93846382236217,3.8570797859854316,10.938463822362174,5.017123797674561,0.0,163.0,1.0,163.0,0.0,0.28202983001537296
nb2,1,E194::kolasib,2025-0402-IND,5.0,24.65848875342171,3.8570797859854316,19.65848875342171,3.697200227465047,0.0,119.0,1.0,119.0,0.0,0.3061545826272639
nb2,1,E196::mangan,2025-0402-IND,0.0,18.88218916338698,3.8570797859854316,18.88218916338698,1.1152910708429153,0.0,91.0,1.0,91.0,1.0,0.3278198462124647
nb2,1,E197::north%20tripura,2025-0402-IND,11.0,29.524695340988572,3.8570797859854316,18.524695340988572,4.360668953977175,0.0,142.0,1.0,142.0,0.0,0.2923174209789794
nb2,1,E197::west%20tripura,2025-0402-IND,47.0,34.703637102434094,3.8570797859854316,12.296362897565906,5.7248754876197845,0.0,167.0,1.0,167.0,0.0,0.2804164383270788
nb2,1,E201::amritsar,2025-0751-IND,40.0,26.668211476123677,3.8570797859854316,13.331788523876323,5.575245654637516,0.0,128.0,1.0,128.0,0.0,0.3000592471587727
nb2,1,E201::firozpur,2025-0751-IND,5.0,25.181307628375045,3.8570797859854316,20.181307628375045,3.701503510063232,0.0,121.0,1.0,121.0,0.0,0.3045108194632127
nb2,1,E201::gurdaspur,2025-0751-IND,76.0,30.34613174007513,3.8570797859854316,45.65386825992487,6.3422996917868035,0.0,146.0,1.0,146.0,0.0,0.29026278142420187
nb2,1,E201::hoshiarpur,2025-0751-IND,66.0,32.16675052211785,3.8570797859854316,33.83324947788215,6.136246255522023,0.0,154.0,1.0,154.0,0.0,0.2859466324426925
nb2,1,E201::jalandhar,2025-0751-IND,20.0,30.616936881400623,3.8570797859854316,10.616936881400623,4.881350028781646,0.0,147.0,1.0,147.0,0.0,0.28960059320347104
nb2,1,E201::kapurthala,2025-0751-IND,85.0,27.7557719522814,3.8570797859854316,57.2442280477186,6.545878084483217,0.0,133.0,1.0,133.0,0.0,0.29699479493194775
nb2,1,E201::ludhiana,2025-0751-IND,11.0,31.61536404615589,3.8570797859854316,20.61536404615589,4.37192369352673,0.0,152.0,1.0,152.0,0.0,0.2872209384233437
nb2,1,E201::moga,2025-0751-IND,0.0,22.656787931710056,3.8570797859854316,22.656787931710056,1.1619536578326235,0.0,109.0,1.0,109.0,1.0,0.31287433401422515
nb2,1,E201::sangrur,2025-0751-IND,6.0,23.43385398714159,3.8570797859854316,17.43385398714159,3.8296237479573043,0.0,113.0,1.0,113.0,0.0,0.31018098828891993
nb2,1,E203::araria,2025-0859-IND,2.0,30.814455472109447,3.8570797859854316,28.814455472109447,3.0701933451376213,0.0,148.0,1.0,148.0,0.0,0.28912220487623774
nb2,1,E203::darbhanga,2025-0859-IND,2.0,33.485810043703246,3.8570797859854316,31.485810043703246,3.0902436705620007,0.0,161.0,1.0,161.0,0.0,0.28300582126919527
nb2,1,E203::gopalganj,2025-0859-IND,1.0,33.555935758008786,3.8570797859854316,32.555935758008786,2.6204330068065538,0.0,161.0,1.0,161.0,0.0,0.2828535437004567
nb2,1,E203::katihar,2025-0859-IND,0.0,34.32587041955452,3.8570797859854316,34.32587041955452,1.268662970625199,0.0,165.0,1.0,165.0,1.0,0.28120735303195915
nb2,1,E203::kishanganj,2025-0859-IND,1.0,32.39249586580705,3.8570797859854316,31.39249586580705,2.6116311054810684,0.0,156.0,1.0,156.0,0.0,0.28543276193573486
nb2,1,E203::madhepura,2025-0859-IND,0.0,28.69038237013579,3.8570797859854316,28.69038237013579,1.2225488188242168,0.0,138.0,1.0,138.0,1.0,0.2944786368809002
nb2,1,E203::madhubani,2025-0859-IND,1.0,36.17437558935387,3.8570797859854316,35.17437558935387,2.6392143009641043,0.0,174.0,1.0,174.0,0.0,0.277436708630285
nb2,1,E203::muzaffarpur,2025-0859-IND,2.0,36.52734789128778,3.8570797859854316,34.52734789128778,3.1113380891441333,0.0,175.0,1.0,175.0,0.0,0.27674407210038127
nb2,1,E203::purnia,2025-0859-IND,0.0,32.36701656206911,3.8570797859854316,32.36701656206911,1.253546396176024,0.0,155.0,1.0,155.0,1.0,0.285490536891053
nb2,1,E203::saharsa,2025-0859-IND,0.0,29.946688773535907,3.8570797859854316,29.946688773535907,1.2335625989351369,0.0,144.0,1.0,144.0,1.0,0.2912531091590104
nb2,1,E203::samastipur,2025-0859-IND,0.0,37.32464155588261,3.8570797859854316,37.32464155588261,1.2902212406415374,0.0,179.0,1.0,179.0,1.0,0.2752098887415058
nb2,1,E203::saran,2025-0859-IND,1.0,36.57558736185712,3.8570797859854316,35.57558736185712,2.6419756756106993,0.0,176.0,1.0,176.0,0.0,0.2766500620943527
nb2,1,E203::sheohar,2025-0859-IND,0.0,31.12736406720864,3.8570797859854316,31.12736406720864,1.243503520712055,0.0,150.0,1.0,150.0,1.0,0.28837212831149983
nb2,1,E203::sitamarhi,2025-0859-IND,1.0,33.42403514303933,3.8570797859854316,32.42403514303933,2.619449994032091,0.0,161.0,1.0,161.0,0.0,0.2831402956038012
nb2,1,E203::siwan,2025-0859-IND,0.0,35.072746599943926,3.8570797859854316,35.072746599943926,1.2742022442975867,0.0,168.0,1.0,168.0,1.0,0.27965397481029874
nb2,1,E203::supaul,2025-0859-IND,3.0,28.895696057408227,3.8570797859854316,25.895696057408227,3.3472821218891196,0.0,139.0,1.0,139.0,0.0,0.2939395776124609
nb2,1,E203::west%20champaran,2025-0859-IND,1.0,33.252971609820534,3.8570797859854316,32.252971609820534,2.618169542630975,0.0,160.0,1.0,160.0,0.0,0.2835143008536542
nb2,1,E204::cooch%20behar,2025-0859-IND,30.0,30.311873295806784,3.8570797859854316,0.3118732958067838,5.264366066660628,0.0,146.0,1.0,146.0,0.0,0.2903470777428793
nb2,1,E204::jalpaiguri,2025-0859-IND,214.0,35.9851449612287,3.8570797859854316,178.01485503877132,8.041904281159507,0.0,173.0,0.0,173.0,0.0,0.2778115242293728
poisson,1,E001::anantnag,2015-0107-IND,46.0,59.05577605350461,,13.055776053504609,4.398162797005305,47.0,72.0,0.0,25.0,0.0,2.2511391215373593e-26
poisson,1,E001::budgam,2015-0107-IND,114.0,42.35692978688437,,71.64307021311564,44.51226920259885,32.0,53.0,0.0,21.0,0.0,4.0236400580522998e-19
poisson,1,E001::shopian,2015-0107-IND,3.0,40.548037350235084,,37.548037350235084,31.232334683495022,30.0,51.0,0.0,21.0,0.0,2.455902531577809e-18
poisson,1,E001::srinagar,2015-0107-IND,222.0,53.82024722473099,,168.179752775269,150.0210365780932,42.0,66.0,0.0,24.0,0.0,4.228278799783191e-24
poisson,1,E028::tawang,2016-0139-IND,18.0,23.991909494089107,,5.991909494089107,3.188454658276683,16.0,32.0,1.0,16.0,0.0,3.8058011796445274e-11
poisson,1,E029::barpeta,2016-0139-IND,1.0,37.393587859932865,,36.393587859932865,33.772088617806574,28.0,48.0,0.0,20.0,0.0,5.756667342933624e-17
poisson,1,E029::dhubri,2016-0139-IND,1.0,43.395538584720676,,42.395538584720676,39.625181946485434,33.0,54.0,0.0,21.0,0.0,1.424154326069149e-19
poisson,1,E029::jorhat,2016-0139-IND,27.0,33.49035230820232,,6.4903523082023185,3.2439409582566867,24.0,43.0,1.0,19.0,0.0,2.8531512543121906e-15
poisson,1,E029::lakhimpur,2016-0139-IND,15.0,39.36487135729443,,24.364871357294433,12.17103531086326,29.0,50.0,0.0,21.0,0.0,8.017769905768992e-18
poisson,1,E030::mon,2016-0139-IND,3.0,42.48311565707769,,39.48311565707769,33.02755497129384,32.0,53.0,0.0,21.0,0.0,3.5466415370752677e-19
poisson,1,E057::mumbai%20city,2017-0364-IND,672.0,79.70266181424753,,592.2973381857524,844.5508536745064,65.0,95.0,0.0,30.0,0.0,2.429818201956466e-35
poisson,1,E057::mumbai%20suburban,2017-0364-IND,2.0,90.78866739209576,,88.78866739209576,82.46474563393384,75.0,107.0,0.0,32.0,0.0,3.7237690009323526e-40
poisson,1,E057::thane,2017-0364-IND,55.0,64.62062606176329,,9.62062606176329,3.678720831223842,52.0,78.0,1.0,26.0,0.0,8.622211748048579e-29
poisson,1,E077::ayodhya,2018-0370-IND,1.0,49.69448811879347,,48.69448811879347,45.78859409488347,38.0,62.0,0.0,24.0,0.0,2.6179299945369155e-22
poisson,1,E077::azamgarh,2018-0370-IND,5.0,45.0411777763081,,40.0411777763081,30.790783853828486,34.0,56.0,0.0,22.0,0.0,2.747040316530574e-20
poisson,1,E077::bahraich,2018-0370-IND,3.0,45.372439387436415,,42.372439387436415,35.71948428038492,35.0,57.0,0.0,22.0,0.0,1.972422479722114e-20
poisson,1,E077::ballia,2018-0370-IND,15.0,36.761817617339126,,21.761817617339126,10.594192874393798,27.0,47.0,0.0,20.0,0.0,1.0827930612314971e-16
poisson,1,E077::balrampur,2018-0370-IND,2.0,46.33989582084986,,44.33989582084986,39.36103645970118,35.0,58.0,0.0,23.0,0.0,7.496161818565562e-21
poisson,1,E077::barabanki,2018-0370-IND,10.0,41.92567092975849,,31.92567092975849,19.67110039607161,32.0,53.0,0.0,21.0,0.0,6.193162352691057e-19
poisson,1,E077::basti,2018-0370-IND,8.0,43.80290861098827,,35.80290861098827,24.16990973916436,33.0,55.0,0.0,22.0,0.0,9.476293406102988e-20
poisson,1,E077::bijnor,2018-0370-IND,2.0,51.85390311382833,,49.85390311382833,44.65018987665039,40.0,64.0,0.0,24.0,0.0,3.020897658199335e-23
poisson,1,E077::budaun,2018-0370-IND,2.0,43.587305755530686,,41.587305755530686,36.730921024959,33.0,55.0,0.0,22.0,0.0,1.1756380380862786e-19
poisson,1,E077::farrukhabad,2018-0370-IND,7.0,34.566044460193886,,27.566044460193886,18.29110303773252,25.0,45.0,0.0,20.0,0.0,9.731003521367267e-16
poisson,1,E077::gonda,2018-0370-IND,5.0,47.19025431629886,,42.19025431629886,32.70680908446724,36.0,59.0,0.0,23.0,0.0,3.2028230902206576e-21
poisson,1,E077::hardoi,2018-0370-IND,5.0,39.173992413495036,,34.173992413495036,25.621418817423113,29.0,50.0,0.0,21.0,0.0,9.704010565294341e-18
poisson,1,E077::kannauj,2018-0370-IND,5.0,35.781593770842704,,30.781593770842704,22.681917410065427,26.0,46.0,0.0,20.0,0.0,2.885700612396059e-16
poisson,1,E077::kanpur%20dehat,2018-0370-IND,2.0,33.678739464834244,,31.678739464834244,27.33815312167891,24.0,43.0,0.0,19.0,0.0,2.3632479670223513e-15
poisson,1,E077::kushinagar,2018-0370-IND,4.0,47.90714390560467,,43.90714390560467,35.60813919444972,37.0,60.0,0.0,23.0,0.0,1.563837986042225e-21
poisson,1,E077::lakhimpur%20kheri,2018-0370-IND,5.0,39.62320945886803,,34.62320945886803,26.01362598155723,30.0,50.0,0.0,20.0,0.0,6.192396788254466e-18
poisson,1,E077::mau,2018-0370-IND,6.0,43.62822709149969,,37.62822709149969,27.55325219612493,33.0,55.0,0.0,22.0,0.0,1.1285004041291553e-19
poisson,1,E077::moradabad,2018-0370-IND,5.0,58.47305774062796,,53.47305774062796,42.91771899986418,46.0,71.0,0.0,25.0,0.0,4.031565157929043e-26
poisson,1,E077::pilibhit,2018-0370-IND,1.0,28.79134555902223,,27.79134555902223,25.43127071846277,20.0,38.0,0.0,18.0,0.0,3.1338448895376754e-13
poisson,1,E077::sitapur,2018-0370-IND,6.0,47.17884455516936,,41.17884455516936,30.634422265944856,36.0,59.0,0.0,23.0,0.0,3.2395758077711973e-21
poisson,1,E077::unnao,2018-0370-IND,18.0,35.73160388909666,,17.73160388909666,7.758409014046052,26.0,46.0,0.0,20.0,0.0,3.033622951483847e-16
poisson,1,E097::belagavi,2019-0499-IND,43.0,40.90172457182499,,2.0982754281750076,2.8544002948690164,31.0,52.0,1.0,21.0,0.0,1.7242757410696133e-18
poisson,1,E097::gadag,2019-0499-IND,24.0,30.868282149447857,,6.868282149447857,3.3395110098902236,22.0,40.0,1.0,18.0,0.0,3.92713107316731e-14
poisson,1,E097::koppal,2019-0499-IND,10.0,34.78285733763068,,24.78285733763068,14.396023309005102,25.0,45.0,0.0,20.0,0.0,7.834242192091907e-16
poisson,1,E098::alappuzha,2019-0499-IND,8.0,40.30350037631375,,32.30350037631375,21.336596693829016,30.0,51.0,0.0,21.0,0.0,3.1362609106581905e-18
poisson,1,E098::ernakulam,2019-0499-IND,38.0,52.57860761230296,,14.57860761230296,4.979051396756546,41.0,65.0,0.0,24.0,0.0,1.4635273668428262e-23
poisson,1,E098::kannur,2019-0499-IND,1.0,57.783309707063694,,56.783309707063694,53.72660973247775,46.0,71.0,0.0,25.0,0.0,8.035769079446186e-26
poisson,1,E098::kasaragod,2019-0499-IND,0.0,47.35574860652363,,47.35574860652363,47.35574860652363,36.0,59.0,0.0,23.0,1.0,2.7143115442034418e-21
poisson,1,E098::kollam,2019-0499-IND,0.0,61.26591623304351,,61.26591623304351,61.26591623304351,49.0,74.0,0.0,25.0,1.0,2.4691680642110684e-27
poisson,1,E098::kottayam,2019-0499-IND,2.0,39.846293827118366,,37.846293827118366,33.16938221202318,30.0,50.0,0.0,20.0,0.0,4.9542106272913596e-18
poisson,1,E098::palakkad,2019-0499-IND,1.0,43.195744949121654,,42.195744949121654,39.4300029552708,33.0,54.0,0.0,21.0,0.0,1.7391070950790977e-19
poisson,1,E098::thiruvananthapuram,2019-0499-IND,2.0,68.55815692663263,,66.55815692663263,60.795939324603644,55.0,82.0,0.0,27.0,0.0,1.681011781770643e-30
poisson,1,E098::thrissur,2019-0499-IND,1.0,44.718870956830656,,43.718870956830656,40.9184753752428,34.0,56.0,0.0,22.0,0.0,3.791762319798306e-20
poisson,1,E106::east%20siang,2020-0304-IND,0.0,22.096323610497087,,22.096323610497087,22.096323610497087,15.0,30.0,0.0,15.0,1.0,2.533311447503162e-10
poisson,1,E107::baksa,2020-0304-IND,1.0,29.043638993399266,,28.043638993399266,25.674839501603216,20.0,38.0,0.0,18.0,0.0,2.435049818147278e-13
poisson,1,E107::barpeta,2020-0304-IND,1.0,27.61668546246535,,26.61668546246535,24.29826532666491,19.0,37.0,0.0,18.0,0.0,1.014438901730462e-12
poisson,1,E107::biswanath,2020-0304-IND,1.0,26.61966942599658,,25.61966942599658,23.3380190313638,18.0,35.0,0.0,17.0,0.0,2.749314725593281e-12
poisson,1,E107::bongaigaon,2020-0304-IND,1.0,29.982195924292604,,28.982195924292604,26.58159218799324,21.0,39.0,0.0,18.0,0.0,9.525718751339283e-14
poisson,1,E107::cachar,2020-0304-IND,12.0,26.887846783015252,,14.887846783015252,7.374968573886715,19.0,36.0,0.0,17.0,0.0,2.102599282495657e-12
poisson,1,E107::chirang,2020-0304-IND,1.0,32.838185631596076,,31.838185631596076,29.346593597271486,24.0,43.0,0.0,19.0,0.0,5.477182154427823e-15
poisson,1,E107::darrang,2020-0304-IND,1.0,28.048474665215124,,27.048474665215124,24.714540413861734,20.0,37.0,0.0,17.0,0.0,6.587220892483882e-13
poisson,1,E107::dhemaji,2020-0304-IND,4.0,26.43234616690778,,22.43234616690778,16.51204602221123,18.0,35.0,0.0,17.0,0.0,3.3157205119343816e-12
poisson,1,E107::dibrugarh,2020-0304-IND,3.0,26.41219201428991,,23.41219201428991,18.382474316708183,18.0,35.0,0.0,17.0,0.0,3.3832240020706565e-12
poisson,1,E107::goalpara,2020-0304-IND,14.0,26.49634360948928,,12.49634360948928,5.8094703416189795,18.0,35.0,0.0,17.0,0.0,3.110170371238117e-12
poisson,1,E107::golaghat,2020-0304-IND,1.0,32.01765457446721,,31.01765457446721,28.55136711834888,23.0,42.0,0.0,19.0,0.0,1.2442547140900768e-14
poisson,1,E107::hojai,2020-0304-IND,17.0,25.909839506680463,,8.909839506680463,4.086325351833345,18.0,35.0,0.0,17.0,0.0,5.591131094852098e-12
poisson,1,E107::jorhat,2020-0304-IND,0.0,31.08372998364516,,31.08372998364516,31.08372998364516,22.0,41.0,0.0,19.0,1.0,3.1659758017613554e-14
poisson,1,E107::kamrup,2020-0304-IND,0.0,27.448117285602297,,27.448117285602297,27.448117285602297,19.0,36.0,0.0,17.0,1.0,1.2006989317037242e-12
poisson,1,E107::karbi%20anglong,2020-0304-IND,3.0,33.520432083257155,,30.520432083257155,24.7757260549569,24.0,43.0,0.0,19.0,0.0,2.7686070166989863e-15
poisson,1,E107::lakhimpur,2020-0304-IND,1.0,29.257849115039043,,28.257849115039043,25.881701231546174,21.0,38.0,0.0,17.0,0.0,1.9655204963482826e-13
poisson,1,E107::majuli,2020-0304-IND,1.0,20.113903758220328,,19.113903758220328,17.11249245302502,13.0,28.0,0.0,15.0,0.0,1.8392577228353993e-09
poisson,1,E107::morigaon,2020-0304-IND,0.0,26.498007518004997,,26.498007518004997,26.498007518004997,18.0,35.0,0.0,17.0,1.0,3.1049996352808517e-12
poisson,1,E107::nagaon,2020-0304-IND,16.0,30.517950850800865,,14.517950850800865,6.496769949368687,22.0,40.0,0.0,18.0,0.0,5.574710853264015e-14
poisson,1,E107::nalbari,2020-0304-IND,5.0,24.306882510866497,,19.306882510866497,13.140576547928248,17.0,33.0,0.0,16.0,0.0,2.777506303644385e-11
poisson,1,E107::sonitpur,2020-0304-IND,3.0,30.9156280355098,,27.9156280355098,22.41360205158878,22.0,40.0,0.0,18.0,0.0,3.7455305147166885e-14
poisson,1,E107::south%20salmara,2020-0304-IND,1.0,26.637146090534312,,25.637146090534312,23.354839379334514,18.0,35.0,0.0,17.0,0.0,2.7016833059444048e-12
poisson,1,E107::tinsukia,2020-0304-IND,6.0,28.447356719625294,,22.447356719625294,14.938276452175094,20.0,37.0,0.0,17.0,0.0,4.420485312619532e-13
poisson,1,E107::west%20karbi%20anglong,2020-0304-IND,6.0,28.816935078126487,,22.816935078126487,15.230406862917443,20.0,38.0,0.0,18.0,0.0,3.054668667085945e-13
poisson,1,E108::darbhanga,2020-0304-IND,0.0,47.513264613836114,,47.513264613836114,47.513264613836114,36.0,59.0,0.0,23.0,1.0,2.318736300089241e-21
poisson,1,E108::east%20champaran,2020-0304-IND,0.0,48.34870709757281,,48.34870709757281,48.34870709757281,37.0,60.0,0.0,23.0,1.0,1.005595451689778e-21
poisson,1,E108::kishanganj,2020-0304-IND,0.0,43.52812518700879,,43.52812518700879,43.52812518700879,33.0,55.0,0.0,22.0,1.0,1.24731292799292e-19
poisson,1,E108::madhubani,2020-0304-IND,0.0,55.38192533536482,,55.38192533536482,55.38192533536482,43.0,68.0,0.0,25.0,1.0,8.870241206651655e-25
poisson,1,E108::muzaffarpur,2020-0304-IND,0.0,50.570415663608244,,50.570415663608244,50.570415663608244,39.0,63.0,0.0,24.0,1.0,1.0903038100933284e-22
poisson,1,E108::siwan,2020-0304-IND,0.0,47.120396734738186,,47.120396734738186,47.120396734738186,36.0,59.0,0.0,23.0,1.0,3.4345647871815065e-21
poisson,1,E108::supaul,2020-0304-IND,0.0,40.57575357423409,,40.57575357423409,40.57575357423409,30.0,51.0,0.0,21.0,1.0,2.3887688307968235e-18
poisson,1,E108::west%20champaran,2020-0304-IND,0.0,40.58021019248688,,40.58021019248688,40.58021019248688,30.0,51.0,0.0,21.0,1.0,2.378146687024633e-18
poisson,1,E109::raigarh,2020-0304-IND,0.0,35.11629972628675,,35.11629972628675,35.11629972628675,26.0,45.0,0.0,19.0,1.0,5.612867678777609e-16
poisson,1,E110::ahmedabad,2020-0304-IND,3.0,31.19137820269287,,28.19137820269287,22.66271252101297,22.0,41.0,0.0,19.0,0.0,2.8428671399201267e-14
poisson,1,E110::amreli,2020-0304-IND,6.0,29.322829198967693,,23.322829198967693,15.631882213844642,21.0,38.0,0.0,17.0,0.0,1.8418619880188671e-13
poisson,1,E110::anand,2020-0304-IND,0.0,35.75203684218569,,35.75203684218569,35.75203684218569,26.0,46.0,0.0,20.0,1.0,2.9722660619710147e-16
poisson,1,E110::bharuch,2020-0304-IND,0.0,26.08409485234682,,26.08409485234682,26.08409485234682,18.0,35.0,0.0,17.0,1.0,4.697010598965641e-12
poisson,1,E110::bhavnagar,2020-0304-IND,3.0,29.78444912629987,,26.78444912629987,21.39424934781168,21.0,39.0,0.0,18.0,0.0,1.160855325086881e-13
poisson,1,E110::gandhinagar,2020-0304-IND,0.0,32.02035841902161,,32.02035841902161,32.02035841902161,23.0,42.0,0.0,19.0,1.0,1.2408949868939857e-14
poisson,1,E110::jamnagar,2020-0304-IND,1.0,26.851413659974344,,25.851413659974344,23.561095190127073,19.0,36.0,0.0,17.0,0.0,2.180616109599754e-12
poisson,1,E110::junagadh,2020-0304-IND,1.0,32.80082516070149,,31.800825160701493,29.310371488289377,24.0,42.0,0.0,18.0,0.0,5.685682849339725e-15
poisson,1,E110::kutch,2020-0304-IND,1.0,19.058377029757636,,18.058377029757636,16.110870285746937,12.0,27.0,0.0,15.0,0.0,5.285085553567305e-09
poisson,1,E110::narmada,2020-0304-IND,0.0,34.59165347651361,,34.59165347651361,34.59165347651361,25.0,45.0,0.0,20.0,1.0,9.484965929980457e-16
poisson,1,E110::navsari,2020-0304-IND,0.0,40.748212639664665,,40.748212639664665,40.748212639664665,31.0,52.0,0.0,21.0,1.0,2.0103705015788414e-18
poisson,1,E110::porbandar,2020-0304-IND,0.0,26.375336671595146,,26.375336671595146,26.375336671595146,18.0,35.0,0.0,17.0,1.0,3.5102401162759578e-12
poisson,1,E110::rajkot,2020-0304-IND,1.0,30.35045344618912,,29.35045344618912,26.93764198822886,22.0,40.0,0.0,18.0,0.0,6.591216014712639e-14
poisson,1,E110::sabarkantha,2020-0304-IND,0.0,31.38410616208276,,31.38410616208276,31.38410616208276,22.0,41.0,0.0,19.0,1.0,2.3445304324789213e-14
poisson,1,E110::surat,2020-0304-IND,0.0,46.36170863852602,,46.36170863852602,46.36170863852602,35.0,58.0,0.0,23.0,1.0,7.334419844645211e-21
poisson,1,E110::surendranagar,2020-0304-IND,0.0,29.072785822791722,,29.072785822791722,29.072785822791722,21.0,38.0,0.0,17.0,1.0,2.365100193424488e-13
poisson,1,E110::tapi,2020-0304-IND,0.0,38.96541742122752,,38.96541742122752,38.96541742122752,29.0,50.0,0.0,21.0,1.0,1.1954577419199975e-17
poisson,1,E110::vadodara,2020-0304-IND,1.0,40.47151763099106,,39.47151763099106,36.77091917265836,30.0,51.0,0.0,21.0,0.0,2.651204441324719e-18
poisson,1,E111::bagalkot,2020-0304-IND,1.0,31.864240572174037,,30.864240572174037,28.402756176355393,23.0,41.0,0.0,18.0,0.0,1.4505615099935007e-14
poisson,1,E111::belagavi,2020-0304-IND,2.0,45.49537181610161,,43.49537181610161,38.55329779174994,35.0,57.0,0.0,22.0,0.0,1.7442593839892416e-20
poisson,1,E111::chamarajanagar,2020-0304-IND,0.0,41.5669396785873,,41.5669396785873,41.5669396785873,31.0,52.0,0.0,21.0,1.0,8.865586428271675e-19
poisson,1,E111::kodagu,2020-0304-IND,1.0,43.7462555683431,,42.7462555683431,39.96784954621155,33.0,55.0,0.0,22.0,0.0,1.00286529567896e-19
poisson,1,E111::mysuru,2020-0304-IND,0.0,46.53970233902494,,46.53970233902494,46.53970233902494,36.0,58.0,0.0,22.0,1.0,6.138525789189494e-21
poisson,1,E111::raichur,2020-0304-IND,0.0,32.845477719650965,,32.845477719650965,32.845477719650965,24.0,43.0,0.0,19.0,1.0,5.43738732988657e-15
poisson,1,E111::shivamogga,2020-0304-IND,0.0,45.6555875962992,,45.6555875962992,45.6555875962992,35.0,57.0,0.0,22.0,1.0,1.4860391080018208e-20
poisson,1,E111::vijayapura,2020-0304-IND,0.0,32.17568547545009,,32.17568547545009,32.17568547545009,23.0,42.0,0.0,19.0,1.0,1.0623737874376304e-14
poisson,1,E112::alappuzha,2020-0304-IND,1.0,40.92817925553317,,39.92817925553317,37.21636045036884,31.0,52.0,0.0,21.0,0.0,1.679258653524685e-18
poisson,1,E112::ernakulam,2020-0304-IND,0.0,61.813110672917546,,61.813110672917546,61.813110672917546,49.0,75.0,0.0,26.0,1.0,1.4285884200766987e-27
poisson,1,E112::idukki,2020-0304-IND,0.0,53.68121309731179,,53.68121309731179,53.68121309731179,42.0,66.0,0.0,24.0,1.0,4.8589828920816815e-24
poisson,1,E112::kannur,2020-0304-IND,0.0,58.76321716713263,,58.76321716713263,58.76321716713263,46.0,72.0,0.0,26.0,1.0,3.016192428648076e-26
poisson,1,E112::kasaragod,2020-0304-IND,0.0,49.871124317930914,,49.871124317930914,49.871124317930914,39.0,62.0,0.0,23.0,1.0,2.194046877691401e-22
poisson,1,E112::kollam,2020-0304-IND,0.0,57.81078458819593,,57.81078458819593,57.81078458819593,46.0,71.0,0.0,25.0,1.0,7.817992668896714e-26
poisson,1,E112::kottayam,2020-0304-IND,0.0,43.739083833793565,,43.739083833793565,43.739083833793565,33.0,55.0,0.0,22.0,1.0,1.0100834317083121e-19
poisson,1,E112::kozhikode,2020-0304-IND,1.0,55.87919253880401,,54.87919253880401,51.85600045443368,44.0,68.0,0.0,24.0,0.0,5.394796004540115e-25
poisson,1,E112::malappuram,2020-0304-IND,1.0,58.77104081128605,,57.77104081128605,54.69739158091043,46.0,72.0,0.0,26.0,0.0,2.9926868818017704e-26
poisson,1,E112::palakkad,2020-0304-IND,0.0,57.73245844279129,,57.73245844279129,57.73245844279129,46.0,71.0,0.0,25.0,1.0,8.454966118374738e-26
poisson,1,E112::pathanamthitta,2020-0304-IND,0.0,51.46765881226052,,51.46765881226052,51.46765881226052,40.0,64.0,0.0,24.0,1.0,4.4450820449521565e-23
poisson,1,E112::thiruvananthapuram,2020-0304-IND,3.0,66.2505679514468,,63.2505679514468,55.46199530763002,53.0,80.0,0.0,27.0,0.0,1.6894444471263008e-29
poisson,1,E112::thrissur,2020-0304-IND,0.0,46.956364672746204,,46.956364672746204,46.956364672746204,36.0,58.0,0.0,22.0,1.0,4.046783144219396e-21
poisson,1,E112::wayanad,2020-0304-IND,0.0,51.26461524599365,,51.26461524599365,51.26461524599365,40.0,63.0,0.0,23.0,1.0,5.445784879721503e-23
poisson,1,E113::balaghat,2020-0304-IND,0.0,39.031916137668844,,39.031916137668844,39.031916137668844,29.0,50.0,0.0,21.0,1.0,1.118546912307563e-17
poisson,1,E113::barwani,2020-0304-IND,1.0,40.98666939786747,,39.98666939786747,37.27342252066892,31.0,52.0,0.0,21.0,0.0,1.5838558350517106e-18
poisson,1,E113::betul,2020-0304-IND,0.0,36.00284176270609,,36.00284176270609,36.00284176270609,26.0,46.0,0.0,20.0,1.0,2.3129406536901786e-16
poisson,1,E113::bhopal,2020-0304-IND,0.0,66.82369784459483,,66.82369784459483,66.82369784459483,54.0,81.0,0.0,27.0,1.0,9.52438112574233e-30
poisson,1,E113::dindori,2020-0304-IND,0.0,37.64510472854161,,37.64510472854161,37.64510472854161,28.0,48.0,0.0,20.0,1.0,4.4765016172034765e-17
poisson,1,E113::jhabua,2020-0304-IND,0.0,29.88006304091189,,29.88006304091189,29.88006304091189,21.0,39.0,0.0,18.0,1.0,1.0550025331452636e-13
poisson,1,E113::khandwa,2020-0304-IND,2.0,44.229487318629026,,42.229487318629026,37.3438510980802,34.0,55.0,0.0,21.0,0.0,6.185541430191804e-20
poisson,1,E113::mandsaur,2020-0304-IND,0.0,26.101969265149155,,26.101969265149155,26.101969265149155,18.0,35.0,0.0,17.0,1.0,4.613800176729517e-12
poisson,1,E113::morena,2020-0304-IND,0.0,32.2967473644415,,32.2967473644415,32.2967473644415,23.0,42.0,0.0,19.0,1.0,9.41240999192297e-15
poisson,1,E113::narsinghpur,2020-0304-IND,0.0,35.46174799263792,,35.46174799263792,35.46174799263792,26.0,46.0,0.0,20.0,1.0,3.9733656060606694e-16
poisson,1,E113::panna,2020-0304-IND,0.0,28.778381739910202,,28.778381739910202,28.778381739910202,20.0,38.0,0.0,18.0,1.0,3.1747359673991325e-13
poisson,1,E113::raisen,2020-0304-IND,0.0,32.68079510376302,,32.68079510376302,32.68079510376302,24.0,42.0,0.0,18.0,1.0,6.410782197299691e-15
poisson,1,E113::rewa,2020-0304-IND,0.0,27.49696283250159,,27.49696283250159,27.49696283250159,19.0,36.0,0.0,17.0,1.0,1.1434594624386002e-12
poisson,1,E113::satna,2020-0304-IND,0.0,34.065974057084894,,34.065974057084894,34.065974057084894,25.0,44.0,0.0,19.0,1.0,1.6044842057937252e-15
poisson,1,E113::sehore,2020-0304-IND,0.0,51.921269638973435,,51.921269638973435,51.921269638973435,40.0,64.0,0.0,24.0,1.0,2.8240937026048734e-23
poisson,1,E113::shahdol,2020-0304-IND,0.0,42.31195956122055,,42.31195956122055,42.31195956122055,32.0,53.0,0.0,21.0,1.0,4.2087142854278784e-19
poisson,1,E113::shivpuri,2020-0304-IND,0.0,30.36671396849675,,30.36671396849675,30.36671396849675,22.0,40.0,0.0,18.0,1.0,6.484906069680123e-14
poisson,1,E113::tikamgarh,2020-0304-IND,0.0,23.841202154200754,,23.841202154200754,23.841202154200754,16.0,32.0,0.0,16.0,1.0,4.424838889894815e-11
poisson,1,E113::umaria,2020-0304-IND,0.0,35.43358998046604,,35.43358998046604,35.43358998046604,26.0,45.0,0.0,19.0,1.0,4.086837760994962e-16
poisson,1,E114::kolhapur,2020-0304-IND,2.0,57.74518297625557,,55.74518297625557,50.326250288302745,46.0,71.0,0.0,25.0,0.0,8.348062212655503e-26
poisson,1,E115::koraput,2020-0304-IND,0.0,34.222794357916804,,34.222794357916804,34.222794357916804,25.0,44.0,0.0,19.0,1.0,1.3716056172446586e-15
poisson,1,E116::balrampur,2020-0304-IND,0.0,37.98418432579368,,37.98418432579368,37.98418432579368,28.0,48.0,0.0,20.0,1.0,3.189174975909287e-17
poisson,1,E116::gonda,2020-0304-IND,0.0,41.1977297437167,,41.1977297437167,41.1977297437167,31.0,52.0,0.0,21.0,1.0,1.2824879857416265e-18
poisson,1,E116::gorakhpur,2020-0304-IND,0.0,30.26679115487664,,30.26679115487664,30.26679115487664,22.0,40.0,0.0,18.0,1.0,7.166376426661184e-14
poisson,1,E117::hooghly,2020-0304-IND,0.0,52.042458216631424,,52.042458216631424,52.042458216631424,40.0,64.0,0.0,24.0,1.0,2.501771102958676e-23
poisson,1,E117::jalpaiguri,2020-0304-IND,0.0,43.05460473987182,,43.05460473987182,43.05460473987182,33.0,54.0,0.0,21.0,1.0,2.0027315565638216e-19
poisson,1,E117::kolkata,2020-0304-IND,11.0,79.43244765115604,,68.43244765115604,48.810779097981964,65.0,94.0,0.0,29.0,0.0,3.183657215173683e-35
poisson,1,E117::malda,2020-0304-IND,0.0,45.56532823345909,,45.56532823345909,45.56532823345909,35.0,57.0,0.0,22.0,1.0,1.6264075515388188e-20
poisson,1,E117::north%2024%20parganas,2020-0304-IND,3.0,46.22338471143412,,43.22338471143412,36.51468668281485,35.0,58.0,0.0,23.0,0.0,8.422462479044317e-21
poisson,1,E117::south%2024%20parganas,2020-0304-IND,4.0,45.60696009186271,,41.60696009186271,33.50477256834466,35.0,57.0,0.0,22.0,0.0,1.5600872793820184e-20
poisson,1,E156::chamba,2022-0539-IND,5.0,35.04246880904306,,30.042468809043058,22.047156949498582,26.0,45.0,0.0,19.0,0.0,6.042952269445747e-16
poisson,1,E156::kangra,2022-0539-IND,4.0,35.10226424097637,,31.102264240976368,24.047255524599613,26.0,45.0,0.0,19.0,0.0,5.692202449260916e-16
poisson,1,E156::mandi,2022-0539-IND,3.0,38.8898893655354,,35.8898893655354,29.69944592468749,29.0,49.0,0.0,20.0,0.0,1.2892455668111917e-17
poisson,1,E157::sahibganj,2022-0539-IND,0.0,30.64000547906638,,30.64000547906638,30.64000547906638,22.0,40.0,0.0,18.0,1.0,4.9341766637651023e-14
poisson,1,E158::dehradun,2022-0539-IND,1.0,37.97725201692343,,36.97725201692343,34.34026466758179,28.0,48.0,0.0,20.0,0.0,3.211360130208772e-17
poisson,1,E158::pauri%20garhwal,2022-0539-IND,0.0,38.42002748399937,,38.42002748399937,38.42002748399937,29.0,49.0,0.0,20.0,1.0,2.0625005314500288e-17
poisson,1,E158::uttarkashi,2022-0539-IND,0.0,28.535330454241233,,28.535330454241233,28.535330454241233,20.0,38.0,0.0,18.0,1.0,4.048213831921742e-13
poisson,1,E159::ballia,2022-0590-IND,1.0,40.146113039348165,,39.146113039348165,36.45358741461702,30.0,51.0,0.0,21.0,0.0,3.6708330835348546e-18
poisson,1,E185::dhalai,2024-0624-IND,9.0,26.805138462824495,,17.805138462824495,10.009623517474324,19.0,36.0,0.0,17.0,0.0,2.283895763611326e-12
poisson,1,E185::north%20tripura,2024-0624-IND,9.0,31.999687999143948,,22.999687999143948,13.60998010469643,23.0,42.0,0.0,19.0,0.0,1.2668117396044438e-14
poisson,1,E185::south%20tripura,2024-0624-IND,69.0,24.57988956512336,,44.42011043487664,29.837363712433735,17.0,33.0,0.0,16.0,0.0,2.113925103074381e-11
poisson,1,E185::west%20tripura,2024-0624-IND,47.0,29.66586915116984,,17.33413084883016,7.13872347507721,21.0,39.0,0.0,18.0,0.0,1.307003428410141e-13
poisson,1,E190::lohit,2025-0402-IND,22.0,18.5891373915778,,3.4108626084221996,2.7636159673338128,12.0,26.0,1.0,14.0,0.0,8.449678939895553e-09
poisson,1,E190::lower%20dibang%20valley,2025-0402-IND,18.0,14.664084171753748,,3.335915828246252,2.7223068699267383,9.0,21.0,1.0,12.0,0.0,4.280250257250659e-07
poisson,1,E190::lower%20subansiri,2025-0402-IND,31.0,26.553589466862938,,4.446410533137062,2.9917000338843494,18.0,35.0,1.0,17.0,0.0,2.9371262844607836e-12
poisson,1,E190::namsai,2025-0402-IND,4.0,22.11079265648708,,18.11079265648708,12.904583107578535,15.0,30.0,0.0,15.0,0.0,2.4969207518604696e-10
poisson,1,E191::bongaigaon,2025-0402-IND,7.0,23.102592413666645,,16.102592413666645,9.648139916216671,16.0,31.0,0.0,15.0,0.0,9.261292421429926e-11
poisson,1,E191::cachar,2025-0402-IND,145.0,21.950762518721838,,123.04923748127817,154.10876300315147,15.0,30.0,0.0,15.0,0.0,2.9302519562281284e-10
poisson,1,E191::dima%20hasao,2025-0402-IND,5.0,24.223860105962334,,19.223860105962334,13.074661337642905,16.0,33.0,0.0,17.0,0.0,3.017944338412106e-11
poisson,1,E191::hailakandi,2025-0402-IND,92.0,20.667949926600713,,71.33205007339929,69.22349236456186,13.0,28.0,0.0,15.0,0.0,1.0568744395129044e-09
poisson,1,E191::kamrup,2025-0402-IND,85.0,20.950861178435414,,64.04913882156458,58.132183618330515,14.0,29.0,0.0,15.0,0.0,7.964464834838816e-10
poisson,1,E191::lakhimpur,2025-0402-IND,90.0,23.915308500082755,,66.08469149991724,56.361258198737076,16.0,32.0,0.0,16.0,0.0,4.108785651184522e-11
poisson,1,E192::bishnupur,2025-0402-IND,1.0,24.212327132518563,,23.212327132518563,21.025465243407485,16.0,33.0,0.0,17.0,0.0,3.052951691734945e-11
poisson,1,E192::imphal%20east,2025-0402-IND,99.0,25.2573104410221,,73.7426895589779,64.70906782337622,17.0,34.0,0.0,17.0,0.0,1.073716056717803e-11
poisson,1,E192::imphal%20west,2025-0402-IND,29.0,27.20421301829708,,1.7957869817029213,2.663468286563994,19.0,36.0,1.0,17.0,0.0,1.5323585702674254e-12
poisson,1,E192::senapati,2025-0402-IND,22.0,35.20782680983741,,13.207826809837407,5.331103132001751,26.0,45.0,0.0,19.0,0.0,5.121947193937541e-16
poisson,1,E192::tamenglong,2025-0402-IND,3.0,23.230727796563126,,20.230727796563126,15.586059636830914,16.0,31.0,0.0,15.0,0.0,8.147476328628424e-11
poisson,1,E192::ukhrul,2025-0402-IND,3.0,29.294454514022224,,26.294454514022224,20.95401928611936,21.0,38.0,0.0,17.0,0.0,1.8948727670850207e-13
poisson,1,E193::east%20khasi%20hills,2025-0402-IND,10.0,34.107346673952726,,24.107346673952726,13.916631186343395,25.0,44.0,0.0,19.0,0.0,1.5394569447521203e-15
poisson,1,E193::ri%20bhoi,2025-0402-IND,3.0,28.05447383447779,,25.05447383447779,19.843788960982764,20.0,37.0,0.0,17.0,0.0,6.547821339837764e-13
poisson,1,E193::west%20garo%20hills,2025-0402-IND,2.0,24.10254411329302,,22.10254411329302,18.431056494269043,16.0,32.0,0.0,16.0,0.0,3.4072036457557454e-11
poisson,1,E193::west%20khasi%20hills,2025-0402-IND,0.0,25.398605951766246,,25.398605951766246,25.398605951766246,17.0,34.0,0.0,17.0,1.0,9.322353927744565e-12
poisson,1,E194::aizawl,2025-0402-IND,23.0,33.389650679279434,,10.389650679279434,4.306668429563928,24.0,43.0,0.0,19.0,0.0,3.1554329576625932e-15
poisson,1,E194::kolasib,2025-0402-IND,5.0,21.429544832353972,,16.429544832353972,10.893183727540581,14.0,29.0,0.0,15.0,0.0,4.934770156252193e-10
poisson,1,E196::mangan,2025-0402-IND,0.0,14.406757142601009,,14.406757142601009,14.406757142601009,8.0,21.0,0.0,13.0,1.0,5.536366993836077e-07
poisson,1,E197::north%20tripura,2025-0402-IND,11.0,26.173781073542376,,15.173781073542376,7.763748858827835,18.0,35.0,0.0,17.0,0.0,4.29409164751764e-12
poisson,1,E197::west%20tripura,2025-0402-IND,47.0,32.59734009557335,,14.402659904426649,5.641220167374577,24.0,42.0,0.0,18.0,0.0,6.968753001280586e-15
poisson,1,E201::amritsar,2025-0751-IND,40.0,21.14300857243842,,18.85699142756158,9.411276811472689,14.0,29.0,0.0,15.0,0.0,6.572158763870802e-10
poisson,1,E201::firozpur,2025-0751-IND,5.0,19.464408755231503,,14.464408755231503,9.408962468824786,13.0,27.0,0.0,14.0,0.0,3.5213945203702794e-09
poisson,1,E201::gurdaspur,2025-0751-IND,76.0,26.03986466636614,,49.96013533363386,34.52922508249004,18.0,35.0,0.0,17.0,0.0,4.909423146970405e-12
poisson,1,E201::hoshiarpur,2025-0751-IND,66.0,28.99624877339991,,37.00375122660009,20.295503315394253,20.0,38.0,0.0,18.0,0.0,2.553225432865708e-13
poisson,1,E201::jalandhar,2025-0751-IND,20.0,26.45976365166143,,6.459763651661429,3.282875585235143,18.0,35.0,1.0,17.0,0.0,3.2260467275422052e-12
poisson,1,E201::kapurthala,2025-0751-IND,85.0,23.574250533967973,,61.42574946603203,50.727673714030615,16.0,32.0,0.0,16.0,0.0,5.7787389778899205e-11
poisson,1,E201::ludhiana,2025-0751-IND,11.0,27.31884121950401,,16.31884121950401,8.437806259629916,19.0,36.0,0.0,17.0,0.0,1.3664004814816928e-12
poisson,1,E201::moga,2025-0751-IND,0.0,16.94305077968933,,16.94305077968933,16.94305077968933,10.0,24.0,0.0,14.0,1.0,4.382546570663616e-08
poisson,1,E201::sangrur,2025-0751-IND,6.0,17.509101959555913,,11.509101959555913,6.912028025409571,11.0,25.0,0.0,14.0,0.0,2.488247840828012e-08
poisson,1,E203::araria,2025-0859-IND,2.0,26.462831304423588,,24.462831304423588,20.604496172677557,18.0,35.0,0.0,17.0,0.0,3.2161655002236803e-12
poisson,1,E203::darbhanga,2025-0859-IND,2.0,29.78488099272757,,27.78488099272757,23.6900263422298,21.0,39.0,0.0,18.0,0.0,1.1603540988837341e-13
poisson,1,E203::gopalganj,2025-0859-IND,1.0,30.410586385217876,,29.410586385217876,26.995795601070057,22.0,40.0,0.0,18.0,0.0,6.206548328496241e-14
poisson,1,E203::katihar,2025-0859-IND,0.0,31.294068206214245,,31.294068206214245,31.294068206214245,22.0,41.0,0.0,19.0,1.0,2.5654222775654285e-14
poisson,1,E203::kishanganj,2025-0859-IND,1.0,29.24446684677942,,28.24446684677942,25.86877645862748,21.0,38.0,0.0,17.0,0.0,1.992000404337728e-13
poisson,1,E203::madhepura,2025-0859-IND,0.0,23.955444210344393,,23.955444210344393,23.955444210344393,16.0,32.0,0.0,16.0,1.0,3.9471421573543494e-11
poisson,1,E203::madhubani,2025-0859-IND,1.0,33.490384315280124,,32.490384315280124,29.97912595301641,24.0,43.0,0.0,19.0,0.0,2.853059934739446e-15
poisson,1,E203::muzaffarpur,2025-0859-IND,2.0,33.91722174578597,,31.917221745785973,27.562523123366333,25.0,44.0,0.0,19.0,0.0,1.861820270317205e-15
poisson,1,E203::purnia,2025-0859-IND,0.0,28.436813421969156,,28.436813421969156,28.436813421969156,20.0,37.0,0.0,17.0,1.0,4.4673383638687546e-13
poisson,1,E203::saharsa,2025-0859-IND,0.0,25.695653537973502,,25.695653537973502,25.695653537973502,18.0,34.0,0.0,16.0,1.0,6.9265896491562165e-12
poisson,1,E203::samastipur,2025-0859-IND,0.0,35.270216766659786,,35.270216766659786,35.270216766659786,26.0,45.0,0.0,19.0,1.0,4.812153616565599e-16
poisson,1,E203::saran,2025-0859-IND,1.0,34.258361779969306,,33.258361779969306,30.724431105497136,25.0,44.0,0.0,19.0,0.0,1.3236785154694146e-15
poisson,1,E203::sheohar,2025-0859-IND,0.0,28.529116987578917,,28.529116987578917,28.529116987578917,20.0,38.0,0.0,18.0,1.0,4.0734455807462484e-13
poisson,1,E203::sitamarhi,2025-0859-IND,1.0,29.86701955954768,,28.86701955954768,26.470264712694853,21.0,39.0,0.0,18.0,0.0,1.0688535755569502e-13
poisson,1,E203::siwan,2025-0859-IND,0.0,32.27505842926253,,32.27505842926253,32.27505842926253,23.0,42.0,0.0,19.0,1.0,9.618785080059824e-15
poisson,1,E203::supaul,2025-0859-IND,3.0,24.122387555894814,,21.122387555894814,16.364725964554044,16.0,32.0,0.0,16.0,0.0,3.3402593946427745e-11
poisson,1,E203::west%20champaran,2025-0859-IND,1.0,29.45756333435063,,28.45756333435063,26.07461263772295,21.0,39.0,0.0,18.0,0.0,1.6096920293357162e-13
poisson,1,E204::cooch%20behar,2025-0859-IND,30.0,25.77830291110392,,4.221697088896079,2.950544289712923,18.0,34.0,1.0,16.0,0.0,6.377130331215064e-12
poisson,1,E204::jalpaiguri,2025-0859-IND,214.0,33.41221420662099,,180.587785793379,220.4241903903229,24.0,43.0,0.0,19.0,0.0,3.0850324880973538e-15
nb2,2,E023::baksa,2015-0374-IND,15.0,26.114700953894797,3.9378128040945826,11.114700953894797,4.6223506859804875,0.0,126.0,1.0,126.0,0.0,0.3075768044908666
nb2,2,E023::barpeta,2015-0374-IND,40.0,31.580034778788683,3.9378128040945826,8.419965221211317,5.573167412506873,0.0,153.0,1.0,153.0,0.0,0.29321071763132733
nb2,2,E023::bongaigaon,2015-0374-IND,71.0,31.234034658779848,3.9378128040945826,39.76596534122015,6.252000562607451,0.0,151.0,1.0,151.0,0.0,0.29402557900149623
nb2,2,E023::cachar,2015-0374-IND,2.0,23.099065069045633,3.9378128040945826,21.099065069045633,3.0075318579379555,0.0,112.0,1.0,112.0,0.0,0.3172108698757939
nb2,2,E023::goalpara,2015-0374-IND,44.0,31.880393600305407,3.9378128040945826,12.119606399694593,5.675172407138681,0.0,154.0,1.0,154.0,0.0,0.29251229930667066
nb2,2,E023::kamrup,2015-0374-IND,22.0,29.751599800108078,3.9378128040945826,7.751599800108078,4.980693468208091,0.0,144.0,1.0,144.0,0.0,0.29764844567180404
nb2,2,E023::kokrajhar,2015-0374-IND,81.0,27.78287582019797,3.9378128040945826,53.21712417980203,6.482744728146338,0.0,134.0,1.0,134.0,0.0,0.3028225181608551
nb2,2,E023::lakhimpur,2015-0374-IND,41.0,26.294816526175556,3.9378128040945826,14.705183473824444,5.619123565595707,0.0,127.0,1.0,127.0,0.0,0.30704554402037926
nb2,2,E023::nagaon,2015-0374-IND,9.0,25.49161009781119,3.9378128040945826,16.49161009781119,4.1834978639541545,0.0,123.0,1.0,123.0,0.0,0.30945034812715894
nb2,2,E023::sonitpur,2015-0374-IND,38.0,28.617929999158466,3.9378128040945826,9.382070000841534,5.525567644219603,0.0,138.0,1.0,138.0,0.0,0.3005739150455551
nb2,2,E035::gopalganj,2016-0271-IND,5.0,27.242013672614792,3.9378128040945826,22.242013672614792,3.7274755136622146,0.0,132.0,1.0,132.0,0.0,0.3043242368563383
nb2,2,E035::muzaffarpur,2016-0271-IND,14.0,24.201096239463688,3.9378128040945826,10.201096239463688,4.553181842788664,0.0,117.0,1.0,117.0,0.0,0.3135180980940489
nb2,2,E036::bahraich,2016-0271-IND,10.0,28.492140317497928,3.9378128040945826,18.492140317497928,4.288547533895609,0.0,138.0,1.0,138.0,0.0,0.3009073835324008
nb2,2,E036::ballia,2016-0271-IND,5.0,28.251003862284076,3.9378128040945826,23.251003862284076,3.7349778963463924,0.0,137.0,1.0,137.0,0.0,0.3015517819141151
nb2,2,E036::barabanki,2016-0271-IND,11.0,27.82992763851156,3.9378128040945826,16.82992763851156,4.364046944121098,0.0,135.0,1.0,135.0,0.0,0.3026935970410054
nb2,2,E036::basti,2016-0271-IND,3.0,29.145901917360685,3.9378128040945826,26.145901917360685,3.3560937690496533,0.0,141.0,1.0,141.0,0.0,0.29919387364428107
nb2,2,E036::ghazipur,2016-0271-IND,0.0,28.883050740411907,3.9378128040945826,28.883050740411907,1.2043828599671473,0.0,140.0,1.0,140.0,1.0,0.2998770085260338
nb2,2,E036::jalaun,2016-0271-IND,0.0,25.93978800102731,3.9378128040945826,25.93978800102731,1.1773403092654762,0.0,125.0,1.0,125.0,1.0,0.3080970928172513
nb2,2,E036::kushinagar,2016-0271-IND,3.0,25.569080170294157,3.9378128040945826,22.569080170294157,3.3267736571203255,0.0,124.0,1.0,124.0,0.0,0.3092143278619731
nb2,2,E036::lakhimpur%20kheri,2016-0271-IND,1.0,26.49237538748215,3.9378128040945826,25.49237538748215,2.5628074091193924,0.0,128.0,1.0,128.0,0.0,0.30646800639420907
nb2,2,E036::mirzapur,2016-0271-IND,0.0,28.399538523386724,3.9378128040945826,28.399538523386724,1.2001333762216522,0.0,137.0,1.0,137.0,1.0,0.3011540424451191
nb2,2,E036::pilibhit,2016-0271-IND,2.0,29.627723685901753,3.9378128040945826,27.627723685901753,3.0653367560499336,0.0,143.0,1.0,143.0,0.0,0.2979613133798587
nb2,2,E036::siddharthnagar,2016-0271-IND,4.0,31.395259532374435,3.9378128040945826,27.395259532374435,3.5874400673175866,0.0,152.0,1.0,152.0,0.0,0.2936444902044195
nb2,2,E036::varanasi,2016-0271-IND,4.0,27.25226235533291,3.9378128040945826,23.25226235533291,3.556687110562585,0.0,132.0,1.0,132.0,0.0,0.3042954377419763
nb2,2,E061::biswanath,2018-0205-IND,13.0,28.677481909104287,3.9378128040945826,15.677481909104287,4.509578941959392,0.0,139.0,1.0,139.0,0.0,0.30041667768243807
nb2,2,E061::cachar,2018-0205-IND,70.0,27.47495332372697,3.9378128040945826,42.52504667627303,6.278252498149514,0.0,133.0,1.0,133.0,0.0,0.30367297191424897
nb2,2,E061::golaghat,2018-0205-IND,2.0,27.445736780217697,3.9378128040945826,25.445736780217697,3.0474321575647223,0.0,133.0,1.0,133.0,0.0,0.3037542801011017
nb2,2,E061::hailakandi,2018-0205-IND,68.0,27.00912281039683,3.9378128040945826,40.99087718960317,6.244702877062805,0.0,131.0,1.0,131.0,0.0,0.30498231870925663
nb2,2,E061::hojai,2018-0205-IND,31.0,28.165717412580246,3.9378128040945826,2.8342825874197537,5.312764082520416,0.0,136.0,1.0,136.0,0.0,0.3017813345672779
nb2,2,E061::karimganj,2018-0205-IND,72.0,26.835532684373085,3.9378128040945826,45.164467315626915,6.32741800594675,0.0,130.0,1.0,130.0,0.0,0.3054774363881821
nb2,2,E061::nagaon,2018-0205-IND,1.0,27.396690342415074,3.9378128040945826,26.396690342415074,2.570938186657663,0.0,132.0,1.0,132.0,0.0,0.3038910159806311
nb2,2,E061::west%20karbi%20anglong,2018-0205-IND,4.0,25.919471458985697,3.9378128040945826,21.919471458985697,3.5459726439890007,0.0,125.0,1.0,125.0,0.0,0.30815780783766916
nb2,2,E060::dakshina%20kannada,2018-0216-IND,63.0,21.8157952079721,3.9378128040945826,41.1842047920279,6.226919700835187,0.0,106.0,1.0,106.0,0.0,0.3217965469811008
nb2,2,E060::udupi,2018-0216-IND,47.0,23.438274343577415,3.9378128040945826,23.561725656422585,5.8042393717109455,0.0,113.0,1.0,113.0,0.0,0.31605132487895155
nb2,2,E069::barpeta,2018-0295-IND,3.0,25.82359782748775,3.9378128040945826,22.82359782748775,3.328973581676287,0.0,125.0,1.0,125.0,0.0,0.30844512120432455
nb2,2,E069::biswanath,2018-0295-IND,6.0,26.221796261836577,3.9378128040945826,20.221796261836577,3.8620877636496753,0.0,127.0,1.0,127.0,0.0,0.30726037486473795
nb2,2,E069::cachar,2018-0295-IND,2.0,26.93373588125142,3.9378128040945826,24.93373588125142,3.043042785104826,0.0,130.0,1.0,130.0,0.0,0.3051968520122364
nb2,2,E069::chirang,2018-0295-IND,0.0,25.455906331065304,3.9378128040945826,25.455906331065304,1.1726052079014486,0.0,123.0,1.0,123.0,1.0,0.3095594231907123
nb2,2,E069::darrang,2018-0295-IND,1.0,25.1362875559974,3.9378128040945826,24.1362875559974,2.5501059963079094,0.0,122.0,1.0,122.0,0.0,0.31054439830181046
nb2,2,E069::dhemaji,2018-0295-IND,2.0,26.278155754915954,3.9378128040945826,24.278155754915954,3.037310262357823,0.0,127.0,1.0,127.0,0.0,0.3070944959078344
nb2,2,E069::golaghat,2018-0295-IND,14.0,26.736336425467382,3.9378128040945826,12.736336425467382,4.56443913231799,0.0,129.0,1.0,129.0,0.0,0.3057621559862054
nb2,2,E069::hailakandi,2018-0295-IND,1.0,27.32842971835889,3.9378128040945826,26.32842971835889,2.5703334344235644,0.0,132.0,1.0,132.0,0.0,0.30408182584109517
nb2,2,E069::hojai,2018-0295-IND,3.0,27.993783559818308,3.9378128040945826,24.993783559818308,3.347008135480753,0.0,135.0,1.0,135.0,0.0,0.3022467399852301
nb2,2,E069::jorhat,2018-0295-IND,2.0,25.24605932825501,3.9378128040945826,23.24605932825501,3.0280168638999325,0.0,122.0,1.0,122.0,0.0,0.3102043680325387
nb2,2,E069::karimganj,2018-0295-IND,2.0,26.321954368518252,3.9378128040945826,24.321954368518252,3.037697275734772,0.0,127.0,1.0,127.0,0.0,0.30696589131667434
nb2,2,E069::kokrajhar,2018-0295-IND,0.0,25.2140894051955,3.9378128040945826,25.2140894051955,1.1702053669267984,0.0,122.0,1.0,122.0,1.0,0.31030320870508155
nb2,2,E069::lakhimpur,2018-0295-IND,4.0,25.485228271899974,3.9378128040945826,21.485228271899974,3.542385279824392,0.0,123.0,1.0,123.0,0.0,0.3094698306885262
nb2,2,E069::majuli,2018-0295-IND,0.0,28.206611155580283,3.9378128040945826,28.206611155580283,1.1984177309644248,0.0,136.0,1.0,136.0,1.0,0.3016711594175337
nb2,2,E069::nagaon,2018-0295-IND,1.0,27.102559644022122,3.9378128040945826,26.102559644022122,2.5683220371335485,0.0,131.0,1.0,131.0,0.0,0.30471744971220693
nb2,2,E069::nalbari,2018-0295-IND,0.0,26.59375618399751,3.9378128040945826,26.59375618399751,1.183602672396635,0.0,129.0,1.0,129.0,1.0,0.3061737057024686
nb2,2,E069::sivasagar,2018-0295-IND,4.0,27.72221995539368,3.9378128040945826,23.72221995539368,3.560363201020537,0.0,134.0,1.0,134.0,0.0,0.3029891149890227
nb2,2,E069::sonitpur,2018-0295-IND,1.0,25.69229302865778,3.9378128040945826,24.69229302865778,2.555390565924689,0.0,124.0,1.0,124.0,0.0,0.30884077085165257
nb2,2,E069::udalguri,2018-0295-IND,1.0,24.72896918081955,3.9378128040945826,23.72896918081955,2.546163776891052,0.0,120.0,1.0,120.0,0.0,0.3118224107382796
nb2,2,E070::chamba,2018-0295-IND,3.0,23.844595275723346,3.9378128040945826,20.844595275723346,3.3113548858981594,0.0,115.0,1.0,115.0,0.0,0.31468946993837893
nb2,2,E070::hamirpur,2018-0295-IND,4.0,23.445662913983774,3.9378128040945826,19.445662913983774,3.524852070856616,0.0,113.0,1.0,113.0,0.0,0.3160262999842254
nb2,2,E070::kangra,2018-0295-IND,3.0,24.560615425678932,3.9378128040945826,21.560615425678932,3.3178685317148573,0.0,119.0,1.0,119.0,0.0,0.312358296548386
nb2,2,E070::kullu,2018-0295-IND,6.0,25.53510311710562,3.9378128040945826,19.53510311710562,3.856961719746198,0.0,124.0,1.0,124.0,0.0,0.3093177328670845
nb2,2,E070::mandi,2018-0295-IND,11.0,23.206583210041085,3.9378128040945826,12.206583210041085,4.338166364009179,0.0,112.0,1.0,112.0,0.0,0.31684105813305996
nb2,2,E070::shimla,2018-0295-IND,5.0,22.67020414199847,3.9378128040945826,17.67020414199847,3.690599639549188,0.0,110.0,1.0,110.0,0.0,0.3187074764547667
nb2,2,E071::alappuzha,2018-0295-IND,553.0,23.417514242905956,3.9378128040945826,529.582485757094,13.099499995731126,0.0,113.0,0.0,113.0,0.0,0.31612169120672273
nb2,2,E071::ernakulam,2018-0295-IND,882.0,21.80893804577807,3.9378128040945826,860.1910619542219,17.676064835755632,0.0,106.0,0.0,106.0,0.0,0.32182194255706437
nb2,2,E071::idukki,2018-0295-IND,1112.0,22.10808503170628,3.9378128040945826,1089.8919149682938,20.34183576398224,0.0,107.0,0.0,107.0,0.0,0.3207231576764251
nb2,2,E071::kannur,2018-0295-IND,218.0,20.754217035788535,3.9378128040945826,197.24578296421146,9.061584619606423,0.0,100.0,0.0,100.0,0.0,0.32585035204269475
nb2,2,E071::kasaragod,2018-0295-IND,22.0,21.93253596595675,3.9378128040945826,0.06746403404325108,4.970306044613749,0.0,106.0,1.0,106.0,0.0,0.32136570844202317
nb2,2,E071::kollam,2018-0295-IND,46.0,20.530847722277045,3.9378128040945826,25.469152277722955,5.813984053636168,0.0,99.0,1.0,99.0,0.0,0.32673609400486847
nb2,2,E071::kottayam,2018-0295-IND,141.0,23.552355072701467,3.9378128040945826,117.44764492729854,7.629403201523207,0.0,114.0,0.0,114.0,0.0,0.3156660233985456
nb2,2,E071::kozhikode,2018-0295-IND,481.0,20.654240622205506,3.9378128040945826,460.3457593777945,12.877216198538125,0.0,100.0,0.0,100.0,0.0,0.32624532838424586
nb2,2,E071::malappuram,2018-0295-IND,387.0,21.199537417318485,3.9378128040945826,365.8004625826815,11.451952723649374,0.0,103.0,0.0,103.0,0.0,0.3241192265180953
nb2,2,E071::palakkad,2018-0295-IND,317.0,22.64319178646622,3.9378128040945826,294.3568082135338,10.246817863652211,0.0,110.0,0.0,110.0,0.0,0.3188029157832077
nb2,2,E071::pathanamthitta,2018-0295-IND,479.0,21.863736022567018,3.9378128040945826,457.136263977433,12.541998144383506,0.0,106.0,0.0,106.0,0.0,0.32161927360342524
nb2,2,E071::thiruvananthapuram,2018-0295-IND,164.0,19.562630461418966,3.9378128040945826,144.43736953858104,8.298527433718261,0.0,95.0,0.0,95.0,0.0,0.3307182627600991
nb2,2,E071::thrissur,2018-0295-IND,539.0,22.721494164194272,3.9378128040945826,516.2785058358057,13.098892606638707,0.0,110.0,0.0,110.0,0.0,0.3185266474195966
nb2,2,E071::wayanad,2018-0295-IND,618.0,24.518421381698335,3.9378128040945826,593.4815786183017,13.597261089596394,0.0,119.0,0.0,119.0,0.0,0.3124933189511721
nb2,2,E073::dimapur,2018-0295-IND,0.0,24.212347350038364,3.9378128040945826,24.212347350038364,1.1600149992462865,0.0,117.0,1.0,117.0,1.0,0.3134814788614344
nb2,2,E073::kiphire,2018-0295-IND,1.0,25.1952895783344,3.9378128040945826,24.1952895783344,2.5506720158041554,0.0,122.0,1.0,122.0,0.0,0.31036140436966153
nb2,2,E073::kohima,2018-0295-IND,1.0,23.71998542621573,3.9378128040945826,22.71998542621573,2.5361270228089943,0.0,115.0,1.0,115.0,0.0,0.3151040418726193
nb2,2,E073::mokokchung,2018-0295-IND,0.0,23.93003853300223,3.9378128040945826,23.93003853300223,1.157067736304582,0.0,116.0,1.0,116.0,1.0,0.3144067540518606
nb2,2,E073::peren,2018-0295-IND,0.0,25.457696060882093,3.9378128040945826,25.457696060882093,1.1726228852723237,0.0,123.0,1.0,123.0,1.0,0.30955395104234734
nb2,2,E073::wokha,2018-0295-IND,0.0,24.62650974351379,3.9378128040945826,24.62650974351379,1.1642778213065366,0.0,119.0,1.0,119.0,1.0,0.3121480072931542
nb2,2,E073::zunheboto,2018-0295-IND,1.0,24.06727003546288,3.9378128040945826,23.06727003546288,2.539626444479141,0.0,116.0,1.0,116.0,0.0,0.3139552918051812
nb2,2,E075::ayodhya,2018-0295-IND,0.0,24.515862221247204,3.9378128040945826,24.515862221247204,1.1631459534078803,0.0,119.0,1.0,119.0,1.0,0.3125015176279977
nb2,2,E075::bahraich,2018-0295-IND,0.0,25.850646028182897,3.9378128040945826,25.850646028182897,1.1764746045796965,0.0,125.0,1.0,125.0,1.0,0.30836392939835255
nb2,2,E075::barabanki,2018-0295-IND,3.0,25.51776508130422,3.9378128040945826,22.51776508130422,3.326327841333209,0.0,123.0,1.0,123.0,0.0,0.3093705649093039
nb2,2,E075::basti,2018-0295-IND,0.0,25.312996783148193,3.9378128040945826,25.312996783148193,1.1711896866618112,0.0,122.0,1.0,122.0,1.0,0.30999792140772026
nb2,2,E075::farrukhabad,2018-0295-IND,0.0,25.80915073843191,3.9378128040945826,25.80915073843191,1.1760706131136345,0.0,125.0,1.0,125.0,1.0,0.3084885309615604
nb2,2,E075::gonda,2018-0295-IND,1.0,25.0352817178581,3.9378128040945826,24.0352817178581,2.549134093098705,0.0,121.0,1.0,121.0,0.0,0.3108589075945625
nb2,2,E075::mau,2018-0295-IND,0.0,25.993233036440003,3.9378128040945826,25.993233036440003,1.177857930601619,0.0,126.0,1.0,126.0,1.0,0.30793765645579657
nb2,2,E075::pilibhit,2018-0295-IND,1.0,25.7455901394778,3.9378128040945826,24.7455901394778,2.5558914131229744,0.0,125.0,1.0,125.0,0.0,0.30867987310668676
nb2,2,E076::bankura,2018-0295-IND,6.0,26.128512755403285,3.9378128040945826,20.128512755403285,3.861396895497165,0.0,126.0,1.0,126.0,0.0,0.307535904955913
nb2,2,E076::birbhum,2018-0295-IND,0.0,26.84342127059647,3.9378128040945826,26.84342127059647,1.1859533012033803,0.0,130.0,1.0,130.0,1.0,0.3054548501822237
nb2,2,E076::cooch%20behar,2018-0295-IND,0.0,24.218598461680262,3.9378128040945826,24.218598461680262,1.160079874414657,0.0,117.0,1.0,117.0,1.0,0.31346114235738637
nb2,2,E076::dakshin%20dinajpur,2018-0295-IND,0.0,24.957757123440423,3.9378128040945826,24.957757123440423,1.1676364649404745,0.0,121.0,1.0,121.0,1.0,0.31110137199697935
nb2,2,E076::howrah,2018-0295-IND,0.0,23.128131194998545,3.9378128040945826,23.128131194998545,1.1485043993457402,0.0,112.0,1.0,112.0,1.0,0.31711068584504876
nb2,2,E076::jalpaiguri,2018-0295-IND,0.0,23.872499040007888,3.9378128040945826,23.872499040007888,1.1564628131219092,0.0,115.0,1.0,115.0,1.0,0.3145970035235319
nb2,2,E076::kolkata,2018-0295-IND,1.0,18.469561401253003,3.9378128040945826,17.469561401253003,2.4763610072828715,0.0,89.0,1.0,89.0,0.0,0.33551799568506047
nb2,2,E076::murshidabad,2018-0295-IND,0.0,24.878508925216714,3.9378128040945826,24.878508925216714,1.166836970282028,0.0,120.0,1.0,120.0,1.0,0.3113501953353373
nb2,2,E076::nadia,2018-0295-IND,0.0,24.06578091884928,3.9378128040945826,24.06578091884928,1.1584891370276948,0.0,116.0,1.0,116.0,1.0,0.3139601735244306
nb2,2,E076::purulia,2018-0295-IND,0.0,24.777026038059827,3.9378128040945826,24.777026038059827,1.1658094720068048,0.0,120.0,1.0,120.0,1.0,0.3116702715347462
nb2,2,E076::uttar%20dinajpur,2018-0295-IND,0.0,24.337310159323053,3.9378128040945826,24.337310159323053,1.161308750431206,0.0,118.0,1.0,118.0,1.0,0.31307617406502036
nb2,2,E093::alappuzha,2019-0383-IND,42.0,23.80810978822684,3.9378128040945826,18.19189021177316,5.66362313777576,0.0,115.0,1.0,115.0,0.0,0.31481057687843755
nb2,2,E093::ernakulam,2019-0383-IND,41.0,20.70082581020201,3.9378128040945826,20.29917418979799,5.664877158137713,0.0,100.0,1.0,100.0,0.0,0.3260609905081512
nb2,2,E093::idukki,2019-0383-IND,47.0,21.557046365549283,3.9378128040945826,25.442953634450717,5.827172211772849,0.0,104.0,1.0,104.0,0.0,0.32276174481144093
nb2,2,E093::kannur,2019-0383-IND,70.0,19.646078439403148,3.9378128040945826,50.35392156059685,6.44900552851458,0.0,95.0,1.0,95.0,0.0,0.33036553004550273
nb2,2,E093::kasaragod,2019-0383-IND,10.0,20.857236836119082,3.9378128040945826,10.857236836119082,4.2424398990847445,0.0,101.0,1.0,101.0,0.0,0.3254458103328708
nb2,2,E093::kottayam,2019-0383-IND,19.0,23.15546072067584,3.9378128040945826,4.1554607206758405,4.829217557932465,0.0,112.0,1.0,112.0,0.0,0.3170166298076262
nb2,2,E093::kozhikode,2019-0383-IND,182.0,19.215944786942803,3.9378128040945826,162.7840552130572,8.645915508678993,0.0,93.0,0.0,93.0,0.0,0.3322038935339947
nb2,2,E093::malappuram,2019-0383-IND,284.0,20.27570577397092,3.9378128040945826,263.7242942260291,10.13662942694388,0.0,98.0,0.0,98.0,0.0,0.32776254623475226
nb2,2,E093::pathanamthitta,2019-0383-IND,11.0,21.593891934672925,3.9378128040945826,10.593891934672925,4.328969664991204,0.0,105.0,1.0,105.0,0.0,0.32262342730703486
nb2,2,E093::thrissur,2019-0383-IND,28.0,21.967239359562154,3.9378128040945826,6.032760640437846,5.218259868203977,0.0,106.0,1.0,106.0,0.0,0.3212381813929155
nb2,2,E093::wayanad,2019-0383-IND,335.0,21.821692635166222,3.9378128040945826,313.17830736483376,10.61931849807414,0.0,106.0,0.0,106.0,0.0,0.32177471370701344
nb2,2,E094::kolhapur,2019-0383-IND,408.0,17.90817081929416,3.9378128040945826,390.0918291807058,12.585798040531174,0.0,87.0,0.0,87.0,0.0,0.3381218218863939
nb2,2,E094::sangli,2019-0383-IND,379.0,23.513925176414393,3.9378128040945826,355.4860748235856,10.92530316219494,0.0,114.0,0.0,114.0,0.0,0.3157955592216553
nb2,2,E095::balangir,2019-0383-IND,11.0,24.362287488608562,3.9378128040945826,13.362287488608562,4.344728004149849,0.0,118.0,1.0,118.0,0.0,0.3129954721655643
nb2,2,E095::kalahandi,2019-0383-IND,42.0,23.935024466609725,3.9378128040945826,18.064975533390275,5.66260860696938,0.0,116.0,1.0,116.0,0.0,0.31439029521027617
nb2,2,E095::kandhamal,2019-0383-IND,24.0,24.56180249705737,3.9378128040945826,0.5618024970573714,5.056900434146018,0.0,119.0,1.0,119.0,0.0,0.31235450204323256
nb2,2,E095::nuapada,2019-0383-IND,2.0,24.37000605786141,3.9378128040945826,22.37000605786141,3.0198549519096156,0.0,118.0,1.0,118.0,0.0,0.3129705541881888
nb2,2,E095::subarnapur,2019-0383-IND,13.0,26.15702510060235,3.9378128040945826,13.15702510060235,4.497422544151707,0.0,127.0,1.0,127.0,0.0,0.30745155900009496
nb2,2,E096::birbhum,2019-0383-IND,0.0,27.430479411705253,3.9378128040945826,27.430479411705253,1.1913962769159794,0.0,133.0,1.0,133.0,1.0,0.30379678335361177
nb2,2,E096::nadia,2019-0383-IND,0.0,22.641986189707456,3.9378128040945826,22.641986189707456,1.1431688145775496,0.0,110.0,1.0,110.0,1.0,0.318807178656165
nb2,2,E143::alappuzha,2021-0677-IND,63.0,21.47398633491765,3.9378128040945826,41.526013665082345,6.234493557958102,0.0,104.0,1.0,104.0,0.0,0.32307462803187054
nb2,2,E143::idukki,2021-0677-IND,213.0,19.023715187931835,3.9378128040945826,193.97628481206817,9.19573072542095,0.0,92.0,0.0,92.0,0.0,0.33304201395383554
nb2,2,E143::kollam,2021-0677-IND,31.0,18.208078058576415,3.9378128040945826,12.791921941423585,5.354339334293483,0.0,88.0,1.0,88.0,0.0,0.33671844455577005
nb2,2,E143::kottayam,2021-0677-IND,249.0,21.666335668464026,3.9378128040945826,227.33366433153597,9.421784872025892,0.0,105.0,0.0,105.0,0.0,0.32235232601407704
nb2,2,E143::pathanamthitta,2021-0677-IND,97.0,19.65996305533115,3.9378128040945826,77.34003694466885,7.038074422338961,0.0,95.0,0.0,95.0,0.0,0.33030702006525225
nb2,2,E143::thiruvananthapuram,2021-0677-IND,18.0,17.413103198063453,3.9378128040945826,0.5868968019365468,4.77106073361932,0.0,84.0,1.0,84.0,0.0,0.34050320041749216
nb2,2,E144::nainital,2021-0681-IND,152.0,20.8384429929093,3.9378128040945826,131.1615570070907,7.983652212402392,0.0,101.0,0.0,101.0,0.0,0.32551942580549026
nb2,2,E145::ariyalur,2021-0722-IND,2.0,24.143537031580006,3.9378128040945826,22.143537031580006,3.017702024536488,0.0,117.0,1.0,117.0,0.0,0.31370576835165004
nb2,2,E145::chennai,2021-0722-IND,318.0,16.73982376585591,3.9378128040945826,301.26017623414407,11.425944205189577,0.0,81.0,0.0,81.0,0.0,0.3438795825442183
nb2,2,E145::coimbatore,2021-0722-IND,2.0,18.596916530989613,3.9378128040945826,16.596916530989613,2.9584027324709847,0.0,90.0,1.0,90.0,0.0,0.3349409059651489
nb2,2,E145::cuddalore,2021-0722-IND,10.0,23.144974771503616,3.9378128040945826,13.144974771503616,4.256670779720902,0.0,112.0,1.0,112.0,0.0,0.3170527014796661
nb2,2,E145::dharmapuri,2021-0722-IND,1.0,21.195989443929573,3.9378128040945826,20.195989443929573,2.509137035857852,0.0,103.0,1.0,103.0,0.0,0.324132840251905
nb2,2,E145::dindigul,2021-0722-IND,3.0,20.324263236903327,3.9378128040945826,17.324263236903327,3.2767225310551384,0.0,98.0,1.0,98.0,0.0,0.32756596808129607
nb2,2,E145::erode,2021-0722-IND,0.0,20.06757169862562,3.9378128040945826,20.06757169862562,1.1128781568553825,0.0,97.0,1.0,97.0,1.0,0.3286118023815996
nb2,2,E145::kanyakumari,2021-0722-IND,12.0,20.472617229588803,3.9378128040945826,8.472617229588803,4.399106326065193,0.0,99.0,1.0,99.0,0.0,0.3269689623918738
nb2,2,E145::karur,2021-0722-IND,0.0,20.95204600483975,3.9378128040945826,20.95204600483975,1.1236972260993707,0.0,101.0,1.0,101.0,1.0,0.3250756917425813
nb2,2,E145::krishnagiri,2021-0722-IND,2.0,19.499526415148875,3.9378128040945826,17.499526415148875,2.9690324994870885,0.0,94.0,1.0,94.0,0.0,0.33098624125489584
nb2,2,E145::madurai,2021-0722-IND,10.0,20.836162200471534,3.9378128040945826,10.836162200471534,4.242307930823464,0.0,101.0,1.0,101.0,0.0,0.32552836526452533
nb2,2,E145::nagapattinam,2021-0722-IND,10.0,24.713939790304565,3.9378128040945826,14.713939790304565,4.266259750831163,0.0,120.0,1.0,120.0,0.0,0.3118700663805928
nb2,2,E145::namakkal,2021-0722-IND,0.0,20.60093651637095,3.9378128040945826,20.60093651637095,1.1194573883056613,0.0,100.0,1.0,100.0,1.0,0.32645688589678146
nb2,2,E145::nilgiris,2021-0722-IND,1.0,19.25333844571753,3.9378128040945826,18.25333844571753,2.486222659103207,0.0,93.0,1.0,93.0,0.0,0.332042062604047
nb2,2,E145::perambalur,2021-0722-IND,1.0,22.459601102759233,3.9378128040945826,21.459601102759233,2.52300668880908,0.0,109.0,1.0,109.0,0.0,0.3194553362428472
nb2,2,E145::pudukkottai,2021-0722-IND,0.0,23.634442248394834,3.9378128040945826,23.634442248394834,1.153944651500463,0.0,114.0,1.0,114.0,1.0,0.31539020791330147
nb2,2,E145::ramanathapuram,2021-0722-IND,3.0,22.952275551758174,3.9378128040945826,19.952275551758174,3.3030019977122396,0.0,111.0,1.0,111.0,0.0,0.3177192181775306
nb2,2,E145::salem,2021-0722-IND,1.0,19.91571006309607,3.9378128040945826,18.91571006309607,2.4942692656417016,0.0,96.0,1.0,96.0,0.0,0.32923836068066453
nb2,2,E145::thanjavur,2021-0722-IND,8.0,22.956233718429818,3.9378128040945826,14.956233718429818,4.069435525856645,0.0,111.0,1.0,111.0,0.0,0.31770545776091075
nb2,2,E145::theni,2021-0722-IND,8.0,20.64958894406102,3.9378128040945826,12.64958894406102,4.052625583389283,0.0,100.0,1.0,100.0,0.0,0.32626376338106655
nb2,2,E145::thoothukudi,2021-0722-IND,3.0,23.35318004444169,3.9378128040945826,20.35318004444169,3.3067880376606595,0.0,113.0,1.0,113.0,0.0,0.31634024429672875
nb2,2,E145::tiruchirappalli,2021-0722-IND,0.0,22.411173097445573,3.9378128040945826,22.411173097445573,1.1405957818665406,0.0,108.0,1.0,108.0,1.0,0.3196285361921058
nb2,2,E145::tirunelveli,2021-0722-IND,4.0,22.392727993696692,3.9378128040945826,18.392727993696692,3.515326140440995,0.0,108.0,1.0,108.0,0.0,0.31969462610942617
nb2,2,E145::tiruvallur,2021-0722-IND,31.0,22.205318553175953,3.9378128040945826,8.794681446824047,5.327255530575727,0.0,107.0,1.0,107.0,0.0,0.320369975918015
nb2,2,E145::tiruvannamalai,2021-0722-IND,2.0,23.679172356984466,3.9378128040945826,21.679172356984466,3.0132301686430774,0.0,115.0,1.0,115.0,0.0,0.3152404131032204
nb2,2,E145::tiruvarur,2021-0722-IND,8.0,24.11803356391622,3.9378128040945826,16.11803356391622,4.077621593665019,0.0,117.0,1.0,117.0,0.0,0.3137890993099063
nb2,2,E145::vellore,2021-0722-IND,9.0,20.88280793382658,3.9378128040945826,11.88280793382658,4.152977916273748,0.0,101.0,1.0,101.0,0.0,0.3253457802244214
nb2,2,E145::virudhunagar,2021-0722-IND,0.0,21.376171320968517,3.9378128040945826,21.376171320968517,1.1287261290780977,0.0,103.0,1.0,103.0,1.0,0.32344502130639047
nb2,2,E146::anantapur,2021-0748-IND,60.0,22.390809837856004,3.9378128040945826,37.609190162143996,6.144674252626673,0.0,108.0,1.0,108.0,0.0,0.3197015028517821
nb2,2,E146::chittoor,2021-0748-IND,98.0,22.523717697684972,3.9378128040945826,75.47628230231503,6.933647650947837,0.0,109.0,1.0,109.0,0.0,0.3192267380233817
nb2,2,E146::nellore,2021-0748-IND,93.0,25.960670815529728,3.9378128040945826,67.03932918447028,6.736889817328185,0.0,126.0,1.0,126.0,0.0,0.3080347470304836
nb2,2,E146::ysr%20kadapa,2021-0748-IND,137.0,22.8584119212319,3.9378128040945826,114.1415880787681,7.6019004010527516,0.0,111.0,0.0,111.0,0.0,0.3180463965609996
nb2,2,E160::baksa,2023-0330-IND,142.0,22.89627284349072,3.9378128040945826,119.10372715650928,7.681696527544745,0.0,111.0,0.0,111.0,0.0,0.3179142254378989
nb2,2,E160::barpeta,2023-0330-IND,145.0,23.971209063335305,3.9378128040945826,121.02879093666469,7.67055276819827,0.0,116.0,0.0,116.0,0.0,0.3142709751889573
nb2,2,E160::lakhimpur,2023-0330-IND,163.0,23.593584346223544,3.9378128040945826,139.40641565377646,7.970824107370182,0.0,114.0,0.0,114.0,0.0,0.3155273429361974
nb2,2,E160::nalbari,2023-0330-IND,205.0,24.237227244467153,3.9378128040945826,180.76277275553284,8.540176550673909,0.0,117.0,0.0,117.0,0.0,0.31340057665493026
nb2,2,E161::mangan,2023-0330-IND,0.0,25.98097137429788,3.9378128040945826,25.98097137429788,1.1777392682166035,0.0,126.0,1.0,126.0,1.0,0.3079741992406317
nb2,2,E174::ambala,2023-0359-IND,9.0,24.252639816191195,3.9378128040945826,15.252639816191195,4.1755070684999644,0.0,117.0,1.0,117.0,0.0,0.3133505111155968
nb2,2,E174::faridabad,2023-0359-IND,0.0,23.32179496249246,3.9378128040945826,23.32179496249246,1.1505990799883379,0.0,113.0,1.0,113.0,1.0,0.31644713543556824
nb2,2,E174::fatehabad,2023-0359-IND,0.0,25.50367082116526,3.9378128040945826,25.50367082116526,1.1730765620691515,0.0,123.0,1.0,123.0,1.0,0.3094135454491812
nb2,2,E174::kaithal,2023-0359-IND,2.0,25.292384763218887,3.9378128040945826,23.292384763218887,3.028441307426498,0.0,122.0,1.0,122.0,0.0,0.31006142013667454
nb2,2,E174::karnal,2023-0359-IND,3.0,24.930873252664508,3.9378128040945826,21.930873252664508,3.32117370311644,0.0,121.0,1.0,121.0,0.0,0.3111856718709206
nb2,2,E174::kurukshetra,2023-0359-IND,5.0,25.171984965562107,3.9378128040945826,20.171984965562107,3.7113952431246466,0.0,122.0,1.0,122.0,0.0,0.31043361966646127
nb2,2,E174::palwal,2023-0359-IND,0.0,23.677117371567892,3.9378128040945826,23.677117371567892,1.1543979092083594,0.0,115.0,1.0,115.0,1.0,0.31524728726295975
nb2,2,E174::panchkula,2023-0359-IND,6.0,20.574765187940955,3.9378128040945826,14.574765187940955,3.816941243547799,0.0,100.0,1.0,100.0,0.0,0.3265610050522118
nb2,2,E174::panipat,2023-0359-IND,3.0,23.939096653983658,3.9378128040945826,20.939096653983658,3.312223984568468,0.0,116.0,1.0,116.0,0.0,0.314376855851142
nb2,2,E174::sirsa,2023-0359-IND,0.0,23.811419776318854,3.9378128040945826,23.811419776318854,1.1558190950947174,0.0,115.0,1.0,115.0,1.0,0.31479958048022466
nb2,2,E174::sonipat,2023-0359-IND,1.0,23.999316862814236,3.9378128040945826,22.999316862814236,2.5389454877916093,0.0,116.0,1.0,116.0,0.0,0.31417844282058266
nb2,2,E174::yamunanagar,2023-0359-IND,5.0,21.86902162090779,3.9378128040945826,16.86902162090779,3.6835943175963624,0.0,106.0,1.0,106.0,0.0,0.3215997582490407
nb2,2,E175::hamirpur,2023-0359-IND,7.0,19.11917192572152,3.9378128040945826,12.11917192572152,3.9300026381360706,0.0,93.0,1.0,93.0,0.0,0.33262451944150745
nb2,2,E175::mandi,2023-0359-IND,138.0,19.514999865300616,3.9378128040945826,118.48500013469939,7.838221932614069,0.0,95.0,0.0,95.0,0.0,0.3309204322508767
nb2,2,E175::solan,2023-0359-IND,22.0,19.31411708749959,3.9378128040945826,2.6858829125004107,4.9725260941055796,0.0,94.0,1.0,94.0,0.0,0.3317798552043195
nb2,2,E176::faridkot,2023-0359-IND,0.0,25.60505724708256,3.9378128040945826,25.60505724708256,1.1740741833460637,0.0,124.0,1.0,124.0,1.0,0.30910502183332605
nb2,2,E176::fatehgarh%20sahib,2023-0359-IND,13.0,25.59565443353361,3.9378128040945826,12.59565443353361,4.4947078399724925,0.0,124.0,1.0,124.0,0.0,0.30913357117043955
nb2,2,E176::firozpur,2023-0359-IND,0.0,25.19450437747523,3.9378128040945826,25.19450437747523,1.170010004660771,0.0,122.0,1.0,122.0,1.0,0.3103638361650559
nb2,2,E176::hoshiarpur,2023-0359-IND,5.0,24.11896360500149,3.9378128040945826,19.11896360500149,3.702833751278427,0.0,117.0,1.0,117.0,0.0,0.3137860585390992
nb2,2,E176::jalandhar,2023-0359-IND,6.0,24.21962176720014,3.9378128040945826,18.21962176720014,3.846874148457625,0.0,117.0,1.0,117.0,0.0,0.31345781389684063
nb2,2,E176::ludhiana,2023-0359-IND,18.0,23.981231372653838,3.9378128040945826,5.981231372653838,4.780331200488721,0.0,116.0,1.0,116.0,0.0,0.31423796577795654
nb2,2,E176::moga,2023-0359-IND,0.0,25.93698062060675,3.9378128040945826,25.93698062060675,1.177313090274171,0.0,125.0,1.0,125.0,1.0,0.30810547902347324
nb2,2,E176::patiala,2023-0359-IND,13.0,24.963212554017943,3.9378128040945826,11.963212554017943,4.491652618593369,0.0,121.0,1.0,121.0,0.0,0.3110842791360666
nb2,2,E176::rupnagar,2023-0359-IND,8.0,24.944672896957382,3.9378128040945826,16.944672896957382,4.08332920479551,0.0,121.0,1.0,121.0,0.0,0.311142386177312
nb2,2,E176::sangrur,2023-0359-IND,1.0,25.813698016184933,3.9378128040945826,24.813698016184933,2.556530009649452,0.0,125.0,1.0,125.0,0.0,0.30847486431749993
nb2,2,E176::sas%20nagar,2023-0359-IND,3.0,22.366192196793147,3.9378128040945826,19.366192196793147,3.297366184194867,0.0,108.0,1.0,108.0,0.0,0.31978982396191585
nb2,2,E176::tarn%20taran,2023-0359-IND,2.0,25.570288097624598,3.9378128040945826,23.570288097624598,3.0309728526459243,0.0,124.0,1.0,124.0,0.0,0.3092106548237896
nb2,2,E179::kanyakumari,2023-0846-IND,185.0,17.341146062377828,3.9378128040945826,167.65885393762218,8.932468835442155,0.0,84.0,0.0,84.0,0.0,0.3408562916575012
nb2,2,E179::thoothukudi,2023-0846-IND,307.0,18.528329223870195,3.9378128040945826,288.4716707761298,10.816322356689684,0.0,90.0,0.0,90.0,0.0,0.33525108889429495
nb2,2,E179::tirunelveli,2023-0846-IND,296.0,20.166441189549776,3.9378128040945826,275.8335588104502,10.335337423371683,0.0,98.0,0.0,98.0,0.0,0.3282070287163037
nb2,2,E186::ahmedabad,2024-0647-IND,62.0,22.09520573364167,3.9378128040945826,39.90479426635833,6.19760622207513,0.0,107.0,1.0,107.0,0.0,0.3207700836211447
nb2,2,E186::amreli,2024-0647-IND,1.0,19.343793934440665,3.9378128040945826,18.343793934440665,2.487336620014797,0.0,94.0,1.0,94.0,0.0,0.3316521959993913
nb2,2,E186::anand,2024-0647-IND,34.0,21.97077067347009,3.9378128040945826,12.029229326529912,5.431452072330772,0.0,106.0,1.0,106.0,0.0,0.32122521862082587
nb2,2,E186::dahod,2024-0647-IND,4.0,19.318388399129095,3.9378128040945826,15.318388399129095,3.4854078690060777,0.0,94.0,1.0,94.0,0.0,0.3317614665948872
nb2,2,E186::jamnagar,2024-0647-IND,81.0,21.02329909682975,3.9378128040945826,59.976700903170254,6.648238136687541,0.0,102.0,1.0,102.0,0.0,0.32479889502246234
nb2,2,E186::junagadh,2024-0647-IND,15.0,19.207032312408778,3.9378128040945826,4.207032312408778,4.597074621194932,0.0,93.0,1.0,93.0,0.0,0.3322425221421119
nb2,2,E186::kheda,2024-0647-IND,39.0,21.111348208305092,3.9378128040945826,17.888651791694908,5.599035158737154,0.0,102.0,1.0,102.0,0.0,0.3244584521387875
nb2,2,E186::kutch,2024-0647-IND,65.0,25.39424560779167,3.9378128040945826,39.605754392208325,6.206014941923262,0.0,123.0,1.0,123.0,0.0,0.3097482447982443
nb2,2,E186::rajkot,2024-0647-IND,56.0,20.73156292180842,3.9378128040945826,35.26843707819158,6.079119437077616,0.0,100.0,1.0,100.0,0.0,0.3259396447211594
nb2,2,E186::surendranagar,2024-0647-IND,6.0,23.303901022729267,3.9378128040945826,17.303901022729267,3.8396358504728854,0.0,113.0,1.0,113.0,0.0,0.3165081584167825
nb2,2,E186::vadodara,2024-0647-IND,306.0,19.66142761316023,3.9378128040945826,286.33857238683976,10.57662394886449,0.0,95.0,0.0,95.0,0.0,0.3303008513791385
nb2,2,E187::kolhapur,2024-0647-IND,1.0,17.160512582653023,3.9378128040945826,16.160512582653023,2.4589891972605806,0.0,83.0,1.0,83.0,0.0,0.34175068987383167
nb2,2,E187::nashik,2024-0647-IND,1.0,18.04542054193145,3.9378128040945826,17.04542054193145,2.470860937796324,0.0,87.0,1.0,87.0,0.0,0.33747600085131757
nb2,2,E187::pune,2024-0647-IND,6.0,16.93916534490488,3.9378128040945826,10.939165344904879,3.7839081687672476,0.0,82.0,1.0,82.0,0.0,0.3428626745324162
nb2,2,E187::raigad,2024-0647-IND,0.0,17.560844196384572,3.9378128040945826,17.560844196384572,1.0794455688248188,0.0,85.0,1.0,85.0,1.0,0.33978386019575746
nb2,2,E187::ratnagiri,2024-0647-IND,0.0,17.394674046444464,3.9378128040945826,17.394674046444464,1.0770657134140966,0.0,84.0,1.0,84.0,1.0,0.34059345963661397
nb2,2,E187::satara,2024-0647-IND,0.0,17.990845122711946,3.9378128040945826,17.990845122711946,1.0855023819842629,0.0,87.0,1.0,87.0,1.0,0.33773207275900974
nb2,2,E187::sindhudurg,2024-0647-IND,0.0,18.062846489796776,3.9378128040945826,18.062846489796776,1.086502591967569,0.0,88.0,1.0,88.0,1.0,0.33739443864880536
nb2,2,E188::dhalai,2024-0647-IND,11.0,20.56994942135718,3.9378128040945826,9.56994942135718,4.323142714483622,0.0,100.0,1.0,100.0,0.0,0.32658018181106185
nb2,2,E188::north%20tripura,2024-0647-IND,4.0,19.33228653705548,3.9378128040945826,15.33228653705548,3.485550820164443,0.0,94.0,1.0,94.0,0.0,0.3317016679244647
nb2,2,E188::south%20tripura,2024-0647-IND,25.0,20.533846301421974,3.9378128040945826,4.466153698578026,5.10263998835256,0.0,99.0,1.0,99.0,0.0,0.3267241246010381
nb2,2,E188::west%20tripura,2024-0647-IND,21.0,19.0802811792295,3.9378128040945826,1.9197188207704983,4.925250466403209,0.0,92.0,1.0,92.0,0.0,0.3327943019706867
poisson,2,E023::baksa,2015-0374-IND,15.0,24.005180057200615,,9.005180057200615,4.230406799409597,16.0,32.0,0.0,16.0,0.0,3.755629693136459e-11
poisson,2,E023::barpeta,2015-0374-IND,40.0,33.4418228036566,,6.558177196343401,3.370170662028876,24.0,43.0,1.0,19.0,0.0,2.9950280323927737e-15
poisson,2,E023::bongaigaon,2015-0374-IND,71.0,31.764447304173462,,39.23555269582654,20.92348723881084,23.0,41.0,0.0,18.0,0.0,1.6027870141082236e-14
poisson,2,E023::cachar,2015-0374-IND,2.0,20.160560405665297,,18.160560405665297,14.846251104791488,13.0,28.0,0.0,15.0,0.0,1.7554152371228572e-09
poisson,2,E023::goalpara,2015-0374-IND,44.0,33.25316210588903,,10.746837894110968,4.387839260847727,24.0,43.0,0.0,19.0,0.0,3.616889090199445e-15
poisson,2,E023::kamrup,2015-0374-IND,22.0,30.22448067276996,,8.22448067276996,3.705313309765547,21.0,40.0,1.0,19.0,0.0,7.476095241507606e-14
poisson,2,E023::kokrajhar,2015-0374-IND,81.0,26.46701717088214,,54.532982829117856,39.1867454701497,18.0,35.0,0.0,17.0,0.0,3.2027311976451496e-12
poisson,2,E023::lakhimpur,2015-0374-IND,41.0,24.365308226527212,,16.634691773472788,7.4799466175441225,17.0,33.0,0.0,16.0,0.0,2.6198781168569342e-11
poisson,2,E023::nagaon,2015-0374-IND,9.0,24.124431439869685,,15.124431439869685,8.277233202758707,16.0,32.0,0.0,16.0,0.0,3.333439264146103e-11
poisson,2,E023::sonitpur,2015-0374-IND,38.0,28.65336656422121,,9.346633435778791,4.121269349980217,20.0,38.0,1.0,18.0,0.0,3.5975017445073163e-13
poisson,2,E035::gopalganj,2016-0271-IND,5.0,27.411586229516914,,22.411586229516914,15.644249076759642,19.0,36.0,0.0,17.0,0.0,1.2453727546267053e-12
poisson,2,E035::muzaffarpur,2016-0271-IND,14.0,23.207507435278558,,9.207507435278558,4.376067100574634,16.0,31.0,0.0,15.0,0.0,8.338877272096717e-11
poisson,2,E036::bahraich,2016-0271-IND,10.0,29.85076233617639,,19.85076233617639,10.993071125123098,21.0,39.0,0.0,18.0,0.0,1.0863721830014634e-13
poisson,2,E036::ballia,2016-0271-IND,5.0,29.354395222695196,,24.354395222695196,17.24467552991059,21.0,39.0,0.0,18.0,0.0,1.7846297776262518e-13
poisson,2,E036::barabanki,2016-0271-IND,11.0,28.65571849302755,,17.65571849302755,9.24914310125613,20.0,38.0,0.0,18.0,0.0,3.589050618642396e-13
poisson,2,E036::basti,2016-0271-IND,3.0,30.536782419075706,,27.536782419075706,22.071746074436465,22.0,40.0,0.0,18.0,0.0,5.470712603659679e-14
poisson,2,E036::ghazipur,2016-0271-IND,0.0,30.56380109825187,,30.56380109825187,30.56380109825187,22.0,40.0,0.0,18.0,1.0,5.324880146617758e-14
poisson,2,E036::jalaun,2016-0271-IND,0.0,24.89560191828573,,24.89560191828573,24.89560191828573,17.0,33.0,0.0,16.0,1.0,1.541620451819469e-11
poisson,2,E036::kushinagar,2016-0271-IND,3.0,25.067569948583085,,22.067569948583085,17.194604487347334,17.0,34.0,0.0,17.0,0.0,1.2980538110936268e-11
poisson,2,E036::lakhimpur%20kheri,2016-0271-IND,1.0,26.681663481396022,,25.681663481396022,23.39768691291458,18.0,35.0,0.0,17.0,0.0,2.584049222082654e-12
poisson,2,E036::mirzapur,2016-0271-IND,0.0,29.294470163216538,,29.294470163216538,29.294470163216538,21.0,38.0,0.0,17.0,1.0,1.8948431140849121e-13
poisson,2,E036::pilibhit,2016-0271-IND,2.0,31.11482608740772,,29.11482608740772,24.932604410654427,22.0,41.0,0.0,19.0,0.0,3.069041244173216e-14
poisson,2,E036::siddharthnagar,2016-0271-IND,4.0,34.501645880045636,,30.501645880045636,23.515671592124075,25.0,44.0,0.0,19.0,0.0,1.0378284640412175e-15
poisson,2,E036::varanasi,2016-0271-IND,4.0,27.832536120277958,,23.832536120277958,17.705767149052797,19.0,37.0,0.0,18.0,0.0,8.174913115427997e-13
poisson,2,E061::biswanath,2018-0205-IND,13.0,29.496480544971703,,16.496480544971703,8.053122013407783,21.0,39.0,0.0,18.0,0.0,1.5482506241227035e-13
poisson,2,E061::cachar,2018-0205-IND,70.0,28.703378205252875,,41.296621794747125,24.15138413732143,20.0,38.0,0.0,18.0,0.0,3.422009678113118e-13
poisson,2,E061::golaghat,2018-0205-IND,2.0,28.09410421175667,,26.09410421175667,22.116131912721976,20.0,37.0,0.0,17.0,0.0,6.293403347790432e-13
poisson,2,E061::hailakandi,2018-0205-IND,68.0,26.84460372459722,,41.15539627540278,25.07663763710343,19.0,36.0,0.0,17.0,0.0,2.195516642637399e-12
poisson,2,E061::hojai,2018-0205-IND,31.0,29.137904495866703,,1.862095504133297,2.6968915652781185,21.0,38.0,1.0,17.0,0.0,2.215995444287294e-13
poisson,2,E061::karimganj,2018-0205-IND,72.0,27.243644508135365,,44.75635549186464,28.274975000922783,19.0,36.0,0.0,17.0,0.0,1.4731111719656316e-12
poisson,2,E061::nagaon,2018-0205-IND,1.0,29.138966909547896,,28.138966909547896,25.76689056206723,21.0,38.0,0.0,17.0,0.0,2.2136423905893705e-13
poisson,2,E061::west%20karbi%20anglong,2018-0205-IND,4.0,24.3072067837984,,20.3072067837984,14.722169086779754,17.0,33.0,0.0,16.0,0.0,2.7766057795476117e-11
poisson,2,E060::dakshina%20kannada,2018-0216-IND,63.0,19.896166655111777,,43.10383334488822,32.50227683935184,13.0,27.0,0.0,14.0,0.0,2.2866758791277422e-09
poisson,2,E060::udupi,2018-0216-IND,47.0,21.83714961190033,,25.16285038809967,13.710078635297023,14.0,30.0,0.0,16.0,0.0,3.282815105073099e-10
poisson,2,E069::barpeta,2018-0295-IND,3.0,25.93230747418439,,22.93230747418439,17.957598190863187,18.0,35.0,0.0,17.0,0.0,5.466910461284931e-12
poisson,2,E069::biswanath,2018-0295-IND,6.0,25.511081120036607,,19.511081120036607,12.655654863045628,18.0,34.0,0.0,16.0,0.0,8.330637600211427e-12
poisson,2,E069::cachar,2018-0295-IND,2.0,27.792186822426203,,25.792186822426203,21.83582413970265,19.0,37.0,0.0,18.0,0.0,8.511510181665841e-13
poisson,2,E069::chirang,2018-0295-IND,0.0,24.079421482555887,,24.079421482555887,24.079421482555887,16.0,32.0,0.0,16.0,1.0,3.4869050596454406e-11
poisson,2,E069::darrang,2018-0295-IND,1.0,24.225527433603958,,23.225527433603958,21.038120503779147,16.0,33.0,0.0,17.0,0.0,3.0129166289799904e-11
poisson,2,E069::dhemaji,2018-0295-IND,2.0,25.71802822063333,,23.71802822063333,19.916790934876836,18.0,34.0,0.0,16.0,0.0,6.77333036155463e-12
poisson,2,E069::golaghat,2018-0295-IND,14.0,26.926131063133848,,12.926131063133848,6.013991024808824,19.0,36.0,0.0,17.0,0.0,2.0236241808674585e-12
poisson,2,E069::hailakandi,2018-0295-IND,1.0,27.36109153836479,,26.36109153836479,24.05196955099817,19.0,36.0,0.0,17.0,0.0,1.3098722030934275e-12
poisson,2,E069::hojai,2018-0295-IND,3.0,28.850039592335857,,25.850039592335857,20.555464965650422,20.0,38.0,0.0,18.0,0.0,2.955200845553464e-13
poisson,2,E069::jorhat,2018-0295-IND,2.0,24.558318179579285,,22.558318179579285,18.84936411433112,17.0,33.0,0.0,16.0,0.0,2.1600207828837344e-11
poisson,2,E069::karimganj,2018-0295-IND,2.0,26.403256352983735,,24.403256352983735,20.549428835044438,18.0,35.0,0.0,17.0,0.0,3.413590817609816e-12
poisson,2,E069::kokrajhar,2018-0295-IND,0.0,24.302342921342692,,24.302342921342692,24.302342921342692,17.0,33.0,0.0,16.0,1.0,2.7901437047670953e-11
poisson,2,E069::lakhimpur,2018-0295-IND,4.0,24.88928358230852,,20.88928358230852,15.20958808221313,17.0,33.0,0.0,16.0,0.0,1.551391764494623e-11
poisson,2,E069::majuli,2018-0295-IND,0.0,27.245050424688024,,27.245050424688024,27.245050424688024,19.0,36.0,0.0,17.0,1.0,1.4710415557797844e-12
poisson,2,E069::nagaon,2018-0295-IND,1.0,28.63340052870788,,27.63340052870788,25.278826641635057,20.0,38.0,0.0,18.0,0.0,3.6700514469646137e-13
poisson,2,E069::nalbari,2018-0295-IND,0.0,26.345738316732803,,26.345738316732803,26.345738316732803,18.0,35.0,0.0,17.0,1.0,3.6156903269644943e-12
poisson,2,E069::sivasagar,2018-0295-IND,4.0,28.642382062979877,,24.642382062979877,18.400885848432317,20.0,38.0,0.0,18.0,0.0,3.637236339712602e-13
poisson,2,E069::sonitpur,2018-0295-IND,1.0,25.852077421593272,,24.852077421593272,22.599686459396192,18.0,34.0,0.0,16.0,0.0,5.923595984713182e-12
poisson,2,E069::udalguri,2018-0295-IND,1.0,23.487213587791945,,22.487213587791945,20.330757417366545,16.0,32.0,0.0,16.0,0.0,6.304240077199668e-11
poisson,2,E070::chamba,2018-0295-IND,3.0,21.721783672897573,,18.721783672897573,14.278596303383825,14.0,30.0,0.0,16.0,0.0,3.684251031338322e-10
poisson,2,E070::hamirpur,2018-0295-IND,4.0,21.022664725120723,,17.022664725120723,12.01831404205972,14.0,29.0,0.0,15.0,0.0,7.412636691436108e-10
poisson,2,E070::kangra,2018-0295-IND,3.0,23.796419172099935,,20.796419172099935,16.0795732981155,16.0,32.0,0.0,16.0,0.0,4.6275003950453076e-11
poisson,2,E070::kullu,2018-0295-IND,6.0,24.10683186880436,,18.10683186880436,11.591111398671787,16.0,32.0,0.0,16.0,0.0,3.39262566528794e-11
poisson,2,E070::mandi,2018-0295-IND,11.0,21.346396628843074,,10.346396628843074,5.1789920328158985,14.0,29.0,0.0,15.0,0.0,5.362628791868496e-10
poisson,2,E070::shimla,2018-0295-IND,5.0,20.38176318791419,,15.381763187914189,10.096052232438023,13.0,28.0,0.0,15.0,0.0,1.4070603206492498e-09
poisson,2,E071::alappuzha,2018-0295-IND,553.0,22.334716673852803,,530.6652833261472,1248.1077847508775,15.0,30.0,0.0,15.0,0.0,1.9959782002030162e-10
poisson,2,E071::ernakulam,2018-0295-IND,882.0,20.25303792633369,,861.7469620736663,2471.13172380951,13.0,28.0,0.0,15.0,0.0,1.6003588904318913e-09
poisson,2,E071::idukki,2018-0295-IND,1112.0,19.81522080313479,,1092.1847791968653,3390.7823887722147,13.0,27.0,0.0,14.0,0.0,2.4794705111460607e-09
poisson,2,E071::kannur,2018-0295-IND,218.0,18.490758271479372,,199.50924172852064,341.95716043348096,12.0,26.0,0.0,14.0,0.0,9.32321536520907e-09
poisson,2,E071::kasaragod,2018-0295-IND,22.0,19.691533678523957,,2.3084663214760432,2.5985618514811257,13.0,27.0,1.0,14.0,0.0,2.8059219290246712e-09
poisson,2,E071::kollam,2018-0295-IND,46.0,18.201239036231144,,27.798760963768856,17.685289220600325,11.0,25.0,0.0,14.0,0.0,1.24538124972879e-08
poisson,2,E071::kottayam,2018-0295-IND,141.0,22.475490231855762,,118.52450976814424,143.79256393534456,15.0,31.0,0.0,16.0,0.0,1.733878311675592e-10
poisson,2,E071::kozhikode,2018-0295-IND,481.0,18.496882256310876,,462.50311774368913,1108.7294306302335,12.0,26.0,0.0,14.0,0.0,9.266294604561486e-09
poisson,2,E071::malappuram,2018-0295-IND,387.0,19.520895228771238,,367.4791047712288,792.364751564204,13.0,27.0,0.0,14.0,0.0,3.3279969556009433e-09
poisson,2,E071::palakkad,2018-0295-IND,317.0,21.389088572921573,,295.6109114270784,562.8263540179623,14.0,29.0,0.0,15.0,0.0,5.138505903810481e-10
poisson,2,E071::pathanamthitta,2018-0295-IND,479.0,19.521888432948003,,459.478111567052,1077.4055402155573,13.0,27.0,0.0,14.0,0.0,3.3246932160399252e-09
poisson,2,E071::thiruvananthapuram,2018-0295-IND,164.0,16.98422147986323,,147.01577852013676,228.3369940896794,11.0,24.0,0.0,13.0,0.0,4.2057778735827415e-08
poisson,2,E071::thrissur,2018-0295-IND,539.0,21.60085729776973,,517.3991427022303,1220.6184119956774,14.0,30.0,0.0,16.0,0.0,4.157831366311428e-10
poisson,2,E071::wayanad,2018-0295-IND,618.0,23.147609621686165,,594.8523903783139,1439.1608351209356,16.0,31.0,0.0,15.0,0.0,8.853619878832432e-11
poisson,2,E073::dimapur,2018-0295-IND,0.0,21.985329402598083,,21.985329402598083,21.985329402598083,15.0,30.0,0.0,15.0,1.0,2.830692913209405e-10
poisson,2,E073::kiphire,2018-0295-IND,1.0,21.950133081341733,,20.950133081341733,18.861359878907646,15.0,30.0,0.0,15.0,0.0,2.9320969469346496e-10
poisson,2,E073::kohima,2018-0295-IND,1.0,20.969025075166297,,19.969025075166297,17.925978722741604,14.0,29.0,0.0,15.0,0.0,7.82110504576624e-10
poisson,2,E073::mokokchung,2018-0295-IND,0.0,20.99717710441499,,20.99717710441499,20.99717710441499,14.0,29.0,0.0,15.0,1.0,7.603995444439513e-10
poisson,2,E073::peren,2018-0295-IND,0.0,22.55104179155497,,22.55104179155497,22.55104179155497,15.0,31.0,0.0,16.0,1.0,1.6077073185865253e-10
poisson,2,E073::wokha,2018-0295-IND,0.0,21.857599224300138,,21.857599224300138,21.857599224300138,14.0,30.0,0.0,16.0,1.0,3.2163645681669926e-10
poisson,2,E073::zunheboto,2018-0295-IND,1.0,20.916497062569952,,19.916497062569952,17.875958881821436,14.0,29.0,0.0,15.0,0.0,8.242913548194241e-10
poisson,2,E075::ayodhya,2018-0295-IND,0.0,24.204076759834315,,24.204076759834315,24.204076759834315,16.0,33.0,0.0,17.0,1.0,3.07824387247041e-11
poisson,2,E075::bahraich,2018-0295-IND,0.0,26.747511407605725,,26.747511407605725,26.747511407605725,19.0,36.0,0.0,17.0,1.0,2.4193761273638062e-12
poisson,2,E075::barabanki,2018-0295-IND,3.0,26.119962896171742,,23.119962896171742,18.12362271372043,18.0,35.0,0.0,17.0,0.0,4.5315236057511535e-12
poisson,2,E075::basti,2018-0295-IND,0.0,25.49029544189839,,25.49029544189839,25.49029544189839,17.0,34.0,0.0,17.0,1.0,8.505607688499607e-12
poisson,2,E075::farrukhabad,2018-0295-IND,0.0,26.0214738703985,,26.0214738703985,26.0214738703985,18.0,35.0,0.0,17.0,1.0,5.0005466953651506e-12
poisson,2,E075::gonda,2018-0295-IND,1.0,25.37701169345278,,24.37701169345278,22.143167980673493,17.0,34.0,0.0,17.0,0.0,9.525852539586318e-12
poisson,2,E075::mau,2018-0295-IND,0.0,26.491120271587366,,26.491120271587366,26.491120271587366,18.0,35.0,0.0,17.0,1.0,3.1264583437793763e-12
poisson,2,E075::pilibhit,2018-0295-IND,1.0,25.995950385038842,,24.995950385038842,22.738009613569922,18.0,35.0,0.0,17.0,0.0,5.129820820986279e-12
poisson,2,E076::bankura,2018-0295-IND,6.0,27.249178006234718,,21.249178006234718,13.998289083772027,19.0,36.0,0.0,17.0,0.0,1.4649822255921577e-12
poisson,2,E076::birbhum,2018-0295-IND,0.0,28.43775625317508,,28.43775625317508,28.43775625317508,20.0,37.0,0.0,17.0,1.0,4.4631284028050676e-13
poisson,2,E076::cooch%20behar,2018-0295-IND,0.0,23.856981074596245,,23.856981074596245,23.856981074596245,16.0,32.0,0.0,16.0,1.0,4.3555676591301454e-11
poisson,2,E076::dakshin%20dinajpur,2018-0295-IND,0.0,24.526967335723853,,24.526967335723853,24.526967335723853,17.0,33.0,0.0,16.0,1.0,2.2288119534592103e-11
poisson,2,E076::howrah,2018-0295-IND,0.0,22.63155894721051,,22.63155894721051,22.63155894721051,15.0,31.0,0.0,16.0,1.0,1.4833335932428843e-10
poisson,2,E076::jalpaiguri,2018-0295-IND,0.0,23.60830291699694,,23.60830291699694,23.60830291699694,16.0,32.0,0.0,16.0,1.0,5.5852718476464045e-11
poisson,2,E076::kolkata,2018-0295-IND,1.0,15.66715895796465,,14.66715895796465,12.915592222567582,9.0,22.0,0.0,13.0,0.0,1.5697819007547394e-07
poisson,2,E076::murshidabad,2018-0295-IND,0.0,25.87031989385779,,25.87031989385779,25.87031989385779,18.0,35.0,0.0,17.0,1.0,5.8165146331462735e-12
poisson,2,E076::nadia,2018-0295-IND,0.0,24.20003348405224,,24.20003348405224,24.20003348405224,16.0,33.0,0.0,17.0,1.0,3.090715257004555e-11
poisson,2,E076::purulia,2018-0295-IND,0.0,24.794076411427056,,24.794076411427056,24.794076411427056,17.0,33.0,0.0,16.0,1.0,1.7063551620835777e-11
poisson,2,E076::uttar%20dinajpur,2018-0295-IND,0.0,24.10985277422308,,24.10985277422308,24.10985277422308,16.0,32.0,0.0,16.0,1.0,3.382392328785173e-11
poisson,2,E093::alappuzha,2019-0383-IND,42.0,23.49905768209476,,18.50094231790524,8.67860556994103,16.0,32.0,0.0,16.0,0.0,6.230012510104122e-11
poisson,2,E093::ernakulam,2019-0383-IND,41.0,19.062921793020525,,21.937078206979475,12.239581154719861,12.0,27.0,0.0,15.0,0.0,5.2611205896953565e-09
poisson,2,E093::idukki,2019-0383-IND,47.0,19.48252824647944,,27.51747175352056,16.717901284871438,13.0,27.0,0.0,14.0,0.0,3.4581632325384267e-09
poisson,2,E093::kannur,2019-0383-IND,70.0,17.327454197039447,,52.672545802960556,48.10604436212695,11.0,24.0,0.0,13.0,0.0,2.983886206050873e-08
poisson,2,E093::kasaragod,2019-0383-IND,10.0,18.59088125472143,,8.590881254721431,4.468581773973776,12.0,26.0,0.0,14.0,0.0,8.43495669673631e-09
poisson,2,E093::kottayam,2019-0383-IND,19.0,22.3955673049243,,3.395567304924299,2.667053521118845,15.0,30.0,1.0,15.0,0.0,1.87814319212282e-10
poisson,2,E093::kozhikode,2019-0383-IND,182.0,16.853487847190802,,165.1465121528092,271.434616118557,10.0,24.0,0.0,14.0,0.0,4.793174356138664e-08
poisson,2,E093::malappuram,2019-0383-IND,284.0,18.60133785621418,,265.3986621437858,512.4554249017868,12.0,26.0,0.0,14.0,0.0,8.347215254073196e-09
poisson,2,E093::pathanamthitta,2019-0383-IND,11.0,19.597351263300364,,8.597351263300364,4.370320516929926,13.0,27.0,0.0,14.0,0.0,3.083035222680894e-09
poisson,2,E093::thrissur,2019-0383-IND,28.0,20.946844912787167,,7.053155087212833,3.6609230922262093,14.0,29.0,1.0,15.0,0.0,7.996516562403946e-10
poisson,2,E093::wayanad,2019-0383-IND,335.0,19.62786221126869,,315.3721377887313,638.9095600328416,13.0,27.0,0.0,14.0,0.0,2.9903894378019355e-09
poisson,2,E094::kolhapur,2019-0383-IND,408.0,15.172673515060708,,392.8273264849393,954.140082995186,9.0,22.0,0.0,13.0,0.0,2.5738996847415633e-07
poisson,2,E094::sangli,2019-0383-IND,379.0,23.29494659486561,,355.7050534051344,705.3274792572182,16.0,31.0,0.0,15.0,0.0,7.640701574373639e-11
poisson,2,E095::balangir,2019-0383-IND,11.0,24.141868884083053,,13.141868884083053,6.6207527863766344,16.0,32.0,0.0,16.0,0.0,3.275816460233066e-11
poisson,2,E095::kalahandi,2019-0383-IND,42.0,23.416630598760072,,18.583369401239928,8.743759868825556,16.0,32.0,0.0,16.0,0.0,6.765292000963815e-11
poisson,2,E095::kandhamal,2019-0383-IND,24.0,23.673227313071067,,0.32677268692893335,2.513682462328518,16.0,32.0,1.0,16.0,0.0,5.234172231557881e-11
poisson,2,E095::nuapada,2019-0383-IND,2.0,23.201426587609603,,21.201426587609603,17.606146232915506,16.0,31.0,0.0,15.0,0.0,8.389739199609662e-11
poisson,2,E095::subarnapur,2019-0383-IND,13.0,26.022069346333346,,13.022069346333346,6.207948212593589,18.0,35.0,0.0,17.0,0.0,4.997569876546926e-12
poisson,2,E096::birbhum,2019-0383-IND,0.0,30.168318786724978,,30.168318786724978,30.168318786724978,21.0,39.0,0.0,18.0,1.0,7.907981098979655e-14
poisson,2,E096::nadia,2019-0383-IND,0.0,22.453860012318536,,22.453860012318536,22.453860012318536,15.0,31.0,0.0,16.0,1.0,1.7717910322804641e-10
poisson,2,E143::alappuzha,2021-0677-IND,63.0,20.85593659330598,,42.144063406694016,30.49401889856733,14.0,29.0,0.0,15.0,0.0,8.757533808787852e-10
poisson,2,E143::idukki,2021-0677-IND,213.0,16.689760086555864,,196.31023991344415,349.6935549395269,10.0,24.0,0.0,14.0,0.0,5.645849409441456e-08
poisson,2,E143::kollam,2021-0677-IND,31.0,16.09958915352987,,14.90041084647013,8.049206356078962,10.0,23.0,0.0,13.0,0.0,1.0186788039407149e-07
poisson,2,E143::kottayam,2021-0677-IND,249.0,21.095744846188783,,227.90425515381122,390.40074855144593,14.0,29.0,0.0,15.0,0.0,6.890241145442742e-10
poisson,2,E143::pathanamthitta,2021-0677-IND,97.0,17.659012087823964,,79.34098791217603,89.10224359300129,11.0,25.0,0.0,14.0,0.0,2.1418472467952237e-08
poisson,2,E143::thiruvananthapuram,2021-0677-IND,18.0,15.112642595306092,,2.8873574046939083,2.6285180766409226,9.0,22.0,1.0,13.0,0.0,2.733145259274447e-07
poisson,2,E144::nainital,2021-0681-IND,152.0,19.229863116281496,,132.7701368837185,184.90853424010263,12.0,27.0,0.0,15.0,0.0,4.452219432251758e-09
poisson,2,E145::ariyalur,2021-0722-IND,2.0,24.183501570303243,,22.183501570303243,18.505307456123322,16.0,33.0,0.0,17.0,0.0,3.1422353848273415e-11
poisson,2,E145::chennai,2021-0722-IND,318.0,14.37419382121818,,303.62580617878183,684.8985878358124,8.0,21.0,0.0,13.0,0.0,5.719616912101965e-07
poisson,2,E145::coimbatore,2021-0722-IND,2.0,16.84508258865486,,14.845082588654861,11.890112209804405,10.0,24.0,0.0,14.0,0.0,4.8336320161673e-08
poisson,2,E145::cuddalore,2021-0722-IND,10.0,23.74458846245419,,13.744588462454189,7.175454532474902,16.0,32.0,0.0,16.0,0.0,4.87367152919028e-11
poisson,2,E145::dharmapuri,2021-0722-IND,1.0,20.136537315797735,,19.136537315797735,17.13400137398434,13.0,28.0,0.0,15.0,0.0,1.7980963485898482e-09
poisson,2,E145::dindigul,2021-0722-IND,3.0,19.08718590740484,,16.08718590740484,12.031893731628026,12.0,27.0,0.0,15.0,0.0,5.135000442437004e-09
poisson,2,E145::erode,2021-0722-IND,0.0,18.72943621195246,,18.72943621195246,18.72943621195246,12.0,26.0,0.0,14.0,1.0,7.343603226705384e-09
poisson,2,E145::kanyakumari,2021-0722-IND,12.0,19.20141435634201,,7.20141435634201,3.72882156344237,12.0,27.0,1.0,15.0,0.0,4.580698422997931e-09
poisson,2,E145::karur,2021-0722-IND,0.0,19.485928431043998,,19.485928431043998,19.485928431043998,13.0,27.0,0.0,14.0,1.0,3.4464248070093164e-09
poisson,2,E145::krishnagiri,2021-0722-IND,2.0,17.747135745691825,,15.747135745691825,12.687834653330643,11.0,25.0,0.0,14.0,0.0,1.9611773825239525e-08
poisson,2,E145::madurai,2021-0722-IND,10.0,20.14935018041656,,10.149350180416558,5.222042365873699,13.0,28.0,0.0,15.0,0.0,1.7752045514297637e-09
poisson,2,E145::nagapattinam,2021-0722-IND,10.0,25.903253227405887,,15.903253227405887,8.463980119948278,18.0,35.0,0.0,17.0,0.0,5.628077381426445e-12
poisson,2,E145::namakkal,2021-0722-IND,0.0,19.33421629870094,,19.33421629870094,19.33421629870094,12.0,27.0,0.0,15.0,1.0,4.011035904456949e-09
poisson,2,E145::nilgiris,2021-0722-IND,1.0,16.73687964705631,,15.736879647056309,13.919265000381976,10.0,24.0,0.0,14.0,0.0,5.385989780110509e-08
poisson,2,E145::perambalur,2021-0722-IND,1.0,21.25773792934313,,20.25773792934313,18.201016962403358,14.0,29.0,0.0,15.0,0.0,5.859785510394765e-10
poisson,2,E145::pudukkottai,2021-0722-IND,0.0,24.094805479268505,,24.094805479268505,24.094805479268505,16.0,32.0,0.0,16.0,1.0,3.4336730341758065e-11
poisson,2,E145::ramanathapuram,2021-0722-IND,3.0,22.811553420995764,,19.811553420995764,15.221511480400846,15.0,31.0,0.0,16.0,0.0,1.2389912109340077e-10
poisson,2,E145::salem,2021-0722-IND,1.0,18.829644791648068,,17.829644791648068,15.894212313116144,12.0,26.0,0.0,14.0,0.0,6.643381163789872e-09
poisson,2,E145::thanjavur,2021-0722-IND,8.0,23.355753592855784,,15.355753592855784,8.75360961313635,16.0,32.0,0.0,16.0,0.0,7.189937147780754e-11
poisson,2,E145::theni,2021-0722-IND,8.0,19.153533284342174,,11.153533284342174,6.138238552548673,12.0,27.0,0.0,15.0,0.0,4.805362840123309e-09
poisson,2,E145::thoothukudi,2021-0722-IND,3.0,23.706643978679782,,20.706643978679782,16.001137411386047,16.0,32.0,0.0,16.0,0.0,5.062153796687435e-11
poisson,2,E145::tiruchirappalli,2021-0722-IND,0.0,22.57589227753572,,22.57589227753572,22.57589227753572,15.0,31.0,0.0,16.0,1.0,1.5682473408932725e-10
poisson,2,E145::tirunelveli,2021-0722-IND,4.0,22.657949220399466,,18.657949220399466,13.353960053485862,15.0,31.0,0.0,16.0,0.0,1.4447000317657636e-10
poisson,2,E145::tiruvallur,2021-0722-IND,31.0,22.5256162162508,,8.4743837837492,4.063591806079462,15.0,31.0,1.0,16.0,0.0,1.6491082935707964e-10
poisson,2,E145::tiruvannamalai,2021-0722-IND,2.0,24.584122420646718,,22.584122420646718,18.873067992199346,17.0,33.0,0.0,16.0,0.0,2.1049960745016508e-11
poisson,2,E145::tiruvarur,2021-0722-IND,8.0,24.6515648131839,,16.6515648131839,9.617444678017824,17.0,33.0,0.0,16.0,0.0,1.9677115342286793e-11
poisson,2,E145::vellore,2021-0722-IND,9.0,20.435741414381422,,11.435741414381422,6.082000312890637,13.0,28.0,0.0,15.0,0.0,1.3331231500523984e-09
poisson,2,E145::virudhunagar,2021-0722-IND,0.0,20.625780533043162,,20.625780533043162,20.625780533043162,13.0,28.0,0.0,15.0,1.0,1.1023952405371675e-09
poisson,2,E146::anantapur,2021-0748-IND,60.0,22.915329437293384,,37.08467056270662,23.635137200034666,15.0,31.0,0.0,16.0,0.0,1.1168603530795612e-10
poisson,2,E146::chittoor,2021-0748-IND,98.0,23.157395678282672,,74.84260432171733,69.74968986647075,16.0,31.0,0.0,15.0,0.0,8.767400415965703e-11
poisson,2,E146::nellore,2021-0748-IND,93.0,28.75231891513729,,64.2476810848627,48.10939287457498,20.0,38.0,0.0,18.0,0.0,3.258566236186412e-13
poisson,2,E146::ysr%20kadapa,2021-0748-IND,137.0,23.364971809414993,,113.635028190585,132.06229407731283,16.0,32.0,0.0,16.0,0.0,7.123963297902626e-11
poisson,2,E160::baksa,2023-0330-IND,142.0,23.499185717106332,,118.50081428289367,140.3349274416102,16.0,32.0,0.0,16.0,0.0,6.229214901442313e-11
poisson,2,E160::barpeta,2023-0330-IND,145.0,25.913641048341763,,119.08635895165824,134.00633465367414,18.0,35.0,0.0,17.0,0.0,5.569916526642574e-12
poisson,2,E160::lakhimpur,2023-0330-IND,163.0,24.763162219914474,,138.23683778008552,172.3855536449409,17.0,33.0,0.0,16.0,0.0,1.7599295907955503e-11
poisson,2,E160::nalbari,2023-0330-IND,205.0,25.554915646842705,,179.44508435315728,250.98272466643292,18.0,34.0,0.0,16.0,0.0,7.973355887306167e-12
poisson,2,E161::mangan,2023-0330-IND,0.0,25.462753226951314,,25.462753226951314,25.462753226951314,17.0,34.0,0.0,17.0,1.0,8.743126851170479e-12
poisson,2,E174::ambala,2023-0359-IND,9.0,25.977977454965167,,16.977977454965167,9.464562511843734,18.0,35.0,0.0,17.0,0.0,5.2228522513024575e-12
poisson,2,E174::faridabad,2023-0359-IND,0.0,24.851554537175524,,24.851554537175524,24.851554537175524,17.0,33.0,0.0,16.0,1.0,1.6110425012604542e-11
poisson,2,E174::fatehabad,2023-0359-IND,0.0,27.980162039186954,,27.980162039186954,27.980162039186954,20.0,37.0,0.0,17.0,1.0,7.052937309755804e-13
poisson,2,E174::kaithal,2023-0359-IND,2.0,27.752564937808664,,25.752564937808664,21.79905558614393,19.0,37.0,0.0,18.0,0.0,8.85552245934209e-13
poisson,2,E174::karnal,2023-0359-IND,3.0,27.485144158717898,,24.485144158717898,19.33596668906104,19.0,36.0,0.0,17.0,0.0,1.1570538121633369e-12
poisson,2,E174::kurukshetra,2023-0359-IND,5.0,27.418862498622648,,22.418862498622648,15.65019829687759,19.0,36.0,0.0,17.0,0.0,1.2363439750769515e-12
poisson,2,E174::palwal,2023-0359-IND,0.0,24.906033666986907,,24.906033666986907,24.906033666986907,17.0,33.0,0.0,16.0,1.0,1.525622244391927e-11
poisson,2,E174::panchkula,2023-0359-IND,6.0,19.342415383055737,,13.342415383055737,8.147864358460227,12.0,27.0,0.0,15.0,0.0,3.978283535923651e-09
poisson,2,E174::panipat,2023-0359-IND,3.0,25.503756489446044,,22.503756489446044,17.57903869479475,18.0,34.0,0.0,16.0,0.0,8.391880460071763e-12
poisson,2,E174::sirsa,2023-0359-IND,0.0,25.35720243152565,,25.35720243152565,25.35720243152565,17.0,34.0,0.0,17.0,1.0,9.716434055118296e-12
poisson,2,E174::sonipat,2023-0359-IND,1.0,25.800149794926703,,24.800149794926703,22.549769497011077,18.0,34.0,0.0,16.0,0.0,6.2393207419651275e-12
poisson,2,E174::yamunanagar,2023-0359-IND,5.0,22.03139323789311,,17.03139323789311,11.356542972827487,15.0,30.0,0.0,15.0,0.0,2.703257945414452e-10
poisson,2,E175::hamirpur,2023-0359-IND,7.0,17.027037784420504,,10.027037784420504,5.7085813758138535,11.0,24.0,0.0,13.0,0.0,4.029502662490719e-08
poisson,2,E175::mandi,2023-0359-IND,138.0,18.172895088278736,,119.82710491172126,163.32656684640153,11.0,25.0,0.0,14.0,0.0,1.2811852879633522e-08
poisson,2,E175::solan,2023-0359-IND,22.0,17.481181331569754,,4.518818668430246,3.00761378689376,11.0,25.0,1.0,14.0,0.0,2.5587002440272602e-08
poisson,2,E176::faridkot,2023-0359-IND,0.0,27.683209824385766,,27.683209824385766,27.683209824385766,19.0,37.0,0.0,18.0,1.0,9.491497373591908e-13
poisson,2,E176::fatehgarh%20sahib,2023-0359-IND,13.0,27.634824440285517,,14.634824440285517,7.038990771404009,19.0,37.0,0.0,18.0,0.0,9.962038991204695e-13
poisson,2,E176::firozpur,2023-0359-IND,0.0,28.29806255420989,,28.29806255420989,28.29806255420989,20.0,37.0,0.0,17.0,1.0,5.132247409210705e-13
poisson,2,E176::hoshiarpur,2023-0359-IND,5.0,26.104053160161634,,21.104053160161634,14.581091924120457,18.0,35.0,0.0,17.0,0.0,4.604195512584292e-12
poisson,2,E176::jalandhar,2023-0359-IND,6.0,26.627962601115257,,20.627962601115257,13.515442477668705,18.0,35.0,0.0,17.0,0.0,2.726608460771258e-12
poisson,2,E176::ludhiana,2023-0359-IND,18.0,26.704425033560565,,8.704425033560565,3.9729431427647732,19.0,35.0,0.0,16.0,0.0,2.5258965837356683e-12
poisson,2,E176::moga,2023-0359-IND,0.0,28.819730815964576,,28.819730815964576,28.819730815964576,20.0,38.0,0.0,18.0,1.0,3.0461405410676077e-13
poisson,2,E176::patiala,2023-0359-IND,13.0,27.801365370022705,,14.801365370022705,7.127422487384429,19.0,37.0,0.0,18.0,0.0,8.43374431515169e-13
poisson,2,E176::rupnagar,2023-0359-IND,8.0,26.64591114494306,,18.64591114494306,10.989428360620535,18.0,35.0,0.0,17.0,0.0,2.6781063822257414e-12
poisson,2,E176::sangrur,2023-0359-IND,1.0,29.19256064821101,,28.19256064821101,25.818646743718297,21.0,38.0,0.0,17.0,0.0,2.0981280883571333e-13
poisson,2,E176::sas%20nagar,2023-0359-IND,3.0,22.66542117061133,,19.66542117061133,15.09465923991069,15.0,31.0,0.0,16.0,0.0,1.4339455336299334e-10
poisson,2,E176::tarn%20taran,2023-0359-IND,2.0,28.29601278366054,,26.29601278366054,22.30371815684771,20.0,37.0,0.0,17.0,0.0,5.142778127893465e-13
poisson,2,E179::kanyakumari,2023-0846-IND,185.0,15.391209480267834,,169.60879051973217,293.93424532278345,9.0,22.0,0.0,13.0,0.0,2.0686292103460775e-07
poisson,2,E179::thoothukudi,2023-0846-IND,307.0,17.089768714268086,,289.9102312857319,600.6013122369633,11.0,24.0,0.0,13.0,0.0,3.784493384386405e-08
poisson,2,E179::tirunelveli,2023-0846-IND,296.0,20.05952994554025,,275.94047005445975,524.5538406665268,13.0,28.0,0.0,15.0,0.0,1.9420340271230147e-09
poisson,2,E186::ahmedabad,2024-0647-IND,62.0,24.66320460347145,,37.33679539652855,22.800014948484538,17.0,33.0,0.0,16.0,0.0,1.9449405663617715e-11
poisson,2,E186::amreli,2024-0647-IND,1.0,18.661241351034814,,17.661241351034814,15.734792633121168,12.0,26.0,0.0,14.0,0.0,7.861869955041127e-09
poisson,2,E186::anand,2024-0647-IND,34.0,23.24375430981086,,10.75624569018914,4.859342072293053,16.0,31.0,0.0,15.0,0.0,8.042031401245022e-11
poisson,2,E186::dahod,2024-0647-IND,4.0,18.87959170243634,,14.87959170243634,10.305319394571356,12.0,26.0,0.0,14.0,0.0,6.319715140960116e-09
poisson,2,E186::jamnagar,2024-0647-IND,81.0,21.668109718312753,,59.33189028168725,50.59251506581735,14.0,30.0,0.0,16.0,0.0,3.8874025576218866e-10
poisson,2,E186::junagadh,2024-0647-IND,15.0,18.89707941405397,,3.8970794140539695,2.711240071375954,12.0,26.0,1.0,14.0,0.0,6.21015852436452e-09
poisson,2,E186::kheda,2024-0647-IND,39.0,21.870910840146543,,17.129089159853457,8.181529312631604,14.0,30.0,0.0,16.0,0.0,3.173833266826575e-10
poisson,2,E186::kutch,2024-0647-IND,65.0,29.395365463037745,,35.60463453696225,18.983545616124257,21.0,39.0,0.0,18.0,0.0,1.7129906239935892e-13
poisson,2,E186::rajkot,2024-0647-IND,56.0,21.673833086150683,,34.32616691384932,21.764711901066324,14.0,30.0,0.0,16.0,0.0,3.865217071260745e-10
poisson,2,E186::surendranagar,2024-0647-IND,6.0,25.392567413775428,,19.392567413775428,12.56507956760017,17.0,34.0,0.0,17.0,0.0,9.37881762361344e-12
poisson,2,E186::vadodara,2024-0647-IND,306.0,19.962201919912193,,286.0377980800878,553.0450286156866,13.0,28.0,0.0,15.0,0.0,2.1405523795991874e-09
poisson,2,E187::kolhapur,2024-0647-IND,1.0,15.963769831967953,,14.963769831967953,13.193448062827779,10.0,23.0,0.0,13.0,0.0,1.1668710135843446e-07
poisson,2,E187::nashik,2024-0647-IND,1.0,17.6416840671523,,16.6416840671523,14.771419552471071,11.0,25.0,0.0,14.0,0.0,2.179284641394734e-08
poisson,2,E187::pune,2024-0647-IND,6.0,16.204253141204383,,10.204253141204383,6.071861869046257,10.0,23.0,0.0,13.0,0.0,9.17449730457919e-08
poisson,2,E187::raigad,2024-0647-IND,0.0,16.31481464189566,,16.31481464189566,16.31481464189566,10.0,23.0,0.0,13.0,1.0,8.214214277489366e-08
poisson,2,E187::ratnagiri,2024-0647-IND,0.0,15.750086104192949,,15.750086104192949,15.750086104192949,10.0,23.0,0.0,13.0,1.0,1.4448558326076651e-07
poisson,2,E187::satara,2024-0647-IND,0.0,17.057945492116918,,17.057945492116918,17.057945492116918,11.0,24.0,0.0,13.0,1.0,3.906864959857935e-08
poisson,2,E187::sindhudurg,2024-0647-IND,0.0,16.31285304728278,,16.31285304728278,16.31285304728278,10.0,23.0,0.0,13.0,1.0,8.230343049849852e-08
poisson,2,E188::dhalai,2024-0647-IND,11.0,19.490558841159103,,8.490558841159103,4.3236346373634085,13.0,27.0,0.0,14.0,0.0,3.430503336637995e-09
poisson,2,E188::north%20tripura,2024-0647-IND,4.0,18.063374382941056,,14.063374382941056,9.665882719508494,11.0,25.0,0.0,14.0,0.0,1.4294737377975708e-08
poisson,2,E188::south%20tripura,2024-0647-IND,25.0,20.10751860953427,,4.892481390465729,3.0837787000698462,13.0,28.0,1.0,15.0,0.0,1.8510392301779807e-09
poisson,2,E188::west%20tripura,2024-0647-IND,21.0,18.347694526863783,,2.6523054731362166,2.628250942709407,12.0,26.0,1.0,14.0,0.0,1.0757157103181807e-08
nb2,3,E024::barpeta,2015-0406-IND,45.0,29.99262143869686,4.238786882698555,15.007378561303138,5.757437622078865,0.0,148.0,1.0,148.0,0.0,0.31825000117576857
nb2,3,E024::bongaigaon,2015-0406-IND,28.0,31.065689780007443,4.238786882698555,3.0656897800074425,5.263618720110797,0.0,153.0,1.0,153.0,0.0,0.31564171926166035
nb2,3,E024::cachar,2015-0406-IND,31.0,30.161539215298482,4.238786882698555,0.8384607847015175,5.363860428256485,0.0,149.0,1.0,149.0,0.0,0.3178318926736315
nb2,3,E024::darrang,2015-0406-IND,18.0,31.883575711349692,4.238786882698555,13.883575711349692,4.85477437727226,0.0,157.0,1.0,157.0,0.0,0.3137268233811735
nb2,3,E024::dhemaji,2015-0406-IND,47.0,25.5344319036559,4.238786882698555,21.4655680963441,5.83260449799937,0.0,126.0,1.0,126.0,0.0,0.330458318405401
nb2,3,E024::dibrugarh,2015-0406-IND,56.0,27.73901342409912,4.238786882698555,28.26098657590088,6.027542819830607,0.0,137.0,1.0,137.0,0.0,0.32412054910399624
nb2,3,E024::goalpara,2015-0406-IND,33.0,30.95401472951143,4.238786882698555,2.0459852704885684,5.426550721626098,0.0,153.0,1.0,153.0,0.0,0.31590797644406715
nb2,3,E024::jorhat,2015-0406-IND,28.0,30.07357324373532,4.238786882698555,2.0735732437353214,5.262981217720132,0.0,149.0,1.0,149.0,0.0,0.3180492683695714
nb2,3,E024::kamrup,2015-0406-IND,19.0,31.194152772970305,4.238786882698555,12.194152772970305,4.9011574634532105,0.0,154.0,1.0,154.0,0.0,0.3153368843021489
nb2,3,E024::kokrajhar,2015-0406-IND,24.0,32.647670944117564,4.238786882698555,8.647670944117564,5.118978174088933,0.0,161.0,1.0,161.0,0.0,0.31199154255549627
nb2,3,E024::lakhimpur,2015-0406-IND,29.0,27.18312465925655,4.238786882698555,1.8168753407434508,5.297843844836987,0.0,134.0,1.0,134.0,0.0,0.32565892891797915
nb2,3,E024::morigaon,2015-0406-IND,40.0,29.255370886951045,4.238786882698555,10.744629113048955,5.630558822428261,0.0,145.0,1.0,145.0,0.0,0.32010926490748015
nb2,3,E024::nalbari,2015-0406-IND,18.0,33.45738167048684,4.238786882698555,15.45738167048684,4.859839563116701,0.0,165.0,1.0,165.0,0.0,0.3102062330754799
nb2,3,E024::sivasagar,2015-0406-IND,6.0,31.39476746298304,4.238786882698555,25.39476746298304,3.9341437263890735,0.0,155.0,1.0,155.0,0.0,0.3148639047988274
nb2,3,E024::sonitpur,2015-0406-IND,40.0,29.578812666370503,4.238786882698555,10.421187333629497,5.629632998676659,0.0,146.0,1.0,146.0,0.0,0.31928658732809084
nb2,3,E024::tinsukia,2015-0406-IND,33.0,29.456449239192217,4.238786882698555,3.5435507608077828,5.4276299746193715,0.0,145.0,1.0,145.0,0.0,0.31959651708964354
nb2,3,E025::chittoor,2015-0504-IND,55.0,39.95650386453124,4.238786882698555,15.043496135468757,5.948818483783953,0.0,197.0,1.0,197.0,0.0,0.29756316004186334
nb2,3,E026::puducherry,2015-0504-IND,7.0,43.55682724147855,4.238786882698555,36.55682724147855,4.119374705697776,0.0,215.0,1.0,215.0,0.0,0.29160125187010416
nb2,3,E027::chennai,2015-0504-IND,354.0,57.93007531160505,4.238786882698555,296.06992468839496,8.572259046423653,0.0,286.0,0.0,286.0,0.0,0.2727147717448008
nb2,3,E027::cuddalore,2015-0504-IND,116.0,32.951880667456756,4.238786882698555,83.04811933254325,6.9767313825135755,0.0,163.0,1.0,163.0,0.0,0.31131449008220236
nb2,3,E027::kancheepuram,2015-0504-IND,92.0,33.38078443000171,4.238786882698555,58.61921556999829,6.623230607584427,0.0,165.0,1.0,165.0,0.0,0.3103728385466474
nb2,3,E027::nagapattinam,2015-0504-IND,21.0,29.363093562971688,4.238786882698555,8.363093562971688,4.987909244347706,0.0,145.0,1.0,145.0,0.0,0.3198340377229585
nb2,3,E027::thiruvallur,2015-0504-IND,9.0,38.50796625048292,4.238786882698555,29.507966250482923,4.296738429563486,0.0,190.0,1.0,190.0,0.0,0.300151081299937
nb2,3,E037::golaghat,2016-0554-IND,89.0,33.50679880145052,4.238786882698555,55.49320119854948,6.5753385832389775,0.0,165.0,1.0,165.0,0.0,0.31009899486172854
nb2,3,E037::jorhat,2016-0554-IND,109.0,47.784311159930205,4.238786882698555,61.215688840069795,6.725666712221675,0.0,236.0,1.0,236.0,0.0,0.2853300535291622
nb2,3,E047::barpeta,2017-0180-IND,3.0,29.7114193515536,4.238786882698555,26.7114193515536,3.3860123702863185,0.0,147.0,1.0,147.0,0.0,0.31895248284730254
nb2,3,E047::biswanath,2017-0180-IND,13.0,28.71759469988714,4.238786882698555,15.71759469988714,4.557252691049659,0.0,142.0,1.0,142.0,0.0,0.3215020937050561
nb2,3,E047::cachar,2017-0180-IND,1.0,29.644175345699995,4.238786882698555,28.644175345699995,2.5943867117425388,0.0,146.0,1.0,146.0,0.0,0.31912167608203246
nb2,3,E047::darrang,2017-0180-IND,14.0,31.337395738707276,4.238786882698555,17.337395738707276,4.632452907841169,0.0,155.0,1.0,155.0,0.0,0.3149987879737518
nb2,3,E047::dhemaji,2017-0180-IND,2.0,30.403652655739585,4.238786882698555,28.403652655739585,3.089174802059677,0.0,150.0,1.0,150.0,0.0,0.3172375904500562
nb2,3,E047::dhubri,2017-0180-IND,1.0,35.62727362402829,4.238786882698555,34.62727362402829,2.6361191551106695,0.0,176.0,1.0,176.0,0.0,0.3056721762712292
nb2,3,E047::dibrugarh,2017-0180-IND,2.0,29.89788869296925,4.238786882698555,27.89788869296925,3.085508540880516,0.0,148.0,1.0,148.0,0.0,0.31848575135172247
nb2,3,E047::goalpara,2017-0180-IND,2.0,34.015938984360986,4.238786882698555,32.015938984360986,3.113831338376022,0.0,168.0,1.0,168.0,0.0,0.3090053078796231
nb2,3,E047::hailakandi,2017-0180-IND,15.0,30.143356294133344,4.238786882698555,15.143356294133344,4.687579182496474,0.0,149.0,1.0,149.0,0.0,0.31787676131197634
nb2,3,E047::jorhat,2017-0180-IND,14.0,32.037465533187415,4.238786882698555,18.037465533187415,4.6353406512509965,0.0,158.0,1.0,158.0,0.0,0.31337325929656484
nb2,3,E047::kamrup,2017-0180-IND,16.0,30.472067373406645,4.238786882698555,14.472067373406645,4.745506922152841,0.0,150.0,1.0,150.0,0.0,0.31707070776646323
nb2,3,E047::kamrup%20metropolitan,2017-0180-IND,12.0,39.64940173286248,4.238786882698555,27.64940173286248,4.537076781854223,0.0,196.0,1.0,196.0,0.0,0.29810209173670654
nb2,3,E047::karbi%20anglong,2017-0180-IND,1.0,30.367922355029293,4.238786882698555,29.367922355029293,2.599844720563367,0.0,150.0,1.0,150.0,0.0,0.3173249298498107
nb2,3,E047::karimganj,2017-0180-IND,7.0,29.984145771155184,4.238786882698555,22.984145771155184,4.048907615757961,0.0,148.0,1.0,148.0,0.0,0.318271056351016
nb2,3,E047::kokrajhar,2017-0180-IND,1.0,38.68564865858209,4.238786882698555,37.68564865858209,2.6549056776281406,0.0,191.0,1.0,191.0,0.0,0.29982725562206863
nb2,3,E047::lakhimpur,2017-0180-IND,35.0,29.834988290281604,4.238786882698555,5.165011709718396,5.487846480648564,0.0,147.0,1.0,147.0,0.0,0.3186427907363985
nb2,3,E047::majuli,2017-0180-IND,2.0,27.21721670162032,4.238786882698555,25.21721670162032,3.0650704077672835,0.0,134.0,1.0,134.0,0.0,0.3255634761221157
nb2,3,E047::morigaon,2017-0180-IND,1.0,29.923610177721518,4.238786882698555,28.923610177721518,2.5965089884787242,0.0,148.0,1.0,148.0,0.0,0.3184216508411305
nb2,3,E047::nagaon,2017-0180-IND,1.0,30.58236013852511,4.238786882698555,29.58236013852511,2.601437944283358,0.0,151.0,1.0,151.0,0.0,0.31680263799018615
nb2,3,E047::nalbari,2017-0180-IND,0.0,32.010998754578445,4.238786882698555,32.010998754578445,1.1601667272228753,0.0,158.0,1.0,158.0,1.0,0.3134339185591541
nb2,3,E047::sivasagar,2017-0180-IND,1.0,33.74815802280851,4.238786882698555,32.74815802280851,2.6237884789010417,0.0,167.0,1.0,167.0,0.0,0.309578005403034
nb2,3,E047::sonitpur,2017-0180-IND,1.0,30.972879429487524,4.238786882698555,29.972879429487524,2.6043120975219405,0.0,153.0,1.0,153.0,0.0,0.31586291633746655
nb2,3,E047::udalguri,2017-0180-IND,0.0,36.39139789197503,4.238786882698555,36.39139789197503,1.1902158598176746,0.0,180.0,1.0,180.0,1.0,0.3041556020072648
nb2,3,E048::giridih,2017-0180-IND,0.0,28.6398369924945,4.238786882698555,28.6398369924945,1.1341167919414008,0.0,141.0,1.0,141.0,1.0,0.32170612934278486
nb2,3,E049::bishnupur,2017-0180-IND,1.0,28.831254532242475,4.238786882698555,27.831254532242475,2.5881020096773297,0.0,142.0,1.0,142.0,0.0,0.3212050664783107
nb2,3,E049::imphal%20east,2017-0180-IND,4.0,28.210532255946394,4.238786882698555,24.210532255946394,3.5954494189835837,0.0,139.0,1.0,139.0,0.0,0.32284497863932626
nb2,3,E049::imphal%20west,2017-0180-IND,4.0,28.158494675594934,4.238786882698555,24.158494675594934,3.595078762363437,0.0,139.0,1.0,139.0,0.0,0.32298446534836356
nb2,3,E049::thoubal,2017-0180-IND,5.0,26.751220675422097,4.238786882698555,21.751220675422097,3.759453024833307,0.0,132.0,1.0,132.0,0.0,0.3268810469293541
nb2,3,E051::barpeta,2017-0289-IND,41.0,28.84928045313057,4.238786882698555,12.150719546869428,5.658747929705448,0.0,143.0,1.0,143.0,0.0,0.32115809122706507
nb2,3,E051::bongaigaon,2017-0289-IND,7.0,29.011077365665955,4.238786882698555,22.011077365665955,4.043018918121114,0.0,143.0,1.0,143.0,0.0,0.3207380555500408
nb2,3,E051::cachar,2017-0289-IND,54.0,30.129648451587176,4.238786882698555,23.870351548412824,5.9660772137498,0.0,149.0,1.0,149.0,0.0,0.3179106090812576
nb2,3,E051::charaideo,2017-0289-IND,0.0,28.26168820388274,4.238786882698555,28.26168820388274,1.1310068867835685,0.0,140.0,1.0,140.0,1.0,0.32270816219971193
nb2,3,E051::chirang,2017-0289-IND,13.0,32.27112326889736,4.238786882698555,19.271123268897362,4.572894414272386,0.0,159.0,1.0,159.0,0.0,0.3128403919362262
nb2,3,E051::darrang,2017-0289-IND,10.0,27.138346176960894,4.238786882698555,17.138346176960894,4.325859115658659,0.0,134.0,1.0,134.0,0.0,0.325784525296033
nb2,3,E051::dhemaji,2017-0289-IND,47.0,26.222419325161347,4.238786882698555,20.777580674838653,5.8275300744960905,0.0,130.0,1.0,130.0,0.0,0.3284106830078678
nb2,3,E051::dhubri,2017-0289-IND,8.0,30.022529991372746,4.238786882698555,22.022529991372746,4.1573489869642675,0.0,148.0,1.0,148.0,0.0,0.3181757608846617
nb2,3,E051::dibrugarh,2017-0289-IND,0.0,27.92227988524802,4.238786882698555,27.92227988524802,1.128180238935102,0.0,138.0,1.0,138.0,1.0,0.3236216349567621
nb2,3,E051::goalpara,2017-0289-IND,8.0,29.517896440615154,4.238786882698555,21.517896440615154,4.154447584890585,0.0,146.0,1.0,146.0,0.0,0.31944068285610866
nb2,3,E051::golaghat,2017-0289-IND,52.0,27.01177215429503,4.238786882698555,24.98822784570497,5.942757766765264,0.0,133.0,1.0,133.0,0.0,0.326140922638771
nb2,3,E051::jorhat,2017-0289-IND,63.0,28.26941941897293,4.238786882698555,34.73058058102707,6.171103862009144,0.0,140.0,1.0,140.0,0.0,0.3226875114907778
nb2,3,E051::karbi%20anglong,2017-0289-IND,30.0,28.208795822082497,4.238786882698555,1.7912041779175034,5.331561703540033,0.0,139.0,1.0,139.0,0.0,0.32284962806196627
nb2,3,E051::karimganj,2017-0289-IND,80.0,32.857402898308834,4.238786882698555,47.142597101691166,6.437317631442259,0.0,162.0,1.0,162.0,0.0,0.3115239369686257
nb2,3,E051::kokrajhar,2017-0289-IND,0.0,31.21912574267307,4.238786882698555,31.21912574267307,1.1543011122924376,0.0,154.0,1.0,154.0,1.0,0.3152778037050442
nb2,3,E051::lakhimpur,2017-0289-IND,72.0,26.766366711374026,4.238786882698555,45.233633288625974,6.36842413226619,0.0,132.0,1.0,132.0,0.0,0.3268377816272782
nb2,3,E051::majuli,2017-0289-IND,32.0,24.337975335381223,4.238786882698555,7.662024664618777,5.405016426456169,0.0,120.0,1.0,120.0,0.0,0.334185424157602
nb2,3,E051::morigaon,2017-0289-IND,13.0,28.979023720346976,4.238786882698555,15.979023720346976,4.558417662671295,0.0,143.0,1.0,143.0,0.0,0.32082104050707644
nb2,3,E051::nagaon,2017-0289-IND,27.0,28.71497170388529,4.238786882698555,1.7149717038852899,5.226621501931713,0.0,142.0,1.0,142.0,0.0,0.32150896538506024
nb2,3,E051::nalbari,2017-0289-IND,44.0,27.054646317313953,4.238786882698555,16.945353682686047,5.745630613408046,0.0,134.0,1.0,134.0,0.0,0.3260199721297103
nb2,3,E051::sivasagar,2017-0289-IND,32.0,27.4990016924639,4.238786882698555,4.500998307536101,5.39823073354846,0.0,136.0,1.0,136.0,0.0,0.32478008684214993
nb2,3,E051::sonitpur,2017-0289-IND,44.0,27.75005919628203,4.238786882698555,16.24994080371797,5.7420339901616995,0.0,137.0,1.0,137.0,0.0,0.3240903644564512
nb2,3,E051::south%20salmara,2017-0289-IND,5.0,29.38578085034046,4.238786882698555,24.38578085034046,3.777507646786572,0.0,145.0,1.0,145.0,0.0,0.31977623040158043
nb2,3,E058::chennai,2017-0495-IND,269.0,56.433224373312875,4.238786882698555,212.56677562668713,8.039866090061007,0.0,278.0,1.0,278.0,0.0,0.27439729749534997
nb2,3,E064::gajapati,2018-0286-IND,2.0,34.9900385945315,4.238786882698555,32.9900385945315,3.1200634777840177,0.0,173.0,1.0,173.0,0.0,0.30696777665330893
nb2,3,E064::kandhamal,2018-0286-IND,4.0,37.88148818667902,4.238786882698555,33.88148818667902,3.6560118581892818,0.0,187.0,1.0,187.0,0.0,0.30130765030173007
nb2,3,E064::malkangiri,2018-0286-IND,12.0,31.836487130291733,4.238786882698555,19.836487130291733,4.5030500856164855,0.0,157.0,1.0,157.0,0.0,0.31383542860261104
nb2,3,E064::rayagada,2018-0286-IND,16.0,35.36812938129145,4.238786882698555,19.368129381291453,4.7633823859251985,0.0,175.0,1.0,175.0,0.0,0.30619559875604474
nb2,3,E139::bongaigaon,2021-0366-IND,3.0,27.43520153123161,4.238786882698555,24.43520153123161,3.3693230226724094,0.0,136.0,1.0,136.0,0.0,0.32495659333204086
nb2,3,E139::dhemaji,2021-0366-IND,3.0,28.327106939845386,4.238786882698555,25.327106939845386,3.376001761198458,0.0,140.0,1.0,140.0,0.0,0.32253364160113845
nb2,3,E139::dibrugarh,2021-0366-IND,3.0,30.80969466961003,4.238786882698555,27.80969466961003,3.3936668260245932,0.0,152.0,1.0,152.0,0.0,0.31625381675939074
nb2,3,E135::bagalkot,2021-0435-IND,0.0,29.07951449389399,4.238786882698555,29.07951449389399,1.1376819084194005,0.0,144.0,1.0,144.0,1.0,0.32056125154396564
nb2,3,E135::belagavi,2021-0435-IND,0.0,33.80066524321692,4.238786882698555,33.80066524321692,1.1729094042191275,0.0,167.0,1.0,167.0,1.0,0.309465270675225
nb2,3,E135::chikkamagaluru,2021-0435-IND,0.0,34.00085652804129,4.238786882698555,34.00085652804129,1.1742929182928736,0.0,168.0,1.0,168.0,1.0,0.30903741715683875
nb2,3,E135::davanagere,2021-0435-IND,0.0,33.5729982089194,4.238786882698555,33.5729982089194,1.1713260825010838,0.0,166.0,1.0,166.0,1.0,0.3099556418644994
nb2,3,E135::dharwad,2021-0435-IND,0.0,31.78839670787828,4.238786882698555,31.78839670787828,1.1585325366460548,0.0,157.0,1.0,157.0,1.0,0.3139465480683912
nb2,3,E135::gadag,2021-0435-IND,0.0,26.412064761342997,4.238786882698555,26.412064761342997,1.1151753193356375,0.0,131.0,1.0,131.0,1.0,0.3278577940499965
nb2,3,E135::haveri,2021-0435-IND,0.0,32.666686858021386,4.238786882698555,32.666686858021386,1.1649155850778863,0.0,161.0,1.0,161.0,1.0,0.31194899407126053
nb2,3,E135::kodagu,2021-0435-IND,0.0,40.781306383465655,4.238786882698555,40.781306383465655,1.2169210929111034,0.0,201.0,1.0,201.0,1.0,0.2961405539571771
nb2,3,E135::shivamogga,2021-0435-IND,0.0,38.044173518953166,4.238786882698555,38.044173518953166,1.2006281929686438,0.0,188.0,1.0,188.0,1.0,0.3010050632432346
nb2,3,E135::uttara%20kannada,2021-0435-IND,0.0,38.81721681330756,4.238786882698555,38.81721681330756,1.2053449182757068,0.0,192.0,1.0,192.0,1.0,0.29958864809045294
nb2,3,E136::pune,2021-0435-IND,0.0,41.25292255861654,4.238786882698555,41.25292255861654,1.219618186252385,0.0,204.0,1.0,204.0,1.0,0.29534291138277885
nb2,3,E136::raigarh,2021-0435-IND,0.0,39.14728975232055,4.238786882698555,39.14728975232055,1.2073304808542262,0.0,193.0,1.0,193.0,1.0,0.29899438624913
nb2,3,E136::ratnagiri,2021-0435-IND,0.0,40.70734940754136,4.238786882698555,40.70734940754136,1.2164953345982996,0.0,201.0,1.0,201.0,1.0,0.2962666651043124
nb2,3,E136::satara,2021-0435-IND,0.0,40.84305634904786,4.238786882698555,40.84305634904786,1.2172759897919505,0.0,202.0,1.0,202.0,1.0,0.29603547324579654
nb2,3,E137::bageshwar,2021-0435-IND,0.0,35.05550298655329,4.238786882698555,35.05550298655329,1.1814505225773564,0.0,173.0,1.0,173.0,1.0,0.3068333469566592
nb2,3,E137::chamoli,2021-0435-IND,0.0,28.29158222960273,4.238786882698555,28.29158222960273,1.1312542338563318,0.0,140.0,1.0,140.0,1.0,0.32262835115135635
nb2,3,E137::dehradun,2021-0435-IND,0.0,34.11901652436681,4.238786882698555,34.11901652436681,1.1751057258009727,0.0,168.0,1.0,168.0,1.0,0.3087863312799565
nb2,3,E137::pithoragarh,2021-0435-IND,0.0,32.69346089037774,4.238786882698555,32.69346089037774,1.1651074808024486,0.0,161.0,1.0,161.0,1.0,0.3118891381362494
nb2,3,E137::uttarkashi,2021-0435-IND,0.0,29.597071049411202,4.238786882698555,29.597071049411202,1.1418106164681814,0.0,146.0,1.0,146.0,1.0,0.31924047614877754
nb2,3,E138::hooghly,2021-0435-IND,1.0,42.02438154293644,4.238786882698555,41.02438154293644,2.673839840366081,0.0,207.0,1.0,207.0,0.0,0.2940620082885279
nb2,3,E142::jamnagar,2021-0585-IND,23.0,29.111177034980933,4.238786882698555,6.111177034980933,5.072617698730265,0.0,144.0,1.0,144.0,0.0,0.3204796254154348
nb2,3,E142::junagadh,2021-0585-IND,7.0,32.70194423102193,4.238786882698555,25.701944231021933,4.064680954293367,0.0,161.0,1.0,161.0,0.0,0.3118701853561886
nb2,3,E142::porbandar,2021-0585-IND,4.0,24.425944746149085,4.238786882698555,20.425944746149085,3.5669053420434134,0.0,121.0,1.0,121.0,0.0,0.3339038165199563
nb2,3,E142::rajkot,2021-0585-IND,31.0,33.709483100553925,4.238786882698555,2.709483100553925,5.364571398209509,0.0,166.0,1.0,166.0,0.0,0.30966117949898164
nb2,3,E142::valsad,2021-0585-IND,3.0,38.570912295862044,4.238786882698555,35.570912295862044,3.4417182292547794,0.0,190.0,1.0,190.0,0.0,0.3000361527505601
nb2,3,E148::baksa,2022-0293-IND,21.0,29.962025017277025,4.238786882698555,8.962025017277025,4.98928920704244,0.0,148.0,1.0,148.0,0.0,0.318326042922674
nb2,3,E148::barpeta,2022-0293-IND,29.0,27.614094083247082,4.238786882698555,1.3859059167529182,5.297628639392962,0.0,136.0,1.0,136.0,0.0,0.32446294331080194
nb2,3,E148::biswanath,2022-0293-IND,41.0,26.546336697377445,4.238786882698555,14.453663302622555,5.668127268231154,0.0,131.0,1.0,131.0,0.0,0.32746927210230287
nb2,3,E148::bongaigaon,2022-0293-IND,11.0,30.095934466714702,4.238786882698555,19.095934466714702,4.421390901132381,0.0,149.0,1.0,149.0,0.0,0.3179939369501406
nb2,3,E148::cachar,2022-0293-IND,179.0,27.027568028743683,4.238786882698555,151.97243197125633,7.989654203303968,0.0,134.0,0.0,134.0,0.0,0.3260963342092686
nb2,3,E148::chirang,2022-0293-IND,5.0,34.56739262300496,4.238786882698555,29.567392623004963,3.8095658858680954,0.0,171.0,1.0,171.0,0.0,0.3078431678152947
nb2,3,E148::darrang,2022-0293-IND,95.0,28.335591238211816,4.238786882698555,66.66440876178818,6.749114237038838,0.0,140.0,1.0,140.0,0.0,0.32251104383620627
nb2,3,E148::dhemaji,2022-0293-IND,29.0,26.563565502049578,4.238786882698555,2.4364344979504224,5.29827105325976,0.0,131.0,1.0,131.0,0.0,0.327419594066963
nb2,3,E148::dhubri,2022-0293-IND,27.0,31.070868711488718,4.238786882698555,4.070868711488718,5.228390455428194,0.0,153.0,1.0,153.0,0.0,0.31562940007719636
nb2,3,E148::dibrugarh,2022-0293-IND,40.0,27.863358980280776,4.238786882698555,12.136641019719224,5.635134599658519,0.0,138.0,1.0,138.0,0.0,0.32378159909431553
nb2,3,E148::dima%20hasao,2022-0293-IND,175.0,31.70828413884026,4.238786882698555,143.29171586115973,7.7513307090865435,0.0,157.0,0.0,157.0,0.0,0.3141321177709286
nb2,3,E148::goalpara,2022-0293-IND,42.0,27.528671393594802,4.238786882698555,14.471328606405198,5.690629204729696,0.0,136.0,1.0,136.0,0.0,0.32469817491766423
nb2,3,E148::golaghat,2022-0293-IND,28.0,29.7737545773394,4.238786882698555,1.7737545773393997,5.262830486078958,0.0,147.0,1.0,147.0,0.0,0.3187960594794499
nb2,3,E148::hailakandi,2022-0293-IND,36.0,28.494676087335844,4.238786882698555,7.505323912664156,5.519701425391558,0.0,141.0,1.0,141.0,0.0,0.3220888537966633
nb2,3,E148::hojai,2022-0293-IND,147.0,27.82293535357057,4.238786882698555,119.17706464642943,7.5315841746699075,0.0,137.0,0.0,137.0,0.0,0.3238915850067287
nb2,3,E148::kamrup,2022-0293-IND,44.0,26.797740439186306,4.238786882698555,17.202259560813694,5.747045574504212,0.0,132.0,1.0,132.0,0.0,0.3267482565628505
nb2,3,E148::kamrup%20metropolitan,2022-0293-IND,20.0,34.70209155490036,4.238786882698555,14.702091554900363,4.957426193660391,0.0,171.0,1.0,171.0,0.0,0.3075627570987133
nb2,3,E148::karimganj,2022-0293-IND,50.0,29.187483051454816,4.238786882698555,20.812516948545184,5.881310329918036,0.0,144.0,1.0,144.0,0.0,0.32028335469888697
nb2,3,E148::kokrajhar,2022-0293-IND,11.0,32.78880015471449,4.238786882698555,21.788800154714487,4.434428690879447,0.0,162.0,1.0,162.0,0.0,0.31167648543412396
nb2,3,E148::lakhimpur,2022-0293-IND,57.0,26.73507980990554,4.238786882698555,30.26492019009446,6.058932969427289,0.0,132.0,1.0,132.0,0.0,0.3269271870489866
nb2,3,E148::majuli,2022-0293-IND,23.0,23.18171482269459,4.238786882698555,0.18171482269459105,5.0666141144761925,0.0,115.0,1.0,115.0,0.0,0.33800682374189855
nb2,3,E148::morigaon,2022-0293-IND,62.0,26.974321272372162,4.238786882698555,35.025678727627835,6.164252535484554,0.0,133.0,1.0,133.0,0.0,0.3262467663812596
nb2,3,E148::nagaon,2022-0293-IND,133.0,28.219252141806386,4.238786882698555,104.78074785819362,7.324571160019219,0.0,139.0,1.0,139.0,0.0,0.32282163583977846
nb2,3,E148::nalbari,2022-0293-IND,29.0,26.769420245245723,4.238786882698555,2.2305797547542774,5.2981130642651175,0.0,132.0,1.0,132.0,0.0,0.3268290627095891
nb2,3,E148::sivasagar,2022-0293-IND,11.0,27.26564056075765,4.238786882698555,16.26564056075765,4.407159066705297,0.0,135.0,1.0,135.0,0.0,0.3254281478435527
nb2,3,E148::sonitpur,2022-0293-IND,34.0,28.31467665486663,4.238786882698555,5.685323345133369,5.4599772394521375,0.0,140.0,1.0,140.0,0.0,0.3225667644103335
nb2,3,E148::south%20salmara,2022-0293-IND,5.0,29.334631566083527,4.238786882698555,24.334631566083527,3.777169359963819,0.0,145.0,1.0,145.0,0.0,0.319906636524868
nb2,3,E148::tinsukia,2022-0293-IND,12.0,31.25954388472301,4.238786882698555,19.25954388472301,4.500396631173013,0.0,154.0,1.0,154.0,0.0,0.3151823059349264
nb2,3,E148::udalguri,2022-0293-IND,48.0,33.21351196635547,4.238786882698555,14.786488033644531,5.81767412727081,0.0,164.0,1.0,164.0,0.0,0.3107383069209247
nb2,3,E148::west%20karbi%20anglong,2022-0293-IND,1.0,28.116626527668494,4.238786882698555,27.116626527668494,2.5824356834960063,0.0,139.0,1.0,139.0,0.0,0.32309692245757393
nb2,3,E150::bharuch,2022-0293-IND,0.0,31.688232646252672,4.238786882698555,31.688232646252672,1.1577934921468713,0.0,156.0,1.0,156.0,1.0,0.3141786542956296
nb2,3,E150::navsari,2022-0293-IND,0.0,38.2213230419268,4.238786882698555,38.2213230419268,1.201717430231718,0.0,189.0,1.0,189.0,1.0,0.30067737580905657
nb2,3,E150::surat,2022-0293-IND,0.0,36.42315511711516,4.238786882698555,36.42315511711516,1.1904203195004737,0.0,180.0,1.0,180.0,1.0,0.3040934208063477
nb2,3,E150::tapi,2022-0293-IND,0.0,30.06917305749248,4.238786882698555,30.06917305749248,1.1455147245034916,0.0,149.0,1.0,149.0,1.0,0.31806016229043493
nb2,3,E150::vadodara,2022-0293-IND,0.0,33.54169767330927,4.238786882698555,33.54169767330927,1.1711075680965706,0.0,166.0,1.0,166.0,1.0,0.3100233790375113
nb2,3,E150::valsad,2022-0293-IND,0.0,38.873890304417245,4.238786882698555,38.873890304417245,1.2056870296932958,0.0,192.0,1.0,192.0,1.0,0.299486172923323
nb2,3,E154::east%20khasi%20hills,2022-0293-IND,2.0,38.87404056963741,4.238786882698555,36.87404056963741,3.143400191917972,0.0,192.0,1.0,192.0,0.0,0.29948590146262327
nb2,3,E154::ri%20bhoi,2022-0293-IND,0.0,36.02759267006926,4.238786882698555,36.02759267006926,1.1878608751125264,0.0,178.0,1.0,178.0,1.0,0.30487272787677555
nb2,3,E162::dhemaji,2023-0428-IND,9.0,26.071285822923898,4.238786882698555,17.071285822923898,4.231512190709824,0.0,129.0,1.0,129.0,0.0,0.32885481366055114
nb2,3,E162::lakhimpur,2023-0428-IND,69.0,27.813010012761268,4.238786882698555,41.18698998723873,6.29591562659114,0.0,137.0,1.0,137.0,0.0,0.3239186201429638
nb2,3,E163::supaul,2023-0428-IND,0.0,29.393819031367958,4.238786882698555,29.393819031367958,1.1401978177220804,0.0,145.0,1.0,145.0,1.0,0.3197557622030727
nb2,3,E164::raipur,2023-0428-IND,0.0,33.62300780045544,4.238786882698555,33.62300780045544,1.1716747885590388,0.0,166.0,1.0,166.0,1.0,0.30984757729696355
nb2,3,E166::bhavnagar,2023-0428-IND,6.0,27.537725415809465,4.238786882698555,21.537725415809465,3.909729790395656,0.0,136.0,1.0,136.0,0.0,0.32467320017142515
nb2,3,E166::dang,2023-0428-IND,1.0,35.36340892424053,4.238786882698555,34.36340892424053,2.6344260561035777,0.0,175.0,1.0,175.0,0.0,0.3062051768180437
nb2,3,E166::navsari,2023-0428-IND,28.0,35.27931784725766,4.238786882698555,7.2793178472576585,5.268196869088901,0.0,174.0,1.0,174.0,0.0,0.306376065654154
nb2,3,E166::surat,2023-0428-IND,32.0,41.14986562710231,4.238786882698555,9.149865627102308,5.402230581362851,0.0,203.0,1.0,203.0,0.0,0.2955162511682628
nb2,3,E166::tapi,2023-0428-IND,9.0,34.55267321491439,4.238786882698555,25.552673214914392,4.277605222790046,0.0,171.0,1.0,171.0,0.0,0.3078738913563984
nb2,3,E166::valsad,2023-0428-IND,16.0,37.93661722017698,4.238786882698555,21.936617220176977,4.77263609731816,0.0,187.0,1.0,187.0,0.0,0.3012049343898816
nb2,3,E167::bilaspur,2023-0428-IND,0.0,38.43670792063805,4.238786882698555,38.43670792063805,1.2030350259863536,0.0,190.0,1.0,190.0,1.0,0.30028146545735185
nb2,3,E167::chamba,2023-0428-IND,7.0,36.579478527147515,4.238786882698555,29.579478527147515,4.085620167418688,0.0,181.0,1.0,181.0,0.0,0.3037883043008673
nb2,3,E167::hamirpur,2023-0428-IND,5.0,38.122213090122095,4.238786882698555,33.122213090122095,3.829348280081837,0.0,188.0,1.0,188.0,0.0,0.3008604768230839
nb2,3,E167::kangra,2023-0428-IND,16.0,36.147960996684105,4.238786882698555,20.147960996684105,4.766206544052614,0.0,178.0,1.0,178.0,0.0,0.30463447954670536
nb2,3,E167::mandi,2023-0428-IND,15.0,36.619406729038495,4.238786882698555,21.619406729038495,4.712553232457771,0.0,181.0,1.0,181.0,0.0,0.30371062794808407
nb2,3,E167::shimla,2023-0428-IND,19.0,39.83214827755787,4.238786882698555,20.83214827755787,4.927488663170195,0.0,197.0,1.0,197.0,0.0,0.2977807757302244
nb2,3,E167::sirmaur,2023-0428-IND,8.0,34.11751625578434,4.238786882698555,26.117516255784338,4.179803097939046,0.0,168.0,1.0,168.0,0.0,0.30878951260550935
nb2,3,E167::solan,2023-0428-IND,6.0,37.41200174715867,4.238786882698555,31.41200174715867,3.96802668447755,0.0,185.0,1.0,185.0,0.0,0.3021899004764279
nb2,3,E168::belagavi,2023-0428-IND,0.0,30.869780603180075,4.238786882698555,30.869780603180075,1.1516663237880476,0.0,152.0,1.0,152.0,1.0,0.3161095893463631
nb2,3,E168::chikkamagaluru,2023-0428-IND,0.0,36.979127139038184,4.238786882698555,36.979127139038184,1.19397137334477,0.0,183.0,1.0,183.0,1.0,0.3030154837343903
nb2,3,E168::shivamogga,2023-0428-IND,0.0,36.726413939840896,4.238786882698555,36.726413939840896,1.1923638896949764,0.0,181.0,1.0,181.0,1.0,0.30350296787654985
nb2,3,E168::uttara%20kannada,2023-0428-IND,9.0,34.57728566342612,4.238786882698555,25.577285663426117,4.277728627564747,0.0,171.0,1.0,171.0,0.0,0.3078225272824928
nb2,3,E169::balaghat,2023-0428-IND,2.0,36.81113451697804,4.238786882698555,34.81113451697804,3.1312922368744767,0.0,182.0,1.0,182.0,0.0,0.30333908393673786
nb2,3,E169::betul,2023-0428-IND,0.0,36.083207356347586,4.238786882698555,36.083207356347586,1.1882224058867974,0.0,178.0,1.0,178.0,1.0,0.30476252692513
nb2,3,E169::raisen,2023-0428-IND,0.0,31.76897893773823,4.238786882698555,31.76897893773823,1.1583894465260176,0.0,157.0,1.0,157.0,1.0,0.3139914739317865
nb2,3,E169::sagar,2023-0428-IND,0.0,32.64209534913801,4.238786882698555,32.64209534913801,1.1647391943795766,0.0,161.0,1.0,161.0,1.0,0.3120040238253874
nb2,3,E170::amravati,2023-0428-IND,0.0,33.6144702049313,4.238786882698555,33.6144702049313,1.1716152942264562,0.0,166.0,1.0,166.0,1.0,0.3098660120201525
nb2,3,E170::beed,2023-0428-IND,0.0,32.9649151285818,4.238786882698555,32.9649151285818,1.1670442933222713,0.0,163.0,1.0,163.0,1.0,0.31128565195715585
nb2,3,E170::chandrapur,2023-0428-IND,0.0,36.16505331161814,4.238786882698555,36.16505331161814,1.1887534509661448,0.0,179.0,1.0,179.0,1.0,0.30460072725010007
nb2,3,E170::gondia,2023-0428-IND,2.0,35.184171048368995,4.238786882698555,33.184171048368995,3.1212861524422495,0.0,174.0,1.0,174.0,0.0,0.30657002583541043
nb2,3,E170::hingoli,2023-0428-IND,0.0,35.65147924904705,4.238786882698555,35.65147924904705,1.1854012472978912,0.0,176.0,1.0,176.0,1.0,0.30562352427953043
nb2,3,E170::kolhapur,2023-0428-IND,1.0,47.0989468466907,4.238786882698555,46.0989468466907,2.699990898042806,0.0,232.0,1.0,232.0,0.0,0.28629935225994957
nb2,3,E170::latur,2023-0428-IND,0.0,34.901947051982745,4.238786882698555,34.901947051982745,1.1804217901265364,0.0,172.0,1.0,172.0,1.0,0.30714915879275767
nb2,3,E170::mumbai%20city,2023-0428-IND,72.0,51.845594728824835,4.238786882698555,20.154405271175165,6.218456652372987,0.0,256.0,1.0,256.0,0.0,0.2799169842067596
nb2,3,E170::nagpur,2023-0428-IND,1.0,39.40885327328189,4.238786882698555,38.40885327328189,2.6591377934365727,0.0,194.0,1.0,194.0,0.0,0.2985278232617722
nb2,3,E170::nanded,2023-0428-IND,0.0,29.51471926200607,4.238786882698555,29.51471926200607,1.1411584855213797,0.0,146.0,1.0,146.0,1.0,0.31944873063996465
nb2,3,E170::nashik,2023-0428-IND,0.0,42.3188598319742,4.238786882698555,42.3188598319742,1.2256028344285843,0.0,209.0,1.0,209.0,1.0,0.2935806664345389
nb2,3,E170::pune,2023-0428-IND,1.0,44.31145661555123,4.238786882698555,43.31145661555123,2.6859856786133314,0.0,219.0,1.0,219.0,0.0,0.2904282758098691
nb2,3,E170::raigad,2023-0428-IND,0.0,36.718244876948646,4.238786882698555,36.718244876948646,1.1923117438981419,0.0,181.0,1.0,181.0,1.0,0.3035187946932989
nb2,3,E170::ratnagiri,2023-0428-IND,0.0,39.37666260409764,4.238786882698555,39.37666260409764,1.208700503440233,0.0,194.0,1.0,194.0,1.0,0.29858503765931393
nb2,3,E170::satara,2023-0428-IND,0.0,39.26209745239554,4.238786882698555,39.26209745239554,1.2080172110072327,0.0,194.0,1.0,194.0,1.0,0.2987891282749997
nb2,3,E170::sindhudurg,2023-0428-IND,0.0,36.40765506161791,4.238786882698555,36.40765506161791,1.1903205490258981,0.0,180.0,1.0,180.0,1.0,0.3041237618648026
nb2,3,E170::thane,2023-0428-IND,24.0,37.61489554352847,4.238786882698555,13.614895543528469,5.129418256811045,0.0,186.0,1.0,186.0,0.0,0.30180696710820376
nb2,3,E170::yavatmal,2023-0428-IND,0.0,31.87678055328844,4.238786882698555,31.87678055328844,1.1591827454858825,0.0,157.0,1.0,157.0,1.0,0.3137424835970547
nb2,3,E171::gurdaspur,2023-0428-IND,0.0,24.972891362841445,4.238786882698555,24.972891362841445,1.1020772449807734,0.0,123.0,1.0,123.0,1.0,0.3321803465737099
nb2,3,E171::kapurthala,2023-0428-IND,1.0,23.91859076635525,4.238786882698555,22.91859076635525,2.5460904151938157,0.0,118.0,1.0,118.0,0.0,0.33554529940807537
nb2,3,E171::mansa,2023-0428-IND,0.0,23.825373112969768,4.238786882698555,23.825373112969768,1.0910860949141894,0.0,118.0,1.0,118.0,1.0,0.33585152891193165
nb2,3,E172::bageshwar,2023-0428-IND,0.0,35.24881221197239,4.238786882698555,35.24881221197239,1.182739232433994,0.0,174.0,1.0,174.0,1.0,0.3064381824789596
nb2,3,E172::champawat,2023-0428-IND,0.0,33.78240180656302,4.238786882698555,33.78240180656302,1.1727827815319578,0.0,167.0,1.0,167.0,1.0,0.30950445848036384
nb2,3,E172::dehradun,2023-0428-IND,2.0,34.42211593148135,4.238786882698555,32.42211593148135,3.1164499512834234,0.0,170.0,1.0,170.0,0.0,0.30814710626550545
nb2,3,E172::pithoragarh,2023-0428-IND,5.0,32.95054519191431,4.238786882698555,27.95054519191431,3.800006034910804,0.0,163.0,1.0,163.0,0.0,0.3113174455488603
nb2,3,E172::tehri%20garhwal,2023-0428-IND,0.0,36.90728152031082,4.238786882698555,36.90728152031082,1.193515483701489,0.0,182.0,1.0,182.0,1.0,0.30315365684863144
nb2,3,E198::chamba,2025-0469-IND,4.0,35.9491303544198,4.238786882698555,31.9491303544198,3.6450688140745977,0.0,177.0,1.0,177.0,0.0,0.30502855731815665
nb2,3,E198::hamirpur,2025-0469-IND,7.0,34.918587913447205,4.238786882698555,27.918587913447205,4.076862737494851,0.0,172.0,1.0,172.0,0.0,0.3071148519203254
nb2,3,E198::kinnaur,2025-0469-IND,3.0,26.560407210487075,4.238786882698555,23.560407210487075,3.3625866153685124,0.0,131.0,1.0,131.0,0.0,0.32742869782136336
nb2,3,E198::kullu,2025-0469-IND,12.0,33.09781160002845,4.238786882698555,21.09781160002845,4.5087859644722075,0.0,163.0,1.0,163.0,0.0,0.3109924211310604
nb2,3,E198::mandi,2025-0469-IND,64.0,36.022052777126866,4.238786882698555,27.977947222873134,6.134080579690995,0.0,178.0,1.0,178.0,0.0,0.3048837166583379
nb2,3,E198::shimla,2025-0469-IND,5.0,38.70654630600404,4.238786882698555,33.70654630600404,3.8324507781345365,0.0,191.0,1.0,191.0,0.0,0.29978928982108755
nb2,3,E199::chamoli,2025-0469-IND,1.0,29.76051278580235,4.238786882698555,28.76051278580235,2.5952725991052867,0.0,147.0,1.0,147.0,0.0,0.31882925468156087
nb2,3,E202::bageshwar,2025-0803-IND,0.0,34.8222971088681,4.238786882698555,34.8222971088681,1.179886411256267,0.0,172.0,1.0,172.0,1.0,0.30731364398941674
nb2,3,E202::champawat,2025-0803-IND,1.0,33.98421312972233,4.238786882698555,32.98421312972233,2.6253732820114055,0.0,168.0,1.0,168.0,0.0,0.3090728698440223
nb2,3,E202::dehradun,2025-0803-IND,127.0,33.70376456224043,4.238786882698555,93.29623543775958,7.109504391895747,0.0,166.0,1.0,166.0,0.0,0.3096734876978766
nb2,3,E202::haridwar,2025-0803-IND,0.0,34.92313461703332,4.238786882698555,34.92313461703332,1.1805640011333456,0.0,172.0,1.0,172.0,1.0,0.3071054819073855
nb2,3,E202::nainital,2025-0803-IND,9.0,38.89692763962453,4.238786882698555,29.89692763962453,4.298547029133984,0.0,192.0,1.0,192.0,0.0,0.2994445700122389
nb2,3,E202::pauri%20garhwal,2025-0803-IND,0.0,35.837327444213145,4.238786882698555,35.837327444213145,1.1866198235532708,0.0,177.0,1.0,177.0,1.0,0.3052513255320934
nb2,3,E202::pithoragarh,2025-0803-IND,7.0,33.058347980834185,4.238786882698555,26.058347980834185,4.066679420791435,0.0,163.0,1.0,163.0,0.0,0.31107934501817214
nb2,3,E202::tehri%20garhwal,2025-0803-IND,0.0,37.48347175930382,4.238786882698555,37.48347175930382,1.197147084135529,0.0,185.0,1.0,185.0,1.0,0.30205472055338095
nb2,3,E202::udham%20singh%20nagar,2025-0803-IND,0.0,32.9425981207634,4.238786882698555,32.9425981207634,1.1668856610941427,0.0,163.0,1.0,163.0,1.0,0.3113350358105421
poisson,3,E024::barpeta,2015-0406-IND,45.0,28.90718254379132,,16.09281745620868,6.647061900415846,20.0,38.0,0.0,18.0,0.0,2.791066177005204e-13
poisson,3,E024::bongaigaon,2015-0406-IND,28.0,30.65325656280122,,2.6532565628012215,2.7063103110411255,22.0,40.0,1.0,18.0,0.0,4.869224767551236e-14
poisson,3,E024::cachar,2015-0406-IND,31.0,29.13868113630705,,1.8613188636929507,2.6968419440769864,21.0,38.0,1.0,17.0,0.0,2.2142750807480587e-13
poisson,3,E024::darrang,2015-0406-IND,18.0,31.774123063894685,,13.774123063894685,5.913828340893112,23.0,41.0,0.0,18.0,0.0,1.587353617400976e-14
poisson,3,E024::dhemaji,2015-0406-IND,47.0,23.038671251300375,,23.961328748699625,12.394208237962065,15.0,31.0,0.0,16.0,0.0,9.87261508889985e-11
poisson,3,E024::dibrugarh,2015-0406-IND,56.0,25.84790685956172,,30.15209314043828,16.07584499171445,18.0,34.0,0.0,16.0,0.0,5.948352297202311e-12
poisson,3,E024::goalpara,2015-0406-IND,33.0,30.40883518263022,,2.59116481736978,2.777106692785374,22.0,40.0,1.0,18.0,0.0,6.217426774390728e-14
poisson,3,E024::jorhat,2015-0406-IND,28.0,29.133919216937247,,1.1339192169372474,2.610375436172834,21.0,38.0,1.0,17.0,0.0,2.2248444253561287e-13
poisson,3,E024::kamrup,2015-0406-IND,19.0,30.642808052223675,,11.642808052223675,4.957130480986503,22.0,40.0,0.0,18.0,0.0,4.920367632143057e-14
poisson,3,E024::kokrajhar,2015-0406-IND,24.0,32.905020403424864,,8.905020403424864,3.842743994052121,24.0,43.0,1.0,19.0,0.0,5.1230808750251854e-15
poisson,3,E024::lakhimpur,2015-0406-IND,29.0,25.14884132374677,,3.851158676253231,2.8863373700300663,17.0,34.0,1.0,17.0,0.0,1.1967322282714929e-11
poisson,3,E024::morigaon,2015-0406-IND,40.0,28.016773339312948,,11.983226660687052,5.025277908059067,20.0,37.0,0.0,17.0,0.0,6.799389777889437e-13
poisson,3,E024::nalbari,2015-0406-IND,18.0,34.145147931397034,,16.145147931397034,6.989424232121117,25.0,44.0,0.0,19.0,0.0,1.4823496993519417e-15
poisson,3,E024::sivasagar,2015-0406-IND,6.0,31.006592752094942,,25.006592752094942,16.980644856325277,22.0,40.0,0.0,18.0,0.0,3.4198563587319454e-14
poisson,3,E024::sonitpur,2015-0406-IND,40.0,28.294903427842755,,11.705096572157245,4.908275240922876,20.0,37.0,0.0,17.0,0.0,5.148486464431974e-13
poisson,3,E024::tinsukia,2015-0406-IND,33.0,28.216574161679688,,4.783425838320312,3.0540263089510375,20.0,37.0,1.0,17.0,0.0,5.567978419647485e-13
poisson,3,E025::chittoor,2015-0504-IND,55.0,43.58983232474206,,11.410167675257938,4.301962195288084,33.0,55.0,1.0,22.0,0.0,1.1726714564305747e-19
poisson,3,E026::puducherry,2015-0504-IND,7.0,50.091320774183465,,43.091320774183465,31.219547849946995,39.0,62.0,0.0,23.0,0.0,1.7604179838642542e-22
poisson,3,E027::chennai,2015-0504-IND,354.0,74.89491293083366,,279.10508706916636,274.5854091699377,61.0,89.0,0.0,28.0,0.0,2.9754495534051448e-33
poisson,3,E027::cuddalore,2015-0504-IND,116.0,33.037265804084434,,82.96273419591557,66.02438182088889,24.0,43.0,0.0,19.0,0.0,4.48846418465826e-15
poisson,3,E027::kancheepuram,2015-0504-IND,92.0,33.539654075490965,,58.460345924509035,37.553925064472956,24.0,43.0,0.0,19.0,0.0,2.715897091958022e-15
poisson,3,E027::nagapattinam,2015-0504-IND,21.0,28.037346104355645,,7.037346104355645,3.413199373733388,20.0,37.0,1.0,17.0,0.0,6.660936595148043e-13
poisson,3,E027::thiruvallur,2015-0504-IND,9.0,41.34371683428403,,32.34371683428403,20.64826018227903,31.0,52.0,0.0,21.0,0.0,1.1082861793738437e-18
poisson,3,E037::golaghat,2016-0554-IND,89.0,33.983627619096154,,55.016372380903846,33.83323831489017,25.0,44.0,0.0,19.0,0.0,1.7422001627421789e-15
poisson,3,E037::jorhat,2016-0554-IND,109.0,57.042784963568415,,51.957215036431585,21.890706761648694,45.0,70.0,0.0,25.0,0.0,1.6851294087201747e-25
poisson,3,E047::barpeta,2017-0180-IND,3.0,28.2834499454126,,25.2834499454126,20.048378936640812,20.0,37.0,0.0,17.0,0.0,5.207793551700186e-13
poisson,3,E047::biswanath,2017-0180-IND,13.0,27.1562692948074,,14.156269294807402,6.78753001924078,19.0,36.0,0.0,17.0,0.0,1.607615171841987e-12
poisson,3,E047::cachar,2017-0180-IND,1.0,28.183809728429136,,27.183809728429136,24.845062038462196,20.0,37.0,0.0,17.0,0.0,5.753431621279047e-13
poisson,3,E047::darrang,2017-0180-IND,14.0,30.733922364889658,,16.733922364889658,7.970005441276559,22.0,40.0,0.0,18.0,0.0,4.491869285379224e-14
poisson,3,E047::dhemaji,2017-0180-IND,2.0,29.48512126732251,,27.48512126732251,23.410496903298487,21.0,39.0,0.0,18.0,0.0,1.5659378999846146e-13
poisson,3,E047::dhubri,2017-0180-IND,1.0,36.821870468002146,,35.821870468002146,33.21577849316154,27.0,47.0,0.0,20.0,0.0,1.0196822099739656e-16
poisson,3,E047::dibrugarh,2017-0180-IND,2.0,28.60469836969206,,26.60469836969206,22.590703584263792,20.0,38.0,0.0,18.0,0.0,3.776916134535411e-13
poisson,3,E047::goalpara,2017-0180-IND,2.0,34.61759070886022,,32.61759070886022,28.22201397969746,25.0,45.0,0.0,20.0,0.0,9.242115217002443e-16
poisson,3,E047::hailakandi,2017-0180-IND,15.0,29.12763796848853,,14.127637968488528,6.451597125184783,21.0,38.0,0.0,17.0,0.0,2.2388632075871233e-13
poisson,3,E047::jorhat,2017-0180-IND,14.0,31.695728114018902,,17.695728114018902,8.500402528866971,23.0,41.0,0.0,18.0,0.0,1.7168018799029365e-14
poisson,3,E047::kamrup,2017-0180-IND,16.0,29.375119628891163,,13.375119628891163,5.9646110161090995,21.0,39.0,0.0,18.0,0.0,1.7480250014698516e-13
poisson,3,E047::kamrup%20metropolitan,2017-0180-IND,12.0,43.21260358613223,,31.212603586132232,18.006231653253444,33.0,54.0,0.0,21.0,0.0,1.7100338758460583e-19
poisson,3,E047::karbi%20anglong,2017-0180-IND,1.0,29.34826843863978,,28.34826843863978,25.969034891085972,21.0,39.0,0.0,18.0,0.0,1.7955973826584464e-13
poisson,3,E047::karimganj,2017-0180-IND,7.0,28.744674954478114,,21.744674954478114,13.7606685977488,20.0,38.0,0.0,18.0,0.0,3.283570030563614e-13
poisson,3,E047::kokrajhar,2017-0180-IND,1.0,41.81570927923423,,40.81570927923423,38.082437190228816,31.0,53.0,0.0,22.0,0.0,6.913026205086272e-19
poisson,3,E047::lakhimpur,2017-0180-IND,35.0,28.577765128355033,,6.422234871644967,3.3719266981921336,20.0,38.0,1.0,18.0,0.0,3.8800229965657805e-13
poisson,3,E047::majuli,2017-0180-IND,2.0,25.400099350353692,,23.400099350353692,19.623740360017457,17.0,34.0,0.0,17.0,0.0,9.30844232792448e-12
poisson,3,E047::morigaon,2017-0180-IND,1.0,28.723287651631786,,27.723287651631786,25.36557944145339,20.0,38.0,0.0,18.0,0.0,3.3545530997064863e-13
poisson,3,E047::nagaon,2017-0180-IND,1.0,29.36874798534191,,28.36874798534191,25.988816870071624,21.0,39.0,0.0,18.0,0.0,1.759198352197311e-13
poisson,3,E047::nalbari,2017-0180-IND,0.0,31.754931338980093,,31.754931338980093,31.754931338980093,23.0,41.0,0.0,18.0,1.0,1.6181118793456643e-14
poisson,3,E047::sivasagar,2017-0180-IND,1.0,34.18043264989481,,33.18043264989481,30.64877931430343,25.0,44.0,0.0,19.0,0.0,1.430957420429365e-15
poisson,3,E047::sonitpur,2017-0180-IND,1.0,30.019435209627254,,29.019435209627254,26.617590197402144,21.0,39.0,0.0,18.0,0.0,9.177511526034383e-14
poisson,3,E047::udalguri,2017-0180-IND,0.0,38.267480358366775,,38.267480358366775,38.267480358366775,28.0,49.0,0.0,21.0,1.0,2.4023951587965487e-17
poisson,3,E048::giridih,2017-0180-IND,0.0,26.719894203717395,,26.719894203717395,26.719894203717395,19.0,35.0,0.0,16.0,1.0,2.4871237248361138e-12
poisson,3,E049::bishnupur,2017-0180-IND,1.0,27.54316803168142,,26.54316803168142,24.22741351116668,19.0,36.0,0.0,17.0,0.0,1.0918277035554098e-12
poisson,3,E049::imphal%20east,2017-0180-IND,4.0,26.52824519706886,,22.52824519706886,16.593458939962368,18.0,35.0,0.0,17.0,0.0,3.0125169304268586e-12
poisson,3,E049::imphal%20west,2017-0180-IND,4.0,26.427099749728896,,22.427099749728896,16.50759362276827,18.0,35.0,0.0,17.0,0.0,3.3331618773221135e-12
poisson,3,E049::thoubal,2017-0180-IND,5.0,24.56591112081497,,19.56591112081497,13.3466040879225,17.0,33.0,0.0,16.0,0.0,2.1436819802934118e-11
poisson,3,E051::barpeta,2017-0289-IND,41.0,27.09347570744719,,13.90652429255281,5.856676534877629,19.0,36.0,0.0,17.0,0.0,1.7117999315553656e-12
poisson,3,E051::bongaigaon,2017-0289-IND,7.0,27.51667581072074,,20.51667581072074,12.838291673732748,19.0,36.0,0.0,17.0,0.0,1.121139193254052e-12
poisson,3,E051::cachar,2017-0289-IND,54.0,28.860088493707266,,25.139911506292734,11.607381295745952,20.0,38.0,0.0,18.0,0.0,2.9256530338918055e-13
poisson,3,E051::charaideo,2017-0289-IND,0.0,26.597208816859794,,26.597208816859794,26.597208816859794,18.0,35.0,0.0,17.0,1.0,2.8117647160821973e-12
poisson,3,E051::chirang,2017-0289-IND,13.0,32.266190981033084,,19.266190981033084,9.656095312785336,23.0,42.0,0.0,19.0,0.0,9.704458449485714e-15
poisson,3,E051::darrang,2017-0289-IND,10.0,24.91234507625245,,14.91234507625245,7.863122981286253,17.0,33.0,0.0,16.0,0.0,1.5160237399300758e-11
poisson,3,E051::dhemaji,2017-0289-IND,47.0,23.75804676224446,,23.24195323775554,11.668469045036787,16.0,32.0,0.0,16.0,0.0,4.8085195971761306e-11
poisson,3,E051::dhubri,2017-0289-IND,8.0,28.681126507420448,,20.681126507420448,12.435815062474102,20.0,38.0,0.0,18.0,0.0,3.4990087059307973e-13
poisson,3,E051::dibrugarh,2017-0289-IND,0.0,25.887996392775744,,25.887996392775744,25.887996392775744,18.0,35.0,0.0,17.0,1.0,5.714602397884528e-12
poisson,3,E051::goalpara,2017-0289-IND,8.0,28.14372784850895,,20.14372784850895,12.049734607385506,20.0,37.0,0.0,17.0,0.0,5.98872395617135e-13
poisson,3,E051::golaghat,2017-0289-IND,52.0,24.71254101870348,,27.28745898129652,14.29321320853835,17.0,33.0,0.0,16.0,0.0,1.8513127910795255e-11
poisson,3,E051::jorhat,2017-0289-IND,63.0,26.404444597825048,,36.59555540217495,21.181222823613055,18.0,35.0,0.0,17.0,0.0,3.409537044844696e-12
poisson,3,E051::karbi%20anglong,2017-0289-IND,30.0,26.352782606383894,,3.6472173936161063,2.863802820048118,18.0,35.0,1.0,17.0,0.0,3.5903098556608075e-12
poisson,3,E051::karimganj,2017-0289-IND,80.0,32.85257607722297,,47.14742392277703,27.163287462601595,24.0,43.0,0.0,19.0,0.0,5.39892747275915e-15
poisson,3,E051::kokrajhar,2017-0289-IND,0.0,30.57706843848386,,30.57706843848386,30.57706843848386,22.0,40.0,0.0,18.0,1.0,5.254699733169653e-14
poisson,3,E051::lakhimpur,2017-0289-IND,72.0,24.39055412826685,,47.60944587173315,33.386836625277745,17.0,33.0,0.0,16.0,0.0,2.5545648464963027e-11
poisson,3,E051::majuli,2017-0289-IND,32.0,21.575053869967043,,10.424946130032957,4.843805843322848,14.0,29.0,0.0,15.0,0.0,4.2665138276589336e-10
poisson,3,E051::morigaon,2017-0289-IND,13.0,27.409412641705966,,14.409412641705966,6.920052235697661,19.0,36.0,0.0,17.0,0.0,1.248082625670688e-12
poisson,3,E051::nagaon,2017-0289-IND,27.0,26.788188946957128,,0.2118110530428723,2.5707784290626776,19.0,36.0,1.0,17.0,0.0,2.3229366182351375e-12
poisson,3,E051::nalbari,2017-0289-IND,44.0,24.840880461251537,,19.159119538748463,8.808560734176488,17.0,33.0,0.0,16.0,0.0,1.6283309964427332e-11
poisson,3,E051::sivasagar,2017-0289-IND,32.0,25.348891355657816,,6.651108644342184,3.459330953333424,17.0,34.0,1.0,17.0,0.0,9.797524583712904e-12
poisson,3,E051::sonitpur,2017-0289-IND,44.0,25.57098727271474,,18.42901272728526,8.264088859694844,18.0,34.0,0.0,16.0,0.0,7.846235347645576e-12
poisson,3,E051::south%20salmara,2017-0289-IND,5.0,28.10796112124523,,23.10796112124523,16.21518861334124,20.0,37.0,0.0,17.0,0.0,6.206797656624179e-13
poisson,3,E058::chennai,2017-0495-IND,269.0,71.5080132956077,,197.4919867043923,162.62321821735756,58.0,86.0,0.0,28.0,0.0,8.799630044491676e-32
poisson,3,E064::gajapati,2018-0286-IND,2.0,36.106286664705976,,34.106286664705976,29.62649985323804,27.0,46.0,0.0,19.0,0.0,2.0856380407765948e-16
poisson,3,E064::kandhamal,2018-0286-IND,4.0,40.45797174860009,,36.45797174860009,28.834970776185337,30.0,51.0,0.0,21.0,0.0,2.687361682876683e-18
poisson,3,E064::malkangiri,2018-0286-IND,12.0,31.439633428776958,,19.439633428776958,10.050016227202981,23.0,41.0,0.0,18.0,0.0,2.2178935035378978e-14
poisson,3,E064::rayagada,2018-0286-IND,16.0,36.51029272351553,,20.510292723515533,9.620645417418,27.0,47.0,0.0,20.0,0.0,1.3924555403708463e-16
poisson,3,E139::bongaigaon,2021-0366-IND,3.0,24.956632177182446,,21.956632177182446,17.096972829614288,17.0,33.0,0.0,16.0,0.0,1.4503484613774792e-11
poisson,3,E139::dhemaji,2021-0366-IND,3.0,26.166860412923864,,23.166860412923864,18.165138660926708,18.0,35.0,0.0,17.0,0.0,4.323912670038567e-12
poisson,3,E139::dibrugarh,2021-0366-IND,3.0,29.408925600106556,,26.408925600106556,21.05679040900366,21.0,39.0,0.0,18.0,0.0,1.689919016939358e-13
poisson,3,E135::bagalkot,2021-0435-IND,0.0,26.945113451942724,,26.945113451942724,26.945113451942724,19.0,36.0,0.0,17.0,1.0,1.985573251204756e-12
poisson,3,E135::belagavi,2021-0435-IND,0.0,33.28839037952348,,33.28839037952348,33.28839037952348,24.0,43.0,0.0,19.0,1.0,3.491690543627819e-15
poisson,3,E135::chikkamagaluru,2021-0435-IND,0.0,34.0053722550686,,34.0053722550686,34.0053722550686,25.0,44.0,0.0,19.0,1.0,1.7047255667152392e-15
poisson,3,E135::davanagere,2021-0435-IND,0.0,33.22461950225551,,33.22461950225551,33.22461950225551,24.0,43.0,0.0,19.0,1.0,3.7216119437983146e-15
poisson,3,E135::dharwad,2021-0435-IND,0.0,30.692512204198362,,30.692512204198362,30.692512204198362,22.0,40.0,0.0,18.0,1.0,4.6817833625493253e-14
poisson,3,E135::gadag,2021-0435-IND,0.0,23.533642495417656,,23.533642495417656,23.533642495417656,16.0,32.0,0.0,16.0,1.0,6.018231994213101e-11
poisson,3,E135::haveri,2021-0435-IND,0.0,31.97918874649877,,31.97918874649877,31.97918874649877,23.0,42.0,0.0,19.0,1.0,1.2930484310341974e-14
poisson,3,E135::kodagu,2021-0435-IND,0.0,44.6257056327807,,44.6257056327807,44.6257056327807,34.0,56.0,0.0,22.0,1.0,4.1620020773744604e-20
poisson,3,E135::shivamogga,2021-0435-IND,0.0,39.91363108353146,,39.91363108353146,39.91363108353146,30.0,51.0,0.0,21.0,1.0,4.631591707615693e-18
poisson,3,E135::uttara%20kannada,2021-0435-IND,0.0,41.17523854449338,,41.17523854449338,41.17523854449338,31.0,52.0,0.0,21.0,1.0,1.311659499999529e-18
poisson,3,E136::pune,2021-0435-IND,0.0,44.25816800897895,,44.25816800897895,44.25816800897895,34.0,55.0,0.0,21.0,1.0,6.010655740923431e-20
poisson,3,E136::raigarh,2021-0435-IND,0.0,41.464578539194896,,41.464578539194896,41.464578539194896,31.0,52.0,0.0,21.0,1.0,9.82115004163405e-19
poisson,3,E136::ratnagiri,2021-0435-IND,0.0,44.088888829989756,,44.088888829989756,44.088888829989756,33.0,55.0,0.0,22.0,1.0,7.119325799729367e-20
poisson,3,E136::satara,2021-0435-IND,0.0,44.06120144641232,,44.06120144641232,44.06120144641232,33.0,55.0,0.0,22.0,1.0,7.319195470041705e-20
poisson,3,E137::bageshwar,2021-0435-IND,0.0,36.02330737411408,,36.02330737411408,36.02330737411408,26.0,46.0,0.0,20.0,1.0,2.2660859990167046e-16
poisson,3,E137::chamoli,2021-0435-IND,0.0,26.2488147911982,,26.2488147911982,26.2488147911982,18.0,35.0,0.0,17.0,1.0,3.983681233025097e-12
poisson,3,E137::dehradun,2021-0435-IND,0.0,34.05751198758527,,34.05751198758527,34.05751198758527,25.0,44.0,0.0,19.0,1.0,1.6181190708800664e-15
poisson,3,E137::pithoragarh,2021-0435-IND,0.0,32.357668683718444,,32.357668683718444,32.357668683718444,23.0,42.0,0.0,19.0,1.0,8.856110840493605e-15
poisson,3,E137::uttarkashi,2021-0435-IND,0.0,28.077880543261937,,28.077880543261937,28.077880543261937,20.0,37.0,0.0,17.0,1.0,6.396338169866075e-13
poisson,3,E138::hooghly,2021-0435-IND,1.0,45.68736833324081,,44.68736833324081,41.865546477633934,35.0,57.0,0.0,22.0,0.0,1.4395542637957725e-20
poisson,3,E142::jamnagar,2021-0585-IND,23.0,26.956059907955822,,3.9560599079558223,2.79594849684241,19.0,36.0,1.0,17.0,0.0,1.9639567886268165e-12
poisson,3,E142::junagadh,2021-0585-IND,7.0,31.876862598757093,,24.876862598757093,16.168860906127293,23.0,41.0,0.0,18.0,0.0,1.4323675479381508e-14
poisson,3,E142::porbandar,2021-0585-IND,4.0,21.10697525160421,,17.10697525160421,12.086614815964044,14.0,29.0,0.0,15.0,0.0,6.813293827484974e-10
poisson,3,E142::rajkot,2021-0585-IND,31.0,33.224350983413174,,2.2243509834131743,2.7147993535389503,24.0,43.0,1.0,19.0,0.0,3.722611400909603e-15
poisson,3,E142::valsad,2021-0585-IND,3.0,40.732677008294765,,37.732677008294765,31.40334454188206,31.0,51.0,0.0,20.0,0.0,2.0418467451883784e-18
poisson,3,E148::baksa,2022-0293-IND,21.0,28.204805685631438,,7.204805685631438,3.4556046501134823,20.0,37.0,1.0,17.0,0.0,5.633892131550153e-13
poisson,3,E148::barpeta,2022-0293-IND,29.0,24.90977204583111,,4.090227954168888,2.9242658474766827,17.0,33.0,1.0,16.0,0.0,1.5199295378459593e-11
poisson,3,E148::biswanath,2022-0293-IND,41.0,23.72880374911555,,17.27119625088445,7.928739541613233,16.0,32.0,0.0,16.0,0.0,4.9512113995368704e-11
poisson,3,E148::bongaigaon,2022-0293-IND,11.0,28.45220681951667,,17.45220681951667,9.12403168035156,20.0,37.0,0.0,17.0,0.0,4.399097425904898e-13
poisson,3,E148::cachar,2022-0293-IND,179.0,24.13588265185269,,154.86411734814732,207.30880334204807,16.0,32.0,0.0,16.0,0.0,3.295485070005628e-11
poisson,3,E148::chirang,2022-0293-IND,5.0,34.95992329518292,,29.959923295182918,21.9764032544089,26.0,45.0,0.0,19.0,0.0,6.56293684606584e-16
poisson,3,E148::darrang,2022-0293-IND,95.0,26.003334402787857,,68.99666559721214,57.287039547914844,18.0,35.0,0.0,17.0,0.0,5.09208163786707e-12
poisson,3,E148::dhemaji,2022-0293-IND,29.0,23.72745479131955,,5.272545208680452,3.1521423354120266,16.0,32.0,1.0,16.0,0.0,4.9578948816080584e-11
poisson,3,E148::dhubri,2022-0293-IND,27.0,29.552973690805306,,2.552973690805306,2.6835342926155796,21.0,39.0,1.0,18.0,0.0,1.4632098035061573e-13
poisson,3,E148::dibrugarh,2022-0293-IND,40.0,25.293290185954568,,14.706709814045432,6.3923638800019305,17.0,34.0,0.0,17.0,0.0,1.0357707514638506e-11
poisson,3,E148::dima%20hasao,2022-0293-IND,175.0,31.04251978712547,,143.95748021287454,162.1942455562645,22.0,40.0,0.0,18.0,0.0,3.299171956756418e-14
poisson,3,E148::goalpara,2022-0293-IND,42.0,24.911367269281925,,17.088632730718075,7.639631591265243,17.0,33.0,0.0,16.0,0.0,1.5175068434867914e-11
poisson,3,E148::golaghat,2022-0293-IND,28.0,27.917833130645725,,0.08216686935427475,2.588137649270031,20.0,37.0,1.0,17.0,0.0,7.506528272584731e-13
poisson,3,E148::hailakandi,2022-0293-IND,36.0,26.296209630652065,,9.703790369347935,4.3166110743612265,18.0,35.0,0.0,17.0,0.0,3.799279658751573e-12
poisson,3,E148::hojai,2022-0293-IND,147.0,25.31879975333584,,121.68120024666416,140.28967435124855,17.0,34.0,0.0,17.0,0.0,1.009682847938145e-11
poisson,3,E148::kamrup,2022-0293-IND,44.0,23.86531501403474,,20.13468498596526,9.595835554389712,16.0,32.0,0.0,16.0,0.0,4.319419459712231e-11
poisson,3,E148::kamrup%20metropolitan,2022-0293-IND,20.0,34.863079087644635,,14.863079087644635,6.170128279739629,25.0,45.0,0.0,20.0,0.0,7.230313529164426e-16
poisson,3,E148::karimganj,2022-0293-IND,50.0,27.085186851349963,,22.914813148650037,10.613605413708061,19.0,36.0,0.0,17.0,0.0,1.7260477623901795e-12
poisson,3,E148::kokrajhar,2022-0293-IND,11.0,32.19149796331412,,21.19149796331412,11.5050796371114,23.0,42.0,0.0,19.0,0.0,1.0457071327232307e-14
poisson,3,E148::lakhimpur,2022-0293-IND,57.0,23.86306732555985,,33.136932674440146,19.435993810555427,16.0,32.0,0.0,16.0,0.0,4.329139088306574e-11
poisson,3,E148::majuli,2022-0293-IND,23.0,19.694312541131684,,3.3056874588683165,2.7534006258961874,13.0,27.0,1.0,14.0,0.0,2.7981354812408294e-09
poisson,3,E148::morigaon,2022-0293-IND,62.0,24.193550629954988,,37.806449370045016,23.52239442834426,16.0,33.0,0.0,17.0,0.0,3.110817001006655e-11
poisson,3,E148::nagaon,2022-0293-IND,133.0,25.594674391992722,,107.40532560800727,115.13873643664198,18.0,34.0,0.0,16.0,0.0,7.66256453900746e-12
poisson,3,E148::nalbari,2022-0293-IND,29.0,23.971435621908313,,5.028564378091687,3.099449355237752,16.0,32.0,1.0,16.0,0.0,3.8845237950354227e-11
poisson,3,E148::sivasagar,2022-0293-IND,11.0,24.535913390498337,,13.535913390498337,6.836704370353381,17.0,33.0,0.0,16.0,0.0,2.2089618022982506e-11
poisson,3,E148::sonitpur,2022-0293-IND,34.0,25.808504490776038,,8.191495509223962,3.865393685732805,18.0,34.0,1.0,16.0,0.0,6.187410264932734e-12
poisson,3,E148::south%20salmara,2022-0293-IND,5.0,27.477104690855246,,22.477104690855246,15.69783092759457,19.0,36.0,0.0,17.0,0.0,1.1663934014618046e-12
poisson,3,E148::tinsukia,2022-0293-IND,12.0,29.916661384048897,,17.916661384048897,9.122889134240662,21.0,39.0,0.0,18.0,0.0,1.0170892027518293e-13
poisson,3,E148::udalguri,2022-0293-IND,48.0,32.82071179710642,,15.17928820289358,5.923766325321857,24.0,43.0,0.0,19.0,0.0,5.573730608091973e-15
poisson,3,E148::west%20karbi%20anglong,2022-0293-IND,1.0,25.972246964419956,,24.972246964419956,22.715218420947064,18.0,35.0,0.0,17.0,0.0,5.252867676163299e-12
poisson,3,E150::bharuch,2022-0293-IND,0.0,30.47555746924158,,30.47555746924158,30.47555746924158,22.0,40.0,0.0,18.0,1.0,5.816122674947138e-14
poisson,3,E150::navsari,2022-0293-IND,0.0,40.12143037364452,,40.12143037364452,40.12143037364452,30.0,51.0,0.0,21.0,1.0,3.762566484614461e-18
poisson,3,E150::surat,2022-0293-IND,0.0,36.896807845502856,,36.896807845502856,36.896807845502856,27.0,47.0,0.0,20.0,1.0,9.460627713886895e-17
poisson,3,E150::tapi,2022-0293-IND,0.0,28.39310173724487,,28.39310173724487,28.39310173724487,20.0,37.0,0.0,17.0,1.0,4.666944018317544e-13
poisson,3,E150::vadodara,2022-0293-IND,0.0,32.8242058376956,,32.8242058376956,32.8242058376956,24.0,43.0,0.0,19.0,1.0,5.5542897504653e-15
poisson,3,E150::valsad,2022-0293-IND,0.0,41.03481420681245,,41.03481420681245,41.03481420681245,31.0,52.0,0.0,21.0,1.0,1.5094079186527755e-18
poisson,3,E154::east%20khasi%20hills,2022-0293-IND,2.0,41.299030145484544,,39.299030145484544,34.550499292982344,31.0,52.0,0.0,21.0,0.0,1.1589350561543316e-18
poisson,3,E154::ri%20bhoi,2022-0293-IND,0.0,37.341235125389616,,37.341235125389616,37.341235125389616,28.0,48.0,0.0,20.0,1.0,6.066073072948776e-17
poisson,3,E162::dhemaji,2023-0428-IND,9.0,22.99543457227848,,13.99543457227848,7.579600758042696,15.0,31.0,0.0,16.0,0.0,1.0308836609229987e-10
poisson,3,E162::lakhimpur,2023-0428-IND,69.0,25.178739367550886,,43.82126063244911,28.775290276588773,17.0,34.0,0.0,17.0,0.0,1.1614818600150232e-11
poisson,3,E163::supaul,2023-0428-IND,0.0,27.11187574602093,,27.11187574602093,27.11187574602093,19.0,36.0,0.0,17.0,1.0,1.6805907523485486e-12
poisson,3,E164::raipur,2023-0428-IND,0.0,32.81507079153574,,32.81507079153574,32.81507079153574,24.0,43.0,0.0,19.0,1.0,5.6052609011708815e-15
poisson,3,E166::bhavnagar,2023-0428-IND,6.0,24.593707320217348,,18.593707320217348,11.958014870878921,17.0,33.0,0.0,16.0,0.0,2.084916283648146e-11
poisson,3,E166::dang,2023-0428-IND,1.0,36.23463531419301,,35.23463531419301,32.644619876145136,27.0,46.0,0.0,19.0,0.0,1.8344159981476268e-16
poisson,3,E166::navsari,2023-0428-IND,28.0,35.55069100936645,,7.550691009366453,3.4535655219425436,26.0,46.0,1.0,20.0,0.0,3.6352230778992134e-16
poisson,3,E166::surat,2023-0428-IND,32.0,43.912733490287955,,11.912733490287955,4.440154234429123,33.0,55.0,0.0,22.0,0.0,8.490673871841777e-20
poisson,3,E166::tapi,2023-0428-IND,9.0,34.63950970047813,,25.63950970047813,15.536382815502193,25.0,45.0,0.0,20.0,0.0,9.041741389425307e-16
poisson,3,E166::valsad,2023-0428-IND,16.0,39.439317645326426,,23.439317645326426,11.314966095362589,29.0,50.0,0.0,21.0,0.0,7.44255369529034e-18
poisson,3,E167::bilaspur,2023-0428-IND,0.0,40.735979079322696,,40.735979079322696,40.735979079322696,31.0,52.0,0.0,21.0,1.0,2.0351155417797304e-18
poisson,3,E167::chamba,2023-0428-IND,7.0,37.79229649624384,,30.792296496243843,20.892720859085273,28.0,48.0,0.0,20.0,0.0,3.863795863721695e-17
poisson,3,E167::hamirpur,2023-0428-IND,5.0,40.18830458603751,,35.18830458603751,26.507916215815325,30.0,51.0,0.0,21.0,0.0,3.5191767621056244e-18
poisson,3,E167::kangra,2023-0428-IND,16.0,36.79421519292362,,20.794215192923623,9.78062510742259,27.0,47.0,0.0,20.0,0.0,1.0482753552857892e-16
poisson,3,E167::mandi,2023-0428-IND,15.0,37.63377537981047,,22.633775379810473,11.114517835243596,28.0,48.0,0.0,20.0,0.0,4.527505841895299e-17
poisson,3,E167::shimla,2023-0428-IND,19.0,42.626544574892954,,23.626544574892954,10.669362507235036,32.0,54.0,0.0,22.0,0.0,3.0727477442365516e-19
poisson,3,E167::sirmaur,2023-0428-IND,8.0,34.131292682228825,,26.131292682228825,16.494178485375727,25.0,44.0,0.0,19.0,0.0,1.5030309649912357e-15
poisson,3,E167::solan,2023-0428-IND,6.0,39.01589964559795,,33.01589964559795,23.61133537998876,29.0,50.0,0.0,21.0,0.0,1.1366063484060386e-17
poisson,3,E168::belagavi,2023-0428-IND,0.0,28.926099356345794,,28.926099356345794,28.926099356345794,20.0,38.0,0.0,18.0,1.0,2.7387643528657707e-13
poisson,3,E168::chikkamagaluru,2023-0428-IND,0.0,38.13095811801571,,38.13095811801571,38.13095811801571,28.0,49.0,0.0,21.0,1.0,2.753818414322671e-17
poisson,3,E168::shivamogga,2023-0428-IND,0.0,37.60726069092283,,37.60726069092283,37.60726069092283,28.0,48.0,0.0,20.0,1.0,4.6491568936939616e-17
poisson,3,E168::uttara%20kannada,2023-0428-IND,9.0,34.499046337726156,,25.499046337726156,15.432488686373063,25.0,44.0,0.0,19.0,0.0,1.0405298527197027e-15
poisson,3,E169::balaghat,2023-0428-IND,2.0,37.74382768826473,,35.74382768826473,31.17533095406465,28.0,48.0,0.0,20.0,0.0,4.055682128912509e-17
poisson,3,E169::betul,2023-0428-IND,0.0,36.68431013408249,,36.68431013408249,36.68431013408249,27.0,47.0,0.0,20.0,1.0,1.170055699190487e-16
poisson,3,E169::raisen,2023-0428-IND,0.0,30.50703284706379,,30.50703284706379,30.50703284706379,22.0,40.0,0.0,18.0,1.0,5.635909040295327e-14
poisson,3,E169::sagar,2023-0428-IND,0.0,31.576240918605013,,31.576240918605013,31.576240918605013,23.0,41.0,0.0,18.0,1.0,1.9346963387952202e-14
poisson,3,E170::amravati,2023-0428-IND,0.0,32.902086548455664,,32.902086548455664,32.902086548455664,24.0,43.0,0.0,19.0,1.0,5.138133321358228e-15
poisson,3,E170::beed,2023-0428-IND,0.0,32.00953552003279,,32.00953552003279,32.00953552003279,23.0,42.0,0.0,19.0,1.0,1.2543980070984725e-14
poisson,3,E170::chandrapur,2023-0428-IND,0.0,36.696672774843854,,36.696672774843854,36.696672774843854,27.0,47.0,0.0,20.0,1.0,1.155679766252738e-16
poisson,3,E170::gondia,2023-0428-IND,2.0,35.41251242385439,,33.41251242385439,28.97152917243627,26.0,45.0,0.0,19.0,0.0,4.1738925434033454e-16
poisson,3,E170::hingoli,2023-0428-IND,0.0,36.13830880490957,,36.13830880490957,36.13830880490957,27.0,46.0,0.0,19.0,1.0,2.0199094486253878e-16
poisson,3,E170::kolhapur,2023-0428-IND,1.0,53.693645258250385,,52.693645258250385,49.710350601573225,42.0,66.0,0.0,24.0,0.0,4.798949182365226e-24
poisson,3,E170::latur,2023-0428-IND,0.0,34.80782146628633,,34.80782146628633,34.80782146628633,25.0,45.0,0.0,20.0,1.0,7.641088154366189e-16
poisson,3,E170::mumbai%20city,2023-0428-IND,72.0,61.89715716908514,,10.10284283091486,3.841400554527546,49.0,75.0,1.0,26.0,0.0,1.3134277747363634e-27
poisson,3,E170::nagpur,2023-0428-IND,1.0,41.324929246927184,,40.324929246927184,37.603463315334636,31.0,52.0,0.0,21.0,0.0,1.1293050312890659e-18
poisson,3,E170::nanded,2023-0428-IND,0.0,27.17593246451875,,27.17593246451875,27.17593246451875,19.0,36.0,0.0,17.0,1.0,1.5763131192202996e-12
poisson,3,E170::nashik,2023-0428-IND,0.0,45.74383810178633,,45.74383810178633,45.74383810178633,35.0,57.0,0.0,22.0,1.0,1.3605156170697095e-20
poisson,3,E170::pune,2023-0428-IND,1.0,48.73411061087751,,47.73411061087751,44.847731402749524,38.0,60.0,0.0,22.0,0.0,6.8398201333270955e-22
poisson,3,E170::raigad,2023-0428-IND,0.0,37.459867448677024,,37.459867448677024,37.459867448677024,28.0,48.0,0.0,20.0,1.0,5.3874874837308296e-17
poisson,3,E170::ratnagiri,2023-0428-IND,0.0,41.663707654638834,,41.663707654638834,41.663707654638834,31.0,53.0,0.0,22.0,1.0,8.047883295918125e-19
poisson,3,E170::satara,2023-0428-IND,0.0,41.2598866654393,,41.2598866654393,41.2598866654393,31.0,52.0,0.0,21.0,1.0,1.2051993735125079e-18
poisson,3,E170::sindhudurg,2023-0428-IND,0.0,37.370260648719025,,37.370260648719025,37.370260648719025,28.0,48.0,0.0,20.0,1.0,5.892532858743432e-17
poisson,3,E170::thane,2023-0428-IND,24.0,38.31347393887835,,14.313473938878353,5.598964114025527,28.0,49.0,0.0,21.0,0.0,2.2944029152602042e-17
poisson,3,E170::yavatmal,2023-0428-IND,0.0,30.460111829319885,,30.460111829319885,30.460111829319885,22.0,40.0,0.0,18.0,1.0,5.906653767040122e-14
poisson,3,E171::gurdaspur,2023-0428-IND,0.0,21.36543509490285,,21.36543509490285,21.36543509490285,14.0,29.0,0.0,15.0,1.0,5.261498304949526e-10
poisson,3,E171::kapurthala,2023-0428-IND,1.0,20.2463471660588,,19.2463471660588,17.238372775639213,13.0,28.0,0.0,15.0,0.0,1.6111024091969302e-09
poisson,3,E171::mansa,2023-0428-IND,0.0,20.141476114113203,,20.141476114113203,20.141476114113203,13.0,28.0,0.0,15.0,1.0,1.7892378066546323e-09
poisson,3,E172::bageshwar,2023-0428-IND,0.0,36.02203641610107,,36.02203641610107,36.02203641610107,26.0,46.0,0.0,20.0,1.0,2.2689679301941445e-16
poisson,3,E172::champawat,2023-0428-IND,0.0,33.85588021612077,,33.85588021612077,33.85588021612077,25.0,44.0,0.0,19.0,1.0,1.979602721346756e-15
poisson,3,E172::dehradun,2023-0428-IND,2.0,34.22301418345694,,32.22301418345694,27.850364669828924,25.0,44.0,0.0,19.0,0.0,1.3713041364367998e-15
poisson,3,E172::pithoragarh,2023-0428-IND,5.0,32.466930268666914,,27.466930268666914,19.85331180592127,23.0,42.0,0.0,19.0,0.0,7.939466854719021e-15
poisson,3,E172::tehri%20garhwal,2023-0428-IND,0.0,38.22816650307134,,38.22816650307134,38.22816650307134,28.0,49.0,0.0,21.0,1.0,2.4987236907871645e-17
poisson,3,E198::chamba,2025-0469-IND,4.0,36.549547866107915,,32.549547866107915,25.33292643311606,27.0,47.0,0.0,20.0,0.0,1.3388534612816432e-16
poisson,3,E198::hamirpur,2025-0469-IND,7.0,35.07123194778273,,28.071231947782728,18.69472496634139,26.0,45.0,0.0,19.0,0.0,5.871613921703771e-16
poisson,3,E198::kinnaur,2025-0469-IND,3.0,23.87718556628779,,20.87718556628779,16.15017476285421,16.0,32.0,0.0,16.0,0.0,4.268448689431781e-11
poisson,3,E198::kullu,2025-0469-IND,12.0,32.44490987177599,,20.44490987177599,10.677601525132353,23.0,42.0,0.0,19.0,0.0,8.116236188541524e-15
poisson,3,E198::mandi,2025-0469-IND,64.0,36.445974531301495,,27.554025468698505,11.480989101481448,27.0,47.0,0.0,20.0,0.0,1.4849586943321057e-16
poisson,3,E198::shimla,2025-0469-IND,5.0,40.55140385202949,,35.55140385202949,26.826043593640776,30.0,51.0,0.0,21.0,0.0,2.4476486324767885e-18
poisson,3,E199::chamoli,2025-0469-IND,1.0,27.80968631847975,,26.80968631847975,24.484301929748057,19.0,37.0,0.0,18.0,0.0,8.363858723835857e-13
poisson,3,E202::bageshwar,2025-0803-IND,0.0,35.10338321455528,,35.10338321455528,35.10338321455528,26.0,45.0,0.0,19.0,1.0,5.68583658739422e-16
poisson,3,E202::champawat,2025-0803-IND,1.0,33.87727068465531,,32.87727068465531,30.3545263764206,25.0,44.0,0.0,19.0,0.0,1.9377077654083358e-15
poisson,3,E202::dehradun,2025-0803-IND,127.0,32.919010390261704,,94.0809896097383,80.72806869646037,24.0,43.0,0.0,19.0,0.0,5.051908055248734e-15
poisson,3,E202::haridwar,2025-0803-IND,0.0,34.63875438055221,,34.63875438055221,34.63875438055221,25.0,45.0,0.0,20.0,1.0,9.048573376705028e-16
poisson,3,E202::nainital,2025-0803-IND,9.0,40.78538579617103,,31.785385796171028,20.21229884248666,31.0,52.0,0.0,21.0,0.0,1.9370106405453906e-18
poisson,3,E202::pauri%20garhwal,2025-0803-IND,0.0,36.29355489984882,,36.29355489984882,36.29355489984882,27.0,46.0,0.0,19.0,1.0,1.729455446337777e-16
poisson,3,E202::pithoragarh,2025-0803-IND,7.0,32.360136258945325,,25.360136258945325,16.54680649969078,23.0,42.0,0.0,19.0,0.0,8.83428466072218e-15
poisson,3,E202::tehri%20garhwal,2025-0803-IND,0.0,38.78846617173592,,38.78846617173592,38.78846617173592,29.0,49.0,0.0,20.0,1.0,1.4268659691382745e-17
poisson,3,E202::udham%20singh%20nagar,2025-0803-IND,0.0,31.847483659769914,,31.847483659769914,31.847483659769914,23.0,41.0,0.0,18.0,1.0,1.4750732390417708e-14
nb2,4,E016::baksa,2015-0317-IND,0.0,30.54717386964434,4.355027621160563,30.54717386964434,1.124698240335297,0.0,152.0,1.0,152.0,1.0,0.3247504491607792
nb2,4,E016::bongaigaon,2015-0317-IND,0.0,29.53168867535792,4.355027621160563,29.53168867535792,1.1169940923511241,0.0,147.0,1.0,147.0,1.0,0.32726203707884005
nb2,4,E016::dhemaji,2015-0317-IND,6.0,35.289947283453465,4.355027621160563,29.289947283453465,3.9697526893851767,0.0,176.0,1.0,176.0,0.0,0.3142369471438534
nb2,4,E016::dibrugarh,2015-0317-IND,0.0,35.84869695149323,4.355027621160563,35.84869695149323,1.1611919440775544,0.0,178.0,1.0,178.0,1.0,0.3131127454871737
nb2,4,E016::jorhat,2015-0317-IND,1.0,36.78765098738676,4.355027621160563,35.78765098738676,2.6446447698838105,0.0,183.0,1.0,183.0,0.0,0.31127097097999057
nb2,4,E016::kamrup,2015-0317-IND,1.0,44.34784959955033,4.355027621160563,43.34784959955033,2.6862601800995103,0.0,221.0,1.0,221.0,0.0,0.29826739685829884
nb2,4,E016::karbi%20anglong,2015-0317-IND,0.0,37.220935012822615,4.355027621160563,37.220935012822615,1.1697635278006908,0.0,185.0,1.0,185.0,1.0,0.31044034309708307
nb2,4,E016::kokrajhar,2015-0317-IND,3.0,31.547082364579346,4.355027621160563,28.547082364579346,3.408351051303498,0.0,157.0,1.0,157.0,0.0,0.3223750242888243
nb2,4,E016::lakhimpur,2015-0317-IND,4.0,32.06806768852468,4.355027621160563,28.06806768852468,3.6327978251802597,0.0,160.0,1.0,160.0,0.0,0.321173478156314
nb2,4,E016::sonitpur,2015-0317-IND,4.0,33.963082513337575,4.355027621160563,29.963082513337575,3.644302914091841,0.0,169.0,1.0,169.0,0.0,0.3169960373607299
nb2,4,E016::tinsukia,2015-0317-IND,1.0,41.85260107818546,4.355027621160563,40.85260107818546,2.673340405125122,0.0,208.0,1.0,208.0,0.0,0.3022387356791453
nb2,4,E017::kutch,2015-0317-IND,2.0,22.682286270398667,4.355027621160563,20.682286270398667,3.034854533231297,0.0,113.0,1.0,113.0,0.0,0.347518806166349
nb2,4,E019::chandel,2015-0317-IND,0.0,35.032280955346984,4.355027621160563,35.032280955346984,1.1559361889846589,0.0,174.0,1.0,174.0,1.0,0.3147627215308152
nb2,4,E019::thoubal,2015-0317-IND,0.0,27.488396673044964,4.355027621160563,27.488396673044964,1.1006620349816914,0.0,137.0,1.0,137.0,1.0,0.3326507843272691
nb2,4,E019::ukhrul,2015-0317-IND,2.0,38.78177031298039,4.355027621160563,36.78177031298039,3.148719323492847,0.0,193.0,1.0,193.0,0.0,0.3075432999813597
nb2,4,E020::balasore,2015-0317-IND,1.0,29.93680664373982,4.355027621160563,28.93680664373982,2.599070479614448,0.0,149.0,1.0,149.0,0.0,0.3262476096095224
nb2,4,E020::bhadrak,2015-0317-IND,1.0,29.875041495697847,4.355027621160563,28.875041495697847,2.5986155928363956,0.0,149.0,1.0,149.0,0.0,0.3264011855664121
nb2,4,E020::jharsuguda,2015-0317-IND,0.0,32.34053906017321,4.355027621160563,32.34053906017321,1.1377028750311367,0.0,161.0,1.0,161.0,1.0,0.3205545305311256
nb2,4,E020::keonjhar,2015-0317-IND,1.0,36.397572691341196,4.355027621160563,35.397572691341196,2.6422787355113138,0.0,181.0,1.0,181.0,0.0,0.312029062730988
nb2,4,E020::mayurbhanj,2015-0317-IND,4.0,38.0337514010826,4.355027621160563,34.0337514010826,3.667254729404155,0.0,189.0,1.0,189.0,0.0,0.30891354908200414
nb2,4,E009::anantnag,2015-0333-IND,7.0,45.520513509344646,4.355027621160563,38.520513509344646,4.140774743318878,0.0,226.0,1.0,226.0,0.0,0.296494317062876
nb2,4,E012::barabanki,2015-0333-IND,2.0,27.598469269343237,4.355027621160563,25.598469269343237,3.075916497245183,0.0,137.0,1.0,137.0,0.0,0.33234819319277176
nb2,4,E038::barpeta,2016-0267-IND,71.0,27.447212068503166,4.355027621160563,43.55278793149684,6.354903513281174,0.0,137.0,1.0,137.0,0.0,0.33276438146308124
nb2,4,E038::bongaigaon,2016-0267-IND,66.0,29.26628058033113,4.355027621160563,36.73371941966887,6.237659078382245,0.0,146.0,1.0,146.0,0.0,0.32793587790361417
nb2,4,E038::darrang,2016-0267-IND,54.0,26.51494966632906,4.355027621160563,27.48505033367094,6.01070073716329,0.0,132.0,1.0,132.0,0.0,0.3353928115643354
nb2,4,E038::dhubri,2016-0267-IND,80.0,31.038404390941974,4.355027621160563,48.96159560905802,6.4728687450557905,0.0,154.0,1.0,154.0,0.0,0.3235717894680745
nb2,4,E038::goalpara,2016-0267-IND,72.0,28.703821695635746,4.355027621160563,43.296178304364254,6.3580320201369895,0.0,143.0,1.0,143.0,0.0,0.3293888643481722
nb2,4,E038::golaghat,2016-0267-IND,78.0,31.216723840304326,4.355027621160563,46.783276159695674,6.436685141934346,0.0,155.0,1.0,155.0,0.0,0.32314954977869337
nb2,4,E038::jorhat,2016-0267-IND,103.0,29.51133411971967,4.355027621160563,73.48866588028034,6.864459041101042,0.0,147.0,1.0,147.0,0.0,0.32731345292536923
nb2,4,E038::lakhimpur,2016-0267-IND,71.0,30.705750308716883,4.355027621160563,40.29424969128311,6.317923014812344,0.0,153.0,1.0,153.0,0.0,0.3243674467890405
nb2,4,E038::morigaon,2016-0267-IND,125.0,25.500428878093963,4.355027621160563,99.49957112190603,7.302394586553049,0.0,127.0,1.0,127.0,0.0,0.3383843065280298
nb2,4,E038::nalbari,2016-0267-IND,38.0,27.770772484958542,4.355027621160563,10.229227515041458,5.598499648639953,0.0,138.0,1.0,138.0,0.0,0.33187747214777163
nb2,4,E052::bishnupur,2017-0290-IND,10.0,25.053421230729587,4.355027621160563,15.053421230729587,4.331516587309231,0.0,125.0,1.0,125.0,0.0,0.33974878875466613
nb2,4,E052::imphal%20east,2017-0290-IND,27.0,28.29145659625116,4.355027621160563,1.2914565962511588,5.24575332715955,0.0,141.0,1.0,141.0,0.0,0.33047636396579966
nb2,4,E052::imphal%20west,2017-0290-IND,13.0,26.437566089853245,4.355027621160563,13.437566089853245,4.564990985079937,0.0,132.0,1.0,132.0,0.0,0.3356160400289251
nb2,4,E052::thoubal,2017-0290-IND,15.0,24.594011939322684,4.355027621160563,9.594011939322684,4.6848394144960155,0.0,122.0,1.0,122.0,0.0,0.341182388930058
nb2,4,E053::araria,2017-0342-IND,225.0,25.75621305229794,4.355027621160563,199.24378694770206,8.633652977606646,0.0,128.0,0.0,128.0,0.0,0.3376165748800889
nb2,4,E053::darbhanga,2017-0342-IND,137.0,27.438549451749164,4.355027621160563,109.56145054825083,7.410811278872659,0.0,137.0,1.0,137.0,0.0,0.3327883015212037
nb2,4,E053::east%20champaran,2017-0342-IND,124.0,27.172923905992924,4.355027621160563,96.82707609400708,7.233578906853193,0.0,135.0,1.0,135.0,0.0,0.3335262749642953
nb2,4,E053::gopalganj,2017-0342-IND,94.0,30.56337619758178,4.355027621160563,63.436623802418225,6.7073443091054985,0.0,152.0,1.0,152.0,0.0,0.32471120524272595
nb2,4,E053::katihar,2017-0342-IND,224.0,25.419743507324938,4.355027621160563,198.58025649267506,8.644553093817159,0.0,127.0,0.0,127.0,0.0,0.3386284313479361
nb2,4,E053::khagaria,2017-0342-IND,61.0,26.563027740588524,4.355027621160563,34.436972259411476,6.164237267883097,0.0,132.0,1.0,132.0,0.0,0.3352545203238864
nb2,4,E053::kishanganj,2017-0342-IND,140.0,28.829748506355823,4.355027621160563,111.17025149364417,7.407672873630924,0.0,144.0,1.0,144.0,0.0,0.3290605603207283
nb2,4,E053::madhepura,2017-0342-IND,113.0,26.67588587972669,4.355027621160563,86.32411412027331,7.082960302432743,0.0,133.0,1.0,133.0,0.0,0.3349310917920252
nb2,4,E053::madhubani,2017-0342-IND,135.0,28.91087479453992,4.355027621160563,106.08912520546008,7.337660513264542,0.0,144.0,1.0,144.0,0.0,0.3288499809401917
nb2,4,E053::muzaffarpur,2017-0342-IND,72.0,29.67423312204771,4.355027621160563,42.32576687795229,6.346918511749274,0.0,148.0,1.0,148.0,0.0,0.32690317563591376
nb2,4,E053::nalanda,2017-0342-IND,3.0,27.830589254046934,4.355027621160563,24.830589254046934,3.3826842560096075,0.0,139.0,1.0,139.0,0.0,0.33171488888982753
nb2,4,E053::patna,2017-0342-IND,38.0,31.221078628968307,4.355027621160563,6.778921371031693,5.590728423207202,0.0,155.0,1.0,155.0,0.0,0.32313927499714895
nb2,4,E053::purnea,2017-0342-IND,135.0,25.97722442367538,4.355027621160563,109.02277557632462,7.433375356270297,0.0,129.0,0.0,129.0,0.0,0.336960658806767
nb2,4,E053::saharsa,2017-0342-IND,96.0,26.558641493891376,4.355027621160563,69.44135850610863,6.814404835657534,0.0,132.0,1.0,132.0,0.0,0.33526712422157495
nb2,4,E053::samastipur,2017-0342-IND,30.0,30.643883969800104,4.355027621160563,0.643883969800104,5.350493369379135,0.0,153.0,1.0,153.0,0.0,0.3245165818978917
nb2,4,E053::saran,2017-0342-IND,38.0,31.19456626280942,4.355027621160563,6.8054337371905795,5.590770569196576,0.0,155.0,1.0,155.0,0.0,0.32320185595341744
nb2,4,E053::sheohar,2017-0342-IND,82.0,26.138828393693505,4.355027621160563,55.8611716063065,6.580268857454549,0.0,130.0,1.0,130.0,0.0,0.33648534164985133
nb2,4,E053::sitamarhi,2017-0342-IND,147.0,27.965813052452788,4.355027621160563,119.03418694754721,7.529710560169703,0.0,139.0,0.0,139.0,0.0,0.33134891319281456
nb2,4,E053::siwan,2017-0342-IND,1.0,34.39472772778331,4.355027621160563,33.39472772778331,2.6297313375768887,0.0,171.0,1.0,171.0,0.0,0.31608422780697093
nb2,4,E053::supaul,2017-0342-IND,78.0,27.067565532523865,4.355027621160563,50.932434467476135,6.491451386278801,0.0,135.0,1.0,135.0,0.0,0.3338214269086842
nb2,4,E053::west%20champaran,2017-0342-IND,159.0,27.40182463613762,4.355027621160563,131.59817536386237,7.710253969077248,0.0,136.0,0.0,136.0,0.0,0.3328898120180693
nb2,4,E054::ayodhya,2017-0342-IND,31.0,34.95728974616224,4.355027621160563,3.957289746162239,5.384690181700837,0.0,174.0,1.0,174.0,0.0,0.31491663101724515
nb2,4,E054::azamgarh,2017-0342-IND,0.0,31.256829124207442,4.355027621160563,31.256829124207442,1.1299327207476981,0.0,156.0,1.0,156.0,1.0,0.3230549905893347
nb2,4,E054::bahraich,2017-0342-IND,8.0,29.214967220595803,4.355027621160563,21.214967220595803,4.1682500342923445,0.0,145.0,1.0,145.0,0.0,0.32806701684573336
nb2,4,E054::balrampur,2017-0342-IND,7.0,26.841713062859373,4.355027621160563,19.841713062859373,4.044694832948663,0.0,134.0,1.0,134.0,0.0,0.33445887887444015
nb2,4,E054::barabanki,2017-0342-IND,1.0,33.12515801135567,4.355027621160563,32.12515801135567,2.6214077820096278,0.0,165.0,1.0,165.0,0.0,0.3188071632518978
nb2,4,E054::basti,2017-0342-IND,0.0,31.62659836775137,4.355027621160563,31.62659836775137,1.1326136074224462,0.0,157.0,1.0,157.0,1.0,0.3221900766559946
nb2,4,E054::ghazipur,2017-0342-IND,0.0,37.02285174562619,4.355027621160563,37.02285174562619,1.1685458014732328,0.0,184.0,1.0,184.0,1.0,0.31081860473881506
nb2,4,E054::gonda,2017-0342-IND,8.0,32.11712596135667,4.355027621160563,24.11712596135667,4.184195670567275,0.0,160.0,1.0,160.0,0.0,0.32106156419014265
nb2,4,E054::gorakhpur,2017-0342-IND,6.0,29.31070229013299,4.355027621160563,23.31070229013299,3.935334728797933,0.0,146.0,1.0,146.0,0.0,0.3278225779387574
nb2,4,E054::maharajganj,2017-0342-IND,3.0,26.676860932794195,4.355027621160563,23.676860932794195,3.374105122235008,0.0,133.0,1.0,133.0,0.0,0.334928304759922
nb2,4,E054::shrawasti,2017-0342-IND,9.0,27.03289628551325,4.355027621160563,18.03289628551325,4.25354714385576,0.0,135.0,1.0,135.0,0.0,0.3339188561105376
nb2,4,E054::siddharthnagar,2017-0342-IND,8.0,25.483546142374735,4.355027621160563,17.483546142374735,4.146264753226622,0.0,127.0,1.0,127.0,0.0,0.3384353096503146
nb2,4,E054::sitapur,2017-0342-IND,2.0,35.31022674822829,4.355027621160563,33.31022674822829,3.128475993574523,0.0,176.0,1.0,176.0,0.0,0.3141957655878333
nb2,4,E055::bankura,2017-0342-IND,1.0,27.66833520691984,4.355027621160563,26.66833520691984,2.581743562616427,0.0,138.0,1.0,138.0,0.0,0.33215689322768627
nb2,4,E055::birbhum,2017-0342-IND,1.0,28.61878744804536,4.355027621160563,27.61878744804536,2.589162756463881,0.0,142.0,1.0,142.0,0.0,0.3296115527070994
nb2,4,E055::cooch%20behar,2017-0342-IND,56.0,26.644079611530604,4.355027621160563,29.355920388469396,6.054680196064815,0.0,133.0,1.0,133.0,0.0,0.3350220730457999
nb2,4,E055::dakshin%20dinajpur,2017-0342-IND,19.0,24.689390992102734,4.355027621160563,5.689390992102734,4.9030683411880585,0.0,123.0,1.0,123.0,0.0,0.3408820862729091
nb2,4,E055::hooghly,2017-0342-IND,2.0,35.72866885098314,4.355027621160563,33.72866885098314,3.131012376118309,0.0,178.0,1.0,178.0,0.0,0.3133524278597566
nb2,4,E055::howrah,2017-0342-IND,2.0,41.01195273168606,4.355027621160563,39.01195273168606,3.1608443537402904,0.0,204.0,1.0,204.0,0.0,0.30364237585209797
nb2,4,E055::jalpaiguri,2017-0342-IND,95.0,30.850448569944525,4.355027621160563,64.14955143005548,6.718510073931414,0.0,154.0,1.0,154.0,0.0,0.3240200642625903
nb2,4,E055::malda,2017-0342-IND,97.0,27.966475564178698,4.355027621160563,69.0335244358213,6.800883972843915,0.0,139.0,1.0,139.0,0.0,0.33134712545771094
nb2,4,E055::murshidabad,2017-0342-IND,3.0,31.620881736632068,4.355027621160563,28.620881736632068,3.408833115539475,0.0,157.0,1.0,157.0,0.0,0.32220335411958007
nb2,4,E055::uttar%20dinajpur,2017-0342-IND,25.0,26.356045768018888,4.355027621160563,1.3560457680188875,5.169201035038035,0.0,131.0,1.0,131.0,0.0,0.3358520649256323
nb2,4,E056::ambedkar%20nagar,2017-0517-IND,4.0,35.92052881664876,4.355027621160563,31.920528816648762,3.6556214989600795,0.0,179.0,1.0,179.0,0.0,0.31296977395961095
nb2,4,E056::azamgarh,2017-0517-IND,3.0,31.36552072222642,4.355027621160563,28.36552072222642,3.407160800233098,0.0,156.0,1.0,156.0,0.0,0.322799463175062
nb2,4,E056::bahraich,2017-0517-IND,33.0,32.35481828238452,4.355027621160563,0.645181717615479,5.445448229504767,0.0,161.0,1.0,161.0,0.0,0.3205222694702596
nb2,4,E056::ballia,2017-0517-IND,51.0,32.362631651057775,4.355027621160563,18.637368348942225,5.907120291471911,0.0,161.0,1.0,161.0,0.0,0.32050462407629615
nb2,4,E056::balrampur,2017-0517-IND,45.0,27.468304459891815,4.355027621160563,17.531695540108185,5.787599332048685,0.0,137.0,1.0,137.0,0.0,0.33270617758132986
nb2,4,E056::barabanki,2017-0517-IND,46.0,32.92684545438133,4.355027621160563,13.07315454561867,5.790855026052493,0.0,164.0,1.0,164.0,0.0,0.31924400180763873
nb2,4,E056::basti,2017-0517-IND,20.0,31.586982975174525,4.355027621160563,11.586982975174525,4.96743120245192,0.0,157.0,1.0,157.0,0.0,0.32228214773201197
nb2,4,E056::bijnor,2017-0517-IND,4.0,40.168191892627895,4.355027621160563,36.168191892627895,3.678443344892972,0.0,200.0,1.0,200.0,0.0,0.30508704258263514
nb2,4,E056::budaun,2017-0517-IND,1.0,40.88301254967885,4.355027621160563,39.88301254967885,2.668117388218799,0.0,203.0,1.0,203.0,0.0,0.30386077978887305
nb2,4,E056::deoria,2017-0517-IND,7.0,31.884025209106284,4.355027621160563,24.884025209106284,4.07451912206791,0.0,159.0,1.0,159.0,0.0,0.32159519476114173
nb2,4,E056::faizabad,2017-0517-IND,19.0,35.41807210252137,4.355027621160563,16.41807210252137,4.932176423078121,0.0,176.0,1.0,176.0,0.0,0.31397724812807726
nb2,4,E056::farrukhabad,2017-0517-IND,1.0,37.445733443929306,4.355027621160563,36.445733443929306,2.648582001755826,0.0,186.0,1.0,186.0,0.0,0.3100140348734766
nb2,4,E056::ghazipur,2017-0517-IND,1.0,38.21325694206753,4.355027621160563,37.21325694206753,2.653090389036776,0.0,190.0,1.0,190.0,0.0,0.30858173821515655
nb2,4,E056::gonda,2017-0517-IND,47.0,32.194175625081584,4.355027621160563,14.805824374918416,5.816607342123824,0.0,160.0,1.0,160.0,0.0,0.3208862156296101
nb2,4,E056::gorakhpur,2017-0517-IND,99.0,28.56874369245926,4.355027621160563,70.43125630754074,6.820797410162181,0.0,142.0,1.0,142.0,0.0,0.329742985307776
nb2,4,E056::kushinagar,2017-0517-IND,6.0,32.84657670070686,4.355027621160563,26.846576700706862,3.956272343658838,0.0,163.0,1.0,163.0,0.0,0.3194217303646617
nb2,4,E056::lakhimpur%20kheri,2017-0517-IND,17.0,32.691755147106,4.355027621160563,15.691755147106,4.824979457878657,0.0,163.0,1.0,163.0,0.0,0.31976603412184035
nb2,4,E056::maharajganj,2017-0517-IND,16.0,27.89023315063273,4.355027621160563,11.890233150632731,4.754606850955364,0.0,139.0,1.0,139.0,0.0,0.33155319927007376
nb2,4,E056::mirzapur,2017-0517-IND,4.0,32.27077450074419,4.355027621160563,28.27077450074419,3.634055826116338,0.0,161.0,1.0,161.0,0.0,0.3207124001088591
nb2,4,E056::muzaffarnagar,2017-0517-IND,0.0,33.84967710730073,4.355027621160563,33.84967710730073,1.1481031706058626,0.0,168.0,1.0,168.0,1.0,0.31723794529429894
nb2,4,E056::pilibhit,2017-0517-IND,2.0,26.138922486490767,4.355027621160563,24.138922486490767,3.0644671917599573,0.0,130.0,1.0,130.0,0.0,0.3364850659439302
nb2,4,E056::sant%20kabir%20nagar,2017-0517-IND,1.0,30.785926631567392,4.355027621160563,29.785926631567392,2.6052345215612185,0.0,153.0,1.0,153.0,0.0,0.3241747182927269
nb2,4,E056::shravasti,2017-0517-IND,4.0,29.562831303790116,4.355027621160563,25.562831303790116,3.616667379169605,0.0,147.0,1.0,147.0,0.0,0.32718345406402594
nb2,4,E056::siddharth%20nagar,2017-0517-IND,26.0,26.350173623440867,4.355027621160563,0.3501736234408668,5.20795269303302,0.0,131.0,1.0,131.0,0.0,0.3358691008339916
nb2,4,E056::sitapur,2017-0517-IND,6.0,36.38733057813039,4.355027621160563,30.38733057813039,3.9755695633881873,0.0,181.0,1.0,181.0,0.0,0.31204910120974505
nb2,4,E067::barpeta,2018-0345-IND,6.0,29.69933080731958,4.355027621160563,23.69933080731958,3.9377255594214806,0.0,148.0,1.0,148.0,0.0,0.3268402089645454
nb2,4,E067::darrang,2018-0345-IND,10.0,29.71985665572539,4.355027621160563,19.71985665572539,4.356138967249661,0.0,148.0,1.0,148.0,0.0,0.3267887606525452
nb2,4,E067::dhemaji,2018-0345-IND,17.0,27.96503331723751,4.355027621160563,10.96503331723751,4.80942019747988,0.0,139.0,1.0,139.0,0.0,0.3313510173123345
nb2,4,E067::golaghat,2018-0345-IND,28.0,27.308180429177803,4.355027621160563,0.6918195708221972,5.281795652622377,0.0,136.0,1.0,136.0,0.0,0.3331494051291087
nb2,4,E067::lakhimpur,2018-0345-IND,17.0,28.9719634287997,4.355027621160563,11.9719634287997,4.812665145966108,0.0,144.0,1.0,144.0,0.0,0.328691888474082
nb2,4,E067::sivasagar,2018-0345-IND,18.0,25.87551850531054,4.355027621160563,7.875518505310541,4.85549256611746,0.0,129.0,1.0,129.0,0.0,0.3372616527616092
nb2,4,E067::sonitpur,2018-0345-IND,9.0,29.631287476072615,4.355027621160563,20.631287476072615,4.267801463892644,0.0,147.0,1.0,147.0,0.0,0.32701107128121526
nb2,4,E067::udalguri,2018-0345-IND,5.0,31.20781877170225,4.355027621160563,26.20781877170225,3.802039460571559,0.0,155.0,1.0,155.0,0.0,0.32317056603606287
nb2,4,E068::bankura,2018-0345-IND,2.0,24.618313328196443,4.355027621160563,22.618313328196443,3.0519039021162584,0.0,123.0,1.0,123.0,0.0,0.3411057410425372
nb2,4,E080::mumbai%20city,2019-0288-IND,547.0,54.53815026390841,4.355027621160563,492.4618497360916,9.790144189784387,0.0,271.0,0.0,271.0,0.0,0.2844956105558625
nb2,4,E080::pune,2019-0288-IND,11.0,52.507893556895844,4.355027621160563,41.507893556895844,4.529703388885119,0.0,261.0,1.0,261.0,0.0,0.286974015693214
nb2,4,E080::ratnagiri,2019-0288-IND,71.0,43.566138450510245,4.355027621160563,27.433861549489755,6.242009701560757,0.0,217.0,1.0,217.0,0.0,0.2994815241108657
nb2,4,E100::puducherry,2019-0574-IND,8.0,39.737119334931585,4.355027621160563,31.737119334931585,4.221870686804172,0.0,198.0,1.0,198.0,0.0,0.3058395103292582
nb2,4,E101::coimbatore,2019-0574-IND,14.0,44.680716218143914,4.355027621160563,30.680716218143914,4.700617052364168,0.0,222.0,1.0,222.0,0.0,0.2977583211536645
nb2,4,E101::cuddalore,2019-0574-IND,16.0,28.491670033857265,4.355027621160563,12.491670033857265,4.756708050748644,0.0,142.0,1.0,142.0,0.0,0.3299459583003349
nb2,4,E101::nagapattinam,2019-0574-IND,5.0,27.020636812800902,4.355027621160563,22.020636812800902,3.7748744565766623,0.0,135.0,1.0,135.0,0.0,0.3339533447435691
nb2,4,E101::thiruvarur,2019-0574-IND,0.0,31.01562230003328,4.355027621160563,31.01562230003328,1.1281669113662058,0.0,154.0,1.0,154.0,1.0,0.32362594807514
nb2,4,E101::thoothukudi,2019-0574-IND,5.0,27.08907535893884,4.355027621160563,22.08907535893884,3.7753439757922274,0.0,135.0,1.0,135.0,0.0,0.3337610554029617
nb2,4,E122::darbhanga,2021-0316-IND,0.0,29.069933351706513,4.355027621160563,29.069933351706513,1.1134035499017338,0.0,145.0,1.0,145.0,1.0,0.32843919737238564
nb2,4,E122::gopalganj,2021-0316-IND,1.0,33.59628940915874,4.355027621160563,32.59628940915874,2.6245318906509643,0.0,167.0,1.0,167.0,0.0,0.31778204795646264
nb2,4,E122::madhubani,2021-0316-IND,0.0,34.79196006862745,4.355027621160563,34.79196006862745,1.154365901992871,0.0,173.0,1.0,173.0,1.0,0.31525737761229633
nb2,4,E122::muzaffarpur,2021-0316-IND,1.0,35.58767961157401,4.355027621160563,34.58767961157401,2.637287116249537,0.0,177.0,1.0,177.0,0.0,0.31363522682424333
nb2,4,E122::west%20champaran,2021-0316-IND,0.0,33.7180430763134,4.355027621160563,33.7180430763134,1.14721452879278,0.0,168.0,1.0,168.0,1.0,0.31751998149320354
nb2,4,E124::surat,2021-0316-IND,0.0,39.04269321055727,4.355027621160563,39.04269321055727,1.1806700585341405,0.0,194.0,1.0,194.0,1.0,0.30707291282533133
nb2,4,E124::valsad,2021-0316-IND,0.0,43.5136397431177,4.355027621160563,43.5136397431177,1.2054271384015272,0.0,216.0,1.0,216.0,1.0,0.29956401688671686
nb2,4,E125::bagalkot,2021-0316-IND,0.0,26.28906740982812,4.355027621160563,26.28906740982812,1.0905052787412495,0.0,131.0,1.0,131.0,1.0,0.3360466535719241
nb2,4,E125::belagavi,2021-0316-IND,0.0,31.65309982293624,4.355027621160563,31.65309982293624,1.132804550539762,0.0,158.0,1.0,158.0,1.0,0.322128562551424
nb2,4,E125::chikkamagaluru,2021-0316-IND,0.0,31.428221617041928,4.355027621160563,31.428221617041928,1.1311792367522266,0.0,156.0,1.0,156.0,1.0,0.32265254825073997
nb2,4,E125::dharwad,2021-0316-IND,0.0,29.1797405485051,4.355027621160563,29.1797405485051,1.114262496871531,0.0,145.0,1.0,145.0,1.0,0.3281572066439182
nb2,4,E125::gadag,2021-0316-IND,0.0,23.35000936000349,4.355027621160563,23.35000936000349,1.063532661128461,0.0,116.0,1.0,116.0,1.0,0.34523405864411005
nb2,4,E125::kodagu,2021-0316-IND,0.0,38.632761420673,4.355027621160563,38.632761420673,1.1782606483041336,0.0,192.0,1.0,192.0,1.0,0.3078136694778221
nb2,4,E126::idukki,2021-0316-IND,0.0,42.832769683277945,4.355027621160563,42.832769683277945,1.2018249681248607,0.0,213.0,1.0,213.0,1.0,0.3006450433360606
nb2,4,E126::kottayam,2021-0316-IND,1.0,35.68762573846527,4.355027621160563,34.68762573846527,2.6379090101991483,0.0,178.0,1.0,178.0,0.0,0.31343461206188655
nb2,4,E127::kolhapur,2021-0316-IND,0.0,49.09598526705553,4.355027621160563,49.09598526705553,1.2330057891513064,0.0,244.0,1.0,244.0,1.0,0.29141532689778193
nb2,4,E127::pune,2021-0316-IND,0.0,40.260030695500525,4.355027621160563,40.260030695500525,1.1876795734770678,0.0,200.0,1.0,200.0,1.0,0.3049280068118755
nb2,4,E127::raigad,2021-0316-IND,10.0,37.182889124014984,4.355027621160563,27.182889124014984,4.391827595816099,0.0,185.0,1.0,185.0,0.0,0.310512804726231
nb2,4,E127::ratnagiri,2021-0316-IND,3.0,38.95644907150112,4.355027621160563,35.95644907150112,3.45235062859236,0.0,194.0,1.0,194.0,0.0,0.30722796598977137
nb2,4,E127::satara,2021-0316-IND,0.0,39.34741519667594,4.355027621160563,39.34741519667594,1.1824448483548227,0.0,196.0,1.0,196.0,1.0,0.30652840628070555
nb2,4,E127::sindhudurg,2021-0316-IND,3.0,38.46210970724301,4.355027621160563,35.46210970724301,3.449661438785296,0.0,191.0,1.0,191.0,0.0,0.30812487906516783
nb2,4,E127::thane,2021-0316-IND,9.0,45.52684331187374,4.355027621160563,36.52684331187374,4.341603382023099,0.0,226.0,1.0,226.0,0.0,0.2964848984636227
nb2,4,E129::ayodhya,2021-0316-IND,0.0,38.41943331996614,4.355027621160563,38.41943331996614,1.1769967199019795,0.0,191.0,1.0,191.0,1.0,0.30820296988934387
nb2,4,E129::barabanki,2021-0316-IND,1.0,33.28628278168779,4.355027621160563,32.28628278168779,2.622480996559816,0.0,166.0,1.0,166.0,0.0,0.3184545859868322
nb2,4,E130::bageshwar,2021-0316-IND,0.0,32.10760844114172,4.355027621160563,32.10760844114172,1.136054813575987,0.0,160.0,1.0,160.0,1.0,0.32108325966654805
nb2,4,E130::chamoli,2021-0316-IND,14.0,25.065401346291782,4.355027621160563,11.065401346291782,4.624705646323858,0.0,125.0,1.0,125.0,0.0,0.33971183383944953
nb2,4,E130::pithoragarh,2021-0316-IND,0.0,29.7638307507726,4.355027621160563,29.7638307507726,1.1187782064783907,0.0,148.0,1.0,148.0,1.0,0.3266786847934337
nb2,4,E131::jalpaiguri,2021-0316-IND,1.0,34.29700019263133,4.355027621160563,33.29700019263133,2.629101214234195,0.0,171.0,1.0,171.0,0.0,0.3162894393676144
nb2,4,E140::lahaul%20and%20spiti,2021-0458-IND,7.0,18.221673302815375,4.355027621160563,11.221673302815375,3.9847038740303415,0.0,91.0,1.0,91.0,0.0,0.3652333799968908
nb2,4,E141::anantnag,2021-0458-IND,6.0,32.13153957774707,4.355027621160563,26.13153957774707,3.9521808611624176,0.0,160.0,1.0,160.0,0.0,0.3210287228542742
nb2,4,E141::bandipora,2021-0458-IND,7.0,25.6454299532033,4.355027621160563,18.6454299532033,4.03708598476081,0.0,128.0,1.0,128.0,0.0,0.3379479425636015
nb2,4,E141::ganderbal,2021-0458-IND,2.0,28.052751707169573,4.355027621160563,26.052751707169573,3.0793674188579203,0.0,140.0,1.0,140.0,0.0,0.33111475649212874
nb2,4,E141::kishtwar,2021-0458-IND,59.0,28.007188610910248,4.355027621160563,30.992811389089752,6.107366455294188,0.0,139.0,1.0,139.0,0.0,0.33123736355406314
nb2,4,E180::cachar,2024-0399-IND,1.0,25.67668657326588,4.355027621160563,24.67668657326588,2.5653745537307335,0.0,128.0,1.0,128.0,0.0,0.33785427324880496
nb2,4,E180::dhemaji,2024-0399-IND,0.0,27.27312884470801,4.355027621160563,27.27312884470801,1.0988717672093975,0.0,136.0,1.0,136.0,1.0,0.33324685170678575
nb2,4,E180::dibrugarh,2024-0399-IND,0.0,25.685628043922442,4.355027621160563,25.685628043922442,1.0852198594517384,0.0,128.0,1.0,128.0,1.0,0.33782750315950466
nb2,4,E180::jorhat,2024-0399-IND,0.0,29.69315935998007,4.355027621160563,29.69315935998007,1.1182365319096648,0.0,148.0,1.0,148.0,1.0,0.3268556862634006
nb2,4,E180::kamrup,2024-0399-IND,0.0,21.963018518854035,4.355027621160563,21.963018518854035,1.0496125331535824,0.0,109.0,1.0,109.0,1.0,0.35007336465881345
nb2,4,E180::lakhimpur,2024-0399-IND,0.0,31.13138792082006,4.355027621160563,31.13138792082006,1.1290160947620431,0.0,155.0,1.0,155.0,1.0,0.32335124694589895
nb2,4,E180::nagaon,2024-0399-IND,0.0,29.30193415346827,4.355027621160563,29.30193415346827,1.1152145722085485,0.0,146.0,1.0,146.0,1.0,0.32784492494225026
nb2,4,E180::udalguri,2024-0399-IND,0.0,28.100183603234324,4.355027621160563,28.100183603234324,1.1056750361240233,0.0,140.0,1.0,140.0,1.0,0.3309873783768764
nb2,4,E181::east%20jaintia%20hills,2024-0399-IND,0.0,26.499548022591377,4.355027621160563,26.499548022591377,1.0923205909458282,0.0,132.0,1.0,132.0,1.0,0.3354371773425761
nb2,4,E181::east%20khasi%20hills,2024-0399-IND,0.0,33.761568276717995,4.355027621160563,33.761568276717995,1.147508741702396,0.0,168.0,1.0,168.0,1.0,0.31742657675670055
nb2,4,E181::south%20west%20garo%20hills,2024-0399-IND,0.0,31.510786536441277,4.355027621160563,31.510786536441277,1.1317773144883052,0.0,157.0,1.0,157.0,1.0,0.3224596346395605
nb2,4,E181::west%20garo%20hills,2024-0399-IND,0.0,32.06886945788899,4.355027621160563,32.06886945788899,1.1357795715287209,0.0,160.0,1.0,160.0,1.0,0.3211716474437399
nb2,4,E181::west%20jaintia%20hills,2024-0399-IND,0.0,27.4584377951404,4.355027621160563,27.4584377951404,1.1004137175023947,0.0,137.0,1.0,137.0,1.0,0.3327333975882531
nb2,4,E182::barpeta,2024-0481-IND,41.0,23.55626737739807,4.355027621160563,17.44373262260193,5.7042233794108395,0.0,117.0,1.0,117.0,0.0,0.3445443433700356
nb2,4,E182::biswanath,2024-0481-IND,31.0,25.370103009421353,4.355027621160563,5.629896990578647,5.388002435731698,0.0,126.0,1.0,126.0,0.0,0.33877909525945415
nb2,4,E182::cachar,2024-0481-IND,101.0,26.87518596688081,4.355027621160563,74.1248140331192,6.889016110269918,0.0,134.0,1.0,134.0,0.0,0.3343639921180575
nb2,4,E182::chirang,2024-0481-IND,36.0,25.73503037161256,4.355027621160563,10.26496962838744,5.546521773335235,0.0,128.0,1.0,128.0,0.0,0.3376798007567384
nb2,4,E182::darrang,2024-0481-IND,60.0,22.346965871548033,4.355027621160563,37.653034128451964,6.200541695239341,0.0,111.0,1.0,111.0,0.0,0.3486972775179783
nb2,4,E182::dhemaji,2024-0481-IND,84.0,26.698991573657043,4.355027621160563,57.30100842634296,6.605778395430042,0.0,133.0,1.0,133.0,0.0,0.3348650812654662
nb2,4,E182::dhubri,2024-0481-IND,98.0,24.69793140434064,4.355027621160563,73.30206859565936,6.894223284466574,0.0,123.0,1.0,123.0,0.0,0.3408552655915629
nb2,4,E182::dibrugarh,2024-0481-IND,76.0,27.566152882987286,4.355027621160563,48.43384711701272,6.447167779102306,0.0,137.0,1.0,137.0,0.0,0.3324368785761342
nb2,4,E182::goalpara,2024-0481-IND,79.0,23.521901367399565,4.355027621160563,55.478098632600435,6.577857607784134,0.0,117.0,1.0,117.0,0.0,0.34465874968288374
nb2,4,E182::golaghat,2024-0481-IND,78.0,23.223194809532586,4.355027621160563,54.776805190467414,6.565135984023225,0.0,116.0,1.0,116.0,0.0,0.3456618127872334
nb2,4,E182::hailakandi,2024-0481-IND,31.0,28.592773115383714,4.355027621160563,2.4072268846162856,5.383873120194474,0.0,142.0,1.0,142.0,0.0,0.32967984052490873
nb2,4,E182::jorhat,2024-0481-IND,49.0,24.940487897218578,4.355027621160563,24.059512102781422,5.905520649916641,0.0,124.0,1.0,124.0,0.0,0.3400982144478414
nb2,4,E182::kamrup,2024-0481-IND,58.0,22.94147753163153,4.355027621160563,35.058522468368466,6.144709542455737,0.0,114.0,1.0,114.0,0.0,0.34662232579393903
nb2,4,E182::kamrup%20metropolitan,2024-0481-IND,32.0,28.98178928909873,4.355027621160563,3.0182107109012684,5.415896979714669,0.0,144.0,1.0,144.0,0.0,0.3286664979052425
nb2,4,E182::karimganj,2024-0481-IND,71.0,30.375357818905186,4.355027621160563,40.62464218109481,6.3211894294021045,0.0,151.0,1.0,151.0,0.0,0.3251681770407862
nb2,4,E182::majuli,2024-0481-IND,53.0,20.156051937858717,4.355027621160563,32.84394806214128,6.0687307942741135,0.0,100.0,1.0,100.0,0.0,0.356967222154366
nb2,4,E182::morigaon,2024-0481-IND,56.0,22.47052289914037,4.355027621160563,33.52947710085963,6.104726819144425,0.0,112.0,1.0,112.0,0.0,0.3482605515410205
nb2,4,E182::nagaon,2024-0481-IND,86.0,24.305133215661073,4.355027621160563,61.69486678433893,6.6918268330215,0.0,121.0,1.0,121.0,0.0,0.34210065607903
nb2,4,E182::nalbari,2024-0481-IND,47.0,21.379523647795732,4.355027621160563,25.620476352204268,5.891499579064154,0.0,107.0,1.0,107.0,0.0,0.3522216813183024
nb2,4,E182::sivasagar,2024-0481-IND,71.0,23.831361623207616,4.355027621160563,47.16863837679239,6.4120738998778695,0.0,119.0,1.0,119.0,0.0,0.3436358040075566
nb2,4,E182::south%20salmara,2024-0481-IND,38.0,24.821892221367296,4.355027621160563,13.178107778632704,5.6099497825440645,0.0,124.0,1.0,124.0,0.0,0.3404672412362558
nb2,4,E183::auraiya,2024-0481-IND,0.0,23.55238512889829,4.355027621160563,23.55238512889829,1.0654949979862094,0.0,117.0,1.0,117.0,1.0,0.34455725739948023
nb2,4,E183::ayodhya,2024-0481-IND,3.0,26.556749095341303,4.355027621160563,23.556749095341303,3.3731935854487842,0.0,132.0,1.0,132.0,0.0,0.3352725628201006
nb2,4,E183::ballia,2024-0481-IND,13.0,27.946679636297137,4.355027621160563,14.946679636297137,4.571584945084072,0.0,139.0,1.0,139.0,0.0,0.3314005654893476
nb2,4,E183::balrampur,2024-0481-IND,22.0,23.193566393692322,4.355027621160563,1.193566393692322,5.041996351545395,0.0,116.0,1.0,116.0,0.0,0.3457621614191184
nb2,4,E183::barabanki,2024-0481-IND,10.0,24.0578203039041,4.355027621160563,14.057820303904101,4.326049474205832,0.0,120.0,1.0,120.0,0.0,0.34289742331601486
nb2,4,E183::budaun,2024-0481-IND,3.0,25.1351851554585,4.355027621160563,22.1351851554585,3.362126402063031,0.0,125.0,1.0,125.0,0.0,0.3394969995245462
nb2,4,E183::chandauli,2024-0481-IND,0.0,23.533127486048645,4.355027621160563,23.533127486048645,1.0653089865492666,0.0,117.0,1.0,117.0,1.0,0.3446213549512921
nb2,4,E183::deoria,2024-0481-IND,4.0,25.813606264085664,4.355027621160563,21.813606264085664,3.5902593460032546,0.0,129.0,1.0,129.0,0.0,0.3374455861137266
nb2,4,E183::gonda,2024-0481-IND,10.0,26.15814879037382,4.355027621160563,16.15814879037382,4.337500382551114,0.0,130.0,1.0,130.0,0.0,0.3364287553719557
nb2,4,E183::gorakhpur,2024-0481-IND,18.0,25.967537408870534,4.355027621160563,7.967537408870534,4.855739478081577,0.0,129.0,1.0,129.0,0.0,0.33698926514276234
nb2,4,E183::hardoi,2024-0481-IND,3.0,24.832770099835617,4.355027621160563,21.832770099835617,3.3597029962820937,0.0,124.0,1.0,124.0,0.0,0.34043330382115544
nb2,4,E183::hathras,2024-0481-IND,0.0,23.750009220022594,4.355027621160563,23.750009220022594,1.0673952109320985,0.0,118.0,1.0,118.0,1.0,0.34390314690980217
nb2,4,E183::kushinagar,2024-0481-IND,17.0,27.197766997818512,4.355027621160563,10.197766997818512,4.8069902155719895,0.0,135.0,1.0,135.0,0.0,0.33345688256033856
nb2,4,E183::lakhimpur%20kheri,2024-0481-IND,23.0,24.986110062276424,4.355027621160563,1.986110062276424,5.08666757909792,0.0,124.0,1.0,124.0,0.0,0.3399568238038421
nb2,4,E183::maharajganj,2024-0481-IND,0.0,23.38461483330521,4.355027621160563,23.38461483330521,1.0638694040076386,0.0,116.0,1.0,116.0,1.0,0.34511782310505557
nb2,4,E183::mainpuri,2024-0481-IND,0.0,24.022998613683264,4.355027621160563,24.022998613683264,1.0699944845381821,0.0,120.0,1.0,120.0,1.0,0.3430104092743048
nb2,4,E183::pilibhit,2024-0481-IND,32.0,24.01502838298424,4.355027621160563,7.984971617015759,5.425085180379286,0.0,120.0,1.0,120.0,0.0,0.34303629834177896
nb2,4,E183::pratapgarh,2024-0481-IND,1.0,29.478869230172215,4.355027621160563,28.478869230172215,2.595676278211706,0.0,147.0,1.0,147.0,0.0,0.3273955492248397
nb2,4,E183::prayagraj,2024-0481-IND,1.0,30.80239102804725,4.355027621160563,29.80239102804725,2.6053524240584287,0.0,153.0,1.0,153.0,0.0,0.32413521685507074
nb2,4,E183::shahjahanpur,2024-0481-IND,17.0,24.055310207710797,4.355027621160563,7.0553102077107965,4.797630797296316,0.0,120.0,1.0,120.0,0.0,0.3429055611631784
nb2,4,E183::siddharthnagar,2024-0481-IND,3.0,21.944093607343,4.355027621160563,18.944093607343,3.33519957769421,0.0,109.0,1.0,109.0,0.0,0.3501419483503565
nb2,4,E183::sultanpur,2024-0481-IND,1.0,29.513962882718193,4.355027621160563,28.513962882718193,2.595938169891987,0.0,147.0,1.0,147.0,0.0,0.3273068102063404
nb2,4,E183::unnao,2024-0481-IND,1.0,23.720969345224514,4.355027621160563,22.720969345224514,2.548081398066307,0.0,118.0,1.0,118.0,0.0,0.34399884891605664
nb2,4,E183::varanasi,2024-0481-IND,10.0,32.92701061724011,4.355027621160563,22.927010617240107,4.372027876724418,0.0,164.0,1.0,164.0,0.0,0.31924363665480915
poisson,4,E016::baksa,2015-0317-IND,0.0,33.17482479234972,,33.17482479234972,33.17482479234972,24.0,43.0,0.0,19.0,1.0,3.911619969179631e-15
poisson,4,E016::bongaigaon,2015-0317-IND,0.0,31.623090904316037,,31.623090904316037,31.623090904316037,23.0,41.0,0.0,18.0,1.0,1.8461463225646117e-14
poisson,4,E016::dhemaji,2015-0317-IND,6.0,41.55405658616881,,35.55405658616881,25.771336910347564,31.0,52.0,0.0,21.0,0.0,8.980541495992957e-19
poisson,4,E016::dibrugarh,2015-0317-IND,0.0,42.149776531980166,,42.149776531980166,42.149776531980166,32.0,53.0,0.0,21.0,1.0,4.949765664261178e-19
poisson,4,E016::jorhat,2015-0317-IND,1.0,43.97334863598921,,42.97334863598921,40.189764898407496,33.0,55.0,0.0,22.0,0.0,7.991298193719108e-20
poisson,4,E016::kamrup,2015-0317-IND,1.0,58.21358894267074,,57.21358894267074,54.149470128199724,46.0,71.0,0.0,25.0,0.0,5.225881413350805e-26
poisson,4,E016::karbi%20anglong,2015-0317-IND,0.0,44.85480373966039,,44.85480373966039,44.85480373966039,34.0,56.0,0.0,22.0,1.0,3.309834275201323e-20
poisson,4,E016::kokrajhar,2015-0317-IND,3.0,34.882627831001926,,31.882627831001926,26.018420494046502,25.0,45.0,0.0,20.0,0.0,7.090342571259501e-16
poisson,4,E016::lakhimpur,2015-0317-IND,4.0,35.680986303134866,,31.680986303134866,24.5605683320635,26.0,46.0,0.0,20.0,0.0,3.191130315039615e-16
poisson,4,E016::sonitpur,2015-0317-IND,4.0,38.598544153732206,,34.598544153732206,27.163739745940326,29.0,49.0,0.0,20.0,0.0,1.725302551308049e-17
poisson,4,E016::tinsukia,2015-0317-IND,1.0,53.39218213160164,,52.39218213160164,49.41451779838325,42.0,66.0,0.0,24.0,0.0,6.487388751769214e-24
poisson,4,E017::kutch,2015-0317-IND,2.0,20.812107927107572,,18.812107927107572,15.434185249215428,14.0,29.0,0.0,15.0,0.0,9.149900480982119e-10
poisson,4,E019::chandel,2015-0317-IND,0.0,42.0513045862133,,42.0513045862133,42.0513045862133,32.0,53.0,0.0,21.0,1.0,5.461984474953736e-19
poisson,4,E019::thoubal,2015-0317-IND,0.0,28.579299159649587,,28.579299159649587,28.579299159649587,20.0,38.0,0.0,18.0,1.0,3.8740754828678613e-13
poisson,4,E019::ukhrul,2015-0317-IND,2.0,48.937740528554514,,46.937740528554514,41.849789931606246,38.0,61.0,0.0,23.0,0.0,5.579680503487822e-22
poisson,4,E020::balasore,2015-0317-IND,1.0,31.74565216778358,,30.74565216778358,28.287896391419327,23.0,41.0,0.0,18.0,0.0,1.6331964946172418e-14
poisson,4,E020::bhadrak,2015-0317-IND,1.0,31.84870223335716,,30.84870223335716,28.387705598374563,23.0,41.0,0.0,18.0,0.0,1.473276848492752e-14
poisson,4,E020::jharsuguda,2015-0317-IND,0.0,36.46023318219968,,36.46023318219968,36.46023318219968,27.0,47.0,0.0,20.0,1.0,1.4639354246271383e-16
poisson,4,E020::keonjhar,2015-0317-IND,1.0,42.94408505108562,,41.94408505108562,39.18418612922687,32.0,54.0,0.0,22.0,0.0,2.2367674385665403e-19
poisson,4,E020::mayurbhanj,2015-0317-IND,4.0,45.69920892097857,,41.69920892097857,33.58893880137738,35.0,57.0,0.0,22.0,0.0,1.4226096105277767e-20
poisson,4,E009::anantnag,2015-0333-IND,7.0,60.88722594817175,,53.88722594817175,40.649223522056474,48.0,74.0,0.0,26.0,0.0,3.605900612387867e-27
poisson,4,E012::barabanki,2015-0333-IND,2.0,27.89737880288736,,25.89737880288736,21.933460514054367,20.0,37.0,0.0,17.0,0.0,7.661650312436397e-13
poisson,4,E038::barpeta,2016-0267-IND,71.0,27.36692839843346,,43.63307160156654,27.105846135258815,19.0,36.0,0.0,17.0,0.0,1.3022489319626086e-12
poisson,4,E038::bongaigaon,2016-0267-IND,66.0,30.557264762634453,,35.44273523736555,18.39574413135805,22.0,40.0,0.0,18.0,0.0,5.3597993478649996e-14
poisson,4,E038::darrang,2016-0267-IND,54.0,26.192228019889576,,27.807771980110424,14.177353062974596,18.0,35.0,0.0,17.0,0.0,4.215604915229437e-12
poisson,4,E038::dhubri,2016-0267-IND,80.0,32.95085852630863,,47.04914147369137,27.022597529142764,24.0,43.0,0.0,19.0,0.0,4.893549300882441e-15
poisson,4,E038::goalpara,2016-0267-IND,72.0,29.528893781451497,,42.4711062185485,24.760698479728287,21.0,39.0,0.0,18.0,0.0,1.4988714038339207e-13
poisson,4,E038::golaghat,2016-0267-IND,78.0,33.538168321506625,,44.461831678493375,24.470454954990522,24.0,43.0,0.0,19.0,0.0,2.71993524599234e-15
poisson,4,E038::jorhat,2016-0267-IND,103.0,30.770287638884746,,72.22971236111525,55.449883168811276,22.0,40.0,0.0,18.0,0.0,4.3314556486290996e-14
poisson,4,E038::lakhimpur,2016-0267-IND,71.0,32.714868249850625,,38.285131750149375,19.780685754257902,24.0,42.0,0.0,18.0,0.0,6.196026162698932e-15
poisson,4,E038::morigaon,2016-0267-IND,125.0,24.666222902629553,,100.33377709737044,105.85985038998086,17.0,33.0,0.0,16.0,0.0,1.939079004311626e-11
poisson,4,E038::nalbari,2016-0267-IND,38.0,28.18709657245519,,9.81290342754481,4.278451601716256,20.0,37.0,0.0,17.0,0.0,5.734552033053113e-13
poisson,4,E052::bishnupur,2017-0290-IND,10.0,24.012314477084665,,14.012314477084665,7.331059030486529,16.0,32.0,0.0,16.0,0.0,3.728930807753555e-11
poisson,4,E052::imphal%20east,2017-0290-IND,27.0,28.631596641377968,,1.6315966413779677,2.617341355061683,20.0,38.0,1.0,18.0,0.0,3.67667778105313e-13
poisson,4,E052::imphal%20west,2017-0290-IND,13.0,25.76808461136134,,12.768084611361338,6.081471421602895,18.0,34.0,0.0,16.0,0.0,6.442627827057667e-12
poisson,4,E052::thoubal,2017-0290-IND,15.0,23.145188196701326,,8.145188196701326,3.917655995739466,16.0,31.0,0.0,15.0,0.0,8.875084231886024e-11
poisson,4,E053::araria,2017-0342-IND,225.0,24.148787705687113,,200.8512122943129,304.9460467349429,16.0,32.0,0.0,16.0,0.0,3.2532298968401195e-11
poisson,4,E053::darbhanga,2017-0342-IND,137.0,26.46621806553471,,110.53378193446528,118.08907139216595,18.0,35.0,0.0,17.0,0.0,3.205291540127004e-12
poisson,4,E053::east%20champaran,2017-0342-IND,124.0,25.976378935327745,,98.02362106467226,99.12977922606146,18.0,35.0,0.0,17.0,0.0,5.231207759632382e-12
poisson,4,E053::gopalganj,2017-0342-IND,94.0,31.40357996173329,,62.596420038266714,43.65410353498943,22.0,41.0,0.0,19.0,0.0,2.2993152016365976e-14
poisson,4,E053::katihar,2017-0342-IND,224.0,23.637824693362507,,200.36217530663748,306.9936837540838,16.0,32.0,0.0,16.0,0.0,5.4227948068520916e-11
poisson,4,E053::khagaria,2017-0342-IND,61.0,25.50999645545456,,35.490003544545445,20.665749757708017,18.0,34.0,0.0,16.0,0.0,8.33967845002067e-12
poisson,4,E053::kishanganj,2017-0342-IND,140.0,28.901867316713087,,111.0981326832869,113.17529261435277,20.0,38.0,0.0,18.0,0.0,2.805940823569043e-13
poisson,4,E053::madhepura,2017-0342-IND,113.0,25.60622004159073,,87.39377995840927,83.64402542456524,18.0,34.0,0.0,16.0,0.0,7.574604011639203e-12
poisson,4,E053::madhubani,2017-0342-IND,135.0,28.60980167393442,,106.39019832606559,106.43792434553208,20.0,38.0,0.0,18.0,0.0,3.757690481307434e-13
poisson,4,E053::muzaffarpur,2017-0342-IND,72.0,29.741558545387143,,42.25844145461286,24.456683241699018,21.0,39.0,0.0,18.0,0.0,1.2117282708419067e-13
poisson,4,E053::nalanda,2017-0342-IND,3.0,27.17160463018469,,24.17160463018469,19.056846657643867,19.0,36.0,0.0,17.0,0.0,1.583149924868804e-12
poisson,4,E053::patna,2017-0342-IND,38.0,32.04830938188157,,5.951690618118427,3.2612195583511934,23.0,42.0,1.0,19.0,0.0,1.2066910209034673e-14
poisson,4,E053::purnea,2017-0342-IND,135.0,24.411895013830282,,110.58810498616972,123.66166390798023,17.0,33.0,0.0,16.0,0.0,2.5006257713800608e-11
poisson,4,E053::saharsa,2017-0342-IND,96.0,25.454079088658276,,70.54592091134172,60.09338931706516,17.0,34.0,0.0,17.0,0.0,8.819295815071277e-12
poisson,4,E053::samastipur,2017-0342-IND,30.0,31.293451333557805,,1.2934513335578046,2.649422089808745,22.0,41.0,1.0,19.0,0.0,2.5670053046335385e-14
poisson,4,E053::saran,2017-0342-IND,38.0,32.19215289280611,,5.8078471071938935,3.2348880002688674,23.0,42.0,1.0,19.0,0.0,1.045022492502038e-14
poisson,4,E053::sheohar,2017-0342-IND,82.0,25.23628085318011,,56.763719146819895,42.99139414854527,17.0,34.0,0.0,17.0,0.0,1.0965349579406138e-11
poisson,4,E053::sitamarhi,2017-0342-IND,147.0,27.303184629098403,,119.69681537090159,131.18200437992024,19.0,36.0,0.0,17.0,0.0,1.3879620036668804e-12
poisson,4,E053::siwan,2017-0342-IND,1.0,37.46403259272579,,36.46403259272579,33.8406512508704,28.0,48.0,0.0,20.0,0.0,5.365094489696653e-17
poisson,4,E053::supaul,2017-0342-IND,78.0,26.14091065208343,,51.859089347916566,36.5094399341706,18.0,35.0,0.0,17.0,0.0,4.437585684708143e-12
poisson,4,E053::west%20champaran,2017-0342-IND,159.0,26.412377851944647,,132.58762214805535,156.28265217775748,18.0,35.0,0.0,17.0,0.0,3.3825953300739363e-12
poisson,4,E054::ayodhya,2017-0342-IND,31.0,38.57376422554683,,7.573764225546832,3.4362445535947117,29.0,49.0,1.0,20.0,0.0,1.7685895337965308e-17
poisson,4,E054::azamgarh,2017-0342-IND,0.0,32.216392449683696,,32.216392449683696,32.216392449683696,23.0,42.0,0.0,19.0,1.0,1.0199961494427677e-14
poisson,4,E054::bahraich,2017-0342-IND,8.0,29.17921027924092,,21.17921027924092,12.796161350305319,21.0,38.0,0.0,17.0,0.0,2.1263266844906923e-13
poisson,4,E054::balrampur,2017-0342-IND,7.0,25.82260750873956,,18.82260750873956,11.589016291953165,18.0,34.0,0.0,16.0,0.0,6.100761547192584e-12
poisson,4,E054::barabanki,2017-0342-IND,1.0,35.384128334571514,,34.384128334571514,31.817864967102402,26.0,45.0,0.0,19.0,0.0,4.2940620653947803e-16
poisson,4,E054::basti,2017-0342-IND,0.0,33.10598604125548,,33.10598604125548,33.10598604125548,24.0,43.0,0.0,19.0,1.0,4.190375523458571e-15
poisson,4,E054::ghazipur,2017-0342-IND,0.0,41.8705866726208,,41.8705866726208,41.8705866726208,32.0,53.0,0.0,21.0,1.0,6.543878904175456e-19
poisson,4,E054::gonda,2017-0342-IND,8.0,33.72728548944189,,25.72728548944189,16.185431046569953,24.0,44.0,0.0,20.0,0.0,2.251261904553151e-15
poisson,4,E054::gorakhpur,2017-0342-IND,6.0,29.22068412714895,,23.22068412714895,15.550674425014213,21.0,38.0,0.0,17.0,0.0,2.0399434395758427e-13
poisson,4,E054::maharajganj,2017-0342-IND,3.0,25.496651684714415,,22.496651684714415,17.572769742759043,17.0,34.0,0.0,17.0,0.0,8.451715438293065e-12
poisson,4,E054::shrawasti,2017-0342-IND,9.0,26.357806596193527,,17.357806596193527,9.713753606698575,18.0,35.0,0.0,17.0,0.0,3.5723174103083975e-12
poisson,4,E054::siddharthnagar,2017-0342-IND,8.0,23.79257537564504,,15.79257537564504,9.04218969437761,16.0,32.0,0.0,16.0,0.0,4.645321793630907e-11
poisson,4,E054::sitapur,2017-0342-IND,2.0,38.8261442459888,,36.8261442459888,32.201103745575054,29.0,49.0,0.0,20.0,0.0,1.3741046218678531e-17
poisson,4,E055::bankura,2017-0342-IND,1.0,26.841341547678624,,25.841341547678624,23.55139825367677,19.0,36.0,0.0,17.0,0.0,2.202690501189403e-12
poisson,4,E055::birbhum,2017-0342-IND,1.0,28.273099784607027,,27.273099784607027,24.93118896965162,20.0,37.0,0.0,17.0,0.0,5.261974961871637e-13
poisson,4,E055::cooch%20behar,2017-0342-IND,56.0,25.430436687941,,30.569563312059,16.570215746288216,17.0,34.0,0.0,17.0,0.0,9.030289511485568e-12
poisson,4,E055::dakshin%20dinajpur,2017-0342-IND,19.0,22.812108070228657,,3.812108070228657,2.7334546939002173,15.0,31.0,1.0,16.0,0.0,1.2383041959530813e-10
poisson,4,E055::hooghly,2017-0342-IND,2.0,39.40960069050523,,37.40960069050523,32.75472895312827,29.0,50.0,0.0,21.0,0.0,7.667042772861988e-18
poisson,4,E055::howrah,2017-0342-IND,2.0,48.74059925417765,,46.74059925417765,41.660721748663796,38.0,60.0,0.0,22.0,0.0,6.795582656058926e-22
poisson,4,E055::jalpaiguri,2017-0342-IND,95.0,31.660917608683622,,63.33908239131638,44.243087940645566,23.0,41.0,0.0,18.0,0.0,1.7776169820801504e-14
poisson,4,E055::malda,2017-0342-IND,97.0,27.242495100205776,,69.75750489979423,56.63313996196497,19.0,36.0,0.0,17.0,0.0,1.4748053510927955e-12
poisson,4,E055::murshidabad,2017-0342-IND,3.0,32.582378537762914,,29.582378537762914,23.9228231872535,23.0,42.0,0.0,19.0,0.0,7.0738002780818025e-15
poisson,4,E055::uttar%20dinajpur,2017-0342-IND,25.0,24.987947943395636,,0.01205205660436448,2.5317125072508553,17.0,33.0,1.0,16.0,0.0,1.4056334841074145e-11
poisson,4,E056::ambedkar%20nagar,2017-0517-IND,4.0,40.22641781844598,,36.22641781844598,28.626375890982114,30.0,51.0,0.0,21.0,0.0,3.3875734053492787e-18
poisson,4,E056::azamgarh,2017-0517-IND,3.0,32.38761769574228,,29.38761769574228,23.74604862536554,23.0,42.0,0.0,19.0,0.0,8.594811430635823e-15
poisson,4,E056::bahraich,2017-0517-IND,33.0,34.10133564504794,,1.1013356450479392,2.6876964466662514,25.0,44.0,1.0,19.0,0.0,1.5487385329449476e-15
poisson,4,E056::ballia,2017-0517-IND,51.0,34.15116222573727,,16.848837774262734,6.490127271723509,25.0,44.0,0.0,19.0,0.0,1.4734611678599916e-15
poisson,4,E056::balrampur,2017-0517-IND,45.0,26.748733705564092,,18.251266294435908,7.980746309661328,19.0,36.0,0.0,17.0,0.0,2.4164207354155274e-12
poisson,4,E056::barabanki,2017-0517-IND,46.0,35.06116238541482,,10.938837614585182,4.38741189752848,26.0,45.0,0.0,19.0,0.0,5.931037185311812e-16
poisson,4,E056::basti,2017-0517-IND,20.0,33.04268411882877,,13.042684118828767,5.422296903253205,24.0,43.0,0.0,19.0,0.0,4.464210040618256e-15
poisson,4,E056::bijnor,2017-0517-IND,4.0,47.410474143737034,,43.410474143737034,35.153155262938796,36.0,59.0,0.0,23.0,0.0,2.5697607704282345e-21
poisson,4,E056::budaun,2017-0517-IND,1.0,48.705001295122976,,47.705001295122976,44.81921957430889,38.0,60.0,0.0,22.0,0.0,7.0418488099757605e-22
poisson,4,E056::deoria,2017-0517-IND,7.0,33.40459033620447,,26.40459033620447,17.368898416984862,24.0,43.0,0.0,19.0,0.0,3.1086422605837744e-15
poisson,4,E056::faizabad,2017-0517-IND,19.0,39.352867681246266,,20.352867681246266,8.913943747352,29.0,50.0,0.0,21.0,0.0,8.114592569711493e-18
poisson,4,E056::farrukhabad,2017-0517-IND,1.0,43.01645404447003,,42.01645404447003,39.25487134977217,33.0,54.0,0.0,21.0,0.0,2.080613334113318e-19
poisson,4,E056::ghazipur,2017-0517-IND,1.0,43.94369544199688,,42.94369544199688,40.16078627657413,33.0,55.0,0.0,22.0,0.0,8.231814118206686e-20
poisson,4,E056::gonda,2017-0517-IND,47.0,33.85091783308057,,13.149082166919428,5.121233126270468,25.0,44.0,0.0,19.0,0.0,1.989450682786874e-15
poisson,4,E056::gorakhpur,2017-0517-IND,99.0,28.09874885829433,,70.90125114170567,56.99617420534335,20.0,37.0,0.0,17.0,0.0,6.26424049172712e-13
poisson,4,E056::kushinagar,2017-0517-IND,6.0,34.884705441534734,,28.884705441534734,20.151665691609935,25.0,45.0,0.0,20.0,0.0,7.075626892869753e-16
poisson,4,E056::lakhimpur%20kheri,2017-0517-IND,17.0,34.57220101874622,,17.57220101874622,7.845425822606487,25.0,45.0,0.0,20.0,0.0,9.671278068687008e-16
poisson,4,E056::maharajganj,2017-0517-IND,16.0,27.28858848962341,,11.288588489623411,5.05695082354773,19.0,36.0,0.0,17.0,0.0,1.4083694634112294e-12
poisson,4,E056::mirzapur,2017-0517-IND,4.0,34.134551921484295,,30.134551921484295,23.191365255333146,25.0,44.0,0.0,19.0,0.0,1.4981402018809086e-15
poisson,4,E056::muzaffarnagar,2017-0517-IND,0.0,36.443265006305204,,36.443265006305204,36.443265006305204,27.0,47.0,0.0,20.0,1.0,1.488987682890553e-16
poisson,4,E056::pilibhit,2017-0517-IND,2.0,24.818010307744043,,22.818010307744043,19.08801826493253,17.0,33.0,0.0,16.0,0.0,1.666000285628742e-11
poisson,4,E056::sant%20kabir%20nagar,2017-0517-IND,1.0,31.94254826638343,,30.94254826638343,28.4786093438616,23.0,42.0,0.0,19.0,0.0,1.3413050199685688e-14
poisson,4,E056::shravasti,2017-0517-IND,4.0,30.216135875186552,,26.216135875186552,19.7606853767505,21.0,40.0,0.0,19.0,0.0,7.538742769942874e-14
poisson,4,E056::siddharth%20nagar,2017-0517-IND,26.0,25.03912721883705,,0.9608727811629514,2.569397036025432,17.0,34.0,1.0,17.0,0.0,1.3355040739884618e-11
poisson,4,E056::sitapur,2017-0517-IND,6.0,40.649133223127265,,34.649133223127265,24.99851935808426,30.0,51.0,0.0,21.0,0.0,2.2197585989624698e-18
poisson,4,E067::barpeta,2018-0345-IND,6.0,29.62908049634073,,23.62908049634073,15.875793738890701,21.0,39.0,0.0,18.0,0.0,1.3559817253974656e-13
poisson,4,E067::darrang,2018-0345-IND,10.0,29.925351063489977,,19.925351063489977,11.042703808363804,21.0,39.0,0.0,18.0,0.0,1.008289313100649e-13
poisson,4,E067::dhemaji,2018-0345-IND,17.0,27.391913751578443,,10.391913751578443,4.62277372991381,19.0,36.0,0.0,17.0,0.0,1.2701148943239138e-12
poisson,4,E067::golaghat,2018-0345-IND,28.0,26.243554963326886,,1.7564450366731137,2.645525957334314,18.0,35.0,1.0,17.0,0.0,4.004689913190607e-12
poisson,4,E067::lakhimpur,2018-0345-IND,17.0,28.733932032538398,,11.733932032538398,5.1516671545522,20.0,38.0,0.0,18.0,0.0,3.319035326450264e-13
poisson,4,E067::sivasagar,2018-0345-IND,18.0,24.14331824614549,,6.1433182461454905,3.226625490691859,16.0,32.0,1.0,16.0,0.0,3.2710720551429956e-11
poisson,4,E067::sonitpur,2018-0345-IND,9.0,29.46978867904642,,20.46978867904642,11.821325525042514,21.0,39.0,0.0,18.0,0.0,1.590132792238918e-13
poisson,4,E067::udalguri,2018-0345-IND,5.0,32.29574020499497,,27.29574020499497,19.708555251111562,23.0,42.0,0.0,19.0,0.0,9.421894564997895e-15
poisson,4,E068::bankura,2018-0345-IND,2.0,22.00108808709672,,20.00108808709672,16.512051446377303,15.0,30.0,0.0,15.0,0.0,2.786434559304023e-10
poisson,4,E080::mumbai%20city,2019-0288-IND,547.0,72.78146621314013,,474.2185337868599,633.1449246385879,59.0,87.0,0.0,28.0,0.0,2.4626961917554126e-32
poisson,4,E080::pune,2019-0288-IND,11.0,67.55885361686586,,56.55885361686586,38.718171105067036,54.0,81.0,0.0,27.0,0.0,4.566281387725688e-30
poisson,4,E080::ratnagiri,2019-0288-IND,71.0,52.1457551023212,,18.854244897678797,6.1104411447194025,41.0,64.0,0.0,23.0,0.0,2.2562452470853088e-23
poisson,4,E100::puducherry,2019-0574-IND,8.0,45.66877435588121,,37.66877435588121,25.7020589396394,35.0,57.0,0.0,22.0,0.0,1.4665717056315885e-20
poisson,4,E101::coimbatore,2019-0574-IND,14.0,53.589405859397885,,39.589405859397885,23.041707488838544,42.0,66.0,0.0,24.0,0.0,5.326191127298635e-24
poisson,4,E101::cuddalore,2019-0574-IND,16.0,27.071717583058973,,11.071717583058973,4.967744868314988,19.0,36.0,0.0,17.0,0.0,1.7494536389412102e-12
poisson,4,E101::nagapattinam,2019-0574-IND,5.0,25.14372513371749,,20.14372513371749,13.808175037745936,17.0,34.0,0.0,17.0,0.0,1.2028706269830548e-11
poisson,4,E101::thiruvarur,2019-0574-IND,0.0,31.149699922268216,,31.149699922268216,31.149699922268216,22.0,41.0,0.0,19.0,1.0,2.963856759905292e-14
poisson,4,E101::thoothukudi,2019-0574-IND,5.0,25.211365173332855,,20.211365173332855,13.862382457166387,17.0,34.0,0.0,17.0,0.0,1.1241990759257539e-11
poisson,4,E122::darbhanga,2021-0316-IND,0.0,26.63069510926404,,26.63069510926404,26.63069510926404,18.0,35.0,0.0,17.0,1.0,2.7191681509168014e-12
poisson,4,E122::gopalganj,2021-0316-IND,1.0,33.42818516642001,,32.42818516642001,29.91878575503506,24.0,43.0,0.0,19.0,0.0,3.036152924005624e-15
poisson,4,E122::madhubani,2021-0316-IND,0.0,34.97053677873204,,34.97053677873204,34.97053677873204,26.0,45.0,0.0,19.0,1.0,6.493649563940928e-16
poisson,4,E122::muzaffarpur,2021-0316-IND,1.0,36.16300252441562,,35.16300252441562,32.57496595792466,27.0,46.0,0.0,19.0,0.0,1.9706411831777501e-16
poisson,4,E122::west%20champaran,2021-0316-IND,0.0,33.40056759070452,,33.40056759070452,33.40056759070452,24.0,43.0,0.0,19.0,1.0,3.121172723782895e-15
poisson,4,E124::surat,2021-0316-IND,0.0,41.51378676626867,,41.51378676626867,41.51378676626867,31.0,52.0,0.0,21.0,1.0,9.349566705959635e-19
poisson,4,E124::valsad,2021-0316-IND,0.0,49.91865799029271,,49.91865799029271,49.91865799029271,39.0,62.0,0.0,23.0,1.0,2.0921956307561266e-22
poisson,4,E125::bagalkot,2021-0316-IND,0.0,23.089655281072123,,23.089655281072123,23.089655281072123,15.0,31.0,0.0,16.0,1.0,9.381885371012531e-11
poisson,4,E125::belagavi,2021-0316-IND,0.0,30.240824136951666,,30.240824136951666,30.240824136951666,22.0,40.0,0.0,18.0,1.0,7.354902994894324e-14
poisson,4,E125::chikkamagaluru,2021-0316-IND,0.0,30.555454236754056,,30.555454236754056,30.555454236754056,22.0,40.0,0.0,18.0,1.0,5.369512193323857e-14
poisson,4,E125::dharwad,2021-0316-IND,0.0,27.086169419438804,,27.086169419438804,27.086169419438804,19.0,36.0,0.0,17.0,1.0,1.7243526358640346e-12
poisson,4,E125::gadag,2021-0316-IND,0.0,19.430443986678938,,19.430443986678938,19.430443986678938,12.0,27.0,0.0,15.0,1.0,3.643052212728294e-09
poisson,4,E125::kodagu,2021-0316-IND,0.0,42.32374543869135,,42.32374543869135,42.32374543869135,32.0,53.0,0.0,21.0,1.0,4.1594020592938177e-19
poisson,4,E126::idukki,2021-0316-IND,0.0,49.0423148801606,,49.0423148801606,49.0423148801606,38.0,61.0,0.0,23.0,1.0,5.025661895199128e-22
poisson,4,E126::kottayam,2021-0316-IND,1.0,36.79888134761006,,35.79888134761006,33.193413901059984,27.0,47.0,0.0,20.0,0.0,1.0433953346440241e-16
poisson,4,E127::kolhapur,2021-0316-IND,0.0,59.29720975284921,,59.29720975284921,59.29720975284921,47.0,72.0,0.0,25.0,1.0,1.768271763864589e-26
poisson,4,E127::pune,2021-0316-IND,0.0,43.22501248124197,,43.22501248124197,43.22501248124197,33.0,54.0,0.0,21.0,1.0,1.6889453580505882e-19
poisson,4,E127::raigad,2021-0316-IND,10.0,39.01232623012374,,29.01232623012374,17.477962269431686,29.0,50.0,0.0,21.0,0.0,1.140675180603807e-17
poisson,4,E127::ratnagiri,2021-0316-IND,3.0,42.193625858105676,,39.193625858105676,32.758577836482985,32.0,53.0,0.0,21.0,0.0,4.737411591365342e-19
poisson,4,E127::satara,2021-0316-IND,0.0,42.45037209766767,,42.45037209766767,42.45037209766767,32.0,53.0,0.0,21.0,1.0,3.6646933764995247e-19
poisson,4,E127::sindhudurg,2021-0316-IND,3.0,41.773962886899554,,38.773962886899554,32.36890261210689,31.0,53.0,0.0,22.0,0.0,7.207728693688707e-19
poisson,4,E127::thane,2021-0316-IND,9.0,52.02862298136004,,43.02862298136004,29.264304379603985,40.0,64.0,0.0,24.0,0.0,2.5366242394895446e-23
poisson,4,E129::ayodhya,2021-0316-IND,0.0,41.04955067415968,,41.04955067415968,41.04955067415968,31.0,52.0,0.0,21.0,1.0,1.487327670160193e-18
poisson,4,E129::barabanki,2021-0316-IND,1.0,32.84091080766092,,31.84091080766092,29.349235788757852,24.0,43.0,0.0,19.0,0.0,5.4622761886334294e-15
poisson,4,E130::bageshwar,2021-0316-IND,0.0,32.26728765883939,,32.26728765883939,32.26728765883939,23.0,42.0,0.0,19.0,1.0,9.693821618935987e-15
poisson,4,E130::chamoli,2021-0316-IND,14.0,21.97470716207147,,7.974707162071471,3.9074386994688055,15.0,30.0,0.0,15.0,0.0,2.860921477502273e-10
poisson,4,E130::pithoragarh,2021-0316-IND,0.0,28.47775938804667,,28.47775938804667,28.47775938804667,20.0,38.0,0.0,18.0,1.0,4.288113192290593e-13
poisson,4,E131::jalpaiguri,2021-0316-IND,1.0,34.28835247509261,,33.28835247509261,30.753546756576014,25.0,44.0,0.0,19.0,0.0,1.2845698558999222e-15
poisson,4,E140::lahaul%20and%20spiti,2021-0458-IND,7.0,14.016422453620383,,7.0164224536203825,4.05997609282343,8.0,20.0,0.0,12.0,0.0,8.179844963665671e-07
poisson,4,E141::anantnag,2021-0458-IND,6.0,31.63076750412756,,25.63076750412756,17.4852369035856,23.0,41.0,0.0,18.0,0.0,1.832028453997006e-14
poisson,4,E141::bandipora,2021-0458-IND,7.0,22.755383764135747,,15.755383764135747,9.406932760590106,15.0,31.0,0.0,16.0,0.0,1.3105765642981463e-10
poisson,4,E141::ganderbal,2021-0458-IND,2.0,26.20370563835807,,24.20370563835807,20.365051144229227,18.0,35.0,0.0,17.0,0.0,4.167496423985084e-12
poisson,4,E141::kishtwar,2021-0458-IND,59.0,26.237230542039356,,32.762769457960644,18.007473910323682,18.0,35.0,0.0,17.0,0.0,4.030097518840193e-12
poisson,4,E180::cachar,2024-0399-IND,1.0,20.97110614797073,,19.97110614797073,17.92796055537938,14.0,29.0,0.0,15.0,0.0,7.804845681083801e-10
poisson,4,E180::dhemaji,2024-0399-IND,0.0,23.31261842925618,,23.31261842925618,23.31261842925618,16.0,32.0,0.0,16.0,1.0,7.506862436141971e-11
poisson,4,E180::dibrugarh,2024-0399-IND,0.0,21.066112873608187,,21.066112873608187,21.066112873608187,14.0,29.0,0.0,15.0,1.0,7.09746768492384e-10
poisson,4,E180::jorhat,2024-0399-IND,0.0,26.362250318541214,,26.362250318541214,26.362250318541214,18.0,35.0,0.0,17.0,1.0,3.556478242096278e-12
poisson,4,E180::kamrup,2024-0399-IND,0.0,16.553312463227858,,16.553312463227858,16.553312463227858,10.0,24.0,0.0,14.0,1.0,6.471243473686406e-08
poisson,4,E180::lakhimpur,2024-0399-IND,0.0,28.356481626274775,,28.356481626274775,28.356481626274775,20.0,37.0,0.0,17.0,1.0,4.841015838278466e-13
poisson,4,E180::nagaon,2024-0399-IND,0.0,25.473128310955822,,25.473128310955822,25.473128310955822,17.0,34.0,0.0,17.0,1.0,8.652885117893948e-12
poisson,4,E180::udalguri,2024-0399-IND,0.0,24.331367038034855,,24.331367038034855,24.331367038034855,17.0,33.0,0.0,16.0,1.0,2.7103261681485576e-11
poisson,4,E181::east%20jaintia%20hills,2024-0399-IND,0.0,22.88542775176047,,22.88542775176047,22.88542775176047,15.0,31.0,0.0,16.0,1.0,1.1507606726398282e-10
poisson,4,E181::east%20khasi%20hills,2024-0399-IND,0.0,32.20582466067971,,32.20582466067971,32.20582466067971,23.0,42.0,0.0,19.0,1.0,1.0308324103467464e-14
poisson,4,E181::south%20west%20garo%20hills,2024-0399-IND,0.0,29.652377018528263,,29.652377018528263,29.652377018528263,21.0,39.0,0.0,18.0,1.0,1.3247571907672802e-13
poisson,4,E181::west%20garo%20hills,2024-0399-IND,0.0,29.883308028698593,,29.883308028698593,29.883308028698593,21.0,39.0,0.0,18.0,1.0,1.051584611366689e-13
poisson,4,E181::west%20jaintia%20hills,2024-0399-IND,0.0,23.879433056470386,,23.879433056470386,23.879433056470386,16.0,32.0,0.0,16.0,1.0,4.258866165255481e-11
poisson,4,E182::barpeta,2024-0481-IND,41.0,18.391730514244546,,22.608269485755454,13.03799575996894,12.0,26.0,0.0,14.0,0.0,1.0293733609872489e-08
poisson,4,E182::biswanath,2024-0481-IND,31.0,20.90995713023191,,10.09004286976809,4.755191323283192,14.0,29.0,0.0,15.0,0.0,8.296998307631209e-10
poisson,4,E182::cachar,2024-0481-IND,101.0,22.484086627370246,,78.51591337262975,76.44499510404223,15.0,31.0,0.0,16.0,0.0,1.719037089835495e-10
poisson,4,E182::chirang,2024-0481-IND,36.0,21.446776173171454,,14.553223826828546,6.805794506938309,14.0,29.0,0.0,15.0,0.0,4.850465873698764e-10
poisson,4,E182::darrang,2024-0481-IND,60.0,17.1212473213377,,42.878752678662295,35.33020720814619,11.0,24.0,0.0,13.0,0.0,3.66721831593641e-08
poisson,4,E182::dhemaji,2024-0481-IND,84.0,22.567388635566452,,61.43261136443355,52.10484451988591,15.0,31.0,0.0,16.0,0.0,1.5816400173582278e-10
poisson,4,E182::dhubri,2024-0481-IND,98.0,19.72901763660954,,78.27098236339046,82.02323136737769,13.0,27.0,0.0,14.0,0.0,2.702691694598103e-09
poisson,4,E182::dibrugarh,2024-0481-IND,76.0,23.466171254689765,,52.53382874531023,39.86475721919162,16.0,32.0,0.0,16.0,0.0,6.438301533161114e-11
poisson,4,E182::goalpara,2024-0481-IND,79.0,18.49218131036046,,60.507818689639535,57.31278610203002,12.0,26.0,0.0,14.0,0.0,9.309957502711822e-09
poisson,4,E182::golaghat,2024-0481-IND,78.0,18.11960768799437,,59.880392312005625,57.07567481716103,11.0,25.0,0.0,14.0,0.0,1.3513080590368196e-08
poisson,4,E182::hailakandi,2024-0481-IND,31.0,25.071698809174784,,5.928301190825216,3.2899925148028117,17.0,34.0,1.0,17.0,0.0,1.2927053769347234e-11
poisson,4,E182::jorhat,2024-0481-IND,49.0,20.198035339612897,,28.801964660387103,17.490097662126868,13.0,28.0,0.0,15.0,0.0,1.6908485395457204e-09
poisson,4,E182::kamrup,2024-0481-IND,58.0,17.692542919113926,,40.307457080886074,31.506526022173382,11.0,25.0,0.0,14.0,0.0,2.071220039750731e-08
poisson,4,E182::kamrup%20metropolitan,2024-0481-IND,32.0,25.352103768819266,,6.647896231180734,3.45848832887474,17.0,34.0,1.0,17.0,0.0,9.766101385960471e-12
poisson,4,E182::karimganj,2024-0481-IND,71.0,27.245199550950545,,43.754800449049455,27.30063168884918,19.0,36.0,0.0,17.0,0.0,1.4708222012067285e-12
poisson,4,E182::majuli,2024-0481-IND,53.0,15.000972313673822,,37.99902768632618,31.80200447491503,9.0,22.0,0.0,13.0,0.0,3.0560503204498505e-07
poisson,4,E182::morigaon,2024-0481-IND,56.0,17.258174591705295,,38.7418254082947,30.106960177185197,11.0,24.0,0.0,13.0,0.0,3.197937760602974e-08
poisson,4,E182::nagaon,2024-0481-IND,86.0,19.146596175961253,,66.85340382403875,65.48479874049384,12.0,27.0,0.0,15.0,0.0,4.83881405616151e-09
poisson,4,E182::nalbari,2024-0481-IND,47.0,16.04629352082186,,30.95370647917814,22.401555345787283,10.0,23.0,0.0,13.0,0.0,1.0744427231938571e-07
poisson,4,E182::sivasagar,2024-0481-IND,71.0,18.828009039537577,,52.17199096046242,45.12019462319252,12.0,26.0,0.0,14.0,0.0,6.654256981194956e-09
poisson,4,E182::south%20salmara,2024-0481-IND,38.0,20.25340331250823,,17.74659668749177,8.905333845656532,13.0,28.0,0.0,15.0,0.0,1.5997742482356178e-09
poisson,4,E183::auraiya,2024-0481-IND,0.0,18.44299907328993,,18.44299907328993,18.44299907328993,12.0,26.0,0.0,14.0,1.0,9.779288820442355e-09
poisson,4,E183::ayodhya,2024-0481-IND,3.0,21.963620138486235,,18.963620138486235,14.487217244111825,15.0,30.0,0.0,15.0,0.0,2.892817068260292e-10
poisson,4,E183::ballia,2024-0481-IND,13.0,23.647999152890893,,10.647999152890893,5.07754238973979,16.0,32.0,0.0,16.0,0.0,5.3679005338903965e-11
poisson,4,E183::balrampur,2024-0481-IND,22.0,17.89792575094999,,4.102074249050009,2.9060409242528387,11.0,25.0,1.0,14.0,0.0,1.6866680132531432e-08
poisson,4,E183::barabanki,2024-0481-IND,10.0,18.80980852214181,,8.809808522141811,4.570436458383936,12.0,26.0,0.0,14.0,0.0,6.776476758885617e-09
poisson,4,E183::budaun,2024-0481-IND,3.0,20.07503122196022,,17.07503122196022,12.868360245896135,13.0,28.0,0.0,15.0,0.0,1.9121621451574353e-09
poisson,4,E183::chandauli,2024-0481-IND,0.0,18.325499209650598,,18.325499209650598,18.325499209650598,12.0,26.0,0.0,14.0,1.0,1.0998584990491125e-08
poisson,4,E183::deoria,2024-0481-IND,4.0,20.961491285353855,,16.961491285353855,11.968797091572771,14.0,29.0,0.0,15.0,0.0,7.880250120817982e-10
poisson,4,E183::gonda,2024-0481-IND,10.0,21.357956340503662,,11.357956340503662,5.848125587859668,14.0,29.0,0.0,15.0,0.0,5.300995268494508e-10
poisson,4,E183::gorakhpur,2024-0481-IND,18.0,21.04053812203439,,3.040538122034391,2.5998659837416938,14.0,29.0,1.0,15.0,0.0,7.281324685184319e-10
poisson,4,E183::hardoi,2024-0481-IND,3.0,19.67654334883245,,16.67654334883245,12.530021118000853,13.0,27.0,0.0,14.0,0.0,2.848300464367333e-09
poisson,4,E183::hathras,2024-0481-IND,0.0,18.645046097780483,,18.645046097780483,18.645046097780483,12.0,26.0,0.0,14.0,1.0,7.990231548663135e-09
poisson,4,E183::kushinagar,2024-0481-IND,17.0,22.655117564447668,,5.655117564447668,3.1136329680462715,15.0,31.0,1.0,16.0,0.0,1.4487967226815173e-10
poisson,4,E183::lakhimpur%20kheri,2024-0481-IND,23.0,19.867566356324733,,3.1324336436752667,2.72520479637954,13.0,27.0,1.0,14.0,0.0,2.353019696754732e-09
poisson,4,E183::maharajganj,2024-0481-IND,0.0,18.063901206809113,,18.063901206809113,18.063901206809113,11.0,25.0,0.0,14.0,1.0,1.4287208552493995e-08
poisson,4,E183::mainpuri,2024-0481-IND,0.0,18.923532769201103,,18.923532769201103,18.923532769201103,12.0,26.0,0.0,14.0,1.0,6.048032833883253e-09
poisson,4,E183::pilibhit,2024-0481-IND,32.0,18.89062300321637,,13.10937699678363,6.411281289643206,12.0,26.0,0.0,14.0,0.0,6.2503835741556736e-09
poisson,4,E183::pratapgarh,2024-0481-IND,1.0,25.65975502388546,,24.65975502388546,22.414831211747227,18.0,34.0,0.0,16.0,0.0,7.179760974476347e-12
poisson,4,E183::prayagraj,2024-0481-IND,1.0,27.189768163139625,,26.189768163139625,23.88692743108034,19.0,36.0,0.0,17.0,0.0,1.5546539066506433e-12
poisson,4,E183::shahjahanpur,2024-0481-IND,17.0,18.82941098375226,,1.8294109837522612,2.432343389334342,12.0,26.0,1.0,14.0,0.0,6.64493462035895e-09
poisson,4,E183::siddharthnagar,2024-0481-IND,3.0,16.40417067803198,,13.404170678031981,9.803323310854932,10.0,23.0,0.0,13.0,0.0,7.512062530256592e-08
poisson,4,E183::sultanpur,2024-0481-IND,1.0,25.64249450743303,,24.64249450743303,22.39824359043142,18.0,34.0,0.0,16.0,0.0,7.304763053697197e-12
poisson,4,E183::unnao,2024-0481-IND,1.0,18.42216562265164,,17.42216562265164,15.508611029644431,12.0,26.0,0.0,14.0,0.0,9.98516223187644e-09
poisson,4,E183::varanasi,2024-0481-IND,10.0,30.32061586596467,,20.32061586596467,11.30674971134136,22.0,40.0,0.0,18.0,0.0,6.790845369470257e-14
