event_district_id,event_id,source_record_id,state,district,start_date,end_date,date_precision,district_source,district_resolution_evidence,state_resolution_source,state_resolution_evidence,aoi_level,district_resolution_source_class,district_resolution_evidence_type,district_resolution_circularity_risk,district_resolution_source_url,flood_area_km2,flood_ratio,aoi_area_km2,satellite_source,satellite_status,aoi_match_status,geometry_id,route_reason,spec_version,sits_status,converter_decision,eligible_km2,flood_ratio_eligible,legacy_flood_area_km2,legacy_satellite_source,article_count,article_collection_status,count_source,query_collection_status,missing_text_count,candidate_article_count,heuristic_pass_count,classified_article_count,unresolved_article_count,article_count_is_lower_bound,coverage_scope,window_days,uncertain_count,urban_population_share,total_population,urban_population,rural_population,census_year,census_source,census_match_status,census_district_code,district_match_status,exclusion_reason,analysis_eligible
E002::virudhunagar,E002,2015-0207-IND,Tamil Nadu,Virudhunagar,2015-05-17,2015-05-21,start:day|end:day,admin_units|gadm,"[""admin_units:Virudhunagar"", ""gadm:IND.31.32_1"", ""recovery_alias:Virudunagar->Virudhunagar""]",gadm|location,"[""gadm:IND.31.32_1"", ""location:(?<![A-Za-z])Tamil\\ Nadu(?![A-Za-z])""]",district,,,,,,,4306.978436820998,NONE,missing,matched,17869.0,no_s1,fs1-3016a20fd3ad,unavailable,,3913.8888,,,NONE,9.0,partial,llm_qa_observed_lower_bound,complete,139,148,0,9,139,True,local_state_plus_targeted_bigquery,14,139,0.5046759285955533,1942288.0,980226.0,962062.0,2011,census_2011_official;file=census_2011_district_urban_rural.xlsx;sha256=acb01ddb965be41cf22a20f0e641fdbcc1f4a16e6b7bc9cf91478ce289f853e8;catalog=https://censusindia.gov.in/nada/index.php/catalog/42557,matched,625,resolved,satellite_missing_or_invalid,False
E003::amreli,E003,2015-0249-IND,Gujarat,Amreli,2015-06-19,2015-06-20,start:day|end:day,gadm,"[""gadm:IND.11.2_1""]",gadm|location,"[""gadm:IND.11.20_1"", ""gadm:IND.11.26_1"", ""gadm:IND.11.28_1"", ""gadm:IND.11.2_1"", ""gadm:IND.11.30_1"", ""location:(?<![A-Za-z])Gujarat(?![A-Za-z])""]",district,,,,,,,7335.055339616136,NONE,missing,matched,17636.0,no_s1,fs1-3016a20fd3ad,unavailable,,6520.1448,,,NONE,153.0,partial,llm_qa_observed_lower_bound,complete,656,811,0,153,658,True,local_state_plus_targeted_bigquery,14,658,0.2553411394871185,1514190.0,386635.0,1127555.0,2011,census_2011_official;file=census_2011_district_urban_rural.xlsx;sha256=acb01ddb965be41cf22a20f0e641fdbcc1f4a16e6b7bc9cf91478ce289f853e8;catalog=https://censusindia.gov.in/nada/index.php/catalog/42557,matched,480,resolved,satellite_missing_or_invalid,False
E003::morbi,E003,2015-0249-IND,Gujarat,Morbi,2015-06-19,2015-06-20,start:day|end:day,gadm,"[""gadm:IND.11.20_1""]",gadm|location,"[""gadm:IND.11.20_1"", ""gadm:IND.11.26_1"", ""gadm:IND.11.28_1"", ""gadm:IND.11.2_1"", ""gadm:IND.11.30_1"", ""location:(?<![A-Za-z])Gujarat(?![A-Za-z])""]",district,,,,,0.0028,0.0,4845.388822156085,S1,observed,matched,76128533B2080752988715,interim_s1_only,fs1-3016a20fd3ad,unavailable,,4598.5249,0.0,0.0028,S1,1.0,partial,llm_qa_observed_lower_bound,complete,656,663,0,1,662,True,local_state_plus_targeted_bigquery,14,662,,,,,2011,census_2011_official,unmatched,,resolved,census_unmatched;census_invalid;census_population_inconsistent,False
E003::rajkot,E003,2015-0249-IND,Gujarat,Rajkot,2015-06-19,2015-06-20,start:day|end:day,gadm,"[""gadm:IND.11.26_1""]",gadm|location,"[""gadm:IND.11.20_1"", ""gadm:IND.11.26_1"", ""gadm:IND.11.28_1"", ""gadm:IND.11.2_1"", ""gadm:IND.11.30_1"", ""location:(?<![A-Za-z])Gujarat(?![A-Za-z])""]",district,,,,,,,11175.751593133718,NONE,missing,matched,17647.0,no_s1,fs1-3016a20fd3ad,unavailable,,10594.8875,,,NONE,69.0,partial,llm_qa_observed_lower_bound,complete,656,762,0,73,689,True,local_state_plus_targeted_bigquery,14,689,0.5819467070813482,3804558.0,2214050.0,1590508.0,2011,census_2011_official;file=census_2011_district_urban_rural.xlsx;sha256=acb01ddb965be41cf22a20f0e641fdbcc1f4a16e6b7bc9cf91478ce289f853e8;catalog=https://censusindia.gov.in/nada/index.php/catalog/42557,matched,476,resolved,satellite_missing_or_invalid,False
E003::surat,E003,2015-0249-IND,Gujarat,Surat,2015-06-19,2015-06-20,start:day|end:day,gadm,"[""gadm:IND.11.28_1""]",gadm|location,"[""gadm:IND.11.20_1"", ""gadm:IND.11.26_1"", ""gadm:IND.11.28_1"", ""gadm:IND.11.2_1"", ""gadm:IND.11.30_1"", ""location:(?<![A-Za-z])Gujarat(?![A-Za-z])""]",district,,,,,,,7486.82173633887,NONE,missing,matched,17649.0,no_s1,fs1-3016a20fd3ad,unavailable,,5860.6038,,,NONE,21.0,partial,llm_qa_observed_lower_bound,complete,656,699,0,29,670,True,local_state_plus_targeted_bigquery,14,670,0.7973945467778223,6081322.0,4849213.0,1232109.0,2011,census_2011_official;file=census_2011_district_urban_rural.xlsx;sha256=acb01ddb965be41cf22a20f0e641fdbcc1f4a16e6b7bc9cf91478ce289f853e8;catalog=https://censusindia.gov.in/nada/index.php/catalog/42557,matched,492,resolved,satellite_missing_or_invalid,False
E003::tapi,E003,2015-0249-IND,Gujarat,Tapi,2015-06-19,2015-06-20,start:day|end:day,gadm,"[""gadm:IND.11.30_1""]",gadm|location,"[""gadm:IND.11.20_1"", ""gadm:IND.11.26_1"", ""gadm:IND.11.28_1"", ""gadm:IND.11.2_1"", ""gadm:IND.11.30_1"", ""location:(?<![A-Za-z])Gujarat(?![A-Za-z])""]",district,,,,,,,3222.2181213994645,NONE,missing,matched,76128533B12519626815499,no_s1,fs1-3016a20fd3ad,unavailable,,2093.7467,,,NONE,,incomplete,llm_qa,complete,656,657,0,0,657,False,local_state_plus_targeted_bigquery,14,657,0.098494217010193,807022.0,79487.0,727535.0,2011,census_2011_official;file=census_2011_district_urban_rural.xlsx;sha256=acb01ddb965be41cf22a20f0e641fdbcc1f4a16e6b7bc9cf91478ce289f853e8;catalog=https://censusindia.gov.in/nada/index.php/catalog/42557,matched,493,resolved,satellite_missing_or_invalid;article_collection_incomplete;article_count_missing_or_invalid,False
E005::darjeeling,E005,2015-0253-IND,West Bengal,Darjeeling,2015-06-23,2015-06-30,start:day|end:day,admin_units|gadm,"[""admin_units:Darjiling"", ""gadm:IND.36.6_1"", ""recovery_alias:Darjiling->Darjeeling""]",gadm|location,"[""gadm:IND.36.6_1"", ""location:(?<![A-Za-z])West\\ Bengal(?![A-Za-z])""]",district,,,,,2.4859,0.0012,2082.4452472301264,S1,observed,matched,76128533B17109302371020,interim_s1_only,fs1-3016a20fd3ad,unavailable,,826.6807,0.003,2.4859,S1,20.0,partial,llm_qa_observed_lower_bound,complete,239,272,0,26,246,True,local_state_plus_targeted_bigquery,14,246,,,,,2011,census_2011_official,unmatched,,resolved,census_unmatched;census_invalid;census_population_inconsistent,False
E015::dhemaji,E015,2015-0413-IND,Assam,Dhemaji,2015-07-14,2015-07-16,start:day|end:day,gadm,"[""gadm:IND.4.7_1""]",gadm|location,"[""gadm:IND.4.19_1"", ""gadm:IND.4.20_1"", ""gadm:IND.4.25_1"", ""gadm:IND.4.7_1"", ""location:(?<![A-Za-z])Assam(?![A-Za-z])""]",district,,,,,12.8685,0.0051,2503.3476339074205,S1,observed,matched,70087.0,interim_s1_only,fs1-3016a20fd3ad,unavailable,,2240.4877,0.0057,12.8685,S1,,incomplete,llm_qa,complete,1,1,0,0,1,False,local_state_plus_targeted_bigquery,14,1,0.0703726536983354,686133.0,48285.0,637848.0,2011,census_2011_official;file=census_2011_district_urban_rural.xlsx;sha256=acb01ddb965be41cf22a20f0e641fdbcc1f4a16e6b7bc9cf91478ce289f853e8;catalog=https://censusindia.gov.in/nada/index.php/catalog/42557,matched,308,resolved,article_collection_incomplete;article_count_missing_or_invalid,False
E015::kokrajhar,E015,2015-0413-IND,Assam,Kokrajhar,2015-07-14,2015-07-16,start:day|end:day,gadm,"[""gadm:IND.4.19_1""]",gadm|location,"[""gadm:IND.4.19_1"", ""gadm:IND.4.20_1"", ""gadm:IND.4.25_1"", ""gadm:IND.4.7_1"", ""location:(?<![A-Za-z])Assam(?![A-Za-z])""]",district,,,,,42.6868,0.0128,3329.2233881813268,S1,observed,matched,70090.0,interim_s1_only,fs1-3016a20fd3ad,unavailable,,3061.7037,0.0139,42.6868,S1,,incomplete,llm_qa,complete,1,1,0,0,1,False,local_state_plus_targeted_bigquery,14,1,0.0619303335880839,887142.0,54941.0,832201.0,2011,census_2011_official;file=census_2011_district_urban_rural.xlsx;sha256=acb01ddb965be41cf22a20f0e641fdbcc1f4a16e6b7bc9cf91478ce289f853e8;catalog=https://censusindia.gov.in/nada/index.php/catalog/42557,matched,300,resolved,article_collection_incomplete;article_count_missing_or_invalid,False
E015::lakhimpur,E015,2015-0413-IND,Assam,Lakhimpur,2015-07-14,2015-07-16,start:day|end:day,gadm,"[""gadm:IND.4.20_1""]",gadm|location,"[""gadm:IND.4.19_1"", ""gadm:IND.4.20_1"", ""gadm:IND.4.25_1"", ""gadm:IND.4.7_1"", ""location:(?<![A-Za-z])Assam(?![A-Za-z])""]",district,,,,,51.7313,0.0179,2886.5239581816727,S1,observed,matched,70091.0,interim_s1_only,fs1-3016a20fd3ad,unavailable,,2563.3875,0.0202,51.7313,S1,,incomplete,llm_qa,complete,1,1,0,0,1,False,local_state_plus_targeted_bigquery,14,1,0.0876401087381025,1042137.0,91333.0,950804.0,2011,census_2011_official;file=census_2011_district_urban_rural.xlsx;sha256=acb01ddb965be41cf22a20f0e641fdbcc1f4a16e6b7bc9cf91478ce289f853e8;catalog=https://censusindia.gov.in/nada/index.php/catalog/42557,matched,307,resolved,article_collection_incomplete;article_count_missing_or_invalid,False
E015::sonitpur,E015,2015-0413-IND,Assam,Sonitpur,2015-07-14,2015-07-16,start:day|end:day,gadm,"[""gadm:IND.4.25_1""]",gadm|location,"[""gadm:IND.4.19_1"", ""gadm:IND.4.20_1"", ""gadm:IND.4.25_1"", ""gadm:IND.4.7_1"", ""location:(?<![A-Za-z])Assam(?![A-Za-z])""]",district,,,,,68.551,0.0147,4676.158375740257,S1,observed,matched,17593.0,interim_s1_only,fs1-3016a20fd3ad,unavailable,,4081.5881,0.0168,68.551,S1,,incomplete,llm_qa,complete,1,1,0,0,1,False,local_state_plus_targeted_bigquery,14,1,0.0903508635161191,1924110.0,173845.0,1750265.0,2011,census_2011_official;file=census_2011_district_urban_rural.xlsx;sha256=acb01ddb965be41cf22a20f0e641fdbcc1f4a16e6b7bc9cf91478ce289f853e8;catalog=https://censusindia.gov.in/nada/index.php/catalog/42557,matched,306,resolved,article_collection_incomplete;article_count_missing_or_invalid,False
E016::barpeta,E016,2015-0317-IND,Assam,Barpeta,2015-07-15,2015-08-19,start:day|end:day,external_recovery,"[""{\""canonical_district\"": \""Barpeta\"", \""circularity_risk\"": \""none\"", \""event_id\"": \""E016\"", \""evidence_note\"": \""Official cumulative affected-district list close to the event period; may include continuing monsoon impacts.\"", \""evidence_scope\"": \""seasonal_or_cumulative\"", \""evidence_type\"": \""seasonal_cumulative\"", \""mapping_row\"": 9, \""merge_rule\"": \""dedupe on event_id + canonical(state,district); preserve original source name\"", \""origin\"": \""prior_research_pass\"", \""source_class\"": \""official_government\"", \""source_title\"": \""Government of India MHA/NERC Monsoon-Flood Situation Report, 1 Sep 2015\"", \""source_url\"": \""https://ndmindia.mha.gov.in/ndmi/viewUploadedDocument?uid=NEW859\"", \""source_verification\"": \""supplied_not_independently_verified\"", \""state\"": \""Assam\"", \""year\"": \""2015\""}""]",gadm|location,"[""gadm:IND.4.11_1"", ""gadm:IND.4.14_1"", ""gadm:IND.4.17_1"", ""gadm:IND.4.20_1"", ""gadm:IND.4.21_1"", ""gadm:IND.4.27_1"", ""gadm:IND.4.6_1"", ""gadm:IND.4.7_1"", ""gadm:IND.4.8_1"", ""location:(?<![A-Za-z])Assam(?![A-Za-z])""]",district,official_government,seasonal_cumulative,none,https://ndmindia.mha.gov.in/ndmi/viewUploadedDocument?uid=NEW859,158.5279,0.0487,3253.622989828742,S1,observed,matched,17576.0,interim_s1_only,fs1-3016a20fd3ad,unavailable,,2781.8165,0.057,158.5279,S1,,incomplete,llm_qa,complete,75,75,0,0,75,False,local_state_plus_targeted_bigquery,14,75,0.0870046562928445,1693622.0,147353.0,1546269.0,2011,census_2011_official;file=census_2011_district_urban_rural.xlsx;sha256=acb01ddb965be41cf22a20f0e641fdbcc1f4a16e6b7bc9cf91478ce289f853e8;catalog=https://censusindia.gov.in/nada/index.php/catalog/42557,matched,303,resolved,article_collection_incomplete;article_count_missing_or_invalid,False
E016::cachar,E016,2015-0317-IND,Assam,Cachar,2015-07-15,2015-08-19,start:day|end:day,external_recovery,"[""{\""canonical_district\"": \""Cachar\"", \""circularity_risk\"": \""none\"", \""event_id\"": \""E016\"", \""evidence_note\"": \""Official cumulative affected-district list close to the event period; may include continuing monsoon impacts.\"", \""evidence_scope\"": \""seasonal_or_cumulative\"", \""evidence_type\"": \""seasonal_cumulative\"", \""mapping_row\"": 11, \""merge_rule\"": \""dedupe on event_id + canonical(state,district); preserve original source name\"", \""origin\"": \""prior_research_pass\"", \""source_class\"": \""official_government\"", \""source_title\"": \""Government of India MHA/NERC Monsoon-Flood Situation Report, 1 Sep 2015\"", \""source_url\"": \""https://ndmindia.mha.gov.in/ndmi/viewUploadedDocument?uid=NEW859\"", \""source_verification\"": \""supplied_not_independently_verified\"", \""state\"": \""Assam\"", \""year\"": \""2015\""}""]",gadm|location,"[""gadm:IND.4.11_1"", ""gadm:IND.4.14_1"", ""gadm:IND.4.17_1"", ""gadm:IND.4.20_1"", ""gadm:IND.4.21_1"", ""gadm:IND.4.27_1"", ""gadm:IND.4.6_1"", ""gadm:IND.4.7_1"", ""gadm:IND.4.8_1"", ""location:(?<![A-Za-z])Assam(?![A-Za-z])""]",district,official_government,seasonal_cumulative,none,https://ndmindia.mha.gov.in/ndmi/viewUploadedDocument?uid=NEW859,1.4569,0.0004,3806.329961738336,S1,observed,matched,17577.0,interim_s1_only,fs1-3016a20fd3ad,unavailable,,1742.352,0.0008,1.4569,S1,,incomplete,llm_qa,complete,75,75,0,0,75,False,local_state_plus_targeted_bigquery,14,75,0.1816543313810702,1736617.0,315464.0,1421153.0,2011,census_2011_official;file=census_2011_district_urban_rural.xlsx;sha256=acb01ddb965be41cf22a20f0e641fdbcc1f4a16e6b7bc9cf91478ce289f853e8;catalog=https://censusindia.gov.in/nada/index.php/catalog/42557,matched,316,resolved,article_collection_incomplete;article_count_missing_or_invalid,False
E016::darrang,E016,2015-0317-IND,Assam,Darrang,2015-07-15,2015-08-19,start:day|end:day,external_recovery|gadm,"[""gadm:IND.4.6_1"", ""{\""canonical_district\"": \""Darrang\"", \""circularity_risk\"": \""none\"", \""event_id\"": \""E016\"", \""evidence_note\"": \""Official cumulative affected-district list close to the event period; may include continuing monsoon impacts.\"", \""evidence_scope\"": \""seasonal_or_cumulative\"", \""evidence_type\"": \""seasonal_cumulative\"", \""mapping_row\"": 12, \""merge_rule\"": \""dedupe on event_id + canonical(state,district); preserve original source name\"", \""origin\"": \""prior_research_pass\"", \""source_class\"": \""official_government\"", \""source_title\"": \""Government of India MHA/NERC Monsoon-Flood Situation Report, 1 Sep 2015\"", \""source_url\"": \""https://ndmindia.mha.gov.in/ndmi/viewUploadedDocument?uid=NEW859\"", \""source_verification\"": \""supplied_not_independently_verified\"", \""state\"": \""Assam\"", \""year\"": \""2015\""}""]",gadm|location,"[""gadm:IND.4.11_1"", ""gadm:IND.4.14_1"", ""gadm:IND.4.17_1"", ""gadm:IND.4.20_1"", ""gadm:IND.4.21_1"", ""gadm:IND.4.27_1"", ""gadm:IND.4.6_1"", ""gadm:IND.4.7_1"", ""gadm:IND.4.8_1"", ""location:(?<![A-Za-z])Assam(?![A-Za-z])""]",district,official_government,seasonal_cumulative,none,https://ndmindia.mha.gov.in/ndmi/viewUploadedDocument?uid=NEW859,,,3426.9679336953163,NONE,missing,matched,17578.0,no_s1,fs1-3016a20fd3ad,unavailable,,3074.5271,,,NONE,,incomplete,llm_qa,complete,75,75,0,0,75,False,local_state_plus_targeted_bigquery,14,75,0.0597673667205169,928500.0,55494.0,873006.0,2011,census_2011_official;file=census_2011_district_urban_rural.xlsx;sha256=acb01ddb965be41cf22a20f0e641fdbcc1f4a16e6b7bc9cf91478ce289f853e8;catalog=https://censusindia.gov.in/nada/index.php/catalog/42557,matched,325,resolved,satellite_missing_or_invalid;article_collection_incomplete;article_count_missing_or_invalid,False
E016::dhubri,E016,2015-0317-IND,Assam,Dhubri,2015-07-15,2015-08-19,start:day|end:day,gadm,"[""gadm:IND.4.8_1""]",gadm|location,"[""gadm:IND.4.11_1"", ""gadm:IND.4.14_1"", ""gadm:IND.4.17_1"", ""gadm:IND.4.20_1"", ""gadm:IND.4.21_1"", ""gadm:IND.4.27_1"", ""gadm:IND.4.6_1"", ""gadm:IND.4.7_1"", ""gadm:IND.4.8_1"", ""location:(?<![A-Za-z])Assam(?![A-Za-z])""]",district,,,,,94.5726,0.0528,1790.280077462252,S1,observed,matched,76128533B25835998628545,interim_s1_only,fs1-3016a20fd3ad,unavailable,,1545.8668,0.0612,94.5726,S1,,incomplete,llm_qa,complete,75,75,0,0,75,False,local_state_plus_targeted_bigquery,14,75,0.1045018155626397,1949258.0,203701.0,1745557.0,2011,census_2011_official;file=census_2011_district_urban_rural.xlsx;sha256=acb01ddb965be41cf22a20f0e641fdbcc1f4a16e6b7bc9cf91478ce289f853e8;catalog=https://censusindia.gov.in/nada/index.php/catalog/42557,matched,301,resolved,article_collection_incomplete;article_count_missing_or_invalid,False
E016::goalpara,E016,2015-0317-IND,Assam,Goalpara,2015-07-15,2015-08-19,start:day|end:day,external_recovery|gadm,"[""gadm:IND.4.11_1"", ""{\""canonical_district\"": \""Goalpara\"", \""circularity_risk\"": \""none\"", \""event_id\"": \""E016\"", \""evidence_note\"": \""Official cumulative affected-district list close to the event period; may include continuing monsoon impacts.\"", \""evidence_scope\"": \""seasonal_or_cumulative\"", \""evidence_type\"": \""seasonal_cumulative\"", \""mapping_row\"": 15, \""merge_rule\"": \""dedupe on event_id + canonical(state,district); preserve original source name\"", \""origin\"": \""prior_research_pass\"", \""source_class\"": \""official_government\"", \""source_title\"": \""Government of India MHA/NERC Monsoon-Flood Situation Report, 1 Sep 2015\"", \""source_url\"": \""https://ndmindia.mha.gov.in/ndmi/viewUploadedDocument?uid=NEW859\"", \""source_verification\"": \""supplied_not_independently_verified\"", \""state\"": \""Assam\"", \""year\"": \""2015\""}""]",gadm|location,"[""gadm:IND.4.11_1"", ""gadm:IND.4.14_1"", ""gadm:IND.4.17_1"", ""gadm:IND.4.20_1"", ""gadm:IND.4.21_1"", ""gadm:IND.4.27_1"", ""gadm:IND.4.6_1"", ""gadm:IND.4.7_1"", ""gadm:IND.4.8_1"", ""location:(?<![A-Za-z])Assam(?![A-Za-z])""]",district,official_government,seasonal_cumulative,none,https://ndmindia.mha.gov.in/ndmi/viewUploadedDocument?uid=NEW859,27.8387,0.0146,1904.60564716237,S1,observed,matched,17581.0,interim_s1_only,fs1-3016a20fd3ad,unavailable,,1408.4225,0.0198,27.8387,S1,,incomplete,llm_qa,complete,75,75,0,0,75,False,local_state_plus_targeted_bigquery,14,75,0.1369414084546159,1008183.0,138062.0,870121.0,2011,census_2011_official;file=census_2011_district_urban_rural.xlsx;sha256=acb01ddb965be41cf22a20f0e641fdbcc1f4a16e6b7bc9cf91478ce289f853e8;catalog=https://censusindia.gov.in/nada/index.php/catalog/42557,matched,302,resolved,article_collection_incomplete;article_count_missing_or_invalid,False
E016::morigaon,E016,2015-0317-IND,Assam,Morigaon,2015-07-15,2015-08-19,start:day|end:day,external_recovery|gadm,"[""gadm:IND.4.21_1"", ""{\""canonical_district\"": \""Morigaon\"", \""circularity_risk\"": \""none\"", \""event_id\"": \""E016\"", \""evidence_note\"": \""Official cumulative affected-district list close to the event period; may include continuing monsoon impacts.\"", \""evidence_scope\"": \""seasonal_or_cumulative\"", \""evidence_type\"": \""seasonal_cumulative\"", \""mapping_row\"": 20, \""merge_rule\"": \""dedupe on event_id + canonical(state,district); preserve original source name\"", \""origin\"": \""prior_research_pass\"", \""source_class\"": \""official_government\"", \""source_title\"": \""Government of India MHA/NERC Monsoon-Flood Situation Report, 1 Sep 2015\"", \""source_url\"": \""https://ndmindia.mha.gov.in/ndmi/viewUploadedDocument?uid=NEW859\"", \""source_verification\"": \""supplied_not_independently_verified\"", \""state\"": \""Assam\"", \""year\"": \""2015\""}""]",gadm|location,"[""gadm:IND.4.11_1"", ""gadm:IND.4.14_1"", ""gadm:IND.4.17_1"", ""gadm:IND.4.20_1"", ""gadm:IND.4.21_1"", ""gadm:IND.4.27_1"", ""gadm:IND.4.6_1"", ""gadm:IND.4.7_1"", ""gadm:IND.4.8_1"", ""location:(?<![A-Za-z])Assam(?![A-Za-z])""]",district,official_government,seasonal_cumulative,none,https://ndmindia.mha.gov.in/ndmi/viewUploadedDocument?uid=NEW859,,,1508.3262903435684,NONE,missing,matched,76128533B17968019348564,no_s1,fs1-3016a20fd3ad,unavailable,,1311.7575,,,NONE,,incomplete,llm_qa,complete,75,75,0,0,75,False,local_state_plus_targeted_bigquery,14,75,0.0765575926210253,957423.0,73298.0,884125.0,2011,census_2011_official;file=census_2011_district_urban_rural.xlsx;sha256=acb01ddb965be41cf22a20f0e641fdbcc1f4a16e6b7bc9cf91478ce289f853e8;catalog=https://censusindia.gov.in/nada/index.php/catalog/42557,matched,304,resolved,satellite_missing_or_invalid;article_collection_incomplete;article_count_missing_or_invalid,False
E016::nagaon,E016,2015-0317-IND,Assam,Nagaon,2015-07-15,2015-08-19,start:day|end:day,external_recovery,"[""{\""canonical_district\"": \""Nagaon\"", \""circularity_risk\"": \""none\"", \""event_id\"": \""E016\"", \""evidence_note\"": \""Official cumulative affected-district list close to the event period; may include continuing monsoon impacts.\"", \""evidence_scope\"": \""seasonal_or_cumulative\"", \""evidence_type\"": \""seasonal_cumulative\"", \""mapping_row\"": 21, \""merge_rule\"": \""dedupe on event_id + canonical(state,district); preserve original source name\"", \""origin\"": \""prior_research_pass\"", \""source_class\"": \""official_government\"", \""source_title\"": \""Government of India MHA/NERC Monsoon-Flood Situation Report, 1 Sep 2015\"", \""source_url\"": \""https://ndmindia.mha.gov.in/ndmi/viewUploadedDocument?uid=NEW859\"", \""source_verification\"": \""supplied_not_independently_verified\"", \""state\"": \""Assam\"", \""year\"": \""2015\""}""]",gadm|location,"[""gadm:IND.4.11_1"", ""gadm:IND.4.14_1"", ""gadm:IND.4.17_1"", ""gadm:IND.4.20_1"", ""gadm:IND.4.21_1"", ""gadm:IND.4.27_1"", ""gadm:IND.4.6_1"", ""gadm:IND.4.7_1"", ""gadm:IND.4.8_1"", ""location:(?<![A-Za-z])Assam(?![A-Za-z])""]",district,official_government,seasonal_cumulative,none,https://ndmindia.mha.gov.in/ndmi/viewUploadedDocument?uid=NEW859,32.4244,0.0081,3997.4423095607103,S1,observed,matched,17589.0,interim_s1_only,fs1-3016a20fd3ad,unavailable,,3099.3518,0.0105,32.4244,S1,,incomplete,llm_qa,complete,75,75,0,0,75,False,local_state_plus_targeted_bigquery,14,75,0.1308655668596003,2823768.0,369534.0,2454234.0,2011,census_2011_official;file=census_2011_district_urban_rural.xlsx;sha256=acb01ddb965be41cf22a20f0e641fdbcc1f4a16e6b7bc9cf91478ce289f853e8;catalog=https://censusindia.gov.in/nada/index.php/catalog/42557,matched,305,resolved,article_collection_incomplete;article_count_missing_or_invalid,False
E016::nalbari,E016,2015-0317-IND,Assam,Nalbari,2015-07-15,2015-08-19,start:day|end:day,external_recovery,"[""{\""canonical_district\"": \""Nalbari\"", \""circularity_risk\"": \""none\"", \""event_id\"": \""E016\"", \""evidence_note\"": \""Official cumulative affected-district list close to the event period; may include continuing monsoon impacts.\"", \""evidence_scope\"": \""seasonal_or_cumulative\"", \""evidence_type\"": \""seasonal_cumulative\"", \""mapping_row\"": 22, \""merge_rule\"": \""dedupe on event_id + canonical(state,district); preserve original source name\"", \""origin\"": \""prior_research_pass\"", \""source_class\"": \""official_government\"", \""source_title\"": \""Government of India MHA/NERC Monsoon-Flood Situation Report, 1 Sep 2015\"", \""source_url\"": \""https://ndmindia.mha.gov.in/ndmi/viewUploadedDocument?uid=NEW859\"", \""source_verification\"": \""supplied_not_independently_verified\"", \""state\"": \""Assam\"", \""year\"": \""2015\""}""]",gadm|location,"[""gadm:IND.4.11_1"", ""gadm:IND.4.14_1"", ""gadm:IND.4.17_1"", ""gadm:IND.4.20_1"", ""gadm:IND.4.21_1"", ""gadm:IND.4.27_1"", ""gadm:IND.4.6_1"", ""gadm:IND.4.7_1"", ""gadm:IND.4.8_1"", ""location:(?<![A-Za-z])Assam(?![A-Za-z])""]",district,official_government,seasonal_cumulative,none,https://ndmindia.mha.gov.in/ndmi/viewUploadedDocument?uid=NEW859,,,2339.8796955273547,NONE,missing,matched,17590.0,no_s1,fs1-3016a20fd3ad,unavailable,,2097.5834,,,NONE,,incomplete,llm_qa,complete,75,75,0,0,75,False,local_state_plus_targeted_bigquery,14,75,0.1072133471740023,771639.0,82730.0,688909.0,2011,census_2011_official;file=census_2011_district_urban_rural.xlsx;sha256=acb01ddb965be41cf22a20f0e641fdbcc1f4a16e6b7bc9cf91478ce289f853e8;catalog=https://censusindia.gov.in/nada/index.php/catalog/42557,matched,323,resolved,satellite_missing_or_invalid;article_collection_incomplete;article_count_missing_or_invalid,False
E016::udalguri,E016,2015-0317-IND,Assam,Udalguri,2015-07-15,2015-08-19,start:day|end:day,external_recovery|gadm,"[""gadm:IND.4.27_1"", ""{\""canonical_district\"": \""Udalguri\"", \""circularity_risk\"": \""none\"", \""event_id\"": \""E016\"", \""evidence_note\"": \""Official cumulative affected-district list close to the event period; may include continuing monsoon impacts.\"", \""evidence_scope\"": \""seasonal_or_cumulative\"", \""evidence_type\"": \""seasonal_cumulative\"", \""mapping_row\"": 25, \""merge_rule\"": \""dedupe on event_id + canonical(state,district); preserve original source name\"", \""origin\"": \""prior_research_pass\"", \""source_class\"": \""official_government\"", \""source_title\"": \""Government of India MHA/NERC Monsoon-Flood Situation Report, 1 Sep 2015\"", \""source_url\"": \""https://ndmindia.mha.gov.in/ndmi/viewUploadedDocument?uid=NEW859\"", \""source_verification\"": \""supplied_not_independently_verified\"", \""state\"": \""Assam\"", \""year\"": \""2015\""}""]",gadm|location,"[""gadm:IND.4.11_1"", ""gadm:IND.4.14_1"", ""gadm:IND.4.17_1"", ""gadm:IND.4.20_1"", ""gadm:IND.4.21_1"", ""gadm:IND.4.27_1"", ""gadm:IND.4.6_1"", ""gadm:IND.4.7_1"", ""gadm:IND.4.8_1"", ""location:(?<![A-Za-z])Assam(?![A-Za-z])""]",district,official_government,seasonal_cumulative,none,https://ndmindia.mha.gov.in/ndmi/viewUploadedDocument?uid=NEW859,,,2056.2913712488325,NONE,missing,matched,76128533B20307518801538,no_s1,fs1-3016a20fd3ad,unavailable,,1902.4689,,,NONE,0.0,partial,llm_qa_observed_lower_bound,complete,75,76,0,1,75,True,local_state_plus_targeted_bigquery,14,75,0.045179085885233,831668.0,37574.0,794094.0,2011,census_2011_official;file=census_2011_district_urban_rural.xlsx;sha256=acb01ddb965be41cf22a20f0e641fdbcc1f4a16e6b7bc9cf91478ce289f853e8;catalog=https://censusindia.gov.in/nada/index.php/catalog/42557,matched,326,resolved,satellite_missing_or_invalid,False
E017::banaskantha,E017,2015-0317-IND,Gujarat,Banaskantha,2015-07-15,2015-08-19,start:day|end:day,gadm,"[""gadm:IND.11.5_1"", ""recovery_alias:Banas Kantha->Banaskantha""]",gadm|location,"[""gadm:IND.11.16_1"", ""gadm:IND.11.24_1"", ""gadm:IND.11.5_1"", ""location:(?<![A-Za-z])Gujarat(?![A-Za-z])""]",district,,,,,,,10638.731207971712,NONE,missing,matched,17637.0,no_s1,fs1-3016a20fd3ad,unavailable,,9330.3213,,,NONE,3.0,partial,llm_qa_observed_lower_bound,complete,172,175,0,3,172,True,local_state_plus_targeted_bigquery,14,172,0.1329640128876534,3120506.0,414915.0,2705591.0,2011,census_2011_official;file=census_2011_district_urban_rural.xlsx;sha256=acb01ddb965be41cf22a20f0e641fdbcc1f4a16e6b7bc9cf91478ce289f853e8;catalog=https://censusindia.gov.in/nada/index.php/catalog/42557;crosswalk=district_name_crosswalk.csv;sha256=c8dc691ab763e799cc1aafb29e9c17ab287710bd63447ad37281418d902c30e9,matched_crosswalk,469,resolved,satellite_missing_or_invalid,False
E017::patan,E017,2015-0317-IND,Gujarat,Patan,2015-07-15,2015-08-19,start:day|end:day,gadm,"[""gadm:IND.11.24_1""]",gadm|location,"[""gadm:IND.11.16_1"", ""gadm:IND.11.24_1"", ""gadm:IND.11.5_1"", ""location:(?<![A-Za-z])Gujarat(?![A-Za-z])""]",district,,,,,,,6017.262722245363,NONE,missing,matched,70129.0,no_s1,fs1-3016a20fd3ad,unavailable,,5815.1637,,,NONE,1.0,partial,llm_qa_observed_lower_bound,complete,172,173,0,1,172,True,local_state_plus_targeted_bigquery,14,172,0.2091790488296046,1343734.0,281081.0,1062653.0,2011,census_2011_official;file=census_2011_district_urban_rural.xlsx;sha256=acb01ddb965be41cf22a20f0e641fdbcc1f4a16e6b7bc9cf91478ce289f853e8;catalog=https://censusindia.gov.in/nada/index.php/catalog/42557,matched,470,resolved,satellite_missing_or_invalid,False
E019::bishnupur,E019,2015-0317-IND,Manipur,Bishnupur,2015-07-15,2015-08-19,start:day|end:day,external_recovery,"[""{\""canonical_district\"": \""Bishnupur\"", \""circularity_risk\"": \""none\"", \""event_id\"": \""E019\"", \""evidence_note\"": \""Official situation report identifies severe/affected flood districts; some are broader than the worst-hit subset.\"", \""evidence_scope\"": \""same_episode\"", \""evidence_type\"": \""same_episode_evidence\"", \""mapping_row\"": 26, \""merge_rule\"": \""dedupe on event_id + canonical(state,district); preserve original source name\"", \""origin\"": \""prior_research_pass\"", \""source_class\"": \""official_government\"", \""source_title\"": \""Government of India MHA/NERC Situation Report, 2 Aug 2015\"", \""source_url\"": \""https://reliefweb.int/attachments/62521c77-2222-3ccb-ade1-6b80bf5dc372/02-08-2015-sitrep-3-situation-reports-in-india-manipur-gujarat-rajasthan-odisha-and-wb.pdf\"", \""source_verification\"": \""supplied_not_independently_verified\"", \""state\"": \""Manipur\"", \""year\"": \""2015\""}""]",admin_units|gadm|location,"[""admin_units:1500"", ""gadm:IND.21_1"", ""location:(?<![A-Za-z])Manipur(?![A-Za-z])""]",district,official_government,same_episode_evidence,none,https://reliefweb.int/attachments/62521c77-2222-3ccb-ade1-6b80bf5dc372/02-08-2015-sitrep-3-situation-reports-in-india-manipur-gujarat-rajasthan-odisha-and-wb.pdf,77.0245,0.1599,481.84963420103696,S1,observed,matched,70188.0,interim_s1_only,fs1-3016a20fd3ad,unavailable,,368.5485,0.209,77.0245,S1,,incomplete,llm_qa,complete,23,23,0,0,23,False,local_state_plus_targeted_bigquery,14,23,0.3685988567769873,237399.0,87505.0,149894.0,2011,census_2011_official;file=census_2011_district_urban_rural.xlsx;sha256=acb01ddb965be41cf22a20f0e641fdbcc1f4a16e6b7bc9cf91478ce289f853e8;catalog=https://censusindia.gov.in/nada/index.php/catalog/42557,matched,275,resolved,article_collection_incomplete;article_count_missing_or_invalid,False
E019::churachandpur,E019,2015-0317-IND,Manipur,Churachandpur,2015-07-15,2015-08-19,start:day|end:day,external_recovery,"[""{\""canonical_district\"": \""Churachandpur\"", \""circularity_risk\"": \""none\"", \""event_id\"": \""E019\"", \""evidence_note\"": \""Official situation report identifies severe/affected flood districts; some are broader than the worst-hit subset.\"", \""evidence_scope\"": \""same_episode\"", \""evidence_type\"": \""same_episode_evidence\"", \""mapping_row\"": 28, \""merge_rule\"": \""dedupe on event_id + canonical(state,district); preserve original source name\"", \""origin\"": \""prior_research_pass\"", \""source_class\"": \""official_government\"", \""source_title\"": \""Government of India MHA/NERC Situation Report, 2 Aug 2015\"", \""source_url\"": \""https://reliefweb.int/attachments/62521c77-2222-3ccb-ade1-6b80bf5dc372/02-08-2015-sitrep-3-situation-reports-in-india-manipur-gujarat-rajasthan-odisha-and-wb.pdf\"", \""source_verification\"": \""supplied_not_independently_verified\"", \""state\"": \""Manipur\"", \""year\"": \""2015\""}""]",admin_units|gadm|location,"[""admin_units:1500"", ""gadm:IND.21_1"", ""location:(?<![A-Za-z])Manipur(?![A-Za-z])""]",district,official_government,same_episode_evidence,none,https://reliefweb.int/attachments/62521c77-2222-3ccb-ade1-6b80bf5dc372/02-08-2015-sitrep-3-situation-reports-in-india-manipur-gujarat-rajasthan-odisha-and-wb.pdf,5.1917,0.0011,4763.149584333486,S1,observed,matched,70190.0,interim_s1_only,fs1-3016a20fd3ad,unavailable,,210.6588,0.0246,5.1917,S1,,incomplete,llm_qa,complete,23,23,0,0,23,False,local_state_plus_targeted_bigquery,14,23,0.0669614033551832,274143.0,18357.0,255786.0,2011,census_2011_official;file=census_2011_district_urban_rural.xlsx;sha256=acb01ddb965be41cf22a20f0e641fdbcc1f4a16e6b7bc9cf91478ce289f853e8;catalog=https://censusindia.gov.in/nada/index.php/catalog/42557,matched,274,resolved,article_collection_incomplete;article_count_missing_or_invalid,False
E019::jiribam,E019,2015-0317-IND,Manipur,Jiribam,2015-07-15,2015-08-19,start:day|end:day,external_recovery,"[""{\""canonical_district\"": \""Jiribam\"", \""circularity_risk\"": \""none\"", \""event_id\"": \""E019\"", \""evidence_note\"": \""Official situation report identifies severe/affected flood districts; some are broader than the worst-hit subset.\"", \""evidence_scope\"": \""same_episode\"", \""evidence_type\"": \""same_episode_evidence\"", \""mapping_row\"": 29, \""merge_rule\"": \""dedupe on event_id + canonical(state,district); preserve original source name\"", \""origin\"": \""prior_research_pass\"", \""source_class\"": \""official_government\"", \""source_title\"": \""Government of India MHA/NERC Situation Report, 2 Aug 2015\"", \""source_url\"": \""https://reliefweb.int/attachments/62521c77-2222-3ccb-ade1-6b80bf5dc372/02-08-2015-sitrep-3-situation-reports-in-india-manipur-gujarat-rajasthan-odisha-and-wb.pdf\"", \""source_verification\"": \""supplied_not_independently_verified\"", \""state\"": \""Manipur\"", \""year\"": \""2015\""}""]",admin_units|gadm|location,"[""admin_units:1500"", ""gadm:IND.21_1"", ""location:(?<![A-Za-z])Manipur(?![A-Za-z])""]",district,official_government,same_episode_evidence,none,https://reliefweb.int/attachments/62521c77-2222-3ccb-ade1-6b80bf5dc372/02-08-2015-sitrep-3-situation-reports-in-india-manipur-gujarat-rajasthan-odisha-and-wb.pdf,0.2862,0.002,146.20809022147196,S1,observed,matched,76128533B64881202564500,interim_s1_only,fs1-3016a20fd3ad,unavailable,,51.0692,0.0056,0.2862,S1,,incomplete,llm_qa,complete,23,23,0,0,23,False,local_state_plus_targeted_bigquery,14,23,,,,,2011,census_2011_official,unmatched,,resolved,article_collection_incomplete;article_count_missing_or_invalid;census_unmatched;census_invalid;census_population_inconsistent,False
E020::deogarh,E020,2015-0317-IND,Odisha,Deogarh,2015-07-15,2015-08-19,start:day|end:day,external_recovery,"[""{\""canonical_district\"": \""Deogarh\"", \""circularity_risk\"": \""none\"", \""event_id\"": \""E020\"", \""evidence_note\"": \""Official flood situation report; same regional flood episode.\"", \""evidence_scope\"": \""same_episode\"", \""evidence_type\"": \""same_episode_evidence\"", \""mapping_row\"": 34, \""merge_rule\"": \""dedupe on event_id + canonical(state,district); preserve original source name\"", \""origin\"": \""prior_research_pass\"", \""source_class\"": \""official_government\"", \""source_title\"": \""Government of India MHA/NERC Situation Report, 2 Aug 2015\"", \""source_url\"": \""https://reliefweb.int/attachments/62521c77-2222-3ccb-ade1-6b80bf5dc372/02-08-2015-sitrep-3-situation-reports-in-india-manipur-gujarat-rajasthan-odisha-and-wb.pdf\"", \""source_verification\"": \""supplied_not_independently_verified\"", \""state\"": \""Odisha\"", \""year\"": \""2015\""}""]",admin_units|gadm|location,"[""admin_units:1504"", ""gadm:IND.26_1"", ""location:(?<![A-Za-z])Orissa(?![A-Za-z])""]",district,official_government,same_episode_evidence,none,https://reliefweb.int/attachments/62521c77-2222-3ccb-ade1-6b80bf5dc372/02-08-2015-sitrep-3-situation-reports-in-india-manipur-gujarat-rajasthan-odisha-and-wb.pdf,9.2768,0.0033,2821.6464871491025,S1,observed,matched,70212.0,interim_s1_only,fs1-3016a20fd3ad,unavailable,,1421.5718,0.0065,9.2768,S1,,incomplete,llm_qa,complete,94,94,0,0,94,False,local_state_plus_targeted_bigquery,14,94,0.0716434148214514,312520.0,22390.0,290130.0,2011,census_2011_official;file=census_2011_district_urban_rural.xlsx;sha256=acb01ddb965be41cf22a20f0e641fdbcc1f4a16e6b7bc9cf91478ce289f853e8;catalog=https://censusindia.gov.in/nada/index.php/catalog/42557;crosswalk=district_name_crosswalk.csv;sha256=c8dc691ab763e799cc1aafb29e9c17ab287710bd63447ad37281418d902c30e9,matched_crosswalk,373,resolved,article_collection_incomplete;article_count_missing_or_invalid,False
E020::jajpur,E020,2015-0317-IND,Odisha,Jajpur,2015-07-15,2015-08-19,start:day|end:day,external_recovery,"[""{\""canonical_district\"": \""Jajpur\"", \""circularity_risk\"": \""none\"", \""event_id\"": \""E020\"", \""evidence_note\"": \""Official flood situation report; same regional flood episode.\"", \""evidence_scope\"": \""same_episode\"", \""evidence_type\"": \""same_episode_evidence\"", \""mapping_row\"": 35, \""merge_rule\"": \""dedupe on event_id + canonical(state,district); preserve original source name\"", \""origin\"": \""prior_research_pass\"", \""source_class\"": \""official_government\"", \""source_title\"": \""Government of India MHA/NERC Situation Report, 2 Aug 2015\"", \""source_url\"": \""https://reliefweb.int/attachments/62521c77-2222-3ccb-ade1-6b80bf5dc372/02-08-2015-sitrep-3-situation-reports-in-india-manipur-gujarat-rajasthan-odisha-and-wb.pdf\"", \""source_verification\"": \""supplied_not_independently_verified\"", \""state\"": \""Odisha\"", \""year\"": \""2015\""}""]",admin_units|gadm|location,"[""admin_units:1504"", ""gadm:IND.26_1"", ""location:(?<![A-Za-z])Orissa(?![A-Za-z])""]",district,official_government,same_episode_evidence,none,https://reliefweb.int/attachments/62521c77-2222-3ccb-ade1-6b80bf5dc372/02-08-2015-sitrep-3-situation-reports-in-india-manipur-gujarat-rajasthan-odisha-and-wb.pdf,68.0919,0.0234,2911.772767533447,S1,observed,matched,70215.0,interim_s1_only,fs1-3016a20fd3ad,unavailable,,2574.9049,0.0264,68.0919,S1,,incomplete,llm_qa,complete,94,99,0,0,99,False,local_state_plus_targeted_bigquery,14,99,0.0739369480601929,1827192.0,135097.0,1692095.0,2011,census_2011_official;file=census_2011_district_urban_rural.xlsx;sha256=acb01ddb965be41cf22a20f0e641fdbcc1f4a16e6b7bc9cf91478ce289f853e8;catalog=https://censusindia.gov.in/nada/index.php/catalog/42557;crosswalk=district_name_crosswalk.csv;sha256=c8dc691ab763e799cc1aafb29e9c17ab287710bd63447ad37281418d902c30e9,matched_crosswalk,382,resolved,article_collection_incomplete;article_count_missing_or_invalid,False
E021::baran,E021,2015-0317-IND,Rajasthan,Baran,2015-07-15,2015-08-19,start:day|end:day,external_recovery,"[""{\""canonical_district\"": \""Baran\"", \""circularity_risk\"": \""none\"", \""event_id\"": \""E021\"", \""evidence_note\"": \""Official report states these districts faced flood situation, especially Jalore/Sirohi and other severely affected districts.\"", \""evidence_scope\"": \""same_episode\"", \""evidence_type\"": \""same_episode_evidence\"", \""mapping_row\"": 39, \""merge_rule\"": \""dedupe on event_id + canonical(state,district); preserve original source name\"", \""origin\"": \""prior_research_pass\"", \""source_class\"": \""official_government\"", \""source_title\"": \""Government of India MHA/NERC Situation Report, 2 Aug 2015\"", \""source_url\"": \""https://reliefweb.int/attachments/62521c77-2222-3ccb-ade1-6b80bf5dc372/02-08-2015-sitrep-3-situation-reports-in-india-manipur-gujarat-rajasthan-odisha-and-wb.pdf\"", \""source_verification\"": \""supplied_not_independently_verified\"", \""state\"": \""Rajasthan\"", \""year\"": \""2015\""}""]",admin_units|gadm|location,"[""admin_units:1506"", ""gadm:IND.29_1"", ""location:(?<![A-Za-z])Rajasthan(?![A-Za-z])""]",district,official_government,same_episode_evidence,none,https://reliefweb.int/attachments/62521c77-2222-3ccb-ade1-6b80bf5dc372/02-08-2015-sitrep-3-situation-reports-in-india-manipur-gujarat-rajasthan-odisha-and-wb.pdf,,,6837.623843421029,NONE,missing,matched,70236.0,no_s1,fs1-3016a20fd3ad,unavailable,,6238.9206,,,NONE,,incomplete,llm_qa,complete,149,149,0,0,149,False,local_state_plus_targeted_bigquery,14,149,0.207902646073825,1222755.0,254214.0,968541.0,2011,census_2011_official;file=census_2011_district_urban_rural.xlsx;sha256=acb01ddb965be41cf22a20f0e641fdbcc1f4a16e6b7bc9cf91478ce289f853e8;catalog=https://censusindia.gov.in/nada/index.php/catalog/42557,matched,128,resolved,satellite_missing_or_invalid;article_collection_incomplete;article_count_missing_or_invalid,False
E021::barmer,E021,2015-0317-IND,Rajasthan,Barmer,2015-07-15,2015-08-19,start:day|end:day,external_recovery,"[""{\""canonical_district\"": \""Barmer\"", \""circularity_risk\"": \""none\"", \""event_id\"": \""E021\"", \""evidence_note\"": \""Official report states these districts faced flood situation, especially Jalore/Sirohi and other severely affected districts.\"", \""evidence_scope\"": \""same_episode\"", \""evidence_type\"": \""same_episode_evidence\"", \""mapping_row\"": 40, \""merge_rule\"": \""dedupe on event_id + canonical(state,district); preserve original source name\"", \""origin\"": \""prior_research_pass\"", \""source_class\"": \""official_government\"", \""source_title\"": \""Government of India MHA/NERC Situation Report, 2 Aug 2015\"", \""source_url\"": \""https://reliefweb.int/attachments/62521c77-2222-3ccb-ade1-6b80bf5dc372/02-08-2015-sitrep-3-situation-reports-in-india-manipur-gujarat-rajasthan-odisha-and-wb.pdf\"", \""source_verification\"": \""supplied_not_independently_verified\"", \""state\"": \""Rajasthan\"", \""year\"": \""2015\""}""]",admin_units|gadm|location,"[""admin_units:1506"", ""gadm:IND.29_1"", ""location:(?<![A-Za-z])Rajasthan(?![A-Za-z])""]",district,official_government,same_episode_evidence,none,https://reliefweb.int/attachments/62521c77-2222-3ccb-ade1-6b80bf5dc372/02-08-2015-sitrep-3-situation-reports-in-india-manipur-gujarat-rajasthan-odisha-and-wb.pdf,846.6019,0.0298,28422.68727445841,S1,observed,matched,17837.0,interim_s1_only,fs1-3016a20fd3ad,unavailable,,22998.3988,0.0368,846.6019,S1,,incomplete,llm_qa,complete,149,149,0,0,149,False,local_state_plus_targeted_bigquery,14,149,0.0698365550315679,2603751.0,181837.0,2421914.0,2011,census_2011_official;file=census_2011_district_urban_rural.xlsx;sha256=acb01ddb965be41cf22a20f0e641fdbcc1f4a16e6b7bc9cf91478ce289f853e8;catalog=https://censusindia.gov.in/nada/index.php/catalog/42557,matched,115,resolved,article_collection_incomplete;article_count_missing_or_invalid,False
E021::dungarpur,E021,2015-0317-IND,Rajasthan,Dungarpur,2015-07-15,2015-08-19,start:day|end:day,external_recovery,"[""{\""canonical_district\"": \""Dungarpur\"", \""circularity_risk\"": \""none\"", \""event_id\"": \""E021\"", \""evidence_note\"": \""Official report states these districts faced flood situation, especially Jalore/Sirohi and other severely affected districts.\"", \""evidence_scope\"": \""same_episode\"", \""evidence_type\"": \""same_episode_evidence\"", \""mapping_row\"": 41, \""merge_rule\"": \""dedupe on event_id + canonical(state,district); preserve original source name\"", \""origin\"": \""prior_research_pass\"", \""source_class\"": \""official_government\"", \""source_title\"": \""Government of India MHA/NERC Situation Report, 2 Aug 2015\"", \""source_url\"": \""https://reliefweb.int/attachments/62521c77-2222-3ccb-ade1-6b80bf5dc372/02-08-2015-sitrep-3-situation-reports-in-india-manipur-gujarat-rajasthan-odisha-and-wb.pdf\"", \""source_verification\"": \""supplied_not_independently_verified\"", \""state\"": \""Rajasthan\"", \""year\"": \""2015\""}""]",admin_units|gadm|location,"[""admin_units:1506"", ""gadm:IND.29_1"", ""location:(?<![A-Za-z])Rajasthan(?![A-Za-z])""]",district,official_government,same_episode_evidence,none,https://reliefweb.int/attachments/62521c77-2222-3ccb-ade1-6b80bf5dc372/02-08-2015-sitrep-3-situation-reports-in-india-manipur-gujarat-rajasthan-odisha-and-wb.pdf,,,3785.079096662621,NONE,missing,matched,17845.0,no_s1,fs1-3016a20fd3ad,unavailable,,2531.8194,,,NONE,,incomplete,llm_qa,complete,149,149,0,0,149,False,local_state_plus_targeted_bigquery,14,149,0.0639104621216922,1388552.0,88743.0,1299809.0,2011,census_2011_official;file=census_2011_district_urban_rural.xlsx;sha256=acb01ddb965be41cf22a20f0e641fdbcc1f4a16e6b7bc9cf91478ce289f853e8;catalog=https://censusindia.gov.in/nada/index.php/catalog/42557,matched,124,resolved,satellite_missing_or_invalid;article_collection_incomplete;article_count_missing_or_invalid,False
E021::jalore,E021,2015-0317-IND,Rajasthan,Jalore,2015-07-15,2015-08-19,start:day|end:day,external_recovery,"[""{\""canonical_district\"": \""Jalore\"", \""circularity_risk\"": \""none\"", \""event_id\"": \""E021\"", \""evidence_note\"": \""Official report states these districts faced flood situation, especially Jalore/Sirohi and other severely affected districts.\"", \""evidence_scope\"": \""same_episode\"", \""evidence_type\"": \""same_episode_evidence\"", \""mapping_row\"": 42, \""merge_rule\"": \""dedupe on event_id + canonical(state,district); preserve original source name\"", \""origin\"": \""prior_research_pass\"", \""source_class\"": \""official_government\"", \""source_title\"": \""Government of India MHA/NERC Situation Report, 2 Aug 2015\"", \""source_url\"": \""https://reliefweb.int/attachments/62521c77-2222-3ccb-ade1-6b80bf5dc372/02-08-2015-sitrep-3-situation-reports-in-india-manipur-gujarat-rajasthan-odisha-and-wb.pdf\"", \""source_verification\"": \""supplied_not_independently_verified\"", \""state\"": \""Rajasthan\"", \""year\"": \""2015\""}""]",admin_units|gadm|location,"[""admin_units:1506"", ""gadm:IND.29_1"", ""location:(?<![A-Za-z])Rajasthan(?![A-Za-z])""]",district,official_government,same_episode_evidence,none,https://reliefweb.int/attachments/62521c77-2222-3ccb-ade1-6b80bf5dc372/02-08-2015-sitrep-3-situation-reports-in-india-manipur-gujarat-rajasthan-odisha-and-wb.pdf,,,10759.887698144588,NONE,missing,matched,76128533B59459156188335,no_s1,fs1-3016a20fd3ad,unavailable,,9748.2941,,,NONE,,incomplete,llm_qa,complete,149,149,0,0,149,False,local_state_plus_targeted_bigquery,14,149,0.0829838193719138,1828730.0,151755.0,1676975.0,2011,census_2011_official;file=census_2011_district_urban_rural.xlsx;sha256=acb01ddb965be41cf22a20f0e641fdbcc1f4a16e6b7bc9cf91478ce289f853e8;catalog=https://censusindia.gov.in/nada/index.php/catalog/42557;crosswalk=district_name_crosswalk.csv;sha256=c8dc691ab763e799cc1aafb29e9c17ab287710bd63447ad37281418d902c30e9,matched_crosswalk,116,resolved,satellite_missing_or_invalid;article_collection_incomplete;article_count_missing_or_invalid,False
E021::jhalawar,E021,2015-0317-IND,Rajasthan,Jhalawar,2015-07-15,2015-08-19,start:day|end:day,external_recovery,"[""{\""canonical_district\"": \""Jhalawar\"", \""circularity_risk\"": \""none\"", \""event_id\"": \""E021\"", \""evidence_note\"": \""Official report states these districts faced flood situation, especially Jalore/Sirohi and other severely affected districts.\"", \""evidence_scope\"": \""same_episode\"", \""evidence_type\"": \""same_episode_evidence\"", \""mapping_row\"": 43, \""merge_rule\"": \""dedupe on event_id + canonical(state,district); preserve original source name\"", \""origin\"": \""prior_research_pass\"", \""source_class\"": \""official_government\"", \""source_title\"": \""Government of India MHA/NERC Situation Report, 2 Aug 2015\"", \""source_url\"": \""https://reliefweb.int/attachments/62521c77-2222-3ccb-ade1-6b80bf5dc372/02-08-2015-sitrep-3-situation-reports-in-india-manipur-gujarat-rajasthan-odisha-and-wb.pdf\"", \""source_verification\"": \""supplied_not_independently_verified\"", \""state\"": \""Rajasthan\"", \""year\"": \""2015\""}""]",admin_units|gadm|location,"[""admin_units:1506"", ""gadm:IND.29_1"", ""location:(?<![A-Za-z])Rajasthan(?![A-Za-z])""]",district,official_government,same_episode_evidence,none,https://reliefweb.int/attachments/62521c77-2222-3ccb-ade1-6b80bf5dc372/02-08-2015-sitrep-3-situation-reports-in-india-manipur-gujarat-rajasthan-odisha-and-wb.pdf,,,6261.78152754128,NONE,missing,matched,17850.0,no_s1,fs1-3016a20fd3ad,unavailable,,5319.2421,,,NONE,,incomplete,llm_qa,complete,149,149,0,0,149,False,local_state_plus_targeted_bigquery,14,149,0.1624876251568779,1411129.0,229291.0,1181838.0,2011,census_2011_official;file=census_2011_district_urban_rural.xlsx;sha256=acb01ddb965be41cf22a20f0e641fdbcc1f4a16e6b7bc9cf91478ce289f853e8;catalog=https://censusindia.gov.in/nada/index.php/catalog/42557,matched,129,resolved,satellite_missing_or_invalid;article_collection_incomplete;article_count_missing_or_invalid,False
E021::sirohi,E021,2015-0317-IND,Rajasthan,Sirohi,2015-07-15,2015-08-19,start:day|end:day,external_recovery,"[""{\""canonical_district\"": \""Sirohi\"", \""circularity_risk\"": \""none\"", \""event_id\"": \""E021\"", \""evidence_note\"": \""Official report states these districts faced flood situation, especially Jalore/Sirohi and other severely affected districts.\"", \""evidence_scope\"": \""same_episode\"", \""evidence_type\"": \""same_episode_evidence\"", \""mapping_row\"": 44, \""merge_rule\"": \""dedupe on event_id + canonical(state,district); preserve original source name\"", \""origin\"": \""prior_research_pass\"", \""source_class\"": \""official_government\"", \""source_title\"": \""Government of India MHA/NERC Situation Report, 2 Aug 2015\"", \""source_url\"": \""https://reliefweb.int/attachments/62521c77-2222-3ccb-ade1-6b80bf5dc372/02-08-2015-sitrep-3-situation-reports-in-india-manipur-gujarat-rajasthan-odisha-and-wb.pdf\"", \""source_verification\"": \""supplied_not_independently_verified\"", \""state\"": \""Rajasthan\"", \""year\"": \""2015\""}""]",admin_units|gadm|location,"[""admin_units:1506"", ""gadm:IND.29_1"", ""location:(?<![A-Za-z])Rajasthan(?![A-Za-z])""]",district,official_government,same_episode_evidence,none,https://reliefweb.int/attachments/62521c77-2222-3ccb-ade1-6b80bf5dc372/02-08-2015-sitrep-3-situation-reports-in-india-manipur-gujarat-rajasthan-odisha-and-wb.pdf,,,5146.300422974388,NONE,missing,matched,17858.0,no_s1,fs1-3016a20fd3ad,unavailable,,3574.7529,,,NONE,,incomplete,llm_qa,complete,149,149,0,0,149,False,local_state_plus_targeted_bigquery,14,149,0.201336233265724,1036346.0,208654.0,827692.0,2011,census_2011_official;file=census_2011_district_urban_rural.xlsx;sha256=acb01ddb965be41cf22a20f0e641fdbcc1f4a16e6b7bc9cf91478ce289f853e8;catalog=https://censusindia.gov.in/nada/index.php/catalog/42557,matched,117,resolved,satellite_missing_or_invalid;article_collection_incomplete;article_count_missing_or_invalid,False
E022::alipurduar,E022,2015-0317-IND,West Bengal,Alipurduar,2015-07-15,2015-08-19,start:day|end:day,gadm,"[""gadm:IND.36.1_1""]",gadm|location,"[""gadm:IND.36.12_1"", ""gadm:IND.36.1_1"", ""gadm:IND.36.9_1"", ""location:(?<![A-Za-z])West\\ Bengal(?![A-Za-z])""]",district,,,,,48.3584,0.0172,2805.571892812931,S1,observed,matched,76128533B23858286755005,interim_s1_only,fs1-3016a20fd3ad,unavailable,,2397.164,0.0202,48.3584,S1,,incomplete,llm_qa,complete,158,158,0,0,158,False,local_state_plus_targeted_bigquery,14,158,,,,,2011,census_2011_official,unmatched,,resolved,article_collection_incomplete;article_count_missing_or_invalid;census_unmatched;census_invalid;census_population_inconsistent,False
E022::jalpaiguri,E022,2015-0317-IND,West Bengal,Jalpaiguri,2015-07-15,2015-08-19,start:day|end:day,gadm,"[""gadm:IND.36.9_1""]",gadm|location,"[""gadm:IND.36.12_1"", ""gadm:IND.36.1_1"", ""gadm:IND.36.9_1"", ""location:(?<![A-Za-z])West\\ Bengal(?![A-Za-z])""]",district,,,,,331.0002,0.0534,6200.341009430311,S1,observed,matched,17951.0,interim_s1_only,fs1-3016a20fd3ad,unavailable,,5492.7966,0.0603,331.0002,S1,,incomplete,llm_qa,complete,158,158,0,0,158,False,local_state_plus_targeted_bigquery,14,158,0.2737911602991701,3872846.0,1060351.0,2812495.0,2011,census_2011_official;file=census_2011_district_urban_rural.xlsx;sha256=acb01ddb965be41cf22a20f0e641fdbcc1f4a16e6b7bc9cf91478ce289f853e8;catalog=https://censusindia.gov.in/nada/index.php/catalog/42557,matched,328,resolved,article_collection_incomplete;article_count_missing_or_invalid,False
E022::malda,E022,2015-0317-IND,West Bengal,Malda,2015-07-15,2015-08-19,start:day|end:day,gadm,"[""gadm:IND.36.12_1"", ""recovery_alias:Maldah->Malda""]",gadm|location,"[""gadm:IND.36.12_1"", ""gadm:IND.36.1_1"", ""gadm:IND.36.9_1"", ""location:(?<![A-Za-z])West\\ Bengal(?![A-Za-z])""]",district,,,,,316.784,0.0887,3569.571917709693,S1,observed,matched,76128533B36734405131975,interim_s1_only,fs1-3016a20fd3ad,unavailable,,3262.3654,0.0971,316.784,S1,,incomplete,llm_qa,complete,158,158,0,0,158,False,local_state_plus_targeted_bigquery,14,158,0.1357936946659998,3988845.0,541660.0,3447185.0,2011,census_2011_official;file=census_2011_district_urban_rural.xlsx;sha256=acb01ddb965be41cf22a20f0e641fdbcc1f4a16e6b7bc9cf91478ce289f853e8;catalog=https://censusindia.gov.in/nada/index.php/catalog/42557;crosswalk=district_name_crosswalk.csv;sha256=c8dc691ab763e799cc1aafb29e9c17ab287710bd63447ad37281418d902c30e9,matched_crosswalk,332,resolved,article_collection_incomplete;article_count_missing_or_invalid,False
E023::darrang,E023,2015-0374-IND,Assam,Darrang,2015-08-13,2015-08-19,start:day|end:day,external_recovery,"[""{\""canonical_district\"": \""Darrang\"", \""circularity_risk\"": \""none\"", \""event_id\"": \""E023\"", \""evidence_note\"": \""Official flood-affected district list; use as same-season/event-window supplement and dedupe against structured EM-DAT districts.\"", \""evidence_scope\"": \""same_episode\"", \""evidence_type\"": \""same_episode_evidence\"", \""mapping_row\"": 49, \""merge_rule\"": \""dedupe on event_id + canonical(state,district); preserve original source name\"", \""origin\"": \""prior_research_pass\"", \""source_class\"": \""official_government\"", \""source_title\"": \""Government of India MHA/NERC Monsoon-Flood Situation Report, 1 Sep 2015\"", \""source_url\"": \""https://ndmindia.mha.gov.in/ndmi/viewUploadedDocument?uid=NEW859\"", \""source_verification\"": \""supplied_not_independently_verified\"", \""state\"": \""Assam\"", \""year\"": \""2015\""}""]",admin_units|gadm|location,"[""admin_units:1487"", ""gadm:IND.4_1"", ""location:(?<![A-Za-z])Assam(?![A-Za-z])""]",district,official_government,same_episode_evidence,none,https://ndmindia.mha.gov.in/ndmi/viewUploadedDocument?uid=NEW859,,,3426.9679336953163,NONE,missing,matched,17578.0,no_s1,fs1-3016a20fd3ad,unavailable,,3074.5271,,,NONE,2.0,partial,llm_qa_observed_lower_bound,complete,379,382,0,2,380,True,local_state_plus_targeted_bigquery,14,380,0.0597673667205169,928500.0,55494.0,873006.0,2011,census_2011_official;file=census_2011_district_urban_rural.xlsx;sha256=acb01ddb965be41cf22a20f0e641fdbcc1f4a16e6b7bc9cf91478ce289f853e8;catalog=https://censusindia.gov.in/nada/index.php/catalog/42557,matched,325,resolved,satellite_missing_or_invalid,False
E023::dhemaji,E023,2015-0374-IND,Assam,Dhemaji,2015-08-13,2015-08-19,start:day|end:day,external_recovery,"[""{\""canonical_district\"": \""Dhemaji\"", \""circularity_risk\"": \""none\"", \""event_id\"": \""E023\"", \""evidence_note\"": \""Official flood-affected district list; use as same-season/event-window supplement and dedupe against structured EM-DAT districts.\"", \""evidence_scope\"": \""same_episode\"", \""evidence_type\"": \""same_episode_evidence\"", \""mapping_row\"": 50, \""merge_rule\"": \""dedupe on event_id + canonical(state,district); preserve original source name\"", \""origin\"": \""prior_research_pass\"", \""source_class\"": \""official_government\"", \""source_title\"": \""Government of India MHA/NERC Monsoon-Flood Situation Report, 1 Sep 2015\"", \""source_url\"": \""https://ndmindia.mha.gov.in/ndmi/viewUploadedDocument?uid=NEW859\"", \""source_verification\"": \""supplied_not_independently_verified\"", \""state\"": \""Assam\"", \""year\"": \""2015\""}""]",admin_units|gadm|location,"[""admin_units:1487"", ""gadm:IND.4_1"", ""location:(?<![A-Za-z])Assam(?![A-Za-z])""]",district,official_government,same_episode_evidence,none,https://ndmindia.mha.gov.in/ndmi/viewUploadedDocument?uid=NEW859,,,2503.3476339074205,NONE,missing,matched,70087.0,no_s1,fs1-3016a20fd3ad,unavailable,,2240.4877,,,NONE,43.0,partial,llm_qa_observed_lower_bound,complete,379,425,0,44,381,True,local_state_plus_targeted_bigquery,14,381,0.0703726536983354,686133.0,48285.0,637848.0,2011,census_2011_official;file=census_2011_district_urban_rural.xlsx;sha256=acb01ddb965be41cf22a20f0e641fdbcc1f4a16e6b7bc9cf91478ce289f853e8;catalog=https://censusindia.gov.in/nada/index.php/catalog/42557,matched,308,resolved,satellite_missing_or_invalid,False
E023::dibrugarh,E023,2015-0374-IND,Assam,Dibrugarh,2015-08-13,2015-08-19,start:day|end:day,external_recovery,"[""{\""canonical_district\"": \""Dibrugarh\"", \""circularity_risk\"": \""none\"", \""event_id\"": \""E023\"", \""evidence_note\"": \""Official flood-affected district list; use as same-season/event-window supplement and dedupe against structured EM-DAT districts.\"", \""evidence_scope\"": \""same_episode\"", \""evidence_type\"": \""same_episode_evidence\"", \""mapping_row\"": 51, \""merge_rule\"": \""dedupe on event_id + canonical(state,district); preserve original source name\"", \""origin\"": \""prior_research_pass\"", \""source_class\"": \""official_government\"", \""source_title\"": \""Government of India MHA/NERC Monsoon-Flood Situation Report, 1 Sep 2015\"", \""source_url\"": \""https://ndmindia.mha.gov.in/ndmi/viewUploadedDocument?uid=NEW859\"", \""source_verification\"": \""supplied_not_independently_verified\"", \""state\"": \""Assam\"", \""year\"": \""2015\""}""]",admin_units|gadm|location,"[""admin_units:1487"", ""gadm:IND.4_1"", ""location:(?<![A-Za-z])Assam(?![A-Za-z])""]",district,official_government,same_episode_evidence,none,https://ndmindia.mha.gov.in/ndmi/viewUploadedDocument?uid=NEW859,,,3397.4818067287138,NONE,missing,matched,17580.0,no_s1,fs1-3016a20fd3ad,unavailable,,2887.5515,,,NONE,43.0,partial,llm_qa_observed_lower_bound,complete,379,425,0,44,381,True,local_state_plus_targeted_bigquery,14,381,0.1837620209072368,1326335.0,243730.0,1082605.0,2011,census_2011_official;file=census_2011_district_urban_rural.xlsx;sha256=acb01ddb965be41cf22a20f0e641fdbcc1f4a16e6b7bc9cf91478ce289f853e8;catalog=https://censusindia.gov.in/nada/index.php/catalog/42557,matched,310,resolved,satellite_missing_or_invalid,False
E023::jorhat,E023,2015-0374-IND,Assam,Jorhat,2015-08-13,2015-08-19,start:day|end:day,external_recovery,"[""{\""canonical_district\"": \""Jorhat\"", \""circularity_risk\"": \""none\"", \""event_id\"": \""E023\"", \""evidence_note\"": \""Official flood-affected district list; use as same-season/event-window supplement and dedupe against structured EM-DAT districts.\"", \""evidence_scope\"": \""same_episode\"", \""evidence_type\"": \""same_episode_evidence\"", \""mapping_row\"": 53, \""merge_rule\"": \""dedupe on event_id + canonical(state,district); preserve original source name\"", \""origin\"": \""prior_research_pass\"", \""source_class\"": \""official_government\"", \""source_title\"": \""Government of India MHA/NERC Monsoon-Flood Situation Report, 1 Sep 2015\"", \""source_url\"": \""https://ndmindia.mha.gov.in/ndmi/viewUploadedDocument?uid=NEW859\"", \""source_verification\"": \""supplied_not_independently_verified\"", \""state\"": \""Assam\"", \""year\"": \""2015\""}""]",admin_units|gadm|location,"[""admin_units:1487"", ""gadm:IND.4_1"", ""location:(?<![A-Za-z])Assam(?![A-Za-z])""]",district,official_government,same_episode_evidence,none,https://ndmindia.mha.gov.in/ndmi/viewUploadedDocument?uid=NEW859,,,2842.716884638612,NONE,missing,matched,70089.0,no_s1,fs1-3016a20fd3ad,unavailable,,2306.1826,,,NONE,46.0,partial,llm_qa_observed_lower_bound,complete,379,439,0,48,391,True,local_state_plus_targeted_bigquery,14,391,0.2019068789734274,1092256.0,220534.0,871722.0,2011,census_2011_official;file=census_2011_district_urban_rural.xlsx;sha256=acb01ddb965be41cf22a20f0e641fdbcc1f4a16e6b7bc9cf91478ce289f853e8;catalog=https://censusindia.gov.in/nada/index.php/catalog/42557,matched,312,resolved,satellite_missing_or_invalid,False
E023::morigaon,E023,2015-0374-IND,Assam,Morigaon,2015-08-13,2015-08-19,start:day|end:day,external_recovery,"[""{\""canonical_district\"": \""Morigaon\"", \""circularity_risk\"": \""none\"", \""event_id\"": \""E023\"", \""evidence_note\"": \""Official flood-affected district list; use as same-season/event-window supplement and dedupe against structured EM-DAT districts.\"", \""evidence_scope\"": \""same_episode\"", \""evidence_type\"": \""same_episode_evidence\"", \""mapping_row\"": 57, \""merge_rule\"": \""dedupe on event_id + canonical(state,district); preserve original source name\"", \""origin\"": \""prior_research_pass\"", \""source_class\"": \""official_government\"", \""source_title\"": \""Government of India MHA/NERC Monsoon-Flood Situation Report, 1 Sep 2015\"", \""source_url\"": \""https://ndmindia.mha.gov.in/ndmi/viewUploadedDocument?uid=NEW859\"", \""source_verification\"": \""supplied_not_independently_verified\"", \""state\"": \""Assam\"", \""year\"": \""2015\""}""]",admin_units|gadm|location,"[""admin_units:1487"", ""gadm:IND.4_1"", ""location:(?<![A-Za-z])Assam(?![A-Za-z])""]",district,official_government,same_episode_evidence,none,https://ndmindia.mha.gov.in/ndmi/viewUploadedDocument?uid=NEW859,,,1508.3262903435707,NONE,missing,matched,76128533B17968019348564,no_s1,fs1-3016a20fd3ad,unavailable,,1311.7575,,,NONE,20.0,partial,llm_qa_observed_lower_bound,complete,379,400,0,20,380,True,local_state_plus_targeted_bigquery,14,380,0.0765575926210253,957423.0,73298.0,884125.0,2011,census_2011_official;file=census_2011_district_urban_rural.xlsx;sha256=acb01ddb965be41cf22a20f0e641fdbcc1f4a16e6b7bc9cf91478ce289f853e8;catalog=https://censusindia.gov.in/nada/index.php/catalog/42557,matched,304,resolved,satellite_missing_or_invalid,False
E023::nalbari,E023,2015-0374-IND,Assam,Nalbari,2015-08-13,2015-08-19,start:day|end:day,external_recovery,"[""{\""canonical_district\"": \""Nalbari\"", \""circularity_risk\"": \""none\"", \""event_id\"": \""E023\"", \""evidence_note\"": \""Official flood-affected district list; use as same-season/event-window supplement and dedupe against structured EM-DAT districts.\"", \""evidence_scope\"": \""same_episode\"", \""evidence_type\"": \""same_episode_evidence\"", \""mapping_row\"": 59, \""merge_rule\"": \""dedupe on event_id + canonical(state,district); preserve original source name\"", \""origin\"": \""prior_research_pass\"", \""source_class\"": \""official_government\"", \""source_title\"": \""Government of India MHA/NERC Monsoon-Flood Situation Report, 1 Sep 2015\"", \""source_url\"": \""https://ndmindia.mha.gov.in/ndmi/viewUploadedDocument?uid=NEW859\"", \""source_verification\"": \""supplied_not_independently_verified\"", \""state\"": \""Assam\"", \""year\"": \""2015\""}""]",admin_units|gadm|location,"[""admin_units:1487"", ""gadm:IND.4_1"", ""location:(?<![A-Za-z])Assam(?![A-Za-z])""]",district,official_government,same_episode_evidence,none,https://ndmindia.mha.gov.in/ndmi/viewUploadedDocument?uid=NEW859,,,2339.8796955273547,NONE,missing,matched,17590.0,no_s1,fs1-3016a20fd3ad,unavailable,,2097.5834,,,NONE,23.0,partial,llm_qa_observed_lower_bound,complete,379,404,0,23,381,True,local_state_plus_targeted_bigquery,14,381,0.1072133471740023,771639.0,82730.0,688909.0,2011,census_2011_official;file=census_2011_district_urban_rural.xlsx;sha256=acb01ddb965be41cf22a20f0e641fdbcc1f4a16e6b7bc9cf91478ce289f853e8;catalog=https://censusindia.gov.in/nada/index.php/catalog/42557,matched,323,resolved,satellite_missing_or_invalid,False
E023::tinsukia,E023,2015-0374-IND,Assam,Tinsukia,2015-08-13,2015-08-19,start:day|end:day,external_recovery,"[""{\""canonical_district\"": \""Tinsukia\"", \""circularity_risk\"": \""none\"", \""event_id\"": \""E023\"", \""evidence_note\"": \""Official flood-affected district list; use as same-season/event-window supplement and dedupe against structured EM-DAT districts.\"", \""evidence_scope\"": \""same_episode\"", \""evidence_type\"": \""same_episode_evidence\"", \""mapping_row\"": 61, \""merge_rule\"": \""dedupe on event_id + canonical(state,district); preserve original source name\"", \""origin\"": \""prior_research_pass\"", \""source_class\"": \""official_government\"", \""source_title\"": \""Government of India MHA/NERC Monsoon-Flood Situation Report, 1 Sep 2015\"", \""source_url\"": \""https://ndmindia.mha.gov.in/ndmi/viewUploadedDocument?uid=NEW859\"", \""source_verification\"": \""supplied_not_independently_verified\"", \""state\"": \""Assam\"", \""year\"": \""2015\""}""]",admin_units|gadm|location,"[""admin_units:1487"", ""gadm:IND.4_1"", ""location:(?<![A-Za-z])Assam(?![A-Za-z])""]",district,official_government,same_episode_evidence,none,https://ndmindia.mha.gov.in/ndmi/viewUploadedDocument?uid=NEW859,,,3799.190193815676,NONE,missing,matched,70093.0,no_s1,fs1-3016a20fd3ad,unavailable,,3303.9786,,,NONE,30.0,partial,llm_qa_observed_lower_bound,complete,379,412,0,31,381,True,local_state_plus_targeted_bigquery,14,381,0.199365327513745,1327929.0,264743.0,1063186.0,2011,census_2011_official;file=census_2011_district_urban_rural.xlsx;sha256=acb01ddb965be41cf22a20f0e641fdbcc1f4a16e6b7bc9cf91478ce289f853e8;catalog=https://censusindia.gov.in/nada/index.php/catalog/42557,matched,309,resolved,satellite_missing_or_invalid,False
E023::udalguri,E023,2015-0374-IND,Assam,Udalguri,2015-08-13,2015-08-19,start:day|end:day,external_recovery,"[""{\""canonical_district\"": \""Udalguri\"", \""circularity_risk\"": \""none\"", \""event_id\"": \""E023\"", \""evidence_note\"": \""Official flood-affected district list; use as same-season/event-window supplement and dedupe against structured EM-DAT districts.\"", \""evidence_scope\"": \""same_episode\"", \""evidence_type\"": \""same_episode_evidence\"", \""mapping_row\"": 62, \""merge_rule\"": \""dedupe on event_id + canonical(state,district); preserve original source name\"", \""origin\"": \""prior_research_pass\"", \""source_class\"": \""official_government\"", \""source_title\"": \""Government of India MHA/NERC Monsoon-Flood Situation Report, 1 Sep 2015\"", \""source_url\"": \""https://ndmindia.mha.gov.in/ndmi/viewUploadedDocument?uid=NEW859\"", \""source_verification\"": \""supplied_not_independently_verified\"", \""state\"": \""Assam\"", \""year\"": \""2015\""}""]",admin_units|gadm|location,"[""admin_units:1487"", ""gadm:IND.4_1"", ""location:(?<![A-Za-z])Assam(?![A-Za-z])""]",district,official_government,same_episode_evidence,none,https://ndmindia.mha.gov.in/ndmi/viewUploadedDocument?uid=NEW859,,,2056.2913712488385,NONE,missing,matched,76128533B20307518801538,no_s1,fs1-3016a20fd3ad,unavailable,,1902.4689,,,NONE,2.0,partial,llm_qa_observed_lower_bound,complete,379,381,0,2,379,True,local_state_plus_targeted_bigquery,14,379,0.045179085885233,831668.0,37574.0,794094.0,2011,census_2011_official;file=census_2011_district_urban_rural.xlsx;sha256=acb01ddb965be41cf22a20f0e641fdbcc1f4a16e6b7bc9cf91478ce289f853e8;catalog=https://censusindia.gov.in/nada/index.php/catalog/42557,matched,326,resolved,satellite_missing_or_invalid,False
E025::nellore,E025,2015-0504-IND,Andhra Pradesh,Nellore,2015-11-08,2015-12-04,start:day|end:day,external_recovery|gadm,"[""gadm:IND.2.7_1"", ""{\""canonical_district\"": \""Nellore\"", \""circularity_risk\"": \""none\"", \""event_id\"": \""E025\"", \""evidence_note\"": \""Same 2015 late-monsoon flood episode; worst-affected districts listed by humanitarian disaster record.\"", \""evidence_scope\"": \""same_episode\"", \""evidence_type\"": \""same_episode_evidence\"", \""mapping_row\"": 64, \""merge_rule\"": \""dedupe on event_id + canonical(state,district); preserve original source name\"", \""origin\"": \""prior_research_pass\"", \""source_class\"": \""humanitarian_aggregator\"", \""source_title\"": \""ReliefWeb India Floods 2015 disaster record / official-humantarian reporting\"", \""source_url\"": \""https://reliefweb.int/disaster/fl-2015-000064-ind\"", \""source_verification\"": \""supplied_not_independently_verified\"", \""state\"": \""Andhra Pradesh\"", \""year\"": \""2015\""}""]",gadm|location,"[""gadm:IND.2.13_1"", ""gadm:IND.2.2_1"", ""gadm:IND.2.7_1"", ""gadm:IND.2.8_1"", ""location:(?<![A-Za-z])Andhra\\ Pradesh(?![A-Za-z])""]",district,humanitarian_aggregator,same_episode_evidence,none,https://reliefweb.int/disaster/fl-2015-000064-ind,,,13465.479193999116,NONE,missing,matched,17561.0,no_s1,fs1-3016a20fd3ad,unavailable,,11397.9217,,,NONE,75.0,partial,llm_qa_observed_lower_bound,complete,358,437,0,76,361,True,local_state_plus_targeted_bigquery,14,361,0.2893921055002485,2963557.0,857630.0,2105927.0,2011,census_2011_recovery;method=census_name_link;url=https://spsnellore.ap.gov.in/history/;table=district demography;notes=District renamed in 2008; all reviewed events predate the 2022 reorganisation.;population_source=census_2011_official;file=census_2011_district_urban_rural.xlsx;sha256=acb01ddb965be41cf22a20f0e641fdbcc1f4a16e6b7bc9cf91478ce289f853e8;catalog=https://censusindia.gov.in/nada/index.php/catalog/42557;file=district_census_recovery.json;sha256=d452a6f74338bb2f237f3d014518ab361f6b2d7436bac837b8a1cb97d050bac0,matched_crosswalk,550,resolved,satellite_missing_or_invalid,False
E025::prakasam,E025,2015-0504-IND,Andhra Pradesh,Prakasam,2015-11-08,2015-12-04,start:day|end:day,external_recovery|gadm,"[""gadm:IND.2.8_1"", ""{\""canonical_district\"": \""Prakasam\"", \""circularity_risk\"": \""none\"", \""event_id\"": \""E025\"", \""evidence_note\"": \""Same 2015 late-monsoon flood episode; worst-affected districts listed by humanitarian disaster record.\"", \""evidence_scope\"": \""same_episode\"", \""evidence_type\"": \""same_episode_evidence\"", \""mapping_row\"": 65, \""merge_rule\"": \""dedupe on event_id + canonical(state,district); preserve original source name\"", \""origin\"": \""prior_research_pass\"", \""source_class\"": \""humanitarian_aggregator\"", \""source_title\"": \""ReliefWeb India Floods 2015 disaster record / official-humantarian reporting\"", \""source_url\"": \""https://reliefweb.int/disaster/fl-2015-000064-ind\"", \""source_verification\"": \""supplied_not_independently_verified\"", \""state\"": \""Andhra Pradesh\"", \""year\"": \""2015\""}""]",gadm|location,"[""gadm:IND.2.13_1"", ""gadm:IND.2.2_1"", ""gadm:IND.2.7_1"", ""gadm:IND.2.8_1"", ""location:(?<![A-Za-z])Andhra\\ Pradesh(?![A-Za-z])""]",district,humanitarian_aggregator,same_episode_evidence,none,https://reliefweb.int/disaster/fl-2015-000064-ind,,,17855.500293612782,NONE,missing,matched,17563.0,no_s1,fs1-3016a20fd3ad,unavailable,,13796.4042,,,NONE,7.0,partial,llm_qa_observed_lower_bound,complete,358,370,0,7,363,True,local_state_plus_targeted_bigquery,14,363,0.1956121182723032,3397448.0,664582.0,2732866.0,2011,census_2011_official;file=census_2011_district_urban_rural.xlsx;sha256=acb01ddb965be41cf22a20f0e641fdbcc1f4a16e6b7bc9cf91478ce289f853e8;catalog=https://censusindia.gov.in/nada/index.php/catalog/42557,matched,549,resolved,satellite_missing_or_invalid,False
E025::ysr%20kadapa,E025,2015-0504-IND,Andhra Pradesh,YSR Kadapa,2015-11-08,2015-12-04,start:day|end:day,external_recovery|gadm,"[""gadm:IND.2.13_1"", ""recovery_alias:Y.S.R.->YSR Kadapa"", ""{\""canonical_district\"": \""YSR Kadapa\"", \""circularity_risk\"": \""none\"", \""event_id\"": \""E025\"", \""evidence_note\"": \""Same 2015 late-monsoon flood episode; worst-affected districts listed by humanitarian disaster record.\"", \""evidence_scope\"": \""same_episode\"", \""evidence_type\"": \""same_episode_evidence\"", \""mapping_row\"": 66, \""merge_rule\"": \""dedupe on event_id + canonical(state,district); preserve original source name\"", \""origin\"": \""prior_research_pass\"", \""source_class\"": \""humanitarian_aggregator\"", \""source_title\"": \""ReliefWeb India Floods 2015 disaster record / official-humantarian reporting\"", \""source_url\"": \""https://reliefweb.int/disaster/fl-2015-000064-ind\"", \""source_verification\"": \""supplied_not_independently_verified\"", \""state\"": \""Andhra Pradesh\"", \""year\"": \""2015\""}""]",gadm|location,"[""gadm:IND.2.13_1"", ""gadm:IND.2.2_1"", ""gadm:IND.2.7_1"", ""gadm:IND.2.8_1"", ""location:(?<![A-Za-z])Andhra\\ Pradesh(?![A-Za-z])""]",district,humanitarian_aggregator,same_episode_evidence,none,https://reliefweb.int/disaster/fl-2015-000064-ind,,,15070.574780835612,NONE,missing,matched,76128533B72109128179340,no_s1,fs1-3016a20fd3ad,unavailable,,10008.0209,,,NONE,39.0,partial,llm_qa_observed_lower_bound,complete,358,410,0,45,365,True,local_state_plus_targeted_bigquery,14,365,0.3396851796151147,2882469.0,979132.0,1903337.0,2011,census_2011_official;file=census_2011_district_urban_rural.xlsx;sha256=acb01ddb965be41cf22a20f0e641fdbcc1f4a16e6b7bc9cf91478ce289f853e8;catalog=https://censusindia.gov.in/nada/index.php/catalog/42557;crosswalk=district_name_crosswalk.csv;sha256=c8dc691ab763e799cc1aafb29e9c17ab287710bd63447ad37281418d902c30e9,matched_crosswalk,551,resolved,satellite_missing_or_invalid,False
E027::thiruvarur,E027,2015-0504-IND,Tamil Nadu,Thiruvarur,2015-11-08,2015-12-04,start:day|end:day,gadm,"[""gadm:IND.31.24_1""]",gadm|location,"[""gadm:IND.31.13_1"", ""gadm:IND.31.23_1"", ""gadm:IND.31.24_1"", ""gadm:IND.31.2_1"", ""gadm:IND.31.31_1"", ""gadm:IND.31.4_1"", ""gadm:IND.31.8_1"", ""location:(?<![A-Za-z])Tamil\\ Nadu(?![A-Za-z])""]",district,,,,,103.5416,0.0453,2285.385478948947,S1,observed,matched,76128533B45072089356239,interim_s1_only,fs1-3016a20fd3ad,unavailable,,2166.9066,0.0478,103.5416,S1,,incomplete,llm_qa,complete,1446,1446,0,0,1446,False,local_state_plus_targeted_bigquery,14,1446,0.2039070551785724,1264277.0,257795.0,1006482.0,2011,census_2011_official;file=census_2011_district_urban_rural.xlsx;sha256=acb01ddb965be41cf22a20f0e641fdbcc1f4a16e6b7bc9cf91478ce289f853e8;catalog=https://censusindia.gov.in/nada/index.php/catalog/42557,matched,619,resolved,article_collection_incomplete;article_count_missing_or_invalid,False
E027::viluppuram,E027,2015-0504-IND,Tamil Nadu,Viluppuram,2015-11-08,2015-12-04,start:day|end:day,gadm,"[""gadm:IND.31.31_1""]",gadm|location,"[""gadm:IND.31.13_1"", ""gadm:IND.31.23_1"", ""gadm:IND.31.24_1"", ""gadm:IND.31.2_1"", ""gadm:IND.31.31_1"", ""gadm:IND.31.4_1"", ""gadm:IND.31.8_1"", ""location:(?<![A-Za-z])Tamil\\ Nadu(?![A-Za-z])""]",district,,,,,81.8846,0.0205,3991.6051885927886,S1,observed,matched,76128533B86430586962522,interim_s1_only,fs1-3016a20fd3ad,unavailable,,3589.6486,0.0228,81.8846,S1,,incomplete,llm_qa,complete,1446,1446,0,0,1446,False,local_state_plus_targeted_bigquery,14,1446,0.1500743161139481,3458873.0,519088.0,2939785.0,2011,census_2011_official;file=census_2011_district_urban_rural.xlsx;sha256=acb01ddb965be41cf22a20f0e641fdbcc1f4a16e6b7bc9cf91478ce289f853e8;catalog=https://censusindia.gov.in/nada/index.php/catalog/42557,matched,607,resolved,article_collection_incomplete;article_count_missing_or_invalid,False
E029::bongaigaon,E029,2016-0139-IND,Assam,Bongaigaon,2016-04-22,2016-04-25,start:day|end:day,external_recovery,"[""{\""canonical_district\"": \""Bongaigaon\"", \""circularity_risk\"": \""none\"", \""event_id\"": \""E029\"", \""evidence_note\"": \""Humanitarian disaster record identifies these among the worst affected during the July-August flood episode.\"", \""evidence_scope\"": \""same_episode\"", \""evidence_type\"": \""same_episode_evidence\"", \""mapping_row\"": 73, \""merge_rule\"": \""dedupe on event_id + canonical(state,district); preserve original source name\"", \""origin\"": \""prior_research_pass\"", \""source_class\"": \""humanitarian_aggregator\"", \""source_title\"": \""ReliefWeb India Floods 2016 disaster record\"", \""source_url\"": \""https://reliefweb.int/disaster/fl-2016-000060-ind-0\"", \""source_verification\"": \""supplied_not_independently_verified\"", \""state\"": \""Assam\"", \""year\"": \""2016\""}""]",admin_units|gadm|location,"[""admin_units:1487"", ""gadm:IND.4_1"", ""location:(?<![A-Za-z])Assam(?![A-Za-z])""]",district,humanitarian_aggregator,same_episode_evidence,none,https://reliefweb.int/disaster/fl-2016-000060-ind-0,23.9307,0.0103,2332.582799042809,S1,observed,matched,70086.0,interim_s1_only,fs1-3016a20fd3ad,unavailable,,1849.5033,0.0129,23.9307,S1,,incomplete,llm_qa,complete,187,188,0,0,188,False,local_state_plus_targeted_bigquery,14,188,0.1486321135240199,738804.0,109810.0,628994.0,2011,census_2011_official;file=census_2011_district_urban_rural.xlsx;sha256=acb01ddb965be41cf22a20f0e641fdbcc1f4a16e6b7bc9cf91478ce289f853e8;catalog=https://censusindia.gov.in/nada/index.php/catalog/42557,matched,319,resolved,article_collection_incomplete;article_count_missing_or_invalid,False
E029::dhemaji,E029,2016-0139-IND,Assam,Dhemaji,2016-04-22,2016-04-25,start:day|end:day,external_recovery,"[""{\""canonical_district\"": \""Dhemaji\"", \""circularity_risk\"": \""none\"", \""event_id\"": \""E029\"", \""evidence_note\"": \""Humanitarian disaster record identifies these among the worst affected during the July-August flood episode.\"", \""evidence_scope\"": \""same_episode\"", \""evidence_type\"": \""same_episode_evidence\"", \""mapping_row\"": 74, \""merge_rule\"": \""dedupe on event_id + canonical(state,district); preserve original source name\"", \""origin\"": \""prior_research_pass\"", \""source_class\"": \""humanitarian_aggregator\"", \""source_title\"": \""ReliefWeb India Floods 2016 disaster record\"", \""source_url\"": \""https://reliefweb.int/disaster/fl-2016-000060-ind-0\"", \""source_verification\"": \""supplied_not_independently_verified\"", \""state\"": \""Assam\"", \""year\"": \""2016\""}""]",admin_units|gadm|location,"[""admin_units:1487"", ""gadm:IND.4_1"", ""location:(?<![A-Za-z])Assam(?![A-Za-z])""]",district,humanitarian_aggregator,same_episode_evidence,none,https://reliefweb.int/disaster/fl-2016-000060-ind-0,39.2513,0.0157,2503.3476339074205,S1,observed,matched,70087.0,interim_s1_only,fs1-3016a20fd3ad,unavailable,,2240.4877,0.0175,39.2513,S1,,incomplete,llm_qa,complete,187,188,0,0,188,False,local_state_plus_targeted_bigquery,14,188,0.0703726536983354,686133.0,48285.0,637848.0,2011,census_2011_official;file=census_2011_district_urban_rural.xlsx;sha256=acb01ddb965be41cf22a20f0e641fdbcc1f4a16e6b7bc9cf91478ce289f853e8;catalog=https://censusindia.gov.in/nada/index.php/catalog/42557,matched,308,resolved,article_collection_incomplete;article_count_missing_or_invalid,False
E029::golaghat,E029,2016-0139-IND,Assam,Golaghat,2016-04-22,2016-04-25,start:day|end:day,external_recovery,"[""{\""canonical_district\"": \""Golaghat\"", \""circularity_risk\"": \""none\"", \""event_id\"": \""E029\"", \""evidence_note\"": \""Humanitarian disaster record identifies these among the worst affected during the July-August flood episode.\"", \""evidence_scope\"": \""same_episode\"", \""evidence_type\"": \""same_episode_evidence\"", \""mapping_row\"": 76, \""merge_rule\"": \""dedupe on event_id + canonical(state,district); preserve original source name\"", \""origin\"": \""prior_research_pass\"", \""source_class\"": \""humanitarian_aggregator\"", \""source_title\"": \""ReliefWeb India Floods 2016 disaster record\"", \""source_url\"": \""https://reliefweb.int/disaster/fl-2016-000060-ind-0\"", \""source_verification\"": \""supplied_not_independently_verified\"", \""state\"": \""Assam\"", \""year\"": \""2016\""}""]",admin_units|gadm|location,"[""admin_units:1487"", ""gadm:IND.4_1"", ""location:(?<![A-Za-z])Assam(?![A-Za-z])""]",district,humanitarian_aggregator,same_episode_evidence,none,https://reliefweb.int/disaster/fl-2016-000060-ind-0,64.4527,0.0182,3532.2679838886856,S1,observed,matched,17582.0,interim_s1_only,fs1-3016a20fd3ad,unavailable,,3111.5422,0.0207,64.4527,S1,,incomplete,llm_qa,complete,187,187,0,0,187,False,local_state_plus_targeted_bigquery,14,187,0.0916084912380681,1066888.0,97736.0,969152.0,2011,census_2011_official;file=census_2011_district_urban_rural.xlsx;sha256=acb01ddb965be41cf22a20f0e641fdbcc1f4a16e6b7bc9cf91478ce289f853e8;catalog=https://censusindia.gov.in/nada/index.php/catalog/42557,matched,313,resolved,article_collection_incomplete;article_count_missing_or_invalid,False
E031::namsai,E031,2016-0239-IND,Arunachal Pradesh,Namsai,2016-06-25,2016-07-01,start:day|end:day,external_recovery,"[""{\""canonical_district\"": \""Namsai\"", \""circularity_risk\"": \""none\"", \""end_date\"": \""2016-07-01\"", \""event_id\"": \""E031\"", \""evidence_note\"": \""Namsai is directly flood-affected later in the same 2016 monsoon; date does not match E031 exactly.\"", \""evidence_scope\"": \""same_season_later\"", \""evidence_type\"": \""seasonal_proxy\"", \""mapping_row\"": 80, \""merge_rule\"": \""dedupe on event_id + canonical(state,district); retain all source provenance\"", \""origin\"": \""exhaustive_followup\"", \""source_class\"": \""official_government\"", \""source_record_id\"": \""2016-0239-IND\"", \""source_title\"": \""MHA/NDRF 2016 monsoon deployment / later Namsai flood response\"", \""source_url\"": \""https://ndmindia.mha.gov.in/ndmi/viewUploadedDocument?uid=NEW832\"", \""source_verification\"": \""supplied_not_independently_verified\"", \""start_date\"": \""2016-06-25\"", \""state\"": \""Arunachal Pradesh\"", \""year\"": \""2016\""}""]",admin_units|gadm|location,"[""admin_units:70072"", ""gadm:IND.3_1"", ""location:(?<![A-Za-z])Arunachal\\ Pradesh(?![A-Za-z])""]",district,official_government,seasonal_proxy,none,https://ndmindia.mha.gov.in/ndmi/viewUploadedDocument?uid=NEW832,6.7844,0.0053,1281.1997378272174,S1,observed,matched,76128533B1875965515331,interim_s1_only,fs1-3016a20fd3ad,unavailable,,892.7445,0.0076,6.7844,S1,,incomplete,llm_qa,complete,26,26,0,0,26,False,local_state_plus_targeted_bigquery,14,26,0.1484731631057842,95950.0,14246.0,81704.0,2011,census_2011_recovery;method=official_retabulation;url=https://namsai.nic.in/demography/;table=district demography;notes=Official 2011 population retabulated to the district definition in the cited source. No parent-district population substitution; not an event-year population estimate.;population_source=https://namsai.nic.in/demography/;file=district_census_recovery.json;sha256=d452a6f74338bb2f237f3d014518ab361f6b2d7436bac837b8a1cb97d050bac0,matched_crosswalk,retabulated:arunachal pradesh:namsai,resolved,article_collection_incomplete;article_count_missing_or_invalid,False
E032::darrang,E032,2016-0239-IND,Assam,Darrang,2016-06-25,2016-07-01,start:day|end:day,external_recovery,"[""{\""canonical_district\"": \""Darrang\"", \""circularity_risk\"": \""none\"", \""end_date\"": \""2016-07-01\"", \""event_id\"": \""E032\"", \""evidence_note\"": \""District is documented in the major July 2016 Assam flood wave, but evidence post-dates E032 by several weeks.\"", \""evidence_scope\"": \""same_season_later\"", \""evidence_type\"": \""seasonal_proxy\"", \""mapping_row\"": 83, \""merge_rule\"": \""dedupe on event_id + canonical(state,district); retain all source provenance\"", \""origin\"": \""exhaustive_followup\"", \""source_class\"": \""humanitarian\"", \""source_record_id\"": \""2016-0239-IND\"", \""source_title\"": \""2016 Assam flood summary / government response compilation\"", \""source_url\"": \""https://eiacp.tropmet.res.in/admin/publications/uploads/pub-16.pdf\"", \""source_verification\"": \""supplied_not_independently_verified\"", \""start_date\"": \""2016-06-25\"", \""state\"": \""Assam\"", \""year\"": \""2016\""}""]",admin_units|gadm|location,"[""admin_units:1487"", ""gadm:IND.4_1"", ""location:(?<![A-Za-z])Assam(?![A-Za-z])""]",district,humanitarian,seasonal_proxy,none,https://eiacp.tropmet.res.in/admin/publications/uploads/pub-16.pdf,238.5636,0.0696,3426.9679336953163,S1,observed,matched,17578.0,interim_s1_only,fs1-3016a20fd3ad,unavailable,,3074.5271,0.0776,238.5636,S1,,incomplete,llm_qa,complete,166,166,0,0,166,False,local_state_plus_targeted_bigquery,14,166,0.0597673667205169,928500.0,55494.0,873006.0,2011,census_2011_official;file=census_2011_district_urban_rural.xlsx;sha256=acb01ddb965be41cf22a20f0e641fdbcc1f4a16e6b7bc9cf91478ce289f853e8;catalog=https://censusindia.gov.in/nada/index.php/catalog/42557,matched,325,resolved,article_collection_incomplete;article_count_missing_or_invalid,False
E032::golaghat,E032,2016-0239-IND,Assam,Golaghat,2016-06-25,2016-07-01,start:day|end:day,external_recovery,"[""{\""canonical_district\"": \""Golaghat\"", \""circularity_risk\"": \""none\"", \""end_date\"": \""2016-07-01\"", \""event_id\"": \""E032\"", \""evidence_note\"": \""District is documented in the major July 2016 Assam flood wave, but evidence post-dates E032 by several weeks.\"", \""evidence_scope\"": \""same_season_later\"", \""evidence_type\"": \""seasonal_proxy\"", \""mapping_row\"": 87, \""merge_rule\"": \""dedupe on event_id + canonical(state,district); retain all source provenance\"", \""origin\"": \""exhaustive_followup\"", \""source_class\"": \""humanitarian\"", \""source_record_id\"": \""2016-0239-IND\"", \""source_title\"": \""2016 Assam flood summary / government response compilation\"", \""source_url\"": \""https://eiacp.tropmet.res.in/admin/publications/uploads/pub-16.pdf\"", \""source_verification\"": \""supplied_not_independently_verified\"", \""start_date\"": \""2016-06-25\"", \""state\"": \""Assam\"", \""year\"": \""2016\""}""]",admin_units|gadm|location,"[""admin_units:1487"", ""gadm:IND.4_1"", ""location:(?<![A-Za-z])Assam(?![A-Za-z])""]",district,humanitarian,seasonal_proxy,none,https://eiacp.tropmet.res.in/admin/publications/uploads/pub-16.pdf,,,3532.2679838886856,NONE,missing,matched,17582.0,no_s1,fs1-3016a20fd3ad,unavailable,,3111.5422,,,NONE,25.0,partial,llm_qa_observed_lower_bound,complete,166,200,0,28,172,True,local_state_plus_targeted_bigquery,14,172,0.0916084912380681,1066888.0,97736.0,969152.0,2011,census_2011_official;file=census_2011_district_urban_rural.xlsx;sha256=acb01ddb965be41cf22a20f0e641fdbcc1f4a16e6b7bc9cf91478ce289f853e8;catalog=https://censusindia.gov.in/nada/index.php/catalog/42557,matched,313,resolved,satellite_missing_or_invalid,False
E034::agar%20malwa,E034,2016-0276-IND,Madhya Pradesh,Agar Malwa,2016-07-09,2016-08-22,start:day|end:day,gadm,"[""gadm:IND.19.1_1""]",gadm|location,"[""gadm:IND.19.13_1"", ""gadm:IND.19.1_1"", ""gadm:IND.19.21_1"", ""gadm:IND.19.22_1"", ""gadm:IND.19.24_1"", ""gadm:IND.19.27_1"", ""gadm:IND.19.32_1"", ""gadm:IND.19.33_1"", ""gadm:IND.19.36_1"", ""gadm:IND.19.37_1"", ""gadm:IND.19.38_1"", ""gadm:IND.19.39_1"", ""gadm:IND.19.40_1"", ""gadm:IND.19.42_1"", ""gadm:IND.19.47_1"", ""gadm:IND.19.50_1"", ""gadm:IND.19.9_1"", ""location:(?<![A-Za-z])Madhya\\ Pradesh(?![A-Za-z])""]",district,,,,,,,2762.084548398019,NONE,missing,matched,76128533B29721759389119,no_s1,fs1-3016a20fd3ad,unavailable,,2498.6716,,,NONE,1.0,partial,llm_qa_observed_lower_bound,complete,999,1000,0,1,999,True,local_state_plus_targeted_bigquery,14,999,,,,,2011,census_2011_official,unmatched,,resolved,satellite_missing_or_invalid;census_unmatched;census_invalid;census_population_inconsistent,False
E034::bhopal,E034,2016-0276-IND,Madhya Pradesh,Bhopal,2016-07-09,2016-08-22,start:day|end:day,admin_units|gadm,"[""admin_units:Bhopal"", ""gadm:IND.19.9_1""]",gadm|location,"[""gadm:IND.19.13_1"", ""gadm:IND.19.1_1"", ""gadm:IND.19.21_1"", ""gadm:IND.19.22_1"", ""gadm:IND.19.24_1"", ""gadm:IND.19.27_1"", ""gadm:IND.19.32_1"", ""gadm:IND.19.33_1"", ""gadm:IND.19.36_1"", ""gadm:IND.19.37_1"", ""gadm:IND.19.38_1"", ""gadm:IND.19.39_1"", ""gadm:IND.19.40_1"", ""gadm:IND.19.42_1"", ""gadm:IND.19.47_1"", ""gadm:IND.19.50_1"", ""gadm:IND.19.9_1"", ""location:(?<![A-Za-z])Madhya\\ Pradesh(?![A-Za-z])""]",district,,,,,,,2728.200542472355,NONE,missing,matched,17716.0,no_s1,fs1-3016a20fd3ad,unavailable,,2449.8108,,,NONE,79.0,partial,llm_qa_observed_lower_bound,complete,999,1132,0,89,1043,True,local_state_plus_targeted_bigquery,14,1043,0.8085203206497007,2371061.0,1917051.0,454010.0,2011,census_2011_official;file=census_2011_district_urban_rural.xlsx;sha256=acb01ddb965be41cf22a20f0e641fdbcc1f4a16e6b7bc9cf91478ce289f853e8;catalog=https://censusindia.gov.in/nada/index.php/catalog/42557,matched,444,resolved,satellite_missing_or_invalid,False
E034::damoh,E034,2016-0276-IND,Madhya Pradesh,Damoh,2016-07-09,2016-08-22,start:day|end:day,admin_units|gadm,"[""admin_units:Damoh"", ""gadm:IND.19.13_1""]",gadm|location,"[""gadm:IND.19.13_1"", ""gadm:IND.19.1_1"", ""gadm:IND.19.21_1"", ""gadm:IND.19.22_1"", ""gadm:IND.19.24_1"", ""gadm:IND.19.27_1"", ""gadm:IND.19.32_1"", ""gadm:IND.19.33_1"", ""gadm:IND.19.36_1"", ""gadm:IND.19.37_1"", ""gadm:IND.19.38_1"", ""gadm:IND.19.39_1"", ""gadm:IND.19.40_1"", ""gadm:IND.19.42_1"", ""gadm:IND.19.47_1"", ""gadm:IND.19.50_1"", ""gadm:IND.19.9_1"", ""location:(?<![A-Za-z])Madhya\\ Pradesh(?![A-Za-z])""]",district,,,,,,,7370.294062152793,NONE,missing,matched,17720.0,no_s1,fs1-3016a20fd3ad,unavailable,,6042.8053,,,NONE,8.0,partial,llm_qa_observed_lower_bound,complete,999,1024,0,10,1014,True,local_state_plus_targeted_bigquery,14,1014,0.1981863901744871,1264219.0,250551.0,1013668.0,2011,census_2011_official;file=census_2011_district_urban_rural.xlsx;sha256=acb01ddb965be41cf22a20f0e641fdbcc1f4a16e6b7bc9cf91478ce289f853e8;catalog=https://censusindia.gov.in/nada/index.php/catalog/42557,matched,428,resolved,satellite_missing_or_invalid,False
E034::harda,E034,2016-0276-IND,Madhya Pradesh,Harda,2016-07-09,2016-08-22,start:day|end:day,admin_units|gadm,"[""admin_units:Harda"", ""gadm:IND.19.21_1""]",gadm|location,"[""gadm:IND.19.13_1"", ""gadm:IND.19.1_1"", ""gadm:IND.19.21_1"", ""gadm:IND.19.22_1"", ""gadm:IND.19.24_1"", ""gadm:IND.19.27_1"", ""gadm:IND.19.32_1"", ""gadm:IND.19.33_1"", ""gadm:IND.19.36_1"", ""gadm:IND.19.37_1"", ""gadm:IND.19.38_1"", ""gadm:IND.19.39_1"", ""gadm:IND.19.40_1"", ""gadm:IND.19.42_1"", ""gadm:IND.19.47_1"", ""gadm:IND.19.50_1"", ""gadm:IND.19.9_1"", ""location:(?<![A-Za-z])Madhya\\ Pradesh(?![A-Za-z])""]",district,,,,,,,3323.033941847883,NONE,missing,matched,70173.0,no_s1,fs1-3016a20fd3ad,unavailable,,2628.5524,,,NONE,9.0,partial,llm_qa_observed_lower_bound,complete,999,1018,0,10,1008,True,local_state_plus_targeted_bigquery,14,1008,0.2092398306644579,570465.0,119364.0,451101.0,2011,census_2011_official;file=census_2011_district_urban_rural.xlsx;sha256=acb01ddb965be41cf22a20f0e641fdbcc1f4a16e6b7bc9cf91478ce289f853e8;catalog=https://censusindia.gov.in/nada/index.php/catalog/42557,matched,448,resolved,satellite_missing_or_invalid,False
E034::hoshangabad,E034,2016-0276-IND,Madhya Pradesh,Hoshangabad,2016-07-09,2016-08-22,start:day|end:day,admin_units|gadm,"[""admin_units:Hoshangabad"", ""gadm:IND.19.22_1""]",gadm|location,"[""gadm:IND.19.13_1"", ""gadm:IND.19.1_1"", ""gadm:IND.19.21_1"", ""gadm:IND.19.22_1"", ""gadm:IND.19.24_1"", ""gadm:IND.19.27_1"", ""gadm:IND.19.32_1"", ""gadm:IND.19.33_1"", ""gadm:IND.19.36_1"", ""gadm:IND.19.37_1"", ""gadm:IND.19.38_1"", ""gadm:IND.19.39_1"", ""gadm:IND.19.40_1"", ""gadm:IND.19.42_1"", ""gadm:IND.19.47_1"", ""gadm:IND.19.50_1"", ""gadm:IND.19.9_1"", ""location:(?<![A-Za-z])Madhya\\ Pradesh(?![A-Za-z])""]",district,,,,,,,6725.4630131948015,NONE,missing,matched,17728.0,no_s1,fs1-3016a20fd3ad,unavailable,,5140.1169,,,NONE,25.0,partial,llm_qa_observed_lower_bound,complete,999,1062,0,27,1035,True,local_state_plus_targeted_bigquery,14,1035,0.314162806621823,1241350.0,389986.0,851364.0,2011,census_2011_official;file=census_2011_district_urban_rural.xlsx;sha256=acb01ddb965be41cf22a20f0e641fdbcc1f4a16e6b7bc9cf91478ce289f853e8;catalog=https://censusindia.gov.in/nada/index.php/catalog/42557,matched,449,resolved,satellite_missing_or_invalid,False
E034::jabalpur,E034,2016-0276-IND,Madhya Pradesh,Jabalpur,2016-07-09,2016-08-22,start:day|end:day,admin_units|gadm,"[""admin_units:Jabalpur"", ""gadm:IND.19.24_1""]",gadm|location,"[""gadm:IND.19.13_1"", ""gadm:IND.19.1_1"", ""gadm:IND.19.21_1"", ""gadm:IND.19.22_1"", ""gadm:IND.19.24_1"", ""gadm:IND.19.27_1"", ""gadm:IND.19.32_1"", ""gadm:IND.19.33_1"", ""gadm:IND.19.36_1"", ""gadm:IND.19.37_1"", ""gadm:IND.19.38_1"", ""gadm:IND.19.39_1"", ""gadm:IND.19.40_1"", ""gadm:IND.19.42_1"", ""gadm:IND.19.47_1"", ""gadm:IND.19.50_1"", ""gadm:IND.19.9_1"", ""location:(?<![A-Za-z])Madhya\\ Pradesh(?![A-Za-z])""]",district,,,,,,,4021.328036682537,NONE,missing,matched,17730.0,no_s1,fs1-3016a20fd3ad,unavailable,,2920.5116,,,NONE,20.0,partial,llm_qa_observed_lower_bound,complete,999,1033,0,22,1011,True,local_state_plus_targeted_bigquery,14,1011,0.5845980719274109,2463289.0,1440034.0,1023255.0,2011,census_2011_official;file=census_2011_district_urban_rural.xlsx;sha256=acb01ddb965be41cf22a20f0e641fdbcc1f4a16e6b7bc9cf91478ce289f853e8;catalog=https://censusindia.gov.in/nada/index.php/catalog/42557,matched,451,resolved,satellite_missing_or_invalid,False
E034::mandla,E034,2016-0276-IND,Madhya Pradesh,Mandla,2016-07-09,2016-08-22,start:day|end:day,admin_units|gadm,"[""admin_units:Mandla"", ""gadm:IND.19.27_1""]",gadm|location,"[""gadm:IND.19.13_1"", ""gadm:IND.19.1_1"", ""gadm:IND.19.21_1"", ""gadm:IND.19.22_1"", ""gadm:IND.19.24_1"", ""gadm:IND.19.27_1"", ""gadm:IND.19.32_1"", ""gadm:IND.19.33_1"", ""gadm:IND.19.36_1"", ""gadm:IND.19.37_1"", ""gadm:IND.19.38_1"", ""gadm:IND.19.39_1"", ""gadm:IND.19.40_1"", ""gadm:IND.19.42_1"", ""gadm:IND.19.47_1"", ""gadm:IND.19.50_1"", ""gadm:IND.19.9_1"", ""location:(?<![A-Za-z])Madhya\\ Pradesh(?![A-Za-z])""]",district,,,,,,,6789.128068652252,NONE,missing,matched,17732.0,no_s1,fs1-3016a20fd3ad,unavailable,,3999.0185,,,NONE,19.0,partial,llm_qa_observed_lower_bound,complete,999,1023,0,20,1003,True,local_state_plus_targeted_bigquery,14,1003,0.1234130087543428,1054905.0,130189.0,924716.0,2011,census_2011_official;file=census_2011_district_urban_rural.xlsx;sha256=acb01ddb965be41cf22a20f0e641fdbcc1f4a16e6b7bc9cf91478ce289f853e8;catalog=https://censusindia.gov.in/nada/index.php/catalog/42557,matched,454,resolved,satellite_missing_or_invalid,False
E034::panna,E034,2016-0276-IND,Madhya Pradesh,Panna,2016-07-09,2016-08-22,start:day|end:day,admin_units|gadm,"[""admin_units:Panna"", ""gadm:IND.19.32_1""]",gadm|location,"[""gadm:IND.19.13_1"", ""gadm:IND.19.1_1"", ""gadm:IND.19.21_1"", ""gadm:IND.19.22_1"", ""gadm:IND.19.24_1"", ""gadm:IND.19.27_1"", ""gadm:IND.19.32_1"", ""gadm:IND.19.33_1"", ""gadm:IND.19.36_1"", ""gadm:IND.19.37_1"", ""gadm:IND.19.38_1"", ""gadm:IND.19.39_1"", ""gadm:IND.19.40_1"", ""gadm:IND.19.42_1"", ""gadm:IND.19.47_1"", ""gadm:IND.19.50_1"", ""gadm:IND.19.9_1"", ""location:(?<![A-Za-z])Madhya\\ Pradesh(?![A-Za-z])""]",district,,,,,,,7129.189669540547,NONE,missing,matched,17736.0,no_s1,fs1-3016a20fd3ad,unavailable,,4708.9101,,,NONE,21.0,partial,llm_qa_observed_lower_bound,complete,999,1025,0,22,1003,True,local_state_plus_targeted_bigquery,14,1003,0.1232981151379215,1016520.0,125335.0,891185.0,2011,census_2011_official;file=census_2011_district_urban_rural.xlsx;sha256=acb01ddb965be41cf22a20f0e641fdbcc1f4a16e6b7bc9cf91478ce289f853e8;catalog=https://censusindia.gov.in/nada/index.php/catalog/42557,matched,426,resolved,satellite_missing_or_invalid,False
E034::raisen,E034,2016-0276-IND,Madhya Pradesh,Raisen,2016-07-09,2016-08-22,start:day|end:day,admin_units|gadm,"[""admin_units:Raisen"", ""gadm:IND.19.33_1""]",gadm|location,"[""gadm:IND.19.13_1"", ""gadm:IND.19.1_1"", ""gadm:IND.19.21_1"", ""gadm:IND.19.22_1"", ""gadm:IND.19.24_1"", ""gadm:IND.19.27_1"", ""gadm:IND.19.32_1"", ""gadm:IND.19.33_1"", ""gadm:IND.19.36_1"", ""gadm:IND.19.37_1"", ""gadm:IND.19.38_1"", ""gadm:IND.19.39_1"", ""gadm:IND.19.40_1"", ""gadm:IND.19.42_1"", ""gadm:IND.19.47_1"", ""gadm:IND.19.50_1"", ""gadm:IND.19.9_1"", ""location:(?<![A-Za-z])Madhya\\ Pradesh(?![A-Za-z])""]",district,,,,,,,8515.574877211904,NONE,missing,matched,17739.0,no_s1,fs1-3016a20fd3ad,unavailable,,6810.1448,,,NONE,30.0,partial,llm_qa_observed_lower_bound,complete,999,1050,0,34,1016,True,local_state_plus_targeted_bigquery,14,1016,0.2278654878315286,1331597.0,303425.0,1028172.0,2011,census_2011_official;file=census_2011_district_urban_rural.xlsx;sha256=acb01ddb965be41cf22a20f0e641fdbcc1f4a16e6b7bc9cf91478ce289f853e8;catalog=https://censusindia.gov.in/nada/index.php/catalog/42557,matched,446,resolved,satellite_missing_or_invalid,False
E034::rewa,E034,2016-0276-IND,Madhya Pradesh,Rewa,2016-07-09,2016-08-22,start:day|end:day,admin_units|gadm,"[""admin_units:Rewa"", ""gadm:IND.19.36_1""]",gadm|location,"[""gadm:IND.19.13_1"", ""gadm:IND.19.1_1"", ""gadm:IND.19.21_1"", ""gadm:IND.19.22_1"", ""gadm:IND.19.24_1"", ""gadm:IND.19.27_1"", ""gadm:IND.19.32_1"", ""gadm:IND.19.33_1"", ""gadm:IND.19.36_1"", ""gadm:IND.19.37_1"", ""gadm:IND.19.38_1"", ""gadm:IND.19.39_1"", ""gadm:IND.19.40_1"", ""gadm:IND.19.42_1"", ""gadm:IND.19.47_1"", ""gadm:IND.19.50_1"", ""gadm:IND.19.9_1"", ""location:(?<![A-Za-z])Madhya\\ Pradesh(?![A-Za-z])""]",district,,,,,,,6327.703909411602,NONE,missing,matched,17743.0,no_s1,fs1-3016a20fd3ad,unavailable,,5574.5199,,,NONE,35.0,partial,llm_qa_observed_lower_bound,complete,999,1043,0,38,1005,True,local_state_plus_targeted_bigquery,14,1005,0.1673434509912029,2365106.0,395785.0,1969321.0,2011,census_2011_official;file=census_2011_district_urban_rural.xlsx;sha256=acb01ddb965be41cf22a20f0e641fdbcc1f4a16e6b7bc9cf91478ce289f853e8;catalog=https://censusindia.gov.in/nada/index.php/catalog/42557,matched,430,resolved,satellite_missing_or_invalid,False
E034::sagar,E034,2016-0276-IND,Madhya Pradesh,Sagar,2016-07-09,2016-08-22,start:day|end:day,admin_units|gadm,"[""admin_units:Sagar"", ""gadm:IND.19.37_1""]",gadm|location,"[""gadm:IND.19.13_1"", ""gadm:IND.19.1_1"", ""gadm:IND.19.21_1"", ""gadm:IND.19.22_1"", ""gadm:IND.19.24_1"", ""gadm:IND.19.27_1"", ""gadm:IND.19.32_1"", ""gadm:IND.19.33_1"", ""gadm:IND.19.36_1"", ""gadm:IND.19.37_1"", ""gadm:IND.19.38_1"", ""gadm:IND.19.39_1"", ""gadm:IND.19.40_1"", ""gadm:IND.19.42_1"", ""gadm:IND.19.47_1"", ""gadm:IND.19.50_1"", ""gadm:IND.19.9_1"", ""location:(?<![A-Za-z])Madhya\\ Pradesh(?![A-Za-z])""]",district,,,,,,,10275.828536821178,NONE,missing,matched,17744.0,no_s1,fs1-3016a20fd3ad,unavailable,,8918.4273,,,NONE,16.0,partial,llm_qa_observed_lower_bound,complete,999,1040,0,21,1019,True,local_state_plus_targeted_bigquery,14,1019,0.2980065235543365,2378458.0,708796.0,1669662.0,2011,census_2011_official;file=census_2011_district_urban_rural.xlsx;sha256=acb01ddb965be41cf22a20f0e641fdbcc1f4a16e6b7bc9cf91478ce289f853e8;catalog=https://censusindia.gov.in/nada/index.php/catalog/42557,matched,427,resolved,satellite_missing_or_invalid,False
E034::satna,E034,2016-0276-IND,Madhya Pradesh,Satna,2016-07-09,2016-08-22,start:day|end:day,admin_units|gadm,"[""admin_units:Satna"", ""gadm:IND.19.38_1""]",gadm|location,"[""gadm:IND.19.13_1"", ""gadm:IND.19.1_1"", ""gadm:IND.19.21_1"", ""gadm:IND.19.22_1"", ""gadm:IND.19.24_1"", ""gadm:IND.19.27_1"", ""gadm:IND.19.32_1"", ""gadm:IND.19.33_1"", ""gadm:IND.19.36_1"", ""gadm:IND.19.37_1"", ""gadm:IND.19.38_1"", ""gadm:IND.19.39_1"", ""gadm:IND.19.40_1"", ""gadm:IND.19.42_1"", ""gadm:IND.19.47_1"", ""gadm:IND.19.50_1"", ""gadm:IND.19.9_1"", ""location:(?<![A-Za-z])Madhya\\ Pradesh(?![A-Za-z])""]",district,,,,,,,7518.918005922663,NONE,missing,matched,17745.0,no_s1,fs1-3016a20fd3ad,unavailable,,5591.4809,,,NONE,30.0,partial,llm_qa_observed_lower_bound,complete,999,1039,0,30,1009,True,local_state_plus_targeted_bigquery,14,1009,0.2128451480191212,2228935.0,474418.0,1754517.0,2011,census_2011_official;file=census_2011_district_urban_rural.xlsx;sha256=acb01ddb965be41cf22a20f0e641fdbcc1f4a16e6b7bc9cf91478ce289f853e8;catalog=https://censusindia.gov.in/nada/index.php/catalog/42557,matched,429,resolved,satellite_missing_or_invalid,False
E034::sehore,E034,2016-0276-IND,Madhya Pradesh,Sehore,2016-07-09,2016-08-22,start:day|end:day,admin_units|gadm,"[""admin_units:Sehore"", ""gadm:IND.19.39_1""]",gadm|location,"[""gadm:IND.19.13_1"", ""gadm:IND.19.1_1"", ""gadm:IND.19.21_1"", ""gadm:IND.19.22_1"", ""gadm:IND.19.24_1"", ""gadm:IND.19.27_1"", ""gadm:IND.19.32_1"", ""gadm:IND.19.33_1"", ""gadm:IND.19.36_1"", ""gadm:IND.19.37_1"", ""gadm:IND.19.38_1"", ""gadm:IND.19.39_1"", ""gadm:IND.19.40_1"", ""gadm:IND.19.42_1"", ""gadm:IND.19.47_1"", ""gadm:IND.19.50_1"", ""gadm:IND.19.9_1"", ""location:(?<![A-Za-z])Madhya\\ Pradesh(?![A-Za-z])""]",district,,,,,,,6579.04852795314,NONE,missing,matched,17746.0,no_s1,fs1-3016a20fd3ad,unavailable,,5534.8231,,,NONE,16.0,partial,llm_qa_observed_lower_bound,complete,999,1027,0,17,1010,True,local_state_plus_targeted_bigquery,14,1010,0.1894729938718798,1311332.0,248462.0,1062870.0,2011,census_2011_official;file=census_2011_district_urban_rural.xlsx;sha256=acb01ddb965be41cf22a20f0e641fdbcc1f4a16e6b7bc9cf91478ce289f853e8;catalog=https://censusindia.gov.in/nada/index.php/catalog/42557,matched,445,resolved,satellite_missing_or_invalid,False
E034::seoni,E034,2016-0276-IND,Madhya Pradesh,Seoni,2016-07-09,2016-08-22,start:day|end:day,admin_units|gadm,"[""admin_units:Seoni"", ""gadm:IND.19.40_1""]",gadm|location,"[""gadm:IND.19.13_1"", ""gadm:IND.19.1_1"", ""gadm:IND.19.21_1"", ""gadm:IND.19.22_1"", ""gadm:IND.19.24_1"", ""gadm:IND.19.27_1"", ""gadm:IND.19.32_1"", ""gadm:IND.19.33_1"", ""gadm:IND.19.36_1"", ""gadm:IND.19.37_1"", ""gadm:IND.19.38_1"", ""gadm:IND.19.39_1"", ""gadm:IND.19.40_1"", ""gadm:IND.19.42_1"", ""gadm:IND.19.47_1"", ""gadm:IND.19.50_1"", ""gadm:IND.19.9_1"", ""location:(?<![A-Za-z])Madhya\\ Pradesh(?![A-Za-z])""]",district,,,,,,,8779.066238181113,NONE,missing,matched,17747.0,no_s1,fs1-3016a20fd3ad,unavailable,,6554.5933,,,NONE,8.0,partial,llm_qa_observed_lower_bound,complete,999,1019,0,10,1009,True,local_state_plus_targeted_bigquery,14,1009,0.1188357016121021,1379131.0,163890.0,1215241.0,2011,census_2011_official;file=census_2011_district_urban_rural.xlsx;sha256=acb01ddb965be41cf22a20f0e641fdbcc1f4a16e6b7bc9cf91478ce289f853e8;catalog=https://censusindia.gov.in/nada/index.php/catalog/42557,matched,456,resolved,satellite_missing_or_invalid,False
E034::shajapur,E034,2016-0276-IND,Madhya Pradesh,Shajapur,2016-07-09,2016-08-22,start:day|end:day,admin_units|gadm,"[""admin_units:Shajapur"", ""gadm:IND.19.42_1""]",gadm|location,"[""gadm:IND.19.13_1"", ""gadm:IND.19.1_1"", ""gadm:IND.19.21_1"", ""gadm:IND.19.22_1"", ""gadm:IND.19.24_1"", ""gadm:IND.19.27_1"", ""gadm:IND.19.32_1"", ""gadm:IND.19.33_1"", ""gadm:IND.19.36_1"", ""gadm:IND.19.37_1"", ""gadm:IND.19.38_1"", ""gadm:IND.19.39_1"", ""gadm:IND.19.40_1"", ""gadm:IND.19.42_1"", ""gadm:IND.19.47_1"", ""gadm:IND.19.50_1"", ""gadm:IND.19.9_1"", ""location:(?<![A-Za-z])Madhya\\ Pradesh(?![A-Za-z])""]",district,,,,,,,6306.521423633077,NONE,missing,matched,17749.0,no_s1,fs1-3016a20fd3ad,unavailable,,5878.0228,,,NONE,4.0,partial,llm_qa_observed_lower_bound,complete,999,1016,0,5,1011,True,local_state_plus_targeted_bigquery,14,1011,0.1940580994935482,1512681.0,293548.0,1219133.0,2011,census_2011_official;file=census_2011_district_urban_rural.xlsx;sha256=acb01ddb965be41cf22a20f0e641fdbcc1f4a16e6b7bc9cf91478ce289f853e8;catalog=https://censusindia.gov.in/nada/index.php/catalog/42557,matched,436,resolved,satellite_missing_or_invalid,False
E034::tikamgarh,E034,2016-0276-IND,Madhya Pradesh,Tikamgarh,2016-07-09,2016-08-22,start:day|end:day,admin_units|gadm,"[""admin_units:Tikamgarh"", ""gadm:IND.19.47_1""]",gadm|location,"[""gadm:IND.19.13_1"", ""gadm:IND.19.1_1"", ""gadm:IND.19.21_1"", ""gadm:IND.19.22_1"", ""gadm:IND.19.24_1"", ""gadm:IND.19.27_1"", ""gadm:IND.19.32_1"", ""gadm:IND.19.33_1"", ""gadm:IND.19.36_1"", ""gadm:IND.19.37_1"", ""gadm:IND.19.38_1"", ""gadm:IND.19.39_1"", ""gadm:IND.19.40_1"", ""gadm:IND.19.42_1"", ""gadm:IND.19.47_1"", ""gadm:IND.19.50_1"", ""gadm:IND.19.9_1"", ""location:(?<![A-Za-z])Madhya\\ Pradesh(?![A-Za-z])""]",district,,,,,,,5076.989379004398,NONE,missing,matched,17753.0,no_s1,fs1-3016a20fd3ad,unavailable,,4044.8557,,,NONE,16.0,partial,llm_qa_observed_lower_bound,complete,999,1028,0,18,1010,True,local_state_plus_targeted_bigquery,14,1010,0.1729026284869696,1445166.0,249873.0,1195293.0,2011,census_2011_official;file=census_2011_district_urban_rural.xlsx;sha256=acb01ddb965be41cf22a20f0e641fdbcc1f4a16e6b7bc9cf91478ce289f853e8;catalog=https://censusindia.gov.in/nada/index.php/catalog/42557,matched,424,resolved,satellite_missing_or_invalid,False
E034::vidisha,E034,2016-0276-IND,Madhya Pradesh,Vidisha,2016-07-09,2016-08-22,start:day|end:day,admin_units|gadm,"[""admin_units:Vidisha"", ""gadm:IND.19.50_1""]",gadm|location,"[""gadm:IND.19.13_1"", ""gadm:IND.19.1_1"", ""gadm:IND.19.21_1"", ""gadm:IND.19.22_1"", ""gadm:IND.19.24_1"", ""gadm:IND.19.27_1"", ""gadm:IND.19.32_1"", ""gadm:IND.19.33_1"", ""gadm:IND.19.36_1"", ""gadm:IND.19.37_1"", ""gadm:IND.19.38_1"", ""gadm:IND.19.39_1"", ""gadm:IND.19.40_1"", ""gadm:IND.19.42_1"", ""gadm:IND.19.47_1"", ""gadm:IND.19.50_1"", ""gadm:IND.19.9_1"", ""location:(?<![A-Za-z])Madhya\\ Pradesh(?![A-Za-z])""]",district,,,,,,,7319.58909257645,NONE,missing,matched,17755.0,no_s1,fs1-3016a20fd3ad,unavailable,,6736.6328,,,NONE,30.0,partial,llm_qa_observed_lower_bound,complete,999,1044,0,32,1012,True,local_state_plus_targeted_bigquery,14,1012,0.2327944477765401,1458875.0,339618.0,1119257.0,2011,census_2011_official;file=census_2011_district_urban_rural.xlsx;sha256=acb01ddb965be41cf22a20f0e641fdbcc1f4a16e6b7bc9cf91478ce289f853e8;catalog=https://censusindia.gov.in/nada/index.php/catalog/42557,matched,443,resolved,satellite_missing_or_invalid,False
E035::araria,E035,2016-0271-IND,Bihar,Araria,2016-07-15,2016-09-12,start:day|end:day,external_recovery,"[""{\""canonical_district\"": \""Araria\"", \""circularity_risk\"": \""none\"", \""event_id\"": \""E035\"", \""evidence_note\"": \""IRCS flood response report lists affected Bihar districts for the 2016 flood episode.\"", \""evidence_scope\"": \""same_episode\"", \""evidence_type\"": \""same_episode_evidence\"", \""mapping_row\"": 94, \""merge_rule\"": \""dedupe on event_id + canonical(state,district); preserve original source name\"", \""origin\"": \""prior_research_pass\"", \""source_class\"": \""national_red_cross\"", \""source_title\"": \""Indian Red Cross Society Annual Report 2016-17\"", \""source_url\"": \""https://ircsstoragedev.blob.core.windows.net/wordpresswebsite/2025/05/Annual-Report-2016-17_FILE-2-1_compressed.pdf\"", \""source_verification\"": \""supplied_not_independently_verified\"", \""state\"": \""Bihar\"", \""year\"": \""2016\""}""]",admin_units|gadm,"[""admin_units:70073"", ""gadm:IND.5_1""]",district,national_red_cross,same_episode_evidence,none,https://ircsstoragedev.blob.core.windows.net/wordpresswebsite/2025/05/Annual-Report-2016-17_FILE-2-1_compressed.pdf,,,2825.348194194397,NONE,missing,matched,70094.0,no_s1,fs1-3016a20fd3ad,unavailable,,2783.8584,,,NONE,15.0,partial,llm_qa_observed_lower_bound,complete,891,907,0,15,892,True,local_state_plus_targeted_bigquery,14,892,0.0600294710889186,2811569.0,168777.0,2642792.0,2011,census_2011_official;file=census_2011_district_urban_rural.xlsx;sha256=acb01ddb965be41cf22a20f0e641fdbcc1f4a16e6b7bc9cf91478ce289f853e8;catalog=https://censusindia.gov.in/nada/index.php/catalog/42557,matched,209,resolved,satellite_missing_or_invalid,False
E035::bhagalpur,E035,2016-0271-IND,Bihar,Bhagalpur,2016-07-15,2016-09-12,start:day|end:day,external_recovery,"[""{\""canonical_district\"": \""Bhagalpur\"", \""circularity_risk\"": \""none\"", \""event_id\"": \""E035\"", \""evidence_note\"": \""IRCS flood response report lists affected Bihar districts for the 2016 flood episode.\"", \""evidence_scope\"": \""same_episode\"", \""evidence_type\"": \""same_episode_evidence\"", \""mapping_row\"": 95, \""merge_rule\"": \""dedupe on event_id + canonical(state,district); preserve original source name\"", \""origin\"": \""prior_research_pass\"", \""source_class\"": \""national_red_cross\"", \""source_title\"": \""Indian Red Cross Society Annual Report 2016-17\"", \""source_url\"": \""https://ircsstoragedev.blob.core.windows.net/wordpresswebsite/2025/05/Annual-Report-2016-17_FILE-2-1_compressed.pdf\"", \""source_verification\"": \""supplied_not_independently_verified\"", \""state\"": \""Bihar\"", \""year\"": \""2016\""}""]",admin_units|gadm,"[""admin_units:70073"", ""gadm:IND.5_1""]",district,national_red_cross,same_episode_evidence,none,https://ircsstoragedev.blob.core.windows.net/wordpresswebsite/2025/05/Annual-Report-2016-17_FILE-2-1_compressed.pdf,,,2565.58862494004,NONE,missing,matched,17596.0,no_s1,fs1-3016a20fd3ad,unavailable,,2411.2606,,,NONE,9.0,partial,llm_qa_observed_lower_bound,complete,891,901,0,9,892,True,local_state_plus_targeted_bigquery,14,892,0.1983470747911458,3037766.0,602532.0,2435234.0,2011,census_2011_official;file=census_2011_district_urban_rural.xlsx;sha256=acb01ddb965be41cf22a20f0e641fdbcc1f4a16e6b7bc9cf91478ce289f853e8;catalog=https://censusindia.gov.in/nada/index.php/catalog/42557,matched,224,resolved,satellite_missing_or_invalid,False
E035::darbhanga,E035,2016-0271-IND,Bihar,Darbhanga,2016-07-15,2016-09-12,start:day|end:day,external_recovery,"[""{\""canonical_district\"": \""Darbhanga\"", \""circularity_risk\"": \""none\"", \""event_id\"": \""E035\"", \""evidence_note\"": \""IRCS flood response report lists affected Bihar districts for the 2016 flood episode.\"", \""evidence_scope\"": \""same_episode\"", \""evidence_type\"": \""same_episode_evidence\"", \""mapping_row\"": 96, \""merge_rule\"": \""dedupe on event_id + canonical(state,district); preserve original source name\"", \""origin\"": \""prior_research_pass\"", \""source_class\"": \""national_red_cross\"", \""source_title\"": \""Indian Red Cross Society Annual Report 2016-17\"", \""source_url\"": \""https://ircsstoragedev.blob.core.windows.net/wordpresswebsite/2025/05/Annual-Report-2016-17_FILE-2-1_compressed.pdf\"", \""source_verification\"": \""supplied_not_independently_verified\"", \""state\"": \""Bihar\"", \""year\"": \""2016\""}""]",admin_units|gadm,"[""admin_units:70073"", ""gadm:IND.5_1""]",district,national_red_cross,same_episode_evidence,none,https://ircsstoragedev.blob.core.windows.net/wordpresswebsite/2025/05/Annual-Report-2016-17_FILE-2-1_compressed.pdf,,,2293.727225126986,NONE,missing,matched,17598.0,no_s1,fs1-3016a20fd3ad,unavailable,,2116.2992,,,NONE,7.0,partial,llm_qa_observed_lower_bound,complete,891,899,0,7,892,True,local_state_plus_targeted_bigquery,14,892,0.0973559862700751,3937385.0,383328.0,3554057.0,2011,census_2011_official;file=census_2011_district_urban_rural.xlsx;sha256=acb01ddb965be41cf22a20f0e641fdbcc1f4a16e6b7bc9cf91478ce289f853e8;catalog=https://censusindia.gov.in/nada/index.php/catalog/42557,matched,215,resolved,satellite_missing_or_invalid,False
E035::katihar,E035,2016-0271-IND,Bihar,Katihar,2016-07-15,2016-09-12,start:day|end:day,external_recovery,"[""{\""canonical_district\"": \""Katihar\"", \""circularity_risk\"": \""none\"", \""event_id\"": \""E035\"", \""evidence_note\"": \""IRCS flood response report lists affected Bihar districts for the 2016 flood episode.\"", \""evidence_scope\"": \""same_episode\"", \""evidence_type\"": \""same_episode_evidence\"", \""mapping_row\"": 98, \""merge_rule\"": \""dedupe on event_id + canonical(state,district); preserve original source name\"", \""origin\"": \""prior_research_pass\"", \""source_class\"": \""national_red_cross\"", \""source_title\"": \""Indian Red Cross Society Annual Report 2016-17\"", \""source_url\"": \""https://ircsstoragedev.blob.core.windows.net/wordpresswebsite/2025/05/Annual-Report-2016-17_FILE-2-1_compressed.pdf\"", \""source_verification\"": \""supplied_not_independently_verified\"", \""state\"": \""Bihar\"", \""year\"": \""2016\""}""]",admin_units|gadm,"[""admin_units:70073"", ""gadm:IND.5_1""]",district,national_red_cross,same_episode_evidence,none,https://ircsstoragedev.blob.core.windows.net/wordpresswebsite/2025/05/Annual-Report-2016-17_FILE-2-1_compressed.pdf,,,3068.3721590224136,NONE,missing,matched,17608.0,no_s1,fs1-3016a20fd3ad,unavailable,,2843.7093,,,NONE,14.0,partial,llm_qa_observed_lower_bound,complete,891,905,0,14,891,True,local_state_plus_targeted_bigquery,14,891,0.0891629483147179,3071029.0,273822.0,2797207.0,2011,census_2011_official;file=census_2011_district_urban_rural.xlsx;sha256=acb01ddb965be41cf22a20f0e641fdbcc1f4a16e6b7bc9cf91478ce289f853e8;catalog=https://censusindia.gov.in/nada/index.php/catalog/42557,matched,212,resolved,satellite_missing_or_invalid,False
E035::khagaria,E035,2016-0271-IND,Bihar,Khagaria,2016-07-15,2016-09-12,start:day|end:day,external_recovery,"[""{\""canonical_district\"": \""Khagaria\"", \""circularity_risk\"": \""none\"", \""event_id\"": \""E035\"", \""evidence_note\"": \""IRCS flood response report lists affected Bihar districts for the 2016 flood episode.\"", \""evidence_scope\"": \""same_episode\"", \""evidence_type\"": \""same_episode_evidence\"", \""mapping_row\"": 99, \""merge_rule\"": \""dedupe on event_id + canonical(state,district); preserve original source name\"", \""origin\"": \""prior_research_pass\"", \""source_class\"": \""national_red_cross\"", \""source_title\"": \""Indian Red Cross Society Annual Report 2016-17\"", \""source_url\"": \""https://ircsstoragedev.blob.core.windows.net/wordpresswebsite/2025/05/Annual-Report-2016-17_FILE-2-1_compressed.pdf\"", \""source_verification\"": \""supplied_not_independently_verified\"", \""state\"": \""Bihar\"", \""year\"": \""2016\""}""]",admin_units|gadm,"[""admin_units:70073"", ""gadm:IND.5_1""]",district,national_red_cross,same_episode_evidence,none,https://ircsstoragedev.blob.core.windows.net/wordpresswebsite/2025/05/Annual-Report-2016-17_FILE-2-1_compressed.pdf,,,1494.410012910706,NONE,missing,matched,17609.0,no_s1,fs1-3016a20fd3ad,unavailable,,1407.6251,,,NONE,5.0,partial,llm_qa_observed_lower_bound,complete,891,898,0,5,893,True,local_state_plus_targeted_bigquery,14,893,0.0522885188309218,1666886.0,87159.0,1579727.0,2011,census_2011_official;file=census_2011_district_urban_rural.xlsx;sha256=acb01ddb965be41cf22a20f0e641fdbcc1f4a16e6b7bc9cf91478ce289f853e8;catalog=https://censusindia.gov.in/nada/index.php/catalog/42557,matched,223,resolved,satellite_missing_or_invalid,False
E035::kishanganj,E035,2016-0271-IND,Bihar,Kishanganj,2016-07-15,2016-09-12,start:day|end:day,external_recovery,"[""{\""canonical_district\"": \""Kishanganj\"", \""circularity_risk\"": \""none\"", \""event_id\"": \""E035\"", \""evidence_note\"": \""IRCS flood response report lists affected Bihar districts for the 2016 flood episode.\"", \""evidence_scope\"": \""same_episode\"", \""evidence_type\"": \""same_episode_evidence\"", \""mapping_row\"": 100, \""merge_rule\"": \""dedupe on event_id + canonical(state,district); preserve original source name\"", \""origin\"": \""prior_research_pass\"", \""source_class\"": \""national_red_cross\"", \""source_title\"": \""Indian Red Cross Society Annual Report 2016-17\"", \""source_url\"": \""https://ircsstoragedev.blob.core.windows.net/wordpresswebsite/2025/05/Annual-Report-2016-17_FILE-2-1_compressed.pdf\"", \""source_verification\"": \""supplied_not_independently_verified\"", \""state\"": \""Bihar\"", \""year\"": \""2016\""}""]",admin_units|gadm,"[""admin_units:70073"", ""gadm:IND.5_1""]",district,national_red_cross,same_episode_evidence,none,https://ircsstoragedev.blob.core.windows.net/wordpresswebsite/2025/05/Annual-Report-2016-17_FILE-2-1_compressed.pdf,,,1932.7539351616576,NONE,missing,matched,70100.0,no_s1,fs1-3016a20fd3ad,unavailable,,1852.9673,,,NONE,9.0,partial,llm_qa_observed_lower_bound,complete,891,902,0,9,893,True,local_state_plus_targeted_bigquery,14,893,0.0953164931377188,1690400.0,161123.0,1529277.0,2011,census_2011_official;file=census_2011_district_urban_rural.xlsx;sha256=acb01ddb965be41cf22a20f0e641fdbcc1f4a16e6b7bc9cf91478ce289f853e8;catalog=https://censusindia.gov.in/nada/index.php/catalog/42557,matched,210,resolved,satellite_missing_or_invalid,False
E035::madhepura,E035,2016-0271-IND,Bihar,Madhepura,2016-07-15,2016-09-12,start:day|end:day,external_recovery,"[""{\""canonical_district\"": \""Madhepura\"", \""circularity_risk\"": \""none\"", \""event_id\"": \""E035\"", \""evidence_note\"": \""IRCS flood response report lists affected Bihar districts for the 2016 flood episode.\"", \""evidence_scope\"": \""same_episode\"", \""evidence_type\"": \""same_episode_evidence\"", \""mapping_row\"": 101, \""merge_rule\"": \""dedupe on event_id + canonical(state,district); preserve original source name\"", \""origin\"": \""prior_research_pass\"", \""source_class\"": \""national_red_cross\"", \""source_title\"": \""Indian Red Cross Society Annual Report 2016-17\"", \""source_url\"": \""https://ircsstoragedev.blob.core.windows.net/wordpresswebsite/2025/05/Annual-Report-2016-17_FILE-2-1_compressed.pdf\"", \""source_verification\"": \""supplied_not_independently_verified\"", \""state\"": \""Bihar\"", \""year\"": \""2016\""}""]",admin_units|gadm,"[""admin_units:70073"", ""gadm:IND.5_1""]",district,national_red_cross,same_episode_evidence,none,https://ircsstoragedev.blob.core.windows.net/wordpresswebsite/2025/05/Annual-Report-2016-17_FILE-2-1_compressed.pdf,,,1841.8576584602,NONE,missing,matched,17612.0,no_s1,fs1-3016a20fd3ad,unavailable,,1815.6229,,,NONE,6.0,partial,llm_qa_observed_lower_bound,complete,891,897,0,6,891,True,local_state_plus_targeted_bigquery,14,891,0.044191567229271,2001762.0,88461.0,1913301.0,2011,census_2011_official;file=census_2011_district_urban_rural.xlsx;sha256=acb01ddb965be41cf22a20f0e641fdbcc1f4a16e6b7bc9cf91478ce289f853e8;catalog=https://censusindia.gov.in/nada/index.php/catalog/42557,matched,213,resolved,satellite_missing_or_invalid,False
E035::purnea,E035,2016-0271-IND,Bihar,Purnea,2016-07-15,2016-09-12,start:day|end:day,external_recovery,"[""{\""canonical_district\"": \""Purnea\"", \""circularity_risk\"": \""none\"", \""event_id\"": \""E035\"", \""evidence_note\"": \""IRCS flood response report lists affected Bihar districts for the 2016 flood episode.\"", \""evidence_scope\"": \""same_episode\"", \""evidence_type\"": \""same_episode_evidence\"", \""mapping_row\"": 103, \""merge_rule\"": \""dedupe on event_id + canonical(state,district); preserve original source name\"", \""origin\"": \""prior_research_pass\"", \""source_class\"": \""national_red_cross\"", \""source_title\"": \""Indian Red Cross Society Annual Report 2016-17\"", \""source_url\"": \""https://ircsstoragedev.blob.core.windows.net/wordpresswebsite/2025/05/Annual-Report-2016-17_FILE-2-1_compressed.pdf\"", \""source_verification\"": \""supplied_not_independently_verified\"", \""state\"": \""Bihar\"", \""year\"": \""2016\""}""]",admin_units|gadm,"[""admin_units:70073"", ""gadm:IND.5_1""]",district,national_red_cross,same_episode_evidence,none,https://ircsstoragedev.blob.core.windows.net/wordpresswebsite/2025/05/Annual-Report-2016-17_FILE-2-1_compressed.pdf,,,3170.4644351487336,NONE,missing,matched,76128533B32499449492865,no_s1,fs1-3016a20fd3ad,unavailable,,3133.9604,,,NONE,7.0,partial,llm_qa_observed_lower_bound,complete,891,899,0,7,892,True,local_state_plus_targeted_bigquery,14,892,0.1050673907123618,3264619.0,343005.0,2921614.0,2011,census_2011_official;file=census_2011_district_urban_rural.xlsx;sha256=acb01ddb965be41cf22a20f0e641fdbcc1f4a16e6b7bc9cf91478ce289f853e8;catalog=https://censusindia.gov.in/nada/index.php/catalog/42557;crosswalk=district_name_crosswalk.csv;sha256=c8dc691ab763e799cc1aafb29e9c17ab287710bd63447ad37281418d902c30e9,matched_crosswalk,211,resolved,satellite_missing_or_invalid,False
E035::saharsa,E035,2016-0271-IND,Bihar,Saharsa,2016-07-15,2016-09-12,start:day|end:day,external_recovery,"[""{\""canonical_district\"": \""Saharsa\"", \""circularity_risk\"": \""none\"", \""event_id\"": \""E035\"", \""evidence_note\"": \""IRCS flood response report lists affected Bihar districts for the 2016 flood episode.\"", \""evidence_scope\"": \""same_episode\"", \""evidence_type\"": \""same_episode_evidence\"", \""mapping_row\"": 104, \""merge_rule\"": \""dedupe on event_id + canonical(state,district); preserve original source name\"", \""origin\"": \""prior_research_pass\"", \""source_class\"": \""national_red_cross\"", \""source_title\"": \""Indian Red Cross Society Annual Report 2016-17\"", \""source_url\"": \""https://ircsstoragedev.blob.core.windows.net/wordpresswebsite/2025/05/Annual-Report-2016-17_FILE-2-1_compressed.pdf\"", \""source_verification\"": \""supplied_not_independently_verified\"", \""state\"": \""Bihar\"", \""year\"": \""2016\""}""]",admin_units|gadm,"[""admin_units:70073"", ""gadm:IND.5_1""]",district,national_red_cross,same_episode_evidence,none,https://ircsstoragedev.blob.core.windows.net/wordpresswebsite/2025/05/Annual-Report-2016-17_FILE-2-1_compressed.pdf,,,1692.2702412487936,NONE,missing,matched,17624.0,no_s1,fs1-3016a20fd3ad,unavailable,,1597.4024,,,NONE,2.0,partial,llm_qa_observed_lower_bound,complete,891,895,0,2,893,True,local_state_plus_targeted_bigquery,14,893,0.0823608207881363,1900661.0,156540.0,1744121.0,2011,census_2011_official;file=census_2011_district_urban_rural.xlsx;sha256=acb01ddb965be41cf22a20f0e641fdbcc1f4a16e6b7bc9cf91478ce289f853e8;catalog=https://censusindia.gov.in/nada/index.php/catalog/42557,matched,214,resolved,satellite_missing_or_invalid,False
E035::supaul,E035,2016-0271-IND,Bihar,Supaul,2016-07-15,2016-09-12,start:day|end:day,external_recovery,"[""{\""canonical_district\"": \""Supaul\"", \""circularity_risk\"": \""none\"", \""event_id\"": \""E035\"", \""evidence_note\"": \""IRCS flood response report lists affected Bihar districts for the 2016 flood episode.\"", \""evidence_scope\"": \""same_episode\"", \""evidence_type\"": \""same_episode_evidence\"", \""mapping_row\"": 105, \""merge_rule\"": \""dedupe on event_id + canonical(state,district); preserve original source name\"", \""origin\"": \""prior_research_pass\"", \""source_class\"": \""national_red_cross\"", \""source_title\"": \""Indian Red Cross Society Annual Report 2016-17\"", \""source_url\"": \""https://ircsstoragedev.blob.core.windows.net/wordpresswebsite/2025/05/Annual-Report-2016-17_FILE-2-1_compressed.pdf\"", \""source_verification\"": \""supplied_not_independently_verified\"", \""state\"": \""Bihar\"", \""year\"": \""2016\""}""]",admin_units|gadm,"[""admin_units:70073"", ""gadm:IND.5_1""]",district,national_red_cross,same_episode_evidence,none,https://ircsstoragedev.blob.core.windows.net/wordpresswebsite/2025/05/Annual-Report-2016-17_FILE-2-1_compressed.pdf,,,2399.2927702222696,NONE,missing,matched,70104.0,no_s1,fs1-3016a20fd3ad,unavailable,,2327.5369,,,NONE,21.0,partial,llm_qa_observed_lower_bound,complete,891,912,0,21,891,True,local_state_plus_targeted_bigquery,14,891,0.0473550475623083,2229076.0,105558.0,2123518.0,2011,census_2011_official;file=census_2011_district_urban_rural.xlsx;sha256=acb01ddb965be41cf22a20f0e641fdbcc1f4a16e6b7bc9cf91478ce289f853e8;catalog=https://censusindia.gov.in/nada/index.php/catalog/42557,matched,208,resolved,satellite_missing_or_invalid,False
E036::banda,E036,2016-0271-IND,Uttar Pradesh,Banda,2016-07-15,2016-09-12,start:day|end:day,external_recovery,"[""{\""canonical_district\"": \""Banda\"", \""circularity_risk\"": \""none\"", \""end_date\"": \""2016-09-12\"", \""event_id\"": \""E036\"", \""evidence_note\"": \""Affected/rescue geography reported during the same long UP flood episode.\"", \""evidence_scope\"": \""within_long_event_window\"", \""evidence_type\"": \""direct_disaster_impact\"", \""mapping_row\"": 108, \""merge_rule\"": \""dedupe on event_id + canonical(state,district); retain all source provenance\"", \""origin\"": \""exhaustive_followup\"", \""source_class\"": \""humanitarian\"", \""source_record_id\"": \""2016-0271-IND\"", \""source_title\"": \""2016 India flood situation compilation\"", \""source_url\"": \""https://eiacp.tropmet.res.in/admin/publications/uploads/pub-16.pdf\"", \""source_verification\"": \""supplied_not_independently_verified\"", \""start_date\"": \""2016-07-15\"", \""state\"": \""Uttar Pradesh\"", \""year\"": \""2016\""}""]",admin_units|gadm,"[""admin_units:70081"", ""gadm:IND.34_1""]",district,humanitarian,direct_disaster_impact,none,https://eiacp.tropmet.res.in/admin/publications/uploads/pub-16.pdf,,,4528.7470438726,NONE,missing,matched,17895.0,no_s1,fs1-3016a20fd3ad,unavailable,,4293.5305,,,NONE,1.0,partial,llm_qa_observed_lower_bound,complete,1783,1785,0,1,1784,True,local_state_plus_targeted_bigquery,14,1784,0.1532474533319254,1799410.0,275755.0,1523655.0,2011,census_2011_official;file=census_2011_district_urban_rural.xlsx;sha256=acb01ddb965be41cf22a20f0e641fdbcc1f4a16e6b7bc9cf91478ce289f853e8;catalog=https://censusindia.gov.in/nada/index.php/catalog/42557,matched,170,resolved,satellite_missing_or_invalid,False
E036::prayagraj,E036,2016-0271-IND,Uttar Pradesh,Prayagraj,2016-07-15,2016-09-12,start:day|end:day,external_recovery,"[""{\""canonical_district\"": \""Prayagraj\"", \""circularity_risk\"": \""none\"", \""end_date\"": \""2016-09-12\"", \""event_id\"": \""E036\"", \""evidence_note\"": \""NDRF/CWC/MHA response during the long July-September 2016 UP flood period identifies this district as flood-response or severe-flood geography.\"", \""evidence_scope\"": \""within_long_event_window\"", \""evidence_type\"": \""direct_disaster_impact\"", \""mapping_row\"": 117, \""merge_rule\"": \""dedupe on event_id + canonical(state,district); retain all source provenance\"", \""origin\"": \""exhaustive_followup\"", \""source_class\"": \""official_government\"", \""source_record_id\"": \""2016-0271-IND\"", \""source_title\"": \""MHA/NDRF flood rescue operations, Uttar Pradesh 2016\"", \""source_url\"": \""https://ndmindia.mha.gov.in/ndmi/viewUploadedDocument?uid=NEW832\"", \""source_verification\"": \""supplied_not_independently_verified\"", \""start_date\"": \""2016-07-15\"", \""state\"": \""Uttar Pradesh\"", \""year\"": \""2016\""}""]",admin_units|gadm,"[""admin_units:70081"", ""gadm:IND.34_1""]",district,official_government,direct_disaster_impact,none,https://ndmindia.mha.gov.in/ndmi/viewUploadedDocument?uid=NEW832,,,5474.710258122264,NONE,missing,matched,76128533B51368558457506,no_s1,fs1-3016a20fd3ad,unavailable,,5053.1415,,,NONE,,incomplete,llm_qa,complete,1783,1783,0,0,1783,False,local_state_plus_targeted_bigquery,14,1783,0.2473591337888291,5954391.0,1472873.0,4481518.0,2011,census_2011_recovery;method=census_name_link;url=https://prayagraj.nic.in/demography/;table=district demography;notes=Explicit district name equivalence; population retained from official 2011 PCA. Not an event-year population estimate.;population_source=census_2011_official;file=census_2011_district_urban_rural.xlsx;sha256=acb01ddb965be41cf22a20f0e641fdbcc1f4a16e6b7bc9cf91478ce289f853e8;catalog=https://censusindia.gov.in/nada/index.php/catalog/42557;file=district_census_recovery.json;sha256=d452a6f74338bb2f237f3d014518ab361f6b2d7436bac837b8a1cb97d050bac0,matched_crosswalk,175,resolved,satellite_missing_or_invalid;article_collection_incomplete;article_count_missing_or_invalid,False
E039::chhota%20udaipur,E039,2016-0304-IND,Gujarat,Chhota Udaipur,2016-08-01,2016-08-03,start:day|end:day,gadm,"[""gadm:IND.11.9_1""]",gadm|location,"[""gadm:IND.11.22_1"", ""gadm:IND.11.28_1"", ""gadm:IND.11.30_1"", ""gadm:IND.11.32_1"", ""gadm:IND.11.33_1"", ""gadm:IND.11.9_1"", ""location:(?<![A-Za-z])Gujarat(?![A-Za-z])""]",district,,,,,,,3474.27393700534,NONE,missing,matched,76128533B69417260894674,no_s1,fs1-3016a20fd3ad,unavailable,,2631.4253,,,NONE,,incomplete,llm_qa,complete,309,309,0,0,309,False,local_state_plus_targeted_bigquery,14,309,,,,,2011,census_2011_official,unmatched,,resolved,satellite_missing_or_invalid;article_collection_incomplete;article_count_missing_or_invalid;census_unmatched;census_invalid;census_population_inconsistent,False
E039::navsari,E039,2016-0304-IND,Gujarat,Navsari,2016-08-01,2016-08-03,start:day|end:day,gadm,"[""gadm:IND.11.22_1""]",gadm|location,"[""gadm:IND.11.22_1"", ""gadm:IND.11.28_1"", ""gadm:IND.11.30_1"", ""gadm:IND.11.32_1"", ""gadm:IND.11.33_1"", ""gadm:IND.11.9_1"", ""location:(?<![A-Za-z])Gujarat(?![A-Za-z])""]",district,,,,,,,2097.600482441035,NONE,missing,matched,70127.0,no_s1,fs1-3016a20fd3ad,unavailable,,1702.3987,,,NONE,18.0,partial,llm_qa_observed_lower_bound,complete,309,329,0,19,310,True,local_state_plus_targeted_bigquery,14,310,0.3076976878508384,1329672.0,409137.0,920535.0,2011,census_2011_official;file=census_2011_district_urban_rural.xlsx;sha256=acb01ddb965be41cf22a20f0e641fdbcc1f4a16e6b7bc9cf91478ce289f853e8;catalog=https://censusindia.gov.in/nada/index.php/catalog/42557,matched,490,resolved,satellite_missing_or_invalid,False
E039::surat,E039,2016-0304-IND,Gujarat,Surat,2016-08-01,2016-08-03,start:day|end:day,gadm,"[""gadm:IND.11.28_1""]",gadm|location,"[""gadm:IND.11.22_1"", ""gadm:IND.11.28_1"", ""gadm:IND.11.30_1"", ""gadm:IND.11.32_1"", ""gadm:IND.11.33_1"", ""gadm:IND.11.9_1"", ""location:(?<![A-Za-z])Gujarat(?![A-Za-z])""]",district,,,,,,,7486.82173633887,NONE,missing,matched,17649.0,no_s1,fs1-3016a20fd3ad,unavailable,,5860.6038,,,NONE,11.0,partial,llm_qa_observed_lower_bound,complete,309,336,0,20,316,True,local_state_plus_targeted_bigquery,14,316,0.7973945467778223,6081322.0,4849213.0,1232109.0,2011,census_2011_official;file=census_2011_district_urban_rural.xlsx;sha256=acb01ddb965be41cf22a20f0e641fdbcc1f4a16e6b7bc9cf91478ce289f853e8;catalog=https://censusindia.gov.in/nada/index.php/catalog/42557,matched,492,resolved,satellite_missing_or_invalid,False
E039::tapi,E039,2016-0304-IND,Gujarat,Tapi,2016-08-01,2016-08-03,start:day|end:day,gadm,"[""gadm:IND.11.30_1""]",gadm|location,"[""gadm:IND.11.22_1"", ""gadm:IND.11.28_1"", ""gadm:IND.11.30_1"", ""gadm:IND.11.32_1"", ""gadm:IND.11.33_1"", ""gadm:IND.11.9_1"", ""location:(?<![A-Za-z])Gujarat(?![A-Za-z])""]",district,,,,,,,3222.218121399561,NONE,missing,matched,76128533B12519626815499,no_s1,fs1-3016a20fd3ad,unavailable,,2093.7467,,,NONE,,incomplete,llm_qa,complete,309,309,0,0,309,False,local_state_plus_targeted_bigquery,14,309,0.098494217010193,807022.0,79487.0,727535.0,2011,census_2011_official;file=census_2011_district_urban_rural.xlsx;sha256=acb01ddb965be41cf22a20f0e641fdbcc1f4a16e6b7bc9cf91478ce289f853e8;catalog=https://censusindia.gov.in/nada/index.php/catalog/42557,matched,493,resolved,satellite_missing_or_invalid;article_collection_incomplete;article_count_missing_or_invalid,False
E039::vadodara,E039,2016-0304-IND,Gujarat,Vadodara,2016-08-01,2016-08-03,start:day|end:day,gadm,"[""gadm:IND.11.32_1""]",gadm|location,"[""gadm:IND.11.22_1"", ""gadm:IND.11.28_1"", ""gadm:IND.11.30_1"", ""gadm:IND.11.32_1"", ""gadm:IND.11.33_1"", ""gadm:IND.11.9_1"", ""location:(?<![A-Za-z])Gujarat(?![A-Za-z])""]",district,,,,,,,7758.226506800483,NONE,missing,matched,17652.0,no_s1,fs1-3016a20fd3ad,unavailable,,6686.8143,,,NONE,0.0,partial,llm_qa_observed_lower_bound,complete,309,314,0,5,309,True,local_state_plus_targeted_bigquery,14,309,0.495908898206416,4165626.0,2065771.0,2099855.0,2011,census_2011_official;file=census_2011_district_urban_rural.xlsx;sha256=acb01ddb965be41cf22a20f0e641fdbcc1f4a16e6b7bc9cf91478ce289f853e8;catalog=https://censusindia.gov.in/nada/index.php/catalog/42557,matched,486,resolved,satellite_missing_or_invalid,False
E039::valsad,E039,2016-0304-IND,Gujarat,Valsad,2016-08-01,2016-08-03,start:day|end:day,gadm,"[""gadm:IND.11.33_1""]",gadm|location,"[""gadm:IND.11.22_1"", ""gadm:IND.11.28_1"", ""gadm:IND.11.30_1"", ""gadm:IND.11.32_1"", ""gadm:IND.11.33_1"", ""gadm:IND.11.9_1"", ""location:(?<![A-Za-z])Gujarat(?![A-Za-z])""]",district,,,,,,,3025.875446392478,NONE,missing,matched,17653.0,no_s1,fs1-3016a20fd3ad,unavailable,,1750.257,,,NONE,27.0,partial,llm_qa_observed_lower_bound,complete,309,336,0,27,309,True,local_state_plus_targeted_bigquery,14,309,0.3725797014442351,1705678.0,635501.0,1070177.0,2011,census_2011_official;file=census_2011_district_urban_rural.xlsx;sha256=acb01ddb965be41cf22a20f0e641fdbcc1f4a16e6b7bc9cf91478ce289f853e8;catalog=https://censusindia.gov.in/nada/index.php/catalog/42557,matched,491,resolved,satellite_missing_or_invalid,False
E040::kolhapur,E040,2016-0304-IND,Maharashtra,Kolhapur,2016-08-01,2016-08-03,start:day|end:day,gadm,"[""gadm:IND.20.15_1""]",gadm|location,"[""gadm:IND.20.15_1"", ""gadm:IND.20.22_1"", ""gadm:IND.20.24_1"", ""gadm:IND.20.26_1"", ""gadm:IND.20.27_1"", ""gadm:IND.20.28_1"", ""gadm:IND.20.30_1"", ""gadm:IND.20.33_1"", ""location:(?<![A-Za-z])Maharashtra(?![A-Za-z])""]",district,,,,,,,7680.572392490604,NONE,missing,matched,17769.0,no_s1,fs1-3016a20fd3ad,unavailable,,4339.6371,,,NONE,12.0,partial,llm_qa_observed_lower_bound,complete,2657,2680,0,17,2663,True,local_state_plus_targeted_bigquery,14,2663,0.3173397014087458,3876001.0,1230009.0,2645992.0,2011,census_2011_official;file=census_2011_district_urban_rural.xlsx;sha256=acb01ddb965be41cf22a20f0e641fdbcc1f4a16e6b7bc9cf91478ce289f853e8;catalog=https://censusindia.gov.in/nada/index.php/catalog/42557,matched,530,resolved,satellite_missing_or_invalid,False
E040::nashik,E040,2016-0304-IND,Maharashtra,Nashik,2016-08-01,2016-08-03,start:day|end:day,gadm,"[""gadm:IND.20.22_1""]",gadm|location,"[""gadm:IND.20.15_1"", ""gadm:IND.20.22_1"", ""gadm:IND.20.24_1"", ""gadm:IND.20.26_1"", ""gadm:IND.20.27_1"", ""gadm:IND.20.28_1"", ""gadm:IND.20.30_1"", ""gadm:IND.20.33_1"", ""location:(?<![A-Za-z])Maharashtra(?![A-Za-z])""]",district,,,,,,,15554.167322451072,NONE,missing,matched,17773.0,no_s1,fs1-3016a20fd3ad,unavailable,,10933.341,,,NONE,35.0,partial,llm_qa_observed_lower_bound,complete,2657,2724,0,59,2665,True,local_state_plus_targeted_bigquery,14,2665,0.4252977680231504,6107187.0,2597373.0,3509814.0,2011,census_2011_official;file=census_2011_district_urban_rural.xlsx;sha256=acb01ddb965be41cf22a20f0e641fdbcc1f4a16e6b7bc9cf91478ce289f853e8;catalog=https://censusindia.gov.in/nada/index.php/catalog/42557,matched,516,resolved,satellite_missing_or_invalid,False
E040::palghar,E040,2016-0304-IND,Maharashtra,Palghar,2016-08-01,2016-08-03,start:day|end:day,gadm,"[""gadm:IND.20.24_1""]",gadm|location,"[""gadm:IND.20.15_1"", ""gadm:IND.20.22_1"", ""gadm:IND.20.24_1"", ""gadm:IND.20.26_1"", ""gadm:IND.20.27_1"", ""gadm:IND.20.28_1"", ""gadm:IND.20.30_1"", ""gadm:IND.20.33_1"", ""location:(?<![A-Za-z])Maharashtra(?![A-Za-z])""]",district,,,,,,,5355.281971404182,NONE,missing,matched,76128533B37148244536449,no_s1,fs1-3016a20fd3ad,unavailable,,2858.6379,,,NONE,11.0,partial,llm_qa_observed_lower_bound,complete,2657,2674,0,13,2661,True,local_state_plus_targeted_bigquery,14,2661,,,,,2011,census_2011_official,unmatched,,resolved,satellite_missing_or_invalid;census_unmatched;census_invalid;census_population_inconsistent,False
E040::pune,E040,2016-0304-IND,Maharashtra,Pune,2016-08-01,2016-08-03,start:day|end:day,gadm,"[""gadm:IND.20.26_1""]",gadm|location,"[""gadm:IND.20.15_1"", ""gadm:IND.20.22_1"", ""gadm:IND.20.24_1"", ""gadm:IND.20.26_1"", ""gadm:IND.20.27_1"", ""gadm:IND.20.28_1"", ""gadm:IND.20.30_1"", ""gadm:IND.20.33_1"", ""location:(?<![A-Za-z])Maharashtra(?![A-Za-z])""]",district,,,,,,,15649.899791716924,NONE,missing,matched,17776.0,no_s1,fs1-3016a20fd3ad,unavailable,,10303.2933,,,NONE,17.0,partial,llm_qa_observed_lower_bound,complete,2657,2744,0,79,2665,True,local_state_plus_targeted_bigquery,14,2665,0.6099197319704482,9429408.0,5751182.0,3678226.0,2011,census_2011_official;file=census_2011_district_urban_rural.xlsx;sha256=acb01ddb965be41cf22a20f0e641fdbcc1f4a16e6b7bc9cf91478ce289f853e8;catalog=https://censusindia.gov.in/nada/index.php/catalog/42557,matched,521,resolved,satellite_missing_or_invalid,False
E040::raigarh,E040,2016-0304-IND,Maharashtra,Raigarh,2016-08-01,2016-08-03,start:day|end:day,gadm,"[""gadm:IND.20.27_1""]",gadm|location,"[""gadm:IND.20.15_1"", ""gadm:IND.20.22_1"", ""gadm:IND.20.24_1"", ""gadm:IND.20.26_1"", ""gadm:IND.20.27_1"", ""gadm:IND.20.28_1"", ""gadm:IND.20.30_1"", ""gadm:IND.20.33_1"", ""location:(?<![A-Za-z])Maharashtra(?![A-Za-z])""]",district,,,,,,,6912.842748779044,NONE,missing,matched,17777.0,no_s1,fs1-3016a20fd3ad,unavailable,,2805.455,,,NONE,,incomplete,llm_qa,complete,2657,2657,0,0,2657,False,local_state_plus_targeted_bigquery,14,2657,0.3683072659631007,2634200.0,970195.0,1664005.0,2011,census_2011_official;file=census_2011_district_urban_rural.xlsx;sha256=acb01ddb965be41cf22a20f0e641fdbcc1f4a16e6b7bc9cf91478ce289f853e8;catalog=https://censusindia.gov.in/nada/index.php/catalog/42557,matched,520,resolved,satellite_missing_or_invalid;article_collection_incomplete;article_count_missing_or_invalid,False
E040::ratnagiri,E040,2016-0304-IND,Maharashtra,Ratnagiri,2016-08-01,2016-08-03,start:day|end:day,gadm,"[""gadm:IND.20.28_1""]",gadm|location,"[""gadm:IND.20.15_1"", ""gadm:IND.20.22_1"", ""gadm:IND.20.24_1"", ""gadm:IND.20.26_1"", ""gadm:IND.20.27_1"", ""gadm:IND.20.28_1"", ""gadm:IND.20.30_1"", ""gadm:IND.20.33_1"", ""location:(?<![A-Za-z])Maharashtra(?![A-Za-z])""]",district,,,,,,,8501.126377449938,NONE,missing,matched,17778.0,no_s1,fs1-3016a20fd3ad,unavailable,,2431.7672,,,NONE,11.0,partial,llm_qa_observed_lower_bound,complete,2657,2687,0,24,2663,True,local_state_plus_targeted_bigquery,14,2663,0.1632889987981937,1615069.0,263723.0,1351346.0,2011,census_2011_official;file=census_2011_district_urban_rural.xlsx;sha256=acb01ddb965be41cf22a20f0e641fdbcc1f4a16e6b7bc9cf91478ce289f853e8;catalog=https://censusindia.gov.in/nada/index.php/catalog/42557,matched,528,resolved,satellite_missing_or_invalid,False
E040::satara,E040,2016-0304-IND,Maharashtra,Satara,2016-08-01,2016-08-03,start:day|end:day,gadm,"[""gadm:IND.20.30_1""]",gadm|location,"[""gadm:IND.20.15_1"", ""gadm:IND.20.22_1"", ""gadm:IND.20.24_1"", ""gadm:IND.20.26_1"", ""gadm:IND.20.27_1"", ""gadm:IND.20.28_1"", ""gadm:IND.20.30_1"", ""gadm:IND.20.33_1"", ""location:(?<![A-Za-z])Maharashtra(?![A-Za-z])""]",district,,,,,,,10502.605850168617,NONE,missing,matched,17781.0,no_s1,fs1-3016a20fd3ad,unavailable,,6563.2479,,,NONE,5.0,partial,llm_qa_observed_lower_bound,complete,2657,2667,0,8,2659,True,local_state_plus_targeted_bigquery,14,2659,0.1898892081574276,3003741.0,570378.0,2433363.0,2011,census_2011_official;file=census_2011_district_urban_rural.xlsx;sha256=acb01ddb965be41cf22a20f0e641fdbcc1f4a16e6b7bc9cf91478ce289f853e8;catalog=https://censusindia.gov.in/nada/index.php/catalog/42557,matched,527,resolved,satellite_missing_or_invalid,False
E040::thane,E040,2016-0304-IND,Maharashtra,Thane,2016-08-01,2016-08-03,start:day|end:day,gadm,"[""gadm:IND.20.33_1""]",gadm|location,"[""gadm:IND.20.15_1"", ""gadm:IND.20.22_1"", ""gadm:IND.20.24_1"", ""gadm:IND.20.26_1"", ""gadm:IND.20.27_1"", ""gadm:IND.20.28_1"", ""gadm:IND.20.30_1"", ""gadm:IND.20.33_1"", ""location:(?<![A-Za-z])Maharashtra(?![A-Za-z])""]",district,,,,,,,9454.897228160951,NONE,missing,matched,17783.0,no_s1,fs1-3016a20fd3ad,unavailable,,5194.6674,,,NONE,18.0,partial,llm_qa_observed_lower_bound,complete,2657,2701,0,39,2662,True,local_state_plus_targeted_bigquery,14,2662,0.7698520851619707,11060148.0,8514678.0,2545470.0,2011,census_2011_official;file=census_2011_district_urban_rural.xlsx;sha256=acb01ddb965be41cf22a20f0e641fdbcc1f4a16e6b7bc9cf91478ce289f853e8;catalog=https://censusindia.gov.in/nada/index.php/catalog/42557,matched,517,resolved,satellite_missing_or_invalid,False
E044::banaskantha,E044,2017-0294-IND,Gujarat,Banaskantha,2017-06-01,2017-08-31,start:month|end:month,location,"[""location:Banaskantha""]",location,"[""location:(?<![A-Za-z])Gujarat(?![A-Za-z])"", ""location:Banaskantha"", ""location:Navsari"", ""location:Patan"", ""location:Sabarkantha"", ""location:Surat"", ""location:Valsad""]",district,,,,,580.3933,0.0546,10638.731207971712,S1,observed,matched,17637.0,interim_s1_only,fs1-3016a20fd3ad,ok,,9330.3213,0.0622,580.3933,S1,,incomplete,llm_qa,complete,54,54,0,0,54,False,local_state_plus_targeted_bigquery,14,54,0.1329640128876534,3120506.0,414915.0,2705591.0,2011,census_2011_official;file=census_2011_district_urban_rural.xlsx;sha256=acb01ddb965be41cf22a20f0e641fdbcc1f4a16e6b7bc9cf91478ce289f853e8;catalog=https://censusindia.gov.in/nada/index.php/catalog/42557;crosswalk=district_name_crosswalk.csv;sha256=c8dc691ab763e799cc1aafb29e9c17ab287710bd63447ad37281418d902c30e9,matched_crosswalk,469,resolved,article_collection_incomplete;article_count_missing_or_invalid,False
E044::navsari,E044,2017-0294-IND,Gujarat,Navsari,2017-06-01,2017-08-31,start:month|end:month,location,"[""location:Navsari""]",location,"[""location:(?<![A-Za-z])Gujarat(?![A-Za-z])"", ""location:Banaskantha"", ""location:Navsari"", ""location:Patan"", ""location:Sabarkantha"", ""location:Surat"", ""location:Valsad""]",district,,,,,9.1071,0.0043,2097.600482441035,S1,observed,matched,70127.0,interim_s1_only,fs1-3016a20fd3ad,unavailable,,1702.3987,0.0053,9.1071,S1,,incomplete,llm_qa,complete,54,54,0,0,54,False,local_state_plus_targeted_bigquery,14,54,0.3076976878508384,1329672.0,409137.0,920535.0,2011,census_2011_official;file=census_2011_district_urban_rural.xlsx;sha256=acb01ddb965be41cf22a20f0e641fdbcc1f4a16e6b7bc9cf91478ce289f853e8;catalog=https://censusindia.gov.in/nada/index.php/catalog/42557,matched,490,resolved,article_collection_incomplete;article_count_missing_or_invalid,False
E044::patan,E044,2017-0294-IND,Gujarat,Patan,2017-06-01,2017-08-31,start:month|end:month,location,"[""location:Patan""]",location,"[""location:(?<![A-Za-z])Gujarat(?![A-Za-z])"", ""location:Banaskantha"", ""location:Navsari"", ""location:Patan"", ""location:Sabarkantha"", ""location:Surat"", ""location:Valsad""]",district,,,,,426.5533,0.0709,6017.262722245363,S1,observed,matched,70129.0,interim_s1_only,fs1-3016a20fd3ad,ok,,5815.1637,0.0734,426.5533,S1,,incomplete,llm_qa,complete,54,54,0,0,54,False,local_state_plus_targeted_bigquery,14,54,0.2091790488296046,1343734.0,281081.0,1062653.0,2011,census_2011_official;file=census_2011_district_urban_rural.xlsx;sha256=acb01ddb965be41cf22a20f0e641fdbcc1f4a16e6b7bc9cf91478ce289f853e8;catalog=https://censusindia.gov.in/nada/index.php/catalog/42557,matched,470,resolved,article_collection_incomplete;article_count_missing_or_invalid,False
E045::jalore,E045,2017-0294-IND,Rajasthan,Jalore,2017-06-01,2017-08-31,start:month|end:month,external_recovery|location,"[""location:Jalore"", ""{\""canonical_district\"": \""Jalore\"", \""circularity_risk\"": \""none\"", \""event_id\"": \""E045\"", \""evidence_note\"": \""Official MHA report affected-district list during the 2017 flood episode.\"", \""evidence_scope\"": \""same_episode\"", \""evidence_type\"": \""same_episode_evidence\"", \""mapping_row\"": 121, \""merge_rule\"": \""dedupe on event_id + canonical(state,district); preserve original source name\"", \""origin\"": \""prior_research_pass\"", \""source_class\"": \""official_government\"", \""source_title\"": \""Government of India MHA/NERC Situation Report, 31 Aug 2017\"", \""source_url\"": \""https://reliefweb.int/attachments/2943cddb-0792-35fc-a9fe-f92b7d2a228b/Sitrepdate_31-08-2017.pdf\"", \""source_verification\"": \""supplied_not_independently_verified\"", \""state\"": \""Rajasthan\"", \""year\"": \""2017\""}""]",location,"[""location:(?<![A-Za-z])Rajasthan(?![A-Za-z])"", ""location:Barmer"", ""location:Jalore"", ""location:Pali"", ""location:Sirohi"", ""location:Udaipur""]",district,official_government,same_episode_evidence,none,https://reliefweb.int/attachments/2943cddb-0792-35fc-a9fe-f92b7d2a228b/Sitrepdate_31-08-2017.pdf,1934.5914,0.1798,10759.887698144885,S1,observed,matched,76128533B59459156188335,interim_s1_only,fs1-3016a20fd3ad,ok,,9748.2941,0.1985,1934.5914,S1,,incomplete,llm_qa,complete,54,54,0,0,54,False,local_state_plus_targeted_bigquery,14,54,0.0829838193719138,1828730.0,151755.0,1676975.0,2011,census_2011_official;file=census_2011_district_urban_rural.xlsx;sha256=acb01ddb965be41cf22a20f0e641fdbcc1f4a16e6b7bc9cf91478ce289f853e8;catalog=https://censusindia.gov.in/nada/index.php/catalog/42557;crosswalk=district_name_crosswalk.csv;sha256=c8dc691ab763e799cc1aafb29e9c17ab287710bd63447ad37281418d902c30e9,matched_crosswalk,116,resolved,article_collection_incomplete;article_count_missing_or_invalid,False
E045::sirohi,E045,2017-0294-IND,Rajasthan,Sirohi,2017-06-01,2017-08-31,start:month|end:month,external_recovery|location,"[""location:Sirohi"", ""{\""canonical_district\"": \""Sirohi\"", \""circularity_risk\"": \""none\"", \""event_id\"": \""E045\"", \""evidence_note\"": \""Official MHA report affected-district list during the 2017 flood episode.\"", \""evidence_scope\"": \""same_episode\"", \""evidence_type\"": \""same_episode_evidence\"", \""mapping_row\"": 123, \""merge_rule\"": \""dedupe on event_id + canonical(state,district); preserve original source name\"", \""origin\"": \""prior_research_pass\"", \""source_class\"": \""official_government\"", \""source_title\"": \""Government of India MHA/NERC Situation Report, 31 Aug 2017\"", \""source_url\"": \""https://reliefweb.int/attachments/2943cddb-0792-35fc-a9fe-f92b7d2a228b/Sitrepdate_31-08-2017.pdf\"", \""source_verification\"": \""supplied_not_independently_verified\"", \""state\"": \""Rajasthan\"", \""year\"": \""2017\""}""]",location,"[""location:(?<![A-Za-z])Rajasthan(?![A-Za-z])"", ""location:Barmer"", ""location:Jalore"", ""location:Pali"", ""location:Sirohi"", ""location:Udaipur""]",district,official_government,same_episode_evidence,none,https://reliefweb.int/attachments/2943cddb-0792-35fc-a9fe-f92b7d2a228b/Sitrepdate_31-08-2017.pdf,440.5272,0.0856,5146.300422974388,S1,observed,matched,17858.0,interim_s1_only,fs1-3016a20fd3ad,ok,,3574.7529,0.1232,440.5272,S1,,incomplete,llm_qa,complete,54,54,0,0,54,False,local_state_plus_targeted_bigquery,14,54,0.201336233265724,1036346.0,208654.0,827692.0,2011,census_2011_official;file=census_2011_district_urban_rural.xlsx;sha256=acb01ddb965be41cf22a20f0e641fdbcc1f4a16e6b7bc9cf91478ce289f853e8;catalog=https://censusindia.gov.in/nada/index.php/catalog/42557,matched,117,resolved,article_collection_incomplete;article_count_missing_or_invalid,False
E047::bongaigaon,E047,2017-0180-IND,Assam,Bongaigaon,2017-06-04,2017-06-06,start:day|end:day,external_recovery,"[""{\""canonical_district\"": \""Bongaigaon\"", \""circularity_risk\"": \""none\"", \""event_id\"": \""E047\"", \""evidence_note\"": \""Official MHA report explicitly enumerates flood-affected Assam districts.\"", \""evidence_scope\"": \""exact_or_direct_event\"", \""evidence_type\"": \""direct_disaster_impact\"", \""mapping_row\"": 126, \""merge_rule\"": \""dedupe on event_id + canonical(state,district); preserve original source name\"", \""origin\"": \""prior_research_pass\"", \""source_class\"": \""official_government\"", \""source_title\"": \""Government of India MHA/NERC Situation Report, 31 Aug 2017\"", \""source_url\"": \""https://reliefweb.int/attachments/2943cddb-0792-35fc-a9fe-f92b7d2a228b/Sitrepdate_31-08-2017.pdf\"", \""source_verification\"": \""supplied_not_independently_verified\"", \""state\"": \""Assam\"", \""year\"": \""2017\""}""]",admin_units|gadm|location,"[""admin_units:1487"", ""gadm:IND.4_1"", ""location:(?<![A-Za-z])Assam(?![A-Za-z])"", ""location:Darrang"", ""location:Karimganj"", ""location:Lakhimpur""]",district,official_government,direct_disaster_impact,none,https://reliefweb.int/attachments/2943cddb-0792-35fc-a9fe-f92b7d2a228b/Sitrepdate_31-08-2017.pdf,38.4282,0.0165,2332.582799042809,S1,observed,matched,70086.0,interim_s1_only,fs1-3016a20fd3ad,unavailable,,1849.5033,0.0208,38.4282,S1,,incomplete,llm_qa,complete,127,127,0,0,127,False,local_state_plus_targeted_bigquery,14,127,0.1486321135240199,738804.0,109810.0,628994.0,2011,census_2011_official;file=census_2011_district_urban_rural.xlsx;sha256=acb01ddb965be41cf22a20f0e641fdbcc1f4a16e6b7bc9cf91478ce289f853e8;catalog=https://censusindia.gov.in/nada/index.php/catalog/42557,matched,319,resolved,article_collection_incomplete;article_count_missing_or_invalid,False
E047::charaideo,E047,2017-0180-IND,Assam,Charaideo,2017-06-04,2017-06-06,start:day|end:day,external_recovery,"[""{\""canonical_district\"": \""Charaideo\"", \""circularity_risk\"": \""none\"", \""event_id\"": \""E047\"", \""evidence_note\"": \""Official MHA report explicitly enumerates flood-affected Assam districts.\"", \""evidence_scope\"": \""exact_or_direct_event\"", \""evidence_type\"": \""direct_disaster_impact\"", \""mapping_row\"": 128, \""merge_rule\"": \""dedupe on event_id + canonical(state,district); preserve original source name\"", \""origin\"": \""prior_research_pass\"", \""source_class\"": \""official_government\"", \""source_title\"": \""Government of India MHA/NERC Situation Report, 31 Aug 2017\"", \""source_url\"": \""https://reliefweb.int/attachments/2943cddb-0792-35fc-a9fe-f92b7d2a228b/Sitrepdate_31-08-2017.pdf\"", \""source_verification\"": \""supplied_not_independently_verified\"", \""state\"": \""Assam\"", \""year\"": \""2017\""}""]",admin_units|gadm|location,"[""admin_units:1487"", ""gadm:IND.4_1"", ""location:(?<![A-Za-z])Assam(?![A-Za-z])"", ""location:Darrang"", ""location:Karimganj"", ""location:Lakhimpur""]",district,official_government,direct_disaster_impact,none,https://reliefweb.int/attachments/2943cddb-0792-35fc-a9fe-f92b7d2a228b/Sitrepdate_31-08-2017.pdf,58.7284,0.0559,1051.501023918133,S1,observed,matched,76128533B89228414823983,interim_s1_only,fs1-3016a20fd3ad,unavailable,,956.9246,0.0614,58.7284,S1,,incomplete,llm_qa,complete,127,127,0,0,127,False,local_state_plus_targeted_bigquery,14,127,0.0648103529103932,458615.0,29723.0,428892.0,2011,census_2011_recovery;method=official_retabulation;url=https://des.assam.gov.in/sites/default/files/swf_utility_folder/departments/ecostat_medhassu_in_oid_3/this_comm/statistical_abstract_assam_2021.pdf;table=Table 1.02; printed page 4; PDF page 19;notes=Official 2011 population retabulated to the district definition in the cited source. No parent-district population substitution; not an event-year population estimate.;population_source=https://des.assam.gov.in/sites/default/files/swf_utility_folder/departments/ecostat_medhassu_in_oid_3/this_comm/statistical_abstract_assam_2021.pdf;file=district_census_recovery.json;sha256=d452a6f74338bb2f237f3d014518ab361f6b2d7436bac837b8a1cb97d050bac0,matched_crosswalk,retabulated:assam:Charaideo,resolved,article_collection_incomplete;article_count_missing_or_invalid,False
E047::chirang,E047,2017-0180-IND,Assam,Chirang,2017-06-04,2017-06-06,start:day|end:day,external_recovery,"[""{\""canonical_district\"": \""Chirang\"", \""circularity_risk\"": \""none\"", \""event_id\"": \""E047\"", \""evidence_note\"": \""Official MHA report explicitly enumerates flood-affected Assam districts.\"", \""evidence_scope\"": \""exact_or_direct_event\"", \""evidence_type\"": \""direct_disaster_impact\"", \""mapping_row\"": 129, \""merge_rule\"": \""dedupe on event_id + canonical(state,district); preserve original source name\"", \""origin\"": \""prior_research_pass\"", \""source_class\"": \""official_government\"", \""source_title\"": \""Government of India MHA/NERC Situation Report, 31 Aug 2017\"", \""source_url\"": \""https://reliefweb.int/attachments/2943cddb-0792-35fc-a9fe-f92b7d2a228b/Sitrepdate_31-08-2017.pdf\"", \""source_verification\"": \""supplied_not_independently_verified\"", \""state\"": \""Assam\"", \""year\"": \""2017\""}""]",admin_units|gadm|location,"[""admin_units:1487"", ""gadm:IND.4_1"", ""location:(?<![A-Za-z])Assam(?![A-Za-z])"", ""location:Darrang"", ""location:Karimganj"", ""location:Lakhimpur""]",district,official_government,direct_disaster_impact,none,https://reliefweb.int/attachments/2943cddb-0792-35fc-a9fe-f92b7d2a228b/Sitrepdate_31-08-2017.pdf,4.9067,0.0031,1586.6528982343095,S1,observed,matched,76128533B56012535339305,interim_s1_only,fs1-3016a20fd3ad,unavailable,,1479.252,0.0033,4.9067,S1,,incomplete,llm_qa,complete,127,127,0,0,127,False,local_state_plus_targeted_bigquery,14,127,0.0732886457248808,482162.0,35337.0,446825.0,2011,census_2011_official;file=census_2011_district_urban_rural.xlsx;sha256=acb01ddb965be41cf22a20f0e641fdbcc1f4a16e6b7bc9cf91478ce289f853e8;catalog=https://censusindia.gov.in/nada/index.php/catalog/42557,matched,320,resolved,article_collection_incomplete;article_count_missing_or_invalid,False
E047::golaghat,E047,2017-0180-IND,Assam,Golaghat,2017-06-04,2017-06-06,start:day|end:day,external_recovery,"[""{\""canonical_district\"": \""Golaghat\"", \""circularity_risk\"": \""none\"", \""event_id\"": \""E047\"", \""evidence_note\"": \""Official MHA report explicitly enumerates flood-affected Assam districts.\"", \""evidence_scope\"": \""exact_or_direct_event\"", \""evidence_type\"": \""direct_disaster_impact\"", \""mapping_row\"": 135, \""merge_rule\"": \""dedupe on event_id + canonical(state,district); preserve original source name\"", \""origin\"": \""prior_research_pass\"", \""source_class\"": \""official_government\"", \""source_title\"": \""Government of India MHA/NERC Situation Report, 31 Aug 2017\"", \""source_url\"": \""https://reliefweb.int/attachments/2943cddb-0792-35fc-a9fe-f92b7d2a228b/Sitrepdate_31-08-2017.pdf\"", \""source_verification\"": \""supplied_not_independently_verified\"", \""state\"": \""Assam\"", \""year\"": \""2017\""}""]",admin_units|gadm|location,"[""admin_units:1487"", ""gadm:IND.4_1"", ""location:(?<![A-Za-z])Assam(?![A-Za-z])"", ""location:Darrang"", ""location:Karimganj"", ""location:Lakhimpur""]",district,official_government,direct_disaster_impact,none,https://reliefweb.int/attachments/2943cddb-0792-35fc-a9fe-f92b7d2a228b/Sitrepdate_31-08-2017.pdf,96.7551,0.0274,3532.2679838886856,S1,observed,matched,17582.0,interim_s1_only,fs1-3016a20fd3ad,unavailable,,3111.5422,0.0311,96.7551,S1,,incomplete,llm_qa,complete,127,135,0,0,135,False,local_state_plus_targeted_bigquery,14,135,0.0916084912380681,1066888.0,97736.0,969152.0,2011,census_2011_official;file=census_2011_district_urban_rural.xlsx;sha256=acb01ddb965be41cf22a20f0e641fdbcc1f4a16e6b7bc9cf91478ce289f853e8;catalog=https://censusindia.gov.in/nada/index.php/catalog/42557,matched,313,resolved,article_collection_incomplete;article_count_missing_or_invalid,False
E047::hojai,E047,2017-0180-IND,Assam,Hojai,2017-06-04,2017-06-06,start:day|end:day,external_recovery,"[""{\""canonical_district\"": \""Hojai\"", \""circularity_risk\"": \""none\"", \""event_id\"": \""E047\"", \""evidence_note\"": \""Official MHA report explicitly enumerates flood-affected Assam districts.\"", \""evidence_scope\"": \""exact_or_direct_event\"", \""evidence_type\"": \""direct_disaster_impact\"", \""mapping_row\"": 137, \""merge_rule\"": \""dedupe on event_id + canonical(state,district); preserve original source name\"", \""origin\"": \""prior_research_pass\"", \""source_class\"": \""official_government\"", \""source_title\"": \""Government of India MHA/NERC Situation Report, 31 Aug 2017\"", \""source_url\"": \""https://reliefweb.int/attachments/2943cddb-0792-35fc-a9fe-f92b7d2a228b/Sitrepdate_31-08-2017.pdf\"", \""source_verification\"": \""supplied_not_independently_verified\"", \""state\"": \""Assam\"", \""year\"": \""2017\""}""]",admin_units|gadm|location,"[""admin_units:1487"", ""gadm:IND.4_1"", ""location:(?<![A-Za-z])Assam(?![A-Za-z])"", ""location:Darrang"", ""location:Karimganj"", ""location:Lakhimpur""]",district,official_government,direct_disaster_impact,none,https://reliefweb.int/attachments/2943cddb-0792-35fc-a9fe-f92b7d2a228b/Sitrepdate_31-08-2017.pdf,56.0479,0.0385,1456.4677644954024,S1,observed,matched,76128533B70315194619807,interim_s1_only,fs1-3016a20fd3ad,unavailable,,989.2694,0.0567,56.0479,S1,,incomplete,llm_qa,complete,127,127,0,0,127,False,local_state_plus_targeted_bigquery,14,127,0.1850801853056964,931218.0,172350.0,758868.0,2011,census_2011_recovery;method=official_retabulation;url=https://des.assam.gov.in/sites/default/files/swf_utility_folder/departments/ecostat_medhassu_in_oid_3/this_comm/statistical_abstract_assam_2021.pdf;table=Table 1.02; printed page 4; PDF page 19;notes=Official 2011 population retabulated to the district definition in the cited source. No parent-district population substitution; not an event-year population estimate.;population_source=https://des.assam.gov.in/sites/default/files/swf_utility_folder/departments/ecostat_medhassu_in_oid_3/this_comm/statistical_abstract_assam_2021.pdf;file=district_census_recovery.json;sha256=d452a6f74338bb2f237f3d014518ab361f6b2d7436bac837b8a1cb97d050bac0,matched_crosswalk,retabulated:assam:Hojai,resolved,article_collection_incomplete;article_count_missing_or_invalid,False
E047::south%20salmara,E047,2017-0180-IND,Assam,South Salmara,2017-06-04,2017-06-06,start:day|end:day,external_recovery,"[""{\""canonical_district\"": \""South Salmara\"", \""circularity_risk\"": \""none\"", \""event_id\"": \""E047\"", \""evidence_note\"": \""Official MHA report explicitly enumerates flood-affected Assam districts.\"", \""evidence_scope\"": \""exact_or_direct_event\"", \""evidence_type\"": \""direct_disaster_impact\"", \""mapping_row\"": 151, \""merge_rule\"": \""dedupe on event_id + canonical(state,district); preserve original source name\"", \""origin\"": \""prior_research_pass\"", \""source_class\"": \""official_government\"", \""source_title\"": \""Government of India MHA/NERC Situation Report, 31 Aug 2017\"", \""source_url\"": \""https://reliefweb.int/attachments/2943cddb-0792-35fc-a9fe-f92b7d2a228b/Sitrepdate_31-08-2017.pdf\"", \""source_verification\"": \""supplied_not_independently_verified\"", \""state\"": \""Assam\"", \""year\"": \""2017\""}""]",admin_units|gadm|location,"[""admin_units:1487"", ""gadm:IND.4_1"", ""location:(?<![A-Za-z])Assam(?![A-Za-z])"", ""location:Darrang"", ""location:Karimganj"", ""location:Lakhimpur""]",district,official_government,direct_disaster_impact,none,https://reliefweb.int/attachments/2943cddb-0792-35fc-a9fe-f92b7d2a228b/Sitrepdate_31-08-2017.pdf,11.8957,0.0165,719.1856651342704,S1,observed,matched,76128533B20298037622173,interim_s1_only,fs1-3016a20fd3ad,unavailable,,473.1623,0.0251,11.8957,S1,,incomplete,llm_qa,complete,127,127,0,0,127,False,local_state_plus_targeted_bigquery,14,127,0.0471290581754378,555114.0,26162.0,528952.0,2011,census_2011_recovery;method=official_retabulation;url=https://des.assam.gov.in/sites/default/files/swf_utility_folder/departments/ecostat_medhassu_in_oid_3/this_comm/statistical_abstract_assam_2021.pdf;table=Table 1.02; printed page 4; PDF page 19;notes=Official 2011 population retabulated to the district definition in the cited source. No parent-district population substitution; not an event-year population estimate.;population_source=https://des.assam.gov.in/sites/default/files/swf_utility_folder/departments/ecostat_medhassu_in_oid_3/this_comm/statistical_abstract_assam_2021.pdf;file=district_census_recovery.json;sha256=d452a6f74338bb2f237f3d014518ab361f6b2d7436bac837b8a1cb97d050bac0,matched_crosswalk,retabulated:assam:South Salmara,resolved,article_collection_incomplete;article_count_missing_or_invalid,False
E047::tinsukia,E047,2017-0180-IND,Assam,Tinsukia,2017-06-04,2017-06-06,start:day|end:day,external_recovery,"[""{\""canonical_district\"": \""Tinsukia\"", \""circularity_risk\"": \""none\"", \""event_id\"": \""E047\"", \""evidence_note\"": \""Official MHA report explicitly enumerates flood-affected Assam districts.\"", \""evidence_scope\"": \""exact_or_direct_event\"", \""evidence_type\"": \""direct_disaster_impact\"", \""mapping_row\"": 152, \""merge_rule\"": \""dedupe on event_id + canonical(state,district); preserve original source name\"", \""origin\"": \""prior_research_pass\"", \""source_class\"": \""official_government\"", \""source_title\"": \""Government of India MHA/NERC Situation Report, 31 Aug 2017\"", \""source_url\"": \""https://reliefweb.int/attachments/2943cddb-0792-35fc-a9fe-f92b7d2a228b/Sitrepdate_31-08-2017.pdf\"", \""source_verification\"": \""supplied_not_independently_verified\"", \""state\"": \""Assam\"", \""year\"": \""2017\""}""]",admin_units|gadm|location,"[""admin_units:1487"", ""gadm:IND.4_1"", ""location:(?<![A-Za-z])Assam(?![A-Za-z])"", ""location:Darrang"", ""location:Karimganj"", ""location:Lakhimpur""]",district,official_government,direct_disaster_impact,none,https://reliefweb.int/attachments/2943cddb-0792-35fc-a9fe-f92b7d2a228b/Sitrepdate_31-08-2017.pdf,32.4133,0.0085,3799.190193815676,S1,observed,matched,70093.0,interim_s1_only,fs1-3016a20fd3ad,unavailable,,3303.9786,0.0098,32.4133,S1,,incomplete,llm_qa,complete,127,127,0,0,127,False,local_state_plus_targeted_bigquery,14,127,0.199365327513745,1327929.0,264743.0,1063186.0,2011,census_2011_official;file=census_2011_district_urban_rural.xlsx;sha256=acb01ddb965be41cf22a20f0e641fdbcc1f4a16e6b7bc9cf91478ce289f853e8;catalog=https://censusindia.gov.in/nada/index.php/catalog/42557,matched,309,resolved,article_collection_incomplete;article_count_missing_or_invalid,False
E050::phek,E050,2017-0180-IND,Nagaland,Phek,2017-06-04,2017-06-06,start:day|end:day,external_recovery,"[""{\""canonical_district\"": \""Phek\"", \""circularity_risk\"": \""none\"", \""end_date\"": \""2017-06-06\"", \""event_id\"": \""E050\"", \""evidence_note\"": \""Flood-related deaths/impact reported in Phek during same event.\"", \""evidence_scope\"": \""exact_event_dates\"", \""evidence_type\"": \""direct_disaster_impact\"", \""mapping_row\"": 159, \""merge_rule\"": \""dedupe on event_id + canonical(state,district); retain all source provenance\"", \""origin\"": \""exhaustive_followup\"", \""source_class\"": \""humanitarian\"", \""source_record_id\"": \""2017-0180-IND\"", \""source_title\"": \""ECHO/ADRC India flood/heavy rain summary, June 2017\"", \""source_url\"": \""https://www.adrc.asia/view_disaster_en.php?NationCode=356&Lang=en&Key=2133\"", \""source_verification\"": \""supplied_not_independently_verified\"", \""start_date\"": \""2017-06-04\"", \""state\"": \""Nagaland\"", \""year\"": \""2017\""}""]",admin_units|gadm|location,"[""admin_units:1503"", ""gadm:IND.24_1"", ""location:(?<![A-Za-z])Nagaland(?![A-Za-z])""]",district,humanitarian,direct_disaster_impact,none,https://www.adrc.asia/view_disaster_en.php?NationCode=356&Lang=en&Key=2133,0.3775,0.0002,1906.428763538232,S1,observed,matched,17804.0,interim_s1_only,fs1-3016a20fd3ad,unavailable,,24.7527,0.0153,0.3775,S1,,incomplete,llm_qa,complete,17,17,0,0,17,False,local_state_plus_targeted_bigquery,14,17,0.1503812309537505,163418.0,24575.0,138843.0,2011,census_2011_official;file=census_2011_district_urban_rural.xlsx;sha256=acb01ddb965be41cf22a20f0e641fdbcc1f4a16e6b7bc9cf91478ce289f853e8;catalog=https://censusindia.gov.in/nada/index.php/catalog/42557,matched,266,resolved,article_collection_incomplete;article_count_missing_or_invalid,False
E054::ambedkar%20nagar,E054,2017-0342-IND,Uttar Pradesh,Ambedkar Nagar,2017-08-11,2017-08-31,start:day|end:day,external_recovery,"[""{\""canonical_district\"": \""Ambedkar Nagar\"", \""circularity_risk\"": \""none\"", \""event_id\"": \""E054\"", \""evidence_note\"": \""Official MHA report explicitly enumerates affected Uttar Pradesh districts.\"", \""evidence_scope\"": \""exact_or_direct_event\"", \""evidence_type\"": \""direct_disaster_impact\"", \""mapping_row\"": 181, \""merge_rule\"": \""dedupe on event_id + canonical(state,district); preserve original source name\"", \""origin\"": \""prior_research_pass\"", \""source_class\"": \""official_government\"", \""source_title\"": \""Government of India MHA/NERC Situation Report, 31 Aug 2017\"", \""source_url\"": \""https://reliefweb.int/attachments/2943cddb-0792-35fc-a9fe-f92b7d2a228b/Sitrepdate_31-08-2017.pdf\"", \""source_verification\"": \""supplied_not_independently_verified\"", \""state\"": \""Uttar Pradesh\"", \""year\"": \""2017\""}""]",admin_units|gadm|location,"[""admin_units:70081"", ""gadm:IND.34_1"", ""location:(?<![A-Za-z])Uttar\\ Pradesh(?![A-Za-z])""]",district,official_government,direct_disaster_impact,none,https://reliefweb.int/attachments/2943cddb-0792-35fc-a9fe-f92b7d2a228b/Sitrepdate_31-08-2017.pdf,42.853,0.0184,2328.994244483866,S1,observed,matched,70257.0,interim_s1_only,fs1-3016a20fd3ad,unavailable,,2207.7781,0.0194,42.853,S1,,incomplete,llm_qa,complete,321,321,0,0,321,False,local_state_plus_targeted_bigquery,14,321,0.1170738583286625,2397888.0,280730.0,2117158.0,2011,census_2011_official;file=census_2011_district_urban_rural.xlsx;sha256=acb01ddb965be41cf22a20f0e641fdbcc1f4a16e6b7bc9cf91478ce289f853e8;catalog=https://censusindia.gov.in/nada/index.php/catalog/42557,matched,178,resolved,article_collection_incomplete;article_count_missing_or_invalid,False
E054::ballia,E054,2017-0342-IND,Uttar Pradesh,Ballia,2017-08-11,2017-08-31,start:day|end:day,external_recovery,"[""{\""canonical_district\"": \""Ballia\"", \""circularity_risk\"": \""none\"", \""event_id\"": \""E054\"", \""evidence_note\"": \""Official MHA report explicitly enumerates affected Uttar Pradesh districts.\"", \""evidence_scope\"": \""exact_or_direct_event\"", \""evidence_type\"": \""direct_disaster_impact\"", \""mapping_row\"": 185, \""merge_rule\"": \""dedupe on event_id + canonical(state,district); preserve original source name\"", \""origin\"": \""prior_research_pass\"", \""source_class\"": \""official_government\"", \""source_title\"": \""Government of India MHA/NERC Situation Report, 31 Aug 2017\"", \""source_url\"": \""https://reliefweb.int/attachments/2943cddb-0792-35fc-a9fe-f92b7d2a228b/Sitrepdate_31-08-2017.pdf\"", \""source_verification\"": \""supplied_not_independently_verified\"", \""state\"": \""Uttar Pradesh\"", \""year\"": \""2017\""}""]",admin_units|gadm|location,"[""admin_units:70081"", ""gadm:IND.34_1"", ""location:(?<![A-Za-z])Uttar\\ Pradesh(?![A-Za-z])""]",district,official_government,direct_disaster_impact,none,https://reliefweb.int/attachments/2943cddb-0792-35fc-a9fe-f92b7d2a228b/Sitrepdate_31-08-2017.pdf,108.2166,0.0359,3013.8054759791835,S1,observed,matched,17894.0,interim_s1_only,fs1-3016a20fd3ad,unavailable,,2760.4153,0.0392,108.2166,S1,,incomplete,llm_qa,complete,321,323,0,0,323,False,local_state_plus_targeted_bigquery,14,323,0.0938673500065128,3239774.0,304109.0,2935665.0,2011,census_2011_official;file=census_2011_district_urban_rural.xlsx;sha256=acb01ddb965be41cf22a20f0e641fdbcc1f4a16e6b7bc9cf91478ce289f853e8;catalog=https://censusindia.gov.in/nada/index.php/catalog/42557,matched,193,resolved,article_collection_incomplete;article_count_missing_or_invalid,False
E054::bijnor,E054,2017-0342-IND,Uttar Pradesh,Bijnor,2017-08-11,2017-08-31,start:day|end:day,external_recovery,"[""{\""canonical_district\"": \""Bijnor\"", \""circularity_risk\"": \""none\"", \""event_id\"": \""E054\"", \""evidence_note\"": \""Official MHA report explicitly enumerates affected Uttar Pradesh districts.\"", \""evidence_scope\"": \""exact_or_direct_event\"", \""evidence_type\"": \""direct_disaster_impact\"", \""mapping_row\"": 189, \""merge_rule\"": \""dedupe on event_id + canonical(state,district); preserve original source name\"", \""origin\"": \""prior_research_pass\"", \""source_class\"": \""official_government\"", \""source_title\"": \""Government of India MHA/NERC Situation Report, 31 Aug 2017\"", \""source_url\"": \""https://reliefweb.int/attachments/2943cddb-0792-35fc-a9fe-f92b7d2a228b/Sitrepdate_31-08-2017.pdf\"", \""source_verification\"": \""supplied_not_independently_verified\"", \""state\"": \""Uttar Pradesh\"", \""year\"": \""2017\""}""]",admin_units|gadm|location,"[""admin_units:70081"", ""gadm:IND.34_1"", ""location:(?<![A-Za-z])Uttar\\ Pradesh(?![A-Za-z])""]",district,official_government,direct_disaster_impact,none,https://reliefweb.int/attachments/2943cddb-0792-35fc-a9fe-f92b7d2a228b/Sitrepdate_31-08-2017.pdf,29.2963,0.0068,4319.741895171613,S1,observed,matched,17899.0,interim_s1_only,fs1-3016a20fd3ad,unavailable,,4207.6321,0.007,29.2963,S1,,incomplete,llm_qa,complete,321,323,0,0,323,False,local_state_plus_targeted_bigquery,14,323,0.2512582435829237,3682713.0,925312.0,2757401.0,2011,census_2011_official;file=census_2011_district_urban_rural.xlsx;sha256=acb01ddb965be41cf22a20f0e641fdbcc1f4a16e6b7bc9cf91478ce289f853e8;catalog=https://censusindia.gov.in/nada/index.php/catalog/42557,matched,134,resolved,article_collection_incomplete;article_count_missing_or_invalid,False
E054::budaun,E054,2017-0342-IND,Uttar Pradesh,Budaun,2017-08-11,2017-08-31,start:day|end:day,external_recovery,"[""{\""canonical_district\"": \""Budaun\"", \""circularity_risk\"": \""none\"", \""event_id\"": \""E054\"", \""evidence_note\"": \""Official MHA report explicitly enumerates affected Uttar Pradesh districts.\"", \""evidence_scope\"": \""exact_or_direct_event\"", \""evidence_type\"": \""direct_disaster_impact\"", \""mapping_row\"": 190, \""merge_rule\"": \""dedupe on event_id + canonical(state,district); preserve original source name\"", \""origin\"": \""prior_research_pass\"", \""source_class\"": \""official_government\"", \""source_title\"": \""Government of India MHA/NERC Situation Report, 31 Aug 2017\"", \""source_url\"": \""https://reliefweb.int/attachments/2943cddb-0792-35fc-a9fe-f92b7d2a228b/Sitrepdate_31-08-2017.pdf\"", \""source_verification\"": \""supplied_not_independently_verified\"", \""state\"": \""Uttar Pradesh\"", \""year\"": \""2017\""}""]",admin_units|gadm|location,"[""admin_units:70081"", ""gadm:IND.34_1"", ""location:(?<![A-Za-z])Uttar\\ Pradesh(?![A-Za-z])""]",district,official_government,direct_disaster_impact,none,https://reliefweb.int/attachments/2943cddb-0792-35fc-a9fe-f92b7d2a228b/Sitrepdate_31-08-2017.pdf,88.429,0.0208,4242.298807636645,S1,observed,matched,76128533B84679668760735,interim_s1_only,fs1-3016a20fd3ad,unavailable,,4128.2792,0.0214,88.429,S1,,incomplete,llm_qa,complete,321,323,0,0,323,False,local_state_plus_targeted_bigquery,14,323,0.1750714849088621,3681896.0,644595.0,3037301.0,2011,census_2011_official;file=census_2011_district_urban_rural.xlsx;sha256=acb01ddb965be41cf22a20f0e641fdbcc1f4a16e6b7bc9cf91478ce289f853e8;catalog=https://censusindia.gov.in/nada/index.php/catalog/42557,matched,149,resolved,article_collection_incomplete;article_count_missing_or_invalid,False
E054::deoria,E054,2017-0342-IND,Uttar Pradesh,Deoria,2017-08-11,2017-08-31,start:day|end:day,external_recovery,"[""{\""canonical_district\"": \""Deoria\"", \""circularity_risk\"": \""none\"", \""event_id\"": \""E054\"", \""evidence_note\"": \""Official MHA report explicitly enumerates affected Uttar Pradesh districts.\"", \""evidence_scope\"": \""exact_or_direct_event\"", \""evidence_type\"": \""direct_disaster_impact\"", \""mapping_row\"": 191, \""merge_rule\"": \""dedupe on event_id + canonical(state,district); preserve original source name\"", \""origin\"": \""prior_research_pass\"", \""source_class\"": \""official_government\"", \""source_title\"": \""Government of India MHA/NERC Situation Report, 31 Aug 2017\"", \""source_url\"": \""https://reliefweb.int/attachments/2943cddb-0792-35fc-a9fe-f92b7d2a228b/Sitrepdate_31-08-2017.pdf\"", \""source_verification\"": \""supplied_not_independently_verified\"", \""state\"": \""Uttar Pradesh\"", \""year\"": \""2017\""}""]",admin_units|gadm|location,"[""admin_units:70081"", ""gadm:IND.34_1"", ""location:(?<![A-Za-z])Uttar\\ Pradesh(?![A-Za-z])""]",district,official_government,direct_disaster_impact,none,https://reliefweb.int/attachments/2943cddb-0792-35fc-a9fe-f92b7d2a228b/Sitrepdate_31-08-2017.pdf,77.5246,0.0303,2561.4288968732094,S1,observed,matched,17904.0,interim_s1_only,fs1-3016a20fd3ad,unavailable,,2374.0823,0.0327,77.5246,S1,,incomplete,llm_qa,complete,321,323,0,0,323,False,local_state_plus_targeted_bigquery,14,323,0.1021633398324253,3100946.0,316803.0,2784143.0,2011,census_2011_official;file=census_2011_district_urban_rural.xlsx;sha256=acb01ddb965be41cf22a20f0e641fdbcc1f4a16e6b7bc9cf91478ce289f853e8;catalog=https://censusindia.gov.in/nada/index.php/catalog/42557,matched,190,resolved,article_collection_incomplete;article_count_missing_or_invalid,False
E054::farrukhabad,E054,2017-0342-IND,Uttar Pradesh,Farrukhabad,2017-08-11,2017-08-31,start:day|end:day,external_recovery,"[""{\""canonical_district\"": \""Farrukhabad\"", \""circularity_risk\"": \""none\"", \""event_id\"": \""E054\"", \""evidence_note\"": \""Official MHA report explicitly enumerates affected Uttar Pradesh districts.\"", \""evidence_scope\"": \""exact_or_direct_event\"", \""evidence_type\"": \""direct_disaster_impact\"", \""mapping_row\"": 192, \""merge_rule\"": \""dedupe on event_id + canonical(state,district); preserve original source name\"", \""origin\"": \""prior_research_pass\"", \""source_class\"": \""official_government\"", \""source_title\"": \""Government of India MHA/NERC Situation Report, 31 Aug 2017\"", \""source_url\"": \""https://reliefweb.int/attachments/2943cddb-0792-35fc-a9fe-f92b7d2a228b/Sitrepdate_31-08-2017.pdf\"", \""source_verification\"": \""supplied_not_independently_verified\"", \""state\"": \""Uttar Pradesh\"", \""year\"": \""2017\""}""]",admin_units|gadm|location,"[""admin_units:70081"", ""gadm:IND.34_1"", ""location:(?<![A-Za-z])Uttar\\ Pradesh(?![A-Za-z])""]",district,official_government,direct_disaster_impact,none,https://reliefweb.int/attachments/2943cddb-0792-35fc-a9fe-f92b7d2a228b/Sitrepdate_31-08-2017.pdf,80.5899,0.0368,2188.008861953001,S1,observed,matched,17908.0,interim_s1_only,fs1-3016a20fd3ad,unavailable,,2144.1619,0.0376,80.5899,S1,,incomplete,llm_qa,complete,321,323,0,0,323,False,local_state_plus_targeted_bigquery,14,323,0.2207639067177875,1885204.0,416185.0,1469019.0,2011,census_2011_official;file=census_2011_district_urban_rural.xlsx;sha256=acb01ddb965be41cf22a20f0e641fdbcc1f4a16e6b7bc9cf91478ce289f853e8;catalog=https://censusindia.gov.in/nada/index.php/catalog/42557,matched,159,resolved,article_collection_incomplete;article_count_missing_or_invalid,False
E054::kushinagar,E054,2017-0342-IND,Uttar Pradesh,Kushinagar,2017-08-11,2017-08-31,start:day|end:day,external_recovery,"[""{\""canonical_district\"": \""Kushinagar\"", \""circularity_risk\"": \""none\"", \""event_id\"": \""E054\"", \""evidence_note\"": \""Official MHA report explicitly enumerates affected Uttar Pradesh districts.\"", \""evidence_scope\"": \""exact_or_direct_event\"", \""evidence_type\"": \""direct_disaster_impact\"", \""mapping_row\"": 196, \""merge_rule\"": \""dedupe on event_id + canonical(state,district); preserve original source name\"", \""origin\"": \""prior_research_pass\"", \""source_class\"": \""official_government\"", \""source_title\"": \""Government of India MHA/NERC Situation Report, 31 Aug 2017\"", \""source_url\"": \""https://reliefweb.int/attachments/2943cddb-0792-35fc-a9fe-f92b7d2a228b/Sitrepdate_31-08-2017.pdf\"", \""source_verification\"": \""supplied_not_independently_verified\"", \""state\"": \""Uttar Pradesh\"", \""year\"": \""2017\""}""]",admin_units|gadm|location,"[""admin_units:70081"", ""gadm:IND.34_1"", ""location:(?<![A-Za-z])Uttar\\ Pradesh(?![A-Za-z])""]",district,official_government,direct_disaster_impact,none,https://reliefweb.int/attachments/2943cddb-0792-35fc-a9fe-f92b7d2a228b/Sitrepdate_31-08-2017.pdf,156.6199,0.0541,2893.16087554316,S1,observed,matched,70271.0,interim_s1_only,fs1-3016a20fd3ad,unavailable,,2844.4186,0.0551,156.6199,S1,,incomplete,llm_qa,complete,321,325,0,0,325,False,local_state_plus_targeted_bigquery,14,325,0.0471608710679402,3564544.0,168107.0,3396437.0,2011,census_2011_official;file=census_2011_district_urban_rural.xlsx;sha256=acb01ddb965be41cf22a20f0e641fdbcc1f4a16e6b7bc9cf91478ce289f853e8;catalog=https://censusindia.gov.in/nada/index.php/catalog/42557,matched,189,resolved,article_collection_incomplete;article_count_missing_or_invalid,False
E054::lakhimpur%20kheri,E054,2017-0342-IND,Uttar Pradesh,Lakhimpur Kheri,2017-08-11,2017-08-31,start:day|end:day,external_recovery,"[""{\""canonical_district\"": \""Lakhimpur Kheri\"", \""circularity_risk\"": \""none\"", \""event_id\"": \""E054\"", \""evidence_note\"": \""Official MHA report explicitly enumerates affected Uttar Pradesh districts.\"", \""evidence_scope\"": \""exact_or_direct_event\"", \""evidence_type\"": \""direct_disaster_impact\"", \""mapping_row\"": 197, \""merge_rule\"": \""dedupe on event_id + canonical(state,district); preserve original source name\"", \""origin\"": \""prior_research_pass\"", \""source_class\"": \""official_government\"", \""source_title\"": \""Government of India MHA/NERC Situation Report, 31 Aug 2017\"", \""source_url\"": \""https://reliefweb.int/attachments/2943cddb-0792-35fc-a9fe-f92b7d2a228b/Sitrepdate_31-08-2017.pdf\"", \""source_verification\"": \""supplied_not_independently_verified\"", \""state\"": \""Uttar Pradesh\"", \""year\"": \""2017\""}""]",admin_units|gadm|location,"[""admin_units:70081"", ""gadm:IND.34_1"", ""location:(?<![A-Za-z])Uttar\\ Pradesh(?![A-Za-z])""]",district,official_government,direct_disaster_impact,none,https://reliefweb.int/attachments/2943cddb-0792-35fc-a9fe-f92b7d2a228b/Sitrepdate_31-08-2017.pdf,193.3806,0.0251,7708.742992388735,S1,observed,matched,17921.0,interim_s1_only,fs1-3016a20fd3ad,unavailable,,7230.8731,0.0267,193.3806,S1,,incomplete,llm_qa,complete,321,323,0,0,323,False,local_state_plus_targeted_bigquery,14,323,0.1146498731859775,4021243.0,461035.0,3560208.0,2011,census_2011_official;file=census_2011_district_urban_rural.xlsx;sha256=acb01ddb965be41cf22a20f0e641fdbcc1f4a16e6b7bc9cf91478ce289f853e8;catalog=https://censusindia.gov.in/nada/index.php/catalog/42557;crosswalk=district_name_crosswalk.csv;sha256=c8dc691ab763e799cc1aafb29e9c17ab287710bd63447ad37281418d902c30e9,matched_crosswalk,153,resolved,article_collection_incomplete;article_count_missing_or_invalid,False
E054::mau,E054,2017-0342-IND,Uttar Pradesh,Mau,2017-08-11,2017-08-31,start:day|end:day,external_recovery,"[""{\""canonical_district\"": \""Mau\"", \""circularity_risk\"": \""none\"", \""event_id\"": \""E054\"", \""evidence_note\"": \""Official MHA report explicitly enumerates affected Uttar Pradesh districts.\"", \""evidence_scope\"": \""exact_or_direct_event\"", \""evidence_type\"": \""direct_disaster_impact\"", \""mapping_row\"": 199, \""merge_rule\"": \""dedupe on event_id + canonical(state,district); preserve original source name\"", \""origin\"": \""prior_research_pass\"", \""source_class\"": \""official_government\"", \""source_title\"": \""Government of India MHA/NERC Situation Report, 31 Aug 2017\"", \""source_url\"": \""https://reliefweb.int/attachments/2943cddb-0792-35fc-a9fe-f92b7d2a228b/Sitrepdate_31-08-2017.pdf\"", \""source_verification\"": \""supplied_not_independently_verified\"", \""state\"": \""Uttar Pradesh\"", \""year\"": \""2017\""}""]",admin_units|gadm|location,"[""admin_units:70081"", ""gadm:IND.34_1"", ""location:(?<![A-Za-z])Uttar\\ Pradesh(?![A-Za-z])""]",district,official_government,direct_disaster_impact,none,https://reliefweb.int/attachments/2943cddb-0792-35fc-a9fe-f92b7d2a228b/Sitrepdate_31-08-2017.pdf,61.1913,0.0296,2070.491760227604,S1,observed,matched,70274.0,interim_s1_only,fs1-3016a20fd3ad,unavailable,,1950.1749,0.0314,61.1913,S1,,incomplete,llm_qa,complete,321,323,0,0,323,False,local_state_plus_targeted_bigquery,14,323,0.2262988402370297,2205968.0,499208.0,1706760.0,2011,census_2011_official;file=census_2011_district_urban_rural.xlsx;sha256=acb01ddb965be41cf22a20f0e641fdbcc1f4a16e6b7bc9cf91478ce289f853e8;catalog=https://censusindia.gov.in/nada/index.php/catalog/42557,matched,192,resolved,article_collection_incomplete;article_count_missing_or_invalid,False
E054::mirzapur,E054,2017-0342-IND,Uttar Pradesh,Mirzapur,2017-08-11,2017-08-31,start:day|end:day,external_recovery,"[""{\""canonical_district\"": \""Mirzapur\"", \""circularity_risk\"": \""none\"", \""event_id\"": \""E054\"", \""evidence_note\"": \""Official MHA report explicitly enumerates affected Uttar Pradesh districts.\"", \""evidence_scope\"": \""exact_or_direct_event\"", \""evidence_type\"": \""direct_disaster_impact\"", \""mapping_row\"": 200, \""merge_rule\"": \""dedupe on event_id + canonical(state,district); preserve original source name\"", \""origin\"": \""prior_research_pass\"", \""source_class\"": \""official_government\"", \""source_title\"": \""Government of India MHA/NERC Situation Report, 31 Aug 2017\"", \""source_url\"": \""https://reliefweb.int/attachments/2943cddb-0792-35fc-a9fe-f92b7d2a228b/Sitrepdate_31-08-2017.pdf\"", \""source_verification\"": \""supplied_not_independently_verified\"", \""state\"": \""Uttar Pradesh\"", \""year\"": \""2017\""}""]",admin_units|gadm|location,"[""admin_units:70081"", ""gadm:IND.34_1"", ""location:(?<![A-Za-z])Uttar\\ Pradesh(?![A-Za-z])""]",district,official_government,direct_disaster_impact,none,https://reliefweb.int/attachments/2943cddb-0792-35fc-a9fe-f92b7d2a228b/Sitrepdate_31-08-2017.pdf,82.7521,0.0183,4526.889753258701,S1,observed,matched,17927.0,interim_s1_only,fs1-3016a20fd3ad,unavailable,,3916.54,0.0211,82.7521,S1,,incomplete,llm_qa,complete,321,323,0,0,323,False,local_state_plus_targeted_bigquery,14,323,0.1391955049520018,2496970.0,347567.0,2149403.0,2011,census_2011_official;file=census_2011_district_urban_rural.xlsx;sha256=acb01ddb965be41cf22a20f0e641fdbcc1f4a16e6b7bc9cf91478ce289f853e8;catalog=https://censusindia.gov.in/nada/index.php/catalog/42557,matched,199,resolved,article_collection_incomplete;article_count_missing_or_invalid,False
E054::pilibhit,E054,2017-0342-IND,Uttar Pradesh,Pilibhit,2017-08-11,2017-08-31,start:day|end:day,external_recovery,"[""{\""canonical_district\"": \""Pilibhit\"", \""circularity_risk\"": \""none\"", \""event_id\"": \""E054\"", \""evidence_note\"": \""Official MHA report explicitly enumerates affected Uttar Pradesh districts.\"", \""evidence_scope\"": \""exact_or_direct_event\"", \""evidence_type\"": \""direct_disaster_impact\"", \""mapping_row\"": 201, \""merge_rule\"": \""dedupe on event_id + canonical(state,district); preserve original source name\"", \""origin\"": \""prior_research_pass\"", \""source_class\"": \""official_government\"", \""source_title\"": \""Government of India MHA/NERC Situation Report, 31 Aug 2017\"", \""source_url\"": \""https://reliefweb.int/attachments/2943cddb-0792-35fc-a9fe-f92b7d2a228b/Sitrepdate_31-08-2017.pdf\"", \""source_verification\"": \""supplied_not_independently_verified\"", \""state\"": \""Uttar Pradesh\"", \""year\"": \""2017\""}""]",admin_units|gadm|location,"[""admin_units:70081"", ""gadm:IND.34_1"", ""location:(?<![A-Za-z])Uttar\\ Pradesh(?![A-Za-z])""]",district,official_government,direct_disaster_impact,none,https://reliefweb.int/attachments/2943cddb-0792-35fc-a9fe-f92b7d2a228b/Sitrepdate_31-08-2017.pdf,200.171,0.0557,3594.1579683602813,S1,observed,matched,17931.0,interim_s1_only,fs1-3016a20fd3ad,unavailable,,3379.1475,0.0592,200.171,S1,,incomplete,llm_qa,complete,321,323,0,0,323,False,local_state_plus_targeted_bigquery,14,323,0.1730250068069681,2031007.0,351415.0,1679592.0,2011,census_2011_official;file=census_2011_district_urban_rural.xlsx;sha256=acb01ddb965be41cf22a20f0e641fdbcc1f4a16e6b7bc9cf91478ce289f853e8;catalog=https://censusindia.gov.in/nada/index.php/catalog/42557,matched,151,resolved,article_collection_incomplete;article_count_missing_or_invalid,False
E054::sant%20kabir%20nagar,E054,2017-0342-IND,Uttar Pradesh,Sant Kabir Nagar,2017-08-11,2017-08-31,start:day|end:day,external_recovery,"[""{\""canonical_district\"": \""Sant Kabir Nagar\"", \""circularity_risk\"": \""none\"", \""event_id\"": \""E054\"", \""evidence_note\"": \""Official MHA report explicitly enumerates affected Uttar Pradesh districts.\"", \""evidence_scope\"": \""exact_or_direct_event\"", \""evidence_type\"": \""direct_disaster_impact\"", \""mapping_row\"": 202, \""merge_rule\"": \""dedupe on event_id + canonical(state,district); preserve original source name\"", \""origin\"": \""prior_research_pass\"", \""source_class\"": \""official_government\"", \""source_title\"": \""Government of India MHA/NERC Situation Report, 31 Aug 2017\"", \""source_url\"": \""https://reliefweb.int/attachments/2943cddb-0792-35fc-a9fe-f92b7d2a228b/Sitrepdate_31-08-2017.pdf\"", \""source_verification\"": \""supplied_not_independently_verified\"", \""state\"": \""Uttar Pradesh\"", \""year\"": \""2017\""}""]",admin_units|gadm|location,"[""admin_units:70081"", ""gadm:IND.34_1"", ""location:(?<![A-Za-z])Uttar\\ Pradesh(?![A-Za-z])""]",district,official_government,direct_disaster_impact,none,https://reliefweb.int/attachments/2943cddb-0792-35fc-a9fe-f92b7d2a228b/Sitrepdate_31-08-2017.pdf,102.1404,0.0768,1329.179989070325,S1,observed,matched,70275.0,interim_s1_only,fs1-3016a20fd3ad,unavailable,,1268.8107,0.0805,102.1404,S1,,incomplete,llm_qa,complete,321,321,0,0,321,False,local_state_plus_targeted_bigquery,14,321,0.074937193290745,1715183.0,128531.0,1586652.0,2011,census_2011_official;file=census_2011_district_urban_rural.xlsx;sha256=acb01ddb965be41cf22a20f0e641fdbcc1f4a16e6b7bc9cf91478ce289f853e8;catalog=https://censusindia.gov.in/nada/index.php/catalog/42557,matched,186,resolved,article_collection_incomplete;article_count_missing_or_invalid,False
E055::alipurduar,E055,2017-0342-IND,West Bengal,Alipurduar,2017-08-11,2017-08-31,start:day|end:day,external_recovery,"[""{\""canonical_district\"": \""Alipurduar\"", \""circularity_risk\"": \""none\"", \""event_id\"": \""E055\"", \""evidence_note\"": \""Official MHA report explicitly enumerates affected West Bengal districts.\"", \""evidence_scope\"": \""exact_or_direct_event\"", \""evidence_type\"": \""direct_disaster_impact\"", \""mapping_row\"": 206, \""merge_rule\"": \""dedupe on event_id + canonical(state,district); preserve original source name\"", \""origin\"": \""prior_research_pass\"", \""source_class\"": \""official_government\"", \""source_title\"": \""Government of India MHA/NERC Situation Report, 31 Aug 2017\"", \""source_url\"": \""https://reliefweb.int/attachments/2943cddb-0792-35fc-a9fe-f92b7d2a228b/Sitrepdate_31-08-2017.pdf\"", \""source_verification\"": \""supplied_not_independently_verified\"", \""state\"": \""West Bengal\"", \""year\"": \""2017\""}""]",admin_units|gadm|location,"[""admin_units:1511"", ""gadm:IND.36_1"", ""location:(?<![A-Za-z])West\\ Bengal(?![A-Za-z])""]",district,official_government,direct_disaster_impact,none,https://reliefweb.int/attachments/2943cddb-0792-35fc-a9fe-f92b7d2a228b/Sitrepdate_31-08-2017.pdf,93.6276,0.0334,2805.571892812845,S1,observed,matched,76128533B23858286755005,interim_s1_only,fs1-3016a20fd3ad,unavailable,,2397.164,0.0391,93.6276,S1,102.0,partial,llm_qa_observed_lower_bound,complete,844,973,0,114,859,True,local_state_plus_targeted_bigquery,14,859,,,,,2011,census_2011_official,unmatched,,resolved,census_unmatched;census_invalid;census_population_inconsistent,False
E055::darjeeling,E055,2017-0342-IND,West Bengal,Darjeeling,2017-08-11,2017-08-31,start:day|end:day,external_recovery,"[""{\""canonical_district\"": \""Darjeeling\"", \""circularity_risk\"": \""none\"", \""event_id\"": \""E055\"", \""evidence_note\"": \""Official MHA report explicitly enumerates affected West Bengal districts.\"", \""evidence_scope\"": \""exact_or_direct_event\"", \""evidence_type\"": \""direct_disaster_impact\"", \""mapping_row\"": 211, \""merge_rule\"": \""dedupe on event_id + canonical(state,district); preserve original source name\"", \""origin\"": \""prior_research_pass\"", \""source_class\"": \""official_government\"", \""source_title\"": \""Government of India MHA/NERC Situation Report, 31 Aug 2017\"", \""source_url\"": \""https://reliefweb.int/attachments/2943cddb-0792-35fc-a9fe-f92b7d2a228b/Sitrepdate_31-08-2017.pdf\"", \""source_verification\"": \""supplied_not_independently_verified\"", \""state\"": \""West Bengal\"", \""year\"": \""2017\""}""]",admin_units|gadm|location,"[""admin_units:1511"", ""gadm:IND.36_1"", ""location:(?<![A-Za-z])West\\ Bengal(?![A-Za-z])""]",district,official_government,direct_disaster_impact,none,https://reliefweb.int/attachments/2943cddb-0792-35fc-a9fe-f92b7d2a228b/Sitrepdate_31-08-2017.pdf,5.5738,0.0027,2082.4452472301264,S1,observed,matched,76128533B17109302371020,interim_s1_only,fs1-3016a20fd3ad,unavailable,,826.6807,0.0067,5.5738,S1,25.0,partial,llm_qa_observed_lower_bound,complete,844,889,0,36,853,True,local_state_plus_targeted_bigquery,14,853,,,,,2011,census_2011_official,unmatched,,resolved,census_unmatched;census_invalid;census_population_inconsistent,False
E055::east%20medinipur,E055,2017-0342-IND,West Bengal,East Medinipur,2017-08-11,2017-08-31,start:day|end:day,external_recovery,"[""{\""canonical_district\"": \""East Medinipur\"", \""circularity_risk\"": \""none\"", \""event_id\"": \""E055\"", \""evidence_note\"": \""Official MHA report explicitly enumerates affected West Bengal districts.\"", \""evidence_scope\"": \""exact_or_direct_event\"", \""evidence_type\"": \""direct_disaster_impact\"", \""mapping_row\"": 212, \""merge_rule\"": \""dedupe on event_id + canonical(state,district); preserve original source name\"", \""origin\"": \""prior_research_pass\"", \""source_class\"": \""official_government\"", \""source_title\"": \""Government of India MHA/NERC Situation Report, 31 Aug 2017\"", \""source_url\"": \""https://reliefweb.int/attachments/2943cddb-0792-35fc-a9fe-f92b7d2a228b/Sitrepdate_31-08-2017.pdf\"", \""source_verification\"": \""supplied_not_independently_verified\"", \""state\"": \""West Bengal\"", \""year\"": \""2017\""}""]",admin_units|gadm|location,"[""admin_units:1511"", ""gadm:IND.36_1"", ""location:(?<![A-Za-z])West\\ Bengal(?![A-Za-z])""]",district,official_government,direct_disaster_impact,none,https://reliefweb.int/attachments/2943cddb-0792-35fc-a9fe-f92b7d2a228b/Sitrepdate_31-08-2017.pdf,550.3548,0.1308,4206.535570897585,S1,observed,matched,76128533B25373378863054,interim_s1_only,fs1-3016a20fd3ad,unavailable,,3810.954,0.1444,550.3548,S1,,incomplete,llm_qa,complete,844,844,0,0,844,False,local_state_plus_targeted_bigquery,14,844,0.1163125076655137,5095875.0,592714.0,4503161.0,2011,census_2011_official;file=census_2011_district_urban_rural.xlsx;sha256=acb01ddb965be41cf22a20f0e641fdbcc1f4a16e6b7bc9cf91478ce289f853e8;catalog=https://censusindia.gov.in/nada/index.php/catalog/42557;crosswalk=district_name_crosswalk.csv;sha256=c8dc691ab763e799cc1aafb29e9c17ab287710bd63447ad37281418d902c30e9,matched_crosswalk,345,resolved,article_collection_incomplete;article_count_missing_or_invalid,False
E055::jhargram,E055,2017-0342-IND,West Bengal,Jhargram,2017-08-11,2017-08-31,start:day|end:day,external_recovery,"[""{\""canonical_district\"": \""Jhargram\"", \""circularity_risk\"": \""none\"", \""event_id\"": \""E055\"", \""evidence_note\"": \""Official MHA report explicitly enumerates affected West Bengal districts.\"", \""evidence_scope\"": \""exact_or_direct_event\"", \""evidence_type\"": \""direct_disaster_impact\"", \""mapping_row\"": 216, \""merge_rule\"": \""dedupe on event_id + canonical(state,district); preserve original source name\"", \""origin\"": \""prior_research_pass\"", \""source_class\"": \""official_government\"", \""source_title\"": \""Government of India MHA/NERC Situation Report, 31 Aug 2017\"", \""source_url\"": \""https://reliefweb.int/attachments/2943cddb-0792-35fc-a9fe-f92b7d2a228b/Sitrepdate_31-08-2017.pdf\"", \""source_verification\"": \""supplied_not_independently_verified\"", \""state\"": \""West Bengal\"", \""year\"": \""2017\""}""]",admin_units|gadm|location,"[""admin_units:1511"", ""gadm:IND.36_1"", ""location:(?<![A-Za-z])West\\ Bengal(?![A-Za-z])""]",district,official_government,direct_disaster_impact,none,https://reliefweb.int/attachments/2943cddb-0792-35fc-a9fe-f92b7d2a228b/Sitrepdate_31-08-2017.pdf,86.6302,0.028,3096.557448030717,S1,observed,matched,76128533B24861976740713,interim_s1_only,fs1-3016a20fd3ad,unavailable,,2836.6669,0.0305,86.6302,S1,,incomplete,llm_qa,complete,844,844,0,0,844,False,local_state_plus_targeted_bigquery,14,844,,,,,2011,census_2011_official,unmatched,,resolved,article_collection_incomplete;article_count_missing_or_invalid;census_unmatched;census_invalid;census_population_inconsistent,False
E055::nadia,E055,2017-0342-IND,West Bengal,Nadia,2017-08-11,2017-08-31,start:day|end:day,external_recovery,"[""{\""canonical_district\"": \""Nadia\"", \""circularity_risk\"": \""none\"", \""event_id\"": \""E055\"", \""evidence_note\"": \""Official MHA report explicitly enumerates affected West Bengal districts.\"", \""evidence_scope\"": \""exact_or_direct_event\"", \""evidence_type\"": \""direct_disaster_impact\"", \""mapping_row\"": 219, \""merge_rule\"": \""dedupe on event_id + canonical(state,district); preserve original source name\"", \""origin\"": \""prior_research_pass\"", \""source_class\"": \""official_government\"", \""source_title\"": \""Government of India MHA/NERC Situation Report, 31 Aug 2017\"", \""source_url\"": \""https://reliefweb.int/attachments/2943cddb-0792-35fc-a9fe-f92b7d2a228b/Sitrepdate_31-08-2017.pdf\"", \""source_verification\"": \""supplied_not_independently_verified\"", \""state\"": \""West Bengal\"", \""year\"": \""2017\""}""]",admin_units|gadm|location,"[""admin_units:1511"", ""gadm:IND.36_1"", ""location:(?<![A-Za-z])West\\ Bengal(?![A-Za-z])""]",district,official_government,direct_disaster_impact,none,https://reliefweb.int/attachments/2943cddb-0792-35fc-a9fe-f92b7d2a228b/Sitrepdate_31-08-2017.pdf,282.4446,0.0707,3995.2318634205153,S1,observed,matched,17956.0,interim_s1_only,fs1-3016a20fd3ad,unavailable,,3646.9459,0.0774,282.4446,S1,,incomplete,llm_qa,complete,844,844,0,0,844,False,local_state_plus_targeted_bigquery,14,844,0.278441249322703,5167600.0,1438873.0,3728727.0,2011,census_2011_official;file=census_2011_district_urban_rural.xlsx;sha256=acb01ddb965be41cf22a20f0e641fdbcc1f4a16e6b7bc9cf91478ce289f853e8;catalog=https://censusindia.gov.in/nada/index.php/catalog/42557,matched,336,resolved,article_collection_incomplete;article_count_missing_or_invalid,False
E055::north%2024%20parganas,E055,2017-0342-IND,West Bengal,North 24 Parganas,2017-08-11,2017-08-31,start:day|end:day,external_recovery,"[""{\""canonical_district\"": \""North 24 Parganas\"", \""circularity_risk\"": \""none\"", \""event_id\"": \""E055\"", \""evidence_note\"": \""Official MHA report explicitly enumerates affected West Bengal districts.\"", \""evidence_scope\"": \""exact_or_direct_event\"", \""evidence_type\"": \""direct_disaster_impact\"", \""mapping_row\"": 220, \""merge_rule\"": \""dedupe on event_id + canonical(state,district); preserve original source name\"", \""origin\"": \""prior_research_pass\"", \""source_class\"": \""official_government\"", \""source_title\"": \""Government of India MHA/NERC Situation Report, 31 Aug 2017\"", \""source_url\"": \""https://reliefweb.int/attachments/2943cddb-0792-35fc-a9fe-f92b7d2a228b/Sitrepdate_31-08-2017.pdf\"", \""source_verification\"": \""supplied_not_independently_verified\"", \""state\"": \""West Bengal\"", \""year\"": \""2017\""}""]",admin_units|gadm|location,"[""admin_units:1511"", ""gadm:IND.36_1"", ""location:(?<![A-Za-z])West\\ Bengal(?![A-Za-z])""]",district,official_government,direct_disaster_impact,none,https://reliefweb.int/attachments/2943cddb-0792-35fc-a9fe-f92b7d2a228b/Sitrepdate_31-08-2017.pdf,321.2649,0.0535,6006.604976683008,S1,observed,matched,70293.0,interim_s1_only,fs1-3016a20fd3ad,unavailable,,5030.4328,0.0639,321.2649,S1,,incomplete,llm_qa,complete,844,844,0,0,844,False,local_state_plus_targeted_bigquery,14,844,0.5726560850831801,10009781.0,5732162.0,4277619.0,2011,census_2011_official;file=census_2011_district_urban_rural.xlsx;sha256=acb01ddb965be41cf22a20f0e641fdbcc1f4a16e6b7bc9cf91478ce289f853e8;catalog=https://censusindia.gov.in/nada/index.php/catalog/42557;crosswalk=district_name_crosswalk.csv;sha256=c8dc691ab763e799cc1aafb29e9c17ab287710bd63447ad37281418d902c30e9,matched_crosswalk,337,resolved,article_collection_incomplete;article_count_missing_or_invalid,False
E055::paschim%20bardhaman,E055,2017-0342-IND,West Bengal,Paschim Bardhaman,2017-08-11,2017-08-31,start:day|end:day,external_recovery,"[""{\""canonical_district\"": \""Paschim Bardhaman\"", \""circularity_risk\"": \""none\"", \""event_id\"": \""E055\"", \""evidence_note\"": \""Official MHA report explicitly enumerates affected West Bengal districts.\"", \""evidence_scope\"": \""exact_or_direct_event\"", \""evidence_type\"": \""direct_disaster_impact\"", \""mapping_row\"": 221, \""merge_rule\"": \""dedupe on event_id + canonical(state,district); preserve original source name\"", \""origin\"": \""prior_research_pass\"", \""source_class\"": \""official_government\"", \""source_title\"": \""Government of India MHA/NERC Situation Report, 31 Aug 2017\"", \""source_url\"": \""https://reliefweb.int/attachments/2943cddb-0792-35fc-a9fe-f92b7d2a228b/Sitrepdate_31-08-2017.pdf\"", \""source_verification\"": \""supplied_not_independently_verified\"", \""state\"": \""West Bengal\"", \""year\"": \""2017\""}""]",admin_units|gadm|location,"[""admin_units:1511"", ""gadm:IND.36_1"", ""location:(?<![A-Za-z])West\\ Bengal(?![A-Za-z])""]",district,official_government,direct_disaster_impact,none,https://reliefweb.int/attachments/2943cddb-0792-35fc-a9fe-f92b7d2a228b/Sitrepdate_31-08-2017.pdf,30.0283,0.0183,1638.342752616779,S1,observed,matched,76128533B60845263086042,interim_s1_only,fs1-3016a20fd3ad,unavailable,,1491.1966,0.0201,30.0283,S1,,incomplete,llm_qa,complete,844,844,0,0,844,False,local_state_plus_targeted_bigquery,14,844,,,,,2011,census_2011_official,unmatched,,resolved,article_collection_incomplete;article_count_missing_or_invalid;census_unmatched;census_invalid;census_population_inconsistent,False
E055::purba%20bardhaman,E055,2017-0342-IND,West Bengal,Purba Bardhaman,2017-08-11,2017-08-31,start:day|end:day,external_recovery,"[""{\""canonical_district\"": \""Purba Bardhaman\"", \""circularity_risk\"": \""none\"", \""event_id\"": \""E055\"", \""evidence_note\"": \""Official MHA report explicitly enumerates affected West Bengal districts.\"", \""evidence_scope\"": \""exact_or_direct_event\"", \""evidence_type\"": \""direct_disaster_impact\"", \""mapping_row\"": 222, \""merge_rule\"": \""dedupe on event_id + canonical(state,district); preserve original source name\"", \""origin\"": \""prior_research_pass\"", \""source_class\"": \""official_government\"", \""source_title\"": \""Government of India MHA/NERC Situation Report, 31 Aug 2017\"", \""source_url\"": \""https://reliefweb.int/attachments/2943cddb-0792-35fc-a9fe-f92b7d2a228b/Sitrepdate_31-08-2017.pdf\"", \""source_verification\"": \""supplied_not_independently_verified\"", \""state\"": \""West Bengal\"", \""year\"": \""2017\""}""]",admin_units|gadm|location,"[""admin_units:1511"", ""gadm:IND.36_1"", ""location:(?<![A-Za-z])West\\ Bengal(?![A-Za-z])""]",district,official_government,direct_disaster_impact,none,https://reliefweb.int/attachments/2943cddb-0792-35fc-a9fe-f92b7d2a228b/Sitrepdate_31-08-2017.pdf,286.2655,0.053,5396.808202076832,S1,observed,matched,76128533B59121537940607,interim_s1_only,fs1-3016a20fd3ad,unavailable,,5222.3159,0.0548,286.2655,S1,,incomplete,llm_qa,complete,844,844,0,0,844,False,local_state_plus_targeted_bigquery,14,844,,,,,2011,census_2011_official,unmatched,,resolved,article_collection_incomplete;article_count_missing_or_invalid;census_unmatched;census_invalid;census_population_inconsistent,False
E055::purulia,E055,2017-0342-IND,West Bengal,Purulia,2017-08-11,2017-08-31,start:day|end:day,external_recovery,"[""{\""canonical_district\"": \""Purulia\"", \""circularity_risk\"": \""none\"", \""event_id\"": \""E055\"", \""evidence_note\"": \""Official MHA report explicitly enumerates affected West Bengal districts.\"", \""evidence_scope\"": \""exact_or_direct_event\"", \""evidence_type\"": \""direct_disaster_impact\"", \""mapping_row\"": 223, \""merge_rule\"": \""dedupe on event_id + canonical(state,district); preserve original source name\"", \""origin\"": \""prior_research_pass\"", \""source_class\"": \""official_government\"", \""source_title\"": \""Government of India MHA/NERC Situation Report, 31 Aug 2017\"", \""source_url\"": \""https://reliefweb.int/attachments/2943cddb-0792-35fc-a9fe-f92b7d2a228b/Sitrepdate_31-08-2017.pdf\"", \""source_verification\"": \""supplied_not_independently_verified\"", \""state\"": \""West Bengal\"", \""year\"": \""2017\""}""]",admin_units|gadm|location,"[""admin_units:1511"", ""gadm:IND.36_1"", ""location:(?<![A-Za-z])West\\ Bengal(?![A-Za-z])""]",district,official_government,direct_disaster_impact,none,https://reliefweb.int/attachments/2943cddb-0792-35fc-a9fe-f92b7d2a228b/Sitrepdate_31-08-2017.pdf,111.2853,0.0178,6255.530346174724,S1,observed,matched,76128533B16811573188243,interim_s1_only,fs1-3016a20fd3ad,unavailable,,5092.3092,0.0219,111.2853,S1,,incomplete,llm_qa,complete,844,845,0,0,845,False,local_state_plus_targeted_bigquery,14,845,0.1274059209280182,2930115.0,373314.0,2556801.0,2011,census_2011_official;file=census_2011_district_urban_rural.xlsx;sha256=acb01ddb965be41cf22a20f0e641fdbcc1f4a16e6b7bc9cf91478ce289f853e8;catalog=https://censusindia.gov.in/nada/index.php/catalog/42557;crosswalk=district_name_crosswalk.csv;sha256=c8dc691ab763e799cc1aafb29e9c17ab287710bd63447ad37281418d902c30e9,matched_crosswalk,340,resolved,article_collection_incomplete;article_count_missing_or_invalid,False
E055::south%2024%20parganas,E055,2017-0342-IND,West Bengal,South 24 Parganas,2017-08-11,2017-08-31,start:day|end:day,external_recovery,"[""{\""canonical_district\"": \""South 24 Parganas\"", \""circularity_risk\"": \""none\"", \""event_id\"": \""E055\"", \""evidence_note\"": \""Official MHA report explicitly enumerates affected West Bengal districts.\"", \""evidence_scope\"": \""exact_or_direct_event\"", \""evidence_type\"": \""direct_disaster_impact\"", \""mapping_row\"": 224, \""merge_rule\"": \""dedupe on event_id + canonical(state,district); preserve original source name\"", \""origin\"": \""prior_research_pass\"", \""source_class\"": \""official_government\"", \""source_title\"": \""Government of India MHA/NERC Situation Report, 31 Aug 2017\"", \""source_url\"": \""https://reliefweb.int/attachments/2943cddb-0792-35fc-a9fe-f92b7d2a228b/Sitrepdate_31-08-2017.pdf\"", \""source_verification\"": \""supplied_not_independently_verified\"", \""state\"": \""West Bengal\"", \""year\"": \""2017\""}""]",admin_units|gadm|location,"[""admin_units:1511"", ""gadm:IND.36_1"", ""location:(?<![A-Za-z])West\\ Bengal(?![A-Za-z])""]",district,official_government,direct_disaster_impact,none,https://reliefweb.int/attachments/2943cddb-0792-35fc-a9fe-f92b7d2a228b/Sitrepdate_31-08-2017.pdf,374.3912,0.068,5503.307786632012,S1,observed,matched,70294.0,interim_s1_only,fs1-3016a20fd3ad,unavailable,,4761.6074,0.0786,374.3912,S1,,incomplete,llm_qa,complete,844,844,0,0,844,False,local_state_plus_targeted_bigquery,14,844,0.2557930624760398,8161961.0,2087773.0,6074188.0,2011,census_2011_official;file=census_2011_district_urban_rural.xlsx;sha256=acb01ddb965be41cf22a20f0e641fdbcc1f4a16e6b7bc9cf91478ce289f853e8;catalog=https://censusindia.gov.in/nada/index.php/catalog/42557;crosswalk=district_name_crosswalk.csv;sha256=c8dc691ab763e799cc1aafb29e9c17ab287710bd63447ad37281418d902c30e9,matched_crosswalk,343,resolved,article_collection_incomplete;article_count_missing_or_invalid,False
E055::west%20medinipur,E055,2017-0342-IND,West Bengal,West Medinipur,2017-08-11,2017-08-31,start:day|end:day,external_recovery,"[""{\""canonical_district\"": \""West Medinipur\"", \""circularity_risk\"": \""none\"", \""event_id\"": \""E055\"", \""evidence_note\"": \""Official MHA report explicitly enumerates affected West Bengal districts.\"", \""evidence_scope\"": \""exact_or_direct_event\"", \""evidence_type\"": \""direct_disaster_impact\"", \""mapping_row\"": 226, \""merge_rule\"": \""dedupe on event_id + canonical(state,district); preserve original source name\"", \""origin\"": \""prior_research_pass\"", \""source_class\"": \""official_government\"", \""source_title\"": \""Government of India MHA/NERC Situation Report, 31 Aug 2017\"", \""source_url\"": \""https://reliefweb.int/attachments/2943cddb-0792-35fc-a9fe-f92b7d2a228b/Sitrepdate_31-08-2017.pdf\"", \""source_verification\"": \""supplied_not_independently_verified\"", \""state\"": \""West Bengal\"", \""year\"": \""2017\""}""]",admin_units|gadm|location,"[""admin_units:1511"", ""gadm:IND.36_1"", ""location:(?<![A-Za-z])West\\ Bengal(?![A-Za-z])""]",district,official_government,direct_disaster_impact,none,https://reliefweb.int/attachments/2943cddb-0792-35fc-a9fe-f92b7d2a228b/Sitrepdate_31-08-2017.pdf,1094.269,0.1741,6284.990303075887,S1,observed,matched,76128533B88812350838807,interim_s1_only,fs1-3016a20fd3ad,unavailable,,6123.409,0.1787,1094.269,S1,1.0,partial,llm_qa_observed_lower_bound,complete,844,845,0,1,844,True,local_state_plus_targeted_bigquery,14,844,,,,,2011,census_2011_official,unmatched,,resolved,census_unmatched;census_invalid;census_population_inconsistent,False
E056::mau,E056,2017-0517-IND,Uttar Pradesh,Mau,2017-08-16,2017-08-23,start:day|end:day,admin_units|gadm,"[""admin_units:Mau"", ""gadm:IND.34.54_1""]",gadm|location,"[""gadm:IND.34.10_1"", ""gadm:IND.34.11_1"", ""gadm:IND.34.12_1"", ""gadm:IND.34.14_1"", ""gadm:IND.34.16_1"", ""gadm:IND.34.17_1"", ""gadm:IND.34.18_1"", ""gadm:IND.34.22_1"", ""gadm:IND.34.25_1"", ""gadm:IND.34.26_1"", ""gadm:IND.34.31_1"", ""gadm:IND.34.32_1"", ""gadm:IND.34.33_1"", ""gadm:IND.34.46_1"", ""gadm:IND.34.47_1"", ""gadm:IND.34.4_1"", ""gadm:IND.34.50_1"", ""gadm:IND.34.54_1"", ""gadm:IND.34.56_1"", ""gadm:IND.34.58_1"", ""gadm:IND.34.59_1"", ""gadm:IND.34.65_1"", ""gadm:IND.34.68_1"", ""gadm:IND.34.69_1"", ""gadm:IND.34.70_1"", ""gadm:IND.34.71_1"", ""gadm:IND.34.8_1"", ""location:(?<![A-Za-z])Uttar\\ Pradesh(?![A-Za-z])""]",district,,,,,68.8046,0.0332,2070.491760227604,S1,observed,matched,70274.0,interim_s1_only,fs1-3016a20fd3ad,unavailable,,1950.1749,0.0353,68.8046,S1,,incomplete,llm_qa,complete,1659,1659,0,0,1659,False,local_state_plus_targeted_bigquery,14,1659,0.2262988402370297,2205968.0,499208.0,1706760.0,2011,census_2011_official;file=census_2011_district_urban_rural.xlsx;sha256=acb01ddb965be41cf22a20f0e641fdbcc1f4a16e6b7bc9cf91478ce289f853e8;catalog=https://censusindia.gov.in/nada/index.php/catalog/42557,matched,192,resolved,article_collection_incomplete;article_count_missing_or_invalid,False
E056::shamli,E056,2017-0517-IND,Uttar Pradesh,Shamli,2017-08-16,2017-08-23,start:day|end:day,gadm,"[""gadm:IND.34.68_1""]",gadm|location,"[""gadm:IND.34.10_1"", ""gadm:IND.34.11_1"", ""gadm:IND.34.12_1"", ""gadm:IND.34.14_1"", ""gadm:IND.34.16_1"", ""gadm:IND.34.17_1"", ""gadm:IND.34.18_1"", ""gadm:IND.34.22_1"", ""gadm:IND.34.25_1"", ""gadm:IND.34.26_1"", ""gadm:IND.34.31_1"", ""gadm:IND.34.32_1"", ""gadm:IND.34.33_1"", ""gadm:IND.34.46_1"", ""gadm:IND.34.47_1"", ""gadm:IND.34.4_1"", ""gadm:IND.34.50_1"", ""gadm:IND.34.54_1"", ""gadm:IND.34.56_1"", ""gadm:IND.34.58_1"", ""gadm:IND.34.59_1"", ""gadm:IND.34.65_1"", ""gadm:IND.34.68_1"", ""gadm:IND.34.69_1"", ""gadm:IND.34.70_1"", ""gadm:IND.34.71_1"", ""gadm:IND.34.8_1"", ""location:(?<![A-Za-z])Uttar\\ Pradesh(?![A-Za-z])""]",district,,,,,93.4927,0.0699,1337.6082125858356,S1,observed,matched,76128533B35465481868600,interim_s1_only,fs1-3016a20fd3ad,unavailable,,1270.0296,0.0736,93.4927,S1,0.0,partial,llm_qa_observed_lower_bound,complete,1659,1660,0,1,1659,True,local_state_plus_targeted_bigquery,14,1659,,,,,2011,census_2011_official,unmatched,,resolved,census_unmatched;census_invalid;census_population_inconsistent,False
E057::palghar,E057,2017-0364-IND,Maharashtra,Palghar,2017-08-29,2017-08-29,start:day|end:day,gadm,"[""gadm:IND.20.24_1""]",gadm|location,"[""gadm:IND.20.17_1"", ""gadm:IND.20.18_1"", ""gadm:IND.20.24_1"", ""gadm:IND.20.33_1"", ""location:(?<![A-Za-z])Maharashtra(?![A-Za-z])"", ""location:Thane""]",district,,,,,28.4406,0.0053,5355.281971404182,S1,observed,matched,76128533B37148244536449,interim_s1_only,fs1-3016a20fd3ad,unavailable,,2858.6379,0.0099,28.4406,S1,6.0,partial,llm_qa_observed_lower_bound,complete,2074,2085,0,8,2077,True,local_state_plus_targeted_bigquery,14,2077,,,,,2011,census_2011_official,unmatched,,resolved,census_unmatched;census_invalid;census_population_inconsistent,False
E059::gomati,E059,2018-0213-IND,Tripura,Gomati,2018-05-17,2018-05-20,start:day|end:day,external_recovery,"[""{\""canonical_district\"": \""Gomati\"", \""circularity_risk\"": \""none\"", \""end_date\"": \""2018-05-20\"", \""event_id\"": \""E059\"", \""evidence_note\"": \""Government cumulative reporting says all eight Tripura districts affected; report is close but after E059 event dates.\"", \""evidence_scope\"": \""official_cumulative_close_to_event\"", \""evidence_type\"": \""seasonal_cumulative\"", \""mapping_row\"": 228, \""merge_rule\"": \""dedupe on event_id + canonical(state,district); retain all source provenance\"", \""origin\"": \""exhaustive_followup\"", \""source_class\"": \""official_government\"", \""source_record_id\"": \""2018-0213-IND\"", \""source_title\"": \""MHA/NERC Tripura flood situation report, June 2018\"", \""source_url\"": \""https://ndmindia.mha.gov.in/ndmi/viewUploadedDocument?uid=NEW520\"", \""source_verification\"": \""supplied_not_independently_verified\"", \""start_date\"": \""2018-05-17\"", \""state\"": \""Tripura\"", \""year\"": \""2018\""}""]",admin_units|gadm|location,"[""admin_units:1509"", ""gadm:IND.33_1"", ""location:(?<![A-Za-z])Tripura(?![A-Za-z])""]",district,official_government,seasonal_cumulative,none,https://ndmindia.mha.gov.in/ndmi/viewUploadedDocument?uid=NEW520,12.3284,0.0076,1617.9532415826357,S1,observed,matched,76128533B94126463611805,interim_s1_only,fs1-3016a20fd3ad,unavailable,,610.8811,0.0202,12.3284,S1,9.0,partial,llm_qa_observed_lower_bound,complete,54,65,0,9,56,True,local_state_plus_targeted_bigquery,14,56,,,,,2011,census_2011_official,unmatched,,resolved,census_unmatched;census_invalid;census_population_inconsistent,False
E059::khowai,E059,2018-0213-IND,Tripura,Khowai,2018-05-17,2018-05-20,start:day|end:day,external_recovery,"[""{\""canonical_district\"": \""Khowai\"", \""circularity_risk\"": \""none\"", \""end_date\"": \""2018-05-20\"", \""event_id\"": \""E059\"", \""evidence_note\"": \""Government cumulative reporting says all eight Tripura districts affected; report is close but after E059 event dates.\"", \""evidence_scope\"": \""official_cumulative_close_to_event\"", \""evidence_type\"": \""seasonal_cumulative\"", \""mapping_row\"": 229, \""merge_rule\"": \""dedupe on event_id + canonical(state,district); retain all source provenance\"", \""origin\"": \""exhaustive_followup\"", \""source_class\"": \""official_government\"", \""source_record_id\"": \""2018-0213-IND\"", \""source_title\"": \""MHA/NERC Tripura flood situation report, June 2018\"", \""source_url\"": \""https://ndmindia.mha.gov.in/ndmi/viewUploadedDocument?uid=NEW520\"", \""source_verification\"": \""supplied_not_independently_verified\"", \""start_date\"": \""2018-05-17\"", \""state\"": \""Tripura\"", \""year\"": \""2018\""}""]",admin_units|gadm|location,"[""admin_units:1509"", ""gadm:IND.33_1"", ""location:(?<![A-Za-z])Tripura(?![A-Za-z])""]",district,official_government,seasonal_cumulative,none,https://ndmindia.mha.gov.in/ndmi/viewUploadedDocument?uid=NEW520,1.1592,0.0011,1046.189742159586,S1,observed,matched,76128533B67044589012853,interim_s1_only,fs1-3016a20fd3ad,unavailable,,465.6732,0.0025,1.1592,S1,8.0,partial,llm_qa_observed_lower_bound,complete,54,62,0,8,54,True,local_state_plus_targeted_bigquery,14,54,,,,,2011,census_2011_official,unmatched,,resolved,census_unmatched;census_invalid;census_population_inconsistent,False
E059::sepahijala,E059,2018-0213-IND,Tripura,Sepahijala,2018-05-17,2018-05-20,start:day|end:day,external_recovery,"[""{\""canonical_district\"": \""Sepahijala\"", \""circularity_risk\"": \""none\"", \""end_date\"": \""2018-05-20\"", \""event_id\"": \""E059\"", \""evidence_note\"": \""Government cumulative reporting says all eight Tripura districts affected; report is close but after E059 event dates.\"", \""evidence_scope\"": \""official_cumulative_close_to_event\"", \""evidence_type\"": \""seasonal_cumulative\"", \""mapping_row\"": 231, \""merge_rule\"": \""dedupe on event_id + canonical(state,district); retain all source provenance\"", \""origin\"": \""exhaustive_followup\"", \""source_class\"": \""official_government\"", \""source_record_id\"": \""2018-0213-IND\"", \""source_title\"": \""MHA/NERC Tripura flood situation report, June 2018\"", \""source_url\"": \""https://ndmindia.mha.gov.in/ndmi/viewUploadedDocument?uid=NEW520\"", \""source_verification\"": \""supplied_not_independently_verified\"", \""start_date\"": \""2018-05-17\"", \""state\"": \""Tripura\"", \""year\"": \""2018\""}""]",admin_units|gadm|location,"[""admin_units:1509"", ""gadm:IND.33_1"", ""location:(?<![A-Za-z])Tripura(?![A-Za-z])""]",district,official_government,seasonal_cumulative,none,https://ndmindia.mha.gov.in/ndmi/viewUploadedDocument?uid=NEW520,9.6727,0.009,1071.1594978769108,S1,observed,matched,76128533B43965372582859,interim_s1_only,fs1-3016a20fd3ad,unavailable,,589.2958,0.0164,9.6727,S1,1.0,partial,llm_qa_observed_lower_bound,complete,54,55,0,1,54,True,local_state_plus_targeted_bigquery,14,54,,,,,2011,census_2011_official,unmatched,,resolved,census_unmatched;census_invalid;census_population_inconsistent,False
E059::south%20tripura,E059,2018-0213-IND,Tripura,South Tripura,2018-05-17,2018-05-20,start:day|end:day,external_recovery,"[""{\""canonical_district\"": \""South Tripura\"", \""circularity_risk\"": \""none\"", \""end_date\"": \""2018-05-20\"", \""event_id\"": \""E059\"", \""evidence_note\"": \""Government cumulative reporting says all eight Tripura districts affected; report is close but after E059 event dates.\"", \""evidence_scope\"": \""official_cumulative_close_to_event\"", \""evidence_type\"": \""seasonal_cumulative\"", \""mapping_row\"": 232, \""merge_rule\"": \""dedupe on event_id + canonical(state,district); retain all source provenance\"", \""origin\"": \""exhaustive_followup\"", \""source_class\"": \""official_government\"", \""source_record_id\"": \""2018-0213-IND\"", \""source_title\"": \""MHA/NERC Tripura flood situation report, June 2018\"", \""source_url\"": \""https://ndmindia.mha.gov.in/ndmi/viewUploadedDocument?uid=NEW520\"", \""source_verification\"": \""supplied_not_independently_verified\"", \""start_date\"": \""2018-05-17\"", \""state\"": \""Tripura\"", \""year\"": \""2018\""}""]",admin_units|gadm|location,"[""admin_units:1509"", ""gadm:IND.33_1"", ""location:(?<![A-Za-z])Tripura(?![A-Za-z])""]",district,official_government,seasonal_cumulative,none,https://ndmindia.mha.gov.in/ndmi/viewUploadedDocument?uid=NEW520,15.3488,0.0048,3224.504208632636,S1,observed,matched,17886.0,interim_s1_only,fs1-3016a20fd3ad,unavailable,,1349.3356,0.0114,15.3488,S1,,incomplete,llm_qa,complete,54,54,0,0,54,False,local_state_plus_targeted_bigquery,14,54,0.1404461867052663,876001.0,123031.0,752970.0,2011,census_2011_official;file=census_2011_district_urban_rural.xlsx;sha256=acb01ddb965be41cf22a20f0e641fdbcc1f4a16e6b7bc9cf91478ce289f853e8;catalog=https://censusindia.gov.in/nada/index.php/catalog/42557,matched,290,resolved,article_collection_incomplete;article_count_missing_or_invalid,False
E059::unakoti,E059,2018-0213-IND,Tripura,Unakoti,2018-05-17,2018-05-20,start:day|end:day,external_recovery,"[""{\""canonical_district\"": \""Unakoti\"", \""circularity_risk\"": \""none\"", \""end_date\"": \""2018-05-20\"", \""event_id\"": \""E059\"", \""evidence_note\"": \""Government cumulative reporting says all eight Tripura districts affected; report is close but after E059 event dates.\"", \""evidence_scope\"": \""official_cumulative_close_to_event\"", \""evidence_type\"": \""seasonal_cumulative\"", \""mapping_row\"": 233, \""merge_rule\"": \""dedupe on event_id + canonical(state,district); retain all source provenance\"", \""origin\"": \""exhaustive_followup\"", \""source_class\"": \""official_government\"", \""source_record_id\"": \""2018-0213-IND\"", \""source_title\"": \""MHA/NERC Tripura flood situation report, June 2018\"", \""source_url\"": \""https://ndmindia.mha.gov.in/ndmi/viewUploadedDocument?uid=NEW520\"", \""source_verification\"": \""supplied_not_independently_verified\"", \""start_date\"": \""2018-05-17\"", \""state\"": \""Tripura\"", \""year\"": \""2018\""}""]",admin_units|gadm|location,"[""admin_units:1509"", ""gadm:IND.33_1"", ""location:(?<![A-Za-z])Tripura(?![A-Za-z])""]",district,official_government,seasonal_cumulative,none,https://ndmindia.mha.gov.in/ndmi/viewUploadedDocument?uid=NEW520,1.4855,0.0023,657.9288906584868,S1,observed,matched,76128533B4720703924950,interim_s1_only,fs1-3016a20fd3ad,unavailable,,280.4761,0.0053,1.4855,S1,,incomplete,llm_qa,complete,54,54,0,0,54,False,local_state_plus_targeted_bigquery,14,54,,,,,2011,census_2011_official,unmatched,,resolved,article_collection_incomplete;article_count_missing_or_invalid;census_unmatched;census_invalid;census_population_inconsistent,False
E061::east%20karbi%20anglong,E061,2018-0205-IND,Assam,East Karbi Anglong,2018-06-22,2018-07-03,start:day|end:day,external_recovery,"[""{\""canonical_district\"": \""East Karbi Anglong\"", \""circularity_risk\"": \""none\"", \""event_id\"": \""E061\"", \""evidence_note\"": \""Official MHA report explicitly lists nine affected Assam districts.\"", \""evidence_scope\"": \""exact_or_direct_event\"", \""evidence_type\"": \""direct_disaster_impact\"", \""mapping_row\"": 237, \""merge_rule\"": \""dedupe on event_id + canonical(state,district); preserve original source name\"", \""origin\"": \""prior_research_pass\"", \""source_class\"": \""official_government\"", \""source_title\"": \""Government of India MHA/NERC Situation Report, 21 Jun 2018\"", \""source_url\"": \""https://reliefweb.int/attachments/745f82ac-a1c6-3f90-83c0-f33dba4a2c39/Situation-report-21-1800.pdf\"", \""source_verification\"": \""supplied_not_independently_verified\"", \""state\"": \""Assam\"", \""year\"": \""2018\""}""]",admin_units|gadm|location,"[""admin_units:1487"", ""gadm:IND.4_1"", ""location:(?<![A-Za-z])Assam(?![A-Za-z])""]",district,official_government,direct_disaster_impact,none,https://reliefweb.int/attachments/745f82ac-a1c6-3f90-83c0-f33dba4a2c39/Situation-report-21-1800.pdf,116.6973,0.016,7303.723967073078,S1,observed,matched,76128533B38548995376745,interim_s1_only,fs1-3016a20fd3ad,unavailable,,2178.5669,0.0536,116.6973,S1,,incomplete,llm_qa,complete,178,178,0,0,178,False,local_state_plus_targeted_bigquery,14,178,0.1438872540490653,660955.0,95103.0,565852.0,2011,census_2011_recovery;method=official_retabulation;url=https://des.assam.gov.in/sites/default/files/swf_utility_folder/departments/ecostat_medhassu_in_oid_3/this_comm/statistical_abstract_assam_2021.pdf;table=Table 1.02; printed page 4; PDF page 19;notes=Official 2011 population retabulated to the district definition in the cited source. No parent-district population substitution; not an event-year population estimate.;population_source=https://des.assam.gov.in/sites/default/files/swf_utility_folder/departments/ecostat_medhassu_in_oid_3/this_comm/statistical_abstract_assam_2021.pdf;file=district_census_recovery.json;sha256=d452a6f74338bb2f237f3d014518ab361f6b2d7436bac837b8a1cb97d050bac0,matched_crosswalk,retabulated:assam:East Karbi Anglong,resolved,article_collection_incomplete;article_count_missing_or_invalid,False
E069::charaideo,E069,2018-0295-IND,Assam,Charaideo,2018-08-07,2018-08-20,start:day|end:day,external_recovery,"[""{\""canonical_district\"": \""Charaideo\"", \""circularity_risk\"": \""none\"", \""event_id\"": \""E069\"", \""evidence_note\"": \""Official cumulative monsoon affected-district list; useful supplement but may span more than one flood pulse.\"", \""evidence_scope\"": \""seasonal_or_cumulative\"", \""evidence_type\"": \""seasonal_cumulative\"", \""mapping_row\"": 252, \""merge_rule\"": \""dedupe on event_id + canonical(state,district); preserve original source name\"", \""origin\"": \""prior_research_pass\"", \""source_class\"": \""official_government\"", \""source_title\"": \""Government of India MHA/NERC Situation Report, 4 Oct 2018\"", \""source_url\"": \""https://reliefweb.int/attachments/8e07589b-8b45-39ce-8185-6ce76bb70764/Situation%20report_04102018.pdf\"", \""source_verification\"": \""supplied_not_independently_verified\"", \""state\"": \""Assam\"", \""year\"": \""2018\""}""]",admin_units|gadm|location,"[""admin_units:1487"", ""gadm:IND.4_1"", ""location:(?<![A-Za-z])Assam(?![A-Za-z])""]",district,official_government,seasonal_cumulative,none,https://reliefweb.int/attachments/8e07589b-8b45-39ce-8185-6ce76bb70764/Situation%20report_04102018.pdf,24.5204,0.0233,1051.5010239181354,S1,observed,matched,76128533B89228414823983,interim_s1_only,fs1-3016a20fd3ad,unavailable,,956.9246,0.0256,24.5204,S1,,incomplete,llm_qa,complete,81,81,0,0,81,False,local_state_plus_targeted_bigquery,14,81,0.0648103529103932,458615.0,29723.0,428892.0,2011,census_2011_recovery;method=official_retabulation;url=https://des.assam.gov.in/sites/default/files/swf_utility_folder/departments/ecostat_medhassu_in_oid_3/this_comm/statistical_abstract_assam_2021.pdf;table=Table 1.02; printed page 4; PDF page 19;notes=Official 2011 population retabulated to the district definition in the cited source. No parent-district population substitution; not an event-year population estimate.;population_source=https://des.assam.gov.in/sites/default/files/swf_utility_folder/departments/ecostat_medhassu_in_oid_3/this_comm/statistical_abstract_assam_2021.pdf;file=district_census_recovery.json;sha256=d452a6f74338bb2f237f3d014518ab361f6b2d7436bac837b8a1cb97d050bac0,matched_crosswalk,retabulated:assam:Charaideo,resolved,article_collection_incomplete;article_count_missing_or_invalid,False
E069::dibrugarh,E069,2018-0295-IND,Assam,Dibrugarh,2018-08-07,2018-08-20,start:day|end:day,external_recovery,"[""{\""canonical_district\"": \""Dibrugarh\"", \""circularity_risk\"": \""none\"", \""event_id\"": \""E069\"", \""evidence_note\"": \""Official cumulative monsoon affected-district list; useful supplement but may span more than one flood pulse.\"", \""evidence_scope\"": \""seasonal_or_cumulative\"", \""evidence_type\"": \""seasonal_cumulative\"", \""mapping_row\"": 256, \""merge_rule\"": \""dedupe on event_id + canonical(state,district); preserve original source name\"", \""origin\"": \""prior_research_pass\"", \""source_class\"": \""official_government\"", \""source_title\"": \""Government of India MHA/NERC Situation Report, 4 Oct 2018\"", \""source_url\"": \""https://reliefweb.int/attachments/8e07589b-8b45-39ce-8185-6ce76bb70764/Situation%20report_04102018.pdf\"", \""source_verification\"": \""supplied_not_independently_verified\"", \""state\"": \""Assam\"", \""year\"": \""2018\""}""]",admin_units|gadm|location,"[""admin_units:1487"", ""gadm:IND.4_1"", ""location:(?<![A-Za-z])Assam(?![A-Za-z])""]",district,official_government,seasonal_cumulative,none,https://reliefweb.int/attachments/8e07589b-8b45-39ce-8185-6ce76bb70764/Situation%20report_04102018.pdf,31.8206,0.0094,3397.4818067287138,S1,observed,matched,17580.0,interim_s1_only,fs1-3016a20fd3ad,unavailable,,2887.5515,0.011,31.8206,S1,,incomplete,llm_qa,complete,81,81,0,0,81,False,local_state_plus_targeted_bigquery,14,81,0.1837620209072368,1326335.0,243730.0,1082605.0,2011,census_2011_official;file=census_2011_district_urban_rural.xlsx;sha256=acb01ddb965be41cf22a20f0e641fdbcc1f4a16e6b7bc9cf91478ce289f853e8;catalog=https://censusindia.gov.in/nada/index.php/catalog/42557,matched,310,resolved,article_collection_incomplete;article_count_missing_or_invalid,False
E069::dima%20hasao,E069,2018-0295-IND,Assam,Dima Hasao,2018-08-07,2018-08-20,start:day|end:day,external_recovery,"[""{\""canonical_district\"": \""Dima Hasao\"", \""circularity_risk\"": \""none\"", \""event_id\"": \""E069\"", \""evidence_note\"": \""Official cumulative monsoon affected-district list; useful supplement but may span more than one flood pulse.\"", \""evidence_scope\"": \""seasonal_or_cumulative\"", \""evidence_type\"": \""seasonal_cumulative\"", \""mapping_row\"": 257, \""merge_rule\"": \""dedupe on event_id + canonical(state,district); preserve original source name\"", \""origin\"": \""prior_research_pass\"", \""source_class\"": \""official_government\"", \""source_title\"": \""Government of India MHA/NERC Situation Report, 4 Oct 2018\"", \""source_url\"": \""https://reliefweb.int/attachments/8e07589b-8b45-39ce-8185-6ce76bb70764/Situation%20report_04102018.pdf\"", \""source_verification\"": \""supplied_not_independently_verified\"", \""state\"": \""Assam\"", \""year\"": \""2018\""}""]",admin_units|gadm|location,"[""admin_units:1487"", ""gadm:IND.4_1"", ""location:(?<![A-Za-z])Assam(?![A-Za-z])""]",district,official_government,seasonal_cumulative,none,https://reliefweb.int/attachments/8e07589b-8b45-39ce-8185-6ce76bb70764/Situation%20report_04102018.pdf,6.075,0.0012,4914.108784116743,S1,observed,matched,76128533B66125202864966,interim_s1_only,fs1-3016a20fd3ad,unavailable,,670.5263,0.0091,6.075,S1,,incomplete,llm_qa,complete,81,81,0,0,81,False,local_state_plus_targeted_bigquery,14,81,0.2918655594062643,214102.0,62489.0,151613.0,2011,census_2011_official;file=census_2011_district_urban_rural.xlsx;sha256=acb01ddb965be41cf22a20f0e641fdbcc1f4a16e6b7bc9cf91478ce289f853e8;catalog=https://censusindia.gov.in/nada/index.php/catalog/42557,matched,315,resolved,article_collection_incomplete;article_count_missing_or_invalid,False
E069::east%20karbi%20anglong,E069,2018-0295-IND,Assam,East Karbi Anglong,2018-08-07,2018-08-20,start:day|end:day,external_recovery,"[""{\""canonical_district\"": \""East Karbi Anglong\"", \""circularity_risk\"": \""none\"", \""event_id\"": \""E069\"", \""evidence_note\"": \""Official cumulative monsoon affected-district list; useful supplement but may span more than one flood pulse.\"", \""evidence_scope\"": \""seasonal_or_cumulative\"", \""evidence_type\"": \""seasonal_cumulative\"", \""mapping_row\"": 258, \""merge_rule\"": \""dedupe on event_id + canonical(state,district); preserve original source name\"", \""origin\"": \""prior_research_pass\"", \""source_class\"": \""official_government\"", \""source_title\"": \""Government of India MHA/NERC Situation Report, 4 Oct 2018\"", \""source_url\"": \""https://reliefweb.int/attachments/8e07589b-8b45-39ce-8185-6ce76bb70764/Situation%20report_04102018.pdf\"", \""source_verification\"": \""supplied_not_independently_verified\"", \""state\"": \""Assam\"", \""year\"": \""2018\""}""]",admin_units|gadm|location,"[""admin_units:1487"", ""gadm:IND.4_1"", ""location:(?<![A-Za-z])Assam(?![A-Za-z])""]",district,official_government,seasonal_cumulative,none,https://reliefweb.int/attachments/8e07589b-8b45-39ce-8185-6ce76bb70764/Situation%20report_04102018.pdf,35.7781,0.0049,7303.723967073078,S1,observed,matched,76128533B38548995376745,interim_s1_only,fs1-3016a20fd3ad,unavailable,,2178.5669,0.0164,35.7781,S1,,incomplete,llm_qa,complete,81,81,0,0,81,False,local_state_plus_targeted_bigquery,14,81,0.1438872540490653,660955.0,95103.0,565852.0,2011,census_2011_recovery;method=official_retabulation;url=https://des.assam.gov.in/sites/default/files/swf_utility_folder/departments/ecostat_medhassu_in_oid_3/this_comm/statistical_abstract_assam_2021.pdf;table=Table 1.02; printed page 4; PDF page 19;notes=Official 2011 population retabulated to the district definition in the cited source. No parent-district population substitution; not an event-year population estimate.;population_source=https://des.assam.gov.in/sites/default/files/swf_utility_folder/departments/ecostat_medhassu_in_oid_3/this_comm/statistical_abstract_assam_2021.pdf;file=district_census_recovery.json;sha256=d452a6f74338bb2f237f3d014518ab361f6b2d7436bac837b8a1cb97d050bac0,matched_crosswalk,retabulated:assam:East Karbi Anglong,resolved,article_collection_incomplete;article_count_missing_or_invalid,False
E069::tinsukia,E069,2018-0295-IND,Assam,Tinsukia,2018-08-07,2018-08-20,start:day|end:day,external_recovery,"[""{\""canonical_district\"": \""Tinsukia\"", \""circularity_risk\"": \""none\"", \""event_id\"": \""E069\"", \""evidence_note\"": \""Official cumulative monsoon affected-district list; useful supplement but may span more than one flood pulse.\"", \""evidence_scope\"": \""seasonal_or_cumulative\"", \""evidence_type\"": \""seasonal_cumulative\"", \""mapping_row\"": 271, \""merge_rule\"": \""dedupe on event_id + canonical(state,district); preserve original source name\"", \""origin\"": \""prior_research_pass\"", \""source_class\"": \""official_government\"", \""source_title\"": \""Government of India MHA/NERC Situation Report, 4 Oct 2018\"", \""source_url\"": \""https://reliefweb.int/attachments/8e07589b-8b45-39ce-8185-6ce76bb70764/Situation%20report_04102018.pdf\"", \""source_verification\"": \""supplied_not_independently_verified\"", \""state\"": \""Assam\"", \""year\"": \""2018\""}""]",admin_units|gadm|location,"[""admin_units:1487"", ""gadm:IND.4_1"", ""location:(?<![A-Za-z])Assam(?![A-Za-z])""]",district,official_government,seasonal_cumulative,none,https://reliefweb.int/attachments/8e07589b-8b45-39ce-8185-6ce76bb70764/Situation%20report_04102018.pdf,43.402,0.0114,3799.190193815676,S1,observed,matched,70093.0,interim_s1_only,fs1-3016a20fd3ad,unavailable,,3303.9786,0.0131,43.402,S1,,incomplete,llm_qa,complete,81,81,0,0,81,False,local_state_plus_targeted_bigquery,14,81,0.199365327513745,1327929.0,264743.0,1063186.0,2011,census_2011_official;file=census_2011_district_urban_rural.xlsx;sha256=acb01ddb965be41cf22a20f0e641fdbcc1f4a16e6b7bc9cf91478ce289f853e8;catalog=https://censusindia.gov.in/nada/index.php/catalog/42557,matched,309,resolved,article_collection_incomplete;article_count_missing_or_invalid,False
E069::west%20karbi%20anglong,E069,2018-0295-IND,Assam,West Karbi Anglong,2018-08-07,2018-08-20,start:day|end:day,external_recovery,"[""{\""canonical_district\"": \""West Karbi Anglong\"", \""circularity_risk\"": \""none\"", \""event_id\"": \""E069\"", \""evidence_note\"": \""Official cumulative monsoon affected-district list; useful supplement but may span more than one flood pulse.\"", \""evidence_scope\"": \""seasonal_or_cumulative\"", \""evidence_type\"": \""seasonal_cumulative\"", \""mapping_row\"": 273, \""merge_rule\"": \""dedupe on event_id + canonical(state,district); preserve original source name\"", \""origin\"": \""prior_research_pass\"", \""source_class\"": \""official_government\"", \""source_title\"": \""Government of India MHA/NERC Situation Report, 4 Oct 2018\"", \""source_url\"": \""https://reliefweb.int/attachments/8e07589b-8b45-39ce-8185-6ce76bb70764/Situation%20report_04102018.pdf\"", \""source_verification\"": \""supplied_not_independently_verified\"", \""state\"": \""Assam\"", \""year\"": \""2018\""}""]",admin_units|gadm|location,"[""admin_units:1487"", ""gadm:IND.4_1"", ""location:(?<![A-Za-z])Assam(?![A-Za-z])""]",district,official_government,seasonal_cumulative,none,https://reliefweb.int/attachments/8e07589b-8b45-39ce-8185-6ce76bb70764/Situation%20report_04102018.pdf,11.7056,0.0038,3106.6868691946506,S1,observed,matched,76128533B57995625790051,interim_s1_only,fs1-3016a20fd3ad,unavailable,,757.2,0.0155,11.7056,S1,,incomplete,llm_qa,complete,81,81,0,0,81,False,local_state_plus_targeted_bigquery,14,81,0.0604791473398384,295358.0,17863.0,277495.0,2011,census_2011_recovery;method=official_retabulation;url=https://des.assam.gov.in/sites/default/files/swf_utility_folder/departments/ecostat_medhassu_in_oid_3/this_comm/statistical_abstract_assam_2021.pdf;table=Table 1.02; printed page 4; PDF page 19;notes=Official 2011 population retabulated to the district definition in the cited source. No parent-district population substitution; not an event-year population estimate.;population_source=https://des.assam.gov.in/sites/default/files/swf_utility_folder/departments/ecostat_medhassu_in_oid_3/this_comm/statistical_abstract_assam_2021.pdf;file=district_census_recovery.json;sha256=d452a6f74338bb2f237f3d014518ab361f6b2d7436bac837b8a1cb97d050bac0,matched_crosswalk,retabulated:assam:West Karbi Anglong,resolved,article_collection_incomplete;article_count_missing_or_invalid,False
E073::longleng,E073,2018-0295-IND,Nagaland,Longleng,2018-08-07,2018-08-20,start:day|end:day,external_recovery,"[""{\""canonical_district\"": \""Longleng\"", \""circularity_risk\"": \""none\"", \""event_id\"": \""E073\"", \""evidence_note\"": \""Official cumulative affected-district list.\"", \""evidence_scope\"": \""seasonal_or_cumulative\"", \""evidence_type\"": \""seasonal_cumulative\"", \""mapping_row\"": 297, \""merge_rule\"": \""dedupe on event_id + canonical(state,district); preserve original source name\"", \""origin\"": \""prior_research_pass\"", \""source_class\"": \""official_government\"", \""source_title\"": \""Government of India MHA/NERC Situation Report, 4 Oct 2018\"", \""source_url\"": \""https://reliefweb.int/attachments/8e07589b-8b45-39ce-8185-6ce76bb70764/Situation%20report_04102018.pdf\"", \""source_verification\"": \""supplied_not_independently_verified\"", \""state\"": \""Nagaland\"", \""year\"": \""2018\""}""]",admin_units|gadm|location,"[""admin_units:1503"", ""gadm:IND.24_1"", ""location:(?<![A-Za-z])Nagaland(?![A-Za-z])""]",district,official_government,seasonal_cumulative,none,https://reliefweb.int/attachments/8e07589b-8b45-39ce-8185-6ce76bb70764/Situation%20report_04102018.pdf,0.3831,0.0008,510.4500440909514,S1,observed,matched,76128533B66411945144923,interim_s1_only,fs1-3016a20fd3ad,unavailable,,26.346,0.0145,0.3831,S1,,incomplete,llm_qa,complete,315,315,0,0,315,False,local_state_plus_targeted_bigquery,14,315,0.1508002535456778,50484.0,7613.0,42871.0,2011,census_2011_official;file=census_2011_district_urban_rural.xlsx;sha256=acb01ddb965be41cf22a20f0e641fdbcc1f4a16e6b7bc9cf91478ce289f853e8;catalog=https://censusindia.gov.in/nada/index.php/catalog/42557,matched,268,resolved,article_collection_incomplete;article_count_missing_or_invalid,False
E073::mon,E073,2018-0295-IND,Nagaland,Mon,2018-08-07,2018-08-20,start:day|end:day,external_recovery,"[""{\""canonical_district\"": \""Mon\"", \""circularity_risk\"": \""none\"", \""event_id\"": \""E073\"", \""evidence_note\"": \""Official cumulative affected-district list.\"", \""evidence_scope\"": \""seasonal_or_cumulative\"", \""evidence_type\"": \""seasonal_cumulative\"", \""mapping_row\"": 299, \""merge_rule\"": \""dedupe on event_id + canonical(state,district); preserve original source name\"", \""origin\"": \""prior_research_pass\"", \""source_class\"": \""official_government\"", \""source_title\"": \""Government of India MHA/NERC Situation Report, 4 Oct 2018\"", \""source_url\"": \""https://reliefweb.int/attachments/8e07589b-8b45-39ce-8185-6ce76bb70764/Situation%20report_04102018.pdf\"", \""source_verification\"": \""supplied_not_independently_verified\"", \""state\"": \""Nagaland\"", \""year\"": \""2018\""}""]",admin_units|gadm|location,"[""admin_units:1503"", ""gadm:IND.24_1"", ""location:(?<![A-Za-z])Nagaland(?![A-Za-z])""]",district,official_government,seasonal_cumulative,none,https://reliefweb.int/attachments/8e07589b-8b45-39ce-8185-6ce76bb70764/Situation%20report_04102018.pdf,1.001,0.0005,2130.495255244007,S1,observed,matched,17803.0,interim_s1_only,fs1-3016a20fd3ad,unavailable,,238.4421,0.0042,1.001,S1,,incomplete,llm_qa,complete,315,316,0,0,316,False,local_state_plus_targeted_bigquery,14,316,0.1376328618237033,250260.0,34444.0,215816.0,2011,census_2011_official;file=census_2011_district_urban_rural.xlsx;sha256=acb01ddb965be41cf22a20f0e641fdbcc1f4a16e6b7bc9cf91478ce289f853e8;catalog=https://censusindia.gov.in/nada/index.php/catalog/42557,matched,261,resolved,article_collection_incomplete;article_count_missing_or_invalid,False
E073::phek,E073,2018-0295-IND,Nagaland,Phek,2018-08-07,2018-08-20,start:day|end:day,external_recovery,"[""{\""canonical_district\"": \""Phek\"", \""circularity_risk\"": \""none\"", \""event_id\"": \""E073\"", \""evidence_note\"": \""Official cumulative affected-district list.\"", \""evidence_scope\"": \""seasonal_or_cumulative\"", \""evidence_type\"": \""seasonal_cumulative\"", \""mapping_row\"": 301, \""merge_rule\"": \""dedupe on event_id + canonical(state,district); preserve original source name\"", \""origin\"": \""prior_research_pass\"", \""source_class\"": \""official_government\"", \""source_title\"": \""Government of India MHA/NERC Situation Report, 4 Oct 2018\"", \""source_url\"": \""https://reliefweb.int/attachments/8e07589b-8b45-39ce-8185-6ce76bb70764/Situation%20report_04102018.pdf\"", \""source_verification\"": \""supplied_not_independently_verified\"", \""state\"": \""Nagaland\"", \""year\"": \""2018\""}""]",admin_units|gadm|location,"[""admin_units:1503"", ""gadm:IND.24_1"", ""location:(?<![A-Za-z])Nagaland(?![A-Za-z])""]",district,official_government,seasonal_cumulative,none,https://reliefweb.int/attachments/8e07589b-8b45-39ce-8185-6ce76bb70764/Situation%20report_04102018.pdf,0.5878,0.0003,1906.428763538232,S1,observed,matched,17804.0,interim_s1_only,fs1-3016a20fd3ad,unavailable,,24.7527,0.0237,0.5878,S1,,incomplete,llm_qa,complete,315,315,0,0,315,False,local_state_plus_targeted_bigquery,14,315,0.1503812309537505,163418.0,24575.0,138843.0,2011,census_2011_official;file=census_2011_district_urban_rural.xlsx;sha256=acb01ddb965be41cf22a20f0e641fdbcc1f4a16e6b7bc9cf91478ce289f853e8;catalog=https://censusindia.gov.in/nada/index.php/catalog/42557,matched,266,resolved,article_collection_incomplete;article_count_missing_or_invalid,False
E073::tuensang,E073,2018-0295-IND,Nagaland,Tuensang,2018-08-07,2018-08-20,start:day|end:day,external_recovery,"[""{\""canonical_district\"": \""Tuensang\"", \""circularity_risk\"": \""none\"", \""event_id\"": \""E073\"", \""evidence_note\"": \""Official cumulative affected-district list.\"", \""evidence_scope\"": \""seasonal_or_cumulative\"", \""evidence_type\"": \""seasonal_cumulative\"", \""mapping_row\"": 302, \""merge_rule\"": \""dedupe on event_id + canonical(state,district); preserve original source name\"", \""origin\"": \""prior_research_pass\"", \""source_class\"": \""official_government\"", \""source_title\"": \""Government of India MHA/NERC Situation Report, 4 Oct 2018\"", \""source_url\"": \""https://reliefweb.int/attachments/8e07589b-8b45-39ce-8185-6ce76bb70764/Situation%20report_04102018.pdf\"", \""source_verification\"": \""supplied_not_independently_verified\"", \""state\"": \""Nagaland\"", \""year\"": \""2018\""}""]",admin_units|gadm|location,"[""admin_units:1503"", ""gadm:IND.24_1"", ""location:(?<![A-Za-z])Nagaland(?![A-Za-z])""]",district,official_government,seasonal_cumulative,none,https://reliefweb.int/attachments/8e07589b-8b45-39ce-8185-6ce76bb70764/Situation%20report_04102018.pdf,0.8405,0.0002,3789.750062415454,S1,observed,matched,17805.0,interim_s1_only,fs1-3016a20fd3ad,unavailable,,60.0488,0.014,0.8405,S1,,incomplete,llm_qa,complete,315,315,0,0,315,False,local_state_plus_targeted_bigquery,14,315,0.1870536531770738,196596.0,36774.0,159822.0,2011,census_2011_official;file=census_2011_district_urban_rural.xlsx;sha256=acb01ddb965be41cf22a20f0e641fdbcc1f4a16e6b7bc9cf91478ce289f853e8;catalog=https://censusindia.gov.in/nada/index.php/catalog/42557,matched,267,resolved,article_collection_incomplete;article_count_missing_or_invalid,False
E075::ambedkar%20nagar,E075,2018-0295-IND,Uttar Pradesh,Ambedkar Nagar,2018-08-07,2018-08-20,start:day|end:day,external_recovery,"[""{\""canonical_district\"": \""Ambedkar Nagar\"", \""circularity_risk\"": \""none\"", \""event_id\"": \""E075\"", \""evidence_note\"": \""Official MHA affected-district list during the flood season; may be cumulative.\"", \""evidence_scope\"": \""seasonal_or_cumulative\"", \""evidence_type\"": \""seasonal_cumulative\"", \""mapping_row\"": 305, \""merge_rule\"": \""dedupe on event_id + canonical(state,district); preserve original source name\"", \""origin\"": \""prior_research_pass\"", \""source_class\"": \""official_government\"", \""source_title\"": \""Government of India MHA/NERC Situation Report, 29 Aug 2018\"", \""source_url\"": \""https://reliefweb.int/attachments/950216f4-d4b5-321e-bcc7-cd533ed82cd7/Situationreport28_29082018.pdf\"", \""source_verification\"": \""supplied_not_independently_verified\"", \""state\"": \""Uttar Pradesh\"", \""year\"": \""2018\""}""]",admin_units|gadm|location,"[""admin_units:70081"", ""gadm:IND.34_1"", ""location:(?<![A-Za-z])Uttar\\ Pradesh(?![A-Za-z])""]",district,official_government,seasonal_cumulative,none,https://reliefweb.int/attachments/950216f4-d4b5-321e-bcc7-cd533ed82cd7/Situationreport28_29082018.pdf,61.7076,0.0265,2328.994244483866,S1,observed,matched,70257.0,interim_s1_only,fs1-3016a20fd3ad,unavailable,,2207.7781,0.028,61.7076,S1,,incomplete,llm_qa,complete,719,719,0,0,719,False,local_state_plus_targeted_bigquery,14,719,0.1170738583286625,2397888.0,280730.0,2117158.0,2011,census_2011_official;file=census_2011_district_urban_rural.xlsx;sha256=acb01ddb965be41cf22a20f0e641fdbcc1f4a16e6b7bc9cf91478ce289f853e8;catalog=https://censusindia.gov.in/nada/index.php/catalog/42557,matched,178,resolved,article_collection_incomplete;article_count_missing_or_invalid,False
E075::bijnor,E075,2018-0295-IND,Uttar Pradesh,Bijnor,2018-08-07,2018-08-20,start:day|end:day,external_recovery,"[""{\""canonical_district\"": \""Bijnor\"", \""circularity_risk\"": \""none\"", \""event_id\"": \""E075\"", \""evidence_note\"": \""Official MHA affected-district list during the flood season; may be cumulative.\"", \""evidence_scope\"": \""seasonal_or_cumulative\"", \""evidence_type\"": \""seasonal_cumulative\"", \""mapping_row\"": 310, \""merge_rule\"": \""dedupe on event_id + canonical(state,district); preserve original source name\"", \""origin\"": \""prior_research_pass\"", \""source_class\"": \""official_government\"", \""source_title\"": \""Government of India MHA/NERC Situation Report, 29 Aug 2018\"", \""source_url\"": \""https://reliefweb.int/attachments/950216f4-d4b5-321e-bcc7-cd533ed82cd7/Situationreport28_29082018.pdf\"", \""source_verification\"": \""supplied_not_independently_verified\"", \""state\"": \""Uttar Pradesh\"", \""year\"": \""2018\""}""]",admin_units|gadm|location,"[""admin_units:70081"", ""gadm:IND.34_1"", ""location:(?<![A-Za-z])Uttar\\ Pradesh(?![A-Za-z])""]",district,official_government,seasonal_cumulative,none,https://reliefweb.int/attachments/950216f4-d4b5-321e-bcc7-cd533ed82cd7/Situationreport28_29082018.pdf,33.2417,0.0077,4319.741895171613,S1,observed,matched,17899.0,interim_s1_only,fs1-3016a20fd3ad,unavailable,,4207.6321,0.0079,33.2417,S1,,incomplete,llm_qa,complete,719,719,0,0,719,False,local_state_plus_targeted_bigquery,14,719,0.2512582435829237,3682713.0,925312.0,2757401.0,2011,census_2011_official;file=census_2011_district_urban_rural.xlsx;sha256=acb01ddb965be41cf22a20f0e641fdbcc1f4a16e6b7bc9cf91478ce289f853e8;catalog=https://censusindia.gov.in/nada/index.php/catalog/42557,matched,134,resolved,article_collection_incomplete;article_count_missing_or_invalid,False
E075::kanpur%20dehat,E075,2018-0295-IND,Uttar Pradesh,Kanpur Dehat,2018-08-07,2018-08-20,start:day|end:day,external_recovery,"[""{\""canonical_district\"": \""Kanpur Dehat\"", \""circularity_risk\"": \""none\"", \""event_id\"": \""E075\"", \""evidence_note\"": \""Official MHA affected-district list during the flood season; may be cumulative.\"", \""evidence_scope\"": \""seasonal_or_cumulative\"", \""evidence_type\"": \""seasonal_cumulative\"", \""mapping_row\"": 313, \""merge_rule\"": \""dedupe on event_id + canonical(state,district); preserve original source name\"", \""origin\"": \""prior_research_pass\"", \""source_class\"": \""official_government\"", \""source_title\"": \""Government of India MHA/NERC Situation Report, 29 Aug 2018\"", \""source_url\"": \""https://reliefweb.int/attachments/950216f4-d4b5-321e-bcc7-cd533ed82cd7/Situationreport28_29082018.pdf\"", \""source_verification\"": \""supplied_not_independently_verified\"", \""state\"": \""Uttar Pradesh\"", \""year\"": \""2018\""}""]",admin_units|gadm|location,"[""admin_units:70081"", ""gadm:IND.34_1"", ""location:(?<![A-Za-z])Uttar\\ Pradesh(?![A-Za-z])""]",district,official_government,seasonal_cumulative,none,https://reliefweb.int/attachments/950216f4-d4b5-321e-bcc7-cd533ed82cd7/Situationreport28_29082018.pdf,283.6365,0.0562,5042.756979466441,S1,observed,matched,70269.0,interim_s1_only,fs1-3016a20fd3ad,unavailable,,4839.6776,0.0586,283.6365,S1,,incomplete,llm_qa,complete,719,719,0,0,719,False,local_state_plus_targeted_bigquery,14,719,0.0965507988045768,1796184.0,173423.0,1622761.0,2011,census_2011_official;file=census_2011_district_urban_rural.xlsx;sha256=acb01ddb965be41cf22a20f0e641fdbcc1f4a16e6b7bc9cf91478ce289f853e8;catalog=https://censusindia.gov.in/nada/index.php/catalog/42557,matched,163,resolved,article_collection_incomplete;article_count_missing_or_invalid,False
E075::kanpur%20nagar,E075,2018-0295-IND,Uttar Pradesh,Kanpur Nagar,2018-08-07,2018-08-20,start:day|end:day,external_recovery,"[""{\""canonical_district\"": \""Kanpur Nagar\"", \""circularity_risk\"": \""none\"", \""event_id\"": \""E075\"", \""evidence_note\"": \""Official MHA affected-district list during the flood season; may be cumulative.\"", \""evidence_scope\"": \""seasonal_or_cumulative\"", \""evidence_type\"": \""seasonal_cumulative\"", \""mapping_row\"": 314, \""merge_rule\"": \""dedupe on event_id + canonical(state,district); preserve original source name\"", \""origin\"": \""prior_research_pass\"", \""source_class\"": \""official_government\"", \""source_title\"": \""Government of India MHA/NERC Situation Report, 29 Aug 2018\"", \""source_url\"": \""https://reliefweb.int/attachments/950216f4-d4b5-321e-bcc7-cd533ed82cd7/Situationreport28_29082018.pdf\"", \""source_verification\"": \""supplied_not_independently_verified\"", \""state\"": \""Uttar Pradesh\"", \""year\"": \""2018\""}""]",admin_units|gadm|location,"[""admin_units:70081"", ""gadm:IND.34_1"", ""location:(?<![A-Za-z])Uttar\\ Pradesh(?![A-Za-z])""]",district,official_government,seasonal_cumulative,none,https://reliefweb.int/attachments/950216f4-d4b5-321e-bcc7-cd533ed82cd7/Situationreport28_29082018.pdf,164.6436,0.0567,2904.729879575871,S1,observed,matched,76128533B23710487943819,interim_s1_only,fs1-3016a20fd3ad,unavailable,,2803.3297,0.0587,164.6436,S1,,incomplete,llm_qa,complete,719,719,0,0,719,False,local_state_plus_targeted_bigquery,14,719,0.6582555310014607,4581268.0,3015645.0,1565623.0,2011,census_2011_official;file=census_2011_district_urban_rural.xlsx;sha256=acb01ddb965be41cf22a20f0e641fdbcc1f4a16e6b7bc9cf91478ce289f853e8;catalog=https://censusindia.gov.in/nada/index.php/catalog/42557,matched,164,resolved,article_collection_incomplete;article_count_missing_or_invalid,False
E075::kushinagar,E075,2018-0295-IND,Uttar Pradesh,Kushinagar,2018-08-07,2018-08-20,start:day|end:day,external_recovery,"[""{\""canonical_district\"": \""Kushinagar\"", \""circularity_risk\"": \""none\"", \""event_id\"": \""E075\"", \""evidence_note\"": \""Official MHA affected-district list during the flood season; may be cumulative.\"", \""evidence_scope\"": \""seasonal_or_cumulative\"", \""evidence_type\"": \""seasonal_cumulative\"", \""mapping_row\"": 315, \""merge_rule\"": \""dedupe on event_id + canonical(state,district); preserve original source name\"", \""origin\"": \""prior_research_pass\"", \""source_class\"": \""official_government\"", \""source_title\"": \""Government of India MHA/NERC Situation Report, 29 Aug 2018\"", \""source_url\"": \""https://reliefweb.int/attachments/950216f4-d4b5-321e-bcc7-cd533ed82cd7/Situationreport28_29082018.pdf\"", \""source_verification\"": \""supplied_not_independently_verified\"", \""state\"": \""Uttar Pradesh\"", \""year\"": \""2018\""}""]",admin_units|gadm|location,"[""admin_units:70081"", ""gadm:IND.34_1"", ""location:(?<![A-Za-z])Uttar\\ Pradesh(?![A-Za-z])""]",district,official_government,seasonal_cumulative,none,https://reliefweb.int/attachments/950216f4-d4b5-321e-bcc7-cd533ed82cd7/Situationreport28_29082018.pdf,139.1734,0.0481,2893.16087554316,S1,observed,matched,70271.0,interim_s1_only,fs1-3016a20fd3ad,unavailable,,2844.4186,0.0489,139.1734,S1,,incomplete,llm_qa,complete,719,719,0,0,719,False,local_state_plus_targeted_bigquery,14,719,0.0471608710679402,3564544.0,168107.0,3396437.0,2011,census_2011_official;file=census_2011_district_urban_rural.xlsx;sha256=acb01ddb965be41cf22a20f0e641fdbcc1f4a16e6b7bc9cf91478ce289f853e8;catalog=https://censusindia.gov.in/nada/index.php/catalog/42557,matched,189,resolved,article_collection_incomplete;article_count_missing_or_invalid,False
E075::lakhimpur%20kheri,E075,2018-0295-IND,Uttar Pradesh,Lakhimpur Kheri,2018-08-07,2018-08-20,start:day|end:day,external_recovery,"[""{\""canonical_district\"": \""Lakhimpur Kheri\"", \""circularity_risk\"": \""none\"", \""event_id\"": \""E075\"", \""evidence_note\"": \""Official MHA affected-district list during the flood season; may be cumulative.\"", \""evidence_scope\"": \""seasonal_or_cumulative\"", \""evidence_type\"": \""seasonal_cumulative\"", \""mapping_row\"": 316, \""merge_rule\"": \""dedupe on event_id + canonical(state,district); preserve original source name\"", \""origin\"": \""prior_research_pass\"", \""source_class\"": \""official_government\"", \""source_title\"": \""Government of India MHA/NERC Situation Report, 29 Aug 2018\"", \""source_url\"": \""https://reliefweb.int/attachments/950216f4-d4b5-321e-bcc7-cd533ed82cd7/Situationreport28_29082018.pdf\"", \""source_verification\"": \""supplied_not_independently_verified\"", \""state\"": \""Uttar Pradesh\"", \""year\"": \""2018\""}""]",admin_units|gadm|location,"[""admin_units:70081"", ""gadm:IND.34_1"", ""location:(?<![A-Za-z])Uttar\\ Pradesh(?![A-Za-z])""]",district,official_government,seasonal_cumulative,none,https://reliefweb.int/attachments/950216f4-d4b5-321e-bcc7-cd533ed82cd7/Situationreport28_29082018.pdf,167.946,0.0218,7708.742992388735,S1,observed,matched,17921.0,interim_s1_only,fs1-3016a20fd3ad,unavailable,,7230.8731,0.0232,167.946,S1,,incomplete,llm_qa,complete,719,719,0,0,719,False,local_state_plus_targeted_bigquery,14,719,0.1146498731859775,4021243.0,461035.0,3560208.0,2011,census_2011_official;file=census_2011_district_urban_rural.xlsx;sha256=acb01ddb965be41cf22a20f0e641fdbcc1f4a16e6b7bc9cf91478ce289f853e8;catalog=https://censusindia.gov.in/nada/index.php/catalog/42557;crosswalk=district_name_crosswalk.csv;sha256=c8dc691ab763e799cc1aafb29e9c17ab287710bd63447ad37281418d902c30e9,matched_crosswalk,153,resolved,article_collection_incomplete;article_count_missing_or_invalid,False
E075::sant%20kabir%20nagar,E075,2018-0295-IND,Uttar Pradesh,Sant Kabir Nagar,2018-08-07,2018-08-20,start:day|end:day,external_recovery,"[""{\""canonical_district\"": \""Sant Kabir Nagar\"", \""circularity_risk\"": \""none\"", \""event_id\"": \""E075\"", \""evidence_note\"": \""Official MHA affected-district list during the flood season; may be cumulative.\"", \""evidence_scope\"": \""seasonal_or_cumulative\"", \""evidence_type\"": \""seasonal_cumulative\"", \""mapping_row\"": 319, \""merge_rule\"": \""dedupe on event_id + canonical(state,district); preserve original source name\"", \""origin\"": \""prior_research_pass\"", \""source_class\"": \""official_government\"", \""source_title\"": \""Government of India MHA/NERC Situation Report, 29 Aug 2018\"", \""source_url\"": \""https://reliefweb.int/attachments/950216f4-d4b5-321e-bcc7-cd533ed82cd7/Situationreport28_29082018.pdf\"", \""source_verification\"": \""supplied_not_independently_verified\"", \""state\"": \""Uttar Pradesh\"", \""year\"": \""2018\""}""]",admin_units|gadm|location,"[""admin_units:70081"", ""gadm:IND.34_1"", ""location:(?<![A-Za-z])Uttar\\ Pradesh(?![A-Za-z])""]",district,official_government,seasonal_cumulative,none,https://reliefweb.int/attachments/950216f4-d4b5-321e-bcc7-cd533ed82cd7/Situationreport28_29082018.pdf,85.1206,0.064,1329.179989070325,S1,observed,matched,70275.0,interim_s1_only,fs1-3016a20fd3ad,unavailable,,1268.8107,0.0671,85.1206,S1,,incomplete,llm_qa,complete,719,719,0,0,719,False,local_state_plus_targeted_bigquery,14,719,0.074937193290745,1715183.0,128531.0,1586652.0,2011,census_2011_official;file=census_2011_district_urban_rural.xlsx;sha256=acb01ddb965be41cf22a20f0e641fdbcc1f4a16e6b7bc9cf91478ce289f853e8;catalog=https://censusindia.gov.in/nada/index.php/catalog/42557,matched,186,resolved,article_collection_incomplete;article_count_missing_or_invalid,False
E075::siddharthnagar,E075,2018-0295-IND,Uttar Pradesh,Siddharthnagar,2018-08-07,2018-08-20,start:day|end:day,external_recovery,"[""{\""canonical_district\"": \""Siddharthnagar\"", \""circularity_risk\"": \""none\"", \""event_id\"": \""E075\"", \""evidence_note\"": \""Official MHA affected-district list during the flood season; may be cumulative.\"", \""evidence_scope\"": \""seasonal_or_cumulative\"", \""evidence_type\"": \""seasonal_cumulative\"", \""mapping_row\"": 320, \""merge_rule\"": \""dedupe on event_id + canonical(state,district); preserve original source name\"", \""origin\"": \""prior_research_pass\"", \""source_class\"": \""official_government\"", \""source_title\"": \""Government of India MHA/NERC Situation Report, 29 Aug 2018\"", \""source_url\"": \""https://reliefweb.int/attachments/950216f4-d4b5-321e-bcc7-cd533ed82cd7/Situationreport28_29082018.pdf\"", \""source_verification\"": \""supplied_not_independently_verified\"", \""state\"": \""Uttar Pradesh\"", \""year\"": \""2018\""}""]",admin_units|gadm|location,"[""admin_units:70081"", ""gadm:IND.34_1"", ""location:(?<![A-Za-z])Uttar\\ Pradesh(?![A-Za-z])""]",district,official_government,seasonal_cumulative,none,https://reliefweb.int/attachments/950216f4-d4b5-321e-bcc7-cd533ed82cd7/Situationreport28_29082018.pdf,326.0047,0.0933,3492.6137371813147,S1,observed,matched,70278.0,interim_s1_only,fs1-3016a20fd3ad,unavailable,,3290.957,0.0991,326.0047,S1,,incomplete,llm_qa,complete,719,719,0,0,719,False,local_state_plus_targeted_bigquery,14,719,0.0627871638188143,2559297.0,160691.0,2398606.0,2011,census_2011_official;file=census_2011_district_urban_rural.xlsx;sha256=acb01ddb965be41cf22a20f0e641fdbcc1f4a16e6b7bc9cf91478ce289f853e8;catalog=https://censusindia.gov.in/nada/index.php/catalog/42557,matched,184,resolved,article_collection_incomplete;article_count_missing_or_invalid,False
E075::sitapur,E075,2018-0295-IND,Uttar Pradesh,Sitapur,2018-08-07,2018-08-20,start:day|end:day,external_recovery,"[""{\""canonical_district\"": \""Sitapur\"", \""circularity_risk\"": \""none\"", \""event_id\"": \""E075\"", \""evidence_note\"": \""Official MHA affected-district list during the flood season; may be cumulative.\"", \""evidence_scope\"": \""seasonal_or_cumulative\"", \""evidence_type\"": \""seasonal_cumulative\"", \""mapping_row\"": 321, \""merge_rule\"": \""dedupe on event_id + canonical(state,district); preserve original source name\"", \""origin\"": \""prior_research_pass\"", \""source_class\"": \""official_government\"", \""source_title\"": \""Government of India MHA/NERC Situation Report, 29 Aug 2018\"", \""source_url\"": \""https://reliefweb.int/attachments/950216f4-d4b5-321e-bcc7-cd533ed82cd7/Situationreport28_29082018.pdf\"", \""source_verification\"": \""supplied_not_independently_verified\"", \""state\"": \""Uttar Pradesh\"", \""year\"": \""2018\""}""]",admin_units|gadm|location,"[""admin_units:70081"", ""gadm:IND.34_1"", ""location:(?<![A-Za-z])Uttar\\ Pradesh(?![A-Za-z])""]",district,official_government,seasonal_cumulative,none,https://reliefweb.int/attachments/950216f4-d4b5-321e-bcc7-cd533ed82cd7/Situationreport28_29082018.pdf,63.7929,0.011,5789.793396469067,S1,observed,matched,17938.0,interim_s1_only,fs1-3016a20fd3ad,unavailable,,5411.2124,0.0118,63.7929,S1,,incomplete,llm_qa,complete,719,719,0,0,719,False,local_state_plus_targeted_bigquery,14,719,0.1183730925478903,4483992.0,530784.0,3953208.0,2011,census_2011_official;file=census_2011_district_urban_rural.xlsx;sha256=acb01ddb965be41cf22a20f0e641fdbcc1f4a16e6b7bc9cf91478ce289f853e8;catalog=https://censusindia.gov.in/nada/index.php/catalog/42557,matched,154,resolved,article_collection_incomplete;article_count_missing_or_invalid,False
E076::alipurduar,E076,2018-0295-IND,West Bengal,Alipurduar,2018-08-07,2018-08-20,start:day|end:day,external_recovery,"[""{\""canonical_district\"": \""Alipurduar\"", \""circularity_risk\"": \""none\"", \""event_id\"": \""E076\"", \""evidence_note\"": \""Official MHA affected-district list during the flood season; may be cumulative.\"", \""evidence_scope\"": \""seasonal_or_cumulative\"", \""evidence_type\"": \""seasonal_cumulative\"", \""mapping_row\"": 322, \""merge_rule\"": \""dedupe on event_id + canonical(state,district); preserve original source name\"", \""origin\"": \""prior_research_pass\"", \""source_class\"": \""official_government\"", \""source_title\"": \""Government of India MHA/NERC Situation Report, 29 Aug 2018\"", \""source_url\"": \""https://reliefweb.int/attachments/950216f4-d4b5-321e-bcc7-cd533ed82cd7/Situationreport28_29082018.pdf\"", \""source_verification\"": \""supplied_not_independently_verified\"", \""state\"": \""West Bengal\"", \""year\"": \""2018\""}""]",admin_units|gadm|location,"[""admin_units:1511"", ""gadm:IND.36_1"", ""location:(?<![A-Za-z])West\\ Bengal(?![A-Za-z])""]",district,official_government,seasonal_cumulative,none,https://reliefweb.int/attachments/950216f4-d4b5-321e-bcc7-cd533ed82cd7/Situationreport28_29082018.pdf,21.9462,0.0078,2805.571892812845,S1,observed,matched,76128533B23858286755005,interim_s1_only,fs1-3016a20fd3ad,unavailable,,2397.164,0.0092,21.9462,S1,,incomplete,llm_qa,complete,174,174,0,0,174,False,local_state_plus_targeted_bigquery,14,174,,,,,2011,census_2011_official,unmatched,,resolved,article_collection_incomplete;article_count_missing_or_invalid;census_unmatched;census_invalid;census_population_inconsistent,False
E076::darjeeling,E076,2018-0295-IND,West Bengal,Darjeeling,2018-08-07,2018-08-20,start:day|end:day,external_recovery,"[""{\""canonical_district\"": \""Darjeeling\"", \""circularity_risk\"": \""none\"", \""event_id\"": \""E076\"", \""evidence_note\"": \""Official MHA affected-district list during the flood season; may be cumulative.\"", \""evidence_scope\"": \""seasonal_or_cumulative\"", \""evidence_type\"": \""seasonal_cumulative\"", \""mapping_row\"": 327, \""merge_rule\"": \""dedupe on event_id + canonical(state,district); preserve original source name\"", \""origin\"": \""prior_research_pass\"", \""source_class\"": \""official_government\"", \""source_title\"": \""Government of India MHA/NERC Situation Report, 29 Aug 2018\"", \""source_url\"": \""https://reliefweb.int/attachments/950216f4-d4b5-321e-bcc7-cd533ed82cd7/Situationreport28_29082018.pdf\"", \""source_verification\"": \""supplied_not_independently_verified\"", \""state\"": \""West Bengal\"", \""year\"": \""2018\""}""]",admin_units|gadm|location,"[""admin_units:1511"", ""gadm:IND.36_1"", ""location:(?<![A-Za-z])West\\ Bengal(?![A-Za-z])""]",district,official_government,seasonal_cumulative,none,https://reliefweb.int/attachments/950216f4-d4b5-321e-bcc7-cd533ed82cd7/Situationreport28_29082018.pdf,2.9133,0.0014,2082.4452472301264,S1,observed,matched,76128533B17109302371020,interim_s1_only,fs1-3016a20fd3ad,unavailable,,826.6807,0.0035,2.9133,S1,0.0,partial,llm_qa_observed_lower_bound,complete,174,176,0,2,174,True,local_state_plus_targeted_bigquery,14,174,,,,,2011,census_2011_official,unmatched,,resolved,census_unmatched;census_invalid;census_population_inconsistent,False
E076::east%20medinipur,E076,2018-0295-IND,West Bengal,East Medinipur,2018-08-07,2018-08-20,start:day|end:day,external_recovery,"[""{\""canonical_district\"": \""East Medinipur\"", \""circularity_risk\"": \""none\"", \""event_id\"": \""E076\"", \""evidence_note\"": \""Official MHA affected-district list during the flood season; may be cumulative.\"", \""evidence_scope\"": \""seasonal_or_cumulative\"", \""evidence_type\"": \""seasonal_cumulative\"", \""mapping_row\"": 328, \""merge_rule\"": \""dedupe on event_id + canonical(state,district); preserve original source name\"", \""origin\"": \""prior_research_pass\"", \""source_class\"": \""official_government\"", \""source_title\"": \""Government of India MHA/NERC Situation Report, 29 Aug 2018\"", \""source_url\"": \""https://reliefweb.int/attachments/950216f4-d4b5-321e-bcc7-cd533ed82cd7/Situationreport28_29082018.pdf\"", \""source_verification\"": \""supplied_not_independently_verified\"", \""state\"": \""West Bengal\"", \""year\"": \""2018\""}""]",admin_units|gadm|location,"[""admin_units:1511"", ""gadm:IND.36_1"", ""location:(?<![A-Za-z])West\\ Bengal(?![A-Za-z])""]",district,official_government,seasonal_cumulative,none,https://reliefweb.int/attachments/950216f4-d4b5-321e-bcc7-cd533ed82cd7/Situationreport28_29082018.pdf,747.35,0.1777,4206.535570897585,S1,observed,matched,76128533B25373378863054,interim_s1_only,fs1-3016a20fd3ad,unavailable,,3810.954,0.1961,747.35,S1,,incomplete,llm_qa,complete,174,174,0,0,174,False,local_state_plus_targeted_bigquery,14,174,0.1163125076655137,5095875.0,592714.0,4503161.0,2011,census_2011_official;file=census_2011_district_urban_rural.xlsx;sha256=acb01ddb965be41cf22a20f0e641fdbcc1f4a16e6b7bc9cf91478ce289f853e8;catalog=https://censusindia.gov.in/nada/index.php/catalog/42557;crosswalk=district_name_crosswalk.csv;sha256=c8dc691ab763e799cc1aafb29e9c17ab287710bd63447ad37281418d902c30e9,matched_crosswalk,345,resolved,article_collection_incomplete;article_count_missing_or_invalid,False
E076::hooghly,E076,2018-0295-IND,West Bengal,Hooghly,2018-08-07,2018-08-20,start:day|end:day,external_recovery,"[""{\""canonical_district\"": \""Hooghly\"", \""circularity_risk\"": \""none\"", \""event_id\"": \""E076\"", \""evidence_note\"": \""Official MHA affected-district list during the flood season; may be cumulative.\"", \""evidence_scope\"": \""seasonal_or_cumulative\"", \""evidence_type\"": \""seasonal_cumulative\"", \""mapping_row\"": 329, \""merge_rule\"": \""dedupe on event_id + canonical(state,district); preserve original source name\"", \""origin\"": \""prior_research_pass\"", \""source_class\"": \""official_government\"", \""source_title\"": \""Government of India MHA/NERC Situation Report, 29 Aug 2018\"", \""source_url\"": \""https://reliefweb.int/attachments/950216f4-d4b5-321e-bcc7-cd533ed82cd7/Situationreport28_29082018.pdf\"", \""source_verification\"": \""supplied_not_independently_verified\"", \""state\"": \""West Bengal\"", \""year\"": \""2018\""}""]",admin_units|gadm|location,"[""admin_units:1511"", ""gadm:IND.36_1"", ""location:(?<![A-Za-z])West\\ Bengal(?![A-Za-z])""]",district,official_government,seasonal_cumulative,none,https://reliefweb.int/attachments/950216f4-d4b5-321e-bcc7-cd533ed82cd7/Situationreport28_29082018.pdf,262.0166,0.0831,3153.550053477295,S1,observed,matched,76128533B81857725777974,interim_s1_only,fs1-3016a20fd3ad,unavailable,,2927.0037,0.0895,262.0166,S1,,incomplete,llm_qa,complete,174,175,0,0,175,False,local_state_plus_targeted_bigquery,14,175,0.3856573799021406,5519145.0,2128499.0,3390646.0,2011,census_2011_official;file=census_2011_district_urban_rural.xlsx;sha256=acb01ddb965be41cf22a20f0e641fdbcc1f4a16e6b7bc9cf91478ce289f853e8;catalog=https://censusindia.gov.in/nada/index.php/catalog/42557;crosswalk=district_name_crosswalk.csv;sha256=c8dc691ab763e799cc1aafb29e9c17ab287710bd63447ad37281418d902c30e9,matched_crosswalk,338,resolved,article_collection_incomplete;article_count_missing_or_invalid,False
E076::jhargram,E076,2018-0295-IND,West Bengal,Jhargram,2018-08-07,2018-08-20,start:day|end:day,external_recovery,"[""{\""canonical_district\"": \""Jhargram\"", \""circularity_risk\"": \""none\"", \""event_id\"": \""E076\"", \""evidence_note\"": \""Official MHA affected-district list during the flood season; may be cumulative.\"", \""evidence_scope\"": \""seasonal_or_cumulative\"", \""evidence_type\"": \""seasonal_cumulative\"", \""mapping_row\"": 332, \""merge_rule\"": \""dedupe on event_id + canonical(state,district); preserve original source name\"", \""origin\"": \""prior_research_pass\"", \""source_class\"": \""official_government\"", \""source_title\"": \""Government of India MHA/NERC Situation Report, 29 Aug 2018\"", \""source_url\"": \""https://reliefweb.int/attachments/950216f4-d4b5-321e-bcc7-cd533ed82cd7/Situationreport28_29082018.pdf\"", \""source_verification\"": \""supplied_not_independently_verified\"", \""state\"": \""West Bengal\"", \""year\"": \""2018\""}""]",admin_units|gadm|location,"[""admin_units:1511"", ""gadm:IND.36_1"", ""location:(?<![A-Za-z])West\\ Bengal(?![A-Za-z])""]",district,official_government,seasonal_cumulative,none,https://reliefweb.int/attachments/950216f4-d4b5-321e-bcc7-cd533ed82cd7/Situationreport28_29082018.pdf,206.3252,0.0666,3096.557448032797,S1,observed,matched,76128533B24861976740713,interim_s1_only,fs1-3016a20fd3ad,unavailable,,2836.6669,0.0727,206.3252,S1,1.0,partial,llm_qa_observed_lower_bound,complete,174,176,0,1,175,True,local_state_plus_targeted_bigquery,14,175,,,,,2011,census_2011_official,unmatched,,resolved,census_unmatched;census_invalid;census_population_inconsistent,False
E076::kalimpong,E076,2018-0295-IND,West Bengal,Kalimpong,2018-08-07,2018-08-20,start:day|end:day,external_recovery,"[""{\""canonical_district\"": \""Kalimpong\"", \""circularity_risk\"": \""none\"", \""event_id\"": \""E076\"", \""evidence_note\"": \""Official MHA affected-district list during the flood season; may be cumulative.\"", \""evidence_scope\"": \""seasonal_or_cumulative\"", \""evidence_type\"": \""seasonal_cumulative\"", \""mapping_row\"": 333, \""merge_rule\"": \""dedupe on event_id + canonical(state,district); preserve original source name\"", \""origin\"": \""prior_research_pass\"", \""source_class\"": \""official_government\"", \""source_title\"": \""Government of India MHA/NERC Situation Report, 29 Aug 2018\"", \""source_url\"": \""https://reliefweb.int/attachments/950216f4-d4b5-321e-bcc7-cd533ed82cd7/Situationreport28_29082018.pdf\"", \""source_verification\"": \""supplied_not_independently_verified\"", \""state\"": \""West Bengal\"", \""year\"": \""2018\""}""]",admin_units|gadm|location,"[""admin_units:1511"", ""gadm:IND.36_1"", ""location:(?<![A-Za-z])West\\ Bengal(?![A-Za-z])""]",district,official_government,seasonal_cumulative,none,https://reliefweb.int/attachments/950216f4-d4b5-321e-bcc7-cd533ed82cd7/Situationreport28_29082018.pdf,0.2175,0.0002,1110.133398229132,S1,observed,matched,76128533B78458325839103,interim_s1_only,fs1-3016a20fd3ad,unavailable,,73.9352,0.0029,0.2175,S1,,incomplete,llm_qa,complete,174,174,0,0,174,False,local_state_plus_targeted_bigquery,14,174,,,,,2011,census_2011_official,unmatched,,resolved,article_collection_incomplete;article_count_missing_or_invalid;census_unmatched;census_invalid;census_population_inconsistent,False
E076::north%2024%20parganas,E076,2018-0295-IND,West Bengal,North 24 Parganas,2018-08-07,2018-08-20,start:day|end:day,external_recovery,"[""{\""canonical_district\"": \""North 24 Parganas\"", \""circularity_risk\"": \""none\"", \""event_id\"": \""E076\"", \""evidence_note\"": \""Official MHA affected-district list during the flood season; may be cumulative.\"", \""evidence_scope\"": \""seasonal_or_cumulative\"", \""evidence_type\"": \""seasonal_cumulative\"", \""mapping_row\"": 337, \""merge_rule\"": \""dedupe on event_id + canonical(state,district); preserve original source name\"", \""origin\"": \""prior_research_pass\"", \""source_class\"": \""official_government\"", \""source_title\"": \""Government of India MHA/NERC Situation Report, 29 Aug 2018\"", \""source_url\"": \""https://reliefweb.int/attachments/950216f4-d4b5-321e-bcc7-cd533ed82cd7/Situationreport28_29082018.pdf\"", \""source_verification\"": \""supplied_not_independently_verified\"", \""state\"": \""West Bengal\"", \""year\"": \""2018\""}""]",admin_units|gadm|location,"[""admin_units:1511"", ""gadm:IND.36_1"", ""location:(?<![A-Za-z])West\\ Bengal(?![A-Za-z])""]",district,official_government,seasonal_cumulative,none,https://reliefweb.int/attachments/950216f4-d4b5-321e-bcc7-cd533ed82cd7/Situationreport28_29082018.pdf,348.5401,0.058,6006.604976683008,S1,observed,matched,70293.0,interim_s1_only,fs1-3016a20fd3ad,unavailable,,5030.4328,0.0693,348.5401,S1,,incomplete,llm_qa,complete,174,174,0,0,174,False,local_state_plus_targeted_bigquery,14,174,0.5726560850831801,10009781.0,5732162.0,4277619.0,2011,census_2011_official;file=census_2011_district_urban_rural.xlsx;sha256=acb01ddb965be41cf22a20f0e641fdbcc1f4a16e6b7bc9cf91478ce289f853e8;catalog=https://censusindia.gov.in/nada/index.php/catalog/42557;crosswalk=district_name_crosswalk.csv;sha256=c8dc691ab763e799cc1aafb29e9c17ab287710bd63447ad37281418d902c30e9,matched_crosswalk,337,resolved,article_collection_incomplete;article_count_missing_or_invalid,False
E076::paschim%20bardhaman,E076,2018-0295-IND,West Bengal,Paschim Bardhaman,2018-08-07,2018-08-20,start:day|end:day,external_recovery,"[""{\""canonical_district\"": \""Paschim Bardhaman\"", \""circularity_risk\"": \""none\"", \""event_id\"": \""E076\"", \""evidence_note\"": \""Official MHA affected-district list during the flood season; may be cumulative.\"", \""evidence_scope\"": \""seasonal_or_cumulative\"", \""evidence_type\"": \""seasonal_cumulative\"", \""mapping_row\"": 338, \""merge_rule\"": \""dedupe on event_id + canonical(state,district); preserve original source name\"", \""origin\"": \""prior_research_pass\"", \""source_class\"": \""official_government\"", \""source_title\"": \""Government of India MHA/NERC Situation Report, 29 Aug 2018\"", \""source_url\"": \""https://reliefweb.int/attachments/950216f4-d4b5-321e-bcc7-cd533ed82cd7/Situationreport28_29082018.pdf\"", \""source_verification\"": \""supplied_not_independently_verified\"", \""state\"": \""West Bengal\"", \""year\"": \""2018\""}""]",admin_units|gadm|location,"[""admin_units:1511"", ""gadm:IND.36_1"", ""location:(?<![A-Za-z])West\\ Bengal(?![A-Za-z])""]",district,official_government,seasonal_cumulative,none,https://reliefweb.int/attachments/950216f4-d4b5-321e-bcc7-cd533ed82cd7/Situationreport28_29082018.pdf,34.3035,0.0209,1638.342752616778,S1,observed,matched,76128533B60845263086042,interim_s1_only,fs1-3016a20fd3ad,unavailable,,1491.1966,0.023,34.3035,S1,,incomplete,llm_qa,complete,174,174,0,0,174,False,local_state_plus_targeted_bigquery,14,174,,,,,2011,census_2011_official,unmatched,,resolved,article_collection_incomplete;article_count_missing_or_invalid;census_unmatched;census_invalid;census_population_inconsistent,False
E076::purba%20bardhaman,E076,2018-0295-IND,West Bengal,Purba Bardhaman,2018-08-07,2018-08-20,start:day|end:day,external_recovery,"[""{\""canonical_district\"": \""Purba Bardhaman\"", \""circularity_risk\"": \""none\"", \""event_id\"": \""E076\"", \""evidence_note\"": \""Official MHA affected-district list during the flood season; may be cumulative.\"", \""evidence_scope\"": \""seasonal_or_cumulative\"", \""evidence_type\"": \""seasonal_cumulative\"", \""mapping_row\"": 339, \""merge_rule\"": \""dedupe on event_id + canonical(state,district); preserve original source name\"", \""origin\"": \""prior_research_pass\"", \""source_class\"": \""official_government\"", \""source_title\"": \""Government of India MHA/NERC Situation Report, 29 Aug 2018\"", \""source_url\"": \""https://reliefweb.int/attachments/950216f4-d4b5-321e-bcc7-cd533ed82cd7/Situationreport28_29082018.pdf\"", \""source_verification\"": \""supplied_not_independently_verified\"", \""state\"": \""West Bengal\"", \""year\"": \""2018\""}""]",admin_units|gadm|location,"[""admin_units:1511"", ""gadm:IND.36_1"", ""location:(?<![A-Za-z])West\\ Bengal(?![A-Za-z])""]",district,official_government,seasonal_cumulative,none,https://reliefweb.int/attachments/950216f4-d4b5-321e-bcc7-cd533ed82cd7/Situationreport28_29082018.pdf,549.3415,0.1018,5396.808202076832,S1,observed,matched,76128533B59121537940607,interim_s1_only,fs1-3016a20fd3ad,unavailable,,5222.3159,0.1052,549.3415,S1,,incomplete,llm_qa,complete,174,174,0,0,174,False,local_state_plus_targeted_bigquery,14,174,,,,,2011,census_2011_official,unmatched,,resolved,article_collection_incomplete;article_count_missing_or_invalid;census_unmatched;census_invalid;census_population_inconsistent,False
E076::south%2024%20parganas,E076,2018-0295-IND,West Bengal,South 24 Parganas,2018-08-07,2018-08-20,start:day|end:day,external_recovery,"[""{\""canonical_district\"": \""South 24 Parganas\"", \""circularity_risk\"": \""none\"", \""event_id\"": \""E076\"", \""evidence_note\"": \""Official MHA affected-district list during the flood season; may be cumulative.\"", \""evidence_scope\"": \""seasonal_or_cumulative\"", \""evidence_type\"": \""seasonal_cumulative\"", \""mapping_row\"": 341, \""merge_rule\"": \""dedupe on event_id + canonical(state,district); preserve original source name\"", \""origin\"": \""prior_research_pass\"", \""source_class\"": \""official_government\"", \""source_title\"": \""Government of India MHA/NERC Situation Report, 29 Aug 2018\"", \""source_url\"": \""https://reliefweb.int/attachments/950216f4-d4b5-321e-bcc7-cd533ed82cd7/Situationreport28_29082018.pdf\"", \""source_verification\"": \""supplied_not_independently_verified\"", \""state\"": \""West Bengal\"", \""year\"": \""2018\""}""]",admin_units|gadm|location,"[""admin_units:1511"", ""gadm:IND.36_1"", ""location:(?<![A-Za-z])West\\ Bengal(?![A-Za-z])""]",district,official_government,seasonal_cumulative,none,https://reliefweb.int/attachments/950216f4-d4b5-321e-bcc7-cd533ed82cd7/Situationreport28_29082018.pdf,688.9654,0.1252,5503.307786632012,S1,observed,matched,70294.0,interim_s1_only,fs1-3016a20fd3ad,unavailable,,4761.6074,0.1447,688.9654,S1,,incomplete,llm_qa,complete,174,174,0,0,174,False,local_state_plus_targeted_bigquery,14,174,0.2557930624760398,8161961.0,2087773.0,6074188.0,2011,census_2011_official;file=census_2011_district_urban_rural.xlsx;sha256=acb01ddb965be41cf22a20f0e641fdbcc1f4a16e6b7bc9cf91478ce289f853e8;catalog=https://censusindia.gov.in/nada/index.php/catalog/42557;crosswalk=district_name_crosswalk.csv;sha256=c8dc691ab763e799cc1aafb29e9c17ab287710bd63447ad37281418d902c30e9,matched_crosswalk,343,resolved,article_collection_incomplete;article_count_missing_or_invalid,False
E076::west%20medinipur,E076,2018-0295-IND,West Bengal,West Medinipur,2018-08-07,2018-08-20,start:day|end:day,external_recovery,"[""{\""canonical_district\"": \""West Medinipur\"", \""circularity_risk\"": \""none\"", \""event_id\"": \""E076\"", \""evidence_note\"": \""Official MHA affected-district list during the flood season; may be cumulative.\"", \""evidence_scope\"": \""seasonal_or_cumulative\"", \""evidence_type\"": \""seasonal_cumulative\"", \""mapping_row\"": 343, \""merge_rule\"": \""dedupe on event_id + canonical(state,district); preserve original source name\"", \""origin\"": \""prior_research_pass\"", \""source_class\"": \""official_government\"", \""source_title\"": \""Government of India MHA/NERC Situation Report, 29 Aug 2018\"", \""source_url\"": \""https://reliefweb.int/attachments/950216f4-d4b5-321e-bcc7-cd533ed82cd7/Situationreport28_29082018.pdf\"", \""source_verification\"": \""supplied_not_independently_verified\"", \""state\"": \""West Bengal\"", \""year\"": \""2018\""}""]",admin_units|gadm|location,"[""admin_units:1511"", ""gadm:IND.36_1"", ""location:(?<![A-Za-z])West\\ Bengal(?![A-Za-z])""]",district,official_government,seasonal_cumulative,none,https://reliefweb.int/attachments/950216f4-d4b5-321e-bcc7-cd533ed82cd7/Situationreport28_29082018.pdf,1782.5446,0.2836,6284.990303074793,S1,observed,matched,76128533B88812350838807,interim_s1_only,fs1-3016a20fd3ad,unavailable,,6123.409,0.2911,1782.5446,S1,,incomplete,llm_qa,complete,174,174,0,0,174,False,local_state_plus_targeted_bigquery,14,174,,,,,2011,census_2011_official,unmatched,,resolved,article_collection_incomplete;article_count_missing_or_invalid;census_unmatched;census_invalid;census_population_inconsistent,False
E077::ambedkar%20nagar,E077,2018-0370-IND,Uttar Pradesh,Ambedkar Nagar,2018-09-01,2018-10-06,start:day|end:day,external_recovery,"[""{\""canonical_district\"": \""Ambedkar Nagar\"", \""circularity_risk\"": \""none\"", \""end_date\"": \""2018-10-06\"", \""event_id\"": \""E077\"", \""evidence_note\"": \""District appears in official cumulative affected list during the same long EM-DAT event.\"", \""evidence_scope\"": \""seasonal_cumulative_within_event\"", \""evidence_type\"": \""seasonal_cumulative\"", \""mapping_row\"": 344, \""merge_rule\"": \""dedupe on event_id + canonical(state,district); retain all source provenance\"", \""origin\"": \""exhaustive_followup\"", \""source_class\"": \""official_government\"", \""source_record_id\"": \""2018-0370-IND\"", \""source_title\"": \""MHA/NERC UP monsoon cumulative affected districts, Sep 2018\"", \""source_url\"": \""https://ndmindia.mha.gov.in/ndmi/viewUploadedDocument?uid=NEW508\"", \""source_verification\"": \""supplied_not_independently_verified\"", \""start_date\"": \""2018-09-01\"", \""state\"": \""Uttar Pradesh\"", \""year\"": \""2018\""}""]",admin_units|gadm|location,"[""admin_units:70081"", ""gadm:IND.34_1"", ""location:(?<![A-Za-z])Uttar\\ Pradesh(?![A-Za-z])""]",district,official_government,seasonal_cumulative,none,https://ndmindia.mha.gov.in/ndmi/viewUploadedDocument?uid=NEW508,23.5177,0.0101,2328.994244483866,S1,observed,matched,70257.0,interim_s1_only,fs1-3016a20fd3ad,unavailable,,2207.7781,0.0107,23.5177,S1,,incomplete,llm_qa,complete,433,433,0,0,433,False,local_state_plus_targeted_bigquery,14,433,0.1170738583286625,2397888.0,280730.0,2117158.0,2011,census_2011_official;file=census_2011_district_urban_rural.xlsx;sha256=acb01ddb965be41cf22a20f0e641fdbcc1f4a16e6b7bc9cf91478ce289f853e8;catalog=https://censusindia.gov.in/nada/index.php/catalog/42557,matched,178,resolved,article_collection_incomplete;article_count_missing_or_invalid,False
E077::amethi,E077,2018-0370-IND,Uttar Pradesh,Amethi,2018-09-01,2018-10-06,start:day|end:day,external_recovery,"[""{\""canonical_district\"": \""Amethi\"", \""circularity_risk\"": \""none\"", \""end_date\"": \""2018-10-06\"", \""event_id\"": \""E077\"", \""evidence_note\"": \""District appears in official cumulative affected list during the same long EM-DAT event.\"", \""evidence_scope\"": \""seasonal_cumulative_within_event\"", \""evidence_type\"": \""seasonal_cumulative\"", \""mapping_row\"": 345, \""merge_rule\"": \""dedupe on event_id + canonical(state,district); retain all source provenance\"", \""origin\"": \""exhaustive_followup\"", \""source_class\"": \""official_government\"", \""source_record_id\"": \""2018-0370-IND\"", \""source_title\"": \""MHA/NERC UP monsoon cumulative affected districts, Sep 2018\"", \""source_url\"": \""https://ndmindia.mha.gov.in/ndmi/viewUploadedDocument?uid=NEW508\"", \""source_verification\"": \""supplied_not_independently_verified\"", \""start_date\"": \""2018-09-01\"", \""state\"": \""Uttar Pradesh\"", \""year\"": \""2018\""}""]",admin_units|gadm|location,"[""admin_units:70081"", ""gadm:IND.34_1"", ""location:(?<![A-Za-z])Uttar\\ Pradesh(?![A-Za-z])""]",district,official_government,seasonal_cumulative,none,https://ndmindia.mha.gov.in/ndmi/viewUploadedDocument?uid=NEW508,15.257,0.0058,2625.508237461462,S1,observed,matched,76128533B13908294104682,interim_s1_only,fs1-3016a20fd3ad,unavailable,,2355.7253,0.0065,15.257,S1,2.0,partial,llm_qa_observed_lower_bound,complete,433,444,0,4,440,True,local_state_plus_targeted_bigquery,14,440,,,,,2011,census_2011_official,unmatched,,resolved,census_unmatched;census_invalid;census_population_inconsistent,False
E077::chandauli,E077,2018-0370-IND,Uttar Pradesh,Chandauli,2018-09-01,2018-10-06,start:day|end:day,external_recovery,"[""{\""canonical_district\"": \""Chandauli\"", \""circularity_risk\"": \""none\"", \""end_date\"": \""2018-10-06\"", \""event_id\"": \""E077\"", \""evidence_note\"": \""District appears in official cumulative affected list during the same long EM-DAT event.\"", \""evidence_scope\"": \""seasonal_cumulative_within_event\"", \""evidence_type\"": \""seasonal_cumulative\"", \""mapping_row\"": 355, \""merge_rule\"": \""dedupe on event_id + canonical(state,district); retain all source provenance\"", \""origin\"": \""exhaustive_followup\"", \""source_class\"": \""official_government\"", \""source_record_id\"": \""2018-0370-IND\"", \""source_title\"": \""MHA/NERC UP monsoon cumulative affected districts, Sep 2018\"", \""source_url\"": \""https://ndmindia.mha.gov.in/ndmi/viewUploadedDocument?uid=NEW508\"", \""source_verification\"": \""supplied_not_independently_verified\"", \""start_date\"": \""2018-09-01\"", \""state\"": \""Uttar Pradesh\"", \""year\"": \""2018\""}""]",admin_units|gadm|location,"[""admin_units:70081"", ""gadm:IND.34_1"", ""location:(?<![A-Za-z])Uttar\\ Pradesh(?![A-Za-z])""]",district,official_government,seasonal_cumulative,none,https://ndmindia.mha.gov.in/ndmi/viewUploadedDocument?uid=NEW508,67.2836,0.0265,2540.7391966848068,S1,observed,matched,70262.0,interim_s1_only,fs1-3016a20fd3ad,unavailable,,2234.5406,0.0301,67.2836,S1,,incomplete,llm_qa,complete,433,434,0,0,434,False,local_state_plus_targeted_bigquery,14,434,0.1242106028607772,1952756.0,242553.0,1710203.0,2011,census_2011_official;file=census_2011_district_urban_rural.xlsx;sha256=acb01ddb965be41cf22a20f0e641fdbcc1f4a16e6b7bc9cf91478ce289f853e8;catalog=https://censusindia.gov.in/nada/index.php/catalog/42557,matched,196,resolved,article_collection_incomplete;article_count_missing_or_invalid,False
E077::kanpur%20nagar,E077,2018-0370-IND,Uttar Pradesh,Kanpur Nagar,2018-09-01,2018-10-06,start:day|end:day,external_recovery,"[""{\""canonical_district\"": \""Kanpur Nagar\"", \""circularity_risk\"": \""none\"", \""end_date\"": \""2018-10-06\"", \""event_id\"": \""E077\"", \""evidence_note\"": \""District appears in official cumulative affected list during the same long EM-DAT event.\"", \""evidence_scope\"": \""seasonal_cumulative_within_event\"", \""evidence_type\"": \""seasonal_cumulative\"", \""mapping_row\"": 361, \""merge_rule\"": \""dedupe on event_id + canonical(state,district); retain all source provenance\"", \""origin\"": \""exhaustive_followup\"", \""source_class\"": \""official_government\"", \""source_record_id\"": \""2018-0370-IND\"", \""source_title\"": \""MHA/NERC UP monsoon cumulative affected districts, Sep 2018\"", \""source_url\"": \""https://ndmindia.mha.gov.in/ndmi/viewUploadedDocument?uid=NEW508\"", \""source_verification\"": \""supplied_not_independently_verified\"", \""start_date\"": \""2018-09-01\"", \""state\"": \""Uttar Pradesh\"", \""year\"": \""2018\""}""]",admin_units|gadm|location,"[""admin_units:70081"", ""gadm:IND.34_1"", ""location:(?<![A-Za-z])Uttar\\ Pradesh(?![A-Za-z])""]",district,official_government,seasonal_cumulative,none,https://ndmindia.mha.gov.in/ndmi/viewUploadedDocument?uid=NEW508,52.6394,0.0181,2904.729879575877,S1,observed,matched,76128533B23710487943819,interim_s1_only,fs1-3016a20fd3ad,unavailable,,2803.3297,0.0188,52.6394,S1,,incomplete,llm_qa,complete,433,433,0,0,433,False,local_state_plus_targeted_bigquery,14,433,0.6582555310014607,4581268.0,3015645.0,1565623.0,2011,census_2011_official;file=census_2011_district_urban_rural.xlsx;sha256=acb01ddb965be41cf22a20f0e641fdbcc1f4a16e6b7bc9cf91478ce289f853e8;catalog=https://censusindia.gov.in/nada/index.php/catalog/42557,matched,164,resolved,article_collection_incomplete;article_count_missing_or_invalid,False
E077::kasganj,E077,2018-0370-IND,Uttar Pradesh,Kasganj,2018-09-01,2018-10-06,start:day|end:day,external_recovery,"[""{\""canonical_district\"": \""Kasganj\"", \""circularity_risk\"": \""none\"", \""end_date\"": \""2018-10-06\"", \""event_id\"": \""E077\"", \""evidence_note\"": \""District appears in official cumulative affected list during the same long EM-DAT event.\"", \""evidence_scope\"": \""seasonal_cumulative_within_event\"", \""evidence_type\"": \""seasonal_cumulative\"", \""mapping_row\"": 362, \""merge_rule\"": \""dedupe on event_id + canonical(state,district); retain all source provenance\"", \""origin\"": \""exhaustive_followup\"", \""source_class\"": \""official_government\"", \""source_record_id\"": \""2018-0370-IND\"", \""source_title\"": \""MHA/NERC UP monsoon cumulative affected districts, Sep 2018\"", \""source_url\"": \""https://ndmindia.mha.gov.in/ndmi/viewUploadedDocument?uid=NEW508\"", \""source_verification\"": \""supplied_not_independently_verified\"", \""start_date\"": \""2018-09-01\"", \""state\"": \""Uttar Pradesh\"", \""year\"": \""2018\""}""]",admin_units|gadm|location,"[""admin_units:70081"", ""gadm:IND.34_1"", ""location:(?<![A-Za-z])Uttar\\ Pradesh(?![A-Za-z])""]",district,official_government,seasonal_cumulative,none,https://ndmindia.mha.gov.in/ndmi/viewUploadedDocument?uid=NEW508,62.678,0.031,2019.3990921936088,S1,observed,matched,76128533B7643504807381,interim_s1_only,fs1-3016a20fd3ad,unavailable,,1960.3782,0.032,62.678,S1,,incomplete,llm_qa,complete,433,433,0,0,433,False,local_state_plus_targeted_bigquery,14,433,0.2006008133810438,1436719.0,288207.0,1148512.0,2011,census_2011_recovery;method=census_name_link;url=https://www.nmcg.nic.in/DmUlbsDetails.aspx;table=district demography;notes=Explicit district name equivalence; population retained from official 2011 PCA. Not an event-year population estimate.;population_source=census_2011_official;file=census_2011_district_urban_rural.xlsx;sha256=acb01ddb965be41cf22a20f0e641fdbcc1f4a16e6b7bc9cf91478ce289f853e8;catalog=https://censusindia.gov.in/nada/index.php/catalog/42557;file=district_census_recovery.json;sha256=d452a6f74338bb2f237f3d014518ab361f6b2d7436bac837b8a1cb97d050bac0,matched_crosswalk,202,resolved,article_collection_incomplete;article_count_missing_or_invalid,False
E077::sant%20kabir%20nagar,E077,2018-0370-IND,Uttar Pradesh,Sant Kabir Nagar,2018-09-01,2018-10-06,start:day|end:day,external_recovery,"[""{\""canonical_district\"": \""Sant Kabir Nagar\"", \""circularity_risk\"": \""none\"", \""end_date\"": \""2018-10-06\"", \""event_id\"": \""E077\"", \""evidence_note\"": \""MHA/NERC daily situation reporting explicitly lists district affected during the long flood event.\"", \""evidence_scope\"": \""within_long_event_window\"", \""evidence_type\"": \""direct_disaster_impact\"", \""mapping_row\"": 368, \""merge_rule\"": \""dedupe on event_id + canonical(state,district); retain all source provenance\"", \""origin\"": \""exhaustive_followup\"", \""source_class\"": \""official_government\"", \""source_record_id\"": \""2018-0370-IND\"", \""source_title\"": \""MHA/NERC UP flood situation, September 2018\"", \""source_url\"": \""https://ndmindia.mha.gov.in/ndmi/viewUploadedDocument?uid=NEW508\"", \""source_verification\"": \""supplied_not_independently_verified\"", \""start_date\"": \""2018-09-01\"", \""state\"": \""Uttar Pradesh\"", \""year\"": \""2018\""}""]",admin_units|gadm|location,"[""admin_units:70081"", ""gadm:IND.34_1"", ""location:(?<![A-Za-z])Uttar\\ Pradesh(?![A-Za-z])""]",district,official_government,direct_disaster_impact,none,https://ndmindia.mha.gov.in/ndmi/viewUploadedDocument?uid=NEW508,17.4387,0.0131,1329.179989070325,S1,observed,matched,70275.0,interim_s1_only,fs1-3016a20fd3ad,unavailable,,1268.8107,0.0137,17.4387,S1,,incomplete,llm_qa,complete,433,433,0,0,433,False,local_state_plus_targeted_bigquery,14,433,0.074937193290745,1715183.0,128531.0,1586652.0,2011,census_2011_official;file=census_2011_district_urban_rural.xlsx;sha256=acb01ddb965be41cf22a20f0e641fdbcc1f4a16e6b7bc9cf91478ce289f853e8;catalog=https://censusindia.gov.in/nada/index.php/catalog/42557,matched,186,resolved,article_collection_incomplete;article_count_missing_or_invalid,False
E077::siddharthnagar,E077,2018-0370-IND,Uttar Pradesh,Siddharthnagar,2018-09-01,2018-10-06,start:day|end:day,external_recovery,"[""{\""canonical_district\"": \""Siddharthnagar\"", \""circularity_risk\"": \""none\"", \""end_date\"": \""2018-10-06\"", \""event_id\"": \""E077\"", \""evidence_note\"": \""District appears in official cumulative affected list during the same long EM-DAT event.\"", \""evidence_scope\"": \""seasonal_cumulative_within_event\"", \""evidence_type\"": \""seasonal_cumulative\"", \""mapping_row\"": 369, \""merge_rule\"": \""dedupe on event_id + canonical(state,district); retain all source provenance\"", \""origin\"": \""exhaustive_followup\"", \""source_class\"": \""official_government\"", \""source_record_id\"": \""2018-0370-IND\"", \""source_title\"": \""MHA/NERC UP monsoon cumulative affected districts, Sep 2018\"", \""source_url\"": \""https://ndmindia.mha.gov.in/ndmi/viewUploadedDocument?uid=NEW508\"", \""source_verification\"": \""supplied_not_independently_verified\"", \""start_date\"": \""2018-09-01\"", \""state\"": \""Uttar Pradesh\"", \""year\"": \""2018\""}""]",admin_units|gadm|location,"[""admin_units:70081"", ""gadm:IND.34_1"", ""location:(?<![A-Za-z])Uttar\\ Pradesh(?![A-Za-z])""]",district,official_government,seasonal_cumulative,none,https://ndmindia.mha.gov.in/ndmi/viewUploadedDocument?uid=NEW508,31.4464,0.009,3492.6137371813147,S1,observed,matched,70278.0,interim_s1_only,fs1-3016a20fd3ad,unavailable,,3290.957,0.0096,31.4464,S1,,incomplete,llm_qa,complete,433,433,0,0,433,False,local_state_plus_targeted_bigquery,14,433,0.0627871638188143,2559297.0,160691.0,2398606.0,2011,census_2011_official;file=census_2011_district_urban_rural.xlsx;sha256=acb01ddb965be41cf22a20f0e641fdbcc1f4a16e6b7bc9cf91478ce289f853e8;catalog=https://censusindia.gov.in/nada/index.php/catalog/42557,matched,184,resolved,article_collection_incomplete;article_count_missing_or_invalid,False
E079::fazilka,E079,2018-0372-IND,Punjab,Fazilka,2018-09-23,2018-09-24,start:day|end:day,external_recovery,"[""{\""canonical_district\"": \""Fazilka\"", \""circularity_risk\"": \""none\"", \""event_id\"": \""E079\"", \""evidence_note\"": \""Official cumulative monsoon affected-district list.\"", \""evidence_scope\"": \""seasonal_or_cumulative\"", \""evidence_type\"": \""seasonal_cumulative\"", \""mapping_row\"": 374, \""merge_rule\"": \""dedupe on event_id + canonical(state,district); preserve original source name\"", \""origin\"": \""prior_research_pass\"", \""source_class\"": \""official_government\"", \""source_title\"": \""Government of India MHA/NERC Situation Report, 4 Oct 2018\"", \""source_url\"": \""https://reliefweb.int/attachments/8e07589b-8b45-39ce-8185-6ce76bb70764/Situation%20report_04102018.pdf\"", \""source_verification\"": \""supplied_not_independently_verified\"", \""state\"": \""Punjab\"", \""year\"": \""2018\""}""]",admin_units|gadm|location,"[""admin_units:1505"", ""gadm:IND.28_1"", ""location:(?<![A-Za-z])Punjab(?![A-Za-z])""]",district,official_government,seasonal_cumulative,none,https://reliefweb.int/attachments/8e07589b-8b45-39ce-8185-6ce76bb70764/Situation%20report_04102018.pdf,135.0405,0.0414,3260.9663717370954,S1,observed,matched,76128533B7291413308870,interim_s1_only,fs1-3016a20fd3ad,ok,,3125.647,0.0432,1.1515,NDWI,,incomplete,llm_qa,complete,77,77,0,0,77,False,local_state_plus_targeted_bigquery,14,77,,,,,2011,census_2011_official,unmatched,,resolved,article_collection_incomplete;article_count_missing_or_invalid;census_unmatched;census_invalid;census_population_inconsistent,False
E079::pathankot,E079,2018-0372-IND,Punjab,Pathankot,2018-09-23,2018-09-24,start:day|end:day,external_recovery,"[""{\""canonical_district\"": \""Pathankot\"", \""circularity_risk\"": \""none\"", \""event_id\"": \""E079\"", \""evidence_note\"": \""Official cumulative monsoon affected-district list.\"", \""evidence_scope\"": \""seasonal_or_cumulative\"", \""evidence_type\"": \""seasonal_cumulative\"", \""mapping_row\"": 381, \""merge_rule\"": \""dedupe on event_id + canonical(state,district); preserve original source name\"", \""origin\"": \""prior_research_pass\"", \""source_class\"": \""official_government\"", \""source_title\"": \""Government of India MHA/NERC Situation Report, 4 Oct 2018\"", \""source_url\"": \""https://reliefweb.int/attachments/8e07589b-8b45-39ce-8185-6ce76bb70764/Situation%20report_04102018.pdf\"", \""source_verification\"": \""supplied_not_independently_verified\"", \""state\"": \""Punjab\"", \""year\"": \""2018\""}""]",admin_units|gadm|location,"[""admin_units:1505"", ""gadm:IND.28_1"", ""location:(?<![A-Za-z])Punjab(?![A-Za-z])""]",district,official_government,seasonal_cumulative,none,https://reliefweb.int/attachments/8e07589b-8b45-39ce-8185-6ce76bb70764/Situation%20report_04102018.pdf,12.7821,0.0128,999.949013574026,S1,observed,matched,76128533B19630094725383,interim_s1_only,fs1-3016a20fd3ad,unavailable,,751.4754,0.017,12.7821,S1,1.0,partial,llm_qa_observed_lower_bound,complete,77,85,0,4,81,True,local_state_plus_targeted_bigquery,14,81,,,,,2011,census_2011_official,unmatched,,resolved,census_unmatched;census_invalid;census_population_inconsistent,False
E081::charaideo,E081,2019-0331-IND,Assam,Charaideo,2019-07-14,2019-09-30,start:day|end:day,external_recovery,"[""{\""canonical_district\"": \""Charaideo\"", \""circularity_risk\"": \""none\"", \""event_id\"": \""E081\"", \""evidence_note\"": \""Official MHA cumulative affected-district list for the 2019 Assam flood.\"", \""evidence_scope\"": \""seasonal_or_cumulative\"", \""evidence_type\"": \""seasonal_cumulative\"", \""mapping_row\"": 388, \""merge_rule\"": \""dedupe on event_id + canonical(state,district); preserve original source name\"", \""origin\"": \""prior_research_pass\"", \""source_class\"": \""official_government\"", \""source_title\"": \""Government of India MHA/NERC Situation Report, 13 Aug 2019\"", \""source_url\"": \""https://ndmindia.mha.gov.in/ndmi/viewUploadedDocument?uid=NEW455\"", \""source_verification\"": \""supplied_not_independently_verified\"", \""state\"": \""Assam\"", \""year\"": \""2019\""}""]",gadm|location,"[""gadm:IND.4_1"", ""location:(?<![A-Za-z])Assam(?![A-Za-z])"", ""location:Baksa"", ""location:Barpeta"", ""location:Biswanath"", ""location:Bongaigaon"", ""location:Cachar"", ""location:Chirang"", ""location:Darrang"", ""location:Dhemaji"", ""location:Dhubri"", ""location:Dibrugarh"", ""location:Goalpara"", ""location:Golaghat Jorhat"", ""location:Hailakandi"", ""location:Hojai"", ""location:Kamrup"", ""location:KarbiAnglrng"", ""location:Kokrajhar"", ""location:Lakhimpur"", ""location:Majuli"", ""location:Morigaon"", ""location:Nagaon"", ""location:Nalbari"", ""location:Sivsagar"", ""location:Sonitpur"", ""location:South Salmara"", ""location:Tinsukia"", ""location:West Karbi-Anglong""]",district,official_government,seasonal_cumulative,none,https://ndmindia.mha.gov.in/ndmi/viewUploadedDocument?uid=NEW455,61.3481,0.0583,1051.5010239181354,S1,observed,matched,76128533B89228414823983,interim_s1_only,fs1-3016a20fd3ad,ok,,956.9246,0.0641,61.3481,S1,,incomplete,llm_qa,complete,1140,1140,0,0,1140,False,local_state_plus_targeted_bigquery,14,1140,0.0648103529103932,458615.0,29723.0,428892.0,2011,census_2011_recovery;method=official_retabulation;url=https://des.assam.gov.in/sites/default/files/swf_utility_folder/departments/ecostat_medhassu_in_oid_3/this_comm/statistical_abstract_assam_2021.pdf;table=Table 1.02; printed page 4; PDF page 19;notes=Official 2011 population retabulated to the district definition in the cited source. No parent-district population substitution; not an event-year population estimate.;population_source=https://des.assam.gov.in/sites/default/files/swf_utility_folder/departments/ecostat_medhassu_in_oid_3/this_comm/statistical_abstract_assam_2021.pdf;file=district_census_recovery.json;sha256=d452a6f74338bb2f237f3d014518ab361f6b2d7436bac837b8a1cb97d050bac0,matched_crosswalk,retabulated:assam:Charaideo,resolved,article_collection_incomplete;article_count_missing_or_invalid,False
E081::kamrup%20metropolitan,E081,2019-0331-IND,Assam,Kamrup Metropolitan,2019-07-14,2019-09-30,start:day|end:day,external_recovery,"[""{\""canonical_district\"": \""Kamrup Metropolitan\"", \""circularity_risk\"": \""none\"", \""event_id\"": \""E081\"", \""evidence_note\"": \""Official MHA cumulative affected-district list for the 2019 Assam flood.\"", \""evidence_scope\"": \""seasonal_or_cumulative\"", \""evidence_type\"": \""seasonal_cumulative\"", \""mapping_row\"": 400, \""merge_rule\"": \""dedupe on event_id + canonical(state,district); preserve original source name\"", \""origin\"": \""prior_research_pass\"", \""source_class\"": \""official_government\"", \""source_title\"": \""Government of India MHA/NERC Situation Report, 13 Aug 2019\"", \""source_url\"": \""https://ndmindia.mha.gov.in/ndmi/viewUploadedDocument?uid=NEW455\"", \""source_verification\"": \""supplied_not_independently_verified\"", \""state\"": \""Assam\"", \""year\"": \""2019\""}""]",gadm|location,"[""gadm:IND.4_1"", ""location:(?<![A-Za-z])Assam(?![A-Za-z])"", ""location:Baksa"", ""location:Barpeta"", ""location:Biswanath"", ""location:Bongaigaon"", ""location:Cachar"", ""location:Chirang"", ""location:Darrang"", ""location:Dhemaji"", ""location:Dhubri"", ""location:Dibrugarh"", ""location:Goalpara"", ""location:Golaghat Jorhat"", ""location:Hailakandi"", ""location:Hojai"", ""location:Kamrup"", ""location:KarbiAnglrng"", ""location:Kokrajhar"", ""location:Lakhimpur"", ""location:Majuli"", ""location:Morigaon"", ""location:Nagaon"", ""location:Nalbari"", ""location:Sivsagar"", ""location:Sonitpur"", ""location:South Salmara"", ""location:Tinsukia"", ""location:West Karbi-Anglong""]",district,official_government,seasonal_cumulative,none,https://ndmindia.mha.gov.in/ndmi/viewUploadedDocument?uid=NEW455,83.2415,0.0736,1131.541200086081,S1,observed,matched,76128533B38230828972906,interim_s1_only,fs1-3016a20fd3ad,ok,,448.608,0.1856,11.0751,SITS_NDWI,,incomplete,llm_qa,complete,1140,1140,0,0,1140,False,local_state_plus_targeted_bigquery,14,1140,0.8270034084619814,1253938.0,1037011.0,216927.0,2011,census_2011_official;file=census_2011_district_urban_rural.xlsx;sha256=acb01ddb965be41cf22a20f0e641fdbcc1f4a16e6b7bc9cf91478ce289f853e8;catalog=https://censusindia.gov.in/nada/index.php/catalog/42557,matched,322,resolved,article_collection_incomplete;article_count_missing_or_invalid,False
E084::bagalkot,E084,2019-0331-IND,Karnataka,Bagalkot,2019-07-14,2019-09-30,start:day|end:day,external_recovery,"[""{\""canonical_district\"": \""Bagalkot\"", \""circularity_risk\"": \""none\"", \""event_id\"": \""E084\"", \""evidence_note\"": \""Official MHA affected-district list for the 2019 flood episode.\"", \""evidence_scope\"": \""same_episode\"", \""evidence_type\"": \""same_episode_evidence\"", \""mapping_row\"": 415, \""merge_rule\"": \""dedupe on event_id + canonical(state,district); preserve original source name\"", \""origin\"": \""prior_research_pass\"", \""source_class\"": \""official_government\"", \""source_title\"": \""Government of India MHA/NERC Situation Report, 13 Aug 2019\"", \""source_url\"": \""https://ndmindia.mha.gov.in/ndmi/viewUploadedDocument?uid=NEW455\"", \""source_verification\"": \""supplied_not_independently_verified\"", \""state\"": \""Karnataka\"", \""year\"": \""2019\""}""]",admin_units|gadm|location,"[""admin_units:1494"", ""gadm:IND.16_1"", ""location:(?<![A-Za-z])Karnataka(?![A-Za-z])""]",district,official_government,same_episode_evidence,none,https://ndmindia.mha.gov.in/ndmi/viewUploadedDocument?uid=NEW455,693.3598,0.1055,6575.100985988591,S1,observed,matched,70157.0,interim_s1_only,fs1-3016a20fd3ad,ok,,5858.5775,0.1183,64.0564,NDWI,,incomplete,llm_qa,complete,220,220,0,0,220,False,local_state_plus_targeted_bigquery,14,220,0.3163621469907162,1889752.0,597846.0,1291906.0,2011,census_2011_official;file=census_2011_district_urban_rural.xlsx;sha256=acb01ddb965be41cf22a20f0e641fdbcc1f4a16e6b7bc9cf91478ce289f853e8;catalog=https://censusindia.gov.in/nada/index.php/catalog/42557,matched,556,resolved,article_collection_incomplete;article_count_missing_or_invalid,False
E084::chikkamagaluru,E084,2019-0331-IND,Karnataka,Chikkamagaluru,2019-07-14,2019-09-30,start:day|end:day,external_recovery,"[""{\""canonical_district\"": \""Chikkamagaluru\"", \""circularity_risk\"": \""none\"", \""event_id\"": \""E084\"", \""evidence_note\"": \""Official MHA affected-district list for the 2019 flood episode.\"", \""evidence_scope\"": \""same_episode\"", \""evidence_type\"": \""same_episode_evidence\"", \""mapping_row\"": 417, \""merge_rule\"": \""dedupe on event_id + canonical(state,district); preserve original source name\"", \""origin\"": \""prior_research_pass\"", \""source_class\"": \""official_government\"", \""source_title\"": \""Government of India MHA/NERC Situation Report, 13 Aug 2019\"", \""source_url\"": \""https://ndmindia.mha.gov.in/ndmi/viewUploadedDocument?uid=NEW455\"", \""source_verification\"": \""supplied_not_independently_verified\"", \""state\"": \""Karnataka\"", \""year\"": \""2019\""}""]",admin_units|gadm|location,"[""admin_units:1494"", ""gadm:IND.16_1"", ""location:(?<![A-Za-z])Karnataka(?![A-Za-z])""]",district,official_government,same_episode_evidence,none,https://ndmindia.mha.gov.in/ndmi/viewUploadedDocument?uid=NEW455,95.5307,0.0138,6937.325023111647,S1,observed,matched,76128533B15550697205080,interim_s1_only,fs1-3016a20fd3ad,ok,,3145.504,0.0304,95.5307,S1,,incomplete,llm_qa,complete,220,220,0,0,220,False,local_state_plus_targeted_bigquery,14,220,0.2104711848648591,1137961.0,239508.0,898453.0,2011,census_2011_official;file=census_2011_district_urban_rural.xlsx;sha256=acb01ddb965be41cf22a20f0e641fdbcc1f4a16e6b7bc9cf91478ce289f853e8;catalog=https://censusindia.gov.in/nada/index.php/catalog/42557;crosswalk=district_name_crosswalk.csv;sha256=c8dc691ab763e799cc1aafb29e9c17ab287710bd63447ad37281418d902c30e9,matched_crosswalk,570,resolved,article_collection_incomplete;article_count_missing_or_invalid,False
E084::haveri,E084,2019-0331-IND,Karnataka,Haveri,2019-07-14,2019-09-30,start:day|end:day,external_recovery,"[""{\""canonical_district\"": \""Haveri\"", \""circularity_risk\"": \""none\"", \""event_id\"": \""E084\"", \""evidence_note\"": \""Official MHA affected-district list for the 2019 flood episode.\"", \""evidence_scope\"": \""same_episode\"", \""evidence_type\"": \""same_episode_evidence\"", \""mapping_row\"": 420, \""merge_rule\"": \""dedupe on event_id + canonical(state,district); preserve original source name\"", \""origin\"": \""prior_research_pass\"", \""source_class\"": \""official_government\"", \""source_title\"": \""Government of India MHA/NERC Situation Report, 13 Aug 2019\"", \""source_url\"": \""https://ndmindia.mha.gov.in/ndmi/viewUploadedDocument?uid=NEW455\"", \""source_verification\"": \""supplied_not_independently_verified\"", \""state\"": \""Karnataka\"", \""year\"": \""2019\""}""]",admin_units|gadm|location,"[""admin_units:1494"", ""gadm:IND.16_1"", ""location:(?<![A-Za-z])Karnataka(?![A-Za-z])""]",district,official_government,same_episode_evidence,none,https://ndmindia.mha.gov.in/ndmi/viewUploadedDocument?uid=NEW455,119.11,0.0248,4811.456144597108,S1,observed,matched,70164.0,interim_s1_only,fs1-3016a20fd3ad,ok,,4422.6993,0.0269,15.3787,NDWI,,incomplete,llm_qa,complete,220,220,0,0,220,False,local_state_plus_targeted_bigquery,14,220,0.2225124368767478,1597668.0,355501.0,1242167.0,2011,census_2011_official;file=census_2011_district_urban_rural.xlsx;sha256=acb01ddb965be41cf22a20f0e641fdbcc1f4a16e6b7bc9cf91478ce289f853e8;catalog=https://censusindia.gov.in/nada/index.php/catalog/42557,matched,564,resolved,article_collection_incomplete;article_count_missing_or_invalid,False
E084::raichur,E084,2019-0331-IND,Karnataka,Raichur,2019-07-14,2019-09-30,start:day|end:day,external_recovery,"[""{\""canonical_district\"": \""Raichur\"", \""circularity_risk\"": \""none\"", \""event_id\"": \""E084\"", \""evidence_note\"": \""Official MHA affected-district list for the 2019 flood episode.\"", \""evidence_scope\"": \""same_episode\"", \""evidence_type\"": \""same_episode_evidence\"", \""mapping_row\"": 422, \""merge_rule\"": \""dedupe on event_id + canonical(state,district); preserve original source name\"", \""origin\"": \""prior_research_pass\"", \""source_class\"": \""official_government\"", \""source_title\"": \""Government of India MHA/NERC Situation Report, 13 Aug 2019\"", \""source_url\"": \""https://ndmindia.mha.gov.in/ndmi/viewUploadedDocument?uid=NEW455\"", \""source_verification\"": \""supplied_not_independently_verified\"", \""state\"": \""Karnataka\"", \""year\"": \""2019\""}""]",admin_units|gadm|location,"[""admin_units:1494"", ""gadm:IND.16_1"", ""location:(?<![A-Za-z])Karnataka(?![A-Za-z])""]",district,official_government,same_episode_evidence,none,https://ndmindia.mha.gov.in/ndmi/viewUploadedDocument?uid=NEW455,372.5928,0.044,8465.297775287587,S1,observed,matched,17693.0,interim_s1_only,fs1-3016a20fd3ad,ok,,7642.1413,0.0488,13.3666,NDWI,,incomplete,llm_qa,complete,220,220,0,0,220,False,local_state_plus_targeted_bigquery,14,220,0.2542228065773129,1928812.0,490348.0,1438464.0,2011,census_2011_official;file=census_2011_district_urban_rural.xlsx;sha256=acb01ddb965be41cf22a20f0e641fdbcc1f4a16e6b7bc9cf91478ce289f853e8;catalog=https://censusindia.gov.in/nada/index.php/catalog/42557,matched,559,resolved,article_collection_incomplete;article_count_missing_or_invalid,False
E084::yadgir,E084,2019-0331-IND,Karnataka,Yadgir,2019-07-14,2019-09-30,start:day|end:day,external_recovery,"[""{\""canonical_district\"": \""Yadgir\"", \""circularity_risk\"": \""none\"", \""event_id\"": \""E084\"", \""evidence_note\"": \""Official MHA affected-district list for the 2019 flood episode.\"", \""evidence_scope\"": \""same_episode\"", \""evidence_type\"": \""same_episode_evidence\"", \""mapping_row\"": 427, \""merge_rule\"": \""dedupe on event_id + canonical(state,district); preserve original source name\"", \""origin\"": \""prior_research_pass\"", \""source_class\"": \""official_government\"", \""source_title\"": \""Government of India MHA/NERC Situation Report, 13 Aug 2019\"", \""source_url\"": \""https://ndmindia.mha.gov.in/ndmi/viewUploadedDocument?uid=NEW455\"", \""source_verification\"": \""supplied_not_independently_verified\"", \""state\"": \""Karnataka\"", \""year\"": \""2019\""}""]",admin_units|gadm|location,"[""admin_units:1494"", ""gadm:IND.16_1"", ""location:(?<![A-Za-z])Karnataka(?![A-Za-z])""]",district,official_government,same_episode_evidence,none,https://ndmindia.mha.gov.in/ndmi/viewUploadedDocument?uid=NEW455,133.6258,0.0252,5296.020634999596,S1,observed,matched,76128533B84927972855096,interim_s1_only,fs1-3016a20fd3ad,ok,,4750.5234,0.0281,12.8559,NDWI,,incomplete,llm_qa,complete,220,220,0,0,220,False,local_state_plus_targeted_bigquery,14,220,0.1879268073553719,1174271.0,220677.0,953594.0,2011,census_2011_official;file=census_2011_district_urban_rural.xlsx;sha256=acb01ddb965be41cf22a20f0e641fdbcc1f4a16e6b7bc9cf91478ce289f853e8;catalog=https://censusindia.gov.in/nada/index.php/catalog/42557,matched,580,resolved,article_collection_incomplete;article_count_missing_or_invalid,False
E086::bhandara,E086,2019-0331-IND,Maharashtra,Bhandara,2019-07-14,2019-09-30,start:day|end:day,external_recovery,"[""{\""canonical_district\"": \""Bhandara\"", \""circularity_risk\"": \""none\"", \""event_id\"": \""E086\"", \""evidence_note\"": \""Official MHA affected-district list; cumulative within the flood episode.\"", \""evidence_scope\"": \""seasonal_or_cumulative\"", \""evidence_type\"": \""seasonal_cumulative\"", \""mapping_row\"": 444, \""merge_rule\"": \""dedupe on event_id + canonical(state,district); preserve original source name\"", \""origin\"": \""prior_research_pass\"", \""source_class\"": \""official_government\"", \""source_title\"": \""Government of India MHA/NERC Situation Report, 13 Aug 2019\"", \""source_url\"": \""https://ndmindia.mha.gov.in/ndmi/viewUploadedDocument?uid=NEW455\"", \""source_verification\"": \""supplied_not_independently_verified\"", \""state\"": \""Maharashtra\"", \""year\"": \""2019\""}""]",admin_units|gadm|location,"[""admin_units:1498"", ""gadm:IND.20_1"", ""location:(?<![A-Za-z])Maharashtra(?![A-Za-z])""]",district,official_government,seasonal_cumulative,none,https://ndmindia.mha.gov.in/ndmi/viewUploadedDocument?uid=NEW455,52.1295,0.0111,4713.352518104012,S1,observed,matched,17761.0,interim_s1_only,fs1-3016a20fd3ad,ok,,4129.3869,0.0126,21.9945,SITS_NDWI_RESTORED,,incomplete,llm_qa,complete,908,908,0,0,908,False,local_state_plus_targeted_bigquery,14,908,0.1948049459567087,1200334.0,233831.0,966503.0,2011,census_2011_official;file=census_2011_district_urban_rural.xlsx;sha256=acb01ddb965be41cf22a20f0e641fdbcc1f4a16e6b7bc9cf91478ce289f853e8;catalog=https://censusindia.gov.in/nada/index.php/catalog/42557,matched,506,resolved,article_collection_incomplete;article_count_missing_or_invalid,False
E086::dhule,E086,2019-0331-IND,Maharashtra,Dhule,2019-07-14,2019-09-30,start:day|end:day,external_recovery,"[""{\""canonical_district\"": \""Dhule\"", \""circularity_risk\"": \""none\"", \""event_id\"": \""E086\"", \""evidence_note\"": \""Official MHA affected-district list; cumulative within the flood episode.\"", \""evidence_scope\"": \""seasonal_or_cumulative\"", \""evidence_type\"": \""seasonal_cumulative\"", \""mapping_row\"": 446, \""merge_rule\"": \""dedupe on event_id + canonical(state,district); preserve original source name\"", \""origin\"": \""prior_research_pass\"", \""source_class\"": \""official_government\"", \""source_title\"": \""Government of India MHA/NERC Situation Report, 13 Aug 2019\"", \""source_url\"": \""https://ndmindia.mha.gov.in/ndmi/viewUploadedDocument?uid=NEW455\"", \""source_verification\"": \""supplied_not_independently_verified\"", \""state\"": \""Maharashtra\"", \""year\"": \""2019\""}""]",admin_units|gadm|location,"[""admin_units:1498"", ""gadm:IND.20_1"", ""location:(?<![A-Za-z])Maharashtra(?![A-Za-z])""]",district,official_government,seasonal_cumulative,none,https://ndmindia.mha.gov.in/ndmi/viewUploadedDocument?uid=NEW455,0.6901,0.0001,7186.255728507124,S1,observed,matched,17764.0,interim_s1_only,fs1-3016a20fd3ad,ok,,5849.93,0.0001,27.1844,NDWI,,incomplete,llm_qa,complete,908,908,0,0,908,False,local_state_plus_targeted_bigquery,14,908,0.2784370669503848,2050862.0,571036.0,1479826.0,2011,census_2011_official;file=census_2011_district_urban_rural.xlsx;sha256=acb01ddb965be41cf22a20f0e641fdbcc1f4a16e6b7bc9cf91478ce289f853e8;catalog=https://censusindia.gov.in/nada/index.php/catalog/42557,matched,498,resolved,article_collection_incomplete;article_count_missing_or_invalid,False
E086::gondia,E086,2019-0331-IND,Maharashtra,Gondia,2019-07-14,2019-09-30,start:day|end:day,external_recovery,"[""{\""canonical_district\"": \""Gondia\"", \""circularity_risk\"": \""none\"", \""event_id\"": \""E086\"", \""evidence_note\"": \""Official MHA affected-district list; cumulative within the flood episode.\"", \""evidence_scope\"": \""seasonal_or_cumulative\"", \""evidence_type\"": \""seasonal_cumulative\"", \""mapping_row\"": 448, \""merge_rule\"": \""dedupe on event_id + canonical(state,district); preserve original source name\"", \""origin\"": \""prior_research_pass\"", \""source_class\"": \""official_government\"", \""source_title\"": \""Government of India MHA/NERC Situation Report, 13 Aug 2019\"", \""source_url\"": \""https://ndmindia.mha.gov.in/ndmi/viewUploadedDocument?uid=NEW455\"", \""source_verification\"": \""supplied_not_independently_verified\"", \""state\"": \""Maharashtra\"", \""year\"": \""2019\""}""]",admin_units|gadm|location,"[""admin_units:1498"", ""gadm:IND.20_1"", ""location:(?<![A-Za-z])Maharashtra(?![A-Za-z])""]",district,official_government,seasonal_cumulative,none,https://ndmindia.mha.gov.in/ndmi/viewUploadedDocument?uid=NEW455,25.3737,0.0049,5163.895494674012,S1,observed,matched,76128533B76286653784168,interim_s1_only,fs1-3016a20fd3ad,ok,,4046.4397,0.0063,9.6386,SITS_NDWI,,incomplete,llm_qa,complete,908,908,0,0,908,False,local_state_plus_targeted_bigquery,14,908,0.1708346345236736,1322507.0,225930.0,1096577.0,2011,census_2011_official;file=census_2011_district_urban_rural.xlsx;sha256=acb01ddb965be41cf22a20f0e641fdbcc1f4a16e6b7bc9cf91478ce289f853e8;catalog=https://censusindia.gov.in/nada/index.php/catalog/42557;crosswalk=district_name_crosswalk.csv;sha256=c8dc691ab763e799cc1aafb29e9c17ab287710bd63447ad37281418d902c30e9,matched_crosswalk,507,resolved,article_collection_incomplete;article_count_missing_or_invalid,False
E086::kolhapur,E086,2019-0331-IND,Maharashtra,Kolhapur,2019-07-14,2019-09-30,start:day|end:day,external_recovery,"[""{\""canonical_district\"": \""Kolhapur\"", \""circularity_risk\"": \""none\"", \""event_id\"": \""E086\"", \""evidence_note\"": \""Official MHA affected-district list; cumulative within the flood episode.\"", \""evidence_scope\"": \""seasonal_or_cumulative\"", \""evidence_type\"": \""seasonal_cumulative\"", \""mapping_row\"": 450, \""merge_rule\"": \""dedupe on event_id + canonical(state,district); preserve original source name\"", \""origin\"": \""prior_research_pass\"", \""source_class\"": \""official_government\"", \""source_title\"": \""Government of India MHA/NERC Situation Report, 13 Aug 2019\"", \""source_url\"": \""https://ndmindia.mha.gov.in/ndmi/viewUploadedDocument?uid=NEW455\"", \""source_verification\"": \""supplied_not_independently_verified\"", \""state\"": \""Maharashtra\"", \""year\"": \""2019\""}""]",admin_units|gadm|location,"[""admin_units:1498"", ""gadm:IND.20_1"", ""location:(?<![A-Za-z])Maharashtra(?![A-Za-z])""]",district,official_government,seasonal_cumulative,none,https://ndmindia.mha.gov.in/ndmi/viewUploadedDocument?uid=NEW455,,,7680.572392490604,NONE,missing,matched,17769.0,no_s1,fs1-3016a20fd3ad,ok,,4339.6371,,,NONE,2.0,partial,llm_qa_observed_lower_bound,complete,908,1005,0,89,916,True,local_state_plus_targeted_bigquery,14,916,0.3173397014087458,3876001.0,1230009.0,2645992.0,2011,census_2011_official;file=census_2011_district_urban_rural.xlsx;sha256=acb01ddb965be41cf22a20f0e641fdbcc1f4a16e6b7bc9cf91478ce289f853e8;catalog=https://censusindia.gov.in/nada/index.php/catalog/42557,matched,530,resolved,satellite_missing_or_invalid,False
E086::nandurbar,E086,2019-0331-IND,Maharashtra,Nandurbar,2019-07-14,2019-09-30,start:day|end:day,external_recovery,"[""{\""canonical_district\"": \""Nandurbar\"", \""circularity_risk\"": \""none\"", \""event_id\"": \""E086\"", \""evidence_note\"": \""Official MHA affected-district list; cumulative within the flood episode.\"", \""evidence_scope\"": \""seasonal_or_cumulative\"", \""evidence_type\"": \""seasonal_cumulative\"", \""mapping_row\"": 453, \""merge_rule\"": \""dedupe on event_id + canonical(state,district); preserve original source name\"", \""origin\"": \""prior_research_pass\"", \""source_class\"": \""official_government\"", \""source_title\"": \""Government of India MHA/NERC Situation Report, 13 Aug 2019\"", \""source_url\"": \""https://ndmindia.mha.gov.in/ndmi/viewUploadedDocument?uid=NEW455\"", \""source_verification\"": \""supplied_not_independently_verified\"", \""state\"": \""Maharashtra\"", \""year\"": \""2019\""}""]",admin_units|gadm|location,"[""admin_units:1498"", ""gadm:IND.20_1"", ""location:(?<![A-Za-z])Maharashtra(?![A-Za-z])""]",district,official_government,seasonal_cumulative,none,https://ndmindia.mha.gov.in/ndmi/viewUploadedDocument?uid=NEW455,4.0387,0.0007,5947.719113281336,S1,observed,matched,70185.0,interim_s1_only,fs1-3016a20fd3ad,ok,,3471.464,0.0012,11.8706,NDWI,,incomplete,llm_qa,complete,908,908,0,0,908,False,local_state_plus_targeted_bigquery,14,908,0.1671266369187554,1648295.0,275474.0,1372821.0,2011,census_2011_official;file=census_2011_district_urban_rural.xlsx;sha256=acb01ddb965be41cf22a20f0e641fdbcc1f4a16e6b7bc9cf91478ce289f853e8;catalog=https://censusindia.gov.in/nada/index.php/catalog/42557,matched,497,resolved,article_collection_incomplete;article_count_missing_or_invalid,False
E086::palghar,E086,2019-0331-IND,Maharashtra,Palghar,2019-07-14,2019-09-30,start:day|end:day,external_recovery,"[""{\""canonical_district\"": \""Palghar\"", \""circularity_risk\"": \""none\"", \""event_id\"": \""E086\"", \""evidence_note\"": \""Official MHA affected-district list; cumulative within the flood episode.\"", \""evidence_scope\"": \""seasonal_or_cumulative\"", \""evidence_type\"": \""seasonal_cumulative\"", \""mapping_row\"": 455, \""merge_rule\"": \""dedupe on event_id + canonical(state,district); preserve original source name\"", \""origin\"": \""prior_research_pass\"", \""source_class\"": \""official_government\"", \""source_title\"": \""Government of India MHA/NERC Situation Report, 13 Aug 2019\"", \""source_url\"": \""https://ndmindia.mha.gov.in/ndmi/viewUploadedDocument?uid=NEW455\"", \""source_verification\"": \""supplied_not_independently_verified\"", \""state\"": \""Maharashtra\"", \""year\"": \""2019\""}""]",admin_units|gadm|location,"[""admin_units:1498"", ""gadm:IND.20_1"", ""location:(?<![A-Za-z])Maharashtra(?![A-Za-z])""]",district,official_government,seasonal_cumulative,none,https://ndmindia.mha.gov.in/ndmi/viewUploadedDocument?uid=NEW455,18.5991,0.0035,5355.281971403595,S1,observed,matched,76128533B37148244536449,interim_s1_only,fs1-3016a20fd3ad,ok,,2858.6379,0.0065,18.5991,S1,9.0,partial,llm_qa_observed_lower_bound,complete,908,938,0,17,921,True,local_state_plus_targeted_bigquery,14,921,,,,,2011,census_2011_official,unmatched,,resolved,census_unmatched;census_invalid;census_population_inconsistent,False
E086::wardha,E086,2019-0331-IND,Maharashtra,Wardha,2019-07-14,2019-09-30,start:day|end:day,external_recovery,"[""{\""canonical_district\"": \""Wardha\"", \""circularity_risk\"": \""none\"", \""event_id\"": \""E086\"", \""evidence_note\"": \""Official MHA affected-district list; cumulative within the flood episode.\"", \""evidence_scope\"": \""seasonal_or_cumulative\"", \""evidence_type\"": \""seasonal_cumulative\"", \""mapping_row\"": 461, \""merge_rule\"": \""dedupe on event_id + canonical(state,district); preserve original source name\"", \""origin\"": \""prior_research_pass\"", \""source_class\"": \""official_government\"", \""source_title\"": \""Government of India MHA/NERC Situation Report, 13 Aug 2019\"", \""source_url\"": \""https://ndmindia.mha.gov.in/ndmi/viewUploadedDocument?uid=NEW455\"", \""source_verification\"": \""supplied_not_independently_verified\"", \""state\"": \""Maharashtra\"", \""year\"": \""2019\""}""]",admin_units|gadm|location,"[""admin_units:1498"", ""gadm:IND.20_1"", ""location:(?<![A-Za-z])Maharashtra(?![A-Za-z])""]",district,official_government,seasonal_cumulative,none,https://ndmindia.mha.gov.in/ndmi/viewUploadedDocument?uid=NEW455,77.3623,0.0122,6326.751952312784,S1,observed,matched,17784.0,interim_s1_only,fs1-3016a20fd3ad,ok,,5465.4311,0.0142,43.9142,SITS_NDWI,,incomplete,llm_qa,complete,908,908,0,0,908,False,local_state_plus_targeted_bigquery,14,908,0.325421633581237,1300774.0,423300.0,877474.0,2011,census_2011_official;file=census_2011_district_urban_rural.xlsx;sha256=acb01ddb965be41cf22a20f0e641fdbcc1f4a16e6b7bc9cf91478ce289f853e8;catalog=https://censusindia.gov.in/nada/index.php/catalog/42557,matched,504,resolved,article_collection_incomplete;article_count_missing_or_invalid,False
E087::boudh,E087,2019-0331-IND,Odisha,Boudh,2019-07-14,2019-09-30,start:day|end:day,external_recovery,"[""{\""canonical_district\"": \""Boudh\"", \""circularity_risk\"": \""none\"", \""event_id\"": \""E087\"", \""evidence_note\"": \""Official MHA cumulative affected-district list.\"", \""evidence_scope\"": \""seasonal_or_cumulative\"", \""evidence_type\"": \""seasonal_cumulative\"", \""mapping_row\"": 466, \""merge_rule\"": \""dedupe on event_id + canonical(state,district); preserve original source name\"", \""origin\"": \""prior_research_pass\"", \""source_class\"": \""official_government\"", \""source_title\"": \""Government of India MHA/NERC Situation Report, 27 Sep 2019\"", \""source_url\"": \""https://reliefweb.int/attachments/7977b2bf-2ff4-3262-a0ef-c8d36e4411e7/Situation%20report%20as%20on%2027.09.2019%20at%201800%20Hrs.pdf\"", \""source_verification\"": \""supplied_not_independently_verified\"", \""state\"": \""Odisha\"", \""year\"": \""2019\""}""]",admin_units|gadm|location,"[""admin_units:1504"", ""gadm:IND.26_1"", ""location:(?<![A-Za-z])Odisha(?![A-Za-z])""]",district,official_government,seasonal_cumulative,none,https://reliefweb.int/attachments/7977b2bf-2ff4-3262-a0ef-c8d36e4411e7/Situation%20report%20as%20on%2027.09.2019%20at%201800%20Hrs.pdf,11.356,0.0036,3132.695897017485,S1,observed,matched,70211.0,interim_s1_only,fs1-3016a20fd3ad,ok,,1855.8858,0.0061,1.3835,NDWI,,incomplete,llm_qa,complete,241,241,0,0,241,False,local_state_plus_targeted_bigquery,14,241,0.046295918506127,441162.0,20424.0,420738.0,2011,census_2011_official;file=census_2011_district_urban_rural.xlsx;sha256=acb01ddb965be41cf22a20f0e641fdbcc1f4a16e6b7bc9cf91478ce289f853e8;catalog=https://censusindia.gov.in/nada/index.php/catalog/42557;crosswalk=district_name_crosswalk.csv;sha256=c8dc691ab763e799cc1aafb29e9c17ab287710bd63447ad37281418d902c30e9,matched_crosswalk,391,resolved,article_collection_incomplete;article_count_missing_or_invalid,False
E087::jagatsinghpur,E087,2019-0331-IND,Odisha,Jagatsinghpur,2019-07-14,2019-09-30,start:day|end:day,external_recovery,"[""{\""canonical_district\"": \""Jagatsinghpur\"", \""circularity_risk\"": \""none\"", \""event_id\"": \""E087\"", \""evidence_note\"": \""Official MHA cumulative affected-district list.\"", \""evidence_scope\"": \""seasonal_or_cumulative\"", \""evidence_type\"": \""seasonal_cumulative\"", \""mapping_row\"": 470, \""merge_rule\"": \""dedupe on event_id + canonical(state,district); preserve original source name\"", \""origin\"": \""prior_research_pass\"", \""source_class\"": \""official_government\"", \""source_title\"": \""Government of India MHA/NERC Situation Report, 27 Sep 2019\"", \""source_url\"": \""https://reliefweb.int/attachments/7977b2bf-2ff4-3262-a0ef-c8d36e4411e7/Situation%20report%20as%20on%2027.09.2019%20at%201800%20Hrs.pdf\"", \""source_verification\"": \""supplied_not_independently_verified\"", \""state\"": \""Odisha\"", \""year\"": \""2019\""}""]",admin_units|gadm|location,"[""admin_units:1504"", ""gadm:IND.26_1"", ""location:(?<![A-Za-z])Odisha(?![A-Za-z])""]",district,official_government,seasonal_cumulative,none,https://reliefweb.int/attachments/7977b2bf-2ff4-3262-a0ef-c8d36e4411e7/Situation%20report%20as%20on%2027.09.2019%20at%201800%20Hrs.pdf,217.4254,0.1286,1691.3201877833696,S1,observed,matched,70214.0,interim_s1_only,fs1-3016a20fd3ad,ok,,1607.8605,0.1352,11.3971,NDWI,,incomplete,llm_qa,complete,241,241,0,0,241,False,local_state_plus_targeted_bigquery,14,241,0.1020078788289235,1136971.0,115980.0,1020991.0,2011,census_2011_official;file=census_2011_district_urban_rural.xlsx;sha256=acb01ddb965be41cf22a20f0e641fdbcc1f4a16e6b7bc9cf91478ce289f853e8;catalog=https://censusindia.gov.in/nada/index.php/catalog/42557;crosswalk=district_name_crosswalk.csv;sha256=c8dc691ab763e799cc1aafb29e9c17ab287710bd63447ad37281418d902c30e9,matched_crosswalk,380,resolved,article_collection_incomplete;article_count_missing_or_invalid,False
E087::malkangiri,E087,2019-0331-IND,Odisha,Malkangiri,2019-07-14,2019-09-30,start:day|end:day,external_recovery,"[""{\""canonical_district\"": \""Malkangiri\"", \""circularity_risk\"": \""none\"", \""event_id\"": \""E087\"", \""evidence_note\"": \""Official MHA cumulative affected-district list.\"", \""evidence_scope\"": \""seasonal_or_cumulative\"", \""evidence_type\"": \""seasonal_cumulative\"", \""mapping_row\"": 476, \""merge_rule\"": \""dedupe on event_id + canonical(state,district); preserve original source name\"", \""origin\"": \""prior_research_pass\"", \""source_class\"": \""official_government\"", \""source_title\"": \""Government of India MHA/NERC Situation Report, 27 Sep 2019\"", \""source_url\"": \""https://reliefweb.int/attachments/7977b2bf-2ff4-3262-a0ef-c8d36e4411e7/Situation%20report%20as%20on%2027.09.2019%20at%201800%20Hrs.pdf\"", \""source_verification\"": \""supplied_not_independently_verified\"", \""state\"": \""Odisha\"", \""year\"": \""2019\""}""]",admin_units|gadm|location,"[""admin_units:1504"", ""gadm:IND.26_1"", ""location:(?<![A-Za-z])Odisha(?![A-Za-z])""]",district,official_government,seasonal_cumulative,none,https://reliefweb.int/attachments/7977b2bf-2ff4-3262-a0ef-c8d36e4411e7/Situation%20report%20as%20on%2027.09.2019%20at%201800%20Hrs.pdf,11.8454,0.002,5849.646224352819,S1,observed,matched,70220.0,interim_s1_only,fs1-3016a20fd3ad,ok,,3064.5633,0.0039,11.8454,S1,,incomplete,llm_qa,complete,241,241,0,0,241,False,local_state_plus_targeted_bigquery,14,241,0.0807707863116283,613192.0,49528.0,563664.0,2011,census_2011_official;file=census_2011_district_urban_rural.xlsx;sha256=acb01ddb965be41cf22a20f0e641fdbcc1f4a16e6b7bc9cf91478ce289f853e8;catalog=https://censusindia.gov.in/nada/index.php/catalog/42557,matched,399,resolved,article_collection_incomplete;article_count_missing_or_invalid,False
E087::sundargarh,E087,2019-0331-IND,Odisha,Sundargarh,2019-07-14,2019-09-30,start:day|end:day,external_recovery,"[""{\""canonical_district\"": \""Sundargarh\"", \""circularity_risk\"": \""none\"", \""event_id\"": \""E087\"", \""evidence_note\"": \""Official MHA cumulative affected-district list.\"", \""evidence_scope\"": \""seasonal_or_cumulative\"", \""evidence_type\"": \""seasonal_cumulative\"", \""mapping_row\"": 484, \""merge_rule\"": \""dedupe on event_id + canonical(state,district); preserve original source name\"", \""origin\"": \""prior_research_pass\"", \""source_class\"": \""official_government\"", \""source_title\"": \""Government of India MHA/NERC Situation Report, 27 Sep 2019\"", \""source_url\"": \""https://reliefweb.int/attachments/7977b2bf-2ff4-3262-a0ef-c8d36e4411e7/Situation%20report%20as%20on%2027.09.2019%20at%201800%20Hrs.pdf\"", \""source_verification\"": \""supplied_not_independently_verified\"", \""state\"": \""Odisha\"", \""year\"": \""2019\""}""]",admin_units|gadm|location,"[""admin_units:1504"", ""gadm:IND.26_1"", ""location:(?<![A-Za-z])Odisha(?![A-Za-z])""]",district,official_government,seasonal_cumulative,none,https://reliefweb.int/attachments/7977b2bf-2ff4-3262-a0ef-c8d36e4411e7/Situation%20report%20as%20on%2027.09.2019%20at%201800%20Hrs.pdf,21.1485,0.0022,9764.412335512005,S1,observed,matched,17820.0,interim_s1_only,fs1-3016a20fd3ad,ok,,5679.4239,0.0037,14.1122,SITS_NDWI,,incomplete,llm_qa,complete,241,241,0,0,241,False,local_state_plus_targeted_bigquery,14,241,0.3525766478761959,2093437.0,738097.0,1355340.0,2011,census_2011_official;file=census_2011_district_urban_rural.xlsx;sha256=acb01ddb965be41cf22a20f0e641fdbcc1f4a16e6b7bc9cf91478ce289f853e8;catalog=https://censusindia.gov.in/nada/index.php/catalog/42557,matched,374,resolved,article_collection_incomplete;article_count_missing_or_invalid,False
E088::fazilka,E088,2019-0331-IND,Punjab,Fazilka,2019-07-14,2019-09-30,start:day|end:day,external_recovery,"[""{\""canonical_district\"": \""Fazilka\"", \""circularity_risk\"": \""none\"", \""event_id\"": \""E088\"", \""evidence_note\"": \""Official MHA cumulative affected-district list.\"", \""evidence_scope\"": \""seasonal_or_cumulative\"", \""evidence_type\"": \""seasonal_cumulative\"", \""mapping_row\"": 488, \""merge_rule\"": \""dedupe on event_id + canonical(state,district); preserve original source name\"", \""origin\"": \""prior_research_pass\"", \""source_class\"": \""official_government\"", \""source_title\"": \""Government of India MHA/NERC Situation Report, 27 Sep 2019\"", \""source_url\"": \""https://reliefweb.int/attachments/7977b2bf-2ff4-3262-a0ef-c8d36e4411e7/Situation%20report%20as%20on%2027.09.2019%20at%201800%20Hrs.pdf\"", \""source_verification\"": \""supplied_not_independently_verified\"", \""state\"": \""Punjab\"", \""year\"": \""2019\""}""]",admin_units|gadm|location,"[""admin_units:1505"", ""gadm:IND.28_1"", ""location:(?<![A-Za-z])Punjab(?![A-Za-z])""]",district,official_government,seasonal_cumulative,none,https://reliefweb.int/attachments/7977b2bf-2ff4-3262-a0ef-c8d36e4411e7/Situation%20report%20as%20on%2027.09.2019%20at%201800%20Hrs.pdf,160.7093,0.0493,3260.9663717370954,S1,observed,matched,76128533B7291413308870,interim_s1_only,fs1-3016a20fd3ad,ok,,3125.647,0.0514,20.0977,NDWI,1.0,partial,llm_qa_observed_lower_bound,complete,168,169,0,1,168,True,local_state_plus_targeted_bigquery,14,168,,,,,2011,census_2011_official,unmatched,,resolved,census_unmatched;census_invalid;census_population_inconsistent,False
E088::hoshiarpur,E088,2019-0331-IND,Punjab,Hoshiarpur,2019-07-14,2019-09-30,start:day|end:day,external_recovery,"[""{\""canonical_district\"": \""Hoshiarpur\"", \""circularity_risk\"": \""none\"", \""event_id\"": \""E088\"", \""evidence_note\"": \""Official MHA cumulative affected-district list.\"", \""evidence_scope\"": \""seasonal_or_cumulative\"", \""evidence_type\"": \""seasonal_cumulative\"", \""mapping_row\"": 491, \""merge_rule\"": \""dedupe on event_id + canonical(state,district); preserve original source name\"", \""origin\"": \""prior_research_pass\"", \""source_class\"": \""official_government\"", \""source_title\"": \""Government of India MHA/NERC Situation Report, 27 Sep 2019\"", \""source_url\"": \""https://reliefweb.int/attachments/7977b2bf-2ff4-3262-a0ef-c8d36e4411e7/Situation%20report%20as%20on%2027.09.2019%20at%201800%20Hrs.pdf\"", \""source_verification\"": \""supplied_not_independently_verified\"", \""state\"": \""Punjab\"", \""year\"": \""2019\""}""]",admin_units|gadm|location,"[""admin_units:1505"", ""gadm:IND.28_1"", ""location:(?<![A-Za-z])Punjab(?![A-Za-z])""]",district,official_government,seasonal_cumulative,none,https://reliefweb.int/attachments/7977b2bf-2ff4-3262-a0ef-c8d36e4411e7/Situation%20report%20as%20on%2027.09.2019%20at%201800%20Hrs.pdf,57.0501,0.017,3362.8966396342144,S1,observed,matched,17827.0,interim_s1_only,fs1-3016a20fd3ad,ok,,2845.513,0.02,7.7711,SITS_NDWI,,incomplete,llm_qa,complete,168,169,0,0,169,False,local_state_plus_targeted_bigquery,14,169,0.2111204600961159,1586625.0,334969.0,1251656.0,2011,census_2011_official;file=census_2011_district_urban_rural.xlsx;sha256=acb01ddb965be41cf22a20f0e641fdbcc1f4a16e6b7bc9cf91478ce289f853e8;catalog=https://censusindia.gov.in/nada/index.php/catalog/42557,matched,038,resolved,article_collection_incomplete;article_count_missing_or_invalid,False
E088::pathankot,E088,2019-0331-IND,Punjab,Pathankot,2019-07-14,2019-09-30,start:day|end:day,external_recovery,"[""{\""canonical_district\"": \""Pathankot\"", \""circularity_risk\"": \""none\"", \""event_id\"": \""E088\"", \""evidence_note\"": \""Official MHA cumulative affected-district list.\"", \""evidence_scope\"": \""seasonal_or_cumulative\"", \""evidence_type\"": \""seasonal_cumulative\"", \""mapping_row\"": 497, \""merge_rule\"": \""dedupe on event_id + canonical(state,district); preserve original source name\"", \""origin\"": \""prior_research_pass\"", \""source_class\"": \""official_government\"", \""source_title\"": \""Government of India MHA/NERC Situation Report, 27 Sep 2019\"", \""source_url\"": \""https://reliefweb.int/attachments/7977b2bf-2ff4-3262-a0ef-c8d36e4411e7/Situation%20report%20as%20on%2027.09.2019%20at%201800%20Hrs.pdf\"", \""source_verification\"": \""supplied_not_independently_verified\"", \""state\"": \""Punjab\"", \""year\"": \""2019\""}""]",admin_units|gadm|location,"[""admin_units:1505"", ""gadm:IND.28_1"", ""location:(?<![A-Za-z])Punjab(?![A-Za-z])""]",district,official_government,seasonal_cumulative,none,https://reliefweb.int/attachments/7977b2bf-2ff4-3262-a0ef-c8d36e4411e7/Situation%20report%20as%20on%2027.09.2019%20at%201800%20Hrs.pdf,29.6841,0.0297,999.949013574026,S1,observed,matched,76128533B19630094725383,interim_s1_only,fs1-3016a20fd3ad,ok,,751.4754,0.0395,4.784,SITS_NDWI,,incomplete,llm_qa,complete,168,169,0,0,169,False,local_state_plus_targeted_bigquery,14,169,,,,,2011,census_2011_official,unmatched,,resolved,article_collection_incomplete;article_count_missing_or_invalid;census_unmatched;census_invalid;census_population_inconsistent,False
E088::rupnagar,E088,2019-0331-IND,Punjab,Rupnagar,2019-07-14,2019-09-30,start:day|end:day,external_recovery,"[""{\""canonical_district\"": \""Rupnagar\"", \""circularity_risk\"": \""none\"", \""event_id\"": \""E088\"", \""evidence_note\"": \""Official MHA cumulative affected-district list.\"", \""evidence_scope\"": \""seasonal_or_cumulative\"", \""evidence_type\"": \""seasonal_cumulative\"", \""mapping_row\"": 499, \""merge_rule\"": \""dedupe on event_id + canonical(state,district); preserve original source name\"", \""origin\"": \""prior_research_pass\"", \""source_class\"": \""official_government\"", \""source_title\"": \""Government of India MHA/NERC Situation Report, 27 Sep 2019\"", \""source_url\"": \""https://reliefweb.int/attachments/7977b2bf-2ff4-3262-a0ef-c8d36e4411e7/Situation%20report%20as%20on%2027.09.2019%20at%201800%20Hrs.pdf\"", \""source_verification\"": \""supplied_not_independently_verified\"", \""state\"": \""Punjab\"", \""year\"": \""2019\""}""]",admin_units|gadm|location,"[""admin_units:1505"", ""gadm:IND.28_1"", ""location:(?<![A-Za-z])Punjab(?![A-Za-z])""]",district,official_government,seasonal_cumulative,none,https://reliefweb.int/attachments/7977b2bf-2ff4-3262-a0ef-c8d36e4411e7/Situation%20report%20as%20on%2027.09.2019%20at%201800%20Hrs.pdf,10.9768,0.0052,2095.7343025165355,S1,observed,matched,17832.0,interim_s1_only,fs1-3016a20fd3ad,ok,,1738.0685,0.0063,10.1135,SITS_NDWI,,incomplete,llm_qa,complete,168,168,0,0,168,False,local_state_plus_targeted_bigquery,14,168,0.2597136835094146,684627.0,177807.0,506820.0,2011,census_2011_official;file=census_2011_district_urban_rural.xlsx;sha256=acb01ddb965be41cf22a20f0e641fdbcc1f4a16e6b7bc9cf91478ce289f853e8;catalog=https://censusindia.gov.in/nada/index.php/catalog/42557,matched,051,resolved,article_collection_incomplete;article_count_missing_or_invalid,False
E088::sas%20nagar,E088,2019-0331-IND,Punjab,SAS Nagar,2019-07-14,2019-09-30,start:day|end:day,external_recovery,"[""{\""canonical_district\"": \""SAS Nagar\"", \""circularity_risk\"": \""none\"", \""event_id\"": \""E088\"", \""evidence_note\"": \""Official MHA cumulative affected-district list.\"", \""evidence_scope\"": \""seasonal_or_cumulative\"", \""evidence_type\"": \""seasonal_cumulative\"", \""mapping_row\"": 500, \""merge_rule\"": \""dedupe on event_id + canonical(state,district); preserve original source name\"", \""origin\"": \""prior_research_pass\"", \""source_class\"": \""official_government\"", \""source_title\"": \""Government of India MHA/NERC Situation Report, 27 Sep 2019\"", \""source_url\"": \""https://reliefweb.int/attachments/7977b2bf-2ff4-3262-a0ef-c8d36e4411e7/Situation%20report%20as%20on%2027.09.2019%20at%201800%20Hrs.pdf\"", \""source_verification\"": \""supplied_not_independently_verified\"", \""state\"": \""Punjab\"", \""year\"": \""2019\""}""]",admin_units|gadm|location,"[""admin_units:1505"", ""gadm:IND.28_1"", ""location:(?<![A-Za-z])Punjab(?![A-Za-z])""]",district,official_government,seasonal_cumulative,none,https://reliefweb.int/attachments/7977b2bf-2ff4-3262-a0ef-c8d36e4411e7/Situation%20report%20as%20on%2027.09.2019%20at%201800%20Hrs.pdf,12.6803,0.0115,1101.7298561292196,S1,observed,matched,76128533B12197302963241,interim_s1_only,fs1-3016a20fd3ad,ok,,970.3828,0.0131,2.2255,NDWI,,incomplete,llm_qa,complete,168,168,0,0,168,False,local_state_plus_targeted_bigquery,14,168,0.5475524517709134,994628.0,544611.0,450017.0,2011,census_2011_official;file=census_2011_district_urban_rural.xlsx;sha256=acb01ddb965be41cf22a20f0e641fdbcc1f4a16e6b7bc9cf91478ce289f853e8;catalog=https://censusindia.gov.in/nada/index.php/catalog/42557;crosswalk=district_name_crosswalk.csv;sha256=c8dc691ab763e799cc1aafb29e9c17ab287710bd63447ad37281418d902c30e9,matched_crosswalk,052,resolved,article_collection_incomplete;article_count_missing_or_invalid,False
E088::sbs%20nagar,E088,2019-0331-IND,Punjab,SBS Nagar,2019-07-14,2019-09-30,start:day|end:day,external_recovery,"[""{\""canonical_district\"": \""SBS Nagar\"", \""circularity_risk\"": \""none\"", \""event_id\"": \""E088\"", \""evidence_note\"": \""Official MHA cumulative affected-district list.\"", \""evidence_scope\"": \""seasonal_or_cumulative\"", \""evidence_type\"": \""seasonal_cumulative\"", \""mapping_row\"": 501, \""merge_rule\"": \""dedupe on event_id + canonical(state,district); preserve original source name\"", \""origin\"": \""prior_research_pass\"", \""source_class\"": \""official_government\"", \""source_title\"": \""Government of India MHA/NERC Situation Report, 27 Sep 2019\"", \""source_url\"": \""https://reliefweb.int/attachments/7977b2bf-2ff4-3262-a0ef-c8d36e4411e7/Situation%20report%20as%20on%2027.09.2019%20at%201800%20Hrs.pdf\"", \""source_verification\"": \""supplied_not_independently_verified\"", \""state\"": \""Punjab\"", \""year\"": \""2019\""}""]",admin_units|gadm|location,"[""admin_units:1505"", ""gadm:IND.28_1"", ""location:(?<![A-Za-z])Punjab(?![A-Za-z])""]",district,official_government,seasonal_cumulative,none,https://reliefweb.int/attachments/7977b2bf-2ff4-3262-a0ef-c8d36e4411e7/Situation%20report%20as%20on%2027.09.2019%20at%201800%20Hrs.pdf,107.1685,0.0838,1278.323970559273,S1,observed,matched,76128533B14984770113274,interim_s1_only,fs1-3016a20fd3ad,ok,,1160.9254,0.0923,37.8804,NDWI,,incomplete,llm_qa,complete,168,168,0,0,168,False,local_state_plus_targeted_bigquery,14,168,0.204824353677059,612310.0,125416.0,486894.0,2011,census_2011_official;file=census_2011_district_urban_rural.xlsx;sha256=acb01ddb965be41cf22a20f0e641fdbcc1f4a16e6b7bc9cf91478ce289f853e8;catalog=https://censusindia.gov.in/nada/index.php/catalog/42557;crosswalk=district_name_crosswalk.csv;sha256=c8dc691ab763e799cc1aafb29e9c17ab287710bd63447ad37281418d902c30e9,matched_crosswalk,039,resolved,article_collection_incomplete;article_count_missing_or_invalid,False
E089::baran,E089,2019-0331-IND,Rajasthan,Baran,2019-07-14,2019-09-30,start:day|end:day,external_recovery,"[""{\""canonical_district\"": \""Baran\"", \""circularity_risk\"": \""none\"", \""event_id\"": \""E089\"", \""evidence_note\"": \""Official MHA cumulative affected-district list.\"", \""evidence_scope\"": \""seasonal_or_cumulative\"", \""evidence_type\"": \""seasonal_cumulative\"", \""mapping_row\"": 503, \""merge_rule\"": \""dedupe on event_id + canonical(state,district); preserve original source name\"", \""origin\"": \""prior_research_pass\"", \""source_class\"": \""official_government\"", \""source_title\"": \""Government of India MHA/NERC Situation Report, 27 Sep 2019\"", \""source_url\"": \""https://reliefweb.int/attachments/7977b2bf-2ff4-3262-a0ef-c8d36e4411e7/Situation%20report%20as%20on%2027.09.2019%20at%201800%20Hrs.pdf\"", \""source_verification\"": \""supplied_not_independently_verified\"", \""state\"": \""Rajasthan\"", \""year\"": \""2019\""}""]",admin_units|gadm|location,"[""admin_units:1506"", ""gadm:IND.29_1"", ""location:(?<![A-Za-z])Rajasthan(?![A-Za-z])""]",district,official_government,seasonal_cumulative,none,https://reliefweb.int/attachments/7977b2bf-2ff4-3262-a0ef-c8d36e4411e7/Situation%20report%20as%20on%2027.09.2019%20at%201800%20Hrs.pdf,785.7031,0.1149,6837.623843421029,S1,observed,matched,70236.0,interim_s1_only,fs1-3016a20fd3ad,ok,,6238.9206,0.1259,6.9021,SITS_NDWI,,incomplete,llm_qa,complete,91,92,0,0,92,False,local_state_plus_targeted_bigquery,14,92,0.207902646073825,1222755.0,254214.0,968541.0,2011,census_2011_official;file=census_2011_district_urban_rural.xlsx;sha256=acb01ddb965be41cf22a20f0e641fdbcc1f4a16e6b7bc9cf91478ce289f853e8;catalog=https://censusindia.gov.in/nada/index.php/catalog/42557,matched,128,resolved,article_collection_incomplete;article_count_missing_or_invalid,False
E089::bundi,E089,2019-0331-IND,Rajasthan,Bundi,2019-07-14,2019-09-30,start:day|end:day,external_recovery,"[""{\""canonical_district\"": \""Bundi\"", \""circularity_risk\"": \""none\"", \""event_id\"": \""E089\"", \""evidence_note\"": \""Official MHA cumulative affected-district list.\"", \""evidence_scope\"": \""seasonal_or_cumulative\"", \""evidence_type\"": \""seasonal_cumulative\"", \""mapping_row\"": 504, \""merge_rule\"": \""dedupe on event_id + canonical(state,district); preserve original source name\"", \""origin\"": \""prior_research_pass\"", \""source_class\"": \""official_government\"", \""source_title\"": \""Government of India MHA/NERC Situation Report, 27 Sep 2019\"", \""source_url\"": \""https://reliefweb.int/attachments/7977b2bf-2ff4-3262-a0ef-c8d36e4411e7/Situation%20report%20as%20on%2027.09.2019%20at%201800%20Hrs.pdf\"", \""source_verification\"": \""supplied_not_independently_verified\"", \""state\"": \""Rajasthan\"", \""year\"": \""2019\""}""]",admin_units|gadm|location,"[""admin_units:1506"", ""gadm:IND.29_1"", ""location:(?<![A-Za-z])Rajasthan(?![A-Za-z])""]",district,official_government,seasonal_cumulative,none,https://reliefweb.int/attachments/7977b2bf-2ff4-3262-a0ef-c8d36e4411e7/Situation%20report%20as%20on%2027.09.2019%20at%201800%20Hrs.pdf,,,5584.729928001412,NONE,missing,matched,17841.0,no_s1,fs1-3016a20fd3ad,ok,,4928.4754,,37.169,SITS_NDWI,,incomplete,llm_qa,complete,91,92,0,0,92,False,local_state_plus_targeted_bigquery,14,92,0.2004679063755169,1110906.0,222701.0,888205.0,2011,census_2011_official;file=census_2011_district_urban_rural.xlsx;sha256=acb01ddb965be41cf22a20f0e641fdbcc1f4a16e6b7bc9cf91478ce289f853e8;catalog=https://censusindia.gov.in/nada/index.php/catalog/42557,matched,121,resolved,satellite_missing_or_invalid;article_collection_incomplete;article_count_missing_or_invalid,False
E089::chittorgarh,E089,2019-0331-IND,Rajasthan,Chittorgarh,2019-07-14,2019-09-30,start:day|end:day,external_recovery,"[""{\""canonical_district\"": \""Chittorgarh\"", \""circularity_risk\"": \""none\"", \""event_id\"": \""E089\"", \""evidence_note\"": \""Official MHA cumulative affected-district list.\"", \""evidence_scope\"": \""seasonal_or_cumulative\"", \""evidence_type\"": \""seasonal_cumulative\"", \""mapping_row\"": 505, \""merge_rule\"": \""dedupe on event_id + canonical(state,district); preserve original source name\"", \""origin\"": \""prior_research_pass\"", \""source_class\"": \""official_government\"", \""source_title\"": \""Government of India MHA/NERC Situation Report, 27 Sep 2019\"", \""source_url\"": \""https://reliefweb.int/attachments/7977b2bf-2ff4-3262-a0ef-c8d36e4411e7/Situation%20report%20as%20on%2027.09.2019%20at%201800%20Hrs.pdf\"", \""source_verification\"": \""supplied_not_independently_verified\"", \""state\"": \""Rajasthan\"", \""year\"": \""2019\""}""]",admin_units|gadm|location,"[""admin_units:1506"", ""gadm:IND.29_1"", ""location:(?<![A-Za-z])Rajasthan(?![A-Za-z])""]",district,official_government,seasonal_cumulative,none,https://reliefweb.int/attachments/7977b2bf-2ff4-3262-a0ef-c8d36e4411e7/Situation%20report%20as%20on%2027.09.2019%20at%201800%20Hrs.pdf,44.7796,0.0059,7610.780196310265,S1,observed,matched,76128533B58527154065354,interim_s1_only,fs1-3016a20fd3ad,ok,,6531.5955,0.0069,12.6254,NDWI,,incomplete,llm_qa,complete,91,91,0,0,91,False,local_state_plus_targeted_bigquery,14,91,0.1847160401414716,1544338.0,285264.0,1259074.0,2011,census_2011_official;file=census_2011_district_urban_rural.xlsx;sha256=acb01ddb965be41cf22a20f0e641fdbcc1f4a16e6b7bc9cf91478ce289f853e8;catalog=https://censusindia.gov.in/nada/index.php/catalog/42557;crosswalk=district_name_crosswalk.csv;sha256=c8dc691ab763e799cc1aafb29e9c17ab287710bd63447ad37281418d902c30e9,matched_crosswalk,126,resolved,article_collection_incomplete;article_count_missing_or_invalid,False
E089::rajsamand,E089,2019-0331-IND,Rajasthan,Rajsamand,2019-07-14,2019-09-30,start:day|end:day,external_recovery,"[""{\""canonical_district\"": \""Rajsamand\"", \""circularity_risk\"": \""none\"", \""event_id\"": \""E089\"", \""evidence_note\"": \""Official MHA cumulative affected-district list.\"", \""evidence_scope\"": \""seasonal_or_cumulative\"", \""evidence_type\"": \""seasonal_cumulative\"", \""mapping_row\"": 510, \""merge_rule\"": \""dedupe on event_id + canonical(state,district); preserve original source name\"", \""origin\"": \""prior_research_pass\"", \""source_class\"": \""official_government\"", \""source_title\"": \""Government of India MHA/NERC Situation Report, 27 Sep 2019\"", \""source_url\"": \""https://reliefweb.int/attachments/7977b2bf-2ff4-3262-a0ef-c8d36e4411e7/Situation%20report%20as%20on%2027.09.2019%20at%201800%20Hrs.pdf\"", \""source_verification\"": \""supplied_not_independently_verified\"", \""state\"": \""Rajasthan\"", \""year\"": \""2019\""}""]",admin_units|gadm|location,"[""admin_units:1506"", ""gadm:IND.29_1"", ""location:(?<![A-Za-z])Rajasthan(?![A-Za-z])""]",district,official_government,seasonal_cumulative,none,https://reliefweb.int/attachments/7977b2bf-2ff4-3262-a0ef-c8d36e4411e7/Situation%20report%20as%20on%2027.09.2019%20at%201800%20Hrs.pdf,34.2699,0.0074,4601.202060349811,S1,observed,matched,70240.0,interim_s1_only,fs1-3016a20fd3ad,ok,,3062.8005,0.0112,2.6373,NDWI,,incomplete,llm_qa,complete,91,92,0,0,92,False,local_state_plus_targeted_bigquery,14,92,0.1589317627488226,1156597.0,183820.0,972777.0,2011,census_2011_official;file=census_2011_district_urban_rural.xlsx;sha256=acb01ddb965be41cf22a20f0e641fdbcc1f4a16e6b7bc9cf91478ce289f853e8;catalog=https://censusindia.gov.in/nada/index.php/catalog/42557,matched,123,resolved,article_collection_incomplete;article_count_missing_or_invalid,False
E090::amroha,E090,2019-0331-IND,Uttar Pradesh,Amroha,2019-07-14,2019-09-30,start:day|end:day,external_recovery,"[""{\""canonical_district\"": \""Amroha\"", \""circularity_risk\"": \""none\"", \""event_id\"": \""E090\"", \""evidence_note\"": \""Official MHA cumulative affected-district list.\"", \""evidence_scope\"": \""seasonal_or_cumulative\"", \""evidence_type\"": \""seasonal_cumulative\"", \""mapping_row\"": 514, \""merge_rule\"": \""dedupe on event_id + canonical(state,district); preserve original source name\"", \""origin\"": \""prior_research_pass\"", \""source_class\"": \""official_government\"", \""source_title\"": \""Government of India MHA/NERC Situation Report, 27 Sep 2019\"", \""source_url\"": \""https://reliefweb.int/attachments/7977b2bf-2ff4-3262-a0ef-c8d36e4411e7/Situation%20report%20as%20on%2027.09.2019%20at%201800%20Hrs.pdf\"", \""source_verification\"": \""supplied_not_independently_verified\"", \""state\"": \""Uttar Pradesh\"", \""year\"": \""2019\""}""]",admin_units|gadm|location,"[""admin_units:70081"", ""gadm:IND.34_1"", ""location:(?<![A-Za-z])Uttar\\ Pradesh(?![A-Za-z])""]",district,official_government,seasonal_cumulative,none,https://reliefweb.int/attachments/7977b2bf-2ff4-3262-a0ef-c8d36e4411e7/Situation%20report%20as%20on%2027.09.2019%20at%201800%20Hrs.pdf,51.2957,0.0225,2281.647503522424,S1,observed,matched,76128533B21119051307760,interim_s1_only,fs1-3016a20fd3ad,ok,,2256.2582,0.0227,3.7299,SITS_NDWI,,incomplete,llm_qa,complete,545,545,0,0,545,False,local_state_plus_targeted_bigquery,14,545,0.2492706039111606,1840221.0,458713.0,1381508.0,2011,census_2011_recovery;method=census_name_link;url=https://amroha.nic.in/history/;table=district demography;notes=Explicit district name equivalence; population retained from official 2011 PCA. Not an event-year population estimate.;population_source=census_2011_official;file=census_2011_district_urban_rural.xlsx;sha256=acb01ddb965be41cf22a20f0e641fdbcc1f4a16e6b7bc9cf91478ce289f853e8;catalog=https://censusindia.gov.in/nada/index.php/catalog/42557;file=district_census_recovery.json;sha256=d452a6f74338bb2f237f3d014518ab361f6b2d7436bac837b8a1cb97d050bac0,matched_crosswalk,137,resolved,article_collection_incomplete;article_count_missing_or_invalid,False
E090::auraiya,E090,2019-0331-IND,Uttar Pradesh,Auraiya,2019-07-14,2019-09-30,start:day|end:day,external_recovery,"[""{\""canonical_district\"": \""Auraiya\"", \""circularity_risk\"": \""none\"", \""event_id\"": \""E090\"", \""evidence_note\"": \""Official MHA cumulative affected-district list.\"", \""evidence_scope\"": \""seasonal_or_cumulative\"", \""evidence_type\"": \""seasonal_cumulative\"", \""mapping_row\"": 515, \""merge_rule\"": \""dedupe on event_id + canonical(state,district); preserve original source name\"", \""origin\"": \""prior_research_pass\"", \""source_class\"": \""official_government\"", \""source_title\"": \""Government of India MHA/NERC Situation Report, 27 Sep 2019\"", \""source_url\"": \""https://reliefweb.int/attachments/7977b2bf-2ff4-3262-a0ef-c8d36e4411e7/Situation%20report%20as%20on%2027.09.2019%20at%201800%20Hrs.pdf\"", \""source_verification\"": \""supplied_not_independently_verified\"", \""state\"": \""Uttar Pradesh\"", \""year\"": \""2019\""}""]",admin_units|gadm|location,"[""admin_units:70081"", ""gadm:IND.34_1"", ""location:(?<![A-Za-z])Uttar\\ Pradesh(?![A-Za-z])""]",district,official_government,seasonal_cumulative,none,https://reliefweb.int/attachments/7977b2bf-2ff4-3262-a0ef-c8d36e4411e7/Situation%20report%20as%20on%2027.09.2019%20at%201800%20Hrs.pdf,332.8094,0.1525,2182.3976584986426,S1,observed,matched,70258.0,interim_s1_only,fs1-3016a20fd3ad,ok,,1939.8871,0.1716,7.0369,SITS_NDWI,,incomplete,llm_qa,complete,545,546,0,0,546,False,local_state_plus_targeted_bigquery,14,546,0.1697820658260513,1379545.0,234222.0,1145323.0,2011,census_2011_official;file=census_2011_district_urban_rural.xlsx;sha256=acb01ddb965be41cf22a20f0e641fdbcc1f4a16e6b7bc9cf91478ce289f853e8;catalog=https://censusindia.gov.in/nada/index.php/catalog/42557,matched,162,resolved,article_collection_incomplete;article_count_missing_or_invalid,False
E090::etawah,E090,2019-0331-IND,Uttar Pradesh,Etawah,2019-07-14,2019-09-30,start:day|end:day,external_recovery,"[""{\""canonical_district\"": \""Etawah\"", \""circularity_risk\"": \""none\"", \""event_id\"": \""E090\"", \""evidence_note\"": \""Official MHA cumulative affected-district list.\"", \""evidence_scope\"": \""seasonal_or_cumulative\"", \""evidence_type\"": \""seasonal_cumulative\"", \""mapping_row\"": 522, \""merge_rule\"": \""dedupe on event_id + canonical(state,district); preserve original source name\"", \""origin\"": \""prior_research_pass\"", \""source_class\"": \""official_government\"", \""source_title\"": \""Government of India MHA/NERC Situation Report, 27 Sep 2019\"", \""source_url\"": \""https://reliefweb.int/attachments/7977b2bf-2ff4-3262-a0ef-c8d36e4411e7/Situation%20report%20as%20on%2027.09.2019%20at%201800%20Hrs.pdf\"", \""source_verification\"": \""supplied_not_independently_verified\"", \""state\"": \""Uttar Pradesh\"", \""year\"": \""2019\""}""]",admin_units|gadm|location,"[""admin_units:70081"", ""gadm:IND.34_1"", ""location:(?<![A-Za-z])Uttar\\ Pradesh(?![A-Za-z])""]",district,official_government,seasonal_cumulative,none,https://reliefweb.int/attachments/7977b2bf-2ff4-3262-a0ef-c8d36e4411e7/Situation%20report%20as%20on%2027.09.2019%20at%201800%20Hrs.pdf,294.4786,0.1366,2156.538962907565,S1,observed,matched,17906.0,interim_s1_only,fs1-3016a20fd3ad,ok,,2003.7716,0.147,21.8824,NDWI,,incomplete,llm_qa,complete,545,546,0,0,546,False,local_state_plus_targeted_bigquery,14,546,0.2315695311067701,1581810.0,366299.0,1215511.0,2011,census_2011_official;file=census_2011_district_urban_rural.xlsx;sha256=acb01ddb965be41cf22a20f0e641fdbcc1f4a16e6b7bc9cf91478ce289f853e8;catalog=https://censusindia.gov.in/nada/index.php/catalog/42557,matched,161,resolved,article_collection_incomplete;article_count_missing_or_invalid,False
E090::sant%20kabir%20nagar,E090,2019-0331-IND,Uttar Pradesh,Sant Kabir Nagar,2019-07-14,2019-09-30,start:day|end:day,external_recovery,"[""{\""canonical_district\"": \""Sant Kabir Nagar\"", \""circularity_risk\"": \""none\"", \""event_id\"": \""E090\"", \""evidence_note\"": \""Official MHA cumulative affected-district list.\"", \""evidence_scope\"": \""seasonal_or_cumulative\"", \""evidence_type\"": \""seasonal_cumulative\"", \""mapping_row\"": 535, \""merge_rule\"": \""dedupe on event_id + canonical(state,district); preserve original source name\"", \""origin\"": \""prior_research_pass\"", \""source_class\"": \""official_government\"", \""source_title\"": \""Government of India MHA/NERC Situation Report, 27 Sep 2019\"", \""source_url\"": \""https://reliefweb.int/attachments/7977b2bf-2ff4-3262-a0ef-c8d36e4411e7/Situation%20report%20as%20on%2027.09.2019%20at%201800%20Hrs.pdf\"", \""source_verification\"": \""supplied_not_independently_verified\"", \""state\"": \""Uttar Pradesh\"", \""year\"": \""2019\""}""]",admin_units|gadm|location,"[""admin_units:70081"", ""gadm:IND.34_1"", ""location:(?<![A-Za-z])Uttar\\ Pradesh(?![A-Za-z])""]",district,official_government,seasonal_cumulative,none,https://reliefweb.int/attachments/7977b2bf-2ff4-3262-a0ef-c8d36e4411e7/Situation%20report%20as%20on%2027.09.2019%20at%201800%20Hrs.pdf,134.0377,0.1008,1329.179989070325,S1,observed,matched,70275.0,interim_s1_only,fs1-3016a20fd3ad,ok,,1268.8107,0.1056,132.941,SITS_NDWI,,incomplete,llm_qa,complete,545,545,0,0,545,False,local_state_plus_targeted_bigquery,14,545,0.074937193290745,1715183.0,128531.0,1586652.0,2011,census_2011_official;file=census_2011_district_urban_rural.xlsx;sha256=acb01ddb965be41cf22a20f0e641fdbcc1f4a16e6b7bc9cf91478ce289f853e8;catalog=https://censusindia.gov.in/nada/index.php/catalog/42557,matched,186,resolved,article_collection_incomplete;article_count_missing_or_invalid,False
E090::shrawasti,E090,2019-0331-IND,Uttar Pradesh,Shrawasti,2019-07-14,2019-09-30,start:day|end:day,external_recovery,"[""{\""canonical_district\"": \""Shrawasti\"", \""circularity_risk\"": \""none\"", \""event_id\"": \""E090\"", \""evidence_note\"": \""Official MHA cumulative affected-district list.\"", \""evidence_scope\"": \""seasonal_or_cumulative\"", \""evidence_type\"": \""seasonal_cumulative\"", \""mapping_row\"": 536, \""merge_rule\"": \""dedupe on event_id + canonical(state,district); preserve original source name\"", \""origin\"": \""prior_research_pass\"", \""source_class\"": \""official_government\"", \""source_title\"": \""Government of India MHA/NERC Situation Report, 27 Sep 2019\"", \""source_url\"": \""https://reliefweb.int/attachments/7977b2bf-2ff4-3262-a0ef-c8d36e4411e7/Situation%20report%20as%20on%2027.09.2019%20at%201800%20Hrs.pdf\"", \""source_verification\"": \""supplied_not_independently_verified\"", \""state\"": \""Uttar Pradesh\"", \""year\"": \""2019\""}""]",admin_units|gadm|location,"[""admin_units:70081"", ""gadm:IND.34_1"", ""location:(?<![A-Za-z])Uttar\\ Pradesh(?![A-Za-z])""]",district,official_government,seasonal_cumulative,none,https://reliefweb.int/attachments/7977b2bf-2ff4-3262-a0ef-c8d36e4411e7/Situation%20report%20as%20on%2027.09.2019%20at%201800%20Hrs.pdf,397.5411,0.2039,1950.0124338087928,S1,observed,matched,76128533B34832354589031,interim_s1_only,fs1-3016a20fd3ad,ok,,1867.7991,0.2128,21.574,SITS_NDWI,,incomplete,llm_qa,complete,545,545,0,0,545,False,local_state_plus_targeted_bigquery,14,545,0.0345895373115761,1117361.0,38649.0,1078712.0,2011,census_2011_official;file=census_2011_district_urban_rural.xlsx;sha256=acb01ddb965be41cf22a20f0e641fdbcc1f4a16e6b7bc9cf91478ce289f853e8;catalog=https://censusindia.gov.in/nada/index.php/catalog/42557,matched,181,resolved,article_collection_incomplete;article_count_missing_or_invalid,False
E091::almora,E091,2019-0331-IND,Uttarakhand,Almora,2019-07-14,2019-09-30,start:day|end:day,external_recovery,"[""{\""canonical_district\"": \""Almora\"", \""circularity_risk\"": \""none\"", \""event_id\"": \""E091\"", \""evidence_note\"": \""Official MHA states all 13 districts were affected during the monsoon/flood season.\"", \""evidence_scope\"": \""seasonal_or_cumulative\"", \""evidence_type\"": \""seasonal_cumulative\"", \""mapping_row\"": 539, \""merge_rule\"": \""dedupe on event_id + canonical(state,district); preserve original source name\"", \""origin\"": \""prior_research_pass\"", \""source_class\"": \""official_government\"", \""source_title\"": \""Government of India MHA/NERC Situation Report, 27 Sep 2019\"", \""source_url\"": \""https://reliefweb.int/attachments/7977b2bf-2ff4-3262-a0ef-c8d36e4411e7/Situation%20report%20as%20on%2027.09.2019%20at%201800%20Hrs.pdf\"", \""source_verification\"": \""supplied_not_independently_verified\"", \""state\"": \""Uttarakhand\"", \""year\"": \""2019\""}""]",admin_units|gadm|location,"[""admin_units:70082"", ""gadm:IND.35_1"", ""location:(?<![A-Za-z])Uttarakand(?![A-Za-z])""]",district,official_government,seasonal_cumulative,none,https://reliefweb.int/attachments/7977b2bf-2ff4-3262-a0ef-c8d36e4411e7/Situation%20report%20as%20on%2027.09.2019%20at%201800%20Hrs.pdf,6.9545,0.0022,3105.697721313062,S1,observed,matched,70280.0,interim_s1_only,fs1-3016a20fd3ad,ok,,84.8558,0.082,6.9545,S1,,incomplete,llm_qa,complete,85,85,0,0,85,False,local_state_plus_targeted_bigquery,14,85,0.1001018464079061,622506.0,62314.0,560192.0,2011,census_2011_official;file=census_2011_district_urban_rural.xlsx;sha256=acb01ddb965be41cf22a20f0e641fdbcc1f4a16e6b7bc9cf91478ce289f853e8;catalog=https://censusindia.gov.in/nada/index.php/catalog/42557,matched,064,resolved,article_collection_incomplete;article_count_missing_or_invalid,False
E091::bageshwar,E091,2019-0331-IND,Uttarakhand,Bageshwar,2019-07-14,2019-09-30,start:day|end:day,external_recovery,"[""{\""canonical_district\"": \""Bageshwar\"", \""circularity_risk\"": \""none\"", \""event_id\"": \""E091\"", \""evidence_note\"": \""Official MHA states all 13 districts were affected during the monsoon/flood season.\"", \""evidence_scope\"": \""seasonal_or_cumulative\"", \""evidence_type\"": \""seasonal_cumulative\"", \""mapping_row\"": 540, \""merge_rule\"": \""dedupe on event_id + canonical(state,district); preserve original source name\"", \""origin\"": \""prior_research_pass\"", \""source_class\"": \""official_government\"", \""source_title\"": \""Government of India MHA/NERC Situation Report, 27 Sep 2019\"", \""source_url\"": \""https://reliefweb.int/attachments/7977b2bf-2ff4-3262-a0ef-c8d36e4411e7/Situation%20report%20as%20on%2027.09.2019%20at%201800%20Hrs.pdf\"", \""source_verification\"": \""supplied_not_independently_verified\"", \""state\"": \""Uttarakhand\"", \""year\"": \""2019\""}""]",admin_units|gadm|location,"[""admin_units:70082"", ""gadm:IND.35_1"", ""location:(?<![A-Za-z])Uttarakand(?![A-Za-z])""]",district,official_government,seasonal_cumulative,none,https://reliefweb.int/attachments/7977b2bf-2ff4-3262-a0ef-c8d36e4411e7/Situation%20report%20as%20on%2027.09.2019%20at%201800%20Hrs.pdf,1.5446,0.0007,2283.823715697251,S1,observed,matched,70281.0,interim_s1_only,fs1-3016a20fd3ad,ok,,38.1041,0.0405,1.5446,S1,,incomplete,llm_qa,complete,85,85,0,0,85,False,local_state_plus_targeted_bigquery,14,85,0.0349329352284357,259898.0,9079.0,250819.0,2011,census_2011_official;file=census_2011_district_urban_rural.xlsx;sha256=acb01ddb965be41cf22a20f0e641fdbcc1f4a16e6b7bc9cf91478ce289f853e8;catalog=https://censusindia.gov.in/nada/index.php/catalog/42557,matched,063,resolved,article_collection_incomplete;article_count_missing_or_invalid,False
E091::pauri%20garhwal,E091,2019-0331-IND,Uttarakhand,Pauri Garhwal,2019-07-14,2019-09-30,start:day|end:day,external_recovery,"[""{\""canonical_district\"": \""Pauri Garhwal\"", \""circularity_risk\"": \""none\"", \""event_id\"": \""E091\"", \""evidence_note\"": \""Official MHA states all 13 districts were affected during the monsoon/flood season.\"", \""evidence_scope\"": \""seasonal_or_cumulative\"", \""evidence_type\"": \""seasonal_cumulative\"", \""mapping_row\"": 546, \""merge_rule\"": \""dedupe on event_id + canonical(state,district); preserve original source name\"", \""origin\"": \""prior_research_pass\"", \""source_class\"": \""official_government\"", \""source_title\"": \""Government of India MHA/NERC Situation Report, 27 Sep 2019\"", \""source_url\"": \""https://reliefweb.int/attachments/7977b2bf-2ff4-3262-a0ef-c8d36e4411e7/Situation%20report%20as%20on%2027.09.2019%20at%201800%20Hrs.pdf\"", \""source_verification\"": \""supplied_not_independently_verified\"", \""state\"": \""Uttarakhand\"", \""year\"": \""2019\""}""]",admin_units|gadm|location,"[""admin_units:70082"", ""gadm:IND.35_1"", ""location:(?<![A-Za-z])Uttarakand(?![A-Za-z])""]",district,official_government,seasonal_cumulative,none,https://reliefweb.int/attachments/7977b2bf-2ff4-3262-a0ef-c8d36e4411e7/Situation%20report%20as%20on%2027.09.2019%20at%201800%20Hrs.pdf,2.6667,0.0005,5461.918144346134,S1,observed,matched,17910.0,interim_s1_only,fs1-3016a20fd3ad,ok,,373.3441,0.0071,4.2996,NDWI,,incomplete,llm_qa,complete,85,85,0,0,85,False,local_state_plus_targeted_bigquery,14,85,0.1639862586956237,687271.0,112703.0,574568.0,2011,census_2011_official;file=census_2011_district_urban_rural.xlsx;sha256=acb01ddb965be41cf22a20f0e641fdbcc1f4a16e6b7bc9cf91478ce289f853e8;catalog=https://censusindia.gov.in/nada/index.php/catalog/42557;crosswalk=district_name_crosswalk.csv;sha256=c8dc691ab763e799cc1aafb29e9c17ab287710bd63447ad37281418d902c30e9,matched_crosswalk,061,resolved,article_collection_incomplete;article_count_missing_or_invalid,False
E091::rudraprayag,E091,2019-0331-IND,Uttarakhand,Rudraprayag,2019-07-14,2019-09-30,start:day|end:day,external_recovery,"[""{\""canonical_district\"": \""Rudraprayag\"", \""circularity_risk\"": \""none\"", \""event_id\"": \""E091\"", \""evidence_note\"": \""Official MHA states all 13 districts were affected during the monsoon/flood season.\"", \""evidence_scope\"": \""seasonal_or_cumulative\"", \""evidence_type\"": \""seasonal_cumulative\"", \""mapping_row\"": 548, \""merge_rule\"": \""dedupe on event_id + canonical(state,district); preserve original source name\"", \""origin\"": \""prior_research_pass\"", \""source_class\"": \""official_government\"", \""source_title\"": \""Government of India MHA/NERC Situation Report, 27 Sep 2019\"", \""source_url\"": \""https://reliefweb.int/attachments/7977b2bf-2ff4-3262-a0ef-c8d36e4411e7/Situation%20report%20as%20on%2027.09.2019%20at%201800%20Hrs.pdf\"", \""source_verification\"": \""supplied_not_independently_verified\"", \""state\"": \""Uttarakhand\"", \""year\"": \""2019\""}""]",admin_units|gadm|location,"[""admin_units:70082"", ""gadm:IND.35_1"", ""location:(?<![A-Za-z])Uttarakand(?![A-Za-z])""]",district,official_government,seasonal_cumulative,none,https://reliefweb.int/attachments/7977b2bf-2ff4-3262-a0ef-c8d36e4411e7/Situation%20report%20as%20on%2027.09.2019%20at%201800%20Hrs.pdf,0.8348,0.0007,1215.2753847771737,S1,observed,matched,70286.0,interim_s1_only,fs1-3016a20fd3ad,ok,,13.0587,0.0639,0.8348,S1,,incomplete,llm_qa,complete,85,85,0,0,85,False,local_state_plus_targeted_bigquery,14,85,0.0409641537858307,242285.0,9925.0,232360.0,2011,census_2011_official;file=census_2011_district_urban_rural.xlsx;sha256=acb01ddb965be41cf22a20f0e641fdbcc1f4a16e6b7bc9cf91478ce289f853e8;catalog=https://censusindia.gov.in/nada/index.php/catalog/42557,matched,058,resolved,article_collection_incomplete;article_count_missing_or_invalid,False
E091::tehri%20garhwal,E091,2019-0331-IND,Uttarakhand,Tehri Garhwal,2019-07-14,2019-09-30,start:day|end:day,external_recovery,"[""{\""canonical_district\"": \""Tehri Garhwal\"", \""circularity_risk\"": \""none\"", \""event_id\"": \""E091\"", \""evidence_note\"": \""Official MHA states all 13 districts were affected during the monsoon/flood season.\"", \""evidence_scope\"": \""seasonal_or_cumulative\"", \""evidence_type\"": \""seasonal_cumulative\"", \""mapping_row\"": 549, \""merge_rule\"": \""dedupe on event_id + canonical(state,district); preserve original source name\"", \""origin\"": \""prior_research_pass\"", \""source_class\"": \""official_government\"", \""source_title\"": \""Government of India MHA/NERC Situation Report, 27 Sep 2019\"", \""source_url\"": \""https://reliefweb.int/attachments/7977b2bf-2ff4-3262-a0ef-c8d36e4411e7/Situation%20report%20as%20on%2027.09.2019%20at%201800%20Hrs.pdf\"", \""source_verification\"": \""supplied_not_independently_verified\"", \""state\"": \""Uttarakhand\"", \""year\"": \""2019\""}""]",admin_units|gadm|location,"[""admin_units:70082"", ""gadm:IND.35_1"", ""location:(?<![A-Za-z])Uttarakand(?![A-Za-z])""]",district,official_government,seasonal_cumulative,none,https://reliefweb.int/attachments/7977b2bf-2ff4-3262-a0ef-c8d36e4411e7/Situation%20report%20as%20on%2027.09.2019%20at%201800%20Hrs.pdf,2.3605,0.0005,4393.487663681659,S1,observed,matched,70287.0,interim_s1_only,fs1-3016a20fd3ad,ok,,46.9933,0.0502,0.3592,NDWI,,incomplete,llm_qa,complete,85,85,0,0,85,False,local_state_plus_targeted_bigquery,14,85,0.1133228098124023,618931.0,70139.0,548792.0,2011,census_2011_official;file=census_2011_district_urban_rural.xlsx;sha256=acb01ddb965be41cf22a20f0e641fdbcc1f4a16e6b7bc9cf91478ce289f853e8;catalog=https://censusindia.gov.in/nada/index.php/catalog/42557,matched,059,resolved,article_collection_incomplete;article_count_missing_or_invalid,False
E092::alipurduar,E092,2019-0331-IND,West Bengal,Alipurduar,2019-07-14,2019-09-30,start:day|end:day,external_recovery,"[""{\""canonical_district\"": \""Alipurduar\"", \""circularity_risk\"": \""none\"", \""event_id\"": \""E092\"", \""evidence_note\"": \""Official MHA cumulative affected-district list.\"", \""evidence_scope\"": \""seasonal_or_cumulative\"", \""evidence_type\"": \""seasonal_cumulative\"", \""mapping_row\"": 552, \""merge_rule\"": \""dedupe on event_id + canonical(state,district); preserve original source name\"", \""origin\"": \""prior_research_pass\"", \""source_class\"": \""official_government\"", \""source_title\"": \""Government of India MHA/NERC Situation Report, 27 Sep 2019\"", \""source_url\"": \""https://reliefweb.int/attachments/7977b2bf-2ff4-3262-a0ef-c8d36e4411e7/Situation%20report%20as%20on%2027.09.2019%20at%201800%20Hrs.pdf\"", \""source_verification\"": \""supplied_not_independently_verified\"", \""state\"": \""West Bengal\"", \""year\"": \""2019\""}""]",admin_units|gadm|location,"[""admin_units:1511"", ""gadm:IND.36_1"", ""location:(?<![A-Za-z])West\\ Bengal(?![A-Za-z])""]",district,official_government,seasonal_cumulative,none,https://reliefweb.int/attachments/7977b2bf-2ff4-3262-a0ef-c8d36e4411e7/Situation%20report%20as%20on%2027.09.2019%20at%201800%20Hrs.pdf,157.1175,0.056,2805.571892812845,S1,observed,matched,76128533B23858286755005,interim_s1_only,fs1-3016a20fd3ad,ok,,2397.164,0.0655,157.1175,S1,5.0,partial,llm_qa_observed_lower_bound,complete,317,325,0,6,319,True,local_state_plus_targeted_bigquery,14,319,,,,,2011,census_2011_official,unmatched,,resolved,census_unmatched;census_invalid;census_population_inconsistent,False
E092::bankura,E092,2019-0331-IND,West Bengal,Bankura,2019-07-14,2019-09-30,start:day|end:day,external_recovery,"[""{\""canonical_district\"": \""Bankura\"", \""circularity_risk\"": \""none\"", \""event_id\"": \""E092\"", \""evidence_note\"": \""Official MHA cumulative affected-district list.\"", \""evidence_scope\"": \""seasonal_or_cumulative\"", \""evidence_type\"": \""seasonal_cumulative\"", \""mapping_row\"": 553, \""merge_rule\"": \""dedupe on event_id + canonical(state,district); preserve original source name\"", \""origin\"": \""prior_research_pass\"", \""source_class\"": \""official_government\"", \""source_title\"": \""Government of India MHA/NERC Situation Report, 27 Sep 2019\"", \""source_url\"": \""https://reliefweb.int/attachments/7977b2bf-2ff4-3262-a0ef-c8d36e4411e7/Situation%20report%20as%20on%2027.09.2019%20at%201800%20Hrs.pdf\"", \""source_verification\"": \""supplied_not_independently_verified\"", \""state\"": \""West Bengal\"", \""year\"": \""2019\""}""]",admin_units|gadm|location,"[""admin_units:1511"", ""gadm:IND.36_1"", ""location:(?<![A-Za-z])West\\ Bengal(?![A-Za-z])""]",district,official_government,seasonal_cumulative,none,https://reliefweb.int/attachments/7977b2bf-2ff4-3262-a0ef-c8d36e4411e7/Situation%20report%20as%20on%2027.09.2019%20at%201800%20Hrs.pdf,175.3457,0.0251,6981.566770524623,S1,observed,matched,17945.0,interim_s1_only,fs1-3016a20fd3ad,ok,,6480.2521,0.0271,27.153,NDWI,,incomplete,llm_qa,complete,317,317,0,0,317,False,local_state_plus_targeted_bigquery,14,317,0.0833472814049869,3596674.0,299773.0,3296901.0,2011,census_2011_official;file=census_2011_district_urban_rural.xlsx;sha256=acb01ddb965be41cf22a20f0e641fdbcc1f4a16e6b7bc9cf91478ce289f853e8;catalog=https://censusindia.gov.in/nada/index.php/catalog/42557,matched,339,resolved,article_collection_incomplete;article_count_missing_or_invalid,False
E092::dakshin%20dinajpur,E092,2019-0331-IND,West Bengal,Dakshin Dinajpur,2019-07-14,2019-09-30,start:day|end:day,external_recovery,"[""{\""canonical_district\"": \""Dakshin Dinajpur\"", \""circularity_risk\"": \""none\"", \""event_id\"": \""E092\"", \""evidence_note\"": \""Official MHA cumulative affected-district list.\"", \""evidence_scope\"": \""seasonal_or_cumulative\"", \""evidence_type\"": \""seasonal_cumulative\"", \""mapping_row\"": 556, \""merge_rule\"": \""dedupe on event_id + canonical(state,district); preserve original source name\"", \""origin\"": \""prior_research_pass\"", \""source_class\"": \""official_government\"", \""source_title\"": \""Government of India MHA/NERC Situation Report, 27 Sep 2019\"", \""source_url\"": \""https://reliefweb.int/attachments/7977b2bf-2ff4-3262-a0ef-c8d36e4411e7/Situation%20report%20as%20on%2027.09.2019%20at%201800%20Hrs.pdf\"", \""source_verification\"": \""supplied_not_independently_verified\"", \""state\"": \""West Bengal\"", \""year\"": \""2019\""}""]",admin_units|gadm|location,"[""admin_units:1511"", ""gadm:IND.36_1"", ""location:(?<![A-Za-z])West\\ Bengal(?![A-Za-z])""]",district,official_government,seasonal_cumulative,none,https://reliefweb.int/attachments/7977b2bf-2ff4-3262-a0ef-c8d36e4411e7/Situation%20report%20as%20on%2027.09.2019%20at%201800%20Hrs.pdf,860.2229,0.4081,2107.683120443892,S1,observed,matched,70290.0,interim_s1_only,fs1-3016a20fd3ad,ok,,1989.8222,0.4323,860.2229,S1,,incomplete,llm_qa,complete,317,317,0,0,317,False,local_state_plus_targeted_bigquery,14,317,0.1409642564828226,1676276.0,236295.0,1439981.0,2011,census_2011_official;file=census_2011_district_urban_rural.xlsx;sha256=acb01ddb965be41cf22a20f0e641fdbcc1f4a16e6b7bc9cf91478ce289f853e8;catalog=https://censusindia.gov.in/nada/index.php/catalog/42557,matched,331,resolved,article_collection_incomplete;article_count_missing_or_invalid,False
E092::darjeeling,E092,2019-0331-IND,West Bengal,Darjeeling,2019-07-14,2019-09-30,start:day|end:day,external_recovery,"[""{\""canonical_district\"": \""Darjeeling\"", \""circularity_risk\"": \""none\"", \""event_id\"": \""E092\"", \""evidence_note\"": \""Official MHA cumulative affected-district list.\"", \""evidence_scope\"": \""seasonal_or_cumulative\"", \""evidence_type\"": \""seasonal_cumulative\"", \""mapping_row\"": 557, \""merge_rule\"": \""dedupe on event_id + canonical(state,district); preserve original source name\"", \""origin\"": \""prior_research_pass\"", \""source_class\"": \""official_government\"", \""source_title\"": \""Government of India MHA/NERC Situation Report, 27 Sep 2019\"", \""source_url\"": \""https://reliefweb.int/attachments/7977b2bf-2ff4-3262-a0ef-c8d36e4411e7/Situation%20report%20as%20on%2027.09.2019%20at%201800%20Hrs.pdf\"", \""source_verification\"": \""supplied_not_independently_verified\"", \""state\"": \""West Bengal\"", \""year\"": \""2019\""}""]",admin_units|gadm|location,"[""admin_units:1511"", ""gadm:IND.36_1"", ""location:(?<![A-Za-z])West\\ Bengal(?![A-Za-z])""]",district,official_government,seasonal_cumulative,none,https://reliefweb.int/attachments/7977b2bf-2ff4-3262-a0ef-c8d36e4411e7/Situation%20report%20as%20on%2027.09.2019%20at%201800%20Hrs.pdf,39.8227,0.0191,2082.4452472301264,S1,observed,matched,76128533B17109302371020,interim_s1_only,fs1-3016a20fd3ad,ok,,826.6807,0.0482,1.27,SITS_NDWI,5.0,partial,llm_qa_observed_lower_bound,complete,317,327,0,6,321,True,local_state_plus_targeted_bigquery,14,321,,,,,2011,census_2011_official,unmatched,,resolved,census_unmatched;census_invalid;census_population_inconsistent,False
E092::east%20medinipur,E092,2019-0331-IND,West Bengal,East Medinipur,2019-07-14,2019-09-30,start:day|end:day,external_recovery,"[""{\""canonical_district\"": \""East Medinipur\"", \""circularity_risk\"": \""none\"", \""event_id\"": \""E092\"", \""evidence_note\"": \""Official MHA cumulative affected-district list.\"", \""evidence_scope\"": \""seasonal_or_cumulative\"", \""evidence_type\"": \""seasonal_cumulative\"", \""mapping_row\"": 558, \""merge_rule\"": \""dedupe on event_id + canonical(state,district); preserve original source name\"", \""origin\"": \""prior_research_pass\"", \""source_class\"": \""official_government\"", \""source_title\"": \""Government of India MHA/NERC Situation Report, 27 Sep 2019\"", \""source_url\"": \""https://reliefweb.int/attachments/7977b2bf-2ff4-3262-a0ef-c8d36e4411e7/Situation%20report%20as%20on%2027.09.2019%20at%201800%20Hrs.pdf\"", \""source_verification\"": \""supplied_not_independently_verified\"", \""state\"": \""West Bengal\"", \""year\"": \""2019\""}""]",admin_units|gadm|location,"[""admin_units:1511"", ""gadm:IND.36_1"", ""location:(?<![A-Za-z])West\\ Bengal(?![A-Za-z])""]",district,official_government,seasonal_cumulative,none,https://reliefweb.int/attachments/7977b2bf-2ff4-3262-a0ef-c8d36e4411e7/Situation%20report%20as%20on%2027.09.2019%20at%201800%20Hrs.pdf,159.372,0.0379,4206.535570897585,S1,observed,matched,76128533B25373378863054,interim_s1_only,fs1-3016a20fd3ad,ok,,3810.954,0.0418,34.5026,NDWI,,incomplete,llm_qa,complete,317,317,0,0,317,False,local_state_plus_targeted_bigquery,14,317,0.1163125076655137,5095875.0,592714.0,4503161.0,2011,census_2011_official;file=census_2011_district_urban_rural.xlsx;sha256=acb01ddb965be41cf22a20f0e641fdbcc1f4a16e6b7bc9cf91478ce289f853e8;catalog=https://censusindia.gov.in/nada/index.php/catalog/42557;crosswalk=district_name_crosswalk.csv;sha256=c8dc691ab763e799cc1aafb29e9c17ab287710bd63447ad37281418d902c30e9,matched_crosswalk,345,resolved,article_collection_incomplete;article_count_missing_or_invalid,False
E092::hooghly,E092,2019-0331-IND,West Bengal,Hooghly,2019-07-14,2019-09-30,start:day|end:day,external_recovery,"[""{\""canonical_district\"": \""Hooghly\"", \""circularity_risk\"": \""none\"", \""event_id\"": \""E092\"", \""evidence_note\"": \""Official MHA cumulative affected-district list.\"", \""evidence_scope\"": \""seasonal_or_cumulative\"", \""evidence_type\"": \""seasonal_cumulative\"", \""mapping_row\"": 559, \""merge_rule\"": \""dedupe on event_id + canonical(state,district); preserve original source name\"", \""origin\"": \""prior_research_pass\"", \""source_class\"": \""official_government\"", \""source_title\"": \""Government of India MHA/NERC Situation Report, 27 Sep 2019\"", \""source_url\"": \""https://reliefweb.int/attachments/7977b2bf-2ff4-3262-a0ef-c8d36e4411e7/Situation%20report%20as%20on%2027.09.2019%20at%201800%20Hrs.pdf\"", \""source_verification\"": \""supplied_not_independently_verified\"", \""state\"": \""West Bengal\"", \""year\"": \""2019\""}""]",admin_units|gadm|location,"[""admin_units:1511"", ""gadm:IND.36_1"", ""location:(?<![A-Za-z])West\\ Bengal(?![A-Za-z])""]",district,official_government,seasonal_cumulative,none,https://reliefweb.int/attachments/7977b2bf-2ff4-3262-a0ef-c8d36e4411e7/Situation%20report%20as%20on%2027.09.2019%20at%201800%20Hrs.pdf,99.6714,0.0316,3153.550053477295,S1,observed,matched,76128533B81857725777974,interim_s1_only,fs1-3016a20fd3ad,ok,,2927.0037,0.0341,3.9959,SITS_NDWI,,incomplete,llm_qa,complete,317,317,0,0,317,False,local_state_plus_targeted_bigquery,14,317,0.3856573799021406,5519145.0,2128499.0,3390646.0,2011,census_2011_official;file=census_2011_district_urban_rural.xlsx;sha256=acb01ddb965be41cf22a20f0e641fdbcc1f4a16e6b7bc9cf91478ce289f853e8;catalog=https://censusindia.gov.in/nada/index.php/catalog/42557;crosswalk=district_name_crosswalk.csv;sha256=c8dc691ab763e799cc1aafb29e9c17ab287710bd63447ad37281418d902c30e9,matched_crosswalk,338,resolved,article_collection_incomplete;article_count_missing_or_invalid,False
E092::jhargram,E092,2019-0331-IND,West Bengal,Jhargram,2019-07-14,2019-09-30,start:day|end:day,external_recovery,"[""{\""canonical_district\"": \""Jhargram\"", \""circularity_risk\"": \""none\"", \""event_id\"": \""E092\"", \""evidence_note\"": \""Official MHA cumulative affected-district list.\"", \""evidence_scope\"": \""seasonal_or_cumulative\"", \""evidence_type\"": \""seasonal_cumulative\"", \""mapping_row\"": 562, \""merge_rule\"": \""dedupe on event_id + canonical(state,district); preserve original source name\"", \""origin\"": \""prior_research_pass\"", \""source_class\"": \""official_government\"", \""source_title\"": \""Government of India MHA/NERC Situation Report, 27 Sep 2019\"", \""source_url\"": \""https://reliefweb.int/attachments/7977b2bf-2ff4-3262-a0ef-c8d36e4411e7/Situation%20report%20as%20on%2027.09.2019%20at%201800%20Hrs.pdf\"", \""source_verification\"": \""supplied_not_independently_verified\"", \""state\"": \""West Bengal\"", \""year\"": \""2019\""}""]",admin_units|gadm|location,"[""admin_units:1511"", ""gadm:IND.36_1"", ""location:(?<![A-Za-z])West\\ Bengal(?![A-Za-z])""]",district,official_government,seasonal_cumulative,none,https://reliefweb.int/attachments/7977b2bf-2ff4-3262-a0ef-c8d36e4411e7/Situation%20report%20as%20on%2027.09.2019%20at%201800%20Hrs.pdf,58.2874,0.0188,3096.557448030717,S1,observed,matched,76128533B24861976740713,interim_s1_only,fs1-3016a20fd3ad,ok,,2836.6669,0.0205,2.932,NDWI,,incomplete,llm_qa,complete,317,317,0,0,317,False,local_state_plus_targeted_bigquery,14,317,,,,,2011,census_2011_official,unmatched,,resolved,article_collection_incomplete;article_count_missing_or_invalid;census_unmatched;census_invalid;census_population_inconsistent,False
E092::kalimpong,E092,2019-0331-IND,West Bengal,Kalimpong,2019-07-14,2019-09-30,start:day|end:day,external_recovery,"[""{\""canonical_district\"": \""Kalimpong\"", \""circularity_risk\"": \""none\"", \""event_id\"": \""E092\"", \""evidence_note\"": \""Official MHA cumulative affected-district list.\"", \""evidence_scope\"": \""seasonal_or_cumulative\"", \""evidence_type\"": \""seasonal_cumulative\"", \""mapping_row\"": 563, \""merge_rule\"": \""dedupe on event_id + canonical(state,district); preserve original source name\"", \""origin\"": \""prior_research_pass\"", \""source_class\"": \""official_government\"", \""source_title\"": \""Government of India MHA/NERC Situation Report, 27 Sep 2019\"", \""source_url\"": \""https://reliefweb.int/attachments/7977b2bf-2ff4-3262-a0ef-c8d36e4411e7/Situation%20report%20as%20on%2027.09.2019%20at%201800%20Hrs.pdf\"", \""source_verification\"": \""supplied_not_independently_verified\"", \""state\"": \""West Bengal\"", \""year\"": \""2019\""}""]",admin_units|gadm|location,"[""admin_units:1511"", ""gadm:IND.36_1"", ""location:(?<![A-Za-z])West\\ Bengal(?![A-Za-z])""]",district,official_government,seasonal_cumulative,none,https://reliefweb.int/attachments/7977b2bf-2ff4-3262-a0ef-c8d36e4411e7/Situation%20report%20as%20on%2027.09.2019%20at%201800%20Hrs.pdf,0.338,0.0003,1110.1333982291185,S1,observed,matched,76128533B78458325839103,interim_s1_only,fs1-3016a20fd3ad,ok,,73.9352,0.0046,0.338,S1,4.0,partial,llm_qa_observed_lower_bound,complete,317,324,0,4,320,True,local_state_plus_targeted_bigquery,14,320,,,,,2011,census_2011_official,unmatched,,resolved,census_unmatched;census_invalid;census_population_inconsistent,False
E092::murshidabad,E092,2019-0331-IND,West Bengal,Murshidabad,2019-07-14,2019-09-30,start:day|end:day,external_recovery,"[""{\""canonical_district\"": \""Murshidabad\"", \""circularity_risk\"": \""none\"", \""event_id\"": \""E092\"", \""evidence_note\"": \""Official MHA cumulative affected-district list.\"", \""evidence_scope\"": \""seasonal_or_cumulative\"", \""evidence_type\"": \""seasonal_cumulative\"", \""mapping_row\"": 566, \""merge_rule\"": \""dedupe on event_id + canonical(state,district); preserve original source name\"", \""origin\"": \""prior_research_pass\"", \""source_class\"": \""official_government\"", \""source_title\"": \""Government of India MHA/NERC Situation Report, 27 Sep 2019\"", \""source_url\"": \""https://reliefweb.int/attachments/7977b2bf-2ff4-3262-a0ef-c8d36e4411e7/Situation%20report%20as%20on%2027.09.2019%20at%201800%20Hrs.pdf\"", \""source_verification\"": \""supplied_not_independently_verified\"", \""state\"": \""West Bengal\"", \""year\"": \""2019\""}""]",admin_units|gadm|location,"[""admin_units:1511"", ""gadm:IND.36_1"", ""location:(?<![A-Za-z])West\\ Bengal(?![A-Za-z])""]",district,official_government,seasonal_cumulative,none,https://reliefweb.int/attachments/7977b2bf-2ff4-3262-a0ef-c8d36e4411e7/Situation%20report%20as%20on%2027.09.2019%20at%201800%20Hrs.pdf,886.6365,0.162,5473.753950605631,S1,observed,matched,17955.0,interim_s1_only,fs1-3016a20fd3ad,ok,,5136.0442,0.1726,28.4212,SITS_NDWI,,incomplete,llm_qa,complete,317,318,0,0,318,False,local_state_plus_targeted_bigquery,14,318,0.1971748387871461,7103807.0,1400692.0,5703115.0,2011,census_2011_official;file=census_2011_district_urban_rural.xlsx;sha256=acb01ddb965be41cf22a20f0e641fdbcc1f4a16e6b7bc9cf91478ce289f853e8;catalog=https://censusindia.gov.in/nada/index.php/catalog/42557,matched,333,resolved,article_collection_incomplete;article_count_missing_or_invalid,False
E092::paschim%20bardhaman,E092,2019-0331-IND,West Bengal,Paschim Bardhaman,2019-07-14,2019-09-30,start:day|end:day,external_recovery,"[""{\""canonical_district\"": \""Paschim Bardhaman\"", \""circularity_risk\"": \""none\"", \""event_id\"": \""E092\"", \""evidence_note\"": \""Official MHA cumulative affected-district list.\"", \""evidence_scope\"": \""seasonal_or_cumulative\"", \""evidence_type\"": \""seasonal_cumulative\"", \""mapping_row\"": 569, \""merge_rule\"": \""dedupe on event_id + canonical(state,district); preserve original source name\"", \""origin\"": \""prior_research_pass\"", \""source_class\"": \""official_government\"", \""source_title\"": \""Government of India MHA/NERC Situation Report, 27 Sep 2019\"", \""source_url\"": \""https://reliefweb.int/attachments/7977b2bf-2ff4-3262-a0ef-c8d36e4411e7/Situation%20report%20as%20on%2027.09.2019%20at%201800%20Hrs.pdf\"", \""source_verification\"": \""supplied_not_independently_verified\"", \""state\"": \""West Bengal\"", \""year\"": \""2019\""}""]",admin_units|gadm|location,"[""admin_units:1511"", ""gadm:IND.36_1"", ""location:(?<![A-Za-z])West\\ Bengal(?![A-Za-z])""]",district,official_government,seasonal_cumulative,none,https://reliefweb.int/attachments/7977b2bf-2ff4-3262-a0ef-c8d36e4411e7/Situation%20report%20as%20on%2027.09.2019%20at%201800%20Hrs.pdf,31.6733,0.0193,1638.342752616779,S1,observed,matched,76128533B60845263086042,interim_s1_only,fs1-3016a20fd3ad,ok,,1491.1966,0.0212,4.3271,SITS_NDWI,,incomplete,llm_qa,complete,317,317,0,0,317,False,local_state_plus_targeted_bigquery,14,317,,,,,2011,census_2011_official,unmatched,,resolved,article_collection_incomplete;article_count_missing_or_invalid;census_unmatched;census_invalid;census_population_inconsistent,False
E092::purba%20bardhaman,E092,2019-0331-IND,West Bengal,Purba Bardhaman,2019-07-14,2019-09-30,start:day|end:day,external_recovery,"[""{\""canonical_district\"": \""Purba Bardhaman\"", \""circularity_risk\"": \""none\"", \""event_id\"": \""E092\"", \""evidence_note\"": \""Official MHA cumulative affected-district list.\"", \""evidence_scope\"": \""seasonal_or_cumulative\"", \""evidence_type\"": \""seasonal_cumulative\"", \""mapping_row\"": 570, \""merge_rule\"": \""dedupe on event_id + canonical(state,district); preserve original source name\"", \""origin\"": \""prior_research_pass\"", \""source_class\"": \""official_government\"", \""source_title\"": \""Government of India MHA/NERC Situation Report, 27 Sep 2019\"", \""source_url\"": \""https://reliefweb.int/attachments/7977b2bf-2ff4-3262-a0ef-c8d36e4411e7/Situation%20report%20as%20on%2027.09.2019%20at%201800%20Hrs.pdf\"", \""source_verification\"": \""supplied_not_independently_verified\"", \""state\"": \""West Bengal\"", \""year\"": \""2019\""}""]",admin_units|gadm|location,"[""admin_units:1511"", ""gadm:IND.36_1"", ""location:(?<![A-Za-z])West\\ Bengal(?![A-Za-z])""]",district,official_government,seasonal_cumulative,none,https://reliefweb.int/attachments/7977b2bf-2ff4-3262-a0ef-c8d36e4411e7/Situation%20report%20as%20on%2027.09.2019%20at%201800%20Hrs.pdf,484.8423,0.0898,5396.808202076744,S1,observed,matched,76128533B59121537940607,interim_s1_only,fs1-3016a20fd3ad,ok,,5222.3159,0.0928,80.4588,NDWI,,incomplete,llm_qa,complete,317,317,0,0,317,False,local_state_plus_targeted_bigquery,14,317,,,,,2011,census_2011_official,unmatched,,resolved,article_collection_incomplete;article_count_missing_or_invalid;census_unmatched;census_invalid;census_population_inconsistent,False
E092::purulia,E092,2019-0331-IND,West Bengal,Purulia,2019-07-14,2019-09-30,start:day|end:day,external_recovery,"[""{\""canonical_district\"": \""Purulia\"", \""circularity_risk\"": \""none\"", \""event_id\"": \""E092\"", \""evidence_note\"": \""Official MHA cumulative affected-district list.\"", \""evidence_scope\"": \""seasonal_or_cumulative\"", \""evidence_type\"": \""seasonal_cumulative\"", \""mapping_row\"": 571, \""merge_rule\"": \""dedupe on event_id + canonical(state,district); preserve original source name\"", \""origin\"": \""prior_research_pass\"", \""source_class\"": \""official_government\"", \""source_title\"": \""Government of India MHA/NERC Situation Report, 27 Sep 2019\"", \""source_url\"": \""https://reliefweb.int/attachments/7977b2bf-2ff4-3262-a0ef-c8d36e4411e7/Situation%20report%20as%20on%2027.09.2019%20at%201800%20Hrs.pdf\"", \""source_verification\"": \""supplied_not_independently_verified\"", \""state\"": \""West Bengal\"", \""year\"": \""2019\""}""]",admin_units|gadm|location,"[""admin_units:1511"", ""gadm:IND.36_1"", ""location:(?<![A-Za-z])West\\ Bengal(?![A-Za-z])""]",district,official_government,seasonal_cumulative,none,https://reliefweb.int/attachments/7977b2bf-2ff4-3262-a0ef-c8d36e4411e7/Situation%20report%20as%20on%2027.09.2019%20at%201800%20Hrs.pdf,83.0804,0.0133,6255.530346174724,S1,observed,matched,76128533B16811573188243,interim_s1_only,fs1-3016a20fd3ad,ok,,5092.3092,0.0163,7.5505,SITS_NDWI_RESTORED,,incomplete,llm_qa,complete,317,317,0,0,317,False,local_state_plus_targeted_bigquery,14,317,0.1274059209280182,2930115.0,373314.0,2556801.0,2011,census_2011_official;file=census_2011_district_urban_rural.xlsx;sha256=acb01ddb965be41cf22a20f0e641fdbcc1f4a16e6b7bc9cf91478ce289f853e8;catalog=https://censusindia.gov.in/nada/index.php/catalog/42557;crosswalk=district_name_crosswalk.csv;sha256=c8dc691ab763e799cc1aafb29e9c17ab287710bd63447ad37281418d902c30e9,matched_crosswalk,340,resolved,article_collection_incomplete;article_count_missing_or_invalid,False
E092::south%2024%20parganas,E092,2019-0331-IND,West Bengal,South 24 Parganas,2019-07-14,2019-09-30,start:day|end:day,external_recovery,"[""{\""canonical_district\"": \""South 24 Parganas\"", \""circularity_risk\"": \""none\"", \""event_id\"": \""E092\"", \""evidence_note\"": \""Official MHA cumulative affected-district list.\"", \""evidence_scope\"": \""seasonal_or_cumulative\"", \""evidence_type\"": \""seasonal_cumulative\"", \""mapping_row\"": 572, \""merge_rule\"": \""dedupe on event_id + canonical(state,district); preserve original source name\"", \""origin\"": \""prior_research_pass\"", \""source_class\"": \""official_government\"", \""source_title\"": \""Government of India MHA/NERC Situation Report, 27 Sep 2019\"", \""source_url\"": \""https://reliefweb.int/attachments/7977b2bf-2ff4-3262-a0ef-c8d36e4411e7/Situation%20report%20as%20on%2027.09.2019%20at%201800%20Hrs.pdf\"", \""source_verification\"": \""supplied_not_independently_verified\"", \""state\"": \""West Bengal\"", \""year\"": \""2019\""}""]",admin_units|gadm|location,"[""admin_units:1511"", ""gadm:IND.36_1"", ""location:(?<![A-Za-z])West\\ Bengal(?![A-Za-z])""]",district,official_government,seasonal_cumulative,none,https://reliefweb.int/attachments/7977b2bf-2ff4-3262-a0ef-c8d36e4411e7/Situation%20report%20as%20on%2027.09.2019%20at%201800%20Hrs.pdf,214.8572,0.039,5503.307786632012,S1,observed,matched,70294.0,interim_s1_only,fs1-3016a20fd3ad,ok,,4761.6074,0.0451,35.2917,SITS_NDWI,,incomplete,llm_qa,complete,317,317,0,0,317,False,local_state_plus_targeted_bigquery,14,317,0.2557930624760398,8161961.0,2087773.0,6074188.0,2011,census_2011_official;file=census_2011_district_urban_rural.xlsx;sha256=acb01ddb965be41cf22a20f0e641fdbcc1f4a16e6b7bc9cf91478ce289f853e8;catalog=https://censusindia.gov.in/nada/index.php/catalog/42557;crosswalk=district_name_crosswalk.csv;sha256=c8dc691ab763e799cc1aafb29e9c17ab287710bd63447ad37281418d902c30e9,matched_crosswalk,343,resolved,article_collection_incomplete;article_count_missing_or_invalid,False
E092::uttar%20dinajpur,E092,2019-0331-IND,West Bengal,Uttar Dinajpur,2019-07-14,2019-09-30,start:day|end:day,external_recovery,"[""{\""canonical_district\"": \""Uttar Dinajpur\"", \""circularity_risk\"": \""none\"", \""event_id\"": \""E092\"", \""evidence_note\"": \""Official MHA cumulative affected-district list.\"", \""evidence_scope\"": \""seasonal_or_cumulative\"", \""evidence_type\"": \""seasonal_cumulative\"", \""mapping_row\"": 573, \""merge_rule\"": \""dedupe on event_id + canonical(state,district); preserve original source name\"", \""origin\"": \""prior_research_pass\"", \""source_class\"": \""official_government\"", \""source_title\"": \""Government of India MHA/NERC Situation Report, 27 Sep 2019\"", \""source_url\"": \""https://reliefweb.int/attachments/7977b2bf-2ff4-3262-a0ef-c8d36e4411e7/Situation%20report%20as%20on%2027.09.2019%20at%201800%20Hrs.pdf\"", \""source_verification\"": \""supplied_not_independently_verified\"", \""state\"": \""West Bengal\"", \""year\"": \""2019\""}""]",admin_units|gadm|location,"[""admin_units:1511"", ""gadm:IND.36_1"", ""location:(?<![A-Za-z])West\\ Bengal(?![A-Za-z])""]",district,official_government,seasonal_cumulative,none,https://reliefweb.int/attachments/7977b2bf-2ff4-3262-a0ef-c8d36e4411e7/Situation%20report%20as%20on%2027.09.2019%20at%201800%20Hrs.pdf,1006.3228,0.2998,3356.268468886421,S1,observed,matched,70295.0,interim_s1_only,fs1-3016a20fd3ad,ok,,3168.8271,0.3176,178.5745,NDWI,,incomplete,llm_qa,complete,317,317,0,0,317,False,local_state_plus_targeted_bigquery,14,317,0.1204562217712945,3007134.0,362228.0,2644906.0,2011,census_2011_official;file=census_2011_district_urban_rural.xlsx;sha256=acb01ddb965be41cf22a20f0e641fdbcc1f4a16e6b7bc9cf91478ce289f853e8;catalog=https://censusindia.gov.in/nada/index.php/catalog/42557,matched,330,resolved,article_collection_incomplete;article_count_missing_or_invalid,False
E092::west%20medinipur,E092,2019-0331-IND,West Bengal,West Medinipur,2019-07-14,2019-09-30,start:day|end:day,external_recovery,"[""{\""canonical_district\"": \""West Medinipur\"", \""circularity_risk\"": \""none\"", \""event_id\"": \""E092\"", \""evidence_note\"": \""Official MHA cumulative affected-district list.\"", \""evidence_scope\"": \""seasonal_or_cumulative\"", \""evidence_type\"": \""seasonal_cumulative\"", \""mapping_row\"": 574, \""merge_rule\"": \""dedupe on event_id + canonical(state,district); preserve original source name\"", \""origin\"": \""prior_research_pass\"", \""source_class\"": \""official_government\"", \""source_title\"": \""Government of India MHA/NERC Situation Report, 27 Sep 2019\"", \""source_url\"": \""https://reliefweb.int/attachments/7977b2bf-2ff4-3262-a0ef-c8d36e4411e7/Situation%20report%20as%20on%2027.09.2019%20at%201800%20Hrs.pdf\"", \""source_verification\"": \""supplied_not_independently_verified\"", \""state\"": \""West Bengal\"", \""year\"": \""2019\""}""]",admin_units|gadm|location,"[""admin_units:1511"", ""gadm:IND.36_1"", ""location:(?<![A-Za-z])West\\ Bengal(?![A-Za-z])""]",district,official_government,seasonal_cumulative,none,https://reliefweb.int/attachments/7977b2bf-2ff4-3262-a0ef-c8d36e4411e7/Situation%20report%20as%20on%2027.09.2019%20at%201800%20Hrs.pdf,173.2895,0.0276,6284.990303075887,S1,observed,matched,76128533B88812350838807,interim_s1_only,fs1-3016a20fd3ad,ok,,6123.409,0.0283,5.5352,NDWI,,incomplete,llm_qa,complete,317,317,0,0,317,False,local_state_plus_targeted_bigquery,14,317,,,,,2011,census_2011_official,unmatched,,resolved,article_collection_incomplete;article_count_missing_or_invalid;census_unmatched;census_invalid;census_population_inconsistent,False
E094::kolhapur,E094,2019-0383-IND,Maharashtra,Kolhapur,2019-08-12,2019-08-15,start:day|end:day,external_recovery,"[""{\""canonical_district\"": \""Kolhapur\"", \""circularity_risk\"": \""none\"", \""end_date\"": \""2019-08-15\"", \""event_id\"": \""E094\"", \""evidence_note\"": \""Official MHA/NERC flood reporting explicitly identifies the district as worst affected.\"", \""evidence_scope\"": \""exact_event_dates\"", \""evidence_type\"": \""direct_disaster_impact\"", \""mapping_row\"": 586, \""merge_rule\"": \""dedupe on event_id + canonical(state,district); retain all source provenance\"", \""origin\"": \""exhaustive_followup\"", \""source_class\"": \""official_government\"", \""source_record_id\"": \""2019-0383-IND\"", \""source_title\"": \""MHA/NERC Maharashtra flood situation, 14 Aug 2019\"", \""source_url\"": \""https://ndmindia.mha.gov.in/ndmi/viewUploadedDocument?uid=NEW456\"", \""source_verification\"": \""supplied_not_independently_verified\"", \""start_date\"": \""2019-08-12\"", \""state\"": \""Maharashtra\"", \""year\"": \""2019\""}""]",admin_units|gadm|location,"[""admin_units:1498"", ""gadm:IND.20_1"", ""location:(?<![A-Za-z])Maharashtra(?![A-Za-z])""]",district,official_government,direct_disaster_impact,none,https://ndmindia.mha.gov.in/ndmi/viewUploadedDocument?uid=NEW456,,,7680.572392490604,NONE,missing,matched,17769.0,no_s1,fs1-3016a20fd3ad,unavailable,,4339.6371,,,NONE,408.0,partial,llm_qa_observed_lower_bound,complete,1038,1477,0,425,1052,True,local_state_plus_targeted_bigquery,14,1052,0.3173397014087458,3876001.0,1230009.0,2645992.0,2011,census_2011_official;file=census_2011_district_urban_rural.xlsx;sha256=acb01ddb965be41cf22a20f0e641fdbcc1f4a16e6b7bc9cf91478ce289f853e8;catalog=https://censusindia.gov.in/nada/index.php/catalog/42557,matched,530,resolved,satellite_missing_or_invalid,False
E096::darjeeling,E096,2019-0383-IND,West Bengal,Darjeeling,2019-08-12,2019-08-15,start:day|end:day,external_recovery,"[""{\""canonical_district\"": \""Darjeeling\"", \""circularity_risk\"": \""none\"", \""end_date\"": \""2019-08-15\"", \""event_id\"": \""E096\"", \""evidence_note\"": \""Official MHA/NERC report identifies district as worst affected.\"", \""evidence_scope\"": \""exact_event_dates\"", \""evidence_type\"": \""direct_disaster_impact\"", \""mapping_row\"": 594, \""merge_rule\"": \""dedupe on event_id + canonical(state,district); retain all source provenance\"", \""origin\"": \""exhaustive_followup\"", \""source_class\"": \""official_government\"", \""source_record_id\"": \""2019-0383-IND\"", \""source_title\"": \""MHA/NERC West Bengal flood situation, 14 Aug 2019\"", \""source_url\"": \""https://ndmindia.mha.gov.in/ndmi/viewUploadedDocument?uid=NEW456\"", \""source_verification\"": \""supplied_not_independently_verified\"", \""start_date\"": \""2019-08-12\"", \""state\"": \""West Bengal\"", \""year\"": \""2019\""}""]",admin_units|gadm|location,"[""admin_units:1511"", ""gadm:IND.36_1"", ""location:(?<![A-Za-z])West\\ Bengal(?![A-Za-z])""]",district,official_government,direct_disaster_impact,none,https://ndmindia.mha.gov.in/ndmi/viewUploadedDocument?uid=NEW456,3.7669,0.0018,2082.445247229802,S1,observed,matched,76128533B17109302371020,interim_s1_only,fs1-3016a20fd3ad,ok,,826.6807,0.0046,3.7669,S1,,incomplete,llm_qa,complete,165,165,0,0,165,False,local_state_plus_targeted_bigquery,14,165,,,,,2011,census_2011_official,unmatched,,resolved,article_collection_incomplete;article_count_missing_or_invalid;census_unmatched;census_invalid;census_population_inconsistent,False
E096::kalimpong,E096,2019-0383-IND,West Bengal,Kalimpong,2019-08-12,2019-08-15,start:day|end:day,external_recovery,"[""{\""canonical_district\"": \""Kalimpong\"", \""circularity_risk\"": \""none\"", \""end_date\"": \""2019-08-15\"", \""event_id\"": \""E096\"", \""evidence_note\"": \""Official MHA/NERC report identifies district as worst affected.\"", \""evidence_scope\"": \""exact_event_dates\"", \""evidence_type\"": \""direct_disaster_impact\"", \""mapping_row\"": 595, \""merge_rule\"": \""dedupe on event_id + canonical(state,district); retain all source provenance\"", \""origin\"": \""exhaustive_followup\"", \""source_class\"": \""official_government\"", \""source_record_id\"": \""2019-0383-IND\"", \""source_title\"": \""MHA/NERC West Bengal flood situation, 14 Aug 2019\"", \""source_url\"": \""https://ndmindia.mha.gov.in/ndmi/viewUploadedDocument?uid=NEW456\"", \""source_verification\"": \""supplied_not_independently_verified\"", \""start_date\"": \""2019-08-12\"", \""state\"": \""West Bengal\"", \""year\"": \""2019\""}""]",admin_units|gadm|location,"[""admin_units:1511"", ""gadm:IND.36_1"", ""location:(?<![A-Za-z])West\\ Bengal(?![A-Za-z])""]",district,official_government,direct_disaster_impact,none,https://ndmindia.mha.gov.in/ndmi/viewUploadedDocument?uid=NEW456,0.2433,0.0002,1110.133398229132,S1,observed,matched,76128533B78458325839103,interim_s1_only,fs1-3016a20fd3ad,ok,,73.9352,0.0033,0.2433,S1,0.0,partial,llm_qa_observed_lower_bound,complete,165,166,0,1,165,True,local_state_plus_targeted_bigquery,14,165,,,,,2011,census_2011_official,unmatched,,resolved,census_unmatched;census_invalid;census_population_inconsistent,False
E101::tiruppur,E101,2019-0574-IND,Tamil Nadu,Tiruppur,2019-11-29,2019-12-04,start:day|end:day,gadm,"[""gadm:IND.31.28_1""]",gadm|location,"[""gadm:IND.31.13_1"", ""gadm:IND.31.24_1"", ""gadm:IND.31.25_1"", ""gadm:IND.31.28_1"", ""gadm:IND.31.3_1"", ""gadm:IND.31.4_1"", ""location:(?<![A-Za-z])Tamil\\ Nadu(?![A-Za-z])"", ""location:Coimbatore"", ""location:Cuddalore"", ""location:Nagapattinam"", ""location:Thoothukkudi""]",district,,,,,5.8425,0.0011,5200.603913602986,S1,observed,matched,76128533B57036825942975,interim_s1_only,fs1-3016a20fd3ad,ok,,4606.7251,0.0013,2.0899,SITS_NDWI,,incomplete,llm_qa,complete,108,109,0,0,109,False,local_state_plus_targeted_bigquery,14,109,0.6135857577816036,2479052.0,1521111.0,957941.0,2011,census_2011_official;file=census_2011_district_urban_rural.xlsx;sha256=acb01ddb965be41cf22a20f0e641fdbcc1f4a16e6b7bc9cf91478ce289f853e8;catalog=https://censusindia.gov.in/nada/index.php/catalog/42557,matched,633,resolved,article_collection_incomplete;article_count_missing_or_invalid,False
E106::namsai,E106,2020-0304-IND,Arunachal Pradesh,Namsai,2020-06-01,2020-08-16,start:month|end:day,external_recovery,"[""{\""canonical_district\"": \""Namsai\"", \""circularity_risk\"": \""none\"", \""end_date\"": \""2020-08-16\"", \""event_id\"": \""E106\"", \""evidence_note\"": \""River/flood or response evidence in district during long June-August event.\"", \""evidence_scope\"": \""within_long_event_window\"", \""evidence_type\"": \""direct_disaster_impact\"", \""mapping_row\"": 608, \""merge_rule\"": \""dedupe on event_id + canonical(state,district); retain all source provenance\"", \""origin\"": \""exhaustive_followup\"", \""source_class\"": \""official_government\"", \""source_record_id\"": \""2020-0304-IND\"", \""source_title\"": \""MHA/CWC 2020 monsoon flood reporting\"", \""source_url\"": \""https://ndmindia.mha.gov.in/ndmi/viewUploadedDocument?uid=NEW368\"", \""source_verification\"": \""supplied_not_independently_verified\"", \""start_date\"": \""2020-06-01\"", \""state\"": \""Arunachal Pradesh\"", \""year\"": \""2020\""}""]",admin_units|gadm|location,"[""admin_units:70072"", ""gadm:IND.3_1"", ""location:(?<![A-Za-z])Arunachal\\ Pradesh(?![A-Za-z])""]",district,official_government,direct_disaster_impact,none,https://ndmindia.mha.gov.in/ndmi/viewUploadedDocument?uid=NEW368,11.7055,0.0091,1281.1997378272174,S1,observed,matched,76128533B1875965515331,interim_s1_only,fs1-3016a20fd3ad,ok,,892.7445,0.0131,12.0699,SITS_NDWI,,incomplete,llm_qa,complete,4,4,0,0,4,False,local_state_plus_targeted_bigquery,14,4,0.1484731631057842,95950.0,14246.0,81704.0,2011,census_2011_recovery;method=official_retabulation;url=https://namsai.nic.in/demography/;table=district demography;notes=Official 2011 population retabulated to the district definition in the cited source. No parent-district population substitution; not an event-year population estimate.;population_source=https://namsai.nic.in/demography/;file=district_census_recovery.json;sha256=d452a6f74338bb2f237f3d014518ab361f6b2d7436bac837b8a1cb97d050bac0,matched_crosswalk,retabulated:arunachal pradesh:namsai,resolved,article_collection_incomplete;article_count_missing_or_invalid,False
E107::charaideo,E107,2020-0304-IND,Assam,Charaideo,2020-06-01,2020-08-16,start:month|end:day,external_recovery,"[""{\""canonical_district\"": \""Charaideo\"", \""circularity_risk\"": \""none\"", \""event_id\"": \""E107\"", \""evidence_note\"": \""Official MHA cumulative Assam flood district list; event may cover a subset of the season.\"", \""evidence_scope\"": \""seasonal_or_cumulative\"", \""evidence_type\"": \""seasonal_cumulative\"", \""mapping_row\"": 614, \""merge_rule\"": \""dedupe on event_id + canonical(state,district); preserve original source name\"", \""origin\"": \""prior_research_pass\"", \""source_class\"": \""official_government\"", \""source_title\"": \""Government of India MHA/NERC Situation Report, 22 Jul 2020\"", \""source_url\"": \""https://ndmindia.mha.gov.in/ndmi/viewUploadedDocument?uid=NEW368\"", \""source_verification\"": \""supplied_not_independently_verified\"", \""state\"": \""Assam\"", \""year\"": \""2020\""}""]",admin_units|gadm|location,"[""admin_units:1487"", ""gadm:IND.4_1"", ""location:(?<![A-Za-z])Assam(?![A-Za-z])""]",district,official_government,seasonal_cumulative,none,https://ndmindia.mha.gov.in/ndmi/viewUploadedDocument?uid=NEW368,57.5157,0.0547,1051.5010239181354,S1,observed,matched,76128533B89228414823983,interim_s1_only,fs1-3016a20fd3ad,ok,,956.9246,0.0601,8.8972,NDWI,,incomplete,llm_qa,complete,43,43,0,0,43,False,local_state_plus_targeted_bigquery,14,43,0.0648103529103932,458615.0,29723.0,428892.0,2011,census_2011_recovery;method=official_retabulation;url=https://des.assam.gov.in/sites/default/files/swf_utility_folder/departments/ecostat_medhassu_in_oid_3/this_comm/statistical_abstract_assam_2021.pdf;table=Table 1.02; printed page 4; PDF page 19;notes=Official 2011 population retabulated to the district definition in the cited source. No parent-district population substitution; not an event-year population estimate.;population_source=https://des.assam.gov.in/sites/default/files/swf_utility_folder/departments/ecostat_medhassu_in_oid_3/this_comm/statistical_abstract_assam_2021.pdf;file=district_census_recovery.json;sha256=d452a6f74338bb2f237f3d014518ab361f6b2d7436bac837b8a1cb97d050bac0,matched_crosswalk,retabulated:assam:Charaideo,resolved,article_collection_incomplete;article_count_missing_or_invalid,False
E107::dhubri,E107,2020-0304-IND,Assam,Dhubri,2020-06-01,2020-08-16,start:month|end:day,external_recovery,"[""{\""canonical_district\"": \""Dhubri\"", \""circularity_risk\"": \""none\"", \""event_id\"": \""E107\"", \""evidence_note\"": \""Official MHA cumulative Assam flood district list; event may cover a subset of the season.\"", \""evidence_scope\"": \""seasonal_or_cumulative\"", \""evidence_type\"": \""seasonal_cumulative\"", \""mapping_row\"": 618, \""merge_rule\"": \""dedupe on event_id + canonical(state,district); preserve original source name\"", \""origin\"": \""prior_research_pass\"", \""source_class\"": \""official_government\"", \""source_title\"": \""Government of India MHA/NERC Situation Report, 22 Jul 2020\"", \""source_url\"": \""https://ndmindia.mha.gov.in/ndmi/viewUploadedDocument?uid=NEW368\"", \""source_verification\"": \""supplied_not_independently_verified\"", \""state\"": \""Assam\"", \""year\"": \""2020\""}""]",admin_units|gadm|location,"[""admin_units:1487"", ""gadm:IND.4_1"", ""location:(?<![A-Za-z])Assam(?![A-Za-z])""]",district,official_government,seasonal_cumulative,none,https://ndmindia.mha.gov.in/ndmi/viewUploadedDocument?uid=NEW368,95.0426,0.0531,1790.280077462252,S1,observed,matched,76128533B25835998628545,interim_s1_only,fs1-3016a20fd3ad,ok,,1545.8668,0.0615,78.2409,NDWI,,incomplete,llm_qa,complete,43,43,0,0,43,False,local_state_plus_targeted_bigquery,14,43,0.1045018155626397,1949258.0,203701.0,1745557.0,2011,census_2011_official;file=census_2011_district_urban_rural.xlsx;sha256=acb01ddb965be41cf22a20f0e641fdbcc1f4a16e6b7bc9cf91478ce289f853e8;catalog=https://censusindia.gov.in/nada/index.php/catalog/42557,matched,301,resolved,article_collection_incomplete;article_count_missing_or_invalid,False
E107::kamrup%20metropolitan,E107,2020-0304-IND,Assam,Kamrup Metropolitan,2020-06-01,2020-08-16,start:month|end:day,external_recovery,"[""{\""canonical_district\"": \""Kamrup Metropolitan\"", \""circularity_risk\"": \""none\"", \""event_id\"": \""E107\"", \""evidence_note\"": \""Official MHA cumulative Assam flood district list; event may cover a subset of the season.\"", \""evidence_scope\"": \""seasonal_or_cumulative\"", \""evidence_type\"": \""seasonal_cumulative\"", \""mapping_row\"": 625, \""merge_rule\"": \""dedupe on event_id + canonical(state,district); preserve original source name\"", \""origin\"": \""prior_research_pass\"", \""source_class\"": \""official_government\"", \""source_title\"": \""Government of India MHA/NERC Situation Report, 22 Jul 2020\"", \""source_url\"": \""https://ndmindia.mha.gov.in/ndmi/viewUploadedDocument?uid=NEW368\"", \""source_verification\"": \""supplied_not_independently_verified\"", \""state\"": \""Assam\"", \""year\"": \""2020\""}""]",admin_units|gadm|location,"[""admin_units:1487"", ""gadm:IND.4_1"", ""location:(?<![A-Za-z])Assam(?![A-Za-z])""]",district,official_government,seasonal_cumulative,none,https://ndmindia.mha.gov.in/ndmi/viewUploadedDocument?uid=NEW368,18.6449,0.0165,1131.5412000860365,S1,observed,matched,76128533B38230828972906,interim_s1_only,fs1-3016a20fd3ad,unavailable,,448.608,0.0416,18.6449,S1,,incomplete,llm_qa,complete,43,43,0,0,43,False,local_state_plus_targeted_bigquery,14,43,0.8270034084619814,1253938.0,1037011.0,216927.0,2011,census_2011_official;file=census_2011_district_urban_rural.xlsx;sha256=acb01ddb965be41cf22a20f0e641fdbcc1f4a16e6b7bc9cf91478ce289f853e8;catalog=https://censusindia.gov.in/nada/index.php/catalog/42557,matched,322,resolved,article_collection_incomplete;article_count_missing_or_invalid,False
E107::kokrajhar,E107,2020-0304-IND,Assam,Kokrajhar,2020-06-01,2020-08-16,start:month|end:day,external_recovery,"[""{\""canonical_district\"": \""Kokrajhar\"", \""circularity_risk\"": \""none\"", \""event_id\"": \""E107\"", \""evidence_note\"": \""Official MHA cumulative Assam flood district list; event may cover a subset of the season.\"", \""evidence_scope\"": \""seasonal_or_cumulative\"", \""evidence_type\"": \""seasonal_cumulative\"", \""mapping_row\"": 627, \""merge_rule\"": \""dedupe on event_id + canonical(state,district); preserve original source name\"", \""origin\"": \""prior_research_pass\"", \""source_class\"": \""official_government\"", \""source_title\"": \""Government of India MHA/NERC Situation Report, 22 Jul 2020\"", \""source_url\"": \""https://ndmindia.mha.gov.in/ndmi/viewUploadedDocument?uid=NEW368\"", \""source_verification\"": \""supplied_not_independently_verified\"", \""state\"": \""Assam\"", \""year\"": \""2020\""}""]",admin_units|gadm|location,"[""admin_units:1487"", ""gadm:IND.4_1"", ""location:(?<![A-Za-z])Assam(?![A-Za-z])""]",district,official_government,seasonal_cumulative,none,https://ndmindia.mha.gov.in/ndmi/viewUploadedDocument?uid=NEW368,27.5088,0.0083,3329.2233881813268,S1,observed,matched,70090.0,interim_s1_only,fs1-3016a20fd3ad,ok,,3061.7037,0.009,26.9759,SITS_NDWI,,incomplete,llm_qa,complete,43,43,0,0,43,False,local_state_plus_targeted_bigquery,14,43,0.0619303335880839,887142.0,54941.0,832201.0,2011,census_2011_official;file=census_2011_district_urban_rural.xlsx;sha256=acb01ddb965be41cf22a20f0e641fdbcc1f4a16e6b7bc9cf91478ce289f853e8;catalog=https://censusindia.gov.in/nada/index.php/catalog/42557,matched,300,resolved,article_collection_incomplete;article_count_missing_or_invalid,False
E107::sivasagar,E107,2020-0304-IND,Assam,Sivasagar,2020-06-01,2020-08-16,start:month|end:day,external_recovery,"[""{\""canonical_district\"": \""Sivasagar\"", \""circularity_risk\"": \""none\"", \""event_id\"": \""E107\"", \""evidence_note\"": \""Official MHA cumulative Assam flood district list; event may cover a subset of the season.\"", \""evidence_scope\"": \""seasonal_or_cumulative\"", \""evidence_type\"": \""seasonal_cumulative\"", \""mapping_row\"": 633, \""merge_rule\"": \""dedupe on event_id + canonical(state,district); preserve original source name\"", \""origin\"": \""prior_research_pass\"", \""source_class\"": \""official_government\"", \""source_title\"": \""Government of India MHA/NERC Situation Report, 22 Jul 2020\"", \""source_url\"": \""https://ndmindia.mha.gov.in/ndmi/viewUploadedDocument?uid=NEW368\"", \""source_verification\"": \""supplied_not_independently_verified\"", \""state\"": \""Assam\"", \""year\"": \""2020\""}""]",admin_units|gadm|location,"[""admin_units:1487"", ""gadm:IND.4_1"", ""location:(?<![A-Za-z])Assam(?![A-Za-z])""]",district,official_government,seasonal_cumulative,none,https://ndmindia.mha.gov.in/ndmi/viewUploadedDocument?uid=NEW368,196.4534,0.1287,1526.651765771626,S1,observed,matched,76128533B21722277889516,interim_s1_only,fs1-3016a20fd3ad,ok,,1387.3046,0.1416,49.4325,SITS_NDWI_RESTORED,,incomplete,llm_qa,complete,43,43,0,0,43,False,local_state_plus_targeted_bigquery,14,43,0.0956483210981277,1151050.0,110096.0,1040954.0,2011,census_2011_official;file=census_2011_district_urban_rural.xlsx;sha256=acb01ddb965be41cf22a20f0e641fdbcc1f4a16e6b7bc9cf91478ce289f853e8;catalog=https://censusindia.gov.in/nada/index.php/catalog/42557,matched,311,resolved,article_collection_incomplete;article_count_missing_or_invalid,False
E107::udalguri,E107,2020-0304-IND,Assam,Udalguri,2020-06-01,2020-08-16,start:month|end:day,external_recovery,"[""{\""canonical_district\"": \""Udalguri\"", \""circularity_risk\"": \""none\"", \""event_id\"": \""E107\"", \""evidence_note\"": \""Official MHA cumulative Assam flood district list; event may cover a subset of the season.\"", \""evidence_scope\"": \""seasonal_or_cumulative\"", \""evidence_type\"": \""seasonal_cumulative\"", \""mapping_row\"": 637, \""merge_rule\"": \""dedupe on event_id + canonical(state,district); preserve original source name\"", \""origin\"": \""prior_research_pass\"", \""source_class\"": \""official_government\"", \""source_title\"": \""Government of India MHA/NERC Situation Report, 22 Jul 2020\"", \""source_url\"": \""https://ndmindia.mha.gov.in/ndmi/viewUploadedDocument?uid=NEW368\"", \""source_verification\"": \""supplied_not_independently_verified\"", \""state\"": \""Assam\"", \""year\"": \""2020\""}""]",admin_units|gadm|location,"[""admin_units:1487"", ""gadm:IND.4_1"", ""location:(?<![A-Za-z])Assam(?![A-Za-z])""]",district,official_government,seasonal_cumulative,none,https://ndmindia.mha.gov.in/ndmi/viewUploadedDocument?uid=NEW368,46.8793,0.0228,2056.2913712488385,S1,observed,matched,76128533B20307518801538,interim_s1_only,fs1-3016a20fd3ad,ok,,1902.4689,0.0246,46.8793,S1,,incomplete,llm_qa,complete,43,43,0,0,43,False,local_state_plus_targeted_bigquery,14,43,0.045179085885233,831668.0,37574.0,794094.0,2011,census_2011_official;file=census_2011_district_urban_rural.xlsx;sha256=acb01ddb965be41cf22a20f0e641fdbcc1f4a16e6b7bc9cf91478ce289f853e8;catalog=https://censusindia.gov.in/nada/index.php/catalog/42557,matched,326,resolved,article_collection_incomplete;article_count_missing_or_invalid,False
E108::gopalganj,E108,2020-0304-IND,Bihar,Gopalganj,2020-06-01,2020-08-16,start:month|end:day,external_recovery,"[""{\""canonical_district\"": \""Gopalganj\"", \""circularity_risk\"": \""none\"", \""event_id\"": \""E108\"", \""evidence_note\"": \""Official MHA flood-affected district list during the same 2020 flood episode.\"", \""evidence_scope\"": \""exact_or_direct_event\"", \""evidence_type\"": \""direct_disaster_impact\"", \""mapping_row\"": 641, \""merge_rule\"": \""dedupe on event_id + canonical(state,district); preserve original source name\"", \""origin\"": \""prior_research_pass\"", \""source_class\"": \""official_government\"", \""source_title\"": \""Government of India MHA/NERC Situation Report, 5 Aug 2020\"", \""source_url\"": \""https://ndmindia.mha.gov.in/ndmi/viewUploadedDocument?uid=NEW321\"", \""source_verification\"": \""supplied_not_independently_verified\"", \""state\"": \""Bihar\"", \""year\"": \""2020\""}""]",admin_units|gadm|location,"[""admin_units:70073"", ""gadm:IND.5_1"", ""location:(?<![A-Za-z])Bihar(?![A-Za-z])""]",district,official_government,direct_disaster_impact,none,https://ndmindia.mha.gov.in/ndmi/viewUploadedDocument?uid=NEW321,21.7583,0.0106,2044.660708589624,S1,observed,matched,17604.0,interim_s1_only,fs1-3016a20fd3ad,ok,,2001.4418,0.0109,6.8787,SITS_NDWI,,incomplete,llm_qa,complete,51,51,0,0,51,False,local_state_plus_targeted_bigquery,14,51,0.0635457601291485,2562012.0,162805.0,2399207.0,2011,census_2011_official;file=census_2011_district_urban_rural.xlsx;sha256=acb01ddb965be41cf22a20f0e641fdbcc1f4a16e6b7bc9cf91478ce289f853e8;catalog=https://censusindia.gov.in/nada/index.php/catalog/42557,matched,217,resolved,article_collection_incomplete;article_count_missing_or_invalid,False
E108::khagaria,E108,2020-0304-IND,Bihar,Khagaria,2020-06-01,2020-08-16,start:month|end:day,external_recovery,"[""{\""canonical_district\"": \""Khagaria\"", \""circularity_risk\"": \""none\"", \""event_id\"": \""E108\"", \""evidence_note\"": \""Official MHA flood-affected district list during the same 2020 flood episode.\"", \""evidence_scope\"": \""exact_or_direct_event\"", \""evidence_type\"": \""direct_disaster_impact\"", \""mapping_row\"": 642, \""merge_rule\"": \""dedupe on event_id + canonical(state,district); preserve original source name\"", \""origin\"": \""prior_research_pass\"", \""source_class\"": \""official_government\"", \""source_title\"": \""Government of India MHA/NERC Situation Report, 5 Aug 2020\"", \""source_url\"": \""https://ndmindia.mha.gov.in/ndmi/viewUploadedDocument?uid=NEW321\"", \""source_verification\"": \""supplied_not_independently_verified\"", \""state\"": \""Bihar\"", \""year\"": \""2020\""}""]",admin_units|gadm|location,"[""admin_units:70073"", ""gadm:IND.5_1"", ""location:(?<![A-Za-z])Bihar(?![A-Za-z])""]",district,official_government,direct_disaster_impact,none,https://ndmindia.mha.gov.in/ndmi/viewUploadedDocument?uid=NEW321,8.4803,0.0057,1494.410012910706,S1,observed,matched,17609.0,interim_s1_only,fs1-3016a20fd3ad,ok,,1407.6251,0.006,1.1852,SITS_NDWI,,incomplete,llm_qa,complete,51,51,0,0,51,False,local_state_plus_targeted_bigquery,14,51,0.0522885188309218,1666886.0,87159.0,1579727.0,2011,census_2011_official;file=census_2011_district_urban_rural.xlsx;sha256=acb01ddb965be41cf22a20f0e641fdbcc1f4a16e6b7bc9cf91478ce289f853e8;catalog=https://censusindia.gov.in/nada/index.php/catalog/42557,matched,223,resolved,article_collection_incomplete;article_count_missing_or_invalid,False
E108::madhepura,E108,2020-0304-IND,Bihar,Madhepura,2020-06-01,2020-08-16,start:month|end:day,external_recovery,"[""{\""canonical_district\"": \""Madhepura\"", \""circularity_risk\"": \""none\"", \""event_id\"": \""E108\"", \""evidence_note\"": \""Official MHA flood-affected district list during the same 2020 flood episode.\"", \""evidence_scope\"": \""exact_or_direct_event\"", \""evidence_type\"": \""direct_disaster_impact\"", \""mapping_row\"": 644, \""merge_rule\"": \""dedupe on event_id + canonical(state,district); preserve original source name\"", \""origin\"": \""prior_research_pass\"", \""source_class\"": \""official_government\"", \""source_title\"": \""Government of India MHA/NERC Situation Report, 5 Aug 2020\"", \""source_url\"": \""https://ndmindia.mha.gov.in/ndmi/viewUploadedDocument?uid=NEW321\"", \""source_verification\"": \""supplied_not_independently_verified\"", \""state\"": \""Bihar\"", \""year\"": \""2020\""}""]",admin_units|gadm|location,"[""admin_units:70073"", ""gadm:IND.5_1"", ""location:(?<![A-Za-z])Bihar(?![A-Za-z])""]",district,official_government,direct_disaster_impact,none,https://ndmindia.mha.gov.in/ndmi/viewUploadedDocument?uid=NEW321,4.7068,0.0026,1841.8576584602,S1,observed,matched,17612.0,interim_s1_only,fs1-3016a20fd3ad,ok,,1815.6229,0.0026,3.9729,NDWI,,incomplete,llm_qa,complete,51,51,0,0,51,False,local_state_plus_targeted_bigquery,14,51,0.044191567229271,2001762.0,88461.0,1913301.0,2011,census_2011_official;file=census_2011_district_urban_rural.xlsx;sha256=acb01ddb965be41cf22a20f0e641fdbcc1f4a16e6b7bc9cf91478ce289f853e8;catalog=https://censusindia.gov.in/nada/index.php/catalog/42557,matched,213,resolved,article_collection_incomplete;article_count_missing_or_invalid,False
E108::saharsa,E108,2020-0304-IND,Bihar,Saharsa,2020-06-01,2020-08-16,start:month|end:day,external_recovery,"[""{\""canonical_district\"": \""Saharsa\"", \""circularity_risk\"": \""none\"", \""event_id\"": \""E108\"", \""evidence_note\"": \""Official MHA flood-affected district list during the same 2020 flood episode.\"", \""evidence_scope\"": \""exact_or_direct_event\"", \""evidence_type\"": \""direct_disaster_impact\"", \""mapping_row\"": 647, \""merge_rule\"": \""dedupe on event_id + canonical(state,district); preserve original source name\"", \""origin\"": \""prior_research_pass\"", \""source_class\"": \""official_government\"", \""source_title\"": \""Government of India MHA/NERC Situation Report, 5 Aug 2020\"", \""source_url\"": \""https://ndmindia.mha.gov.in/ndmi/viewUploadedDocument?uid=NEW321\"", \""source_verification\"": \""supplied_not_independently_verified\"", \""state\"": \""Bihar\"", \""year\"": \""2020\""}""]",admin_units|gadm|location,"[""admin_units:70073"", ""gadm:IND.5_1"", ""location:(?<![A-Za-z])Bihar(?![A-Za-z])""]",district,official_government,direct_disaster_impact,none,https://ndmindia.mha.gov.in/ndmi/viewUploadedDocument?uid=NEW321,13.4531,0.0079,1692.2702412487936,S1,observed,matched,17624.0,interim_s1_only,fs1-3016a20fd3ad,ok,,1597.4024,0.0084,1.283,SITS_NDWI,,incomplete,llm_qa,complete,51,51,0,0,51,False,local_state_plus_targeted_bigquery,14,51,0.0823608207881363,1900661.0,156540.0,1744121.0,2011,census_2011_official;file=census_2011_district_urban_rural.xlsx;sha256=acb01ddb965be41cf22a20f0e641fdbcc1f4a16e6b7bc9cf91478ce289f853e8;catalog=https://censusindia.gov.in/nada/index.php/catalog/42557,matched,214,resolved,article_collection_incomplete;article_count_missing_or_invalid,False
E108::samastipur,E108,2020-0304-IND,Bihar,Samastipur,2020-06-01,2020-08-16,start:month|end:day,external_recovery,"[""{\""canonical_district\"": \""Samastipur\"", \""circularity_risk\"": \""none\"", \""event_id\"": \""E108\"", \""evidence_note\"": \""Official MHA flood-affected district list during the same 2020 flood episode.\"", \""evidence_scope\"": \""exact_or_direct_event\"", \""evidence_type\"": \""direct_disaster_impact\"", \""mapping_row\"": 648, \""merge_rule\"": \""dedupe on event_id + canonical(state,district); preserve original source name\"", \""origin\"": \""prior_research_pass\"", \""source_class\"": \""official_government\"", \""source_title\"": \""Government of India MHA/NERC Situation Report, 5 Aug 2020\"", \""source_url\"": \""https://ndmindia.mha.gov.in/ndmi/viewUploadedDocument?uid=NEW321\"", \""source_verification\"": \""supplied_not_independently_verified\"", \""state\"": \""Bihar\"", \""year\"": \""2020\""}""]",admin_units|gadm|location,"[""admin_units:70073"", ""gadm:IND.5_1"", ""location:(?<![A-Za-z])Bihar(?![A-Za-z])""]",district,official_government,direct_disaster_impact,none,https://ndmindia.mha.gov.in/ndmi/viewUploadedDocument?uid=NEW321,6.9759,0.0024,2911.492917812177,S1,observed,matched,17626.0,interim_s1_only,fs1-3016a20fd3ad,ok,,2732.2727,0.0026,1.5063,NDWI,,incomplete,llm_qa,complete,51,51,0,0,51,False,local_state_plus_targeted_bigquery,14,51,0.0346813823838466,4261566.0,147797.0,4113769.0,2011,census_2011_official;file=census_2011_district_urban_rural.xlsx;sha256=acb01ddb965be41cf22a20f0e641fdbcc1f4a16e6b7bc9cf91478ce289f853e8;catalog=https://censusindia.gov.in/nada/index.php/catalog/42557,matched,221,resolved,article_collection_incomplete;article_count_missing_or_invalid,False
E108::saran,E108,2020-0304-IND,Bihar,Saran,2020-06-01,2020-08-16,start:month|end:day,external_recovery,"[""{\""canonical_district\"": \""Saran\"", \""circularity_risk\"": \""none\"", \""event_id\"": \""E108\"", \""evidence_note\"": \""Official MHA flood-affected district list during the same 2020 flood episode.\"", \""evidence_scope\"": \""exact_or_direct_event\"", \""evidence_type\"": \""direct_disaster_impact\"", \""mapping_row\"": 649, \""merge_rule\"": \""dedupe on event_id + canonical(state,district); preserve original source name\"", \""origin\"": \""prior_research_pass\"", \""source_class\"": \""official_government\"", \""source_title\"": \""Government of India MHA/NERC Situation Report, 5 Aug 2020\"", \""source_url\"": \""https://ndmindia.mha.gov.in/ndmi/viewUploadedDocument?uid=NEW321\"", \""source_verification\"": \""supplied_not_independently_verified\"", \""state\"": \""Bihar\"", \""year\"": \""2020\""}""]",admin_units|gadm|location,"[""admin_units:70073"", ""gadm:IND.5_1"", ""location:(?<![A-Za-z])Bihar(?![A-Za-z])""]",district,official_government,direct_disaster_impact,none,https://ndmindia.mha.gov.in/ndmi/viewUploadedDocument?uid=NEW321,47.6751,0.018,2650.3366911206285,S1,observed,matched,17628.0,interim_s1_only,fs1-3016a20fd3ad,ok,,2555.315,0.0187,18.8081,SITS_NDWI,,incomplete,llm_qa,complete,51,51,0,0,51,False,local_state_plus_targeted_bigquery,14,51,0.0893760966349533,3951862.0,353202.0,3598660.0,2011,census_2011_official;file=census_2011_district_urban_rural.xlsx;sha256=acb01ddb965be41cf22a20f0e641fdbcc1f4a16e6b7bc9cf91478ce289f853e8;catalog=https://censusindia.gov.in/nada/index.php/catalog/42557,matched,219,resolved,article_collection_incomplete;article_count_missing_or_invalid,False
E108::sheohar,E108,2020-0304-IND,Bihar,Sheohar,2020-06-01,2020-08-16,start:month|end:day,external_recovery,"[""{\""canonical_district\"": \""Sheohar\"", \""circularity_risk\"": \""none\"", \""event_id\"": \""E108\"", \""evidence_note\"": \""Official MHA flood-affected district list during the same 2020 flood episode.\"", \""evidence_scope\"": \""exact_or_direct_event\"", \""evidence_type\"": \""direct_disaster_impact\"", \""mapping_row\"": 650, \""merge_rule\"": \""dedupe on event_id + canonical(state,district); preserve original source name\"", \""origin\"": \""prior_research_pass\"", \""source_class\"": \""official_government\"", \""source_title\"": \""Government of India MHA/NERC Situation Report, 5 Aug 2020\"", \""source_url\"": \""https://ndmindia.mha.gov.in/ndmi/viewUploadedDocument?uid=NEW321\"", \""source_verification\"": \""supplied_not_independently_verified\"", \""state\"": \""Bihar\"", \""year\"": \""2020\""}""]",admin_units|gadm|location,"[""admin_units:70073"", ""gadm:IND.5_1"", ""location:(?<![A-Za-z])Bihar(?![A-Za-z])""]",district,official_government,direct_disaster_impact,none,https://ndmindia.mha.gov.in/ndmi/viewUploadedDocument?uid=NEW321,2.1716,0.0038,575.6280849211931,S1,observed,matched,70103.0,interim_s1_only,fs1-3016a20fd3ad,ok,,566.1197,0.0038,1.9489,SITS_NDWI,,incomplete,llm_qa,complete,51,51,0,0,51,False,local_state_plus_targeted_bigquery,14,51,0.0428436897139182,656246.0,28116.0,628130.0,2011,census_2011_official;file=census_2011_district_urban_rural.xlsx;sha256=acb01ddb965be41cf22a20f0e641fdbcc1f4a16e6b7bc9cf91478ce289f853e8;catalog=https://censusindia.gov.in/nada/index.php/catalog/42557,matched,205,resolved,article_collection_incomplete;article_count_missing_or_invalid,False
E108::sitamarhi,E108,2020-0304-IND,Bihar,Sitamarhi,2020-06-01,2020-08-16,start:month|end:day,external_recovery,"[""{\""canonical_district\"": \""Sitamarhi\"", \""circularity_risk\"": \""none\"", \""event_id\"": \""E108\"", \""evidence_note\"": \""Official MHA flood-affected district list during the same 2020 flood episode.\"", \""evidence_scope\"": \""exact_or_direct_event\"", \""evidence_type\"": \""direct_disaster_impact\"", \""mapping_row\"": 651, \""merge_rule\"": \""dedupe on event_id + canonical(state,district); preserve original source name\"", \""origin\"": \""prior_research_pass\"", \""source_class\"": \""official_government\"", \""source_title\"": \""Government of India MHA/NERC Situation Report, 5 Aug 2020\"", \""source_url\"": \""https://ndmindia.mha.gov.in/ndmi/viewUploadedDocument?uid=NEW321\"", \""source_verification\"": \""supplied_not_independently_verified\"", \""state\"": \""Bihar\"", \""year\"": \""2020\""}""]",admin_units|gadm|location,"[""admin_units:70073"", ""gadm:IND.5_1"", ""location:(?<![A-Za-z])Bihar(?![A-Za-z])""]",district,official_government,direct_disaster_impact,none,https://ndmindia.mha.gov.in/ndmi/viewUploadedDocument?uid=NEW321,5.2412,0.0025,2075.1609189491032,S1,observed,matched,17630.0,interim_s1_only,fs1-3016a20fd3ad,ok,,2019.8231,0.0026,3.8424,SITS_NDWI_RESTORED,,incomplete,llm_qa,complete,51,51,0,0,51,False,local_state_plus_targeted_bigquery,14,51,0.0556430210067023,3423574.0,190498.0,3233076.0,2011,census_2011_official;file=census_2011_district_urban_rural.xlsx;sha256=acb01ddb965be41cf22a20f0e641fdbcc1f4a16e6b7bc9cf91478ce289f853e8;catalog=https://censusindia.gov.in/nada/index.php/catalog/42557,matched,206,resolved,article_collection_incomplete;article_count_missing_or_invalid,False
E109::balod,E109,2020-0304-IND,Chhattisgarh,Balod,2020-06-01,2020-08-16,start:month|end:day,external_recovery,"[""{\""canonical_district\"": \""Balod\"", \""circularity_risk\"": \""none\"", \""event_id\"": \""E109\"", \""evidence_note\"": \""Official MHA seasonal affected-district list; date is later than onset, so treat as cumulative.\"", \""evidence_scope\"": \""seasonal_or_cumulative\"", \""evidence_type\"": \""seasonal_cumulative\"", \""mapping_row\"": 655, \""merge_rule\"": \""dedupe on event_id + canonical(state,district); preserve original source name\"", \""origin\"": \""prior_research_pass\"", \""source_class\"": \""official_government\"", \""source_title\"": \""Government of India MHA/NERC Situation Report, 8 Sep 2020\"", \""source_url\"": \""https://ndmindia.mha.gov.in/ndmi/viewUploadedDocument?uid=NEW295\"", \""source_verification\"": \""supplied_not_independently_verified\"", \""state\"": \""Chhattisgarh\"", \""year\"": \""2020\""}""]",admin_units|gadm|location,"[""admin_units:70075"", ""gadm:IND.7_1"", ""location:(?<![A-Za-z])Chhattisgarh(?![A-Za-z])""]",district,official_government,seasonal_cumulative,none,https://ndmindia.mha.gov.in/ndmi/viewUploadedDocument?uid=NEW295,9.5254,0.0028,3424.6142622764123,S1,observed,matched,76128533B90169585758701,interim_s1_only,fs1-3016a20fd3ad,ok,,2904.5758,0.0033,40.9269,SITS_NDWI,,incomplete,llm_qa,complete,17,17,0,0,17,False,local_state_plus_targeted_bigquery,14,17,0.1276960413476726,826165.0,105498.0,720667.0,2011,census_2011_recovery;method=official_retabulation;url=https://balod.gov.in/en/about-district/demography/;table=district demography;notes=Official total and urban population; rural = total - urban (826165 - 105498). Census 2011; not current population.;population_source=https://balod.gov.in/en/about-district/demography/;file=district_census_recovery.json;sha256=d452a6f74338bb2f237f3d014518ab361f6b2d7436bac837b8a1cb97d050bac0,matched_crosswalk,retabulated:chhattisgarh:balod,resolved,article_collection_incomplete;article_count_missing_or_invalid,False
E109::balodabazar,E109,2020-0304-IND,Chhattisgarh,Balodabazar,2020-06-01,2020-08-16,start:month|end:day,external_recovery,"[""{\""canonical_district\"": \""Balodabazar\"", \""circularity_risk\"": \""none\"", \""event_id\"": \""E109\"", \""evidence_note\"": \""Official MHA seasonal affected-district list; date is later than onset, so treat as cumulative.\"", \""evidence_scope\"": \""seasonal_or_cumulative\"", \""evidence_type\"": \""seasonal_cumulative\"", \""mapping_row\"": 656, \""merge_rule\"": \""dedupe on event_id + canonical(state,district); preserve original source name\"", \""origin\"": \""prior_research_pass\"", \""source_class\"": \""official_government\"", \""source_title\"": \""Government of India MHA/NERC Situation Report, 8 Sep 2020\"", \""source_url\"": \""https://ndmindia.mha.gov.in/ndmi/viewUploadedDocument?uid=NEW295\"", \""source_verification\"": \""supplied_not_independently_verified\"", \""state\"": \""Chhattisgarh\"", \""year\"": \""2020\""}""]",admin_units|gadm|location,"[""admin_units:70075"", ""gadm:IND.7_1"", ""location:(?<![A-Za-z])Chhattisgarh(?![A-Za-z])""]",district,official_government,seasonal_cumulative,none,https://ndmindia.mha.gov.in/ndmi/viewUploadedDocument?uid=NEW295,49.3428,0.0124,3980.136098307729,S1,observed,matched,76128533B54306414631532,interim_s1_only,fs1-3016a20fd3ad,ok,,3112.3722,0.0159,15.9832,SITS_NDWI,,incomplete,llm_qa,complete,17,17,0,0,17,False,local_state_plus_targeted_bigquery,14,17,,,,,2011,census_2011_official,unmatched,,resolved,article_collection_incomplete;article_count_missing_or_invalid;census_unmatched;census_invalid;census_population_inconsistent,False
E109::balrampur,E109,2020-0304-IND,Chhattisgarh,Balrampur,2020-06-01,2020-08-16,start:month|end:day,external_recovery,"[""{\""canonical_district\"": \""Balrampur\"", \""circularity_risk\"": \""none\"", \""event_id\"": \""E109\"", \""evidence_note\"": \""Official MHA seasonal affected-district list; date is later than onset, so treat as cumulative.\"", \""evidence_scope\"": \""seasonal_or_cumulative\"", \""evidence_type\"": \""seasonal_cumulative\"", \""mapping_row\"": 657, \""merge_rule\"": \""dedupe on event_id + canonical(state,district); preserve original source name\"", \""origin\"": \""prior_research_pass\"", \""source_class\"": \""official_government\"", \""source_title\"": \""Government of India MHA/NERC Situation Report, 8 Sep 2020\"", \""source_url\"": \""https://ndmindia.mha.gov.in/ndmi/viewUploadedDocument?uid=NEW295\"", \""source_verification\"": \""supplied_not_independently_verified\"", \""state\"": \""Chhattisgarh\"", \""year\"": \""2020\""}""]",admin_units|gadm|location,"[""admin_units:70075"", ""gadm:IND.7_1"", ""location:(?<![A-Za-z])Chhattisgarh(?![A-Za-z])""]",district,official_government,seasonal_cumulative,none,https://ndmindia.mha.gov.in/ndmi/viewUploadedDocument?uid=NEW295,54.7745,0.0071,7697.7932658673,S1,observed,matched,76128533B14598081584747,interim_s1_only,fs1-3016a20fd3ad,ok,,4098.2421,0.0134,5.4568,NDWI,,incomplete,llm_qa,complete,17,17,0,0,17,False,local_state_plus_targeted_bigquery,14,17,,,,,2011,census_2011_official,unmatched,,resolved,article_collection_incomplete;article_count_missing_or_invalid;census_unmatched;census_invalid;census_population_inconsistent,False
E109::bastar,E109,2020-0304-IND,Chhattisgarh,Bastar,2020-06-01,2020-08-16,start:month|end:day,external_recovery,"[""{\""canonical_district\"": \""Bastar\"", \""circularity_risk\"": \""none\"", \""event_id\"": \""E109\"", \""evidence_note\"": \""Official MHA seasonal affected-district list; date is later than onset, so treat as cumulative.\"", \""evidence_scope\"": \""seasonal_or_cumulative\"", \""evidence_type\"": \""seasonal_cumulative\"", \""mapping_row\"": 658, \""merge_rule\"": \""dedupe on event_id + canonical(state,district); preserve original source name\"", \""origin\"": \""prior_research_pass\"", \""source_class\"": \""official_government\"", \""source_title\"": \""Government of India MHA/NERC Situation Report, 8 Sep 2020\"", \""source_url\"": \""https://ndmindia.mha.gov.in/ndmi/viewUploadedDocument?uid=NEW295\"", \""source_verification\"": \""supplied_not_independently_verified\"", \""state\"": \""Chhattisgarh\"", \""year\"": \""2020\""}""]",admin_units|gadm|location,"[""admin_units:70075"", ""gadm:IND.7_1"", ""location:(?<![A-Za-z])Chhattisgarh(?![A-Za-z])""]",district,official_government,seasonal_cumulative,none,https://ndmindia.mha.gov.in/ndmi/viewUploadedDocument?uid=NEW295,170.8712,0.0114,14993.252103989971,S1,observed,matched,70105.0,interim_s1_only,fs1-3016a20fd3ad,ok,,9149.3762,0.0187,8.9866,SITS_NDWI,,incomplete,llm_qa,complete,17,17,0,0,17,False,local_state_plus_targeted_bigquery,14,17,0.1369191458527779,1413199.0,193494.0,1219705.0,2011,census_2011_official;file=census_2011_district_urban_rural.xlsx;sha256=acb01ddb965be41cf22a20f0e641fdbcc1f4a16e6b7bc9cf91478ce289f853e8;catalog=https://censusindia.gov.in/nada/index.php/catalog/42557,matched,414,resolved,article_collection_incomplete;article_count_missing_or_invalid,False
E109::bijapur,E109,2020-0304-IND,Chhattisgarh,Bijapur,2020-06-01,2020-08-16,start:month|end:day,external_recovery,"[""{\""canonical_district\"": \""Bijapur\"", \""circularity_risk\"": \""none\"", \""event_id\"": \""E109\"", \""evidence_note\"": \""Official MHA seasonal affected-district list; date is later than onset, so treat as cumulative.\"", \""evidence_scope\"": \""seasonal_or_cumulative\"", \""evidence_type\"": \""seasonal_cumulative\"", \""mapping_row\"": 659, \""merge_rule\"": \""dedupe on event_id + canonical(state,district); preserve original source name\"", \""origin\"": \""prior_research_pass\"", \""source_class\"": \""official_government\"", \""source_title\"": \""Government of India MHA/NERC Situation Report, 8 Sep 2020\"", \""source_url\"": \""https://ndmindia.mha.gov.in/ndmi/viewUploadedDocument?uid=NEW295\"", \""source_verification\"": \""supplied_not_independently_verified\"", \""state\"": \""Chhattisgarh\"", \""year\"": \""2020\""}""]",admin_units|gadm|location,"[""admin_units:70075"", ""gadm:IND.7_1"", ""location:(?<![A-Za-z])Chhattisgarh(?![A-Za-z])""]",district,official_government,seasonal_cumulative,none,https://ndmindia.mha.gov.in/ndmi/viewUploadedDocument?uid=NEW295,20.462,0.0022,9166.228880349568,S1,observed,matched,76128533B66145460152555,interim_s1_only,fs1-3016a20fd3ad,ok,,5703.6185,0.0036,5.38,NDWI,,incomplete,llm_qa,complete,17,17,0,0,17,False,local_state_plus_targeted_bigquery,14,17,0.1159738275281119,255230.0,29600.0,225630.0,2011,census_2011_official;file=census_2011_district_urban_rural.xlsx;sha256=acb01ddb965be41cf22a20f0e641fdbcc1f4a16e6b7bc9cf91478ce289f853e8;catalog=https://censusindia.gov.in/nada/index.php/catalog/42557,matched,417,resolved,article_collection_incomplete;article_count_missing_or_invalid,False
E109::dantewada,E109,2020-0304-IND,Chhattisgarh,Dantewada,2020-06-01,2020-08-16,start:month|end:day,external_recovery,"[""{\""canonical_district\"": \""Dantewada\"", \""circularity_risk\"": \""none\"", \""event_id\"": \""E109\"", \""evidence_note\"": \""Official MHA seasonal affected-district list; date is later than onset, so treat as cumulative.\"", \""evidence_scope\"": \""seasonal_or_cumulative\"", \""evidence_type\"": \""seasonal_cumulative\"", \""mapping_row\"": 660, \""merge_rule\"": \""dedupe on event_id + canonical(state,district); preserve original source name\"", \""origin\"": \""prior_research_pass\"", \""source_class\"": \""official_government\"", \""source_title\"": \""Government of India MHA/NERC Situation Report, 8 Sep 2020\"", \""source_url\"": \""https://ndmindia.mha.gov.in/ndmi/viewUploadedDocument?uid=NEW295\"", \""source_verification\"": \""supplied_not_independently_verified\"", \""state\"": \""Chhattisgarh\"", \""year\"": \""2020\""}""]",admin_units|gadm|location,"[""admin_units:70075"", ""gadm:IND.7_1"", ""location:(?<![A-Za-z])Chhattisgarh(?![A-Za-z])""]",district,official_government,seasonal_cumulative,none,https://ndmindia.mha.gov.in/ndmi/viewUploadedDocument?uid=NEW295,67.3798,0.0039,17077.80807219265,S1,observed,matched,70107.0,interim_s1_only,fs1-3016a20fd3ad,ok,,10709.8921,0.0063,7.102,NDWI,,incomplete,llm_qa,complete,17,17,0,0,17,False,local_state_plus_targeted_bigquery,14,17,,,,,2011,census_2011_official,unmatched,,resolved,article_collection_incomplete;article_count_missing_or_invalid;census_unmatched;census_invalid;census_population_inconsistent,False
E109::dhamtari,E109,2020-0304-IND,Chhattisgarh,Dhamtari,2020-06-01,2020-08-16,start:month|end:day,external_recovery,"[""{\""canonical_district\"": \""Dhamtari\"", \""circularity_risk\"": \""none\"", \""event_id\"": \""E109\"", \""evidence_note\"": \""Official MHA seasonal affected-district list; date is later than onset, so treat as cumulative.\"", \""evidence_scope\"": \""seasonal_or_cumulative\"", \""evidence_type\"": \""seasonal_cumulative\"", \""mapping_row\"": 661, \""merge_rule\"": \""dedupe on event_id + canonical(state,district); preserve original source name\"", \""origin\"": \""prior_research_pass\"", \""source_class\"": \""official_government\"", \""source_title\"": \""Government of India MHA/NERC Situation Report, 8 Sep 2020\"", \""source_url\"": \""https://ndmindia.mha.gov.in/ndmi/viewUploadedDocument?uid=NEW295\"", \""source_verification\"": \""supplied_not_independently_verified\"", \""state\"": \""Chhattisgarh\"", \""year\"": \""2020\""}""]",admin_units|gadm|location,"[""admin_units:70075"", ""gadm:IND.7_1"", ""location:(?<![A-Za-z])Chhattisgarh(?![A-Za-z])""]",district,official_government,seasonal_cumulative,none,https://ndmindia.mha.gov.in/ndmi/viewUploadedDocument?uid=NEW295,18.8231,0.0046,4074.566265206066,S1,observed,matched,70108.0,interim_s1_only,fs1-3016a20fd3ad,ok,,3313.6933,0.0057,7.6974,NDWI,,incomplete,llm_qa,complete,17,17,0,0,17,False,local_state_plus_targeted_bigquery,14,17,0.1865448166435561,799781.0,149195.0,650586.0,2011,census_2011_official;file=census_2011_district_urban_rural.xlsx;sha256=acb01ddb965be41cf22a20f0e641fdbcc1f4a16e6b7bc9cf91478ce289f853e8;catalog=https://censusindia.gov.in/nada/index.php/catalog/42557,matched,412,resolved,article_collection_incomplete;article_count_missing_or_invalid,False
E109::gariyaband,E109,2020-0304-IND,Chhattisgarh,Gariyaband,2020-06-01,2020-08-16,start:month|end:day,external_recovery,"[""{\""canonical_district\"": \""Gariyaband\"", \""circularity_risk\"": \""none\"", \""event_id\"": \""E109\"", \""evidence_note\"": \""Official MHA seasonal affected-district list; date is later than onset, so treat as cumulative.\"", \""evidence_scope\"": \""seasonal_or_cumulative\"", \""evidence_type\"": \""seasonal_cumulative\"", \""mapping_row\"": 662, \""merge_rule\"": \""dedupe on event_id + canonical(state,district); preserve original source name\"", \""origin\"": \""prior_research_pass\"", \""source_class\"": \""official_government\"", \""source_title\"": \""Government of India MHA/NERC Situation Report, 8 Sep 2020\"", \""source_url\"": \""https://ndmindia.mha.gov.in/ndmi/viewUploadedDocument?uid=NEW295\"", \""source_verification\"": \""supplied_not_independently_verified\"", \""state\"": \""Chhattisgarh\"", \""year\"": \""2020\""}""]",admin_units|gadm|location,"[""admin_units:70075"", ""gadm:IND.7_1"", ""location:(?<![A-Za-z])Chhattisgarh(?![A-Za-z])""]",district,official_government,seasonal_cumulative,none,https://ndmindia.mha.gov.in/ndmi/viewUploadedDocument?uid=NEW295,25.1348,0.0051,4884.817356965688,S1,observed,matched,76128533B93063337202124,interim_s1_only,fs1-3016a20fd3ad,ok,,2957.5403,0.0085,4.3893,SITS_NDWI,,incomplete,llm_qa,complete,17,17,0,0,17,False,local_state_plus_targeted_bigquery,14,17,,,,,2011,census_2011_official,unmatched,,resolved,article_collection_incomplete;article_count_missing_or_invalid;census_unmatched;census_invalid;census_population_inconsistent,False
E109::janjgir-champa,E109,2020-0304-IND,Chhattisgarh,Janjgir-Champa,2020-06-01,2020-08-16,start:month|end:day,external_recovery,"[""{\""canonical_district\"": \""Janjgir-Champa\"", \""circularity_risk\"": \""none\"", \""event_id\"": \""E109\"", \""evidence_note\"": \""Official MHA seasonal affected-district list; date is later than onset, so treat as cumulative.\"", \""evidence_scope\"": \""seasonal_or_cumulative\"", \""evidence_type\"": \""seasonal_cumulative\"", \""mapping_row\"": 663, \""merge_rule\"": \""dedupe on event_id + canonical(state,district); preserve original source name\"", \""origin\"": \""prior_research_pass\"", \""source_class\"": \""official_government\"", \""source_title\"": \""Government of India MHA/NERC Situation Report, 8 Sep 2020\"", \""source_url\"": \""https://ndmindia.mha.gov.in/ndmi/viewUploadedDocument?uid=NEW295\"", \""source_verification\"": \""supplied_not_independently_verified\"", \""state\"": \""Chhattisgarh\"", \""year\"": \""2020\""}""]",admin_units|gadm|location,"[""admin_units:70075"", ""gadm:IND.7_1"", ""location:(?<![A-Za-z])Chhattisgarh(?![A-Za-z])""]",district,official_government,seasonal_cumulative,none,https://ndmindia.mha.gov.in/ndmi/viewUploadedDocument?uid=NEW295,62.3018,0.016,3884.879746251652,S1,observed,matched,70109.0,interim_s1_only,fs1-3016a20fd3ad,ok,,3426.1222,0.0182,6.5586,SITS_NDWI_RESTORED,,incomplete,llm_qa,complete,17,17,0,0,17,False,local_state_plus_targeted_bigquery,14,17,0.1389516745929973,1619707.0,225061.0,1394646.0,2011,census_2011_official;file=census_2011_district_urban_rural.xlsx;sha256=acb01ddb965be41cf22a20f0e641fdbcc1f4a16e6b7bc9cf91478ce289f853e8;catalog=https://censusindia.gov.in/nada/index.php/catalog/42557;crosswalk=district_name_crosswalk.csv;sha256=c8dc691ab763e799cc1aafb29e9c17ab287710bd63447ad37281418d902c30e9,matched_crosswalk,405,resolved,article_collection_incomplete;article_count_missing_or_invalid,False
E109::jashpur,E109,2020-0304-IND,Chhattisgarh,Jashpur,2020-06-01,2020-08-16,start:month|end:day,external_recovery,"[""{\""canonical_district\"": \""Jashpur\"", \""circularity_risk\"": \""none\"", \""event_id\"": \""E109\"", \""evidence_note\"": \""Official MHA seasonal affected-district list; date is later than onset, so treat as cumulative.\"", \""evidence_scope\"": \""seasonal_or_cumulative\"", \""evidence_type\"": \""seasonal_cumulative\"", \""mapping_row\"": 664, \""merge_rule\"": \""dedupe on event_id + canonical(state,district); preserve original source name\"", \""origin\"": \""prior_research_pass\"", \""source_class\"": \""official_government\"", \""source_title\"": \""Government of India MHA/NERC Situation Report, 8 Sep 2020\"", \""source_url\"": \""https://ndmindia.mha.gov.in/ndmi/viewUploadedDocument?uid=NEW295\"", \""source_verification\"": \""supplied_not_independently_verified\"", \""state\"": \""Chhattisgarh\"", \""year\"": \""2020\""}""]",admin_units|gadm|location,"[""admin_units:70075"", ""gadm:IND.7_1"", ""location:(?<![A-Za-z])Chhattisgarh(?![A-Za-z])""]",district,official_government,seasonal_cumulative,none,https://ndmindia.mha.gov.in/ndmi/viewUploadedDocument?uid=NEW295,14.0436,0.0024,5837.85108396611,S1,observed,matched,70110.0,interim_s1_only,fs1-3016a20fd3ad,ok,,3101.5237,0.0045,5.9718,NDWI,,incomplete,llm_qa,complete,17,17,0,0,17,False,local_state_plus_targeted_bigquery,14,17,0.089227152802321,851669.0,75992.0,775677.0,2011,census_2011_official;file=census_2011_district_urban_rural.xlsx;sha256=acb01ddb965be41cf22a20f0e641fdbcc1f4a16e6b7bc9cf91478ce289f853e8;catalog=https://censusindia.gov.in/nada/index.php/catalog/42557,matched,402,resolved,article_collection_incomplete;article_count_missing_or_invalid,False
E109::kabirdham,E109,2020-0304-IND,Chhattisgarh,Kabirdham,2020-06-01,2020-08-16,start:month|end:day,external_recovery,"[""{\""canonical_district\"": \""Kabirdham\"", \""circularity_risk\"": \""none\"", \""event_id\"": \""E109\"", \""evidence_note\"": \""Official MHA seasonal affected-district list; date is later than onset, so treat as cumulative.\"", \""evidence_scope\"": \""seasonal_or_cumulative\"", \""evidence_type\"": \""seasonal_cumulative\"", \""mapping_row\"": 665, \""merge_rule\"": \""dedupe on event_id + canonical(state,district); preserve original source name\"", \""origin\"": \""prior_research_pass\"", \""source_class\"": \""official_government\"", \""source_title\"": \""Government of India MHA/NERC Situation Report, 8 Sep 2020\"", \""source_url\"": \""https://ndmindia.mha.gov.in/ndmi/viewUploadedDocument?uid=NEW295\"", \""source_verification\"": \""supplied_not_independently_verified\"", \""state\"": \""Chhattisgarh\"", \""year\"": \""2020\""}""]",admin_units|gadm|location,"[""admin_units:70075"", ""gadm:IND.7_1"", ""location:(?<![A-Za-z])Chhattisgarh(?![A-Za-z])""]",district,official_government,seasonal_cumulative,none,https://ndmindia.mha.gov.in/ndmi/viewUploadedDocument?uid=NEW295,13.9896,0.0033,4238.122137436689,S1,observed,matched,76128533B48077510234542,interim_s1_only,fs1-3016a20fd3ad,ok,,2451.5297,0.0057,48.1058,SITS_NDWI,,incomplete,llm_qa,complete,17,17,0,0,17,False,local_state_plus_targeted_bigquery,14,17,0.1062519604243513,822526.0,87395.0,735131.0,2011,census_2011_official;file=census_2011_district_urban_rural.xlsx;sha256=acb01ddb965be41cf22a20f0e641fdbcc1f4a16e6b7bc9cf91478ce289f853e8;catalog=https://censusindia.gov.in/nada/index.php/catalog/42557;crosswalk=district_name_crosswalk.csv;sha256=c8dc691ab763e799cc1aafb29e9c17ab287710bd63447ad37281418d902c30e9,matched_crosswalk,407,resolved,article_collection_incomplete;article_count_missing_or_invalid,False
E109::kanker,E109,2020-0304-IND,Chhattisgarh,Kanker,2020-06-01,2020-08-16,start:month|end:day,external_recovery,"[""{\""canonical_district\"": \""Kanker\"", \""circularity_risk\"": \""none\"", \""event_id\"": \""E109\"", \""evidence_note\"": \""Official MHA seasonal affected-district list; date is later than onset, so treat as cumulative.\"", \""evidence_scope\"": \""seasonal_or_cumulative\"", \""evidence_type\"": \""seasonal_cumulative\"", \""mapping_row\"": 666, \""merge_rule\"": \""dedupe on event_id + canonical(state,district); preserve original source name\"", \""origin\"": \""prior_research_pass\"", \""source_class\"": \""official_government\"", \""source_title\"": \""Government of India MHA/NERC Situation Report, 8 Sep 2020\"", \""source_url\"": \""https://ndmindia.mha.gov.in/ndmi/viewUploadedDocument?uid=NEW295\"", \""source_verification\"": \""supplied_not_independently_verified\"", \""state\"": \""Chhattisgarh\"", \""year\"": \""2020\""}""]",admin_units|gadm|location,"[""admin_units:70075"", ""gadm:IND.7_1"", ""location:(?<![A-Za-z])Chhattisgarh(?![A-Za-z])""]",district,official_government,seasonal_cumulative,none,https://ndmindia.mha.gov.in/ndmi/viewUploadedDocument?uid=NEW295,39.2027,0.0055,7178.171664130548,S1,observed,matched,70111.0,interim_s1_only,fs1-3016a20fd3ad,ok,,4830.5317,0.0081,6.5654,NDWI,,incomplete,llm_qa,complete,17,17,0,0,17,False,local_state_plus_targeted_bigquery,14,17,0.1024927197202449,748941.0,76761.0,672180.0,2011,census_2011_recovery;method=census_name_link;url=https://kanker.gov.in/en/about-district/;table=district demography;notes=Explicit district name equivalence; population retained from official 2011 PCA. Not an event-year population estimate.;population_source=census_2011_official;file=census_2011_district_urban_rural.xlsx;sha256=acb01ddb965be41cf22a20f0e641fdbcc1f4a16e6b7bc9cf91478ce289f853e8;catalog=https://censusindia.gov.in/nada/index.php/catalog/42557;file=district_census_recovery.json;sha256=d452a6f74338bb2f237f3d014518ab361f6b2d7436bac837b8a1cb97d050bac0,matched_crosswalk,413,resolved,article_collection_incomplete;article_count_missing_or_invalid,False
E109::kondagaon,E109,2020-0304-IND,Chhattisgarh,Kondagaon,2020-06-01,2020-08-16,start:month|end:day,external_recovery,"[""{\""canonical_district\"": \""Kondagaon\"", \""circularity_risk\"": \""none\"", \""event_id\"": \""E109\"", \""evidence_note\"": \""Official MHA seasonal affected-district list; date is later than onset, so treat as cumulative.\"", \""evidence_scope\"": \""seasonal_or_cumulative\"", \""evidence_type\"": \""seasonal_cumulative\"", \""mapping_row\"": 667, \""merge_rule\"": \""dedupe on event_id + canonical(state,district); preserve original source name\"", \""origin\"": \""prior_research_pass\"", \""source_class\"": \""official_government\"", \""source_title\"": \""Government of India MHA/NERC Situation Report, 8 Sep 2020\"", \""source_url\"": \""https://ndmindia.mha.gov.in/ndmi/viewUploadedDocument?uid=NEW295\"", \""source_verification\"": \""supplied_not_independently_verified\"", \""state\"": \""Chhattisgarh\"", \""year\"": \""2020\""}""]",admin_units|gadm|location,"[""admin_units:70075"", ""gadm:IND.7_1"", ""location:(?<![A-Za-z])Chhattisgarh(?![A-Za-z])""]",district,official_government,seasonal_cumulative,none,https://ndmindia.mha.gov.in/ndmi/viewUploadedDocument?uid=NEW295,36.4317,0.007,5191.089149731457,S1,observed,matched,76128533B12144400448811,interim_s1_only,fs1-3016a20fd3ad,ok,,3819.9589,0.0095,6.5861,NDWI,,incomplete,llm_qa,complete,17,17,0,0,17,False,local_state_plus_targeted_bigquery,14,17,,,,,2011,census_2011_official,unmatched,,resolved,article_collection_incomplete;article_count_missing_or_invalid;census_unmatched;census_invalid;census_population_inconsistent,False
E109::koriya,E109,2020-0304-IND,Chhattisgarh,Koriya,2020-06-01,2020-08-16,start:month|end:day,external_recovery,"[""{\""canonical_district\"": \""Koriya\"", \""circularity_risk\"": \""none\"", \""event_id\"": \""E109\"", \""evidence_note\"": \""Official MHA seasonal affected-district list; date is later than onset, so treat as cumulative.\"", \""evidence_scope\"": \""seasonal_or_cumulative\"", \""evidence_type\"": \""seasonal_cumulative\"", \""mapping_row\"": 668, \""merge_rule\"": \""dedupe on event_id + canonical(state,district); preserve original source name\"", \""origin\"": \""prior_research_pass\"", \""source_class\"": \""official_government\"", \""source_title\"": \""Government of India MHA/NERC Situation Report, 8 Sep 2020\"", \""source_url\"": \""https://ndmindia.mha.gov.in/ndmi/viewUploadedDocument?uid=NEW295\"", \""source_verification\"": \""supplied_not_independently_verified\"", \""state\"": \""Chhattisgarh\"", \""year\"": \""2020\""}""]",admin_units|gadm|location,"[""admin_units:70075"", ""gadm:IND.7_1"", ""location:(?<![A-Za-z])Chhattisgarh(?![A-Za-z])""]",district,official_government,seasonal_cumulative,none,https://ndmindia.mha.gov.in/ndmi/viewUploadedDocument?uid=NEW295,20.2813,0.003,6652.802732133683,S1,observed,matched,70114.0,interim_s1_only,fs1-3016a20fd3ad,ok,,3565.3988,0.0057,2.7838,SITS_NDWI,,incomplete,llm_qa,complete,17,17,0,0,17,False,local_state_plus_targeted_bigquery,14,17,0.3115703495280892,658917.0,205299.0,453618.0,2011,census_2011_official;file=census_2011_district_urban_rural.xlsx;sha256=acb01ddb965be41cf22a20f0e641fdbcc1f4a16e6b7bc9cf91478ce289f853e8;catalog=https://censusindia.gov.in/nada/index.php/catalog/42557,matched,400,resolved,article_collection_incomplete;article_count_missing_or_invalid,False
E109::mungeli,E109,2020-0304-IND,Chhattisgarh,Mungeli,2020-06-01,2020-08-16,start:month|end:day,external_recovery,"[""{\""canonical_district\"": \""Mungeli\"", \""circularity_risk\"": \""none\"", \""event_id\"": \""E109\"", \""evidence_note\"": \""Official MHA seasonal affected-district list; date is later than onset, so treat as cumulative.\"", \""evidence_scope\"": \""seasonal_or_cumulative\"", \""evidence_type\"": \""seasonal_cumulative\"", \""mapping_row\"": 669, \""merge_rule\"": \""dedupe on event_id + canonical(state,district); preserve original source name\"", \""origin\"": \""prior_research_pass\"", \""source_class\"": \""official_government\"", \""source_title\"": \""Government of India MHA/NERC Situation Report, 8 Sep 2020\"", \""source_url\"": \""https://ndmindia.mha.gov.in/ndmi/viewUploadedDocument?uid=NEW295\"", \""source_verification\"": \""supplied_not_independently_verified\"", \""state\"": \""Chhattisgarh\"", \""year\"": \""2020\""}""]",admin_units|gadm|location,"[""admin_units:70075"", ""gadm:IND.7_1"", ""location:(?<![A-Za-z])Chhattisgarh(?![A-Za-z])""]",district,official_government,seasonal_cumulative,none,https://ndmindia.mha.gov.in/ndmi/viewUploadedDocument?uid=NEW295,5.1131,0.002,2554.8731088739232,S1,observed,matched,76128533B17292264941997,interim_s1_only,fs1-3016a20fd3ad,pending,,1895.0407,0.0027,5.1131,S1,,incomplete,llm_qa,complete,17,17,0,0,17,False,local_state_plus_targeted_bigquery,14,17,,,,,2011,census_2011_official,unmatched,,resolved,article_collection_incomplete;article_count_missing_or_invalid;census_unmatched;census_invalid;census_population_inconsistent,False
E109::narayanpur,E109,2020-0304-IND,Chhattisgarh,Narayanpur,2020-06-01,2020-08-16,start:month|end:day,external_recovery,"[""{\""canonical_district\"": \""Narayanpur\"", \""circularity_risk\"": \""none\"", \""event_id\"": \""E109\"", \""evidence_note\"": \""Official MHA seasonal affected-district list; date is later than onset, so treat as cumulative.\"", \""evidence_scope\"": \""seasonal_or_cumulative\"", \""evidence_type\"": \""seasonal_cumulative\"", \""mapping_row\"": 670, \""merge_rule\"": \""dedupe on event_id + canonical(state,district); preserve original source name\"", \""origin\"": \""prior_research_pass\"", \""source_class\"": \""official_government\"", \""source_title\"": \""Government of India MHA/NERC Situation Report, 8 Sep 2020\"", \""source_url\"": \""https://ndmindia.mha.gov.in/ndmi/viewUploadedDocument?uid=NEW295\"", \""source_verification\"": \""supplied_not_independently_verified\"", \""state\"": \""Chhattisgarh\"", \""year\"": \""2020\""}""]",admin_units|gadm|location,"[""admin_units:70075"", ""gadm:IND.7_1"", ""location:(?<![A-Za-z])Chhattisgarh(?![A-Za-z])""]",district,official_government,seasonal_cumulative,none,https://ndmindia.mha.gov.in/ndmi/viewUploadedDocument?uid=NEW295,6.4905,0.0017,3840.847589539658,S1,observed,matched,76128533B89979485471283,interim_s1_only,fs1-3016a20fd3ad,pending,,1355.1998,0.0048,6.4905,S1,,incomplete,llm_qa,complete,17,17,0,0,17,False,local_state_plus_targeted_bigquery,14,17,0.1581032756401087,139820.0,22106.0,117714.0,2011,census_2011_official;file=census_2011_district_urban_rural.xlsx;sha256=acb01ddb965be41cf22a20f0e641fdbcc1f4a16e6b7bc9cf91478ce289f853e8;catalog=https://censusindia.gov.in/nada/index.php/catalog/42557,matched,415,resolved,article_collection_incomplete;article_count_missing_or_invalid,False
E109::raipur,E109,2020-0304-IND,Chhattisgarh,Raipur,2020-06-01,2020-08-16,start:month|end:day,external_recovery,"[""{\""canonical_district\"": \""Raipur\"", \""circularity_risk\"": \""none\"", \""event_id\"": \""E109\"", \""evidence_note\"": \""Official MHA seasonal affected-district list; date is later than onset, so treat as cumulative.\"", \""evidence_scope\"": \""seasonal_or_cumulative\"", \""evidence_type\"": \""seasonal_cumulative\"", \""mapping_row\"": 672, \""merge_rule\"": \""dedupe on event_id + canonical(state,district); preserve original source name\"", \""origin\"": \""prior_research_pass\"", \""source_class\"": \""official_government\"", \""source_title\"": \""Government of India MHA/NERC Situation Report, 8 Sep 2020\"", \""source_url\"": \""https://ndmindia.mha.gov.in/ndmi/viewUploadedDocument?uid=NEW295\"", \""source_verification\"": \""supplied_not_independently_verified\"", \""state\"": \""Chhattisgarh\"", \""year\"": \""2020\""}""]",admin_units|gadm|location,"[""admin_units:70075"", ""gadm:IND.7_1"", ""location:(?<![A-Za-z])Chhattisgarh(?![A-Za-z])""]",district,official_government,seasonal_cumulative,none,https://ndmindia.mha.gov.in/ndmi/viewUploadedDocument?uid=NEW295,112.0761,0.009,12483.455862122348,S1,observed,matched,70116.0,interim_s1_only,fs1-3016a20fd3ad,pending,,9366.8459,0.012,112.0761,S1,,incomplete,llm_qa,complete,17,17,0,0,17,False,local_state_plus_targeted_bigquery,14,17,0.3649940254023748,4063872.0,1483289.0,2580583.0,2011,census_2011_official;file=census_2011_district_urban_rural.xlsx;sha256=acb01ddb965be41cf22a20f0e641fdbcc1f4a16e6b7bc9cf91478ce289f853e8;catalog=https://censusindia.gov.in/nada/index.php/catalog/42557,matched,410,resolved,article_collection_incomplete;article_count_missing_or_invalid,False
E109::rajnandgaon,E109,2020-0304-IND,Chhattisgarh,Rajnandgaon,2020-06-01,2020-08-16,start:month|end:day,external_recovery,"[""{\""canonical_district\"": \""Rajnandgaon\"", \""circularity_risk\"": \""none\"", \""event_id\"": \""E109\"", \""evidence_note\"": \""Official MHA seasonal affected-district list; date is later than onset, so treat as cumulative.\"", \""evidence_scope\"": \""seasonal_or_cumulative\"", \""evidence_type\"": \""seasonal_cumulative\"", \""mapping_row\"": 673, \""merge_rule\"": \""dedupe on event_id + canonical(state,district); preserve original source name\"", \""origin\"": \""prior_research_pass\"", \""source_class\"": \""official_government\"", \""source_title\"": \""Government of India MHA/NERC Situation Report, 8 Sep 2020\"", \""source_url\"": \""https://ndmindia.mha.gov.in/ndmi/viewUploadedDocument?uid=NEW295\"", \""source_verification\"": \""supplied_not_independently_verified\"", \""state\"": \""Chhattisgarh\"", \""year\"": \""2020\""}""]",admin_units|gadm|location,"[""admin_units:70075"", ""gadm:IND.7_1"", ""location:(?<![A-Za-z])Chhattisgarh(?![A-Za-z])""]",district,official_government,seasonal_cumulative,none,https://ndmindia.mha.gov.in/ndmi/viewUploadedDocument?uid=NEW295,39.3482,0.0049,8087.838209926009,S1,observed,matched,70117.0,interim_s1_only,fs1-3016a20fd3ad,pending,,6160.9946,0.0064,39.3482,S1,,incomplete,llm_qa,complete,17,17,0,0,17,False,local_state_plus_targeted_bigquery,14,17,0.17728589523483,1537133.0,272512.0,1264621.0,2011,census_2011_official;file=census_2011_district_urban_rural.xlsx;sha256=acb01ddb965be41cf22a20f0e641fdbcc1f4a16e6b7bc9cf91478ce289f853e8;catalog=https://censusindia.gov.in/nada/index.php/catalog/42557,matched,408,resolved,article_collection_incomplete;article_count_missing_or_invalid,False
E109::sukma,E109,2020-0304-IND,Chhattisgarh,Sukma,2020-06-01,2020-08-16,start:month|end:day,external_recovery,"[""{\""canonical_district\"": \""Sukma\"", \""circularity_risk\"": \""none\"", \""event_id\"": \""E109\"", \""evidence_note\"": \""Official MHA seasonal affected-district list; date is later than onset, so treat as cumulative.\"", \""evidence_scope\"": \""seasonal_or_cumulative\"", \""evidence_type\"": \""seasonal_cumulative\"", \""mapping_row\"": 674, \""merge_rule\"": \""dedupe on event_id + canonical(state,district); preserve original source name\"", \""origin\"": \""prior_research_pass\"", \""source_class\"": \""official_government\"", \""source_title\"": \""Government of India MHA/NERC Situation Report, 8 Sep 2020\"", \""source_url\"": \""https://ndmindia.mha.gov.in/ndmi/viewUploadedDocument?uid=NEW295\"", \""source_verification\"": \""supplied_not_independently_verified\"", \""state\"": \""Chhattisgarh\"", \""year\"": \""2020\""}""]",admin_units|gadm|location,"[""admin_units:70075"", ""gadm:IND.7_1"", ""location:(?<![A-Za-z])Chhattisgarh(?![A-Za-z])""]",district,official_government,seasonal_cumulative,none,https://ndmindia.mha.gov.in/ndmi/viewUploadedDocument?uid=NEW295,35.2414,0.0062,5670.751812032168,S1,observed,matched,76128533B53316015271969,interim_s1_only,fs1-3016a20fd3ad,pending,,3850.226,0.0092,35.2414,S1,,incomplete,llm_qa,complete,17,17,0,0,17,False,local_state_plus_targeted_bigquery,14,17,,,,,2011,census_2011_official,unmatched,,resolved,article_collection_incomplete;article_count_missing_or_invalid;census_unmatched;census_invalid;census_population_inconsistent,False
E109::surajpur,E109,2020-0304-IND,Chhattisgarh,Surajpur,2020-06-01,2020-08-16,start:month|end:day,external_recovery,"[""{\""canonical_district\"": \""Surajpur\"", \""circularity_risk\"": \""none\"", \""event_id\"": \""E109\"", \""evidence_note\"": \""Official MHA seasonal affected-district list; date is later than onset, so treat as cumulative.\"", \""evidence_scope\"": \""seasonal_or_cumulative\"", \""evidence_type\"": \""seasonal_cumulative\"", \""mapping_row\"": 675, \""merge_rule\"": \""dedupe on event_id + canonical(state,district); preserve original source name\"", \""origin\"": \""prior_research_pass\"", \""source_class\"": \""official_government\"", \""source_title\"": \""Government of India MHA/NERC Situation Report, 8 Sep 2020\"", \""source_url\"": \""https://ndmindia.mha.gov.in/ndmi/viewUploadedDocument?uid=NEW295\"", \""source_verification\"": \""supplied_not_independently_verified\"", \""state\"": \""Chhattisgarh\"", \""year\"": \""2020\""}""]",admin_units|gadm|location,"[""admin_units:70075"", ""gadm:IND.7_1"", ""location:(?<![A-Za-z])Chhattisgarh(?![A-Za-z])""]",district,official_government,seasonal_cumulative,none,https://ndmindia.mha.gov.in/ndmi/viewUploadedDocument?uid=NEW295,57.5625,0.0182,3160.829851999189,S1,observed,matched,76128533B46979893461805,interim_s1_only,fs1-3016a20fd3ad,pending,,2224.6249,0.0259,57.5625,S1,,incomplete,llm_qa,complete,17,17,0,0,17,False,local_state_plus_targeted_bigquery,14,17,,,,,2011,census_2011_official,unmatched,,resolved,article_collection_incomplete;article_count_missing_or_invalid;census_unmatched;census_invalid;census_population_inconsistent,False
E110::botad,E110,2020-0304-IND,Gujarat,Botad,2020-06-01,2020-08-16,start:month|end:day,external_recovery,"[""{\""canonical_district\"": \""Botad\"", \""circularity_risk\"": \""none\"", \""event_id\"": \""E110\"", \""evidence_note\"": \""Official MHA cumulative affected-district list.\"", \""evidence_scope\"": \""seasonal_or_cumulative\"", \""evidence_type\"": \""seasonal_cumulative\"", \""mapping_row\"": 681, \""merge_rule\"": \""dedupe on event_id + canonical(state,district); preserve original source name\"", \""origin\"": \""prior_research_pass\"", \""source_class\"": \""official_government\"", \""source_title\"": \""Government of India MHA/NERC Situation Report, 8 Sep 2020\"", \""source_url\"": \""https://ndmindia.mha.gov.in/ndmi/viewUploadedDocument?uid=NEW295\"", \""source_verification\"": \""supplied_not_independently_verified\"", \""state\"": \""Gujarat\"", \""year\"": \""2020\""}""]",admin_units|gadm|location,"[""admin_units:1491"", ""gadm:IND.11_1"", ""location:(?<![A-Za-z])Gujarat(?![A-Za-z])""]",district,official_government,seasonal_cumulative,none,https://ndmindia.mha.gov.in/ndmi/viewUploadedDocument?uid=NEW295,68.0375,0.0258,2635.4766256069506,S1,observed,matched,76128533B48885555323596,interim_s1_only,fs1-3016a20fd3ad,pending,,2560.9719,0.0266,68.0375,S1,0.0,partial,llm_qa_observed_lower_bound,complete,77,82,0,2,80,True,local_state_plus_targeted_bigquery,14,80,,,,,2011,census_2011_official,unmatched,,resolved,census_unmatched;census_invalid;census_population_inconsistent,False
E110::devbhumi%20dwarka,E110,2020-0304-IND,Gujarat,Devbhumi Dwarka,2020-06-01,2020-08-16,start:month|end:day,external_recovery,"[""{\""canonical_district\"": \""Devbhumi Dwarka\"", \""circularity_risk\"": \""none\"", \""event_id\"": \""E110\"", \""evidence_note\"": \""Official MHA cumulative affected-district list.\"", \""evidence_scope\"": \""seasonal_or_cumulative\"", \""evidence_type\"": \""seasonal_cumulative\"", \""mapping_row\"": 682, \""merge_rule\"": \""dedupe on event_id + canonical(state,district); preserve original source name\"", \""origin\"": \""prior_research_pass\"", \""source_class\"": \""official_government\"", \""source_title\"": \""Government of India MHA/NERC Situation Report, 8 Sep 2020\"", \""source_url\"": \""https://ndmindia.mha.gov.in/ndmi/viewUploadedDocument?uid=NEW295\"", \""source_verification\"": \""supplied_not_independently_verified\"", \""state\"": \""Gujarat\"", \""year\"": \""2020\""}""]",admin_units|gadm|location,"[""admin_units:1491"", ""gadm:IND.11_1"", ""location:(?<![A-Za-z])Gujarat(?![A-Za-z])""]",district,official_government,seasonal_cumulative,none,https://ndmindia.mha.gov.in/ndmi/viewUploadedDocument?uid=NEW295,143.9437,0.0333,4320.429272751922,S1,observed,matched,76128533B74381554567803,interim_s1_only,fs1-3016a20fd3ad,pending,,3892.1695,0.037,143.9437,S1,0.0,partial,llm_qa_observed_lower_bound,complete,77,78,0,1,77,True,local_state_plus_targeted_bigquery,14,77,,,,,2011,census_2011_official,unmatched,,resolved,census_unmatched;census_invalid;census_population_inconsistent,False
E110::gir%20somnath,E110,2020-0304-IND,Gujarat,Gir Somnath,2020-06-01,2020-08-16,start:month|end:day,external_recovery,"[""{\""canonical_district\"": \""Gir Somnath\"", \""circularity_risk\"": \""none\"", \""event_id\"": \""E110\"", \""evidence_note\"": \""Official MHA cumulative affected-district list.\"", \""evidence_scope\"": \""seasonal_or_cumulative\"", \""evidence_type\"": \""seasonal_cumulative\"", \""mapping_row\"": 684, \""merge_rule\"": \""dedupe on event_id + canonical(state,district); preserve original source name\"", \""origin\"": \""prior_research_pass\"", \""source_class\"": \""official_government\"", \""source_title\"": \""Government of India MHA/NERC Situation Report, 8 Sep 2020\"", \""source_url\"": \""https://ndmindia.mha.gov.in/ndmi/viewUploadedDocument?uid=NEW295\"", \""source_verification\"": \""supplied_not_independently_verified\"", \""state\"": \""Gujarat\"", \""year\"": \""2020\""}""]",admin_units|gadm|location,"[""admin_units:1491"", ""gadm:IND.11_1"", ""location:(?<![A-Za-z])Gujarat(?![A-Za-z])""]",district,official_government,seasonal_cumulative,none,https://ndmindia.mha.gov.in/ndmi/viewUploadedDocument?uid=NEW295,21.4109,0.0057,3780.874903082573,S1,observed,matched,76128533B45037556977273,interim_s1_only,fs1-3016a20fd3ad,pending,,3075.7366,0.007,21.4109,S1,0.0,partial,llm_qa_observed_lower_bound,complete,77,79,0,1,78,True,local_state_plus_targeted_bigquery,14,78,,,,,2011,census_2011_official,unmatched,,resolved,census_unmatched;census_invalid;census_population_inconsistent,False
E110::mehsana,E110,2020-0304-IND,Gujarat,Mehsana,2020-06-01,2020-08-16,start:month|end:day,external_recovery,"[""{\""canonical_district\"": \""Mehsana\"", \""circularity_risk\"": \""none\"", \""event_id\"": \""E110\"", \""evidence_note\"": \""Official MHA cumulative affected-district list.\"", \""evidence_scope\"": \""seasonal_or_cumulative\"", \""evidence_type\"": \""seasonal_cumulative\"", \""mapping_row\"": 688, \""merge_rule\"": \""dedupe on event_id + canonical(state,district); preserve original source name\"", \""origin\"": \""prior_research_pass\"", \""source_class\"": \""official_government\"", \""source_title\"": \""Government of India MHA/NERC Situation Report, 8 Sep 2020\"", \""source_url\"": \""https://ndmindia.mha.gov.in/ndmi/viewUploadedDocument?uid=NEW295\"", \""source_verification\"": \""supplied_not_independently_verified\"", \""state\"": \""Gujarat\"", \""year\"": \""2020\""}""]",admin_units|gadm|location,"[""admin_units:1491"", ""gadm:IND.11_1"", ""location:(?<![A-Za-z])Gujarat(?![A-Za-z])""]",district,official_government,seasonal_cumulative,none,https://ndmindia.mha.gov.in/ndmi/viewUploadedDocument?uid=NEW295,1031.793,0.2346,4397.478999391727,S1,observed,matched,76128533B81661995166840,interim_s1_only,fs1-3016a20fd3ad,pending,,4185.3479,0.2465,1031.793,S1,,incomplete,llm_qa,complete,77,77,0,0,77,False,local_state_plus_targeted_bigquery,14,77,0.2527340663487733,2035064.0,514330.0,1520734.0,2011,census_2011_official;file=census_2011_district_urban_rural.xlsx;sha256=acb01ddb965be41cf22a20f0e641fdbcc1f4a16e6b7bc9cf91478ce289f853e8;catalog=https://censusindia.gov.in/nada/index.php/catalog/42557;crosswalk=district_name_crosswalk.csv;sha256=c8dc691ab763e799cc1aafb29e9c17ab287710bd63447ad37281418d902c30e9,matched_crosswalk,471,resolved,article_collection_incomplete;article_count_missing_or_invalid,False
E110::morbi,E110,2020-0304-IND,Gujarat,Morbi,2020-06-01,2020-08-16,start:month|end:day,external_recovery,"[""{\""canonical_district\"": \""Morbi\"", \""circularity_risk\"": \""none\"", \""event_id\"": \""E110\"", \""evidence_note\"": \""Official MHA cumulative affected-district list.\"", \""evidence_scope\"": \""seasonal_or_cumulative\"", \""evidence_type\"": \""seasonal_cumulative\"", \""mapping_row\"": 689, \""merge_rule\"": \""dedupe on event_id + canonical(state,district); preserve original source name\"", \""origin\"": \""prior_research_pass\"", \""source_class\"": \""official_government\"", \""source_title\"": \""Government of India MHA/NERC Situation Report, 8 Sep 2020\"", \""source_url\"": \""https://ndmindia.mha.gov.in/ndmi/viewUploadedDocument?uid=NEW295\"", \""source_verification\"": \""supplied_not_independently_verified\"", \""state\"": \""Gujarat\"", \""year\"": \""2020\""}""]",admin_units|gadm|location,"[""admin_units:1491"", ""gadm:IND.11_1"", ""location:(?<![A-Za-z])Gujarat(?![A-Za-z])""]",district,official_government,seasonal_cumulative,none,https://ndmindia.mha.gov.in/ndmi/viewUploadedDocument?uid=NEW295,340.0329,0.0702,4845.3888221565,S1,observed,matched,76128533B2080752988715,interim_s1_only,fs1-3016a20fd3ad,pending,,4598.5249,0.0739,340.0329,S1,0.0,partial,llm_qa_observed_lower_bound,complete,77,82,0,4,78,True,local_state_plus_targeted_bigquery,14,78,,,,,2011,census_2011_official,unmatched,,resolved,census_unmatched;census_invalid;census_population_inconsistent,False
E110::patan,E110,2020-0304-IND,Gujarat,Patan,2020-06-01,2020-08-16,start:month|end:day,external_recovery,"[""{\""canonical_district\"": \""Patan\"", \""circularity_risk\"": \""none\"", \""event_id\"": \""E110\"", \""evidence_note\"": \""Official MHA cumulative affected-district list.\"", \""evidence_scope\"": \""seasonal_or_cumulative\"", \""evidence_type\"": \""seasonal_cumulative\"", \""mapping_row\"": 692, \""merge_rule\"": \""dedupe on event_id + canonical(state,district); preserve original source name\"", \""origin\"": \""prior_research_pass\"", \""source_class\"": \""official_government\"", \""source_title\"": \""Government of India MHA/NERC Situation Report, 8 Sep 2020\"", \""source_url\"": \""https://ndmindia.mha.gov.in/ndmi/viewUploadedDocument?uid=NEW295\"", \""source_verification\"": \""supplied_not_independently_verified\"", \""state\"": \""Gujarat\"", \""year\"": \""2020\""}""]",admin_units|gadm|location,"[""admin_units:1491"", ""gadm:IND.11_1"", ""location:(?<![A-Za-z])Gujarat(?![A-Za-z])""]",district,official_government,seasonal_cumulative,none,https://ndmindia.mha.gov.in/ndmi/viewUploadedDocument?uid=NEW295,226.0923,0.0376,6017.262722245363,S1,observed,matched,70129.0,interim_s1_only,fs1-3016a20fd3ad,pending,,5815.1637,0.0389,226.0923,S1,,incomplete,llm_qa,complete,77,77,0,0,77,False,local_state_plus_targeted_bigquery,14,77,0.2091790488296046,1343734.0,281081.0,1062653.0,2011,census_2011_official;file=census_2011_district_urban_rural.xlsx;sha256=acb01ddb965be41cf22a20f0e641fdbcc1f4a16e6b7bc9cf91478ce289f853e8;catalog=https://censusindia.gov.in/nada/index.php/catalog/42557,matched,470,resolved,article_collection_incomplete;article_count_missing_or_invalid,False
E111::chikkamagaluru,E111,2020-0304-IND,Karnataka,Chikkamagaluru,2020-06-01,2020-08-16,start:month|end:day,external_recovery,"[""{\""canonical_district\"": \""Chikkamagaluru\"", \""circularity_risk\"": \""none\"", \""end_date\"": \""2020-08-16\"", \""event_id\"": \""E111\"", \""evidence_note\"": \""Severe-flood river or same-season affected geography during long event.\"", \""evidence_scope\"": \""within_long_event_window\"", \""evidence_type\"": \""river_flood_or_seasonal\"", \""mapping_row\"": 703, \""merge_rule\"": \""dedupe on event_id + canonical(state,district); retain all source provenance\"", \""origin\"": \""exhaustive_followup\"", \""source_class\"": \""official_government\"", \""source_record_id\"": \""2020-0304-IND\"", \""source_title\"": \""MHA/CWC 2020 monsoon situation reports\"", \""source_url\"": \""https://ndmindia.mha.gov.in/ndmi/viewUploadedDocument?uid=NEW325\"", \""source_verification\"": \""supplied_not_independently_verified\"", \""start_date\"": \""2020-06-01\"", \""state\"": \""Karnataka\"", \""year\"": \""2020\""}""]",admin_units|gadm|location,"[""admin_units:1494"", ""gadm:IND.16_1"", ""location:(?<![A-Za-z])Karnataka(?![A-Za-z])""]",district,official_government,river_flood_or_seasonal,none,https://ndmindia.mha.gov.in/ndmi/viewUploadedDocument?uid=NEW325,18.5362,0.0027,6937.32502311172,S1,observed,matched,76128533B15550697205080,interim_s1_only,fs1-3016a20fd3ad,pending,,3145.504,0.0059,18.5362,S1,,incomplete,llm_qa,complete,111,111,0,0,111,False,local_state_plus_targeted_bigquery,14,111,0.2104711848648591,1137961.0,239508.0,898453.0,2011,census_2011_official;file=census_2011_district_urban_rural.xlsx;sha256=acb01ddb965be41cf22a20f0e641fdbcc1f4a16e6b7bc9cf91478ce289f853e8;catalog=https://censusindia.gov.in/nada/index.php/catalog/42557;crosswalk=district_name_crosswalk.csv;sha256=c8dc691ab763e799cc1aafb29e9c17ab287710bd63447ad37281418d902c30e9,matched_crosswalk,570,resolved,article_collection_incomplete;article_count_missing_or_invalid,False
E113::alirajpur,E113,2020-0304-IND,Madhya Pradesh,Alirajpur,2020-06-01,2020-08-16,start:month|end:day,external_recovery,"[""{\""canonical_district\"": \""Alirajpur\"", \""circularity_risk\"": \""none\"", \""event_id\"": \""E113\"", \""evidence_note\"": \""Official MHA cumulative affected-district list.\"", \""evidence_scope\"": \""seasonal_or_cumulative\"", \""evidence_type\"": \""seasonal_cumulative\"", \""mapping_row\"": 723, \""merge_rule\"": \""dedupe on event_id + canonical(state,district); preserve original source name\"", \""origin\"": \""prior_research_pass\"", \""source_class\"": \""official_government\"", \""source_title\"": \""Government of India MHA/NERC Situation Report, 5 Aug 2020\"", \""source_url\"": \""https://ndmindia.mha.gov.in/ndmi/viewUploadedDocument?uid=NEW321\"", \""source_verification\"": \""supplied_not_independently_verified\"", \""state\"": \""Madhya Pradesh\"", \""year\"": \""2020\""}""]",admin_units|gadm|location,"[""admin_units:70079"", ""gadm:IND.19_1"", ""location:(?<![A-Za-z])Madhya\\ Pradesh(?![A-Za-z])""]",district,official_government,seasonal_cumulative,none,https://ndmindia.mha.gov.in/ndmi/viewUploadedDocument?uid=NEW321,50.4684,0.0152,3328.147125634416,S1,observed,matched,76128533B35167844027544,interim_s1_only,fs1-3016a20fd3ad,pending,,1932.9656,0.0261,50.4684,S1,,incomplete,llm_qa,complete,38,38,0,0,38,False,local_state_plus_targeted_bigquery,14,38,0.0782909167227938,728999.0,57074.0,671925.0,2011,census_2011_official;file=census_2011_district_urban_rural.xlsx;sha256=acb01ddb965be41cf22a20f0e641fdbcc1f4a16e6b7bc9cf91478ce289f853e8;catalog=https://censusindia.gov.in/nada/index.php/catalog/42557,matched,465,resolved,article_collection_incomplete;article_count_missing_or_invalid,False
E113::chhatarpur,E113,2020-0304-IND,Madhya Pradesh,Chhatarpur,2020-06-01,2020-08-16,start:month|end:day,external_recovery,"[""{\""canonical_district\"": \""Chhatarpur\"", \""circularity_risk\"": \""none\"", \""event_id\"": \""E113\"", \""evidence_note\"": \""Official MHA cumulative affected-district list.\"", \""evidence_scope\"": \""seasonal_or_cumulative\"", \""evidence_type\"": \""seasonal_cumulative\"", \""mapping_row\"": 728, \""merge_rule\"": \""dedupe on event_id + canonical(state,district); preserve original source name\"", \""origin\"": \""prior_research_pass\"", \""source_class\"": \""official_government\"", \""source_title\"": \""Government of India MHA/NERC Situation Report, 5 Aug 2020\"", \""source_url\"": \""https://ndmindia.mha.gov.in/ndmi/viewUploadedDocument?uid=NEW321\"", \""source_verification\"": \""supplied_not_independently_verified\"", \""state\"": \""Madhya Pradesh\"", \""year\"": \""2020\""}""]",admin_units|gadm|location,"[""admin_units:70079"", ""gadm:IND.19_1"", ""location:(?<![A-Za-z])Madhya\\ Pradesh(?![A-Za-z])""]",district,official_government,seasonal_cumulative,none,https://ndmindia.mha.gov.in/ndmi/viewUploadedDocument?uid=NEW321,193.0446,0.0221,8731.555849631459,S1,observed,matched,17718.0,interim_s1_only,fs1-3016a20fd3ad,pending,,7283.5736,0.0265,193.0446,S1,,incomplete,llm_qa,complete,38,38,0,0,38,False,local_state_plus_targeted_bigquery,14,38,0.2264081140506419,1762375.0,399016.0,1363359.0,2011,census_2011_official;file=census_2011_district_urban_rural.xlsx;sha256=acb01ddb965be41cf22a20f0e641fdbcc1f4a16e6b7bc9cf91478ce289f853e8;catalog=https://censusindia.gov.in/nada/index.php/catalog/42557,matched,425,resolved,article_collection_incomplete;article_count_missing_or_invalid,False
E113::chhindwara,E113,2020-0304-IND,Madhya Pradesh,Chhindwara,2020-06-01,2020-08-16,start:month|end:day,external_recovery,"[""{\""canonical_district\"": \""Chhindwara\"", \""circularity_risk\"": \""none\"", \""event_id\"": \""E113\"", \""evidence_note\"": \""Official MHA cumulative affected-district list.\"", \""evidence_scope\"": \""seasonal_or_cumulative\"", \""evidence_type\"": \""seasonal_cumulative\"", \""mapping_row\"": 729, \""merge_rule\"": \""dedupe on event_id + canonical(state,district); preserve original source name\"", \""origin\"": \""prior_research_pass\"", \""source_class\"": \""official_government\"", \""source_title\"": \""Government of India MHA/NERC Situation Report, 5 Aug 2020\"", \""source_url\"": \""https://ndmindia.mha.gov.in/ndmi/viewUploadedDocument?uid=NEW321\"", \""source_verification\"": \""supplied_not_independently_verified\"", \""state\"": \""Madhya Pradesh\"", \""year\"": \""2020\""}""]",admin_units|gadm|location,"[""admin_units:70079"", ""gadm:IND.19_1"", ""location:(?<![A-Za-z])Madhya\\ Pradesh(?![A-Za-z])""]",district,official_government,seasonal_cumulative,none,https://ndmindia.mha.gov.in/ndmi/viewUploadedDocument?uid=NEW321,55.1054,0.0047,11835.366817221411,S1,observed,matched,17719.0,interim_s1_only,fs1-3016a20fd3ad,pending,,7001.8726,0.0079,55.1054,S1,,incomplete,llm_qa,complete,38,38,0,0,38,False,local_state_plus_targeted_bigquery,14,38,0.2416077692042075,2090922.0,505183.0,1585739.0,2011,census_2011_official;file=census_2011_district_urban_rural.xlsx;sha256=acb01ddb965be41cf22a20f0e641fdbcc1f4a16e6b7bc9cf91478ce289f853e8;catalog=https://censusindia.gov.in/nada/index.php/catalog/42557,matched,455,resolved,article_collection_incomplete;article_count_missing_or_invalid,False
E113::damoh,E113,2020-0304-IND,Madhya Pradesh,Damoh,2020-06-01,2020-08-16,start:month|end:day,external_recovery,"[""{\""canonical_district\"": \""Damoh\"", \""circularity_risk\"": \""none\"", \""event_id\"": \""E113\"", \""evidence_note\"": \""Official MHA cumulative affected-district list.\"", \""evidence_scope\"": \""seasonal_or_cumulative\"", \""evidence_type\"": \""seasonal_cumulative\"", \""mapping_row\"": 730, \""merge_rule\"": \""dedupe on event_id + canonical(state,district); preserve original source name\"", \""origin\"": \""prior_research_pass\"", \""source_class\"": \""official_government\"", \""source_title\"": \""Government of India MHA/NERC Situation Report, 5 Aug 2020\"", \""source_url\"": \""https://ndmindia.mha.gov.in/ndmi/viewUploadedDocument?uid=NEW321\"", \""source_verification\"": \""supplied_not_independently_verified\"", \""state\"": \""Madhya Pradesh\"", \""year\"": \""2020\""}""]",admin_units|gadm|location,"[""admin_units:70079"", ""gadm:IND.19_1"", ""location:(?<![A-Za-z])Madhya\\ Pradesh(?![A-Za-z])""]",district,official_government,seasonal_cumulative,none,https://ndmindia.mha.gov.in/ndmi/viewUploadedDocument?uid=NEW321,209.3865,0.0284,7370.294062152793,S1,observed,matched,17720.0,interim_s1_only,fs1-3016a20fd3ad,pending,,6042.8053,0.0347,209.3865,S1,,incomplete,llm_qa,complete,38,39,0,0,39,False,local_state_plus_targeted_bigquery,14,39,0.1981863901744871,1264219.0,250551.0,1013668.0,2011,census_2011_official;file=census_2011_district_urban_rural.xlsx;sha256=acb01ddb965be41cf22a20f0e641fdbcc1f4a16e6b7bc9cf91478ce289f853e8;catalog=https://censusindia.gov.in/nada/index.php/catalog/42557,matched,428,resolved,article_collection_incomplete;article_count_missing_or_invalid,False
E113::dewas,E113,2020-0304-IND,Madhya Pradesh,Dewas,2020-06-01,2020-08-16,start:month|end:day,external_recovery,"[""{\""canonical_district\"": \""Dewas\"", \""circularity_risk\"": \""none\"", \""event_id\"": \""E113\"", \""evidence_note\"": \""Official MHA cumulative affected-district list.\"", \""evidence_scope\"": \""seasonal_or_cumulative\"", \""evidence_type\"": \""seasonal_cumulative\"", \""mapping_row\"": 731, \""merge_rule\"": \""dedupe on event_id + canonical(state,district); preserve original source name\"", \""origin\"": \""prior_research_pass\"", \""source_class\"": \""official_government\"", \""source_title\"": \""Government of India MHA/NERC Situation Report, 5 Aug 2020\"", \""source_url\"": \""https://ndmindia.mha.gov.in/ndmi/viewUploadedDocument?uid=NEW321\"", \""source_verification\"": \""supplied_not_independently_verified\"", \""state\"": \""Madhya Pradesh\"", \""year\"": \""2020\""}""]",admin_units|gadm|location,"[""admin_units:70079"", ""gadm:IND.19_1"", ""location:(?<![A-Za-z])Madhya\\ Pradesh(?![A-Za-z])""]",district,official_government,seasonal_cumulative,none,https://ndmindia.mha.gov.in/ndmi/viewUploadedDocument?uid=NEW321,4.0567,0.0006,6974.172329238148,S1,observed,matched,17722.0,interim_s1_only,fs1-3016a20fd3ad,pending,,5931.2577,0.0007,4.0567,S1,,incomplete,llm_qa,complete,38,38,0,0,38,False,local_state_plus_targeted_bigquery,14,38,0.2889011104964779,1563715.0,451759.0,1111956.0,2011,census_2011_official;file=census_2011_district_urban_rural.xlsx;sha256=acb01ddb965be41cf22a20f0e641fdbcc1f4a16e6b7bc9cf91478ce289f853e8;catalog=https://censusindia.gov.in/nada/index.php/catalog/42557,matched,437,resolved,article_collection_incomplete;article_count_missing_or_invalid,False
E113::dhar,E113,2020-0304-IND,Madhya Pradesh,Dhar,2020-06-01,2020-08-16,start:month|end:day,external_recovery,"[""{\""canonical_district\"": \""Dhar\"", \""circularity_risk\"": \""none\"", \""event_id\"": \""E113\"", \""evidence_note\"": \""Official MHA cumulative affected-district list.\"", \""evidence_scope\"": \""seasonal_or_cumulative\"", \""evidence_type\"": \""seasonal_cumulative\"", \""mapping_row\"": 732, \""merge_rule\"": \""dedupe on event_id + canonical(state,district); preserve original source name\"", \""origin\"": \""prior_research_pass\"", \""source_class\"": \""official_government\"", \""source_title\"": \""Government of India MHA/NERC Situation Report, 5 Aug 2020\"", \""source_url\"": \""https://ndmindia.mha.gov.in/ndmi/viewUploadedDocument?uid=NEW321\"", \""source_verification\"": \""supplied_not_independently_verified\"", \""state\"": \""Madhya Pradesh\"", \""year\"": \""2020\""}""]",admin_units|gadm|location,"[""admin_units:70079"", ""gadm:IND.19_1"", ""location:(?<![A-Za-z])Madhya\\ Pradesh(?![A-Za-z])""]",district,official_government,seasonal_cumulative,none,https://ndmindia.mha.gov.in/ndmi/viewUploadedDocument?uid=NEW321,44.6677,0.0055,8154.940181899847,S1,observed,matched,17723.0,interim_s1_only,fs1-3016a20fd3ad,pending,,6311.3987,0.0071,44.6677,S1,,incomplete,llm_qa,complete,38,38,0,0,38,False,local_state_plus_targeted_bigquery,14,38,0.189048551258056,2185793.0,413221.0,1772572.0,2011,census_2011_official;file=census_2011_district_urban_rural.xlsx;sha256=acb01ddb965be41cf22a20f0e641fdbcc1f4a16e6b7bc9cf91478ce289f853e8;catalog=https://censusindia.gov.in/nada/index.php/catalog/42557,matched,438,resolved,article_collection_incomplete;article_count_missing_or_invalid,False
E113::guna,E113,2020-0304-IND,Madhya Pradesh,Guna,2020-06-01,2020-08-16,start:month|end:day,external_recovery,"[""{\""canonical_district\"": \""Guna\"", \""circularity_risk\"": \""none\"", \""event_id\"": \""E113\"", \""evidence_note\"": \""Official MHA cumulative affected-district list.\"", \""evidence_scope\"": \""seasonal_or_cumulative\"", \""evidence_type\"": \""seasonal_cumulative\"", \""mapping_row\"": 734, \""merge_rule\"": \""dedupe on event_id + canonical(state,district); preserve original source name\"", \""origin\"": \""prior_research_pass\"", \""source_class\"": \""official_government\"", \""source_title\"": \""Government of India MHA/NERC Situation Report, 5 Aug 2020\"", \""source_url\"": \""https://ndmindia.mha.gov.in/ndmi/viewUploadedDocument?uid=NEW321\"", \""source_verification\"": \""supplied_not_independently_verified\"", \""state\"": \""Madhya Pradesh\"", \""year\"": \""2020\""}""]",admin_units|gadm|location,"[""admin_units:70079"", ""gadm:IND.19_1"", ""location:(?<![A-Za-z])Madhya\\ Pradesh(?![A-Za-z])""]",district,official_government,seasonal_cumulative,none,https://ndmindia.mha.gov.in/ndmi/viewUploadedDocument?uid=NEW321,96.1364,0.0152,6310.701784637522,S1,observed,matched,17726.0,interim_s1_only,fs1-3016a20fd3ad,pending,,5645.4584,0.017,96.1364,S1,,incomplete,llm_qa,complete,38,38,0,0,38,False,local_state_plus_targeted_bigquery,14,38,0.2518487433539076,1241519.0,312675.0,928844.0,2011,census_2011_official;file=census_2011_district_urban_rural.xlsx;sha256=acb01ddb965be41cf22a20f0e641fdbcc1f4a16e6b7bc9cf91478ce289f853e8;catalog=https://censusindia.gov.in/nada/index.php/catalog/42557,matched,458,resolved,article_collection_incomplete;article_count_missing_or_invalid,False
E113::katni,E113,2020-0304-IND,Madhya Pradesh,Katni,2020-06-01,2020-08-16,start:month|end:day,external_recovery,"[""{\""canonical_district\"": \""Katni\"", \""circularity_risk\"": \""none\"", \""event_id\"": \""E113\"", \""evidence_note\"": \""Official MHA cumulative affected-district list.\"", \""evidence_scope\"": \""seasonal_or_cumulative\"", \""evidence_type\"": \""seasonal_cumulative\"", \""mapping_row\"": 736, \""merge_rule\"": \""dedupe on event_id + canonical(state,district); preserve original source name\"", \""origin\"": \""prior_research_pass\"", \""source_class\"": \""official_government\"", \""source_title\"": \""Government of India MHA/NERC Situation Report, 5 Aug 2020\"", \""source_url\"": \""https://ndmindia.mha.gov.in/ndmi/viewUploadedDocument?uid=NEW321\"", \""source_verification\"": \""supplied_not_independently_verified\"", \""state\"": \""Madhya Pradesh\"", \""year\"": \""2020\""}""]",admin_units|gadm|location,"[""admin_units:70079"", ""gadm:IND.19_1"", ""location:(?<![A-Za-z])Madhya\\ Pradesh(?![A-Za-z])""]",district,official_government,seasonal_cumulative,none,https://ndmindia.mha.gov.in/ndmi/viewUploadedDocument?uid=NEW321,47.5267,0.0077,6177.827815693768,S1,observed,matched,70174.0,interim_s1_only,fs1-3016a20fd3ad,pending,,4464.83,0.0106,47.5267,S1,,incomplete,llm_qa,complete,38,38,0,0,38,False,local_state_plus_targeted_bigquery,14,38,0.2039740194204213,1292042.0,263543.0,1028499.0,2011,census_2011_official;file=census_2011_district_urban_rural.xlsx;sha256=acb01ddb965be41cf22a20f0e641fdbcc1f4a16e6b7bc9cf91478ce289f853e8;catalog=https://censusindia.gov.in/nada/index.php/catalog/42557,matched,450,resolved,article_collection_incomplete;article_count_missing_or_invalid,False
E113::khargone,E113,2020-0304-IND,Madhya Pradesh,Khargone,2020-06-01,2020-08-16,start:month|end:day,external_recovery,"[""{\""canonical_district\"": \""Khargone\"", \""circularity_risk\"": \""none\"", \""event_id\"": \""E113\"", \""evidence_note\"": \""Official MHA cumulative affected-district list.\"", \""evidence_scope\"": \""seasonal_or_cumulative\"", \""evidence_type\"": \""seasonal_cumulative\"", \""mapping_row\"": 738, \""merge_rule\"": \""dedupe on event_id + canonical(state,district); preserve original source name\"", \""origin\"": \""prior_research_pass\"", \""source_class\"": \""official_government\"", \""source_title\"": \""Government of India MHA/NERC Situation Report, 5 Aug 2020\"", \""source_url\"": \""https://ndmindia.mha.gov.in/ndmi/viewUploadedDocument?uid=NEW321\"", \""source_verification\"": \""supplied_not_independently_verified\"", \""state\"": \""Madhya Pradesh\"", \""year\"": \""2020\""}""]",admin_units|gadm|location,"[""admin_units:70079"", ""gadm:IND.19_1"", ""location:(?<![A-Za-z])Madhya\\ Pradesh(?![A-Za-z])""]",district,official_government,seasonal_cumulative,none,https://ndmindia.mha.gov.in/ndmi/viewUploadedDocument?uid=NEW321,36.9212,0.0046,8025.990695313751,S1,observed,matched,76128533B69481535535995,interim_s1_only,fs1-3016a20fd3ad,pending,,6120.2315,0.006,36.9212,S1,,incomplete,llm_qa,complete,38,39,0,0,39,False,local_state_plus_targeted_bigquery,14,39,0.1595561454443724,1873046.0,298856.0,1574190.0,2011,census_2011_official;file=census_2011_district_urban_rural.xlsx;sha256=acb01ddb965be41cf22a20f0e641fdbcc1f4a16e6b7bc9cf91478ce289f853e8;catalog=https://censusindia.gov.in/nada/index.php/catalog/42557;crosswalk=district_name_crosswalk.csv;sha256=c8dc691ab763e799cc1aafb29e9c17ab287710bd63447ad37281418d902c30e9,matched_crosswalk,440,resolved,article_collection_incomplete;article_count_missing_or_invalid,False
E113::mandla,E113,2020-0304-IND,Madhya Pradesh,Mandla,2020-06-01,2020-08-16,start:month|end:day,external_recovery,"[""{\""canonical_district\"": \""Mandla\"", \""circularity_risk\"": \""none\"", \""event_id\"": \""E113\"", \""evidence_note\"": \""Official MHA cumulative affected-district list.\"", \""evidence_scope\"": \""seasonal_or_cumulative\"", \""evidence_type\"": \""seasonal_cumulative\"", \""mapping_row\"": 739, \""merge_rule\"": \""dedupe on event_id + canonical(state,district); preserve original source name\"", \""origin\"": \""prior_research_pass\"", \""source_class\"": \""official_government\"", \""source_title\"": \""Government of India MHA/NERC Situation Report, 5 Aug 2020\"", \""source_url\"": \""https://ndmindia.mha.gov.in/ndmi/viewUploadedDocument?uid=NEW321\"", \""source_verification\"": \""supplied_not_independently_verified\"", \""state\"": \""Madhya Pradesh\"", \""year\"": \""2020\""}""]",admin_units|gadm|location,"[""admin_units:70079"", ""gadm:IND.19_1"", ""location:(?<![A-Za-z])Madhya\\ Pradesh(?![A-Za-z])""]",district,official_government,seasonal_cumulative,none,https://ndmindia.mha.gov.in/ndmi/viewUploadedDocument?uid=NEW321,28.3448,0.0042,6789.128068652252,S1,observed,matched,17732.0,interim_s1_only,fs1-3016a20fd3ad,pending,,3999.0185,0.0071,28.3448,S1,,incomplete,llm_qa,complete,38,38,0,0,38,False,local_state_plus_targeted_bigquery,14,38,0.1234130087543428,1054905.0,130189.0,924716.0,2011,census_2011_official;file=census_2011_district_urban_rural.xlsx;sha256=acb01ddb965be41cf22a20f0e641fdbcc1f4a16e6b7bc9cf91478ce289f853e8;catalog=https://censusindia.gov.in/nada/index.php/catalog/42557,matched,454,resolved,article_collection_incomplete;article_count_missing_or_invalid,False
E113::narmadapuram,E113,2020-0304-IND,Madhya Pradesh,Narmadapuram,2020-06-01,2020-08-16,start:month|end:day,external_recovery,"[""{\""canonical_district\"": \""Narmadapuram\"", \""circularity_risk\"": \""none\"", \""event_id\"": \""E113\"", \""evidence_note\"": \""Official MHA cumulative affected-district list.\"", \""evidence_scope\"": \""seasonal_or_cumulative\"", \""evidence_type\"": \""seasonal_cumulative\"", \""mapping_row\"": 742, \""merge_rule\"": \""dedupe on event_id + canonical(state,district); preserve original source name\"", \""origin\"": \""prior_research_pass\"", \""source_class\"": \""official_government\"", \""source_title\"": \""Government of India MHA/NERC Situation Report, 5 Aug 2020\"", \""source_url\"": \""https://ndmindia.mha.gov.in/ndmi/viewUploadedDocument?uid=NEW321\"", \""source_verification\"": \""supplied_not_independently_verified\"", \""state\"": \""Madhya Pradesh\"", \""year\"": \""2020\""}""]",admin_units|gadm|location,"[""admin_units:70079"", ""gadm:IND.19_1"", ""location:(?<![A-Za-z])Madhya\\ Pradesh(?![A-Za-z])""]",district,official_government,seasonal_cumulative,none,https://ndmindia.mha.gov.in/ndmi/viewUploadedDocument?uid=NEW321,26.0419,0.0039,6700.110425846931,S1,observed,matched,76128533B45314020251888,interim_s1_only,fs1-3016a20fd3ad,pending,,5105.9417,0.0051,26.0419,S1,,incomplete,llm_qa,complete,38,38,0,0,38,False,local_state_plus_targeted_bigquery,14,38,0.314162806621823,1241350.0,389986.0,851364.0,2011,census_2011_recovery;method=census_name_link;url=https://narmadapuram.nic.in/en/history/;table=district demography;notes=Explicit district name equivalence; population retained from official 2011 PCA. Not an event-year population estimate.;population_source=census_2011_official;file=census_2011_district_urban_rural.xlsx;sha256=acb01ddb965be41cf22a20f0e641fdbcc1f4a16e6b7bc9cf91478ce289f853e8;catalog=https://censusindia.gov.in/nada/index.php/catalog/42557;file=district_census_recovery.json;sha256=d452a6f74338bb2f237f3d014518ab361f6b2d7436bac837b8a1cb97d050bac0,matched_crosswalk,449,resolved,article_collection_incomplete;article_count_missing_or_invalid,False
E113::neemuch,E113,2020-0304-IND,Madhya Pradesh,Neemuch,2020-06-01,2020-08-16,start:month|end:day,external_recovery,"[""{\""canonical_district\"": \""Neemuch\"", \""circularity_risk\"": \""none\"", \""event_id\"": \""E113\"", \""evidence_note\"": \""Official MHA cumulative affected-district list.\"", \""evidence_scope\"": \""seasonal_or_cumulative\"", \""evidence_type\"": \""seasonal_cumulative\"", \""mapping_row\"": 744, \""merge_rule\"": \""dedupe on event_id + canonical(state,district); preserve original source name\"", \""origin\"": \""prior_research_pass\"", \""source_class\"": \""official_government\"", \""source_title\"": \""Government of India MHA/NERC Situation Report, 5 Aug 2020\"", \""source_url\"": \""https://ndmindia.mha.gov.in/ndmi/viewUploadedDocument?uid=NEW321\"", \""source_verification\"": \""supplied_not_independently_verified\"", \""state\"": \""Madhya Pradesh\"", \""year\"": \""2020\""}""]",admin_units|gadm|location,"[""admin_units:70079"", ""gadm:IND.19_1"", ""location:(?<![A-Za-z])Madhya\\ Pradesh(?![A-Za-z])""]",district,official_government,seasonal_cumulative,none,https://ndmindia.mha.gov.in/ndmi/viewUploadedDocument?uid=NEW321,294.0717,0.0706,4163.266735725532,S1,observed,matched,70175.0,interim_s1_only,fs1-3016a20fd3ad,pending,,3641.5885,0.0808,294.0717,S1,,incomplete,llm_qa,complete,38,38,0,0,38,False,local_state_plus_targeted_bigquery,14,38,0.2968645400433621,826067.0,245230.0,580837.0,2011,census_2011_official;file=census_2011_district_urban_rural.xlsx;sha256=acb01ddb965be41cf22a20f0e641fdbcc1f4a16e6b7bc9cf91478ce289f853e8;catalog=https://censusindia.gov.in/nada/index.php/catalog/42557,matched,432,resolved,article_collection_incomplete;article_count_missing_or_invalid,False
E113::rajgarh,E113,2020-0304-IND,Madhya Pradesh,Rajgarh,2020-06-01,2020-08-16,start:month|end:day,external_recovery,"[""{\""canonical_district\"": \""Rajgarh\"", \""circularity_risk\"": \""none\"", \""event_id\"": \""E113\"", \""evidence_note\"": \""Official MHA cumulative affected-district list.\"", \""evidence_scope\"": \""seasonal_or_cumulative\"", \""evidence_type\"": \""seasonal_cumulative\"", \""mapping_row\"": 747, \""merge_rule\"": \""dedupe on event_id + canonical(state,district); preserve original source name\"", \""origin\"": \""prior_research_pass\"", \""source_class\"": \""official_government\"", \""source_title\"": \""Government of India MHA/NERC Situation Report, 5 Aug 2020\"", \""source_url\"": \""https://ndmindia.mha.gov.in/ndmi/viewUploadedDocument?uid=NEW321\"", \""source_verification\"": \""supplied_not_independently_verified\"", \""state\"": \""Madhya Pradesh\"", \""year\"": \""2020\""}""]",admin_units|gadm|location,"[""admin_units:70079"", ""gadm:IND.19_1"", ""location:(?<![A-Za-z])Madhya\\ Pradesh(?![A-Za-z])""]",district,official_government,seasonal_cumulative,none,https://ndmindia.mha.gov.in/ndmi/viewUploadedDocument?uid=NEW321,9.9259,0.0016,6134.20538789803,S1,observed,matched,17741.0,interim_s1_only,fs1-3016a20fd3ad,pending,,5656.9664,0.0018,9.9259,S1,,incomplete,llm_qa,complete,38,38,0,0,38,False,local_state_plus_targeted_bigquery,14,38,0.1788423445511555,1545814.0,276457.0,1269357.0,2011,census_2011_official;file=census_2011_district_urban_rural.xlsx;sha256=acb01ddb965be41cf22a20f0e641fdbcc1f4a16e6b7bc9cf91478ce289f853e8;catalog=https://censusindia.gov.in/nada/index.php/catalog/42557,matched,442,resolved,article_collection_incomplete;article_count_missing_or_invalid,False
E113::seoni,E113,2020-0304-IND,Madhya Pradesh,Seoni,2020-06-01,2020-08-16,start:month|end:day,external_recovery,"[""{\""canonical_district\"": \""Seoni\"", \""circularity_risk\"": \""none\"", \""event_id\"": \""E113\"", \""evidence_note\"": \""Official MHA cumulative affected-district list.\"", \""evidence_scope\"": \""seasonal_or_cumulative\"", \""evidence_type\"": \""seasonal_cumulative\"", \""mapping_row\"": 751, \""merge_rule\"": \""dedupe on event_id + canonical(state,district); preserve original source name\"", \""origin\"": \""prior_research_pass\"", \""source_class\"": \""official_government\"", \""source_title\"": \""Government of India MHA/NERC Situation Report, 5 Aug 2020\"", \""source_url\"": \""https://ndmindia.mha.gov.in/ndmi/viewUploadedDocument?uid=NEW321\"", \""source_verification\"": \""supplied_not_independently_verified\"", \""state\"": \""Madhya Pradesh\"", \""year\"": \""2020\""}""]",admin_units|gadm|location,"[""admin_units:70079"", ""gadm:IND.19_1"", ""location:(?<![A-Za-z])Madhya\\ Pradesh(?![A-Za-z])""]",district,official_government,seasonal_cumulative,none,https://ndmindia.mha.gov.in/ndmi/viewUploadedDocument?uid=NEW321,32.3419,0.0037,8779.066238181113,S1,observed,matched,17747.0,interim_s1_only,fs1-3016a20fd3ad,pending,,6554.5933,0.0049,32.3419,S1,,incomplete,llm_qa,complete,38,38,0,0,38,False,local_state_plus_targeted_bigquery,14,38,0.1188357016121021,1379131.0,163890.0,1215241.0,2011,census_2011_official;file=census_2011_district_urban_rural.xlsx;sha256=acb01ddb965be41cf22a20f0e641fdbcc1f4a16e6b7bc9cf91478ce289f853e8;catalog=https://censusindia.gov.in/nada/index.php/catalog/42557,matched,456,resolved,article_collection_incomplete;article_count_missing_or_invalid,False
E113::sheopur,E113,2020-0304-IND,Madhya Pradesh,Sheopur,2020-06-01,2020-08-16,start:month|end:day,external_recovery,"[""{\""canonical_district\"": \""Sheopur\"", \""circularity_risk\"": \""none\"", \""event_id\"": \""E113\"", \""evidence_note\"": \""Official MHA cumulative affected-district list.\"", \""evidence_scope\"": \""seasonal_or_cumulative\"", \""evidence_type\"": \""seasonal_cumulative\"", \""mapping_row\"": 753, \""merge_rule\"": \""dedupe on event_id + canonical(state,district); preserve original source name\"", \""origin\"": \""prior_research_pass\"", \""source_class\"": \""official_government\"", \""source_title\"": \""Government of India MHA/NERC Situation Report, 5 Aug 2020\"", \""source_url\"": \""https://ndmindia.mha.gov.in/ndmi/viewUploadedDocument?uid=NEW321\"", \""source_verification\"": \""supplied_not_independently_verified\"", \""state\"": \""Madhya Pradesh\"", \""year\"": \""2020\""}""]",admin_units|gadm|location,"[""admin_units:70079"", ""gadm:IND.19_1"", ""location:(?<![A-Za-z])Madhya\\ Pradesh(?![A-Za-z])""]",district,official_government,seasonal_cumulative,none,https://ndmindia.mha.gov.in/ndmi/viewUploadedDocument?uid=NEW321,908.6724,0.139,6537.313947628205,S1,observed,matched,70176.0,interim_s1_only,fs1-3016a20fd3ad,pending,,5587.0465,0.1626,908.6724,S1,,incomplete,llm_qa,complete,38,38,0,0,38,False,local_state_plus_targeted_bigquery,14,38,0.1560664145808528,687861.0,107352.0,580509.0,2011,census_2011_official;file=census_2011_district_urban_rural.xlsx;sha256=acb01ddb965be41cf22a20f0e641fdbcc1f4a16e6b7bc9cf91478ce289f853e8;catalog=https://censusindia.gov.in/nada/index.php/catalog/42557,matched,418,resolved,article_collection_incomplete;article_count_missing_or_invalid,False
E113::sidhi,E113,2020-0304-IND,Madhya Pradesh,Sidhi,2020-06-01,2020-08-16,start:month|end:day,external_recovery,"[""{\""canonical_district\"": \""Sidhi\"", \""circularity_risk\"": \""none\"", \""event_id\"": \""E113\"", \""evidence_note\"": \""Official MHA cumulative affected-district list.\"", \""evidence_scope\"": \""seasonal_or_cumulative\"", \""evidence_type\"": \""seasonal_cumulative\"", \""mapping_row\"": 755, \""merge_rule\"": \""dedupe on event_id + canonical(state,district); preserve original source name\"", \""origin\"": \""prior_research_pass\"", \""source_class\"": \""official_government\"", \""source_title\"": \""Government of India MHA/NERC Situation Report, 5 Aug 2020\"", \""source_url\"": \""https://ndmindia.mha.gov.in/ndmi/viewUploadedDocument?uid=NEW321\"", \""source_verification\"": \""supplied_not_independently_verified\"", \""state\"": \""Madhya Pradesh\"", \""year\"": \""2020\""}""]",admin_units|gadm|location,"[""admin_units:70079"", ""gadm:IND.19_1"", ""location:(?<![A-Za-z])Madhya\\ Pradesh(?![A-Za-z])""]",district,official_government,seasonal_cumulative,none,https://ndmindia.mha.gov.in/ndmi/viewUploadedDocument?uid=NEW321,74.7748,0.0071,10590.123062249128,S1,observed,matched,17751.0,interim_s1_only,fs1-3016a20fd3ad,pending,,6572.1913,0.0114,74.7748,S1,,incomplete,llm_qa,complete,38,38,0,0,38,False,local_state_plus_targeted_bigquery,14,38,0.0826249098296145,1127033.0,93121.0,1033912.0,2011,census_2011_official;file=census_2011_district_urban_rural.xlsx;sha256=acb01ddb965be41cf22a20f0e641fdbcc1f4a16e6b7bc9cf91478ce289f853e8;catalog=https://censusindia.gov.in/nada/index.php/catalog/42557,matched,462,resolved,article_collection_incomplete;article_count_missing_or_invalid,False
E113::singrauli,E113,2020-0304-IND,Madhya Pradesh,Singrauli,2020-06-01,2020-08-16,start:month|end:day,external_recovery,"[""{\""canonical_district\"": \""Singrauli\"", \""circularity_risk\"": \""none\"", \""event_id\"": \""E113\"", \""evidence_note\"": \""Official MHA cumulative affected-district list.\"", \""evidence_scope\"": \""seasonal_or_cumulative\"", \""evidence_type\"": \""seasonal_cumulative\"", \""mapping_row\"": 756, \""merge_rule\"": \""dedupe on event_id + canonical(state,district); preserve original source name\"", \""origin\"": \""prior_research_pass\"", \""source_class\"": \""official_government\"", \""source_title\"": \""Government of India MHA/NERC Situation Report, 5 Aug 2020\"", \""source_url\"": \""https://ndmindia.mha.gov.in/ndmi/viewUploadedDocument?uid=NEW321\"", \""source_verification\"": \""supplied_not_independently_verified\"", \""state\"": \""Madhya Pradesh\"", \""year\"": \""2020\""}""]",admin_units|gadm|location,"[""admin_units:70079"", ""gadm:IND.19_1"", ""location:(?<![A-Za-z])Madhya\\ Pradesh(?![A-Za-z])""]",district,official_government,seasonal_cumulative,none,https://ndmindia.mha.gov.in/ndmi/viewUploadedDocument?uid=NEW321,54.5056,0.0091,5989.58196704583,S1,observed,matched,76128533B50014751336341,interim_s1_only,fs1-3016a20fd3ad,pending,,3531.7681,0.0154,54.5056,S1,,incomplete,llm_qa,complete,38,38,0,0,38,False,local_state_plus_targeted_bigquery,14,38,0.1924732214011523,1178273.0,226786.0,951487.0,2011,census_2011_official;file=census_2011_district_urban_rural.xlsx;sha256=acb01ddb965be41cf22a20f0e641fdbcc1f4a16e6b7bc9cf91478ce289f853e8;catalog=https://censusindia.gov.in/nada/index.php/catalog/42557,matched,463,resolved,article_collection_incomplete;article_count_missing_or_invalid,False
E113::vidisha,E113,2020-0304-IND,Madhya Pradesh,Vidisha,2020-06-01,2020-08-16,start:month|end:day,external_recovery,"[""{\""canonical_district\"": \""Vidisha\"", \""circularity_risk\"": \""none\"", \""event_id\"": \""E113\"", \""evidence_note\"": \""Official MHA cumulative affected-district list.\"", \""evidence_scope\"": \""seasonal_or_cumulative\"", \""evidence_type\"": \""seasonal_cumulative\"", \""mapping_row\"": 759, \""merge_rule\"": \""dedupe on event_id + canonical(state,district); preserve original source name\"", \""origin\"": \""prior_research_pass\"", \""source_class\"": \""official_government\"", \""source_title\"": \""Government of India MHA/NERC Situation Report, 5 Aug 2020\"", \""source_url\"": \""https://ndmindia.mha.gov.in/ndmi/viewUploadedDocument?uid=NEW321\"", \""source_verification\"": \""supplied_not_independently_verified\"", \""state\"": \""Madhya Pradesh\"", \""year\"": \""2020\""}""]",admin_units|gadm|location,"[""admin_units:70079"", ""gadm:IND.19_1"", ""location:(?<![A-Za-z])Madhya\\ Pradesh(?![A-Za-z])""]",district,official_government,seasonal_cumulative,none,https://ndmindia.mha.gov.in/ndmi/viewUploadedDocument?uid=NEW321,0.3765,0.0001,7319.58909257645,S1,observed,matched,17755.0,interim_s1_only,fs1-3016a20fd3ad,pending,,6736.6328,0.0001,0.3765,S1,,incomplete,llm_qa,complete,38,38,0,0,38,False,local_state_plus_targeted_bigquery,14,38,0.2327944477765401,1458875.0,339618.0,1119257.0,2011,census_2011_official;file=census_2011_district_urban_rural.xlsx;sha256=acb01ddb965be41cf22a20f0e641fdbcc1f4a16e6b7bc9cf91478ce289f853e8;catalog=https://censusindia.gov.in/nada/index.php/catalog/42557,matched,443,resolved,article_collection_incomplete;article_count_missing_or_invalid,False
E115::malkangiri,E115,2020-0304-IND,Odisha,Malkangiri,2020-06-01,2020-08-16,start:month|end:day,external_recovery,"[""{\""canonical_district\"": \""Malkangiri\"", \""circularity_risk\"": \""none\"", \""end_date\"": \""2020-08-16\"", \""event_id\"": \""E115\"", \""evidence_note\"": \""District directly associated with same-season flood/heavy-rain response during event.\"", \""evidence_scope\"": \""within_long_event_window\"", \""evidence_type\"": \""direct_disaster_impact\"", \""mapping_row\"": 762, \""merge_rule\"": \""dedupe on event_id + canonical(state,district); retain all source provenance\"", \""origin\"": \""exhaustive_followup\"", \""source_class\"": \""official_government\"", \""source_record_id\"": \""2020-0304-IND\"", \""source_title\"": \""MHA/NERC Odisha monsoon flood reporting, 2020\"", \""source_url\"": \""https://ndmindia.mha.gov.in/ndmi/viewUploadedDocument?uid=NEW325\"", \""source_verification\"": \""supplied_not_independently_verified\"", \""start_date\"": \""2020-06-01\"", \""state\"": \""Odisha\"", \""year\"": \""2020\""}""]",admin_units|gadm|location,"[""admin_units:1504"", ""gadm:IND.26_1"", ""location:(?<![A-Za-z])Odisha(?![A-Za-z])""]",district,official_government,direct_disaster_impact,none,https://ndmindia.mha.gov.in/ndmi/viewUploadedDocument?uid=NEW325,70.6345,0.0121,5849.646224352819,S1,observed,matched,70220.0,interim_s1_only,fs1-3016a20fd3ad,pending,,3064.5633,0.023,70.6345,S1,,incomplete,llm_qa,complete,61,62,0,0,62,False,local_state_plus_targeted_bigquery,14,62,0.0807707863116283,613192.0,49528.0,563664.0,2011,census_2011_official;file=census_2011_district_urban_rural.xlsx;sha256=acb01ddb965be41cf22a20f0e641fdbcc1f4a16e6b7bc9cf91478ce289f853e8;catalog=https://censusindia.gov.in/nada/index.php/catalog/42557,matched,399,resolved,article_collection_incomplete;article_count_missing_or_invalid,False
E115::nabarangpur,E115,2020-0304-IND,Odisha,Nabarangpur,2020-06-01,2020-08-16,start:month|end:day,external_recovery,"[""{\""canonical_district\"": \""Nabarangpur\"", \""circularity_risk\"": \""none\"", \""end_date\"": \""2020-08-16\"", \""event_id\"": \""E115\"", \""evidence_note\"": \""District directly associated with same-season flood/heavy-rain response during event.\"", \""evidence_scope\"": \""within_long_event_window\"", \""evidence_type\"": \""direct_disaster_impact\"", \""mapping_row\"": 763, \""merge_rule\"": \""dedupe on event_id + canonical(state,district); retain all source provenance\"", \""origin\"": \""exhaustive_followup\"", \""source_class\"": \""official_government\"", \""source_record_id\"": \""2020-0304-IND\"", \""source_title\"": \""MHA/NERC Odisha monsoon flood reporting, 2020\"", \""source_url\"": \""https://ndmindia.mha.gov.in/ndmi/viewUploadedDocument?uid=NEW325\"", \""source_verification\"": \""supplied_not_independently_verified\"", \""start_date\"": \""2020-06-01\"", \""state\"": \""Odisha\"", \""year\"": \""2020\""}""]",admin_units|gadm|location,"[""admin_units:1504"", ""gadm:IND.26_1"", ""location:(?<![A-Za-z])Odisha(?![A-Za-z])""]",district,official_government,direct_disaster_impact,none,https://ndmindia.mha.gov.in/ndmi/viewUploadedDocument?uid=NEW325,27.9449,0.0052,5324.008778426437,S1,observed,matched,70221.0,interim_s1_only,fs1-3016a20fd3ad,pending,,4212.4411,0.0066,27.9449,S1,,incomplete,llm_qa,complete,61,61,0,0,61,False,local_state_plus_targeted_bigquery,14,61,0.0717681207850306,1220946.0,87625.0,1133321.0,2011,census_2011_official;file=census_2011_district_urban_rural.xlsx;sha256=acb01ddb965be41cf22a20f0e641fdbcc1f4a16e6b7bc9cf91478ce289f853e8;catalog=https://censusindia.gov.in/nada/index.php/catalog/42557;crosswalk=district_name_crosswalk.csv;sha256=c8dc691ab763e799cc1aafb29e9c17ab287710bd63447ad37281418d902c30e9,matched_crosswalk,397,resolved,article_collection_incomplete;article_count_missing_or_invalid,False
E116::ambedkar%20nagar,E116,2020-0304-IND,Uttar Pradesh,Ambedkar Nagar,2020-06-01,2020-08-16,start:month|end:day,external_recovery,"[""{\""canonical_district\"": \""Ambedkar Nagar\"", \""circularity_risk\"": \""none\"", \""event_id\"": \""E116\"", \""evidence_note\"": \""Official MHA flood-affected district list; cumulative within the event/season.\"", \""evidence_scope\"": \""seasonal_or_cumulative\"", \""evidence_type\"": \""seasonal_cumulative\"", \""mapping_row\"": 764, \""merge_rule\"": \""dedupe on event_id + canonical(state,district); preserve original source name\"", \""origin\"": \""prior_research_pass\"", \""source_class\"": \""official_government\"", \""source_title\"": \""Government of India MHA/NERC Situation Report, 5 Aug 2020\"", \""source_url\"": \""https://ndmindia.mha.gov.in/ndmi/viewUploadedDocument?uid=NEW321\"", \""source_verification\"": \""supplied_not_independently_verified\"", \""state\"": \""Uttar Pradesh\"", \""year\"": \""2020\""}""]",admin_units|gadm|location,"[""admin_units:70081"", ""gadm:IND.34_1"", ""location:(?<![A-Za-z])Uttar\\ Pradesh(?![A-Za-z])""]",district,official_government,seasonal_cumulative,none,https://ndmindia.mha.gov.in/ndmi/viewUploadedDocument?uid=NEW321,426.9816,0.1833,2328.994244483866,S1,observed,matched,70257.0,interim_s1_only,fs1-3016a20fd3ad,pending,,2207.7781,0.1934,426.9816,S1,,incomplete,llm_qa,complete,68,68,0,0,68,False,local_state_plus_targeted_bigquery,14,68,0.1170738583286625,2397888.0,280730.0,2117158.0,2011,census_2011_official;file=census_2011_district_urban_rural.xlsx;sha256=acb01ddb965be41cf22a20f0e641fdbcc1f4a16e6b7bc9cf91478ce289f853e8;catalog=https://censusindia.gov.in/nada/index.php/catalog/42557,matched,178,resolved,article_collection_incomplete;article_count_missing_or_invalid,False
E116::ayodhya,E116,2020-0304-IND,Uttar Pradesh,Ayodhya,2020-06-01,2020-08-16,start:month|end:day,external_recovery,"[""{\""canonical_district\"": \""Ayodhya\"", \""circularity_risk\"": \""none\"", \""event_id\"": \""E116\"", \""evidence_note\"": \""Official MHA flood-affected district list; cumulative within the event/season.\"", \""evidence_scope\"": \""seasonal_or_cumulative\"", \""evidence_type\"": \""seasonal_cumulative\"", \""mapping_row\"": 765, \""merge_rule\"": \""dedupe on event_id + canonical(state,district); preserve original source name\"", \""origin\"": \""prior_research_pass\"", \""source_class\"": \""official_government\"", \""source_title\"": \""Government of India MHA/NERC Situation Report, 5 Aug 2020\"", \""source_url\"": \""https://ndmindia.mha.gov.in/ndmi/viewUploadedDocument?uid=NEW321\"", \""source_verification\"": \""supplied_not_independently_verified\"", \""state\"": \""Uttar Pradesh\"", \""year\"": \""2020\""}""]",admin_units|gadm|location,"[""admin_units:70081"", ""gadm:IND.34_1"", ""location:(?<![A-Za-z])Uttar\\ Pradesh(?![A-Za-z])""]",district,official_government,seasonal_cumulative,none,https://ndmindia.mha.gov.in/ndmi/viewUploadedDocument?uid=NEW321,55.6208,0.0208,2675.800154387558,S1,observed,matched,76128533B60320291189162,interim_s1_only,fs1-3016a20fd3ad,pending,,2541.1827,0.0219,55.6208,S1,,incomplete,llm_qa,complete,68,68,0,0,68,False,local_state_plus_targeted_bigquery,14,68,0.137698725534157,2470996.0,340253.0,2130743.0,2011,census_2011_recovery;method=census_name_link;url=https://ayodhya.nic.in/hi/;table=district demography;notes=Explicit district name equivalence; population retained from official 2011 PCA. Not an event-year population estimate.;population_source=census_2011_official;file=census_2011_district_urban_rural.xlsx;sha256=acb01ddb965be41cf22a20f0e641fdbcc1f4a16e6b7bc9cf91478ce289f853e8;catalog=https://censusindia.gov.in/nada/index.php/catalog/42557;file=district_census_recovery.json;sha256=d452a6f74338bb2f237f3d014518ab361f6b2d7436bac837b8a1cb97d050bac0,matched_crosswalk,177,resolved,article_collection_incomplete;article_count_missing_or_invalid,False
E116::azamgarh,E116,2020-0304-IND,Uttar Pradesh,Azamgarh,2020-06-01,2020-08-16,start:month|end:day,external_recovery,"[""{\""canonical_district\"": \""Azamgarh\"", \""circularity_risk\"": \""none\"", \""event_id\"": \""E116\"", \""evidence_note\"": \""Official MHA flood-affected district list; cumulative within the event/season.\"", \""evidence_scope\"": \""seasonal_or_cumulative\"", \""evidence_type\"": \""seasonal_cumulative\"", \""mapping_row\"": 766, \""merge_rule\"": \""dedupe on event_id + canonical(state,district); preserve original source name\"", \""origin\"": \""prior_research_pass\"", \""source_class\"": \""official_government\"", \""source_title\"": \""Government of India MHA/NERC Situation Report, 5 Aug 2020\"", \""source_url\"": \""https://ndmindia.mha.gov.in/ndmi/viewUploadedDocument?uid=NEW321\"", \""source_verification\"": \""supplied_not_independently_verified\"", \""state\"": \""Uttar Pradesh\"", \""year\"": \""2020\""}""]",admin_units|gadm|location,"[""admin_units:70081"", ""gadm:IND.34_1"", ""location:(?<![A-Za-z])Uttar\\ Pradesh(?![A-Za-z])""]",district,official_government,seasonal_cumulative,none,https://ndmindia.mha.gov.in/ndmi/viewUploadedDocument?uid=NEW321,950.7817,0.2435,3904.0182560646062,S1,observed,matched,17892.0,interim_s1_only,fs1-3016a20fd3ad,pending,,3838.1089,0.2477,950.7817,S1,,incomplete,llm_qa,complete,68,68,0,0,68,False,local_state_plus_targeted_bigquery,14,68,0.0852640697819833,4613913.0,393401.0,4220512.0,2011,census_2011_official;file=census_2011_district_urban_rural.xlsx;sha256=acb01ddb965be41cf22a20f0e641fdbcc1f4a16e6b7bc9cf91478ce289f853e8;catalog=https://censusindia.gov.in/nada/index.php/catalog/42557,matched,191,resolved,article_collection_incomplete;article_count_missing_or_invalid,False
E116::bahraich,E116,2020-0304-IND,Uttar Pradesh,Bahraich,2020-06-01,2020-08-16,start:month|end:day,external_recovery,"[""{\""canonical_district\"": \""Bahraich\"", \""circularity_risk\"": \""none\"", \""event_id\"": \""E116\"", \""evidence_note\"": \""Official MHA flood-affected district list; cumulative within the event/season.\"", \""evidence_scope\"": \""seasonal_or_cumulative\"", \""evidence_type\"": \""seasonal_cumulative\"", \""mapping_row\"": 767, \""merge_rule\"": \""dedupe on event_id + canonical(state,district); preserve original source name\"", \""origin\"": \""prior_research_pass\"", \""source_class\"": \""official_government\"", \""source_title\"": \""Government of India MHA/NERC Situation Report, 5 Aug 2020\"", \""source_url\"": \""https://ndmindia.mha.gov.in/ndmi/viewUploadedDocument?uid=NEW321\"", \""source_verification\"": \""supplied_not_independently_verified\"", \""state\"": \""Uttar Pradesh\"", \""year\"": \""2020\""}""]",admin_units|gadm|location,"[""admin_units:70081"", ""gadm:IND.34_1"", ""location:(?<![A-Za-z])Uttar\\ Pradesh(?![A-Za-z])""]",district,official_government,seasonal_cumulative,none,https://ndmindia.mha.gov.in/ndmi/viewUploadedDocument?uid=NEW321,327.0938,0.0883,3705.0099637131552,S1,observed,matched,17893.0,interim_s1_only,fs1-3016a20fd3ad,pending,,3485.1487,0.0939,327.0938,S1,,incomplete,llm_qa,complete,68,68,0,0,68,False,local_state_plus_targeted_bigquery,14,68,0.0814409138778191,3487731.0,284044.0,3203687.0,2011,census_2011_official;file=census_2011_district_urban_rural.xlsx;sha256=acb01ddb965be41cf22a20f0e641fdbcc1f4a16e6b7bc9cf91478ce289f853e8;catalog=https://censusindia.gov.in/nada/index.php/catalog/42557,matched,180,resolved,article_collection_incomplete;article_count_missing_or_invalid,False
E116::barabanki,E116,2020-0304-IND,Uttar Pradesh,Barabanki,2020-06-01,2020-08-16,start:month|end:day,external_recovery,"[""{\""canonical_district\"": \""Barabanki\"", \""circularity_risk\"": \""none\"", \""event_id\"": \""E116\"", \""evidence_note\"": \""Official MHA flood-affected district list; cumulative within the event/season.\"", \""evidence_scope\"": \""seasonal_or_cumulative\"", \""evidence_type\"": \""seasonal_cumulative\"", \""mapping_row\"": 769, \""merge_rule\"": \""dedupe on event_id + canonical(state,district); preserve original source name\"", \""origin\"": \""prior_research_pass\"", \""source_class\"": \""official_government\"", \""source_title\"": \""Government of India MHA/NERC Situation Report, 5 Aug 2020\"", \""source_url\"": \""https://ndmindia.mha.gov.in/ndmi/viewUploadedDocument?uid=NEW321\"", \""source_verification\"": \""supplied_not_independently_verified\"", \""state\"": \""Uttar Pradesh\"", \""year\"": \""2020\""}""]",admin_units|gadm|location,"[""admin_units:70081"", ""gadm:IND.34_1"", ""location:(?<![A-Za-z])Uttar\\ Pradesh(?![A-Za-z])""]",district,official_government,seasonal_cumulative,none,https://ndmindia.mha.gov.in/ndmi/viewUploadedDocument?uid=NEW321,61.9884,0.014,4440.0005417469865,S1,observed,matched,17896.0,interim_s1_only,fs1-3016a20fd3ad,pending,,4261.6796,0.0145,61.9884,S1,,incomplete,llm_qa,complete,68,68,0,0,68,False,local_state_plus_targeted_bigquery,14,68,0.1014515599262612,3260699.0,330803.0,2929896.0,2011,census_2011_official;file=census_2011_district_urban_rural.xlsx;sha256=acb01ddb965be41cf22a20f0e641fdbcc1f4a16e6b7bc9cf91478ce289f853e8;catalog=https://censusindia.gov.in/nada/index.php/catalog/42557;crosswalk=district_name_crosswalk.csv;sha256=c8dc691ab763e799cc1aafb29e9c17ab287710bd63447ad37281418d902c30e9,matched_crosswalk,176,resolved,article_collection_incomplete;article_count_missing_or_invalid,False
E116::kushinagar,E116,2020-0304-IND,Uttar Pradesh,Kushinagar,2020-06-01,2020-08-16,start:month|end:day,external_recovery,"[""{\""canonical_district\"": \""Kushinagar\"", \""circularity_risk\"": \""none\"", \""event_id\"": \""E116\"", \""evidence_note\"": \""Official MHA flood-affected district list; cumulative within the event/season.\"", \""evidence_scope\"": \""seasonal_or_cumulative\"", \""evidence_type\"": \""seasonal_cumulative\"", \""mapping_row\"": 772, \""merge_rule\"": \""dedupe on event_id + canonical(state,district); preserve original source name\"", \""origin\"": \""prior_research_pass\"", \""source_class\"": \""official_government\"", \""source_title\"": \""Government of India MHA/NERC Situation Report, 5 Aug 2020\"", \""source_url\"": \""https://ndmindia.mha.gov.in/ndmi/viewUploadedDocument?uid=NEW321\"", \""source_verification\"": \""supplied_not_independently_verified\"", \""state\"": \""Uttar Pradesh\"", \""year\"": \""2020\""}""]",admin_units|gadm|location,"[""admin_units:70081"", ""gadm:IND.34_1"", ""location:(?<![A-Za-z])Uttar\\ Pradesh(?![A-Za-z])""]",district,official_government,seasonal_cumulative,none,https://ndmindia.mha.gov.in/ndmi/viewUploadedDocument?uid=NEW321,33.2923,0.0115,2893.16087554316,S1,observed,matched,70271.0,interim_s1_only,fs1-3016a20fd3ad,pending,,2844.4186,0.0117,33.2923,S1,,incomplete,llm_qa,complete,68,68,0,0,68,False,local_state_plus_targeted_bigquery,14,68,0.0471608710679402,3564544.0,168107.0,3396437.0,2011,census_2011_official;file=census_2011_district_urban_rural.xlsx;sha256=acb01ddb965be41cf22a20f0e641fdbcc1f4a16e6b7bc9cf91478ce289f853e8;catalog=https://censusindia.gov.in/nada/index.php/catalog/42557,matched,189,resolved,article_collection_incomplete;article_count_missing_or_invalid,False
E116::lakhimpur%20kheri,E116,2020-0304-IND,Uttar Pradesh,Lakhimpur Kheri,2020-06-01,2020-08-16,start:month|end:day,external_recovery,"[""{\""canonical_district\"": \""Lakhimpur Kheri\"", \""circularity_risk\"": \""none\"", \""event_id\"": \""E116\"", \""evidence_note\"": \""Official MHA flood-affected district list; cumulative within the event/season.\"", \""evidence_scope\"": \""seasonal_or_cumulative\"", \""evidence_type\"": \""seasonal_cumulative\"", \""mapping_row\"": 773, \""merge_rule\"": \""dedupe on event_id + canonical(state,district); preserve original source name\"", \""origin\"": \""prior_research_pass\"", \""source_class\"": \""official_government\"", \""source_title\"": \""Government of India MHA/NERC Situation Report, 5 Aug 2020\"", \""source_url\"": \""https://ndmindia.mha.gov.in/ndmi/viewUploadedDocument?uid=NEW321\"", \""source_verification\"": \""supplied_not_independently_verified\"", \""state\"": \""Uttar Pradesh\"", \""year\"": \""2020\""}""]",admin_units|gadm|location,"[""admin_units:70081"", ""gadm:IND.34_1"", ""location:(?<![A-Za-z])Uttar\\ Pradesh(?![A-Za-z])""]",district,official_government,seasonal_cumulative,none,https://ndmindia.mha.gov.in/ndmi/viewUploadedDocument?uid=NEW321,122.8573,0.0159,7708.742992388735,S1,observed,matched,17921.0,interim_s1_only,fs1-3016a20fd3ad,pending,,7230.8731,0.017,122.8573,S1,,incomplete,llm_qa,complete,68,68,0,0,68,False,local_state_plus_targeted_bigquery,14,68,0.1146498731859775,4021243.0,461035.0,3560208.0,2011,census_2011_official;file=census_2011_district_urban_rural.xlsx;sha256=acb01ddb965be41cf22a20f0e641fdbcc1f4a16e6b7bc9cf91478ce289f853e8;catalog=https://censusindia.gov.in/nada/index.php/catalog/42557;crosswalk=district_name_crosswalk.csv;sha256=c8dc691ab763e799cc1aafb29e9c17ab287710bd63447ad37281418d902c30e9,matched_crosswalk,153,resolved,article_collection_incomplete;article_count_missing_or_invalid,False
E116::maharajganj,E116,2020-0304-IND,Uttar Pradesh,Maharajganj,2020-06-01,2020-08-16,start:month|end:day,external_recovery,"[""{\""canonical_district\"": \""Maharajganj\"", \""circularity_risk\"": \""none\"", \""event_id\"": \""E116\"", \""evidence_note\"": \""Official MHA flood-affected district list; cumulative within the event/season.\"", \""evidence_scope\"": \""seasonal_or_cumulative\"", \""evidence_type\"": \""seasonal_cumulative\"", \""mapping_row\"": 774, \""merge_rule\"": \""dedupe on event_id + canonical(state,district); preserve original source name\"", \""origin\"": \""prior_research_pass\"", \""source_class\"": \""official_government\"", \""source_title\"": \""Government of India MHA/NERC Situation Report, 5 Aug 2020\"", \""source_url\"": \""https://ndmindia.mha.gov.in/ndmi/viewUploadedDocument?uid=NEW321\"", \""source_verification\"": \""supplied_not_independently_verified\"", \""state\"": \""Uttar Pradesh\"", \""year\"": \""2020\""}""]",admin_units|gadm|location,"[""admin_units:70081"", ""gadm:IND.34_1"", ""location:(?<![A-Za-z])Uttar\\ Pradesh(?![A-Za-z])""]",district,official_government,seasonal_cumulative,none,https://ndmindia.mha.gov.in/ndmi/viewUploadedDocument?uid=NEW321,160.0894,0.0501,3197.0231063739748,S1,observed,matched,70272.0,interim_s1_only,fs1-3016a20fd3ad,pending,,3045.7182,0.0526,160.0894,S1,,incomplete,llm_qa,complete,68,68,0,0,68,False,local_state_plus_targeted_bigquery,14,68,0.0501843220646753,2684703.0,134730.0,2549973.0,2011,census_2011_official;file=census_2011_district_urban_rural.xlsx;sha256=acb01ddb965be41cf22a20f0e641fdbcc1f4a16e6b7bc9cf91478ce289f853e8;catalog=https://censusindia.gov.in/nada/index.php/catalog/42557;crosswalk=district_name_crosswalk.csv;sha256=c8dc691ab763e799cc1aafb29e9c17ab287710bd63447ad37281418d902c30e9,matched_crosswalk,187,resolved,article_collection_incomplete;article_count_missing_or_invalid,False
E116::mau,E116,2020-0304-IND,Uttar Pradesh,Mau,2020-06-01,2020-08-16,start:month|end:day,external_recovery,"[""{\""canonical_district\"": \""Mau\"", \""circularity_risk\"": \""none\"", \""event_id\"": \""E116\"", \""evidence_note\"": \""Official MHA flood-affected district list; cumulative within the event/season.\"", \""evidence_scope\"": \""seasonal_or_cumulative\"", \""evidence_type\"": \""seasonal_cumulative\"", \""mapping_row\"": 775, \""merge_rule\"": \""dedupe on event_id + canonical(state,district); preserve original source name\"", \""origin\"": \""prior_research_pass\"", \""source_class\"": \""official_government\"", \""source_title\"": \""Government of India MHA/NERC Situation Report, 5 Aug 2020\"", \""source_url\"": \""https://ndmindia.mha.gov.in/ndmi/viewUploadedDocument?uid=NEW321\"", \""source_verification\"": \""supplied_not_independently_verified\"", \""state\"": \""Uttar Pradesh\"", \""year\"": \""2020\""}""]",admin_units|gadm|location,"[""admin_units:70081"", ""gadm:IND.34_1"", ""location:(?<![A-Za-z])Uttar\\ Pradesh(?![A-Za-z])""]",district,official_government,seasonal_cumulative,none,https://ndmindia.mha.gov.in/ndmi/viewUploadedDocument?uid=NEW321,44.3587,0.0214,2070.491760227604,S1,observed,matched,70274.0,interim_s1_only,fs1-3016a20fd3ad,pending,,1950.1749,0.0227,44.3587,S1,,incomplete,llm_qa,complete,68,68,0,0,68,False,local_state_plus_targeted_bigquery,14,68,0.2262988402370297,2205968.0,499208.0,1706760.0,2011,census_2011_official;file=census_2011_district_urban_rural.xlsx;sha256=acb01ddb965be41cf22a20f0e641fdbcc1f4a16e6b7bc9cf91478ce289f853e8;catalog=https://censusindia.gov.in/nada/index.php/catalog/42557,matched,192,resolved,article_collection_incomplete;article_count_missing_or_invalid,False
E116::sant%20kabir%20nagar,E116,2020-0304-IND,Uttar Pradesh,Sant Kabir Nagar,2020-06-01,2020-08-16,start:month|end:day,external_recovery,"[""{\""canonical_district\"": \""Sant Kabir Nagar\"", \""circularity_risk\"": \""none\"", \""event_id\"": \""E116\"", \""evidence_note\"": \""Official MHA flood-affected district list; cumulative within the event/season.\"", \""evidence_scope\"": \""seasonal_or_cumulative\"", \""evidence_type\"": \""seasonal_cumulative\"", \""mapping_row\"": 776, \""merge_rule\"": \""dedupe on event_id + canonical(state,district); preserve original source name\"", \""origin\"": \""prior_research_pass\"", \""source_class\"": \""official_government\"", \""source_title\"": \""Government of India MHA/NERC Situation Report, 5 Aug 2020\"", \""source_url\"": \""https://ndmindia.mha.gov.in/ndmi/viewUploadedDocument?uid=NEW321\"", \""source_verification\"": \""supplied_not_independently_verified\"", \""state\"": \""Uttar Pradesh\"", \""year\"": \""2020\""}""]",admin_units|gadm|location,"[""admin_units:70081"", ""gadm:IND.34_1"", ""location:(?<![A-Za-z])Uttar\\ Pradesh(?![A-Za-z])""]",district,official_government,seasonal_cumulative,none,https://ndmindia.mha.gov.in/ndmi/viewUploadedDocument?uid=NEW321,26.3347,0.0198,1329.179989070325,S1,observed,matched,70275.0,interim_s1_only,fs1-3016a20fd3ad,pending,,1268.8107,0.0208,26.3347,S1,,incomplete,llm_qa,complete,68,68,0,0,68,False,local_state_plus_targeted_bigquery,14,68,0.074937193290745,1715183.0,128531.0,1586652.0,2011,census_2011_official;file=census_2011_district_urban_rural.xlsx;sha256=acb01ddb965be41cf22a20f0e641fdbcc1f4a16e6b7bc9cf91478ce289f853e8;catalog=https://censusindia.gov.in/nada/index.php/catalog/42557,matched,186,resolved,article_collection_incomplete;article_count_missing_or_invalid,False
E116::siddharth%20nagar,E116,2020-0304-IND,Uttar Pradesh,Siddharth Nagar,2020-06-01,2020-08-16,start:month|end:day,external_recovery,"[""{\""canonical_district\"": \""Siddharth Nagar\"", \""circularity_risk\"": \""none\"", \""event_id\"": \""E116\"", \""evidence_note\"": \""Official MHA flood-affected district list; cumulative within the event/season.\"", \""evidence_scope\"": \""seasonal_or_cumulative\"", \""evidence_type\"": \""seasonal_cumulative\"", \""mapping_row\"": 777, \""merge_rule\"": \""dedupe on event_id + canonical(state,district); preserve original source name\"", \""origin\"": \""prior_research_pass\"", \""source_class\"": \""official_government\"", \""source_title\"": \""Government of India MHA/NERC Situation Report, 5 Aug 2020\"", \""source_url\"": \""https://ndmindia.mha.gov.in/ndmi/viewUploadedDocument?uid=NEW321\"", \""source_verification\"": \""supplied_not_independently_verified\"", \""state\"": \""Uttar Pradesh\"", \""year\"": \""2020\""}""]",admin_units|gadm|location,"[""admin_units:70081"", ""gadm:IND.34_1"", ""location:(?<![A-Za-z])Uttar\\ Pradesh(?![A-Za-z])""]",district,official_government,seasonal_cumulative,none,https://ndmindia.mha.gov.in/ndmi/viewUploadedDocument?uid=NEW321,67.0088,0.0192,3492.6137371813147,S1,observed,matched,70278.0,interim_s1_only,fs1-3016a20fd3ad,pending,,3290.957,0.0204,67.0088,S1,,incomplete,llm_qa,complete,68,68,0,0,68,False,local_state_plus_targeted_bigquery,14,68,0.0627871638188143,2559297.0,160691.0,2398606.0,2011,census_2011_official;file=census_2011_district_urban_rural.xlsx;sha256=acb01ddb965be41cf22a20f0e641fdbcc1f4a16e6b7bc9cf91478ce289f853e8;catalog=https://censusindia.gov.in/nada/index.php/catalog/42557;crosswalk=district_name_crosswalk.csv;sha256=c8dc691ab763e799cc1aafb29e9c17ab287710bd63447ad37281418d902c30e9,matched_crosswalk,184,resolved,article_collection_incomplete;article_count_missing_or_invalid,False
E116::sitapur,E116,2020-0304-IND,Uttar Pradesh,Sitapur,2020-06-01,2020-08-16,start:month|end:day,external_recovery,"[""{\""canonical_district\"": \""Sitapur\"", \""circularity_risk\"": \""none\"", \""event_id\"": \""E116\"", \""evidence_note\"": \""Official MHA flood-affected district list; cumulative within the event/season.\"", \""evidence_scope\"": \""seasonal_or_cumulative\"", \""evidence_type\"": \""seasonal_cumulative\"", \""mapping_row\"": 778, \""merge_rule\"": \""dedupe on event_id + canonical(state,district); preserve original source name\"", \""origin\"": \""prior_research_pass\"", \""source_class\"": \""official_government\"", \""source_title\"": \""Government of India MHA/NERC Situation Report, 5 Aug 2020\"", \""source_url\"": \""https://ndmindia.mha.gov.in/ndmi/viewUploadedDocument?uid=NEW321\"", \""source_verification\"": \""supplied_not_independently_verified\"", \""state\"": \""Uttar Pradesh\"", \""year\"": \""2020\""}""]",admin_units|gadm|location,"[""admin_units:70081"", ""gadm:IND.34_1"", ""location:(?<![A-Za-z])Uttar\\ Pradesh(?![A-Za-z])""]",district,official_government,seasonal_cumulative,none,https://ndmindia.mha.gov.in/ndmi/viewUploadedDocument?uid=NEW321,84.2427,0.0146,5789.793396469067,S1,observed,matched,17938.0,interim_s1_only,fs1-3016a20fd3ad,pending,,5411.2124,0.0156,84.2427,S1,,incomplete,llm_qa,complete,68,68,0,0,68,False,local_state_plus_targeted_bigquery,14,68,0.1183730925478903,4483992.0,530784.0,3953208.0,2011,census_2011_official;file=census_2011_district_urban_rural.xlsx;sha256=acb01ddb965be41cf22a20f0e641fdbcc1f4a16e6b7bc9cf91478ce289f853e8;catalog=https://censusindia.gov.in/nada/index.php/catalog/42557,matched,154,resolved,article_collection_incomplete;article_count_missing_or_invalid,False
E117::alipurduar,E117,2020-0304-IND,West Bengal,Alipurduar,2020-06-01,2020-08-16,start:month|end:day,external_recovery,"[""{\""canonical_district\"": \""Alipurduar\"", \""circularity_risk\"": \""none\"", \""event_id\"": \""E117\"", \""evidence_note\"": \""Official MHA affected-district list; cumulative within the monsoon season.\"", \""evidence_scope\"": \""seasonal_or_cumulative\"", \""evidence_type\"": \""seasonal_cumulative\"", \""mapping_row\"": 779, \""merge_rule\"": \""dedupe on event_id + canonical(state,district); preserve original source name\"", \""origin\"": \""prior_research_pass\"", \""source_class\"": \""official_government\"", \""source_title\"": \""Government of India MHA/NERC Situation Report, 5 Aug 2020\"", \""source_url\"": \""https://ndmindia.mha.gov.in/ndmi/viewUploadedDocument?uid=NEW321\"", \""source_verification\"": \""supplied_not_independently_verified\"", \""state\"": \""West Bengal\"", \""year\"": \""2020\""}""]",admin_units|gadm|location,"[""admin_units:1511"", ""gadm:IND.36_1"", ""location:(?<![A-Za-z])West\\ Bengal(?![A-Za-z])""]",district,official_government,seasonal_cumulative,none,https://ndmindia.mha.gov.in/ndmi/viewUploadedDocument?uid=NEW321,14.7452,0.0053,2805.571892812845,S1,observed,matched,76128533B23858286755005,interim_s1_only,fs1-3016a20fd3ad,pending,,2397.164,0.0062,14.7452,S1,,incomplete,llm_qa,complete,84,84,0,0,84,False,local_state_plus_targeted_bigquery,14,84,,,,,2011,census_2011_official,unmatched,,resolved,article_collection_incomplete;article_count_missing_or_invalid;census_unmatched;census_invalid;census_population_inconsistent,False
E117::bankura,E117,2020-0304-IND,West Bengal,Bankura,2020-06-01,2020-08-16,start:month|end:day,external_recovery,"[""{\""canonical_district\"": \""Bankura\"", \""circularity_risk\"": \""none\"", \""event_id\"": \""E117\"", \""evidence_note\"": \""Official MHA affected-district list; cumulative within the monsoon season.\"", \""evidence_scope\"": \""seasonal_or_cumulative\"", \""evidence_type\"": \""seasonal_cumulative\"", \""mapping_row\"": 780, \""merge_rule\"": \""dedupe on event_id + canonical(state,district); preserve original source name\"", \""origin\"": \""prior_research_pass\"", \""source_class\"": \""official_government\"", \""source_title\"": \""Government of India MHA/NERC Situation Report, 5 Aug 2020\"", \""source_url\"": \""https://ndmindia.mha.gov.in/ndmi/viewUploadedDocument?uid=NEW321\"", \""source_verification\"": \""supplied_not_independently_verified\"", \""state\"": \""West Bengal\"", \""year\"": \""2020\""}""]",admin_units|gadm|location,"[""admin_units:1511"", ""gadm:IND.36_1"", ""location:(?<![A-Za-z])West\\ Bengal(?![A-Za-z])""]",district,official_government,seasonal_cumulative,none,https://ndmindia.mha.gov.in/ndmi/viewUploadedDocument?uid=NEW321,60.1762,0.0086,6981.566770524623,S1,observed,matched,17945.0,interim_s1_only,fs1-3016a20fd3ad,pending,,6480.2521,0.0093,60.1762,S1,,incomplete,llm_qa,complete,84,84,0,0,84,False,local_state_plus_targeted_bigquery,14,84,0.0833472814049869,3596674.0,299773.0,3296901.0,2011,census_2011_official;file=census_2011_district_urban_rural.xlsx;sha256=acb01ddb965be41cf22a20f0e641fdbcc1f4a16e6b7bc9cf91478ce289f853e8;catalog=https://censusindia.gov.in/nada/index.php/catalog/42557,matched,339,resolved,article_collection_incomplete;article_count_missing_or_invalid,False
E117::birbhum,E117,2020-0304-IND,West Bengal,Birbhum,2020-06-01,2020-08-16,start:month|end:day,external_recovery,"[""{\""canonical_district\"": \""Birbhum\"", \""circularity_risk\"": \""none\"", \""event_id\"": \""E117\"", \""evidence_note\"": \""Official MHA affected-district list; cumulative within the monsoon season.\"", \""evidence_scope\"": \""seasonal_or_cumulative\"", \""evidence_type\"": \""seasonal_cumulative\"", \""mapping_row\"": 781, \""merge_rule\"": \""dedupe on event_id + canonical(state,district); preserve original source name\"", \""origin\"": \""prior_research_pass\"", \""source_class\"": \""official_government\"", \""source_title\"": \""Government of India MHA/NERC Situation Report, 5 Aug 2020\"", \""source_url\"": \""https://ndmindia.mha.gov.in/ndmi/viewUploadedDocument?uid=NEW321\"", \""source_verification\"": \""supplied_not_independently_verified\"", \""state\"": \""West Bengal\"", \""year\"": \""2020\""}""]",admin_units|gadm|location,"[""admin_units:1511"", ""gadm:IND.36_1"", ""location:(?<![A-Za-z])West\\ Bengal(?![A-Za-z])""]",district,official_government,seasonal_cumulative,none,https://ndmindia.mha.gov.in/ndmi/viewUploadedDocument?uid=NEW321,45.4916,0.01,4566.040490140597,S1,observed,matched,17947.0,interim_s1_only,fs1-3016a20fd3ad,pending,,4350.6007,0.0105,45.4916,S1,,incomplete,llm_qa,complete,84,84,0,0,84,False,local_state_plus_targeted_bigquery,14,84,0.1283255729493228,3502404.0,449448.0,3052956.0,2011,census_2011_official;file=census_2011_district_urban_rural.xlsx;sha256=acb01ddb965be41cf22a20f0e641fdbcc1f4a16e6b7bc9cf91478ce289f853e8;catalog=https://censusindia.gov.in/nada/index.php/catalog/42557,matched,334,resolved,article_collection_incomplete;article_count_missing_or_invalid,False
E117::cooch%20behar,E117,2020-0304-IND,West Bengal,Cooch Behar,2020-06-01,2020-08-16,start:month|end:day,external_recovery,"[""{\""canonical_district\"": \""Cooch Behar\"", \""circularity_risk\"": \""none\"", \""event_id\"": \""E117\"", \""evidence_note\"": \""Official MHA affected-district list; cumulative within the monsoon season.\"", \""evidence_scope\"": \""seasonal_or_cumulative\"", \""evidence_type\"": \""seasonal_cumulative\"", \""mapping_row\"": 782, \""merge_rule\"": \""dedupe on event_id + canonical(state,district); preserve original source name\"", \""origin\"": \""prior_research_pass\"", \""source_class\"": \""official_government\"", \""source_title\"": \""Government of India MHA/NERC Situation Report, 5 Aug 2020\"", \""source_url\"": \""https://ndmindia.mha.gov.in/ndmi/viewUploadedDocument?uid=NEW321\"", \""source_verification\"": \""supplied_not_independently_verified\"", \""state\"": \""West Bengal\"", \""year\"": \""2020\""}""]",admin_units|gadm|location,"[""admin_units:1511"", ""gadm:IND.36_1"", ""location:(?<![A-Za-z])West\\ Bengal(?![A-Za-z])""]",district,official_government,seasonal_cumulative,none,https://ndmindia.mha.gov.in/ndmi/viewUploadedDocument?uid=NEW321,73.9194,0.0225,3288.1312386454174,S1,observed,matched,76128533B64156747739715,interim_s1_only,fs1-3016a20fd3ad,pending,,3131.2864,0.0236,73.9194,S1,,incomplete,llm_qa,complete,84,84,0,0,84,False,local_state_plus_targeted_bigquery,14,84,0.1026694467639511,2819086.0,289434.0,2529652.0,2011,census_2011_official;file=census_2011_district_urban_rural.xlsx;sha256=acb01ddb965be41cf22a20f0e641fdbcc1f4a16e6b7bc9cf91478ce289f853e8;catalog=https://censusindia.gov.in/nada/index.php/catalog/42557;crosswalk=district_name_crosswalk.csv;sha256=c8dc691ab763e799cc1aafb29e9c17ab287710bd63447ad37281418d902c30e9,matched_crosswalk,329,resolved,article_collection_incomplete;article_count_missing_or_invalid,False
E117::dakshin%20dinajpur,E117,2020-0304-IND,West Bengal,Dakshin Dinajpur,2020-06-01,2020-08-16,start:month|end:day,external_recovery,"[""{\""canonical_district\"": \""Dakshin Dinajpur\"", \""circularity_risk\"": \""none\"", \""event_id\"": \""E117\"", \""evidence_note\"": \""Official MHA affected-district list; cumulative within the monsoon season.\"", \""evidence_scope\"": \""seasonal_or_cumulative\"", \""evidence_type\"": \""seasonal_cumulative\"", \""mapping_row\"": 783, \""merge_rule\"": \""dedupe on event_id + canonical(state,district); preserve original source name\"", \""origin\"": \""prior_research_pass\"", \""source_class\"": \""official_government\"", \""source_title\"": \""Government of India MHA/NERC Situation Report, 5 Aug 2020\"", \""source_url\"": \""https://ndmindia.mha.gov.in/ndmi/viewUploadedDocument?uid=NEW321\"", \""source_verification\"": \""supplied_not_independently_verified\"", \""state\"": \""West Bengal\"", \""year\"": \""2020\""}""]",admin_units|gadm|location,"[""admin_units:1511"", ""gadm:IND.36_1"", ""location:(?<![A-Za-z])West\\ Bengal(?![A-Za-z])""]",district,official_government,seasonal_cumulative,none,https://ndmindia.mha.gov.in/ndmi/viewUploadedDocument?uid=NEW321,16.3734,0.0078,2107.683120443892,S1,observed,matched,70290.0,interim_s1_only,fs1-3016a20fd3ad,pending,,1989.8222,0.0082,16.3734,S1,,incomplete,llm_qa,complete,84,84,0,0,84,False,local_state_plus_targeted_bigquery,14,84,0.1409642564828226,1676276.0,236295.0,1439981.0,2011,census_2011_official;file=census_2011_district_urban_rural.xlsx;sha256=acb01ddb965be41cf22a20f0e641fdbcc1f4a16e6b7bc9cf91478ce289f853e8;catalog=https://censusindia.gov.in/nada/index.php/catalog/42557,matched,331,resolved,article_collection_incomplete;article_count_missing_or_invalid,False
E117::darjeeling,E117,2020-0304-IND,West Bengal,Darjeeling,2020-06-01,2020-08-16,start:month|end:day,external_recovery,"[""{\""canonical_district\"": \""Darjeeling\"", \""circularity_risk\"": \""none\"", \""event_id\"": \""E117\"", \""evidence_note\"": \""Official MHA affected-district list; cumulative within the monsoon season.\"", \""evidence_scope\"": \""seasonal_or_cumulative\"", \""evidence_type\"": \""seasonal_cumulative\"", \""mapping_row\"": 784, \""merge_rule\"": \""dedupe on event_id + canonical(state,district); preserve original source name\"", \""origin\"": \""prior_research_pass\"", \""source_class\"": \""official_government\"", \""source_title\"": \""Government of India MHA/NERC Situation Report, 5 Aug 2020\"", \""source_url\"": \""https://ndmindia.mha.gov.in/ndmi/viewUploadedDocument?uid=NEW321\"", \""source_verification\"": \""supplied_not_independently_verified\"", \""state\"": \""West Bengal\"", \""year\"": \""2020\""}""]",admin_units|gadm|location,"[""admin_units:1511"", ""gadm:IND.36_1"", ""location:(?<![A-Za-z])West\\ Bengal(?![A-Za-z])""]",district,official_government,seasonal_cumulative,none,https://ndmindia.mha.gov.in/ndmi/viewUploadedDocument?uid=NEW321,2.1019,0.001,2082.4452472301264,S1,observed,matched,76128533B17109302371020,interim_s1_only,fs1-3016a20fd3ad,pending,,826.6807,0.0025,2.1019,S1,,incomplete,llm_qa,complete,84,84,0,0,84,False,local_state_plus_targeted_bigquery,14,84,,,,,2011,census_2011_official,unmatched,,resolved,article_collection_incomplete;article_count_missing_or_invalid;census_unmatched;census_invalid;census_population_inconsistent,False
E117::east%20medinipur,E117,2020-0304-IND,West Bengal,East Medinipur,2020-06-01,2020-08-16,start:month|end:day,external_recovery,"[""{\""canonical_district\"": \""East Medinipur\"", \""circularity_risk\"": \""none\"", \""event_id\"": \""E117\"", \""evidence_note\"": \""Official MHA affected-district list; cumulative within the monsoon season.\"", \""evidence_scope\"": \""seasonal_or_cumulative\"", \""evidence_type\"": \""seasonal_cumulative\"", \""mapping_row\"": 785, \""merge_rule\"": \""dedupe on event_id + canonical(state,district); preserve original source name\"", \""origin\"": \""prior_research_pass\"", \""source_class\"": \""official_government\"", \""source_title\"": \""Government of India MHA/NERC Situation Report, 5 Aug 2020\"", \""source_url\"": \""https://ndmindia.mha.gov.in/ndmi/viewUploadedDocument?uid=NEW321\"", \""source_verification\"": \""supplied_not_independently_verified\"", \""state\"": \""West Bengal\"", \""year\"": \""2020\""}""]",admin_units|gadm|location,"[""admin_units:1511"", ""gadm:IND.36_1"", ""location:(?<![A-Za-z])West\\ Bengal(?![A-Za-z])""]",district,official_government,seasonal_cumulative,none,https://ndmindia.mha.gov.in/ndmi/viewUploadedDocument?uid=NEW321,372.3854,0.0885,4206.535570896404,S1,observed,matched,76128533B25373378863054,interim_s1_only,fs1-3016a20fd3ad,pending,,3810.954,0.0977,372.3854,S1,,incomplete,llm_qa,complete,84,84,0,0,84,False,local_state_plus_targeted_bigquery,14,84,0.1163125076655137,5095875.0,592714.0,4503161.0,2011,census_2011_official;file=census_2011_district_urban_rural.xlsx;sha256=acb01ddb965be41cf22a20f0e641fdbcc1f4a16e6b7bc9cf91478ce289f853e8;catalog=https://censusindia.gov.in/nada/index.php/catalog/42557;crosswalk=district_name_crosswalk.csv;sha256=c8dc691ab763e799cc1aafb29e9c17ab287710bd63447ad37281418d902c30e9,matched_crosswalk,345,resolved,article_collection_incomplete;article_count_missing_or_invalid,False
E117::howrah,E117,2020-0304-IND,West Bengal,Howrah,2020-06-01,2020-08-16,start:month|end:day,external_recovery,"[""{\""canonical_district\"": \""Howrah\"", \""circularity_risk\"": \""none\"", \""event_id\"": \""E117\"", \""evidence_note\"": \""Official MHA affected-district list; cumulative within the monsoon season.\"", \""evidence_scope\"": \""seasonal_or_cumulative\"", \""evidence_type\"": \""seasonal_cumulative\"", \""mapping_row\"": 787, \""merge_rule\"": \""dedupe on event_id + canonical(state,district); preserve original source name\"", \""origin\"": \""prior_research_pass\"", \""source_class\"": \""official_government\"", \""source_title\"": \""Government of India MHA/NERC Situation Report, 5 Aug 2020\"", \""source_url\"": \""https://ndmindia.mha.gov.in/ndmi/viewUploadedDocument?uid=NEW321\"", \""source_verification\"": \""supplied_not_independently_verified\"", \""state\"": \""West Bengal\"", \""year\"": \""2020\""}""]",admin_units|gadm|location,"[""admin_units:1511"", ""gadm:IND.36_1"", ""location:(?<![A-Za-z])West\\ Bengal(?![A-Za-z])""]",district,official_government,seasonal_cumulative,none,https://ndmindia.mha.gov.in/ndmi/viewUploadedDocument?uid=NEW321,16.4235,0.0113,1451.5753227599494,S1,observed,matched,76128533B22077262393417,interim_s1_only,fs1-3016a20fd3ad,pending,,1320.4393,0.0124,16.4235,S1,,incomplete,llm_qa,complete,84,84,0,0,84,False,local_state_plus_targeted_bigquery,14,84,0.6338403337382107,4850029.0,3074144.0,1775885.0,2011,census_2011_official;file=census_2011_district_urban_rural.xlsx;sha256=acb01ddb965be41cf22a20f0e641fdbcc1f4a16e6b7bc9cf91478ce289f853e8;catalog=https://censusindia.gov.in/nada/index.php/catalog/42557;crosswalk=district_name_crosswalk.csv;sha256=c8dc691ab763e799cc1aafb29e9c17ab287710bd63447ad37281418d902c30e9,matched_crosswalk,341,resolved,article_collection_incomplete;article_count_missing_or_invalid,False
E117::jhargram,E117,2020-0304-IND,West Bengal,Jhargram,2020-06-01,2020-08-16,start:month|end:day,external_recovery,"[""{\""canonical_district\"": \""Jhargram\"", \""circularity_risk\"": \""none\"", \""event_id\"": \""E117\"", \""evidence_note\"": \""Official MHA affected-district list; cumulative within the monsoon season.\"", \""evidence_scope\"": \""seasonal_or_cumulative\"", \""evidence_type\"": \""seasonal_cumulative\"", \""mapping_row\"": 789, \""merge_rule\"": \""dedupe on event_id + canonical(state,district); preserve original source name\"", \""origin\"": \""prior_research_pass\"", \""source_class\"": \""official_government\"", \""source_title\"": \""Government of India MHA/NERC Situation Report, 5 Aug 2020\"", \""source_url\"": \""https://ndmindia.mha.gov.in/ndmi/viewUploadedDocument?uid=NEW321\"", \""source_verification\"": \""supplied_not_independently_verified\"", \""state\"": \""West Bengal\"", \""year\"": \""2020\""}""]",admin_units|gadm|location,"[""admin_units:1511"", ""gadm:IND.36_1"", ""location:(?<![A-Za-z])West\\ Bengal(?![A-Za-z])""]",district,official_government,seasonal_cumulative,none,https://ndmindia.mha.gov.in/ndmi/viewUploadedDocument?uid=NEW321,32.3519,0.0104,3096.557448030717,S1,observed,matched,76128533B24861976740713,interim_s1_only,fs1-3016a20fd3ad,pending,,2836.6669,0.0114,32.3519,S1,,incomplete,llm_qa,complete,84,84,0,0,84,False,local_state_plus_targeted_bigquery,14,84,,,,,2011,census_2011_official,unmatched,,resolved,article_collection_incomplete;article_count_missing_or_invalid;census_unmatched;census_invalid;census_population_inconsistent,False
E117::kalimpong,E117,2020-0304-IND,West Bengal,Kalimpong,2020-06-01,2020-08-16,start:month|end:day,external_recovery,"[""{\""canonical_district\"": \""Kalimpong\"", \""circularity_risk\"": \""none\"", \""event_id\"": \""E117\"", \""evidence_note\"": \""Official MHA affected-district list; cumulative within the monsoon season.\"", \""evidence_scope\"": \""seasonal_or_cumulative\"", \""evidence_type\"": \""seasonal_cumulative\"", \""mapping_row\"": 790, \""merge_rule\"": \""dedupe on event_id + canonical(state,district); preserve original source name\"", \""origin\"": \""prior_research_pass\"", \""source_class\"": \""official_government\"", \""source_title\"": \""Government of India MHA/NERC Situation Report, 5 Aug 2020\"", \""source_url\"": \""https://ndmindia.mha.gov.in/ndmi/viewUploadedDocument?uid=NEW321\"", \""source_verification\"": \""supplied_not_independently_verified\"", \""state\"": \""West Bengal\"", \""year\"": \""2020\""}""]",admin_units|gadm|location,"[""admin_units:1511"", ""gadm:IND.36_1"", ""location:(?<![A-Za-z])West\\ Bengal(?![A-Za-z])""]",district,official_government,seasonal_cumulative,none,https://ndmindia.mha.gov.in/ndmi/viewUploadedDocument?uid=NEW321,0.2965,0.0003,1110.1333982291185,S1,observed,matched,76128533B78458325839103,interim_s1_only,fs1-3016a20fd3ad,pending,,73.9352,0.004,0.2965,S1,,incomplete,llm_qa,complete,84,84,0,0,84,False,local_state_plus_targeted_bigquery,14,84,,,,,2011,census_2011_official,unmatched,,resolved,article_collection_incomplete;article_count_missing_or_invalid;census_unmatched;census_invalid;census_population_inconsistent,False
E117::murshidabad,E117,2020-0304-IND,West Bengal,Murshidabad,2020-06-01,2020-08-16,start:month|end:day,external_recovery,"[""{\""canonical_district\"": \""Murshidabad\"", \""circularity_risk\"": \""none\"", \""event_id\"": \""E117\"", \""evidence_note\"": \""Official MHA affected-district list; cumulative within the monsoon season.\"", \""evidence_scope\"": \""seasonal_or_cumulative\"", \""evidence_type\"": \""seasonal_cumulative\"", \""mapping_row\"": 793, \""merge_rule\"": \""dedupe on event_id + canonical(state,district); preserve original source name\"", \""origin\"": \""prior_research_pass\"", \""source_class\"": \""official_government\"", \""source_title\"": \""Government of India MHA/NERC Situation Report, 5 Aug 2020\"", \""source_url\"": \""https://ndmindia.mha.gov.in/ndmi/viewUploadedDocument?uid=NEW321\"", \""source_verification\"": \""supplied_not_independently_verified\"", \""state\"": \""West Bengal\"", \""year\"": \""2020\""}""]",admin_units|gadm|location,"[""admin_units:1511"", ""gadm:IND.36_1"", ""location:(?<![A-Za-z])West\\ Bengal(?![A-Za-z])""]",district,official_government,seasonal_cumulative,none,https://ndmindia.mha.gov.in/ndmi/viewUploadedDocument?uid=NEW321,92.4941,0.0169,5473.753950605631,S1,observed,matched,17955.0,interim_s1_only,fs1-3016a20fd3ad,pending,,5136.0442,0.018,92.4941,S1,,incomplete,llm_qa,complete,84,84,0,0,84,False,local_state_plus_targeted_bigquery,14,84,0.1971748387871461,7103807.0,1400692.0,5703115.0,2011,census_2011_official;file=census_2011_district_urban_rural.xlsx;sha256=acb01ddb965be41cf22a20f0e641fdbcc1f4a16e6b7bc9cf91478ce289f853e8;catalog=https://censusindia.gov.in/nada/index.php/catalog/42557,matched,333,resolved,article_collection_incomplete;article_count_missing_or_invalid,False
E117::nadia,E117,2020-0304-IND,West Bengal,Nadia,2020-06-01,2020-08-16,start:month|end:day,external_recovery,"[""{\""canonical_district\"": \""Nadia\"", \""circularity_risk\"": \""none\"", \""event_id\"": \""E117\"", \""evidence_note\"": \""Official MHA affected-district list; cumulative within the monsoon season.\"", \""evidence_scope\"": \""seasonal_or_cumulative\"", \""evidence_type\"": \""seasonal_cumulative\"", \""mapping_row\"": 794, \""merge_rule\"": \""dedupe on event_id + canonical(state,district); preserve original source name\"", \""origin\"": \""prior_research_pass\"", \""source_class\"": \""official_government\"", \""source_title\"": \""Government of India MHA/NERC Situation Report, 5 Aug 2020\"", \""source_url\"": \""https://ndmindia.mha.gov.in/ndmi/viewUploadedDocument?uid=NEW321\"", \""source_verification\"": \""supplied_not_independently_verified\"", \""state\"": \""West Bengal\"", \""year\"": \""2020\""}""]",admin_units|gadm|location,"[""admin_units:1511"", ""gadm:IND.36_1"", ""location:(?<![A-Za-z])West\\ Bengal(?![A-Za-z])""]",district,official_government,seasonal_cumulative,none,https://ndmindia.mha.gov.in/ndmi/viewUploadedDocument?uid=NEW321,36.844,0.0092,3995.2318634205153,S1,observed,matched,17956.0,interim_s1_only,fs1-3016a20fd3ad,pending,,3646.9459,0.0101,36.844,S1,,incomplete,llm_qa,complete,84,84,0,0,84,False,local_state_plus_targeted_bigquery,14,84,0.278441249322703,5167600.0,1438873.0,3728727.0,2011,census_2011_official;file=census_2011_district_urban_rural.xlsx;sha256=acb01ddb965be41cf22a20f0e641fdbcc1f4a16e6b7bc9cf91478ce289f853e8;catalog=https://censusindia.gov.in/nada/index.php/catalog/42557,matched,336,resolved,article_collection_incomplete;article_count_missing_or_invalid,False
E117::paschim%20bardhaman,E117,2020-0304-IND,West Bengal,Paschim Bardhaman,2020-06-01,2020-08-16,start:month|end:day,external_recovery,"[""{\""canonical_district\"": \""Paschim Bardhaman\"", \""circularity_risk\"": \""none\"", \""event_id\"": \""E117\"", \""evidence_note\"": \""Official MHA affected-district list; cumulative within the monsoon season.\"", \""evidence_scope\"": \""seasonal_or_cumulative\"", \""evidence_type\"": \""seasonal_cumulative\"", \""mapping_row\"": 796, \""merge_rule\"": \""dedupe on event_id + canonical(state,district); preserve original source name\"", \""origin\"": \""prior_research_pass\"", \""source_class\"": \""official_government\"", \""source_title\"": \""Government of India MHA/NERC Situation Report, 5 Aug 2020\"", \""source_url\"": \""https://ndmindia.mha.gov.in/ndmi/viewUploadedDocument?uid=NEW321\"", \""source_verification\"": \""supplied_not_independently_verified\"", \""state\"": \""West Bengal\"", \""year\"": \""2020\""}""]",admin_units|gadm|location,"[""admin_units:1511"", ""gadm:IND.36_1"", ""location:(?<![A-Za-z])West\\ Bengal(?![A-Za-z])""]",district,official_government,seasonal_cumulative,none,https://ndmindia.mha.gov.in/ndmi/viewUploadedDocument?uid=NEW321,23.7858,0.0145,1638.342752616779,S1,observed,matched,76128533B60845263086042,interim_s1_only,fs1-3016a20fd3ad,pending,,1491.1966,0.016,23.7858,S1,,incomplete,llm_qa,complete,84,84,0,0,84,False,local_state_plus_targeted_bigquery,14,84,,,,,2011,census_2011_official,unmatched,,resolved,article_collection_incomplete;article_count_missing_or_invalid;census_unmatched;census_invalid;census_population_inconsistent,False
E117::purba%20bardhaman,E117,2020-0304-IND,West Bengal,Purba Bardhaman,2020-06-01,2020-08-16,start:month|end:day,external_recovery,"[""{\""canonical_district\"": \""Purba Bardhaman\"", \""circularity_risk\"": \""none\"", \""event_id\"": \""E117\"", \""evidence_note\"": \""Official MHA affected-district list; cumulative within the monsoon season.\"", \""evidence_scope\"": \""seasonal_or_cumulative\"", \""evidence_type\"": \""seasonal_cumulative\"", \""mapping_row\"": 797, \""merge_rule\"": \""dedupe on event_id + canonical(state,district); preserve original source name\"", \""origin\"": \""prior_research_pass\"", \""source_class\"": \""official_government\"", \""source_title\"": \""Government of India MHA/NERC Situation Report, 5 Aug 2020\"", \""source_url\"": \""https://ndmindia.mha.gov.in/ndmi/viewUploadedDocument?uid=NEW321\"", \""source_verification\"": \""supplied_not_independently_verified\"", \""state\"": \""West Bengal\"", \""year\"": \""2020\""}""]",admin_units|gadm|location,"[""admin_units:1511"", ""gadm:IND.36_1"", ""location:(?<![A-Za-z])West\\ Bengal(?![A-Za-z])""]",district,official_government,seasonal_cumulative,none,https://ndmindia.mha.gov.in/ndmi/viewUploadedDocument?uid=NEW321,124.3378,0.023,5396.808202076832,S1,observed,matched,76128533B59121537940607,interim_s1_only,fs1-3016a20fd3ad,pending,,5222.3159,0.0238,124.3378,S1,,incomplete,llm_qa,complete,84,84,0,0,84,False,local_state_plus_targeted_bigquery,14,84,,,,,2011,census_2011_official,unmatched,,resolved,article_collection_incomplete;article_count_missing_or_invalid;census_unmatched;census_invalid;census_population_inconsistent,False
E117::purulia,E117,2020-0304-IND,West Bengal,Purulia,2020-06-01,2020-08-16,start:month|end:day,external_recovery,"[""{\""canonical_district\"": \""Purulia\"", \""circularity_risk\"": \""none\"", \""event_id\"": \""E117\"", \""evidence_note\"": \""Official MHA affected-district list; cumulative within the monsoon season.\"", \""evidence_scope\"": \""seasonal_or_cumulative\"", \""evidence_type\"": \""seasonal_cumulative\"", \""mapping_row\"": 798, \""merge_rule\"": \""dedupe on event_id + canonical(state,district); preserve original source name\"", \""origin\"": \""prior_research_pass\"", \""source_class\"": \""official_government\"", \""source_title\"": \""Government of India MHA/NERC Situation Report, 5 Aug 2020\"", \""source_url\"": \""https://ndmindia.mha.gov.in/ndmi/viewUploadedDocument?uid=NEW321\"", \""source_verification\"": \""supplied_not_independently_verified\"", \""state\"": \""West Bengal\"", \""year\"": \""2020\""}""]",admin_units|gadm|location,"[""admin_units:1511"", ""gadm:IND.36_1"", ""location:(?<![A-Za-z])West\\ Bengal(?![A-Za-z])""]",district,official_government,seasonal_cumulative,none,https://ndmindia.mha.gov.in/ndmi/viewUploadedDocument?uid=NEW321,80.6618,0.0129,6255.530346174724,S1,observed,matched,76128533B16811573188243,interim_s1_only,fs1-3016a20fd3ad,pending,,5092.3092,0.0158,80.6618,S1,,incomplete,llm_qa,complete,84,84,0,0,84,False,local_state_plus_targeted_bigquery,14,84,0.1274059209280182,2930115.0,373314.0,2556801.0,2011,census_2011_official;file=census_2011_district_urban_rural.xlsx;sha256=acb01ddb965be41cf22a20f0e641fdbcc1f4a16e6b7bc9cf91478ce289f853e8;catalog=https://censusindia.gov.in/nada/index.php/catalog/42557;crosswalk=district_name_crosswalk.csv;sha256=c8dc691ab763e799cc1aafb29e9c17ab287710bd63447ad37281418d902c30e9,matched_crosswalk,340,resolved,article_collection_incomplete;article_count_missing_or_invalid,False
E117::uttar%20dinajpur,E117,2020-0304-IND,West Bengal,Uttar Dinajpur,2020-06-01,2020-08-16,start:month|end:day,external_recovery,"[""{\""canonical_district\"": \""Uttar Dinajpur\"", \""circularity_risk\"": \""none\"", \""event_id\"": \""E117\"", \""evidence_note\"": \""Official MHA affected-district list; cumulative within the monsoon season.\"", \""evidence_scope\"": \""seasonal_or_cumulative\"", \""evidence_type\"": \""seasonal_cumulative\"", \""mapping_row\"": 800, \""merge_rule\"": \""dedupe on event_id + canonical(state,district); preserve original source name\"", \""origin\"": \""prior_research_pass\"", \""source_class\"": \""official_government\"", \""source_title\"": \""Government of India MHA/NERC Situation Report, 5 Aug 2020\"", \""source_url\"": \""https://ndmindia.mha.gov.in/ndmi/viewUploadedDocument?uid=NEW321\"", \""source_verification\"": \""supplied_not_independently_verified\"", \""state\"": \""West Bengal\"", \""year\"": \""2020\""}""]",admin_units|gadm|location,"[""admin_units:1511"", ""gadm:IND.36_1"", ""location:(?<![A-Za-z])West\\ Bengal(?![A-Za-z])""]",district,official_government,seasonal_cumulative,none,https://ndmindia.mha.gov.in/ndmi/viewUploadedDocument?uid=NEW321,19.7844,0.0059,3356.268468886421,S1,observed,matched,70295.0,interim_s1_only,fs1-3016a20fd3ad,pending,,3168.8271,0.0062,19.7844,S1,,incomplete,llm_qa,complete,84,84,0,0,84,False,local_state_plus_targeted_bigquery,14,84,0.1204562217712945,3007134.0,362228.0,2644906.0,2011,census_2011_official;file=census_2011_district_urban_rural.xlsx;sha256=acb01ddb965be41cf22a20f0e641fdbcc1f4a16e6b7bc9cf91478ce289f853e8;catalog=https://censusindia.gov.in/nada/index.php/catalog/42557,matched,330,resolved,article_collection_incomplete;article_count_missing_or_invalid,False
E117::west%20medinipur,E117,2020-0304-IND,West Bengal,West Medinipur,2020-06-01,2020-08-16,start:month|end:day,external_recovery,"[""{\""canonical_district\"": \""West Medinipur\"", \""circularity_risk\"": \""none\"", \""event_id\"": \""E117\"", \""evidence_note\"": \""Official MHA affected-district list; cumulative within the monsoon season.\"", \""evidence_scope\"": \""seasonal_or_cumulative\"", \""evidence_type\"": \""seasonal_cumulative\"", \""mapping_row\"": 801, \""merge_rule\"": \""dedupe on event_id + canonical(state,district); preserve original source name\"", \""origin\"": \""prior_research_pass\"", \""source_class\"": \""official_government\"", \""source_title\"": \""Government of India MHA/NERC Situation Report, 5 Aug 2020\"", \""source_url\"": \""https://ndmindia.mha.gov.in/ndmi/viewUploadedDocument?uid=NEW321\"", \""source_verification\"": \""supplied_not_independently_verified\"", \""state\"": \""West Bengal\"", \""year\"": \""2020\""}""]",admin_units|gadm|location,"[""admin_units:1511"", ""gadm:IND.36_1"", ""location:(?<![A-Za-z])West\\ Bengal(?![A-Za-z])""]",district,official_government,seasonal_cumulative,none,https://ndmindia.mha.gov.in/ndmi/viewUploadedDocument?uid=NEW321,63.1919,0.0101,6284.990303075887,S1,observed,matched,76128533B88812350838807,interim_s1_only,fs1-3016a20fd3ad,pending,,6123.409,0.0103,63.1919,S1,,incomplete,llm_qa,complete,84,84,0,0,84,False,local_state_plus_targeted_bigquery,14,84,,,,,2011,census_2011_official,unmatched,,resolved,article_collection_incomplete;article_count_missing_or_invalid;census_unmatched;census_invalid;census_population_inconsistent,False
E120::bauda,E120,2020-0446-IND,Odisha,Bauda,2020-10-01,2020-10-26,start:day|end:day,gadm,"[""gadm:IND.26.5_1""]",gadm|location,"[""gadm:IND.26.10_1"", ""gadm:IND.26.11_1"", ""gadm:IND.26.15_1"", ""gadm:IND.26.16_1"", ""gadm:IND.26.20_1"", ""gadm:IND.26.21_1"", ""gadm:IND.26.23_1"", ""gadm:IND.26.25_1"", ""gadm:IND.26.27_1"", ""gadm:IND.26.5_1"", ""location:(?<![A-Za-z])Odisha(?![A-Za-z])""]",district,,,,,20.569,0.0066,3124.5504724848097,S1,observed,matched,76128533B84772375641700,interim_s1_only,fs1-3016a20fd3ad,pending,,1865.0572,0.011,20.569,S1,,incomplete,llm_qa,complete,19,19,0,0,19,False,local_state_plus_targeted_bigquery,14,19,0.046295918506127,441162.0,20424.0,420738.0,2011,census_2011_official;file=census_2011_district_urban_rural.xlsx;sha256=acb01ddb965be41cf22a20f0e641fdbcc1f4a16e6b7bc9cf91478ce289f853e8;catalog=https://censusindia.gov.in/nada/index.php/catalog/42557;crosswalk=district_name_crosswalk.csv;sha256=c8dc691ab763e799cc1aafb29e9c17ab287710bd63447ad37281418d902c30e9,matched_crosswalk,391,resolved,article_collection_incomplete;article_count_missing_or_invalid,False
E120::kalahandi,E120,2020-0446-IND,Odisha,Kalahandi,2020-10-01,2020-10-26,start:day|end:day,gadm,"[""gadm:IND.26.15_1""]",gadm|location,"[""gadm:IND.26.10_1"", ""gadm:IND.26.11_1"", ""gadm:IND.26.15_1"", ""gadm:IND.26.16_1"", ""gadm:IND.26.20_1"", ""gadm:IND.26.21_1"", ""gadm:IND.26.23_1"", ""gadm:IND.26.25_1"", ""gadm:IND.26.27_1"", ""gadm:IND.26.5_1"", ""location:(?<![A-Za-z])Odisha(?![A-Za-z])""]",district,,,,,9.482,0.0012,7938.930130032871,S1,observed,matched,17812.0,interim_s1_only,fs1-3016a20fd3ad,pending,,4516.9205,0.0021,9.482,S1,,incomplete,llm_qa,complete,19,23,0,0,23,False,local_state_plus_targeted_bigquery,14,23,0.0773602626470556,1576869.0,121987.0,1454882.0,2011,census_2011_official;file=census_2011_district_urban_rural.xlsx;sha256=acb01ddb965be41cf22a20f0e641fdbcc1f4a16e6b7bc9cf91478ce289f853e8;catalog=https://censusindia.gov.in/nada/index.php/catalog/42557,matched,395,resolved,article_collection_incomplete;article_count_missing_or_invalid,False
E120::kandhamal,E120,2020-0446-IND,Odisha,Kandhamal,2020-10-01,2020-10-26,start:day|end:day,gadm,"[""gadm:IND.26.16_1""]",gadm|location,"[""gadm:IND.26.10_1"", ""gadm:IND.26.11_1"", ""gadm:IND.26.15_1"", ""gadm:IND.26.16_1"", ""gadm:IND.26.20_1"", ""gadm:IND.26.21_1"", ""gadm:IND.26.23_1"", ""gadm:IND.26.25_1"", ""gadm:IND.26.27_1"", ""gadm:IND.26.5_1"", ""location:(?<![A-Za-z])Odisha(?![A-Za-z])""]",district,,,,,1.6137,0.0002,8088.528530440674,S1,observed,matched,70217.0,interim_s1_only,fs1-3016a20fd3ad,pending,,1833.216,0.0009,1.6137,S1,,incomplete,llm_qa,complete,19,20,0,0,20,False,local_state_plus_targeted_bigquery,14,20,0.0985922985636534,733110.0,72279.0,660831.0,2011,census_2011_official;file=census_2011_district_urban_rural.xlsx;sha256=acb01ddb965be41cf22a20f0e641fdbcc1f4a16e6b7bc9cf91478ce289f853e8;catalog=https://censusindia.gov.in/nada/index.php/catalog/42557,matched,390,resolved,article_collection_incomplete;article_count_missing_or_invalid,False
E120::malkangiri,E120,2020-0446-IND,Odisha,Malkangiri,2020-10-01,2020-10-26,start:day|end:day,gadm,"[""gadm:IND.26.21_1""]",gadm|location,"[""gadm:IND.26.10_1"", ""gadm:IND.26.11_1"", ""gadm:IND.26.15_1"", ""gadm:IND.26.16_1"", ""gadm:IND.26.20_1"", ""gadm:IND.26.21_1"", ""gadm:IND.26.23_1"", ""gadm:IND.26.25_1"", ""gadm:IND.26.27_1"", ""gadm:IND.26.5_1"", ""location:(?<![A-Za-z])Odisha(?![A-Za-z])""]",district,,,,,12.732,0.0022,5849.646224352819,S1,observed,matched,70220.0,interim_s1_only,fs1-3016a20fd3ad,pending,,3064.5633,0.0042,12.732,S1,,incomplete,llm_qa,complete,19,22,0,0,22,False,local_state_plus_targeted_bigquery,14,22,0.0807707863116283,613192.0,49528.0,563664.0,2011,census_2011_official;file=census_2011_district_urban_rural.xlsx;sha256=acb01ddb965be41cf22a20f0e641fdbcc1f4a16e6b7bc9cf91478ce289f853e8;catalog=https://censusindia.gov.in/nada/index.php/catalog/42557,matched,399,resolved,article_collection_incomplete;article_count_missing_or_invalid,False
E120::nabarangapur,E120,2020-0446-IND,Odisha,Nabarangapur,2020-10-01,2020-10-26,start:day|end:day,gadm,"[""gadm:IND.26.23_1""]",gadm|location,"[""gadm:IND.26.10_1"", ""gadm:IND.26.11_1"", ""gadm:IND.26.15_1"", ""gadm:IND.26.16_1"", ""gadm:IND.26.20_1"", ""gadm:IND.26.21_1"", ""gadm:IND.26.23_1"", ""gadm:IND.26.25_1"", ""gadm:IND.26.27_1"", ""gadm:IND.26.5_1"", ""location:(?<![A-Za-z])Odisha(?![A-Za-z])""]",district,,,,,6.813,0.0013,5413.792578312975,S1,observed,matched,76128533B99037046327658,interim_s1_only,fs1-3016a20fd3ad,pending,,4237.4974,0.0016,6.813,S1,,incomplete,llm_qa,complete,19,19,0,0,19,False,local_state_plus_targeted_bigquery,14,19,0.0717681207850306,1220946.0,87625.0,1133321.0,2011,census_2011_official;file=census_2011_district_urban_rural.xlsx;sha256=acb01ddb965be41cf22a20f0e641fdbcc1f4a16e6b7bc9cf91478ce289f853e8;catalog=https://censusindia.gov.in/nada/index.php/catalog/42557,matched,397,resolved,article_collection_incomplete;article_count_missing_or_invalid,False
E120::nuapada,E120,2020-0446-IND,Odisha,Nuapada,2020-10-01,2020-10-26,start:day|end:day,gadm,"[""gadm:IND.26.25_1""]",gadm|location,"[""gadm:IND.26.10_1"", ""gadm:IND.26.11_1"", ""gadm:IND.26.15_1"", ""gadm:IND.26.16_1"", ""gadm:IND.26.20_1"", ""gadm:IND.26.21_1"", ""gadm:IND.26.23_1"", ""gadm:IND.26.25_1"", ""gadm:IND.26.27_1"", ""gadm:IND.26.5_1"", ""location:(?<![A-Za-z])Odisha(?![A-Za-z])""]",district,,,,,5.9943,0.0015,3881.856999707553,S1,observed,matched,70223.0,interim_s1_only,fs1-3016a20fd3ad,pending,,2243.6434,0.0027,5.9943,S1,,incomplete,llm_qa,complete,19,21,0,0,21,False,local_state_plus_targeted_bigquery,14,21,0.0557912913552496,610382.0,34054.0,576328.0,2011,census_2011_official;file=census_2011_district_urban_rural.xlsx;sha256=acb01ddb965be41cf22a20f0e641fdbcc1f4a16e6b7bc9cf91478ce289f853e8;catalog=https://censusindia.gov.in/nada/index.php/catalog/42557,matched,394,resolved,article_collection_incomplete;article_count_missing_or_invalid,False
E120::rayagada,E120,2020-0446-IND,Odisha,Rayagada,2020-10-01,2020-10-26,start:day|end:day,gadm,"[""gadm:IND.26.27_1""]",gadm|location,"[""gadm:IND.26.10_1"", ""gadm:IND.26.11_1"", ""gadm:IND.26.15_1"", ""gadm:IND.26.16_1"", ""gadm:IND.26.20_1"", ""gadm:IND.26.21_1"", ""gadm:IND.26.23_1"", ""gadm:IND.26.25_1"", ""gadm:IND.26.27_1"", ""gadm:IND.26.5_1"", ""location:(?<![A-Za-z])Odisha(?![A-Za-z])""]",district,,,,,4.4636,0.0006,7404.113889009227,S1,observed,matched,70224.0,interim_s1_only,fs1-3016a20fd3ad,pending,,2097.742,0.0021,4.4636,S1,,incomplete,llm_qa,complete,19,23,0,0,23,False,local_state_plus_targeted_bigquery,14,23,0.1518383405085798,967911.0,146966.0,820945.0,2011,census_2011_official;file=census_2011_district_urban_rural.xlsx;sha256=acb01ddb965be41cf22a20f0e641fdbcc1f4a16e6b7bc9cf91478ce289f853e8;catalog=https://censusindia.gov.in/nada/index.php/catalog/42557,matched,396,resolved,article_collection_incomplete;article_count_missing_or_invalid,False
E122::east%20champaran,E122,2021-0316-IND,Bihar,East Champaran,2021-06-01,2021-06-30,start:day|end:day,external_recovery,"[""{\""canonical_district\"": \""East Champaran\"", \""circularity_risk\"": \""none\"", \""end_date\"": \""2021-06-30\"", \""event_id\"": \""E122\"", \""evidence_note\"": \""NRSC satellite rapid mapping directly identifies inundated areas in these Bihar districts.\"", \""evidence_scope\"": \""exact_event_period\"", \""evidence_type\"": \""direct_disaster_impact\"", \""mapping_row\"": 819, \""merge_rule\"": \""dedupe on event_id + canonical(state,district); retain all source provenance\"", \""origin\"": \""exhaustive_followup\"", \""source_class\"": \""nrsc_isro\"", \""source_record_id\"": \""2021-0316-IND\"", \""source_title\"": \""NRSC/ISRO Bihar flood inundation map, June 2021\"", \""source_url\"": \""https://ndem.nrsc.gov.in/documents/Disaster_Document/2021/BR/brflood50dsc17062021_1800hrs/brflood50dsc17062021_1800hrs_map.pdf\"", \""source_verification\"": \""supplied_not_independently_verified\"", \""start_date\"": \""2021-06-01\"", \""state\"": \""Bihar\"", \""year\"": \""2021\""}""]",admin_units|gadm|location,"[""admin_units:70073"", ""gadm:IND.5_1"", ""location:(?<![A-Za-z])Bihar(?![A-Za-z])""]",district,nrsc_isro,direct_disaster_impact,none,https://ndem.nrsc.gov.in/documents/Disaster_Document/2021/BR/brflood50dsc17062021_1800hrs/brflood50dsc17062021_1800hrs_map.pdf,75.7114,0.018,4209.432168721379,S1,observed,matched,76128533B49017555803526,interim_s1_only,fs1-3016a20fd3ad,pending,,4047.632,0.0187,75.7114,S1,,incomplete,llm_qa,complete,110,110,0,0,110,False,local_state_plus_targeted_bigquery,14,110,0.0787044127599266,5099371.0,401343.0,4698028.0,2011,census_2011_official;file=census_2011_district_urban_rural.xlsx;sha256=acb01ddb965be41cf22a20f0e641fdbcc1f4a16e6b7bc9cf91478ce289f853e8;catalog=https://censusindia.gov.in/nada/index.php/catalog/42557;crosswalk=district_name_crosswalk.csv;sha256=c8dc691ab763e799cc1aafb29e9c17ab287710bd63447ad37281418d902c30e9,matched_crosswalk,204,resolved,article_collection_incomplete;article_count_missing_or_invalid,False
E122::samastipur,E122,2021-0316-IND,Bihar,Samastipur,2021-06-01,2021-06-30,start:day|end:day,external_recovery,"[""{\""canonical_district\"": \""Samastipur\"", \""circularity_risk\"": \""none\"", \""end_date\"": \""2021-06-30\"", \""event_id\"": \""E122\"", \""evidence_note\"": \""District appears in NRSC flood-map context/gauge geography; direct >1000 ha inundation not always explicit in extracted text.\"", \""evidence_scope\"": \""exact_event_period\"", \""evidence_type\"": \""direct_disaster_impact\"", \""mapping_row\"": 823, \""merge_rule\"": \""dedupe on event_id + canonical(state,district); retain all source provenance\"", \""origin\"": \""exhaustive_followup\"", \""source_class\"": \""nrsc_isro\"", \""source_record_id\"": \""2021-0316-IND\"", \""source_title\"": \""NRSC/ISRO Bihar flood mapping, June 2021\"", \""source_url\"": \""https://ndem.nrsc.gov.in/documents/Disaster_Document/2021/BR/brflood50dsc17062021_1800hrs/brflood50dsc17062021_1800hrs_map.pdf\"", \""source_verification\"": \""supplied_not_independently_verified\"", \""start_date\"": \""2021-06-01\"", \""state\"": \""Bihar\"", \""year\"": \""2021\""}""]",admin_units|gadm|location,"[""admin_units:70073"", ""gadm:IND.5_1"", ""location:(?<![A-Za-z])Bihar(?![A-Za-z])""]",district,nrsc_isro,direct_disaster_impact,none,https://ndem.nrsc.gov.in/documents/Disaster_Document/2021/BR/brflood50dsc17062021_1800hrs/brflood50dsc17062021_1800hrs_map.pdf,89.1756,0.0306,2911.492917812177,S1,observed,matched,17626.0,interim_s1_only,fs1-3016a20fd3ad,pending,,2732.2727,0.0326,89.1756,S1,,incomplete,llm_qa,complete,110,110,0,0,110,False,local_state_plus_targeted_bigquery,14,110,0.0346813823838466,4261566.0,147797.0,4113769.0,2011,census_2011_official;file=census_2011_district_urban_rural.xlsx;sha256=acb01ddb965be41cf22a20f0e641fdbcc1f4a16e6b7bc9cf91478ce289f853e8;catalog=https://censusindia.gov.in/nada/index.php/catalog/42557,matched,221,resolved,article_collection_incomplete;article_count_missing_or_invalid,False
E122::saran,E122,2021-0316-IND,Bihar,Saran,2021-06-01,2021-06-30,start:day|end:day,external_recovery,"[""{\""canonical_district\"": \""Saran\"", \""circularity_risk\"": \""none\"", \""end_date\"": \""2021-06-30\"", \""event_id\"": \""E122\"", \""evidence_note\"": \""District appears in NRSC flood-map context/gauge geography; direct >1000 ha inundation not always explicit in extracted text.\"", \""evidence_scope\"": \""exact_event_period\"", \""evidence_type\"": \""direct_disaster_impact\"", \""mapping_row\"": 824, \""merge_rule\"": \""dedupe on event_id + canonical(state,district); retain all source provenance\"", \""origin\"": \""exhaustive_followup\"", \""source_class\"": \""nrsc_isro\"", \""source_record_id\"": \""2021-0316-IND\"", \""source_title\"": \""NRSC/ISRO Bihar flood mapping, June 2021\"", \""source_url\"": \""https://ndem.nrsc.gov.in/documents/Disaster_Document/2021/BR/brflood50dsc17062021_1800hrs/brflood50dsc17062021_1800hrs_map.pdf\"", \""source_verification\"": \""supplied_not_independently_verified\"", \""start_date\"": \""2021-06-01\"", \""state\"": \""Bihar\"", \""year\"": \""2021\""}""]",admin_units|gadm|location,"[""admin_units:70073"", ""gadm:IND.5_1"", ""location:(?<![A-Za-z])Bihar(?![A-Za-z])""]",district,nrsc_isro,direct_disaster_impact,none,https://ndem.nrsc.gov.in/documents/Disaster_Document/2021/BR/brflood50dsc17062021_1800hrs/brflood50dsc17062021_1800hrs_map.pdf,87.3196,0.0329,2650.3366911206285,S1,observed,matched,17628.0,interim_s1_only,fs1-3016a20fd3ad,pending,,2555.315,0.0342,87.3196,S1,,incomplete,llm_qa,complete,110,110,0,0,110,False,local_state_plus_targeted_bigquery,14,110,0.0893760966349533,3951862.0,353202.0,3598660.0,2011,census_2011_official;file=census_2011_district_urban_rural.xlsx;sha256=acb01ddb965be41cf22a20f0e641fdbcc1f4a16e6b7bc9cf91478ce289f853e8;catalog=https://censusindia.gov.in/nada/index.php/catalog/42557,matched,219,resolved,article_collection_incomplete;article_count_missing_or_invalid,False
E122::sitamarhi,E122,2021-0316-IND,Bihar,Sitamarhi,2021-06-01,2021-06-30,start:day|end:day,external_recovery,"[""{\""canonical_district\"": \""Sitamarhi\"", \""circularity_risk\"": \""none\"", \""end_date\"": \""2021-06-30\"", \""event_id\"": \""E122\"", \""evidence_note\"": \""NRSC satellite rapid mapping directly identifies inundated areas in these Bihar districts.\"", \""evidence_scope\"": \""exact_event_period\"", \""evidence_type\"": \""direct_disaster_impact\"", \""mapping_row\"": 825, \""merge_rule\"": \""dedupe on event_id + canonical(state,district); retain all source provenance\"", \""origin\"": \""exhaustive_followup\"", \""source_class\"": \""nrsc_isro\"", \""source_record_id\"": \""2021-0316-IND\"", \""source_title\"": \""NRSC/ISRO Bihar flood inundation map, June 2021\"", \""source_url\"": \""https://ndem.nrsc.gov.in/documents/Disaster_Document/2021/BR/brflood50dsc17062021_1800hrs/brflood50dsc17062021_1800hrs_map.pdf\"", \""source_verification\"": \""supplied_not_independently_verified\"", \""start_date\"": \""2021-06-01\"", \""state\"": \""Bihar\"", \""year\"": \""2021\""}""]",admin_units|gadm|location,"[""admin_units:70073"", ""gadm:IND.5_1"", ""location:(?<![A-Za-z])Bihar(?![A-Za-z])""]",district,nrsc_isro,direct_disaster_impact,none,https://ndem.nrsc.gov.in/documents/Disaster_Document/2021/BR/brflood50dsc17062021_1800hrs/brflood50dsc17062021_1800hrs_map.pdf,27.4424,0.0132,2075.1609189491032,S1,observed,matched,17630.0,interim_s1_only,fs1-3016a20fd3ad,pending,,2019.8231,0.0136,27.4424,S1,,incomplete,llm_qa,complete,110,110,0,0,110,False,local_state_plus_targeted_bigquery,14,110,0.0556430210067023,3423574.0,190498.0,3233076.0,2011,census_2011_official;file=census_2011_district_urban_rural.xlsx;sha256=acb01ddb965be41cf22a20f0e641fdbcc1f4a16e6b7bc9cf91478ce289f853e8;catalog=https://censusindia.gov.in/nada/index.php/catalog/42557,matched,206,resolved,article_collection_incomplete;article_count_missing_or_invalid,False
E122::siwan,E122,2021-0316-IND,Bihar,Siwan,2021-06-01,2021-06-30,start:day|end:day,external_recovery,"[""{\""canonical_district\"": \""Siwan\"", \""circularity_risk\"": \""none\"", \""end_date\"": \""2021-06-30\"", \""event_id\"": \""E122\"", \""evidence_note\"": \""District appears in NRSC flood-map context/gauge geography; direct >1000 ha inundation not always explicit in extracted text.\"", \""evidence_scope\"": \""exact_event_period\"", \""evidence_type\"": \""direct_disaster_impact\"", \""mapping_row\"": 826, \""merge_rule\"": \""dedupe on event_id + canonical(state,district); retain all source provenance\"", \""origin\"": \""exhaustive_followup\"", \""source_class\"": \""nrsc_isro\"", \""source_record_id\"": \""2021-0316-IND\"", \""source_title\"": \""NRSC/ISRO Bihar flood mapping, June 2021\"", \""source_url\"": \""https://ndem.nrsc.gov.in/documents/Disaster_Document/2021/BR/brflood50dsc17062021_1800hrs/brflood50dsc17062021_1800hrs_map.pdf\"", \""source_verification\"": \""supplied_not_independently_verified\"", \""start_date\"": \""2021-06-01\"", \""state\"": \""Bihar\"", \""year\"": \""2021\""}""]",admin_units|gadm|location,"[""admin_units:70073"", ""gadm:IND.5_1"", ""location:(?<![A-Za-z])Bihar(?![A-Za-z])""]",district,nrsc_isro,direct_disaster_impact,none,https://ndem.nrsc.gov.in/documents/Disaster_Document/2021/BR/brflood50dsc17062021_1800hrs/brflood50dsc17062021_1800hrs_map.pdf,44.3148,0.0199,2229.6509970655925,S1,observed,matched,17631.0,interim_s1_only,fs1-3016a20fd3ad,pending,,2163.4697,0.0205,44.3148,S1,,incomplete,llm_qa,complete,110,110,0,0,110,False,local_state_plus_targeted_bigquery,14,110,0.0549211761484285,3330464.0,182913.0,3147551.0,2011,census_2011_official;file=census_2011_district_urban_rural.xlsx;sha256=acb01ddb965be41cf22a20f0e641fdbcc1f4a16e6b7bc9cf91478ce289f853e8;catalog=https://censusindia.gov.in/nada/index.php/catalog/42557,matched,218,resolved,article_collection_incomplete;article_count_missing_or_invalid,False
E122::vaishali,E122,2021-0316-IND,Bihar,Vaishali,2021-06-01,2021-06-30,start:day|end:day,external_recovery,"[""{\""canonical_district\"": \""Vaishali\"", \""circularity_risk\"": \""none\"", \""end_date\"": \""2021-06-30\"", \""event_id\"": \""E122\"", \""evidence_note\"": \""District appears in NRSC flood-map context/gauge geography; direct >1000 ha inundation not always explicit in extracted text.\"", \""evidence_scope\"": \""exact_event_period\"", \""evidence_type\"": \""direct_disaster_impact\"", \""mapping_row\"": 827, \""merge_rule\"": \""dedupe on event_id + canonical(state,district); retain all source provenance\"", \""origin\"": \""exhaustive_followup\"", \""source_class\"": \""nrsc_isro\"", \""source_record_id\"": \""2021-0316-IND\"", \""source_title\"": \""NRSC/ISRO Bihar flood mapping, June 2021\"", \""source_url\"": \""https://ndem.nrsc.gov.in/documents/Disaster_Document/2021/BR/brflood50dsc17062021_1800hrs/brflood50dsc17062021_1800hrs_map.pdf\"", \""source_verification\"": \""supplied_not_independently_verified\"", \""start_date\"": \""2021-06-01\"", \""state\"": \""Bihar\"", \""year\"": \""2021\""}""]",admin_units|gadm|location,"[""admin_units:70073"", ""gadm:IND.5_1"", ""location:(?<![A-Za-z])Bihar(?![A-Za-z])""]",district,nrsc_isro,direct_disaster_impact,none,https://ndem.nrsc.gov.in/documents/Disaster_Document/2021/BR/brflood50dsc17062021_1800hrs/brflood50dsc17062021_1800hrs_map.pdf,156.8293,0.0779,2013.541665625586,S1,observed,matched,17632.0,interim_s1_only,fs1-3016a20fd3ad,pending,,1891.6094,0.0829,156.8293,S1,,incomplete,llm_qa,complete,110,110,0,0,110,False,local_state_plus_targeted_bigquery,14,110,0.0666888696806113,3495021.0,233079.0,3261942.0,2011,census_2011_official;file=census_2011_district_urban_rural.xlsx;sha256=acb01ddb965be41cf22a20f0e641fdbcc1f4a16e6b7bc9cf91478ce289f853e8;catalog=https://censusindia.gov.in/nada/index.php/catalog/42557,matched,220,resolved,article_collection_incomplete;article_count_missing_or_invalid,False
E124::navsari,E124,2021-0316-IND,Gujarat,Navsari,2021-06-01,2021-06-30,start:day|end:day,external_recovery,"[""{\""canonical_district\"": \""Navsari\"", \""circularity_risk\"": \""none\"", \""end_date\"": \""2021-06-30\"", \""event_id\"": \""E124\"", \""evidence_note\"": \""Heavy monsoon geography only; not sufficient for event-specific flood attribution.\"", \""evidence_scope\"": \""same_month_weather\"", \""evidence_type\"": \""rainfall_proxy\"", \""mapping_row\"": 829, \""merge_rule\"": \""dedupe on event_id + canonical(state,district); retain all source provenance\"", \""origin\"": \""exhaustive_followup\"", \""source_class\"": \""official_government\"", \""source_record_id\"": \""2021-0316-IND\"", \""source_title\"": \""PIB/IMD southwest monsoon June 2021\"", \""source_url\"": \""https://www.pib.gov.in/PressReleaseIframePage.aspx?PRID=1725965\"", \""source_verification\"": \""supplied_not_independently_verified\"", \""start_date\"": \""2021-06-01\"", \""state\"": \""Gujarat\"", \""year\"": \""2021\""}""]",admin_units|gadm|location,"[""admin_units:1491"", ""gadm:IND.11_1"", ""location:(?<![A-Za-z])Gujarat(?![A-Za-z])""]",district,official_government,rainfall_proxy,none,https://www.pib.gov.in/PressReleaseIframePage.aspx?PRID=1725965,4.9349,0.0024,2097.600482441035,S1,observed,matched,70127.0,interim_s1_only,fs1-3016a20fd3ad,pending,,1702.3987,0.0029,4.9349,S1,,incomplete,llm_qa,complete,21,21,0,0,21,False,local_state_plus_targeted_bigquery,14,21,0.3076976878508384,1329672.0,409137.0,920535.0,2011,census_2011_official;file=census_2011_district_urban_rural.xlsx;sha256=acb01ddb965be41cf22a20f0e641fdbcc1f4a16e6b7bc9cf91478ce289f853e8;catalog=https://censusindia.gov.in/nada/index.php/catalog/42557,matched,490,resolved,article_collection_incomplete;article_count_missing_or_invalid,False
E125::davanagere,E125,2021-0316-IND,Karnataka,Davanagere,2021-06-01,2021-06-30,start:day|end:day,external_recovery,"[""{\""canonical_district\"": \""Davanagere\"", \""circularity_risk\"": \""none\"", \""event_id\"": \""E125\"", \""evidence_note\"": \""Official MHA report lists these districts in the July 2021 flood/heavy-rain episode.\"", \""evidence_scope\"": \""exact_or_direct_event\"", \""evidence_type\"": \""direct_disaster_impact\"", \""mapping_row\"": 835, \""merge_rule\"": \""dedupe on event_id + canonical(state,district); preserve original source name\"", \""origin\"": \""prior_research_pass\"", \""source_class\"": \""official_government\"", \""source_title\"": \""Government of India MHA/NERC Situation Report, 29 Jul 2021\"", \""source_url\"": \""https://ndmindia.mha.gov.in/ndmi/viewUploadedDocument?uid=D409\"", \""source_verification\"": \""supplied_not_independently_verified\"", \""state\"": \""Karnataka\"", \""year\"": \""2021\""}""]",admin_units|gadm|location,"[""admin_units:1494"", ""gadm:IND.16_1"", ""location:(?<![A-Za-z])Karnataka(?![A-Za-z])""]",district,official_government,direct_disaster_impact,none,https://ndmindia.mha.gov.in/ndmi/viewUploadedDocument?uid=D409,60.5097,0.0091,6632.831187518178,S1,observed,matched,70162.0,interim_s1_only,fs1-3016a20fd3ad,pending,,5327.5163,0.0114,60.5097,S1,,incomplete,llm_qa,complete,40,40,0,0,40,False,local_state_plus_targeted_bigquery,14,40,0.3233158416589694,1945497.0,629010.0,1316487.0,2011,census_2011_official;file=census_2011_district_urban_rural.xlsx;sha256=acb01ddb965be41cf22a20f0e641fdbcc1f4a16e6b7bc9cf91478ce289f853e8;catalog=https://censusindia.gov.in/nada/index.php/catalog/42557,matched,567,resolved,article_collection_incomplete;article_count_missing_or_invalid,False
E125::haveri,E125,2021-0316-IND,Karnataka,Haveri,2021-06-01,2021-06-30,start:day|end:day,external_recovery,"[""{\""canonical_district\"": \""Haveri\"", \""circularity_risk\"": \""none\"", \""event_id\"": \""E125\"", \""evidence_note\"": \""Official MHA report lists these districts in the July 2021 flood/heavy-rain episode.\"", \""evidence_scope\"": \""exact_or_direct_event\"", \""evidence_type\"": \""direct_disaster_impact\"", \""mapping_row\"": 838, \""merge_rule\"": \""dedupe on event_id + canonical(state,district); preserve original source name\"", \""origin\"": \""prior_research_pass\"", \""source_class\"": \""official_government\"", \""source_title\"": \""Government of India MHA/NERC Situation Report, 29 Jul 2021\"", \""source_url\"": \""https://ndmindia.mha.gov.in/ndmi/viewUploadedDocument?uid=D409\"", \""source_verification\"": \""supplied_not_independently_verified\"", \""state\"": \""Karnataka\"", \""year\"": \""2021\""}""]",admin_units|gadm|location,"[""admin_units:1494"", ""gadm:IND.16_1"", ""location:(?<![A-Za-z])Karnataka(?![A-Za-z])""]",district,official_government,direct_disaster_impact,none,https://ndmindia.mha.gov.in/ndmi/viewUploadedDocument?uid=D409,63.2639,0.0131,4811.456144597108,S1,observed,matched,70164.0,interim_s1_only,fs1-3016a20fd3ad,pending,,4422.6993,0.0143,63.2639,S1,,incomplete,llm_qa,complete,40,40,0,0,40,False,local_state_plus_targeted_bigquery,14,40,0.2225124368767478,1597668.0,355501.0,1242167.0,2011,census_2011_official;file=census_2011_district_urban_rural.xlsx;sha256=acb01ddb965be41cf22a20f0e641fdbcc1f4a16e6b7bc9cf91478ce289f853e8;catalog=https://censusindia.gov.in/nada/index.php/catalog/42557,matched,564,resolved,article_collection_incomplete;article_count_missing_or_invalid,False
E125::shivamogga,E125,2021-0316-IND,Karnataka,Shivamogga,2021-06-01,2021-06-30,start:day|end:day,external_recovery,"[""{\""canonical_district\"": \""Shivamogga\"", \""circularity_risk\"": \""none\"", \""event_id\"": \""E125\"", \""evidence_note\"": \""Official MHA report lists these districts in the July 2021 flood/heavy-rain episode.\"", \""evidence_scope\"": \""exact_or_direct_event\"", \""evidence_type\"": \""direct_disaster_impact\"", \""mapping_row\"": 840, \""merge_rule\"": \""dedupe on event_id + canonical(state,district); preserve original source name\"", \""origin\"": \""prior_research_pass\"", \""source_class\"": \""official_government\"", \""source_title\"": \""Government of India MHA/NERC Situation Report, 29 Jul 2021\"", \""source_url\"": \""https://ndmindia.mha.gov.in/ndmi/viewUploadedDocument?uid=D409\"", \""source_verification\"": \""supplied_not_independently_verified\"", \""state\"": \""Karnataka\"", \""year\"": \""2021\""}""]",admin_units|gadm|location,"[""admin_units:1494"", ""gadm:IND.16_1"", ""location:(?<![A-Za-z])Karnataka(?![A-Za-z])""]",district,official_government,direct_disaster_impact,none,https://ndmindia.mha.gov.in/ndmi/viewUploadedDocument?uid=D409,14.6394,0.0017,8475.375992282,S1,observed,matched,76128533B85389886560116,interim_s1_only,fs1-3016a20fd3ad,pending,,4753.5743,0.0031,14.6394,S1,,incomplete,llm_qa,complete,40,41,0,0,41,False,local_state_plus_targeted_bigquery,14,41,0.3558556168496074,1752753.0,623727.0,1129026.0,2011,census_2011_official;file=census_2011_district_urban_rural.xlsx;sha256=acb01ddb965be41cf22a20f0e641fdbcc1f4a16e6b7bc9cf91478ce289f853e8;catalog=https://censusindia.gov.in/nada/index.php/catalog/42557;crosswalk=district_name_crosswalk.csv;sha256=c8dc691ab763e799cc1aafb29e9c17ab287710bd63447ad37281418d902c30e9,matched_crosswalk,568,resolved,article_collection_incomplete;article_count_missing_or_invalid,False
E125::uttara%20kannada,E125,2021-0316-IND,Karnataka,Uttara Kannada,2021-06-01,2021-06-30,start:day|end:day,external_recovery,"[""{\""canonical_district\"": \""Uttara Kannada\"", \""circularity_risk\"": \""none\"", \""event_id\"": \""E125\"", \""evidence_note\"": \""Official MHA report lists these districts in the July 2021 flood/heavy-rain episode.\"", \""evidence_scope\"": \""exact_or_direct_event\"", \""evidence_type\"": \""direct_disaster_impact\"", \""mapping_row\"": 841, \""merge_rule\"": \""dedupe on event_id + canonical(state,district); preserve original source name\"", \""origin\"": \""prior_research_pass\"", \""source_class\"": \""official_government\"", \""source_title\"": \""Government of India MHA/NERC Situation Report, 29 Jul 2021\"", \""source_url\"": \""https://ndmindia.mha.gov.in/ndmi/viewUploadedDocument?uid=D409\"", \""source_verification\"": \""supplied_not_independently_verified\"", \""state\"": \""Karnataka\"", \""year\"": \""2021\""}""]",admin_units|gadm|location,"[""admin_units:1494"", ""gadm:IND.16_1"", ""location:(?<![A-Za-z])Karnataka(?![A-Za-z])""]",district,official_government,direct_disaster_impact,none,https://ndmindia.mha.gov.in/ndmi/viewUploadedDocument?uid=D409,9.154,0.0009,10404.181767076385,S1,observed,matched,76128533B79180273895456,interim_s1_only,fs1-3016a20fd3ad,pending,,4002.0244,0.0023,9.154,S1,,incomplete,llm_qa,complete,40,40,0,0,40,False,local_state_plus_targeted_bigquery,14,40,0.2915321719296756,1437169.0,418981.0,1018188.0,2011,census_2011_official;file=census_2011_district_urban_rural.xlsx;sha256=acb01ddb965be41cf22a20f0e641fdbcc1f4a16e6b7bc9cf91478ce289f853e8;catalog=https://censusindia.gov.in/nada/index.php/catalog/42557,matched,563,resolved,article_collection_incomplete;article_count_missing_or_invalid,False
E126::pathanamthitta,E126,2021-0316-IND,Kerala,Pathanamthitta,2021-06-01,2021-06-30,start:day|end:day,external_recovery,"[""{\""canonical_district\"": \""Pathanamthitta\"", \""circularity_risk\"": \""none\"", \""end_date\"": \""2021-06-30\"", \""event_id\"": \""E126\"", \""evidence_note\"": \""Monsoon impact candidate only; direct event-specific flooding not established in retrieved source.\"", \""evidence_scope\"": \""same_month_weather\"", \""evidence_type\"": \""rainfall_proxy\"", \""mapping_row\"": 844, \""merge_rule\"": \""dedupe on event_id + canonical(state,district); retain all source provenance\"", \""origin\"": \""exhaustive_followup\"", \""source_class\"": \""state_government\"", \""source_record_id\"": \""2021-0316-IND\"", \""source_title\"": \""Kerala June 2021 monsoon reporting\"", \""source_url\"": \""https://prd.kerala.gov.in/index.php/en/node/124576\"", \""source_verification\"": \""supplied_not_independently_verified\"", \""start_date\"": \""2021-06-01\"", \""state\"": \""Kerala\"", \""year\"": \""2021\""}""]",admin_units|gadm|location,"[""admin_units:1495"", ""gadm:IND.17_1"", ""location:(?<![A-Za-z])Kerala(?![A-Za-z])""]",district,state_government,rainfall_proxy,none,https://prd.kerala.gov.in/index.php/en/node/124576,5.4407,0.002,2663.6118314901764,S1,observed,matched,76128533B29330052395581,interim_s1_only,fs1-3016a20fd3ad,pending,,492.0105,0.0111,5.4407,S1,,incomplete,llm_qa,complete,45,45,0,0,45,False,local_state_plus_targeted_bigquery,14,45,0.1099145490441051,1197412.0,131613.0,1065799.0,2011,census_2011_official;file=census_2011_district_urban_rural.xlsx;sha256=acb01ddb965be41cf22a20f0e641fdbcc1f4a16e6b7bc9cf91478ce289f853e8;catalog=https://censusindia.gov.in/nada/index.php/catalog/42557,matched,599,resolved,article_collection_incomplete;article_count_missing_or_invalid,False
E127::mumbai%20suburban,E127,2021-0316-IND,Maharashtra,Mumbai Suburban,2021-06-01,2021-06-30,start:day|end:day,external_recovery,"[""{\""canonical_district\"": \""Mumbai Suburban\"", \""circularity_risk\"": \""none\"", \""event_id\"": \""E127\"", \""evidence_note\"": \""Official MHA report lists these affected districts in the July 2021 flood episode.\"", \""evidence_scope\"": \""exact_or_direct_event\"", \""evidence_type\"": \""direct_disaster_impact\"", \""mapping_row\"": 846, \""merge_rule\"": \""dedupe on event_id + canonical(state,district); preserve original source name\"", \""origin\"": \""prior_research_pass\"", \""source_class\"": \""official_government\"", \""source_title\"": \""Government of India MHA/NERC Situation Report, 29 Jul 2021\"", \""source_url\"": \""https://ndmindia.mha.gov.in/ndmi/viewUploadedDocument?uid=D409\"", \""source_verification\"": \""supplied_not_independently_verified\"", \""state\"": \""Maharashtra\"", \""year\"": \""2021\""}""]",admin_units|gadm|location,"[""admin_units:1498"", ""gadm:IND.20_1"", ""location:(?<![A-Za-z])Maharashtra(?![A-Za-z])""]",district,official_government,direct_disaster_impact,none,https://ndmindia.mha.gov.in/ndmi/viewUploadedDocument?uid=D409,1.2741,0.0031,409.3994670782586,S1,observed,matched,70183.0,interim_s1_only,fs1-3016a20fd3ad,pending,,269.1381,0.0047,1.2741,S1,,incomplete,llm_qa,complete,250,251,0,0,251,False,local_state_plus_targeted_bigquery,14,251,1.0,9356962.0,9356962.0,0.0,2011,census_2011_official;file=census_2011_district_urban_rural.xlsx;sha256=acb01ddb965be41cf22a20f0e641fdbcc1f4a16e6b7bc9cf91478ce289f853e8;catalog=https://censusindia.gov.in/nada/index.php/catalog/42557,matched,518,resolved,article_collection_incomplete;article_count_missing_or_invalid,False
E127::sangli,E127,2021-0316-IND,Maharashtra,Sangli,2021-06-01,2021-06-30,start:day|end:day,external_recovery,"[""{\""canonical_district\"": \""Sangli\"", \""circularity_risk\"": \""none\"", \""event_id\"": \""E127\"", \""evidence_note\"": \""Official MHA report lists these affected districts in the July 2021 flood episode.\"", \""evidence_scope\"": \""exact_or_direct_event\"", \""evidence_type\"": \""direct_disaster_impact\"", \""mapping_row\"": 850, \""merge_rule\"": \""dedupe on event_id + canonical(state,district); preserve original source name\"", \""origin\"": \""prior_research_pass\"", \""source_class\"": \""official_government\"", \""source_title\"": \""Government of India MHA/NERC Situation Report, 29 Jul 2021\"", \""source_url\"": \""https://ndmindia.mha.gov.in/ndmi/viewUploadedDocument?uid=D409\"", \""source_verification\"": \""supplied_not_independently_verified\"", \""state\"": \""Maharashtra\"", \""year\"": \""2021\""}""]",admin_units|gadm|location,"[""admin_units:1498"", ""gadm:IND.20_1"", ""location:(?<![A-Za-z])Maharashtra(?![A-Za-z])""]",district,official_government,direct_disaster_impact,none,https://ndmindia.mha.gov.in/ndmi/viewUploadedDocument?uid=D409,86.6254,0.0101,8563.308722938114,S1,observed,matched,17780.0,interim_s1_only,fs1-3016a20fd3ad,pending,,7362.7661,0.0118,86.6254,S1,,incomplete,llm_qa,complete,250,250,0,0,250,False,local_state_plus_targeted_bigquery,14,250,0.2548974307822105,2822143.0,719357.0,2102786.0,2011,census_2011_official;file=census_2011_district_urban_rural.xlsx;sha256=acb01ddb965be41cf22a20f0e641fdbcc1f4a16e6b7bc9cf91478ce289f853e8;catalog=https://censusindia.gov.in/nada/index.php/catalog/42557,matched,531,resolved,article_collection_incomplete;article_count_missing_or_invalid,False
E127::wardha,E127,2021-0316-IND,Maharashtra,Wardha,2021-06-01,2021-06-30,start:day|end:day,external_recovery,"[""{\""canonical_district\"": \""Wardha\"", \""circularity_risk\"": \""none\"", \""event_id\"": \""E127\"", \""evidence_note\"": \""Official MHA report lists these affected districts in the July 2021 flood episode.\"", \""evidence_scope\"": \""exact_or_direct_event\"", \""evidence_type\"": \""direct_disaster_impact\"", \""mapping_row\"": 854, \""merge_rule\"": \""dedupe on event_id + canonical(state,district); preserve original source name\"", \""origin\"": \""prior_research_pass\"", \""source_class\"": \""official_government\"", \""source_title\"": \""Government of India MHA/NERC Situation Report, 29 Jul 2021\"", \""source_url\"": \""https://ndmindia.mha.gov.in/ndmi/viewUploadedDocument?uid=D409\"", \""source_verification\"": \""supplied_not_independently_verified\"", \""state\"": \""Maharashtra\"", \""year\"": \""2021\""}""]",admin_units|gadm|location,"[""admin_units:1498"", ""gadm:IND.20_1"", ""location:(?<![A-Za-z])Maharashtra(?![A-Za-z])""]",district,official_government,direct_disaster_impact,none,https://ndmindia.mha.gov.in/ndmi/viewUploadedDocument?uid=D409,104.1893,0.0165,6326.751952312784,S1,observed,matched,17784.0,interim_s1_only,fs1-3016a20fd3ad,pending,,5465.4311,0.0191,104.1893,S1,,incomplete,llm_qa,complete,250,250,0,0,250,False,local_state_plus_targeted_bigquery,14,250,0.325421633581237,1300774.0,423300.0,877474.0,2011,census_2011_official;file=census_2011_district_urban_rural.xlsx;sha256=acb01ddb965be41cf22a20f0e641fdbcc1f4a16e6b7bc9cf91478ce289f853e8;catalog=https://censusindia.gov.in/nada/index.php/catalog/42557,matched,504,resolved,article_collection_incomplete;article_count_missing_or_invalid,False
E128::gomati,E128,2021-0316-IND,Tripura,Gomati,2021-06-01,2021-06-30,start:day|end:day,external_recovery,"[""{\""canonical_district\"": \""Gomati\"", \""circularity_risk\"": \""none\"", \""end_date\"": \""2021-06-30\"", \""event_id\"": \""E128\"", \""evidence_note\"": \""State government flood-preparedness geography; retained only maximal because actual event impact is not explicit.\"", \""evidence_scope\"": \""same_month_preparedness\"", \""evidence_type\"": \""preparedness_proxy\"", \""mapping_row\"": 855, \""merge_rule\"": \""dedupe on event_id + canonical(state,district); retain all source provenance\"", \""origin\"": \""exhaustive_followup\"", \""source_class\"": \""state_government\"", \""source_record_id\"": \""2021-0316-IND\"", \""source_title\"": \""Government of Tripura southwest monsoon flood preparedness, 15 Jun 2021\"", \""source_url\"": \""https://ica.tripura.gov.in/sites/default/files/1573-21%20Preparedness%20of%20flood%20situation%20south%20west%20monsoon%20in%20Tripura%202021.pdf\"", \""source_verification\"": \""supplied_not_independently_verified\"", \""start_date\"": \""2021-06-01\"", \""state\"": \""Tripura\"", \""year\"": \""2021\""}""]",admin_units|gadm|location,"[""admin_units:1509"", ""gadm:IND.33_1"", ""location:(?<![A-Za-z])Tripura(?![A-Za-z])""]",district,state_government,preparedness_proxy,none,https://ica.tripura.gov.in/sites/default/files/1573-21%20Preparedness%20of%20flood%20situation%20south%20west%20monsoon%20in%20Tripura%202021.pdf,5.9708,0.0037,1617.9532415825593,S1,observed,matched,76128533B94126463611805,interim_s1_only,fs1-3016a20fd3ad,pending,,610.8811,0.0098,5.9708,S1,,incomplete,llm_qa,complete,20,20,0,0,20,False,local_state_plus_targeted_bigquery,14,20,,,,,2011,census_2011_official,unmatched,,resolved,article_collection_incomplete;article_count_missing_or_invalid;census_unmatched;census_invalid;census_population_inconsistent,False
E128::south%20tripura,E128,2021-0316-IND,Tripura,South Tripura,2021-06-01,2021-06-30,start:day|end:day,external_recovery,"[""{\""canonical_district\"": \""South Tripura\"", \""circularity_risk\"": \""none\"", \""end_date\"": \""2021-06-30\"", \""event_id\"": \""E128\"", \""evidence_note\"": \""State government flood-preparedness geography; retained only maximal because actual event impact is not explicit.\"", \""evidence_scope\"": \""same_month_preparedness\"", \""evidence_type\"": \""preparedness_proxy\"", \""mapping_row\"": 856, \""merge_rule\"": \""dedupe on event_id + canonical(state,district); retain all source provenance\"", \""origin\"": \""exhaustive_followup\"", \""source_class\"": \""state_government\"", \""source_record_id\"": \""2021-0316-IND\"", \""source_title\"": \""Government of Tripura southwest monsoon flood preparedness, 15 Jun 2021\"", \""source_url\"": \""https://ica.tripura.gov.in/sites/default/files/1573-21%20Preparedness%20of%20flood%20situation%20south%20west%20monsoon%20in%20Tripura%202021.pdf\"", \""source_verification\"": \""supplied_not_independently_verified\"", \""start_date\"": \""2021-06-01\"", \""state\"": \""Tripura\"", \""year\"": \""2021\""}""]",admin_units|gadm|location,"[""admin_units:1509"", ""gadm:IND.33_1"", ""location:(?<![A-Za-z])Tripura(?![A-Za-z])""]",district,state_government,preparedness_proxy,none,https://ica.tripura.gov.in/sites/default/files/1573-21%20Preparedness%20of%20flood%20situation%20south%20west%20monsoon%20in%20Tripura%202021.pdf,11.4849,0.0036,3224.504208632636,S1,observed,matched,17886.0,interim_s1_only,fs1-3016a20fd3ad,pending,,1349.3356,0.0085,11.4849,S1,,incomplete,llm_qa,complete,20,20,0,0,20,False,local_state_plus_targeted_bigquery,14,20,0.1404461867052663,876001.0,123031.0,752970.0,2011,census_2011_official;file=census_2011_district_urban_rural.xlsx;sha256=acb01ddb965be41cf22a20f0e641fdbcc1f4a16e6b7bc9cf91478ce289f853e8;catalog=https://censusindia.gov.in/nada/index.php/catalog/42557,matched,290,resolved,article_collection_incomplete;article_count_missing_or_invalid,False
E128::west%20tripura,E128,2021-0316-IND,Tripura,West Tripura,2021-06-01,2021-06-30,start:day|end:day,external_recovery,"[""{\""canonical_district\"": \""West Tripura\"", \""circularity_risk\"": \""none\"", \""end_date\"": \""2021-06-30\"", \""event_id\"": \""E128\"", \""evidence_note\"": \""State government flood-preparedness geography; retained only maximal because actual event impact is not explicit.\"", \""evidence_scope\"": \""same_month_preparedness\"", \""evidence_type\"": \""preparedness_proxy\"", \""mapping_row\"": 857, \""merge_rule\"": \""dedupe on event_id + canonical(state,district); retain all source provenance\"", \""origin\"": \""exhaustive_followup\"", \""source_class\"": \""state_government\"", \""source_record_id\"": \""2021-0316-IND\"", \""source_title\"": \""Government of Tripura southwest monsoon flood preparedness, 15 Jun 2021\"", \""source_url\"": \""https://ica.tripura.gov.in/sites/default/files/1573-21%20Preparedness%20of%20flood%20situation%20south%20west%20monsoon%20in%20Tripura%202021.pdf\"", \""source_verification\"": \""supplied_not_independently_verified\"", \""start_date\"": \""2021-06-01\"", \""state\"": \""Tripura\"", \""year\"": \""2021\""}""]",admin_units|gadm|location,"[""admin_units:1509"", ""gadm:IND.33_1"", ""location:(?<![A-Za-z])Tripura(?![A-Za-z])""]",district,state_government,preparedness_proxy,none,https://ica.tripura.gov.in/sites/default/files/1573-21%20Preparedness%20of%20flood%20situation%20south%20west%20monsoon%20in%20Tripura%202021.pdf,11.3941,0.0037,3039.951701839773,S1,observed,matched,17887.0,interim_s1_only,fs1-3016a20fd3ad,pending,,1614.0109,0.0071,11.3941,S1,,incomplete,llm_qa,complete,20,20,0,0,20,False,local_state_plus_targeted_bigquery,14,20,0.3926654030534165,1725739.0,677638.0,1048101.0,2011,census_2011_official;file=census_2011_district_urban_rural.xlsx;sha256=acb01ddb965be41cf22a20f0e641fdbcc1f4a16e6b7bc9cf91478ce289f853e8;catalog=https://censusindia.gov.in/nada/index.php/catalog/42557,matched,289,resolved,article_collection_incomplete;article_count_missing_or_invalid,False
E129::ballia,E129,2021-0316-IND,Uttar Pradesh,Ballia,2021-06-01,2021-06-30,start:day|end:day,external_recovery,"[""{\""canonical_district\"": \""Ballia\"", \""circularity_risk\"": \""none\"", \""end_date\"": \""2021-06-30\"", \""event_id\"": \""E129\"", \""evidence_note\"": \""CWC severe/high river conditions or affected villages during June 2021 event.\"", \""evidence_scope\"": \""exact_event_period\"", \""evidence_type\"": \""direct_disaster_impact\"", \""mapping_row\"": 859, \""merge_rule\"": \""dedupe on event_id + canonical(state,district); retain all source provenance\"", \""origin\"": \""exhaustive_followup\"", \""source_class\"": \""official_government\"", \""source_record_id\"": \""2021-0316-IND\"", \""source_title\"": \""CWC/MHA flood situation, Uttar Pradesh June 2021\"", \""source_url\"": \""https://ndmindia.mha.gov.in/ndmi/viewUploadedDocument?uid=D526\"", \""source_verification\"": \""supplied_not_independently_verified\"", \""start_date\"": \""2021-06-01\"", \""state\"": \""Uttar Pradesh\"", \""year\"": \""2021\""}""]",admin_units|gadm|location,"[""admin_units:70081"", ""gadm:IND.34_1"", ""location:(?<![A-Za-z])Uttar\\ Pradesh(?![A-Za-z])""]",district,official_government,direct_disaster_impact,none,https://ndmindia.mha.gov.in/ndmi/viewUploadedDocument?uid=D526,45.6357,0.0151,3013.8054759791835,S1,observed,matched,17894.0,interim_s1_only,fs1-3016a20fd3ad,pending,,2760.4153,0.0165,45.6357,S1,,incomplete,llm_qa,complete,50,50,0,0,50,False,local_state_plus_targeted_bigquery,14,50,0.0938673500065128,3239774.0,304109.0,2935665.0,2011,census_2011_official;file=census_2011_district_urban_rural.xlsx;sha256=acb01ddb965be41cf22a20f0e641fdbcc1f4a16e6b7bc9cf91478ce289f853e8;catalog=https://censusindia.gov.in/nada/index.php/catalog/42557,matched,193,resolved,article_collection_incomplete;article_count_missing_or_invalid,False
E129::budaun,E129,2021-0316-IND,Uttar Pradesh,Budaun,2021-06-01,2021-06-30,start:day|end:day,external_recovery,"[""{\""canonical_district\"": \""Budaun\"", \""circularity_risk\"": \""none\"", \""end_date\"": \""2021-06-30\"", \""event_id\"": \""E129\"", \""evidence_note\"": \""CWC severe/high river conditions or affected villages during June 2021 event.\"", \""evidence_scope\"": \""exact_event_period\"", \""evidence_type\"": \""direct_disaster_impact\"", \""mapping_row\"": 861, \""merge_rule\"": \""dedupe on event_id + canonical(state,district); retain all source provenance\"", \""origin\"": \""exhaustive_followup\"", \""source_class\"": \""official_government\"", \""source_record_id\"": \""2021-0316-IND\"", \""source_title\"": \""CWC/MHA flood situation, Uttar Pradesh June 2021\"", \""source_url\"": \""https://ndmindia.mha.gov.in/ndmi/viewUploadedDocument?uid=D526\"", \""source_verification\"": \""supplied_not_independently_verified\"", \""start_date\"": \""2021-06-01\"", \""state\"": \""Uttar Pradesh\"", \""year\"": \""2021\""}""]",admin_units|gadm|location,"[""admin_units:70081"", ""gadm:IND.34_1"", ""location:(?<![A-Za-z])Uttar\\ Pradesh(?![A-Za-z])""]",district,official_government,direct_disaster_impact,none,https://ndmindia.mha.gov.in/ndmi/viewUploadedDocument?uid=D526,564.3184,0.133,4242.298807636645,S1,observed,matched,76128533B84679668760735,interim_s1_only,fs1-3016a20fd3ad,pending,,4128.2792,0.1367,564.3184,S1,,incomplete,llm_qa,complete,50,50,0,0,50,False,local_state_plus_targeted_bigquery,14,50,0.1750714849088621,3681896.0,644595.0,3037301.0,2011,census_2011_official;file=census_2011_district_urban_rural.xlsx;sha256=acb01ddb965be41cf22a20f0e641fdbcc1f4a16e6b7bc9cf91478ce289f853e8;catalog=https://censusindia.gov.in/nada/index.php/catalog/42557,matched,149,resolved,article_collection_incomplete;article_count_missing_or_invalid,False
E129::lakhimpur%20kheri,E129,2021-0316-IND,Uttar Pradesh,Lakhimpur Kheri,2021-06-01,2021-06-30,start:day|end:day,external_recovery,"[""{\""canonical_district\"": \""Lakhimpur Kheri\"", \""circularity_risk\"": \""none\"", \""end_date\"": \""2021-06-30\"", \""event_id\"": \""E129\"", \""evidence_note\"": \""CWC severe/high river conditions or affected villages during June 2021 event.\"", \""evidence_scope\"": \""exact_event_period\"", \""evidence_type\"": \""direct_disaster_impact\"", \""mapping_row\"": 862, \""merge_rule\"": \""dedupe on event_id + canonical(state,district); retain all source provenance\"", \""origin\"": \""exhaustive_followup\"", \""source_class\"": \""official_government\"", \""source_record_id\"": \""2021-0316-IND\"", \""source_title\"": \""CWC/MHA flood situation, Uttar Pradesh June 2021\"", \""source_url\"": \""https://ndmindia.mha.gov.in/ndmi/viewUploadedDocument?uid=D526\"", \""source_verification\"": \""supplied_not_independently_verified\"", \""start_date\"": \""2021-06-01\"", \""state\"": \""Uttar Pradesh\"", \""year\"": \""2021\""}""]",admin_units|gadm|location,"[""admin_units:70081"", ""gadm:IND.34_1"", ""location:(?<![A-Za-z])Uttar\\ Pradesh(?![A-Za-z])""]",district,official_government,direct_disaster_impact,none,https://ndmindia.mha.gov.in/ndmi/viewUploadedDocument?uid=D526,127.8281,0.0166,7708.742992388735,S1,observed,matched,17921.0,interim_s1_only,fs1-3016a20fd3ad,pending,,7230.8731,0.0177,127.8281,S1,,incomplete,llm_qa,complete,50,50,0,0,50,False,local_state_plus_targeted_bigquery,14,50,0.1146498731859775,4021243.0,461035.0,3560208.0,2011,census_2011_official;file=census_2011_district_urban_rural.xlsx;sha256=acb01ddb965be41cf22a20f0e641fdbcc1f4a16e6b7bc9cf91478ce289f853e8;catalog=https://censusindia.gov.in/nada/index.php/catalog/42557;crosswalk=district_name_crosswalk.csv;sha256=c8dc691ab763e799cc1aafb29e9c17ab287710bd63447ad37281418d902c30e9,matched_crosswalk,153,resolved,article_collection_incomplete;article_count_missing_or_invalid,False
E131::cooch%20behar,E131,2021-0316-IND,West Bengal,Cooch Behar,2021-06-01,2021-06-30,start:day|end:day,external_recovery,"[""{\""canonical_district\"": \""Cooch Behar\"", \""circularity_risk\"": \""none\"", \""end_date\"": \""2021-06-30\"", \""event_id\"": \""E131\"", \""evidence_note\"": \""Likely monsoon/flood geography; direct event-specific evidence incomplete.\"", \""evidence_scope\"": \""same_month_weather\"", \""evidence_type\"": \""river_flood_proxy\"", \""mapping_row\"": 866, \""merge_rule\"": \""dedupe on event_id + canonical(state,district); retain all source provenance\"", \""origin\"": \""exhaustive_followup\"", \""source_class\"": \""official_government\"", \""source_record_id\"": \""2021-0316-IND\"", \""source_title\"": \""CWC/monsoon reports West Bengal June 2021\"", \""source_url\"": \""https://ndmindia.mha.gov.in/ndmi/report\"", \""source_verification\"": \""supplied_not_independently_verified\"", \""start_date\"": \""2021-06-01\"", \""state\"": \""West Bengal\"", \""year\"": \""2021\""}""]",admin_units|gadm|location,"[""admin_units:1511"", ""gadm:IND.36_1"", ""location:(?<![A-Za-z])West\\ Bengal(?![A-Za-z])""]",district,official_government,river_flood_proxy,none,https://ndmindia.mha.gov.in/ndmi/report,59.8795,0.0182,3288.1312386454174,S1,observed,matched,76128533B64156747739715,interim_s1_only,fs1-3016a20fd3ad,pending,,3131.2864,0.0191,59.8795,S1,,incomplete,llm_qa,complete,60,60,0,0,60,False,local_state_plus_targeted_bigquery,14,60,0.1026694467639511,2819086.0,289434.0,2529652.0,2011,census_2011_official;file=census_2011_district_urban_rural.xlsx;sha256=acb01ddb965be41cf22a20f0e641fdbcc1f4a16e6b7bc9cf91478ce289f853e8;catalog=https://censusindia.gov.in/nada/index.php/catalog/42557;crosswalk=district_name_crosswalk.csv;sha256=c8dc691ab763e799cc1aafb29e9c17ab287710bd63447ad37281418d902c30e9,matched_crosswalk,329,resolved,article_collection_incomplete;article_count_missing_or_invalid,False
E131::darjeeling,E131,2021-0316-IND,West Bengal,Darjeeling,2021-06-01,2021-06-30,start:day|end:day,external_recovery,"[""{\""canonical_district\"": \""Darjeeling\"", \""circularity_risk\"": \""none\"", \""end_date\"": \""2021-06-30\"", \""event_id\"": \""E131\"", \""evidence_note\"": \""Likely monsoon/flood geography; direct event-specific evidence incomplete.\"", \""evidence_scope\"": \""same_month_weather\"", \""evidence_type\"": \""river_flood_proxy\"", \""mapping_row\"": 867, \""merge_rule\"": \""dedupe on event_id + canonical(state,district); retain all source provenance\"", \""origin\"": \""exhaustive_followup\"", \""source_class\"": \""official_government\"", \""source_record_id\"": \""2021-0316-IND\"", \""source_title\"": \""CWC/monsoon reports West Bengal June 2021\"", \""source_url\"": \""https://ndmindia.mha.gov.in/ndmi/report\"", \""source_verification\"": \""supplied_not_independently_verified\"", \""start_date\"": \""2021-06-01\"", \""state\"": \""West Bengal\"", \""year\"": \""2021\""}""]",admin_units|gadm|location,"[""admin_units:1511"", ""gadm:IND.36_1"", ""location:(?<![A-Za-z])West\\ Bengal(?![A-Za-z])""]",district,official_government,river_flood_proxy,none,https://ndmindia.mha.gov.in/ndmi/report,1.8939,0.0009,2082.4452472301264,S1,observed,matched,76128533B17109302371020,interim_s1_only,fs1-3016a20fd3ad,pending,,826.6807,0.0023,1.8939,S1,0.0,partial,llm_qa_observed_lower_bound,complete,60,61,0,1,60,True,local_state_plus_targeted_bigquery,14,60,,,,,2011,census_2011_official,unmatched,,resolved,census_unmatched;census_invalid;census_population_inconsistent,False
E132::north%20goa,E132,2021-0435-IND,Goa,North Goa,2021-06-01,2021-09-30,start:day|end:day,external_recovery,"[""{\""canonical_district\"": \""North Goa\"", \""circularity_risk\"": \""none\"", \""end_date\"": \""2021-09-30\"", \""event_id\"": \""E132\"", \""evidence_note\"": \""Both Goa districts experienced monsoon impacts; retained relaxed for the long June-Sep event, but requires local source confirmation.\"", \""evidence_scope\"": \""within_long_event_window\"", \""evidence_type\"": \""seasonal_cumulative\"", \""mapping_row\"": 869, \""merge_rule\"": \""dedupe on event_id + canonical(state,district); retain all source provenance\"", \""origin\"": \""exhaustive_followup\"", \""source_class\"": \""state_government\"", \""source_record_id\"": \""2021-0435-IND\"", \""source_title\"": \""Goa monsoon flood/heavy-rain response 2021\"", \""source_url\"": \""https://www.goa.gov.in/\"", \""source_verification\"": \""supplied_not_independently_verified\"", \""start_date\"": \""2021-06-01\"", \""state\"": \""Goa\"", \""year\"": \""2021\""}""]",admin_units|gadm|location,"[""admin_units:1490"", ""gadm:IND.10_1"", ""location:(?<![A-Za-z])Goa(?![A-Za-z])""]",district,state_government,seasonal_cumulative,none,https://www.goa.gov.in/,1.9305,0.0011,1692.9665550824852,S1,observed,matched,70122.0,interim_s1_only,fs1-3016a20fd3ad,pending,,713.3966,0.0027,1.9305,S1,,incomplete,llm_qa,complete,9,9,0,0,9,False,local_state_plus_targeted_bigquery,14,9,0.6027826133729743,818008.0,493081.0,324927.0,2011,census_2011_official;file=census_2011_district_urban_rural.xlsx;sha256=acb01ddb965be41cf22a20f0e641fdbcc1f4a16e6b7bc9cf91478ce289f853e8;catalog=https://censusindia.gov.in/nada/index.php/catalog/42557,matched,585,resolved,article_collection_incomplete;article_count_missing_or_invalid,False
E132::south%20goa,E132,2021-0435-IND,Goa,South Goa,2021-06-01,2021-09-30,start:day|end:day,external_recovery,"[""{\""canonical_district\"": \""South Goa\"", \""circularity_risk\"": \""none\"", \""end_date\"": \""2021-09-30\"", \""event_id\"": \""E132\"", \""evidence_note\"": \""Both Goa districts experienced monsoon impacts; retained relaxed for the long June-Sep event, but requires local source confirmation.\"", \""evidence_scope\"": \""within_long_event_window\"", \""evidence_type\"": \""seasonal_cumulative\"", \""mapping_row\"": 870, \""merge_rule\"": \""dedupe on event_id + canonical(state,district); retain all source provenance\"", \""origin\"": \""exhaustive_followup\"", \""source_class\"": \""state_government\"", \""source_record_id\"": \""2021-0435-IND\"", \""source_title\"": \""Goa monsoon flood/heavy-rain response 2021\"", \""source_url\"": \""https://www.goa.gov.in/\"", \""source_verification\"": \""supplied_not_independently_verified\"", \""start_date\"": \""2021-06-01\"", \""state\"": \""Goa\"", \""year\"": \""2021\""}""]",admin_units|gadm|location,"[""admin_units:1490"", ""gadm:IND.10_1"", ""location:(?<![A-Za-z])Goa(?![A-Za-z])""]",district,state_government,seasonal_cumulative,none,https://www.goa.gov.in/,0.8769,0.0004,1992.3538358024769,S1,observed,matched,70123.0,interim_s1_only,fs1-3016a20fd3ad,pending,,723.8956,0.0012,0.8769,S1,,incomplete,llm_qa,complete,9,9,0,0,9,False,local_state_plus_targeted_bigquery,14,9,0.6459158487331723,640537.0,413733.0,226804.0,2011,census_2011_official;file=census_2011_district_urban_rural.xlsx;sha256=acb01ddb965be41cf22a20f0e641fdbcc1f4a16e6b7bc9cf91478ce289f853e8;catalog=https://censusindia.gov.in/nada/index.php/catalog/42557,matched,586,resolved,article_collection_incomplete;article_count_missing_or_invalid,False
E133::lahaul%20and%20spiti,E133,2021-0435-IND,Himachal Pradesh,Lahaul and Spiti,2021-06-01,2021-09-30,start:day|end:day,external_recovery,"[""{\""canonical_district\"": \""Lahaul and Spiti\"", \""circularity_risk\"": \""none\"", \""event_id\"": \""E133\"", \""evidence_note\"": \""Official MHA report identifies Lahaul and Spiti in the same cloudburst/flood period; verify event overlap when merging.\"", \""evidence_scope\"": \""same_episode\"", \""evidence_type\"": \""same_episode_evidence\"", \""mapping_row\"": 871, \""merge_rule\"": \""dedupe on event_id + canonical(state,district); preserve original source name\"", \""origin\"": \""prior_research_pass\"", \""source_class\"": \""official_government\"", \""source_title\"": \""Government of India MHA/NERC Situation Report, 29 Jul 2021\"", \""source_url\"": \""https://ndmindia.mha.gov.in/ndmi/viewUploadedDocument?uid=D409\"", \""source_verification\"": \""supplied_not_independently_verified\"", \""state\"": \""Himachal Pradesh\"", \""year\"": \""2021\""}""]",admin_units|gadm|location,"[""admin_units:1493"", ""gadm:IND.13_1"", ""location:(?<![A-Za-z])Himachal\\ Pradesh(?![A-Za-z])""]",district,official_government,same_episode_evidence,none,https://ndmindia.mha.gov.in/ndmi/viewUploadedDocument?uid=D409,159.932,0.0116,13839.679584293348,S1,observed,matched,76128533B75359793481950,interim_s1_only,fs1-3016a20fd3ad,pending,,475.4647,0.3364,159.932,S1,,incomplete,llm_qa,complete,4,4,0,0,4,False,local_state_plus_targeted_bigquery,14,4,0.0,31564.0,0.0,31564.0,2011,census_2011_official;file=census_2011_district_urban_rural.xlsx;sha256=acb01ddb965be41cf22a20f0e641fdbcc1f4a16e6b7bc9cf91478ce289f853e8;catalog=https://censusindia.gov.in/nada/index.php/catalog/42557;crosswalk=district_name_crosswalk.csv;sha256=c8dc691ab763e799cc1aafb29e9c17ab287710bd63447ad37281418d902c30e9,matched_crosswalk,025,resolved,article_collection_incomplete;article_count_missing_or_invalid,False
E134::sahibganj,E134,2021-0435-IND,Jharkhand,Sahibganj,2021-06-01,2021-09-30,start:day|end:day,external_recovery,"[""{\""canonical_district\"": \""Sahibganj\"", \""circularity_risk\"": \""none\"", \""end_date\"": \""2021-09-30\"", \""event_id\"": \""E134\"", \""evidence_note\"": \""Ganga at Sahibganj in severe flood condition during long monsoon event.\"", \""evidence_scope\"": \""within_long_event_window\"", \""evidence_type\"": \""direct_disaster_impact\"", \""mapping_row\"": 872, \""merge_rule\"": \""dedupe on event_id + canonical(state,district); retain all source provenance\"", \""origin\"": \""exhaustive_followup\"", \""source_class\"": \""official_government\"", \""source_record_id\"": \""2021-0435-IND\"", \""source_title\"": \""CWC/MHA severe flood situation, Jharkhand 2021\"", \""source_url\"": \""https://ndmindia.mha.gov.in/ndmi/report\"", \""source_verification\"": \""supplied_not_independently_verified\"", \""start_date\"": \""2021-06-01\"", \""state\"": \""Jharkhand\"", \""year\"": \""2021\""}""]",admin_units|gadm|location,"[""admin_units:70078"", ""gadm:IND.15_1"", ""location:(?<![A-Za-z])Jharkhand(?![A-Za-z])""]",district,official_government,direct_disaster_impact,none,https://ndmindia.mha.gov.in/ndmi/report,24.6254,0.0112,2203.455310809673,S1,observed,matched,70154.0,interim_s1_only,fs1-3016a20fd3ad,pending,,1537.1202,0.016,24.6254,S1,,incomplete,llm_qa,complete,4,4,0,0,4,False,local_state_plus_targeted_bigquery,14,4,0.1387715795777212,1150567.0,159666.0,990901.0,2011,census_2011_official;file=census_2011_district_urban_rural.xlsx;sha256=acb01ddb965be41cf22a20f0e641fdbcc1f4a16e6b7bc9cf91478ce289f853e8;catalog=https://censusindia.gov.in/nada/index.php/catalog/42557,matched,352,resolved,article_collection_incomplete;article_count_missing_or_invalid,False
E138::east%20medinipur,E138,2021-0435-IND,West Bengal,East Medinipur,2021-06-01,2021-09-30,start:day|end:day,external_recovery,"[""{\""canonical_district\"": \""East Medinipur\"", \""circularity_risk\"": \""none\"", \""event_id\"": \""E138\"", \""evidence_note\"": \""Official MHA report identifies these flood-affected West Bengal districts.\"", \""evidence_scope\"": \""exact_or_direct_event\"", \""evidence_type\"": \""direct_disaster_impact\"", \""mapping_row\"": 888, \""merge_rule\"": \""dedupe on event_id + canonical(state,district); preserve original source name\"", \""origin\"": \""prior_research_pass\"", \""source_class\"": \""official_government\"", \""source_title\"": \""Government of India MHA/NERC Situation Report, 17 Sep 2021\"", \""source_url\"": \""https://ndmindia.mha.gov.in/ndmi/viewUploadedDocument?uid=D619\"", \""source_verification\"": \""supplied_not_independently_verified\"", \""state\"": \""West Bengal\"", \""year\"": \""2021\""}""]",admin_units|gadm|location,"[""admin_units:1511"", ""gadm:IND.36_1"", ""location:(?<![A-Za-z])Bengale(?![A-Za-z])""]",district,official_government,direct_disaster_impact,none,https://ndmindia.mha.gov.in/ndmi/viewUploadedDocument?uid=D619,228.209,0.0543,4206.535570896404,S1,observed,matched,76128533B25373378863054,interim_s1_only,fs1-3016a20fd3ad,pending,,3810.954,0.0599,228.209,S1,,incomplete,llm_qa,complete,60,60,0,0,60,False,local_state_plus_targeted_bigquery,14,60,0.1163125076655137,5095875.0,592714.0,4503161.0,2011,census_2011_official;file=census_2011_district_urban_rural.xlsx;sha256=acb01ddb965be41cf22a20f0e641fdbcc1f4a16e6b7bc9cf91478ce289f853e8;catalog=https://censusindia.gov.in/nada/index.php/catalog/42557;crosswalk=district_name_crosswalk.csv;sha256=c8dc691ab763e799cc1aafb29e9c17ab287710bd63447ad37281418d902c30e9,matched_crosswalk,345,resolved,article_collection_incomplete;article_count_missing_or_invalid,False
E138::west%20medinipur,E138,2021-0435-IND,West Bengal,West Medinipur,2021-06-01,2021-09-30,start:day|end:day,external_recovery,"[""{\""canonical_district\"": \""West Medinipur\"", \""circularity_risk\"": \""none\"", \""event_id\"": \""E138\"", \""evidence_note\"": \""Official MHA report identifies these flood-affected West Bengal districts.\"", \""evidence_scope\"": \""exact_or_direct_event\"", \""evidence_type\"": \""direct_disaster_impact\"", \""mapping_row\"": 890, \""merge_rule\"": \""dedupe on event_id + canonical(state,district); preserve original source name\"", \""origin\"": \""prior_research_pass\"", \""source_class\"": \""official_government\"", \""source_title\"": \""Government of India MHA/NERC Situation Report, 17 Sep 2021\"", \""source_url\"": \""https://ndmindia.mha.gov.in/ndmi/viewUploadedDocument?uid=D619\"", \""source_verification\"": \""supplied_not_independently_verified\"", \""state\"": \""West Bengal\"", \""year\"": \""2021\""}""]",admin_units|gadm|location,"[""admin_units:1511"", ""gadm:IND.36_1"", ""location:(?<![A-Za-z])Bengale(?![A-Za-z])""]",district,official_government,direct_disaster_impact,none,https://ndmindia.mha.gov.in/ndmi/viewUploadedDocument?uid=D619,49.4802,0.0079,6284.990303075887,S1,observed,matched,76128533B88812350838807,interim_s1_only,fs1-3016a20fd3ad,pending,,6123.409,0.0081,49.4802,S1,,incomplete,llm_qa,complete,60,60,0,0,60,False,local_state_plus_targeted_bigquery,14,60,,,,,2011,census_2011_official,unmatched,,resolved,article_collection_incomplete;article_count_missing_or_invalid;census_unmatched;census_invalid;census_population_inconsistent,False
E139::chirang,E139,2021-0366-IND,Assam,Chirang,2021-07-01,2021-07-01,start:day|end:day,gadm,"[""gadm:IND.4.5_1""]",gadm|location,"[""gadm:IND.4.3_1"", ""gadm:IND.4.5_1"", ""gadm:IND.4.7_1"", ""gadm:IND.4.9_1"", ""location:(?<![A-Za-z])Assam(?![A-Za-z])"", ""location:Bongaigaon"", ""location:Dhemaji and Dibrugarh""]",district,,,,,44.1198,0.0278,1586.6528982343073,S1,observed,matched,76128533B56012535339305,interim_s1_only,fs1-3016a20fd3ad,pending,,1479.252,0.0298,44.1198,S1,,incomplete,llm_qa,complete,9,10,0,0,10,False,local_state_plus_targeted_bigquery,14,10,0.0732886457248808,482162.0,35337.0,446825.0,2011,census_2011_official;file=census_2011_district_urban_rural.xlsx;sha256=acb01ddb965be41cf22a20f0e641fdbcc1f4a16e6b7bc9cf91478ce289f853e8;catalog=https://censusindia.gov.in/nada/index.php/catalog/42557,matched,320,resolved,article_collection_incomplete;article_count_missing_or_invalid,False
E142::devbhumi%20dwarka,E142,2021-0585-IND,Gujarat,Devbhumi Dwarka,2021-09-13,2021-09-15,start:day|end:day,gadm,"[""gadm:IND.11.11_1""]",gadm|location,"[""gadm:IND.11.11_1"", ""gadm:IND.11.13_1"", ""gadm:IND.11.14_1"", ""gadm:IND.11.15_1"", ""gadm:IND.11.20_1"", ""gadm:IND.11.25_1"", ""gadm:IND.11.26_1"", ""gadm:IND.11.33_1"", ""location:(?<![A-Za-z])Gujarat(?![A-Za-z])"", ""location:Jamnagar"", ""location:Junagadh"", ""location:Porbandar"", ""location:Rajkot"", ""location:Valsad""]",district,,,,,90.3887,0.0209,4320.429272751359,S1,observed,matched,76128533B74381554567803,interim_s1_only,fs1-3016a20fd3ad,pending,,3892.1695,0.0232,90.3887,S1,3.0,partial,llm_qa_observed_lower_bound,complete,46,52,0,3,49,True,local_state_plus_targeted_bigquery,14,49,,,,,2011,census_2011_official,unmatched,,resolved,census_unmatched;census_invalid;census_population_inconsistent,False
E142::gir%20somnath,E142,2021-0585-IND,Gujarat,Gir Somnath,2021-09-13,2021-09-15,start:day|end:day,gadm,"[""gadm:IND.11.13_1""]",gadm|location,"[""gadm:IND.11.11_1"", ""gadm:IND.11.13_1"", ""gadm:IND.11.14_1"", ""gadm:IND.11.15_1"", ""gadm:IND.11.20_1"", ""gadm:IND.11.25_1"", ""gadm:IND.11.26_1"", ""gadm:IND.11.33_1"", ""location:(?<![A-Za-z])Gujarat(?![A-Za-z])"", ""location:Jamnagar"", ""location:Junagadh"", ""location:Porbandar"", ""location:Rajkot"", ""location:Valsad""]",district,,,,,26.4186,0.007,3780.874903082649,S1,observed,matched,76128533B45037556977273,interim_s1_only,fs1-3016a20fd3ad,pending,,3075.7366,0.0086,26.4186,S1,2.0,partial,llm_qa_observed_lower_bound,complete,46,51,0,2,49,True,local_state_plus_targeted_bigquery,14,49,,,,,2011,census_2011_official,unmatched,,resolved,census_unmatched;census_invalid;census_population_inconsistent,False
E142::morbi,E142,2021-0585-IND,Gujarat,Morbi,2021-09-13,2021-09-15,start:day|end:day,gadm,"[""gadm:IND.11.20_1""]",gadm|location,"[""gadm:IND.11.11_1"", ""gadm:IND.11.13_1"", ""gadm:IND.11.14_1"", ""gadm:IND.11.15_1"", ""gadm:IND.11.20_1"", ""gadm:IND.11.25_1"", ""gadm:IND.11.26_1"", ""gadm:IND.11.33_1"", ""location:(?<![A-Za-z])Gujarat(?![A-Za-z])"", ""location:Jamnagar"", ""location:Junagadh"", ""location:Porbandar"", ""location:Rajkot"", ""location:Valsad""]",district,,,,,58.0531,0.012,4845.388822156085,S1,observed,matched,76128533B2080752988715,interim_s1_only,fs1-3016a20fd3ad,pending,,4598.5249,0.0126,58.0531,S1,2.0,partial,llm_qa_observed_lower_bound,complete,46,48,0,2,46,True,local_state_plus_targeted_bigquery,14,46,,,,,2011,census_2011_official,unmatched,,resolved,census_unmatched;census_invalid;census_population_inconsistent,False
E145::chengalpattu,E145,2021-0722-IND,Tamil Nadu,Chengalpattu,2021-11-06,2021-11-08,start:day|end:day,external_recovery,"[""{\""canonical_district\"": \""Chengalpattu\"", \""circularity_risk\"": \""none\"", \""event_id\"": \""E145\"", \""evidence_note\"": \""Official MHA northeast-monsoon affected-district list; broad/cumulative, so use as a recovery supplement rather than an exact event footprint.\"", \""evidence_scope\"": \""seasonal_or_cumulative\"", \""evidence_type\"": \""seasonal_cumulative\"", \""mapping_row\"": 901, \""merge_rule\"": \""dedupe on event_id + canonical(state,district); preserve original source name\"", \""origin\"": \""prior_research_pass\"", \""source_class\"": \""official_government\"", \""source_title\"": \""Government of India MHA/NERC Tamil Nadu northeast-monsoon situation report 2021\"", \""source_url\"": \""https://ndmindia.mha.gov.in/ndmi/viewUploadedDocument?uid=D680\"", \""source_verification\"": \""supplied_not_independently_verified\"", \""state\"": \""Tamil Nadu\"", \""year\"": \""2021\""}""]",admin_units|gadm|location,"[""admin_units:1508"", ""gadm:IND.31_1"", ""location:(?<![A-Za-z])Tamil\\ Nadu(?![A-Za-z])""]",district,official_government,seasonal_cumulative,none,https://ndmindia.mha.gov.in/ndmi/viewUploadedDocument?uid=D680,79.8628,0.0457,1747.8224548823348,S1,observed,matched,76128533B88669134807148,interim_s1_only,fs1-3016a20fd3ad,pending,,1659.3045,0.0481,79.8628,S1,15.0,partial,llm_qa_observed_lower_bound,complete,394,451,0,28,423,True,local_state_plus_targeted_bigquery,14,423,,,,,2011,census_2011_official,unmatched,,resolved,census_unmatched;census_invalid;census_population_inconsistent,False
E145::kallakurichi,E145,2021-0722-IND,Tamil Nadu,Kallakurichi,2021-11-06,2021-11-08,start:day|end:day,external_recovery,"[""{\""canonical_district\"": \""Kallakurichi\"", \""circularity_risk\"": \""none\"", \""event_id\"": \""E145\"", \""evidence_note\"": \""Official MHA northeast-monsoon affected-district list; broad/cumulative, so use as a recovery supplement rather than an exact event footprint.\"", \""evidence_scope\"": \""seasonal_or_cumulative\"", \""evidence_type\"": \""seasonal_cumulative\"", \""mapping_row\"": 908, \""merge_rule\"": \""dedupe on event_id + canonical(state,district); preserve original source name\"", \""origin\"": \""prior_research_pass\"", \""source_class\"": \""official_government\"", \""source_title\"": \""Government of India MHA/NERC Tamil Nadu northeast-monsoon situation report 2021\"", \""source_url\"": \""https://ndmindia.mha.gov.in/ndmi/viewUploadedDocument?uid=D680\"", \""source_verification\"": \""supplied_not_independently_verified\"", \""state\"": \""Tamil Nadu\"", \""year\"": \""2021\""}""]",admin_units|gadm|location,"[""admin_units:1508"", ""gadm:IND.31_1"", ""location:(?<![A-Za-z])Tamil\\ Nadu(?![A-Za-z])""]",district,official_government,seasonal_cumulative,none,https://ndmindia.mha.gov.in/ndmi/viewUploadedDocument?uid=D680,63.4972,0.0196,3245.170359418769,S1,observed,matched,76128533B19545859035458,interim_s1_only,fs1-3016a20fd3ad,pending,,2612.5217,0.0243,63.4972,S1,1.0,partial,llm_qa_observed_lower_bound,complete,394,414,0,9,405,True,local_state_plus_targeted_bigquery,14,405,,,,,2011,census_2011_official,unmatched,,resolved,census_unmatched;census_invalid;census_population_inconsistent,False
E145::kanchipuram,E145,2021-0722-IND,Tamil Nadu,Kanchipuram,2021-11-06,2021-11-08,start:day|end:day,external_recovery,"[""{\""canonical_district\"": \""Kanchipuram\"", \""circularity_risk\"": \""none\"", \""event_id\"": \""E145\"", \""evidence_note\"": \""Official MHA northeast-monsoon affected-district list; broad/cumulative, so use as a recovery supplement rather than an exact event footprint.\"", \""evidence_scope\"": \""seasonal_or_cumulative\"", \""evidence_type\"": \""seasonal_cumulative\"", \""mapping_row\"": 909, \""merge_rule\"": \""dedupe on event_id + canonical(state,district); preserve original source name\"", \""origin\"": \""prior_research_pass\"", \""source_class\"": \""official_government\"", \""source_title\"": \""Government of India MHA/NERC Tamil Nadu northeast-monsoon situation report 2021\"", \""source_url\"": \""https://ndmindia.mha.gov.in/ndmi/viewUploadedDocument?uid=D680\"", \""source_verification\"": \""supplied_not_independently_verified\"", \""state\"": \""Tamil Nadu\"", \""year\"": \""2021\""}""]",admin_units|gadm|location,"[""admin_units:1508"", ""gadm:IND.31_1"", ""location:(?<![A-Za-z])Tamil\\ Nadu(?![A-Za-z])""]",district,official_government,seasonal_cumulative,none,https://ndmindia.mha.gov.in/ndmi/viewUploadedDocument?uid=D680,229.2997,0.084,2731.115914393623,S1,observed,matched,76128533B83644689337946,interim_s1_only,fs1-3016a20fd3ad,pending,,2537.7135,0.0904,229.2997,S1,3.0,partial,llm_qa_observed_lower_bound,complete,394,413,0,6,407,True,local_state_plus_targeted_bigquery,14,407,,,,,2011,census_2011_official,unmatched,,resolved,census_unmatched;census_invalid;census_population_inconsistent,False
E145::mayiladuthurai,E145,2021-0722-IND,Tamil Nadu,Mayiladuthurai,2021-11-06,2021-11-08,start:day|end:day,external_recovery,"[""{\""canonical_district\"": \""Mayiladuthurai\"", \""circularity_risk\"": \""none\"", \""event_id\"": \""E145\"", \""evidence_note\"": \""Official MHA northeast-monsoon affected-district list; broad/cumulative, so use as a recovery supplement rather than an exact event footprint.\"", \""evidence_scope\"": \""seasonal_or_cumulative\"", \""evidence_type\"": \""seasonal_cumulative\"", \""mapping_row\"": 914, \""merge_rule\"": \""dedupe on event_id + canonical(state,district); preserve original source name\"", \""origin\"": \""prior_research_pass\"", \""source_class\"": \""official_government\"", \""source_title\"": \""Government of India MHA/NERC Tamil Nadu northeast-monsoon situation report 2021\"", \""source_url\"": \""https://ndmindia.mha.gov.in/ndmi/viewUploadedDocument?uid=D680\"", \""source_verification\"": \""supplied_not_independently_verified\"", \""state\"": \""Tamil Nadu\"", \""year\"": \""2021\""}""]",admin_units|gadm|location,"[""admin_units:1508"", ""gadm:IND.31_1"", ""location:(?<![A-Za-z])Tamil\\ Nadu(?![A-Za-z])""]",district,official_government,seasonal_cumulative,none,https://ndmindia.mha.gov.in/ndmi/viewUploadedDocument?uid=D680,32.9114,0.028,1174.077442614741,S1,observed,matched,76128533B63176236753619,interim_s1_only,fs1-3016a20fd3ad,pending,,1127.1668,0.0292,32.9114,S1,7.0,partial,llm_qa_observed_lower_bound,complete,394,427,0,17,410,True,local_state_plus_targeted_bigquery,14,410,,,,,2011,census_2011_official,unmatched,,resolved,census_unmatched;census_invalid;census_population_inconsistent,False
E145::ranipet,E145,2021-0722-IND,Tamil Nadu,Ranipet,2021-11-06,2021-11-08,start:day|end:day,external_recovery,"[""{\""canonical_district\"": \""Ranipet\"", \""circularity_risk\"": \""none\"", \""event_id\"": \""E145\"", \""evidence_note\"": \""Official MHA northeast-monsoon affected-district list; broad/cumulative, so use as a recovery supplement rather than an exact event footprint.\"", \""evidence_scope\"": \""seasonal_or_cumulative\"", \""evidence_type\"": \""seasonal_cumulative\"", \""mapping_row\"": 921, \""merge_rule\"": \""dedupe on event_id + canonical(state,district); preserve original source name\"", \""origin\"": \""prior_research_pass\"", \""source_class\"": \""official_government\"", \""source_title\"": \""Government of India MHA/NERC Tamil Nadu northeast-monsoon situation report 2021\"", \""source_url\"": \""https://ndmindia.mha.gov.in/ndmi/viewUploadedDocument?uid=D680\"", \""source_verification\"": \""supplied_not_independently_verified\"", \""state\"": \""Tamil Nadu\"", \""year\"": \""2021\""}""]",admin_units|gadm|location,"[""admin_units:1508"", ""gadm:IND.31_1"", ""location:(?<![A-Za-z])Tamil\\ Nadu(?![A-Za-z])""]",district,official_government,seasonal_cumulative,none,https://ndmindia.mha.gov.in/ndmi/viewUploadedDocument?uid=D680,59.1401,0.0298,1986.629305567598,S1,observed,matched,76128533B22687502928564,interim_s1_only,fs1-3016a20fd3ad,pending,,1794.6845,0.033,59.1401,S1,6.0,partial,llm_qa_observed_lower_bound,complete,394,422,0,12,410,True,local_state_plus_targeted_bigquery,14,410,,,,,2011,census_2011_official,unmatched,,resolved,census_unmatched;census_invalid;census_population_inconsistent,False
E145::sivagangai,E145,2021-0722-IND,Tamil Nadu,Sivagangai,2021-11-06,2021-11-08,start:day|end:day,external_recovery,"[""{\""canonical_district\"": \""Sivagangai\"", \""circularity_risk\"": \""none\"", \""event_id\"": \""E145\"", \""evidence_note\"": \""Official MHA northeast-monsoon affected-district list; broad/cumulative, so use as a recovery supplement rather than an exact event footprint.\"", \""evidence_scope\"": \""seasonal_or_cumulative\"", \""evidence_type\"": \""seasonal_cumulative\"", \""mapping_row\"": 923, \""merge_rule\"": \""dedupe on event_id + canonical(state,district); preserve original source name\"", \""origin\"": \""prior_research_pass\"", \""source_class\"": \""official_government\"", \""source_title\"": \""Government of India MHA/NERC Tamil Nadu northeast-monsoon situation report 2021\"", \""source_url\"": \""https://ndmindia.mha.gov.in/ndmi/viewUploadedDocument?uid=D680\"", \""source_verification\"": \""supplied_not_independently_verified\"", \""state\"": \""Tamil Nadu\"", \""year\"": \""2021\""}""]",admin_units|gadm|location,"[""admin_units:1508"", ""gadm:IND.31_1"", ""location:(?<![A-Za-z])Tamil\\ Nadu(?![A-Za-z])""]",district,official_government,seasonal_cumulative,none,https://ndmindia.mha.gov.in/ndmi/viewUploadedDocument?uid=D680,65.5522,0.0153,4280.53346902515,S1,observed,matched,76128533B89925537847414,interim_s1_only,fs1-3016a20fd3ad,pending,,4072.4879,0.0161,65.5522,S1,,incomplete,llm_qa,complete,394,396,0,0,396,False,local_state_plus_targeted_bigquery,14,396,0.3083001207526542,1339101.0,412845.0,926256.0,2011,census_2011_official;file=census_2011_district_urban_rural.xlsx;sha256=acb01ddb965be41cf22a20f0e641fdbcc1f4a16e6b7bc9cf91478ce289f853e8;catalog=https://censusindia.gov.in/nada/index.php/catalog/42557;crosswalk=district_name_crosswalk.csv;sha256=c8dc691ab763e799cc1aafb29e9c17ab287710bd63447ad37281418d902c30e9,matched_crosswalk,622,resolved,article_collection_incomplete;article_count_missing_or_invalid,False
E145::tenkasi,E145,2021-0722-IND,Tamil Nadu,Tenkasi,2021-11-06,2021-11-08,start:day|end:day,external_recovery,"[""{\""canonical_district\"": \""Tenkasi\"", \""circularity_risk\"": \""none\"", \""event_id\"": \""E145\"", \""evidence_note\"": \""Official MHA northeast-monsoon affected-district list; broad/cumulative, so use as a recovery supplement rather than an exact event footprint.\"", \""evidence_scope\"": \""seasonal_or_cumulative\"", \""evidence_type\"": \""seasonal_cumulative\"", \""mapping_row\"": 924, \""merge_rule\"": \""dedupe on event_id + canonical(state,district); preserve original source name\"", \""origin\"": \""prior_research_pass\"", \""source_class\"": \""official_government\"", \""source_title\"": \""Government of India MHA/NERC Tamil Nadu northeast-monsoon situation report 2021\"", \""source_url\"": \""https://ndmindia.mha.gov.in/ndmi/viewUploadedDocument?uid=D680\"", \""source_verification\"": \""supplied_not_independently_verified\"", \""state\"": \""Tamil Nadu\"", \""year\"": \""2021\""}""]",admin_units|gadm|location,"[""admin_units:1508"", ""gadm:IND.31_1"", ""location:(?<![A-Za-z])Tamil\\ Nadu(?![A-Za-z])""]",district,official_government,seasonal_cumulative,none,https://ndmindia.mha.gov.in/ndmi/viewUploadedDocument?uid=D680,62.1985,0.0216,2880.477474023877,S1,observed,matched,76128533B27604563137530,interim_s1_only,fs1-3016a20fd3ad,pending,,2416.5276,0.0257,62.1985,S1,0.0,partial,llm_qa_observed_lower_bound,complete,394,408,0,4,404,True,local_state_plus_targeted_bigquery,14,404,,,,,2011,census_2011_official,unmatched,,resolved,census_unmatched;census_invalid;census_population_inconsistent,False
E145::tirupattur,E145,2021-0722-IND,Tamil Nadu,Tirupattur,2021-11-06,2021-11-08,start:day|end:day,external_recovery,"[""{\""canonical_district\"": \""Tirupattur\"", \""circularity_risk\"": \""none\"", \""event_id\"": \""E145\"", \""evidence_note\"": \""Official MHA northeast-monsoon affected-district list; broad/cumulative, so use as a recovery supplement rather than an exact event footprint.\"", \""evidence_scope\"": \""seasonal_or_cumulative\"", \""evidence_type\"": \""seasonal_cumulative\"", \""mapping_row\"": 930, \""merge_rule\"": \""dedupe on event_id + canonical(state,district); preserve original source name\"", \""origin\"": \""prior_research_pass\"", \""source_class\"": \""official_government\"", \""source_title\"": \""Government of India MHA/NERC Tamil Nadu northeast-monsoon situation report 2021\"", \""source_url\"": \""https://ndmindia.mha.gov.in/ndmi/viewUploadedDocument?uid=D680\"", \""source_verification\"": \""supplied_not_independently_verified\"", \""state\"": \""Tamil Nadu\"", \""year\"": \""2021\""}""]",admin_units|gadm|location,"[""admin_units:1508"", ""gadm:IND.31_1"", ""location:(?<![A-Za-z])Tamil\\ Nadu(?![A-Za-z])""]",district,official_government,seasonal_cumulative,none,https://ndmindia.mha.gov.in/ndmi/viewUploadedDocument?uid=D680,2.4119,0.0012,1947.0368816738523,S1,observed,matched,76128533B11403491783632,interim_s1_only,fs1-3016a20fd3ad,pending,,1171.4124,0.0021,2.4119,S1,3.0,partial,llm_qa_observed_lower_bound,complete,394,413,0,10,403,True,local_state_plus_targeted_bigquery,14,403,,,,,2011,census_2011_official,unmatched,,resolved,census_unmatched;census_invalid;census_population_inconsistent,False
E145::villupuram,E145,2021-0722-IND,Tamil Nadu,Villupuram,2021-11-06,2021-11-08,start:day|end:day,external_recovery,"[""{\""canonical_district\"": \""Villupuram\"", \""circularity_risk\"": \""none\"", \""event_id\"": \""E145\"", \""evidence_note\"": \""Official MHA northeast-monsoon affected-district list; broad/cumulative, so use as a recovery supplement rather than an exact event footprint.\"", \""evidence_scope\"": \""seasonal_or_cumulative\"", \""evidence_type\"": \""seasonal_cumulative\"", \""mapping_row\"": 935, \""merge_rule\"": \""dedupe on event_id + canonical(state,district); preserve original source name\"", \""origin\"": \""prior_research_pass\"", \""source_class\"": \""official_government\"", \""source_title\"": \""Government of India MHA/NERC Tamil Nadu northeast-monsoon situation report 2021\"", \""source_url\"": \""https://ndmindia.mha.gov.in/ndmi/viewUploadedDocument?uid=D680\"", \""source_verification\"": \""supplied_not_independently_verified\"", \""state\"": \""Tamil Nadu\"", \""year\"": \""2021\""}""]",admin_units|gadm|location,"[""admin_units:1508"", ""gadm:IND.31_1"", ""location:(?<![A-Za-z])Tamil\\ Nadu(?![A-Za-z])""]",district,official_government,seasonal_cumulative,none,https://ndmindia.mha.gov.in/ndmi/viewUploadedDocument?uid=D680,342.5173,0.0467,7328.713531089985,S1,observed,matched,70255.0,interim_s1_only,fs1-3016a20fd3ad,pending,,6262.7695,0.0547,342.5173,S1,4.0,partial,llm_qa_observed_lower_bound,complete,394,436,0,19,417,True,local_state_plus_targeted_bigquery,14,417,,,,,2011,census_2011_official,unmatched,,resolved,census_unmatched;census_invalid;census_population_inconsistent,False
E148::bajali,E148,2022-0293-IND,Assam,Bajali,2022-05-17,2022-10-31,start:day|end:day,external_recovery,"[""{\""canonical_district\"": \""Bajali\"", \""circularity_risk\"": \""none\"", \""event_id\"": \""E148\"", \""evidence_note\"": \""Official MHA June 2022 flood reports enumerate 32 affected Assam districts during the event period.\"", \""evidence_scope\"": \""exact_or_direct_event\"", \""evidence_type\"": \""direct_disaster_impact\"", \""mapping_row\"": 937, \""merge_rule\"": \""dedupe on event_id + canonical(state,district); preserve original source name\"", \""origin\"": \""prior_research_pass\"", \""source_class\"": \""official_government\"", \""source_title\"": \""Government of India MHA/NERC Flood-Heavy Rainfall Situation Reports, Jun 2022\"", \""source_url\"": \""https://ndmindia.mha.gov.in/ndmi/report\"", \""source_verification\"": \""supplied_not_independently_verified\"", \""state\"": \""Assam\"", \""year\"": \""2022\""}""]",gadm|location,"[""gadm:IND.4.10_1"", ""gadm:IND.4.27_1"", ""gadm:IND.4.4_1"", ""location:(?<![A-Za-z])Assam(?![A-Za-z])"", ""location:Cachar"", ""location:Dima Hasao"", ""location:Udalguri""]",district,official_government,direct_disaster_impact,none,https://ndmindia.mha.gov.in/ndmi/report,76.6063,0.1855,413.0211318854061,S1,observed,matched,OSM:relation/16704179,interim_s1_only,fs1-3016a20fd3ad,pending,,389.0165,0.1969,76.6063,S1,19.0,partial,llm_qa_observed_lower_bound,complete,233,253,0,19,234,True,local_state_plus_targeted_bigquery,14,234,,,,,2011,census_2011_official,unmatched,,resolved,census_unmatched;census_invalid;census_population_inconsistent,False
E148::tamulpur,E148,2022-0293-IND,Assam,Tamulpur,2022-05-17,2022-10-31,start:day|end:day,external_recovery,"[""{\""canonical_district\"": \""Tamulpur\"", \""circularity_risk\"": \""none\"", \""event_id\"": \""E148\"", \""evidence_note\"": \""Official MHA June 2022 flood reports enumerate 32 affected Assam districts during the event period.\"", \""evidence_scope\"": \""exact_or_direct_event\"", \""evidence_type\"": \""direct_disaster_impact\"", \""mapping_row\"": 965, \""merge_rule\"": \""dedupe on event_id + canonical(state,district); preserve original source name\"", \""origin\"": \""prior_research_pass\"", \""source_class\"": \""official_government\"", \""source_title\"": \""Government of India MHA/NERC Flood-Heavy Rainfall Situation Reports, Jun 2022\"", \""source_url\"": \""https://ndmindia.mha.gov.in/ndmi/report\"", \""source_verification\"": \""supplied_not_independently_verified\"", \""state\"": \""Assam\"", \""year\"": \""2022\""}""]",gadm|location,"[""gadm:IND.4.10_1"", ""gadm:IND.4.27_1"", ""gadm:IND.4.4_1"", ""location:(?<![A-Za-z])Assam(?![A-Za-z])"", ""location:Cachar"", ""location:Dima Hasao"", ""location:Udalguri""]",district,official_government,direct_disaster_impact,none,https://ndmindia.mha.gov.in/ndmi/report,40.4039,0.047,860.0009585836317,S1,observed,matched,OSM:relation/16702229,interim_s1_only,fs1-3016a20fd3ad,pending,,790.5555,0.0511,40.4039,S1,10.0,partial,llm_qa_observed_lower_bound,complete,233,246,0,12,234,True,local_state_plus_targeted_bigquery,14,234,,,,,2011,census_2011_official,unmatched,,resolved,census_unmatched;census_invalid;census_population_inconsistent,False
E150::dang,E150,2022-0293-IND,Gujarat,Dang,2022-05-17,2022-10-31,start:day|end:day,external_recovery,"[""{\""canonical_district\"": \""Dang\"", \""circularity_risk\"": \""none\"", \""end_date\"": \""2022-10-31\"", \""event_id\"": \""E150\"", \""evidence_note\"": \""SEOC/government release reports inundation, rescues or flood-like situation.\"", \""evidence_scope\"": \""within_long_event_window\"", \""evidence_type\"": \""direct_disaster_impact\"", \""mapping_row\"": 970, \""merge_rule\"": \""dedupe on event_id + canonical(state,district); retain all source provenance\"", \""origin\"": \""exhaustive_followup\"", \""source_class\"": \""state_government\"", \""source_record_id\"": \""2022-0293-IND\"", \""source_title\"": \""Gujarat SEOC flood/rain report, 14 Jul 2022\"", \""source_url\"": \""https://www.deccanherald.com/india/heavy-rains-continue-in-gujarat-many-areas-in-navsari-under-knee-deep-water-1126566.html\"", \""source_verification\"": \""supplied_not_independently_verified\"", \""start_date\"": \""2022-05-17\"", \""state\"": \""Gujarat\"", \""year\"": \""2022\""}""]",gadm|location,"[""gadm:IND.11_1"", ""location:(?<![A-Za-z])Gujarat(?![A-Za-z])""]",district,state_government,direct_disaster_impact,none,https://www.deccanherald.com/india/heavy-rains-continue-in-gujarat-many-areas-in-navsari-under-knee-deep-water-1126566.html,42.597,0.0246,1729.7639971550238,S1,observed,matched,76128533B16271917438029,interim_s1_only,fs1-3016a20fd3ad,pending,,444.8982,0.0957,42.597,S1,,incomplete,llm_qa,complete,79,79,0,0,79,False,local_state_plus_targeted_bigquery,14,79,0.1081382971733445,228291.0,24687.0,203604.0,2011,census_2011_recovery;method=census_name_link;url=https://dangs.nic.in/about-district/;table=district demography;notes=Official district name Dang / The Dangs; unchanged Census 2011 population reference.;population_source=census_2011_official;file=census_2011_district_urban_rural.xlsx;sha256=acb01ddb965be41cf22a20f0e641fdbcc1f4a16e6b7bc9cf91478ce289f853e8;catalog=https://censusindia.gov.in/nada/index.php/catalog/42557;file=district_census_recovery.json;sha256=d452a6f74338bb2f237f3d014518ab361f6b2d7436bac837b8a1cb97d050bac0,matched_crosswalk,489,resolved,article_collection_incomplete;article_count_missing_or_invalid,False
E151::chamba,E151,2022-0293-IND,Himachal Pradesh,Chamba,2022-05-17,2022-10-31,start:day|end:day,external_recovery,"[""{\""canonical_district\"": \""Chamba\"", \""circularity_risk\"": \""none\"", \""end_date\"": \""2022-10-31\"", \""event_id\"": \""E151\"", \""evidence_note\"": \""District directly affected by flash floods/landslides in 2022 monsoon.\"", \""evidence_scope\"": \""within_long_event_window\"", \""evidence_type\"": \""direct_disaster_impact\"", \""mapping_row\"": 976, \""merge_rule\"": \""dedupe on event_id + canonical(state,district); retain all source provenance\"", \""origin\"": \""exhaustive_followup\"", \""source_class\"": \""state_government\"", \""source_record_id\"": \""2022-0293-IND\"", \""source_title\"": \""Himachal Pradesh SDMA monsoon impacts 2022\"", \""source_url\"": \""https://hpsdma.nic.in/\"", \""source_verification\"": \""supplied_not_independently_verified\"", \""start_date\"": \""2022-05-17\"", \""state\"": \""Himachal Pradesh\"", \""year\"": \""2022\""}""]",gadm|location,"[""gadm:IND.13_1"", ""location:(?<![A-Za-z])Himachal\\ Pradesh(?![A-Za-z])""]",district,state_government,direct_disaster_impact,none,https://hpsdma.nic.in/,6.9779,0.0012,6056.411356305338,S1,observed,matched,17667.0,interim_s1_only,fs1-3016a20fd3ad,pending,,59.2943,0.1177,6.9779,S1,,incomplete,llm_qa,complete,4,4,0,0,4,False,local_state_plus_targeted_bigquery,14,4,0.0695615319411266,519080.0,36108.0,482972.0,2011,census_2011_official;file=census_2011_district_urban_rural.xlsx;sha256=acb01ddb965be41cf22a20f0e641fdbcc1f4a16e6b7bc9cf91478ce289f853e8;catalog=https://censusindia.gov.in/nada/index.php/catalog/42557,matched,023,resolved,article_collection_incomplete;article_count_missing_or_invalid,False
E151::kangra,E151,2022-0293-IND,Himachal Pradesh,Kangra,2022-05-17,2022-10-31,start:day|end:day,external_recovery,"[""{\""canonical_district\"": \""Kangra\"", \""circularity_risk\"": \""none\"", \""end_date\"": \""2022-10-31\"", \""event_id\"": \""E151\"", \""evidence_note\"": \""District directly affected by flash floods/landslides in 2022 monsoon.\"", \""evidence_scope\"": \""within_long_event_window\"", \""evidence_type\"": \""direct_disaster_impact\"", \""mapping_row\"": 977, \""merge_rule\"": \""dedupe on event_id + canonical(state,district); retain all source provenance\"", \""origin\"": \""exhaustive_followup\"", \""source_class\"": \""state_government\"", \""source_record_id\"": \""2022-0293-IND\"", \""source_title\"": \""Himachal Pradesh SDMA monsoon impacts 2022\"", \""source_url\"": \""https://hpsdma.nic.in/\"", \""source_verification\"": \""supplied_not_independently_verified\"", \""start_date\"": \""2022-05-17\"", \""state\"": \""Himachal Pradesh\"", \""year\"": \""2022\""}""]",gadm|location,"[""gadm:IND.13_1"", ""location:(?<![A-Za-z])Himachal\\ Pradesh(?![A-Za-z])""]",district,state_government,direct_disaster_impact,none,https://hpsdma.nic.in/,56.0246,0.0098,5710.452547791486,S1,observed,matched,17669.0,interim_s1_only,fs1-3016a20fd3ad,pending,,1405.7597,0.0399,56.0246,S1,,incomplete,llm_qa,complete,4,4,0,0,4,False,local_state_plus_targeted_bigquery,14,4,0.0571368971739814,1510075.0,86281.0,1423794.0,2011,census_2011_official;file=census_2011_district_urban_rural.xlsx;sha256=acb01ddb965be41cf22a20f0e641fdbcc1f4a16e6b7bc9cf91478ce289f853e8;catalog=https://censusindia.gov.in/nada/index.php/catalog/42557,matched,024,resolved,article_collection_incomplete;article_count_missing_or_invalid,False
E151::kullu,E151,2022-0293-IND,Himachal Pradesh,Kullu,2022-05-17,2022-10-31,start:day|end:day,external_recovery,"[""{\""canonical_district\"": \""Kullu\"", \""circularity_risk\"": \""none\"", \""end_date\"": \""2022-10-31\"", \""event_id\"": \""E151\"", \""evidence_note\"": \""Direct flash-flood impacts during long event.\"", \""evidence_scope\"": \""within_long_event_window\"", \""evidence_type\"": \""direct_disaster_impact\"", \""mapping_row\"": 978, \""merge_rule\"": \""dedupe on event_id + canonical(state,district); retain all source provenance\"", \""origin\"": \""exhaustive_followup\"", \""source_class\"": \""state_government\"", \""source_record_id\"": \""2022-0293-IND\"", \""source_title\"": \""Himachal Pradesh monsoon/flash flood reporting, Jul 2022\"", \""source_url\"": \""https://hpsdma.nic.in/\"", \""source_verification\"": \""supplied_not_independently_verified\"", \""start_date\"": \""2022-05-17\"", \""state\"": \""Himachal Pradesh\"", \""year\"": \""2022\""}""]",gadm|location,"[""gadm:IND.13_1"", ""location:(?<![A-Za-z])Himachal\\ Pradesh(?![A-Za-z])""]",district,state_government,direct_disaster_impact,none,https://hpsdma.nic.in/,20.0626,0.0036,5505.982355912866,S1,observed,matched,17671.0,interim_s1_only,fs1-3016a20fd3ad,pending,,113.1084,0.1774,20.0626,S1,,incomplete,llm_qa,complete,4,4,0,0,4,False,local_state_plus_targeted_bigquery,14,4,0.0945209327179763,437903.0,41391.0,396512.0,2011,census_2011_official;file=census_2011_district_urban_rural.xlsx;sha256=acb01ddb965be41cf22a20f0e641fdbcc1f4a16e6b7bc9cf91478ce289f853e8;catalog=https://censusindia.gov.in/nada/index.php/catalog/42557,matched,026,resolved,article_collection_incomplete;article_count_missing_or_invalid,False
E151::mandi,E151,2022-0293-IND,Himachal Pradesh,Mandi,2022-05-17,2022-10-31,start:day|end:day,external_recovery,"[""{\""canonical_district\"": \""Mandi\"", \""circularity_risk\"": \""none\"", \""end_date\"": \""2022-10-31\"", \""event_id\"": \""E151\"", \""evidence_note\"": \""District directly affected by flash floods/landslides in 2022 monsoon.\"", \""evidence_scope\"": \""within_long_event_window\"", \""evidence_type\"": \""direct_disaster_impact\"", \""mapping_row\"": 979, \""merge_rule\"": \""dedupe on event_id + canonical(state,district); retain all source provenance\"", \""origin\"": \""exhaustive_followup\"", \""source_class\"": \""state_government\"", \""source_record_id\"": \""2022-0293-IND\"", \""source_title\"": \""Himachal Pradesh SDMA monsoon impacts 2022\"", \""source_url\"": \""https://hpsdma.nic.in/\"", \""source_verification\"": \""supplied_not_independently_verified\"", \""start_date\"": \""2022-05-17\"", \""state\"": \""Himachal Pradesh\"", \""year\"": \""2022\""}""]",gadm|location,"[""gadm:IND.13_1"", ""location:(?<![A-Za-z])Himachal\\ Pradesh(?![A-Za-z])""]",district,state_government,direct_disaster_impact,none,https://hpsdma.nic.in/,14.1715,0.0036,3951.2717684747336,S1,observed,matched,17673.0,interim_s1_only,fs1-3016a20fd3ad,pending,,180.7402,0.0784,14.1715,S1,,incomplete,llm_qa,complete,4,4,0,0,4,False,local_state_plus_targeted_bigquery,14,4,0.0626509711665701,999777.0,62637.0,937140.0,2011,census_2011_official;file=census_2011_district_urban_rural.xlsx;sha256=acb01ddb965be41cf22a20f0e641fdbcc1f4a16e6b7bc9cf91478ce289f853e8;catalog=https://censusindia.gov.in/nada/index.php/catalog/42557,matched,027,resolved,article_collection_incomplete;article_count_missing_or_invalid,False
E152::narmadapuram,E152,2022-0293-IND,Madhya Pradesh,Narmadapuram,2022-05-17,2022-10-31,start:day|end:day,external_recovery,"[""{\""canonical_district\"": \""Narmadapuram\"", \""circularity_risk\"": \""none\"", \""end_date\"": \""2022-10-31\"", \""event_id\"": \""E152\"", \""evidence_note\"": \""CWC explicitly records river above danger level/extreme or severe flood situation in district.\"", \""evidence_scope\"": \""within_long_event_window\"", \""evidence_type\"": \""direct_disaster_impact\"", \""mapping_row\"": 980, \""merge_rule\"": \""dedupe on event_id + canonical(state,district); retain all source provenance\"", \""origin\"": \""exhaustive_followup\"", \""source_class\"": \""official_government\"", \""source_record_id\"": \""2022-0293-IND\"", \""source_title\"": \""MHA/CWC severe/extreme flood situation, 16 Aug 2022\"", \""source_url\"": \""https://ndmindia.mha.gov.in/ndmi/viewUploadedDocument?uid=D894\"", \""source_verification\"": \""supplied_not_independently_verified\"", \""start_date\"": \""2022-05-17\"", \""state\"": \""Madhya Pradesh\"", \""year\"": \""2022\""}""]",gadm|location,"[""gadm:IND.19_1"", ""location:(?<![A-Za-z])Madhya\\ Pradesh(?![A-Za-z])""]",district,official_government,direct_disaster_impact,none,https://ndmindia.mha.gov.in/ndmi/viewUploadedDocument?uid=D894,54.8178,0.0082,6700.110425846857,S1,observed,matched,76128533B45314020251888,interim_s1_only,fs1-3016a20fd3ad,pending,,5105.9417,0.0107,54.8178,S1,,incomplete,llm_qa,complete,10,10,0,0,10,False,local_state_plus_targeted_bigquery,14,10,0.314162806621823,1241350.0,389986.0,851364.0,2011,census_2011_recovery;method=census_name_link;url=https://narmadapuram.nic.in/en/history/;table=district demography;notes=Explicit district name equivalence; population retained from official 2011 PCA. Not an event-year population estimate.;population_source=census_2011_official;file=census_2011_district_urban_rural.xlsx;sha256=acb01ddb965be41cf22a20f0e641fdbcc1f4a16e6b7bc9cf91478ce289f853e8;catalog=https://censusindia.gov.in/nada/index.php/catalog/42557;file=district_census_recovery.json;sha256=d452a6f74338bb2f237f3d014518ab361f6b2d7436bac837b8a1cb97d050bac0,matched_crosswalk,449,resolved,article_collection_incomplete;article_count_missing_or_invalid,False
E152::raisen,E152,2022-0293-IND,Madhya Pradesh,Raisen,2022-05-17,2022-10-31,start:day|end:day,external_recovery,"[""{\""canonical_district\"": \""Raisen\"", \""circularity_risk\"": \""none\"", \""end_date\"": \""2022-10-31\"", \""event_id\"": \""E152\"", \""evidence_note\"": \""CWC explicitly records river above danger level/extreme or severe flood situation in district.\"", \""evidence_scope\"": \""within_long_event_window\"", \""evidence_type\"": \""direct_disaster_impact\"", \""mapping_row\"": 981, \""merge_rule\"": \""dedupe on event_id + canonical(state,district); retain all source provenance\"", \""origin\"": \""exhaustive_followup\"", \""source_class\"": \""official_government\"", \""source_record_id\"": \""2022-0293-IND\"", \""source_title\"": \""MHA/CWC severe/extreme flood situation, 16 Aug 2022\"", \""source_url\"": \""https://ndmindia.mha.gov.in/ndmi/viewUploadedDocument?uid=D894\"", \""source_verification\"": \""supplied_not_independently_verified\"", \""start_date\"": \""2022-05-17\"", \""state\"": \""Madhya Pradesh\"", \""year\"": \""2022\""}""]",gadm|location,"[""gadm:IND.19_1"", ""location:(?<![A-Za-z])Madhya\\ Pradesh(?![A-Za-z])""]",district,official_government,direct_disaster_impact,none,https://ndmindia.mha.gov.in/ndmi/viewUploadedDocument?uid=D894,178.0541,0.0209,8515.574877211904,S1,observed,matched,17739.0,interim_s1_only,fs1-3016a20fd3ad,pending,,6810.1448,0.0261,178.0541,S1,,incomplete,llm_qa,complete,10,10,0,0,10,False,local_state_plus_targeted_bigquery,14,10,0.2278654878315286,1331597.0,303425.0,1028172.0,2011,census_2011_official;file=census_2011_district_urban_rural.xlsx;sha256=acb01ddb965be41cf22a20f0e641fdbcc1f4a16e6b7bc9cf91478ce289f853e8;catalog=https://censusindia.gov.in/nada/index.php/catalog/42557,matched,446,resolved,article_collection_incomplete;article_count_missing_or_invalid,False
E153::bhandara,E153,2022-0293-IND,Maharashtra,Bhandara,2022-05-17,2022-10-31,start:day|end:day,external_recovery,"[""{\""canonical_district\"": \""Bhandara\"", \""circularity_risk\"": \""none\"", \""end_date\"": \""2022-10-31\"", \""event_id\"": \""E153\"", \""evidence_note\"": \""CWC severe flood condition in district during event.\"", \""evidence_scope\"": \""within_long_event_window\"", \""evidence_type\"": \""direct_disaster_impact\"", \""mapping_row\"": 982, \""merge_rule\"": \""dedupe on event_id + canonical(state,district); retain all source provenance\"", \""origin\"": \""exhaustive_followup\"", \""source_class\"": \""official_government\"", \""source_record_id\"": \""2022-0293-IND\"", \""source_title\"": \""MHA/CWC severe flood situation, 16 Aug 2022\"", \""source_url\"": \""https://ndmindia.mha.gov.in/ndmi/viewUploadedDocument?uid=D894\"", \""source_verification\"": \""supplied_not_independently_verified\"", \""start_date\"": \""2022-05-17\"", \""state\"": \""Maharashtra\"", \""year\"": \""2022\""}""]",gadm|location,"[""gadm:IND.20_1"", ""location:(?<![A-Za-z])Maharasthra(?![A-Za-z])""]",district,official_government,direct_disaster_impact,none,https://ndmindia.mha.gov.in/ndmi/viewUploadedDocument?uid=D894,44.11,0.0094,4713.352518104012,S1,observed,matched,17761.0,interim_s1_only,fs1-3016a20fd3ad,pending,,4129.3869,0.0107,44.11,S1,,incomplete,llm_qa,complete,195,195,0,0,195,False,local_state_plus_targeted_bigquery,14,195,0.1948049459567087,1200334.0,233831.0,966503.0,2011,census_2011_official;file=census_2011_district_urban_rural.xlsx;sha256=acb01ddb965be41cf22a20f0e641fdbcc1f4a16e6b7bc9cf91478ce289f853e8;catalog=https://censusindia.gov.in/nada/index.php/catalog/42557,matched,506,resolved,article_collection_incomplete;article_count_missing_or_invalid,False
E153::gadchiroli,E153,2022-0293-IND,Maharashtra,Gadchiroli,2022-05-17,2022-10-31,start:day|end:day,external_recovery,"[""{\""canonical_district\"": \""Gadchiroli\"", \""circularity_risk\"": \""none\"", \""end_date\"": \""2022-10-31\"", \""event_id\"": \""E153\"", \""evidence_note\"": \""Official situation report identifies flood-affected districts.\"", \""evidence_scope\"": \""within_long_event_window\"", \""evidence_type\"": \""direct_disaster_impact\"", \""mapping_row\"": 983, \""merge_rule\"": \""dedupe on event_id + canonical(state,district); retain all source provenance\"", \""origin\"": \""exhaustive_followup\"", \""source_class\"": \""official_government\"", \""source_record_id\"": \""2022-0293-IND\"", \""source_title\"": \""MHA/NERC Maharashtra flood situation, 12 Jul 2022\"", \""source_url\"": \""https://ndmindia.mha.gov.in/ndmi/viewUploadedDocument?uid=D861\"", \""source_verification\"": \""supplied_not_independently_verified\"", \""start_date\"": \""2022-05-17\"", \""state\"": \""Maharashtra\"", \""year\"": \""2022\""}""]",gadm|location,"[""gadm:IND.20_1"", ""location:(?<![A-Za-z])Maharasthra(?![A-Za-z])""]",district,official_government,direct_disaster_impact,none,https://ndmindia.mha.gov.in/ndmi/viewUploadedDocument?uid=D861,80.7297,0.0056,14484.822963236316,S1,observed,matched,76128533B36958871695926,interim_s1_only,fs1-3016a20fd3ad,pending,,11066.2063,0.0073,80.7297,S1,,incomplete,llm_qa,complete,195,195,0,0,195,False,local_state_plus_targeted_bigquery,14,195,0.1100087423178513,1072942.0,118033.0,954909.0,2011,census_2011_official;file=census_2011_district_urban_rural.xlsx;sha256=acb01ddb965be41cf22a20f0e641fdbcc1f4a16e6b7bc9cf91478ce289f853e8;catalog=https://censusindia.gov.in/nada/index.php/catalog/42557,matched,508,resolved,article_collection_incomplete;article_count_missing_or_invalid,False
E153::kolhapur,E153,2022-0293-IND,Maharashtra,Kolhapur,2022-05-17,2022-10-31,start:day|end:day,external_recovery,"[""{\""canonical_district\"": \""Kolhapur\"", \""circularity_risk\"": \""none\"", \""end_date\"": \""2022-10-31\"", \""event_id\"": \""E153\"", \""evidence_note\"": \""CWC severe flood condition in district during event.\"", \""evidence_scope\"": \""within_long_event_window\"", \""evidence_type\"": \""direct_disaster_impact\"", \""mapping_row\"": 984, \""merge_rule\"": \""dedupe on event_id + canonical(state,district); retain all source provenance\"", \""origin\"": \""exhaustive_followup\"", \""source_class\"": \""official_government\"", \""source_record_id\"": \""2022-0293-IND\"", \""source_title\"": \""MHA/CWC severe flood situation, 16 Aug 2022\"", \""source_url\"": \""https://ndmindia.mha.gov.in/ndmi/viewUploadedDocument?uid=D894\"", \""source_verification\"": \""supplied_not_independently_verified\"", \""start_date\"": \""2022-05-17\"", \""state\"": \""Maharashtra\"", \""year\"": \""2022\""}""]",gadm|location,"[""gadm:IND.20_1"", ""location:(?<![A-Za-z])Maharasthra(?![A-Za-z])""]",district,official_government,direct_disaster_impact,none,https://ndmindia.mha.gov.in/ndmi/viewUploadedDocument?uid=D894,,,7680.572392490604,NONE,missing,matched,17769.0,no_s1,fs1-3016a20fd3ad,pending,,4339.6371,,7.621,NDWI,,incomplete,llm_qa,complete,195,195,0,0,195,False,local_state_plus_targeted_bigquery,14,195,0.3173397014087458,3876001.0,1230009.0,2645992.0,2011,census_2011_official;file=census_2011_district_urban_rural.xlsx;sha256=acb01ddb965be41cf22a20f0e641fdbcc1f4a16e6b7bc9cf91478ce289f853e8;catalog=https://censusindia.gov.in/nada/index.php/catalog/42557,matched,530,resolved,satellite_missing_or_invalid;article_collection_incomplete;article_count_missing_or_invalid,False
E153::mumbai%20suburban,E153,2022-0293-IND,Maharashtra,Mumbai Suburban,2022-05-17,2022-10-31,start:day|end:day,external_recovery,"[""{\""canonical_district\"": \""Mumbai Suburban\"", \""circularity_risk\"": \""none\"", \""end_date\"": \""2022-10-31\"", \""event_id\"": \""E153\"", \""evidence_note\"": \""Official situation report identifies flood-affected districts.\"", \""evidence_scope\"": \""within_long_event_window\"", \""evidence_type\"": \""direct_disaster_impact\"", \""mapping_row\"": 985, \""merge_rule\"": \""dedupe on event_id + canonical(state,district); retain all source provenance\"", \""origin\"": \""exhaustive_followup\"", \""source_class\"": \""official_government\"", \""source_record_id\"": \""2022-0293-IND\"", \""source_title\"": \""MHA/NERC Maharashtra flood situation, 12 Jul 2022\"", \""source_url\"": \""https://ndmindia.mha.gov.in/ndmi/viewUploadedDocument?uid=D861\"", \""source_verification\"": \""supplied_not_independently_verified\"", \""start_date\"": \""2022-05-17\"", \""state\"": \""Maharashtra\"", \""year\"": \""2022\""}""]",gadm|location,"[""gadm:IND.20_1"", ""location:(?<![A-Za-z])Maharasthra(?![A-Za-z])""]",district,official_government,direct_disaster_impact,none,https://ndmindia.mha.gov.in/ndmi/viewUploadedDocument?uid=D861,1.8597,0.0045,409.3994670782586,S1,observed,matched,70183.0,interim_s1_only,fs1-3016a20fd3ad,pending,,269.1381,0.0069,1.8597,S1,,incomplete,llm_qa,complete,195,195,0,0,195,False,local_state_plus_targeted_bigquery,14,195,1.0,9356962.0,9356962.0,0.0,2011,census_2011_official;file=census_2011_district_urban_rural.xlsx;sha256=acb01ddb965be41cf22a20f0e641fdbcc1f4a16e6b7bc9cf91478ce289f853e8;catalog=https://censusindia.gov.in/nada/index.php/catalog/42557,matched,518,resolved,article_collection_incomplete;article_count_missing_or_invalid,False
E153::nandurbar,E153,2022-0293-IND,Maharashtra,Nandurbar,2022-05-17,2022-10-31,start:day|end:day,external_recovery,"[""{\""canonical_district\"": \""Nandurbar\"", \""circularity_risk\"": \""none\"", \""end_date\"": \""2022-10-31\"", \""event_id\"": \""E153\"", \""evidence_note\"": \""Official situation report identifies flood-affected districts.\"", \""evidence_scope\"": \""within_long_event_window\"", \""evidence_type\"": \""direct_disaster_impact\"", \""mapping_row\"": 986, \""merge_rule\"": \""dedupe on event_id + canonical(state,district); retain all source provenance\"", \""origin\"": \""exhaustive_followup\"", \""source_class\"": \""official_government\"", \""source_record_id\"": \""2022-0293-IND\"", \""source_title\"": \""MHA/NERC Maharashtra flood situation, 12 Jul 2022\"", \""source_url\"": \""https://ndmindia.mha.gov.in/ndmi/viewUploadedDocument?uid=D861\"", \""source_verification\"": \""supplied_not_independently_verified\"", \""start_date\"": \""2022-05-17\"", \""state\"": \""Maharashtra\"", \""year\"": \""2022\""}""]",gadm|location,"[""gadm:IND.20_1"", ""location:(?<![A-Za-z])Maharasthra(?![A-Za-z])""]",district,official_government,direct_disaster_impact,none,https://ndmindia.mha.gov.in/ndmi/viewUploadedDocument?uid=D861,164.9192,0.0277,5947.719113281336,S1,observed,matched,70185.0,interim_s1_only,fs1-3016a20fd3ad,pending,,3471.464,0.0475,164.9192,S1,,incomplete,llm_qa,complete,195,195,0,0,195,False,local_state_plus_targeted_bigquery,14,195,0.1671266369187554,1648295.0,275474.0,1372821.0,2011,census_2011_official;file=census_2011_district_urban_rural.xlsx;sha256=acb01ddb965be41cf22a20f0e641fdbcc1f4a16e6b7bc9cf91478ce289f853e8;catalog=https://censusindia.gov.in/nada/index.php/catalog/42557,matched,497,resolved,article_collection_incomplete;article_count_missing_or_invalid,False
E158::rudraprayag,E158,2022-0539-IND,Uttarakhand,Rudraprayag,2022-08-01,2022-08-22,start:month|end:day,external_recovery,"[""{\""canonical_district\"": \""Rudraprayag\"", \""circularity_risk\"": \""none\"", \""end_date\"": \""2022-08-22\"", \""event_id\"": \""E158\"", \""evidence_note\"": \""Direct flash-flood/cloudburst impacts reported; Dehradun Sarkhet/Maldevta is especially explicit.\"", \""evidence_scope\"": \""exact_event_period\"", \""evidence_type\"": \""direct_disaster_impact\"", \""mapping_row\"": 993, \""merge_rule\"": \""dedupe on event_id + canonical(state,district); retain all source provenance\"", \""origin\"": \""exhaustive_followup\"", \""source_class\"": \""state_government\"", \""source_record_id\"": \""2022-0539-IND\"", \""source_title\"": \""Uttarakhand cloudburst/flash-flood event, 20 Aug 2022\"", \""source_url\"": \""https://sandrp.in/2022/10/27/uttarakhand-cloud-burst-2022-road-debris-drainage-encroachment-magnify-destruction/\"", \""source_verification\"": \""supplied_not_independently_verified\"", \""start_date\"": \""2022-08-01\"", \""state\"": \""Uttarakhand\"", \""year\"": \""2022\""}""]",admin_units|gadm|location,"[""admin_units:70082"", ""gadm:IND.35_1"", ""location:(?<![A-Za-z])Uttarakhand(?![A-Za-z])""]",district,state_government,direct_disaster_impact,none,https://sandrp.in/2022/10/27/uttarakhand-cloud-burst-2022-road-debris-drainage-encroachment-magnify-destruction/,0.8216,0.0007,1215.2753847771737,S1,observed,matched,70286.0,interim_s1_only,fs1-3016a20fd3ad,pending,,13.0587,0.0629,0.8216,S1,,incomplete,llm_qa,complete,17,17,0,0,17,False,local_state_plus_targeted_bigquery,14,17,0.0409641537858307,242285.0,9925.0,232360.0,2011,census_2011_official;file=census_2011_district_urban_rural.xlsx;sha256=acb01ddb965be41cf22a20f0e641fdbcc1f4a16e6b7bc9cf91478ce289f853e8;catalog=https://censusindia.gov.in/nada/index.php/catalog/42557,matched,058,resolved,article_collection_incomplete;article_count_missing_or_invalid,False
E158::tehri%20garhwal,E158,2022-0539-IND,Uttarakhand,Tehri Garhwal,2022-08-01,2022-08-22,start:month|end:day,external_recovery,"[""{\""canonical_district\"": \""Tehri Garhwal\"", \""circularity_risk\"": \""none\"", \""end_date\"": \""2022-08-22\"", \""event_id\"": \""E158\"", \""evidence_note\"": \""Direct flash-flood/cloudburst impacts reported; Dehradun Sarkhet/Maldevta is especially explicit.\"", \""evidence_scope\"": \""exact_event_period\"", \""evidence_type\"": \""direct_disaster_impact\"", \""mapping_row\"": 994, \""merge_rule\"": \""dedupe on event_id + canonical(state,district); retain all source provenance\"", \""origin\"": \""exhaustive_followup\"", \""source_class\"": \""state_government\"", \""source_record_id\"": \""2022-0539-IND\"", \""source_title\"": \""Uttarakhand cloudburst/flash-flood event, 20 Aug 2022\"", \""source_url\"": \""https://sandrp.in/2022/10/27/uttarakhand-cloud-burst-2022-road-debris-drainage-encroachment-magnify-destruction/\"", \""source_verification\"": \""supplied_not_independently_verified\"", \""start_date\"": \""2022-08-01\"", \""state\"": \""Uttarakhand\"", \""year\"": \""2022\""}""]",admin_units|gadm|location,"[""admin_units:70082"", ""gadm:IND.35_1"", ""location:(?<![A-Za-z])Uttarakhand(?![A-Za-z])""]",district,state_government,direct_disaster_impact,none,https://sandrp.in/2022/10/27/uttarakhand-cloud-burst-2022-road-debris-drainage-encroachment-magnify-destruction/,3.3295,0.0008,4393.487663681659,S1,observed,matched,70287.0,interim_s1_only,fs1-3016a20fd3ad,pending,,46.9933,0.0709,3.3295,S1,,incomplete,llm_qa,complete,17,17,0,0,17,False,local_state_plus_targeted_bigquery,14,17,0.1133228098124023,618931.0,70139.0,548792.0,2011,census_2011_official;file=census_2011_district_urban_rural.xlsx;sha256=acb01ddb965be41cf22a20f0e641fdbcc1f4a16e6b7bc9cf91478ce289f853e8;catalog=https://censusindia.gov.in/nada/index.php/catalog/42557,matched,059,resolved,article_collection_incomplete;article_count_missing_or_invalid,False
E159::budaun,E159,2022-0590-IND,Uttar Pradesh,Budaun,2022-09-18,2022-09-24,start:day|end:day,external_recovery,"[""{\""canonical_district\"": \""Budaun\"", \""circularity_risk\"": \""none\"", \""end_date\"": \""2022-09-24\"", \""event_id\"": \""E159\"", \""evidence_note\"": \""State/CWC reporting identifies flood-hit districts; Budaun/Ballia directly appear in CWC flood status.\"", \""evidence_scope\"": \""exact_event_period\"", \""evidence_type\"": \""direct_disaster_impact\"", \""mapping_row\"": 997, \""merge_rule\"": \""dedupe on event_id + canonical(state,district); retain all source provenance\"", \""origin\"": \""exhaustive_followup\"", \""source_class\"": \""official_government\"", \""source_record_id\"": \""2022-0590-IND\"", \""source_title\"": \""UP flood situation, Sep 2022\"", \""source_url\"": \""https://ndmindia.mha.gov.in/ndmi/viewUploadedDocument?uid=D930\"", \""source_verification\"": \""supplied_not_independently_verified\"", \""start_date\"": \""2022-09-18\"", \""state\"": \""Uttar Pradesh\"", \""year\"": \""2022\""}""]",admin_units|gadm|location,"[""admin_units:70081"", ""gadm:IND.34_1"", ""location:(?<![A-Za-z])Uttar\\ Pradesh(?![A-Za-z])""]",district,official_government,direct_disaster_impact,none,https://ndmindia.mha.gov.in/ndmi/viewUploadedDocument?uid=D930,87.7567,0.0207,4242.29880763651,S1,observed,matched,76128533B84679668760735,interim_s1_only,fs1-3016a20fd3ad,pending,,4128.2792,0.0213,87.7567,S1,,incomplete,llm_qa,complete,83,83,0,0,83,False,local_state_plus_targeted_bigquery,14,83,0.1750714849088621,3681896.0,644595.0,3037301.0,2011,census_2011_official;file=census_2011_district_urban_rural.xlsx;sha256=acb01ddb965be41cf22a20f0e641fdbcc1f4a16e6b7bc9cf91478ce289f853e8;catalog=https://censusindia.gov.in/nada/index.php/catalog/42557,matched,149,resolved,article_collection_incomplete;article_count_missing_or_invalid,False
E160::bajali,E160,2023-0330-IND,Assam,Bajali,2023-06-14,2023-06-23,start:day|end:day,location,"[""location:Bajali""]",location,"[""location:(?<![A-Za-z])Assam(?![A-Za-z])"", ""location:Bajali"", ""location:Baksa"", ""location:Barpet distrcits"", ""location:Lakhimpur"", ""location:Nalbari""]",district,,,,,157.7766,0.382,413.0211318853963,S1,observed,matched,OSM:relation/16704179,interim_s1_only,fs1-3016a20fd3ad,pending,,389.0165,0.4056,157.7766,S1,96.0,partial,llm_qa_observed_lower_bound,complete,233,331,0,96,235,True,local_state_plus_targeted_bigquery,14,235,,,,,2011,census_2011_official,unmatched,,resolved,census_unmatched;census_invalid;census_population_inconsistent,False
E164::dhamtari,E164,2023-0428-IND,Chhattisgarh,Dhamtari,2023-06-25,2023-09-07,start:day|end:day,external_recovery,"[""{\""canonical_district\"": \""Dhamtari\"", \""circularity_risk\"": \""none\"", \""end_date\"": \""2023-09-07\"", \""event_id\"": \""E164\"", \""evidence_note\"": \""Official rainfall geography only; maximal tier.\"", \""evidence_scope\"": \""within_long_event_window\"", \""evidence_type\"": \""rainfall_proxy\"", \""mapping_row\"": 1002, \""merge_rule\"": \""dedupe on event_id + canonical(state,district); retain all source provenance\"", \""origin\"": \""exhaustive_followup\"", \""source_class\"": \""official_government\"", \""source_record_id\"": \""2023-0428-IND\"", \""source_title\"": \""MHA/NERC significant rainfall districts, Jul 2023\"", \""source_url\"": \""https://ndmindia.mha.gov.in/ndmi/viewUploadedDocument?uid=NEW1771\"", \""source_verification\"": \""supplied_not_independently_verified\"", \""start_date\"": \""2023-06-25\"", \""state\"": \""Chhattisgarh\"", \""year\"": \""2023\""}""]",location,"[""location:(?<![A-Za-z])Chhattisgarh(?![A-Za-z])""]",district,official_government,rainfall_proxy,none,https://ndmindia.mha.gov.in/ndmi/viewUploadedDocument?uid=NEW1771,22.1047,0.0054,4074.566265206066,S1,observed,matched,70108.0,interim_s1_only,fs1-3016a20fd3ad,pending,,3313.6933,0.0067,22.1047,S1,,incomplete,llm_qa,complete,67,67,0,0,67,False,local_state_plus_targeted_bigquery,14,67,0.1865448166435561,799781.0,149195.0,650586.0,2011,census_2011_official;file=census_2011_district_urban_rural.xlsx;sha256=acb01ddb965be41cf22a20f0e641fdbcc1f4a16e6b7bc9cf91478ce289f853e8;catalog=https://censusindia.gov.in/nada/index.php/catalog/42557,matched,412,resolved,article_collection_incomplete;article_count_missing_or_invalid,False
E164::gariaband,E164,2023-0428-IND,Chhattisgarh,Gariaband,2023-06-25,2023-09-07,start:day|end:day,external_recovery,"[""{\""canonical_district\"": \""Gariaband\"", \""circularity_risk\"": \""none\"", \""end_date\"": \""2023-09-07\"", \""event_id\"": \""E164\"", \""evidence_note\"": \""Official rainfall geography only; maximal tier.\"", \""evidence_scope\"": \""within_long_event_window\"", \""evidence_type\"": \""rainfall_proxy\"", \""mapping_row\"": 1003, \""merge_rule\"": \""dedupe on event_id + canonical(state,district); retain all source provenance\"", \""origin\"": \""exhaustive_followup\"", \""source_class\"": \""official_government\"", \""source_record_id\"": \""2023-0428-IND\"", \""source_title\"": \""MHA/NERC significant rainfall districts, Jul 2023\"", \""source_url\"": \""https://ndmindia.mha.gov.in/ndmi/viewUploadedDocument?uid=NEW1771\"", \""source_verification\"": \""supplied_not_independently_verified\"", \""start_date\"": \""2023-06-25\"", \""state\"": \""Chhattisgarh\"", \""year\"": \""2023\""}""]",location,"[""location:(?<![A-Za-z])Chhattisgarh(?![A-Za-z])""]",district,official_government,rainfall_proxy,none,https://ndmindia.mha.gov.in/ndmi/viewUploadedDocument?uid=NEW1771,48.3954,0.0099,4884.817356965688,S1,observed,matched,76128533B93063337202124,interim_s1_only,fs1-3016a20fd3ad,pending,,2957.5403,0.0164,48.3954,S1,,incomplete,llm_qa,complete,67,67,0,0,67,False,local_state_plus_targeted_bigquery,14,67,,,,,2011,census_2011_official,unmatched,,resolved,article_collection_incomplete;article_count_missing_or_invalid;census_unmatched;census_invalid;census_population_inconsistent,False
E164::narayanpur,E164,2023-0428-IND,Chhattisgarh,Narayanpur,2023-06-25,2023-09-07,start:day|end:day,external_recovery,"[""{\""canonical_district\"": \""Narayanpur\"", \""circularity_risk\"": \""none\"", \""end_date\"": \""2023-09-07\"", \""event_id\"": \""E164\"", \""evidence_note\"": \""Official rainfall geography only; maximal tier.\"", \""evidence_scope\"": \""within_long_event_window\"", \""evidence_type\"": \""rainfall_proxy\"", \""mapping_row\"": 1004, \""merge_rule\"": \""dedupe on event_id + canonical(state,district); retain all source provenance\"", \""origin\"": \""exhaustive_followup\"", \""source_class\"": \""official_government\"", \""source_record_id\"": \""2023-0428-IND\"", \""source_title\"": \""MHA/NERC significant rainfall districts, Jul 2023\"", \""source_url\"": \""https://ndmindia.mha.gov.in/ndmi/viewUploadedDocument?uid=NEW1771\"", \""source_verification\"": \""supplied_not_independently_verified\"", \""start_date\"": \""2023-06-25\"", \""state\"": \""Chhattisgarh\"", \""year\"": \""2023\""}""]",location,"[""location:(?<![A-Za-z])Chhattisgarh(?![A-Za-z])""]",district,official_government,rainfall_proxy,none,https://ndmindia.mha.gov.in/ndmi/viewUploadedDocument?uid=NEW1771,0.131,0.0,3840.847589539658,S1,observed,matched,76128533B89979485471283,interim_s1_only,fs1-3016a20fd3ad,pending,,1355.1998,0.0001,0.131,S1,,incomplete,llm_qa,complete,67,67,0,0,67,False,local_state_plus_targeted_bigquery,14,67,0.1581032756401087,139820.0,22106.0,117714.0,2011,census_2011_official;file=census_2011_district_urban_rural.xlsx;sha256=acb01ddb965be41cf22a20f0e641fdbcc1f4a16e6b7bc9cf91478ce289f853e8;catalog=https://censusindia.gov.in/nada/index.php/catalog/42557,matched,415,resolved,article_collection_incomplete;article_count_missing_or_invalid,False
E165::central%20delhi,E165,2023-0428-IND,Delhi,Central Delhi,2023-06-25,2023-09-07,start:day|end:day,external_recovery,"[""{\""canonical_district\"": \""Central Delhi\"", \""circularity_risk\"": \""none\"", \""end_date\"": \""2023-09-07\"", \""event_id\"": \""E165\"", \""evidence_note\"": \""NRSC mapped Yamuna inundation in Delhi; district assignment is an administrative overlay/inference and should remain maximal.\"", \""evidence_scope\"": \""within_long_event_window\"", \""evidence_type\"": \""satellite_admin_inference\"", \""mapping_row\"": 1006, \""merge_rule\"": \""dedupe on event_id + canonical(state,district); retain all source provenance\"", \""origin\"": \""exhaustive_followup\"", \""source_class\"": \""nrsc_isro\"", \""source_record_id\"": \""2023-0428-IND\"", \""source_title\"": \""NRSC Delhi flood inundation maps, Jul 2023\"", \""source_url\"": \""https://www.nrsc.gov.in/nrscnew/2023_SikkimFloods.php\"", \""source_verification\"": \""supplied_not_independently_verified\"", \""start_date\"": \""2023-06-25\"", \""state\"": \""Delhi\"", \""year\"": \""2023\""}""]",location,"[""location:(?<![A-Za-z])Delhi(?![A-Za-z])""]",district,nrsc_isro,satellite_admin_inference,none,https://www.nrsc.gov.in/nrscnew/2023_SikkimFloods.php,0.4457,0.0059,75.4258124733981,S1,observed,matched,76128533B19832024635761,interim_s1_only,fs1-3016a20fd3ad,pending,,61.2611,0.0073,0.4457,S1,,incomplete,llm_qa,complete,31,31,0,0,31,False,local_state_plus_targeted_bigquery,14,31,,,,,2011,census_2011_official,unmatched,,resolved,article_collection_incomplete;article_count_missing_or_invalid;census_unmatched;census_invalid;census_population_inconsistent,False
E165::east%20delhi,E165,2023-0428-IND,Delhi,East Delhi,2023-06-25,2023-09-07,start:day|end:day,external_recovery,"[""{\""canonical_district\"": \""East Delhi\"", \""circularity_risk\"": \""none\"", \""end_date\"": \""2023-09-07\"", \""event_id\"": \""E165\"", \""evidence_note\"": \""NRSC mapped Yamuna inundation in Delhi; district assignment is an administrative overlay/inference and should remain maximal.\"", \""evidence_scope\"": \""within_long_event_window\"", \""evidence_type\"": \""satellite_admin_inference\"", \""mapping_row\"": 1007, \""merge_rule\"": \""dedupe on event_id + canonical(state,district); retain all source provenance\"", \""origin\"": \""exhaustive_followup\"", \""source_class\"": \""nrsc_isro\"", \""source_record_id\"": \""2023-0428-IND\"", \""source_title\"": \""NRSC Delhi flood inundation maps, Jul 2023\"", \""source_url\"": \""https://www.nrsc.gov.in/nrscnew/2023_SikkimFloods.php\"", \""source_verification\"": \""supplied_not_independently_verified\"", \""start_date\"": \""2023-06-25\"", \""state\"": \""Delhi\"", \""year\"": \""2023\""}""]",location,"[""location:(?<![A-Za-z])Delhi(?![A-Za-z])""]",district,nrsc_isro,satellite_admin_inference,none,https://www.nrsc.gov.in/nrscnew/2023_SikkimFloods.php,0.3519,0.0053,66.11030367841411,S1,observed,matched,76128533B72485933575946,interim_s1_only,fs1-3016a20fd3ad,pending,,54.6152,0.0064,0.3519,S1,,incomplete,llm_qa,complete,31,31,0,0,31,False,local_state_plus_targeted_bigquery,14,31,,,,,2011,census_2011_official,unmatched,,resolved,article_collection_incomplete;article_count_missing_or_invalid;census_unmatched;census_invalid;census_population_inconsistent,False
E165::north%20east%20delhi,E165,2023-0428-IND,Delhi,North East Delhi,2023-06-25,2023-09-07,start:day|end:day,external_recovery,"[""{\""canonical_district\"": \""North East Delhi\"", \""circularity_risk\"": \""none\"", \""end_date\"": \""2023-09-07\"", \""event_id\"": \""E165\"", \""evidence_note\"": \""NRSC mapped Yamuna inundation in Delhi; district assignment is an administrative overlay/inference and should remain maximal.\"", \""evidence_scope\"": \""within_long_event_window\"", \""evidence_type\"": \""satellite_admin_inference\"", \""mapping_row\"": 1008, \""merge_rule\"": \""dedupe on event_id + canonical(state,district); retain all source provenance\"", \""origin\"": \""exhaustive_followup\"", \""source_class\"": \""nrsc_isro\"", \""source_record_id\"": \""2023-0428-IND\"", \""source_title\"": \""NRSC Delhi flood inundation maps, Jul 2023\"", \""source_url\"": \""https://www.nrsc.gov.in/nrscnew/2023_SikkimFloods.php\"", \""source_verification\"": \""supplied_not_independently_verified\"", \""start_date\"": \""2023-06-25\"", \""state\"": \""Delhi\"", \""year\"": \""2023\""}""]",location,"[""location:(?<![A-Za-z])Delhi(?![A-Za-z])""]",district,nrsc_isro,satellite_admin_inference,none,https://www.nrsc.gov.in/nrscnew/2023_SikkimFloods.php,0.5538,0.0143,38.85904249874403,S1,observed,matched,76128533B9976625304286,interim_s1_only,fs1-3016a20fd3ad,pending,,33.405,0.0166,0.5538,S1,,incomplete,llm_qa,complete,31,31,0,0,31,False,local_state_plus_targeted_bigquery,14,31,,,,,2011,census_2011_official,unmatched,,resolved,article_collection_incomplete;article_count_missing_or_invalid;census_unmatched;census_invalid;census_population_inconsistent,False
E165::shahdara,E165,2023-0428-IND,Delhi,Shahdara,2023-06-25,2023-09-07,start:day|end:day,external_recovery,"[""{\""canonical_district\"": \""Shahdara\"", \""circularity_risk\"": \""none\"", \""end_date\"": \""2023-09-07\"", \""event_id\"": \""E165\"", \""evidence_note\"": \""NRSC mapped Yamuna inundation in Delhi; district assignment is an administrative overlay/inference and should remain maximal.\"", \""evidence_scope\"": \""within_long_event_window\"", \""evidence_type\"": \""satellite_admin_inference\"", \""mapping_row\"": 1009, \""merge_rule\"": \""dedupe on event_id + canonical(state,district); retain all source provenance\"", \""origin\"": \""exhaustive_followup\"", \""source_class\"": \""nrsc_isro\"", \""source_record_id\"": \""2023-0428-IND\"", \""source_title\"": \""NRSC Delhi flood inundation maps, Jul 2023\"", \""source_url\"": \""https://www.nrsc.gov.in/nrscnew/2023_SikkimFloods.php\"", \""source_verification\"": \""supplied_not_independently_verified\"", \""start_date\"": \""2023-06-25\"", \""state\"": \""Delhi\"", \""year\"": \""2023\""}""]",location,"[""location:(?<![A-Za-z])Delhi(?![A-Za-z])""]",district,nrsc_isro,satellite_admin_inference,none,https://www.nrsc.gov.in/nrscnew/2023_SikkimFloods.php,0.045,0.0017,26.658849212845475,S1,observed,matched,76128533B81419063387740,interim_s1_only,fs1-3016a20fd3ad,pending,,22.5926,0.002,0.045,S1,,incomplete,llm_qa,complete,31,31,0,0,31,False,local_state_plus_targeted_bigquery,14,31,,,,,2011,census_2011_official,unmatched,,resolved,article_collection_incomplete;article_count_missing_or_invalid;census_unmatched;census_invalid;census_population_inconsistent,False
E166::chhota%20udaipur,E166,2023-0428-IND,Gujarat,Chhota Udaipur,2023-06-25,2023-09-07,start:day|end:day,external_recovery,"[""{\""canonical_district\"": \""Chhota Udaipur\"", \""circularity_risk\"": \""none\"", \""end_date\"": \""2023-09-07\"", \""event_id\"": \""E166\"", \""evidence_note\"": \""Official significant-rainfall geography; direct flood impact not established.\"", \""evidence_scope\"": \""within_long_event_window\"", \""evidence_type\"": \""rainfall_proxy\"", \""mapping_row\"": 1011, \""merge_rule\"": \""dedupe on event_id + canonical(state,district); retain all source provenance\"", \""origin\"": \""exhaustive_followup\"", \""source_class\"": \""official_government\"", \""source_record_id\"": \""2023-0428-IND\"", \""source_title\"": \""MHA/NERC significant rainfall districts, Jul 2023\"", \""source_url\"": \""https://ndmindia.mha.gov.in/ndmi/viewUploadedDocument?uid=NEW1771\"", \""source_verification\"": \""supplied_not_independently_verified\"", \""start_date\"": \""2023-06-25\"", \""state\"": \""Gujarat\"", \""year\"": \""2023\""}""]",location,"[""location:(?<![A-Za-z])Gujarat(?![A-Za-z])""]",district,official_government,rainfall_proxy,none,https://ndmindia.mha.gov.in/ndmi/viewUploadedDocument?uid=NEW1771,7.9914,0.0023,3474.2739370047093,S1,observed,matched,76128533B69417260894674,interim_s1_only,fs1-3016a20fd3ad,pending,,2631.4253,0.003,7.9914,S1,,incomplete,llm_qa,complete,83,83,0,0,83,False,local_state_plus_targeted_bigquery,14,83,,,,,2011,census_2011_official,unmatched,,resolved,article_collection_incomplete;article_count_missing_or_invalid;census_unmatched;census_invalid;census_population_inconsistent,False
E169::alirajpur,E169,2023-0428-IND,Madhya Pradesh,Alirajpur,2023-06-25,2023-09-07,start:day|end:day,external_recovery,"[""{\""canonical_district\"": \""Alirajpur\"", \""circularity_risk\"": \""none\"", \""end_date\"": \""2023-09-07\"", \""event_id\"": \""E169\"", \""evidence_note\"": \""Official rainfall geography only; maximal tier.\"", \""evidence_scope\"": \""within_long_event_window\"", \""evidence_type\"": \""rainfall_proxy\"", \""mapping_row\"": 1029, \""merge_rule\"": \""dedupe on event_id + canonical(state,district); retain all source provenance\"", \""origin\"": \""exhaustive_followup\"", \""source_class\"": \""official_government\"", \""source_record_id\"": \""2023-0428-IND\"", \""source_title\"": \""MHA/NERC significant rainfall districts, Jul 2023\"", \""source_url\"": \""https://ndmindia.mha.gov.in/ndmi/viewUploadedDocument?uid=NEW1771\"", \""source_verification\"": \""supplied_not_independently_verified\"", \""start_date\"": \""2023-06-25\"", \""state\"": \""Madhya Pradesh\"", \""year\"": \""2023\""}""]",location,"[""location:(?<![A-Za-z])Madyah\\ Pradesh(?![A-Za-z])""]",district,official_government,rainfall_proxy,none,https://ndmindia.mha.gov.in/ndmi/viewUploadedDocument?uid=NEW1771,3.3568,0.001,3328.147125634296,S1,observed,matched,76128533B35167844027544,interim_s1_only,fs1-3016a20fd3ad,pending,,1932.9656,0.0017,3.3568,S1,,incomplete,llm_qa,complete,144,144,0,0,144,False,local_state_plus_targeted_bigquery,14,144,0.0782909167227938,728999.0,57074.0,671925.0,2011,census_2011_official;file=census_2011_district_urban_rural.xlsx;sha256=acb01ddb965be41cf22a20f0e641fdbcc1f4a16e6b7bc9cf91478ce289f853e8;catalog=https://censusindia.gov.in/nada/index.php/catalog/42557,matched,465,resolved,article_collection_incomplete;article_count_missing_or_invalid,False
E169::dewas,E169,2023-0428-IND,Madhya Pradesh,Dewas,2023-06-25,2023-09-07,start:day|end:day,external_recovery,"[""{\""canonical_district\"": \""Dewas\"", \""circularity_risk\"": \""none\"", \""end_date\"": \""2023-09-07\"", \""event_id\"": \""E169\"", \""evidence_note\"": \""Official rainfall geography only; maximal tier.\"", \""evidence_scope\"": \""within_long_event_window\"", \""evidence_type\"": \""rainfall_proxy\"", \""mapping_row\"": 1032, \""merge_rule\"": \""dedupe on event_id + canonical(state,district); retain all source provenance\"", \""origin\"": \""exhaustive_followup\"", \""source_class\"": \""official_government\"", \""source_record_id\"": \""2023-0428-IND\"", \""source_title\"": \""MHA/NERC significant rainfall districts, Jul 2023\"", \""source_url\"": \""https://ndmindia.mha.gov.in/ndmi/viewUploadedDocument?uid=NEW1771\"", \""source_verification\"": \""supplied_not_independently_verified\"", \""start_date\"": \""2023-06-25\"", \""state\"": \""Madhya Pradesh\"", \""year\"": \""2023\""}""]",location,"[""location:(?<![A-Za-z])Madyah\\ Pradesh(?![A-Za-z])""]",district,official_government,rainfall_proxy,none,https://ndmindia.mha.gov.in/ndmi/viewUploadedDocument?uid=NEW1771,29.8801,0.0043,6974.172329238148,S1,observed,matched,17722.0,interim_s1_only,fs1-3016a20fd3ad,pending,,5931.2577,0.005,29.8801,S1,,incomplete,llm_qa,complete,144,144,0,0,144,False,local_state_plus_targeted_bigquery,14,144,0.2889011104964779,1563715.0,451759.0,1111956.0,2011,census_2011_official;file=census_2011_district_urban_rural.xlsx;sha256=acb01ddb965be41cf22a20f0e641fdbcc1f4a16e6b7bc9cf91478ce289f853e8;catalog=https://censusindia.gov.in/nada/index.php/catalog/42557,matched,437,resolved,article_collection_incomplete;article_count_missing_or_invalid,False
E169::narmadapuram,E169,2023-0428-IND,Madhya Pradesh,Narmadapuram,2023-06-25,2023-09-07,start:day|end:day,external_recovery,"[""{\""canonical_district\"": \""Narmadapuram\"", \""circularity_risk\"": \""none\"", \""end_date\"": \""2023-09-07\"", \""event_id\"": \""E169\"", \""evidence_note\"": \""Official rainfall geography only; maximal tier.\"", \""evidence_scope\"": \""within_long_event_window\"", \""evidence_type\"": \""rainfall_proxy\"", \""mapping_row\"": 1033, \""merge_rule\"": \""dedupe on event_id + canonical(state,district); retain all source provenance\"", \""origin\"": \""exhaustive_followup\"", \""source_class\"": \""official_government\"", \""source_record_id\"": \""2023-0428-IND\"", \""source_title\"": \""MHA/NERC significant rainfall districts, Jul 2023\"", \""source_url\"": \""https://ndmindia.mha.gov.in/ndmi/viewUploadedDocument?uid=NEW1771\"", \""source_verification\"": \""supplied_not_independently_verified\"", \""start_date\"": \""2023-06-25\"", \""state\"": \""Madhya Pradesh\"", \""year\"": \""2023\""}""]",location,"[""location:(?<![A-Za-z])Madyah\\ Pradesh(?![A-Za-z])""]",district,official_government,rainfall_proxy,none,https://ndmindia.mha.gov.in/ndmi/viewUploadedDocument?uid=NEW1771,84.3672,0.0126,6700.110425846931,S1,observed,matched,76128533B45314020251888,interim_s1_only,fs1-3016a20fd3ad,pending,,5105.9417,0.0165,84.3672,S1,,incomplete,llm_qa,complete,144,148,0,0,148,False,local_state_plus_targeted_bigquery,14,148,0.314162806621823,1241350.0,389986.0,851364.0,2011,census_2011_recovery;method=census_name_link;url=https://narmadapuram.nic.in/en/history/;table=district demography;notes=Explicit district name equivalence; population retained from official 2011 PCA. Not an event-year population estimate.;population_source=census_2011_official;file=census_2011_district_urban_rural.xlsx;sha256=acb01ddb965be41cf22a20f0e641fdbcc1f4a16e6b7bc9cf91478ce289f853e8;catalog=https://censusindia.gov.in/nada/index.php/catalog/42557;file=district_census_recovery.json;sha256=d452a6f74338bb2f237f3d014518ab361f6b2d7436bac837b8a1cb97d050bac0,matched_crosswalk,449,resolved,article_collection_incomplete;article_count_missing_or_invalid,False
E170::mumbai%20suburban,E170,2023-0428-IND,Maharashtra,Mumbai Suburban,2023-06-25,2023-09-07,start:day|end:day,external_recovery,"[""{\""canonical_district\"": \""Mumbai Suburban\"", \""circularity_risk\"": \""none\"", \""end_date\"": \""2023-09-07\"", \""event_id\"": \""E170\"", \""evidence_note\"": \""Official rainfall geography only; direct flood status varies, so maximal tier.\"", \""evidence_scope\"": \""within_long_event_window\"", \""evidence_type\"": \""rainfall_proxy\"", \""mapping_row\"": 1044, \""merge_rule\"": \""dedupe on event_id + canonical(state,district); retain all source provenance\"", \""origin\"": \""exhaustive_followup\"", \""source_class\"": \""official_government\"", \""source_record_id\"": \""2023-0428-IND\"", \""source_title\"": \""MHA/NERC significant rainfall districts, Jul 2023\"", \""source_url\"": \""https://ndmindia.mha.gov.in/ndmi/viewUploadedDocument?uid=NEW1771\"", \""source_verification\"": \""supplied_not_independently_verified\"", \""start_date\"": \""2023-06-25\"", \""state\"": \""Maharashtra\"", \""year\"": \""2023\""}""]",location,"[""location:(?<![A-Za-z])Maharashtra(?![A-Za-z])""]",district,official_government,rainfall_proxy,none,https://ndmindia.mha.gov.in/ndmi/viewUploadedDocument?uid=NEW1771,1.9072,0.0047,409.3994670782586,S1,observed,matched,70183.0,interim_s1_only,fs1-3016a20fd3ad,pending,,269.1381,0.0071,1.9072,S1,,incomplete,llm_qa,complete,351,352,0,0,352,False,local_state_plus_targeted_bigquery,14,352,1.0,9356962.0,9356962.0,0.0,2011,census_2011_official;file=census_2011_district_urban_rural.xlsx;sha256=acb01ddb965be41cf22a20f0e641fdbcc1f4a16e6b7bc9cf91478ce289f853e8;catalog=https://censusindia.gov.in/nada/index.php/catalog/42557,matched,518,resolved,article_collection_incomplete;article_count_missing_or_invalid,False
E170::nandurbar,E170,2023-0428-IND,Maharashtra,Nandurbar,2023-06-25,2023-09-07,start:day|end:day,external_recovery,"[""{\""canonical_district\"": \""Nandurbar\"", \""circularity_risk\"": \""none\"", \""end_date\"": \""2023-09-07\"", \""event_id\"": \""E170\"", \""evidence_note\"": \""Official rainfall geography only; direct flood status varies, so maximal tier.\"", \""evidence_scope\"": \""within_long_event_window\"", \""evidence_type\"": \""rainfall_proxy\"", \""mapping_row\"": 1047, \""merge_rule\"": \""dedupe on event_id + canonical(state,district); retain all source provenance\"", \""origin\"": \""exhaustive_followup\"", \""source_class\"": \""official_government\"", \""source_record_id\"": \""2023-0428-IND\"", \""source_title\"": \""MHA/NERC significant rainfall districts, Jul 2023\"", \""source_url\"": \""https://ndmindia.mha.gov.in/ndmi/viewUploadedDocument?uid=NEW1771\"", \""source_verification\"": \""supplied_not_independently_verified\"", \""start_date\"": \""2023-06-25\"", \""state\"": \""Maharashtra\"", \""year\"": \""2023\""}""]",location,"[""location:(?<![A-Za-z])Maharashtra(?![A-Za-z])""]",district,official_government,rainfall_proxy,none,https://ndmindia.mha.gov.in/ndmi/viewUploadedDocument?uid=NEW1771,5.082,0.0009,5947.719113281336,S1,observed,matched,70185.0,interim_s1_only,fs1-3016a20fd3ad,pending,,3471.464,0.0015,5.082,S1,,incomplete,llm_qa,complete,351,351,0,0,351,False,local_state_plus_targeted_bigquery,14,351,0.1671266369187554,1648295.0,275474.0,1372821.0,2011,census_2011_official;file=census_2011_district_urban_rural.xlsx;sha256=acb01ddb965be41cf22a20f0e641fdbcc1f4a16e6b7bc9cf91478ce289f853e8;catalog=https://censusindia.gov.in/nada/index.php/catalog/42557,matched,497,resolved,article_collection_incomplete;article_count_missing_or_invalid,False
E170::palghar,E170,2023-0428-IND,Maharashtra,Palghar,2023-06-25,2023-09-07,start:day|end:day,external_recovery,"[""{\""canonical_district\"": \""Palghar\"", \""circularity_risk\"": \""none\"", \""end_date\"": \""2023-09-07\"", \""event_id\"": \""E170\"", \""evidence_note\"": \""Official rainfall geography only; direct flood status varies, so maximal tier.\"", \""evidence_scope\"": \""within_long_event_window\"", \""evidence_type\"": \""rainfall_proxy\"", \""mapping_row\"": 1049, \""merge_rule\"": \""dedupe on event_id + canonical(state,district); retain all source provenance\"", \""origin\"": \""exhaustive_followup\"", \""source_class\"": \""official_government\"", \""source_record_id\"": \""2023-0428-IND\"", \""source_title\"": \""MHA/NERC significant rainfall districts, Jul 2023\"", \""source_url\"": \""https://ndmindia.mha.gov.in/ndmi/viewUploadedDocument?uid=NEW1771\"", \""source_verification\"": \""supplied_not_independently_verified\"", \""start_date\"": \""2023-06-25\"", \""state\"": \""Maharashtra\"", \""year\"": \""2023\""}""]",location,"[""location:(?<![A-Za-z])Maharashtra(?![A-Za-z])""]",district,official_government,rainfall_proxy,none,https://ndmindia.mha.gov.in/ndmi/viewUploadedDocument?uid=NEW1771,138.5786,0.0259,5355.281971404182,S1,observed,matched,76128533B37148244536449,interim_s1_only,fs1-3016a20fd3ad,pending,,2858.6379,0.0485,138.5786,S1,15.0,partial,llm_qa_observed_lower_bound,complete,351,396,0,28,368,True,local_state_plus_targeted_bigquery,14,368,,,,,2011,census_2011_official,unmatched,,resolved,census_unmatched;census_invalid;census_population_inconsistent,False
E171::fazilka,E171,2023-0428-IND,Punjab,Fazilka,2023-06-25,2023-09-07,start:day|end:day,external_recovery,"[""{\""canonical_district\"": \""Fazilka\"", \""circularity_risk\"": \""none\"", \""end_date\"": \""2023-09-07\"", \""event_id\"": \""E171\"", \""evidence_note\"": \""District explicitly reported flood affected during long event.\"", \""evidence_scope\"": \""within_long_event_window\"", \""evidence_type\"": \""direct_disaster_impact\"", \""mapping_row\"": 1057, \""merge_rule\"": \""dedupe on event_id + canonical(state,district); retain all source provenance\"", \""origin\"": \""exhaustive_followup\"", \""source_class\"": \""official_government\"", \""source_record_id\"": \""2023-0428-IND\"", \""source_title\"": \""Punjab government flood situation / MHA reporting, Aug 2023\"", \""source_url\"": \""https://ndmindia.mha.gov.in/ndmi/report\"", \""source_verification\"": \""supplied_not_independently_verified\"", \""start_date\"": \""2023-06-25\"", \""state\"": \""Punjab\"", \""year\"": \""2023\""}""]",location,"[""location:(?<![A-Za-z])Punjab(?![A-Za-z])""]",district,official_government,direct_disaster_impact,none,https://ndmindia.mha.gov.in/ndmi/report,770.5962,0.2363,3260.9663717370954,S1,observed,matched,76128533B7291413308870,interim_s1_only,fs1-3016a20fd3ad,pending,,3125.647,0.2465,770.5962,S1,,incomplete,llm_qa,complete,22,22,0,0,22,False,local_state_plus_targeted_bigquery,14,22,,,,,2011,census_2011_official,unmatched,,resolved,article_collection_incomplete;article_count_missing_or_invalid;census_unmatched;census_invalid;census_population_inconsistent,False
E171::firozpur,E171,2023-0428-IND,Punjab,Firozpur,2023-06-25,2023-09-07,start:day|end:day,external_recovery,"[""{\""canonical_district\"": \""Firozpur\"", \""circularity_risk\"": \""none\"", \""end_date\"": \""2023-09-07\"", \""event_id\"": \""E171\"", \""evidence_note\"": \""District explicitly reported flood affected during long event.\"", \""evidence_scope\"": \""within_long_event_window\"", \""evidence_type\"": \""direct_disaster_impact\"", \""mapping_row\"": 1058, \""merge_rule\"": \""dedupe on event_id + canonical(state,district); retain all source provenance\"", \""origin\"": \""exhaustive_followup\"", \""source_class\"": \""official_government\"", \""source_record_id\"": \""2023-0428-IND\"", \""source_title\"": \""Punjab government flood situation / MHA reporting, Aug 2023\"", \""source_url\"": \""https://ndmindia.mha.gov.in/ndmi/report\"", \""source_verification\"": \""supplied_not_independently_verified\"", \""start_date\"": \""2023-06-25\"", \""state\"": \""Punjab\"", \""year\"": \""2023\""}""]",location,"[""location:(?<![A-Za-z])Punjab(?![A-Za-z])""]",district,official_government,direct_disaster_impact,none,https://ndmindia.mha.gov.in/ndmi/report,1417.2031,0.2733,5185.395439607114,S1,observed,matched,17825.0,interim_s1_only,fs1-3016a20fd3ad,pending,,4645.3722,0.3051,1417.2031,S1,,incomplete,llm_qa,complete,4,4,0,0,4,False,local_state_plus_targeted_bigquery,14,4,0.2723192944170592,2029074.0,552556.0,1476518.0,2011,census_2011_official;file=census_2011_district_urban_rural.xlsx;sha256=acb01ddb965be41cf22a20f0e641fdbcc1f4a16e6b7bc9cf91478ce289f853e8;catalog=https://censusindia.gov.in/nada/index.php/catalog/42557,matched,043,resolved,article_collection_incomplete;article_count_missing_or_invalid,False
E171::rupnagar,E171,2023-0428-IND,Punjab,Rupnagar,2023-06-25,2023-09-07,start:day|end:day,external_recovery,"[""{\""canonical_district\"": \""Rupnagar\"", \""circularity_risk\"": \""none\"", \""end_date\"": \""2023-09-07\"", \""event_id\"": \""E171\"", \""evidence_note\"": \""District explicitly reported flood affected during long event.\"", \""evidence_scope\"": \""within_long_event_window\"", \""evidence_type\"": \""direct_disaster_impact\"", \""mapping_row\"": 1062, \""merge_rule\"": \""dedupe on event_id + canonical(state,district); retain all source provenance\"", \""origin\"": \""exhaustive_followup\"", \""source_class\"": \""official_government\"", \""source_record_id\"": \""2023-0428-IND\"", \""source_title\"": \""Punjab government flood situation / MHA reporting, Aug 2023\"", \""source_url\"": \""https://ndmindia.mha.gov.in/ndmi/report\"", \""source_verification\"": \""supplied_not_independently_verified\"", \""start_date\"": \""2023-06-25\"", \""state\"": \""Punjab\"", \""year\"": \""2023\""}""]",location,"[""location:(?<![A-Za-z])Punjab(?![A-Za-z])""]",district,official_government,direct_disaster_impact,none,https://ndmindia.mha.gov.in/ndmi/report,374.8732,0.1789,2095.7343025165355,S1,observed,matched,17832.0,interim_s1_only,fs1-3016a20fd3ad,pending,,1738.0685,0.2157,374.8732,S1,,incomplete,llm_qa,complete,4,4,0,0,4,False,local_state_plus_targeted_bigquery,14,4,0.2597136835094146,684627.0,177807.0,506820.0,2011,census_2011_official;file=census_2011_district_urban_rural.xlsx;sha256=acb01ddb965be41cf22a20f0e641fdbcc1f4a16e6b7bc9cf91478ce289f853e8;catalog=https://censusindia.gov.in/nada/index.php/catalog/42557,matched,051,resolved,article_collection_incomplete;article_count_missing_or_invalid,False
E171::tarn%20taran,E171,2023-0428-IND,Punjab,Tarn Taran,2023-06-25,2023-09-07,start:day|end:day,external_recovery,"[""{\""canonical_district\"": \""Tarn Taran\"", \""circularity_risk\"": \""none\"", \""end_date\"": \""2023-09-07\"", \""event_id\"": \""E171\"", \""evidence_note\"": \""District explicitly reported flood affected during long event.\"", \""evidence_scope\"": \""within_long_event_window\"", \""evidence_type\"": \""direct_disaster_impact\"", \""mapping_row\"": 1063, \""merge_rule\"": \""dedupe on event_id + canonical(state,district); retain all source provenance\"", \""origin\"": \""exhaustive_followup\"", \""source_class\"": \""official_government\"", \""source_record_id\"": \""2023-0428-IND\"", \""source_title\"": \""Punjab government flood situation / MHA reporting, Aug 2023\"", \""source_url\"": \""https://ndmindia.mha.gov.in/ndmi/report\"", \""source_verification\"": \""supplied_not_independently_verified\"", \""start_date\"": \""2023-06-25\"", \""state\"": \""Punjab\"", \""year\"": \""2023\""}""]",location,"[""location:(?<![A-Za-z])Punjab(?![A-Za-z])""]",district,official_government,direct_disaster_impact,none,https://ndmindia.mha.gov.in/ndmi/report,926.6257,0.3818,2426.872858514094,S1,observed,matched,76128533B54652028494758,interim_s1_only,fs1-3016a20fd3ad,pending,,2111.1429,0.4389,926.6257,S1,,incomplete,llm_qa,complete,4,4,0,0,4,False,local_state_plus_targeted_bigquery,14,4,0.126644855831451,1119627.0,141795.0,977832.0,2011,census_2011_official;file=census_2011_district_urban_rural.xlsx;sha256=acb01ddb965be41cf22a20f0e641fdbcc1f4a16e6b7bc9cf91478ce289f853e8;catalog=https://censusindia.gov.in/nada/index.php/catalog/42557,matched,050,resolved,article_collection_incomplete;article_count_missing_or_invalid,False
E172::pauri%20garhwal,E172,2023-0428-IND,Uttarakhand,Pauri Garhwal,2023-06-25,2023-09-07,start:day|end:day,external_recovery,"[""{\""canonical_district\"": \""Pauri Garhwal\"", \""circularity_risk\"": \""none\"", \""event_id\"": \""E172\"", \""evidence_note\"": \""Official MHA current affected-district list within the broader 2023 monsoon event.\"", \""evidence_scope\"": \""same_episode\"", \""evidence_type\"": \""same_episode_evidence\"", \""mapping_row\"": 1067, \""merge_rule\"": \""dedupe on event_id + canonical(state,district); preserve original source name\"", \""origin\"": \""prior_research_pass\"", \""source_class\"": \""official_government\"", \""source_record_id\"": \""2023-0428\"", \""source_title\"": \""Government of India MHA/NERC Situation Report, 14 Aug 2023\"", \""source_url\"": \""https://ndmindia.mha.gov.in/ndmi/viewUploadedDocument?uid=NEW1753\"", \""source_verification\"": \""supplied_not_independently_verified\"", \""state\"": \""Uttarakhand\"", \""year\"": \""2023\""}""]",location,"[""location:(?<![A-Za-z])Uttarakhand(?![A-Za-z])""]",district,official_government,same_episode_evidence,none,https://ndmindia.mha.gov.in/ndmi/viewUploadedDocument?uid=NEW1753,4.4566,0.0008,5461.918144346134,S1,observed,matched,17910.0,interim_s1_only,fs1-3016a20fd3ad,pending,,373.3441,0.0119,4.4566,S1,,incomplete,llm_qa,complete,146,146,0,0,146,False,local_state_plus_targeted_bigquery,14,146,0.1639862586956237,687271.0,112703.0,574568.0,2011,census_2011_official;file=census_2011_district_urban_rural.xlsx;sha256=acb01ddb965be41cf22a20f0e641fdbcc1f4a16e6b7bc9cf91478ce289f853e8;catalog=https://censusindia.gov.in/nada/index.php/catalog/42557;crosswalk=district_name_crosswalk.csv;sha256=c8dc691ab763e799cc1aafb29e9c17ab287710bd63447ad37281418d902c30e9,matched_crosswalk,061,resolved,article_collection_incomplete;article_count_missing_or_invalid,False
E172::udham%20singh%20nagar,E172,2023-0428-IND,Uttarakhand,Udham Singh Nagar,2023-06-25,2023-09-07,start:day|end:day,external_recovery,"[""{\""canonical_district\"": \""Udham Singh Nagar\"", \""circularity_risk\"": \""none\"", \""event_id\"": \""E172\"", \""evidence_note\"": \""Official MHA current affected-district list within the broader 2023 monsoon event.\"", \""evidence_scope\"": \""same_episode\"", \""evidence_type\"": \""same_episode_evidence\"", \""mapping_row\"": 1070, \""merge_rule\"": \""dedupe on event_id + canonical(state,district); preserve original source name\"", \""origin\"": \""prior_research_pass\"", \""source_class\"": \""official_government\"", \""source_record_id\"": \""2023-0428\"", \""source_title\"": \""Government of India MHA/NERC Situation Report, 14 Aug 2023\"", \""source_url\"": \""https://ndmindia.mha.gov.in/ndmi/viewUploadedDocument?uid=NEW1753\"", \""source_verification\"": \""supplied_not_independently_verified\"", \""state\"": \""Uttarakhand\"", \""year\"": \""2023\""}""]",location,"[""location:(?<![A-Za-z])Uttarakhand(?![A-Za-z])""]",district,official_government,same_episode_evidence,none,https://ndmindia.mha.gov.in/ndmi/viewUploadedDocument?uid=NEW1753,534.3501,0.1862,2869.388323442663,S1,observed,matched,70288.0,interim_s1_only,fs1-3016a20fd3ad,pending,,2584.6152,0.2067,534.3501,S1,,incomplete,llm_qa,complete,146,147,0,0,147,False,local_state_plus_targeted_bigquery,14,147,0.3558489224950906,1648902.0,586760.0,1062142.0,2011,census_2011_official;file=census_2011_district_urban_rural.xlsx;sha256=acb01ddb965be41cf22a20f0e641fdbcc1f4a16e6b7bc9cf91478ce289f853e8;catalog=https://censusindia.gov.in/nada/index.php/catalog/42557,matched,067,resolved,article_collection_incomplete;article_count_missing_or_invalid,False
E173::central%20delhi,E173,2023-0359-IND,Delhi,Central Delhi,2023-06-26,2023-07-12,start:day|end:day,external_recovery,"[""{\""canonical_district\"": \""Central Delhi\"", \""circularity_risk\"": \""none\"", \""end_date\"": \""2023-07-12\"", \""event_id\"": \""E173\"", \""evidence_note\"": \""NRSC directly maps inundation, but mapping to revenue districts is inferred; maximal only.\"", \""evidence_scope\"": \""exact_event_period\"", \""evidence_type\"": \""satellite_admin_inference\"", \""mapping_row\"": 1071, \""merge_rule\"": \""dedupe on event_id + canonical(state,district); retain all source provenance\"", \""origin\"": \""exhaustive_followup\"", \""source_class\"": \""nrsc_isro\"", \""source_record_id\"": \""2023-0359-IND\"", \""source_title\"": \""NRSC Delhi Yamuna flood maps, Jul 2023\"", \""source_url\"": \""https://www.nrsc.gov.in/nrscnew/2023_SikkimFloods.php\"", \""source_verification\"": \""supplied_not_independently_verified\"", \""start_date\"": \""2023-06-26\"", \""state\"": \""Delhi\"", \""year\"": \""2023\""}""]",admin_units|gadm|location,"[""admin_units:1489"", ""gadm:IND.25_1"", ""location:(?<![A-Za-z])NewDelhi(?![A-Za-z])""]",district,nrsc_isro,satellite_admin_inference,none,https://www.nrsc.gov.in/nrscnew/2023_SikkimFloods.php,0.4457,0.0059,75.42581247339129,S1,observed,matched,76128533B19832024635761,interim_s1_only,fs1-3016a20fd3ad,pending,,61.2611,0.0073,0.4457,S1,2.0,partial,llm_qa_observed_lower_bound,complete,361,364,0,3,361,True,local_state_plus_targeted_bigquery,14,361,,,,,2011,census_2011_official,unmatched,,resolved,census_unmatched;census_invalid;census_population_inconsistent,False
E173::east%20delhi,E173,2023-0359-IND,Delhi,East Delhi,2023-06-26,2023-07-12,start:day|end:day,external_recovery,"[""{\""canonical_district\"": \""East Delhi\"", \""circularity_risk\"": \""none\"", \""end_date\"": \""2023-07-12\"", \""event_id\"": \""E173\"", \""evidence_note\"": \""NRSC directly maps inundation, but mapping to revenue districts is inferred; maximal only.\"", \""evidence_scope\"": \""exact_event_period\"", \""evidence_type\"": \""satellite_admin_inference\"", \""mapping_row\"": 1072, \""merge_rule\"": \""dedupe on event_id + canonical(state,district); retain all source provenance\"", \""origin\"": \""exhaustive_followup\"", \""source_class\"": \""nrsc_isro\"", \""source_record_id\"": \""2023-0359-IND\"", \""source_title\"": \""NRSC Delhi Yamuna flood maps, Jul 2023\"", \""source_url\"": \""https://www.nrsc.gov.in/nrscnew/2023_SikkimFloods.php\"", \""source_verification\"": \""supplied_not_independently_verified\"", \""start_date\"": \""2023-06-26\"", \""state\"": \""Delhi\"", \""year\"": \""2023\""}""]",admin_units|gadm|location,"[""admin_units:1489"", ""gadm:IND.25_1"", ""location:(?<![A-Za-z])NewDelhi(?![A-Za-z])""]",district,nrsc_isro,satellite_admin_inference,none,https://www.nrsc.gov.in/nrscnew/2023_SikkimFloods.php,0.3544,0.0054,66.11030367841411,S1,observed,matched,76128533B72485933575946,interim_s1_only,fs1-3016a20fd3ad,pending,,54.6152,0.0065,0.3544,S1,4.0,partial,llm_qa_observed_lower_bound,complete,361,370,0,6,364,True,local_state_plus_targeted_bigquery,14,364,,,,,2011,census_2011_official,unmatched,,resolved,census_unmatched;census_invalid;census_population_inconsistent,False
E173::north%20east%20delhi,E173,2023-0359-IND,Delhi,North East Delhi,2023-06-26,2023-07-12,start:day|end:day,external_recovery,"[""{\""canonical_district\"": \""North East Delhi\"", \""circularity_risk\"": \""none\"", \""end_date\"": \""2023-07-12\"", \""event_id\"": \""E173\"", \""evidence_note\"": \""NRSC directly maps inundation, but mapping to revenue districts is inferred; maximal only.\"", \""evidence_scope\"": \""exact_event_period\"", \""evidence_type\"": \""satellite_admin_inference\"", \""mapping_row\"": 1073, \""merge_rule\"": \""dedupe on event_id + canonical(state,district); retain all source provenance\"", \""origin\"": \""exhaustive_followup\"", \""source_class\"": \""nrsc_isro\"", \""source_record_id\"": \""2023-0359-IND\"", \""source_title\"": \""NRSC Delhi Yamuna flood maps, Jul 2023\"", \""source_url\"": \""https://www.nrsc.gov.in/nrscnew/2023_SikkimFloods.php\"", \""source_verification\"": \""supplied_not_independently_verified\"", \""start_date\"": \""2023-06-26\"", \""state\"": \""Delhi\"", \""year\"": \""2023\""}""]",admin_units|gadm|location,"[""admin_units:1489"", ""gadm:IND.25_1"", ""location:(?<![A-Za-z])NewDelhi(?![A-Za-z])""]",district,nrsc_isro,satellite_admin_inference,none,https://www.nrsc.gov.in/nrscnew/2023_SikkimFloods.php,0.5538,0.0143,38.8590424987533,S1,observed,matched,76128533B9976625304286,interim_s1_only,fs1-3016a20fd3ad,pending,,33.405,0.0166,0.5538,S1,,incomplete,llm_qa,complete,361,361,0,0,361,False,local_state_plus_targeted_bigquery,14,361,,,,,2011,census_2011_official,unmatched,,resolved,article_collection_incomplete;article_count_missing_or_invalid;census_unmatched;census_invalid;census_population_inconsistent,False
E173::shahdara,E173,2023-0359-IND,Delhi,Shahdara,2023-06-26,2023-07-12,start:day|end:day,external_recovery,"[""{\""canonical_district\"": \""Shahdara\"", \""circularity_risk\"": \""none\"", \""end_date\"": \""2023-07-12\"", \""event_id\"": \""E173\"", \""evidence_note\"": \""NRSC directly maps inundation, but mapping to revenue districts is inferred; maximal only.\"", \""evidence_scope\"": \""exact_event_period\"", \""evidence_type\"": \""satellite_admin_inference\"", \""mapping_row\"": 1074, \""merge_rule\"": \""dedupe on event_id + canonical(state,district); retain all source provenance\"", \""origin\"": \""exhaustive_followup\"", \""source_class\"": \""nrsc_isro\"", \""source_record_id\"": \""2023-0359-IND\"", \""source_title\"": \""NRSC Delhi Yamuna flood maps, Jul 2023\"", \""source_url\"": \""https://www.nrsc.gov.in/nrscnew/2023_SikkimFloods.php\"", \""source_verification\"": \""supplied_not_independently_verified\"", \""start_date\"": \""2023-06-26\"", \""state\"": \""Delhi\"", \""year\"": \""2023\""}""]",admin_units|gadm|location,"[""admin_units:1489"", ""gadm:IND.25_1"", ""location:(?<![A-Za-z])NewDelhi(?![A-Za-z])""]",district,nrsc_isro,satellite_admin_inference,none,https://www.nrsc.gov.in/nrscnew/2023_SikkimFloods.php,0.0438,0.0016,26.658849212845475,S1,observed,matched,76128533B81419063387740,interim_s1_only,fs1-3016a20fd3ad,pending,,22.5926,0.0019,0.0438,S1,3.0,partial,llm_qa_observed_lower_bound,complete,361,365,0,4,361,True,local_state_plus_targeted_bigquery,14,361,,,,,2011,census_2011_official,unmatched,,resolved,census_unmatched;census_invalid;census_population_inconsistent,False
E176::pathankot,E176,2023-0359-IND,Punjab,Pathankot,2023-06-26,2023-07-12,start:day|end:day,external_recovery,"[""{\""canonical_district\"": \""Pathankot\"", \""circularity_risk\"": \""none\"", \""end_date\"": \""2023-07-12\"", \""event_id\"": \""E176\"", \""evidence_note\"": \""Official state data identified district as affected during July flood event.\"", \""evidence_scope\"": \""exact_event_period\"", \""evidence_type\"": \""direct_disaster_impact\"", \""mapping_row\"": 1094, \""merge_rule\"": \""dedupe on event_id + canonical(state,district); retain all source provenance\"", \""origin\"": \""exhaustive_followup\"", \""source_class\"": \""state_government\"", \""source_record_id\"": \""2023-0359-IND\"", \""source_title\"": \""Punjab government affected-district data, Jul 2023\"", \""source_url\"": \""https://punjab.gov.in/\"", \""source_verification\"": \""supplied_not_independently_verified\"", \""start_date\"": \""2023-06-26\"", \""state\"": \""Punjab\"", \""year\"": \""2023\""}""]",admin_units|gadm|location,"[""admin_units:1505"", ""gadm:IND.28_1"", ""location:(?<![A-Za-z])Punjab(?![A-Za-z])""]",district,state_government,direct_disaster_impact,none,https://punjab.gov.in/,164.0309,0.164,999.949013574026,S1,observed,matched,76128533B19630094725383,interim_s1_only,fs1-3016a20fd3ad,pending,,751.4754,0.2183,164.0309,S1,2.0,partial,llm_qa_observed_lower_bound,complete,44,56,0,10,46,True,local_state_plus_targeted_bigquery,14,46,,,,,2011,census_2011_official,unmatched,,resolved,census_unmatched;census_invalid;census_population_inconsistent,False
E176::sbs%20nagar,E176,2023-0359-IND,Punjab,SBS Nagar,2023-06-26,2023-07-12,start:day|end:day,external_recovery,"[""{\""canonical_district\"": \""SBS Nagar\"", \""circularity_risk\"": \""none\"", \""end_date\"": \""2023-07-12\"", \""event_id\"": \""E176\"", \""evidence_note\"": \""Official state data identified district as affected during July flood event.\"", \""evidence_scope\"": \""exact_event_period\"", \""evidence_type\"": \""direct_disaster_impact\"", \""mapping_row\"": 1098, \""merge_rule\"": \""dedupe on event_id + canonical(state,district); retain all source provenance\"", \""origin\"": \""exhaustive_followup\"", \""source_class\"": \""state_government\"", \""source_record_id\"": \""2023-0359-IND\"", \""source_title\"": \""Punjab government affected-district data, Jul 2023\"", \""source_url\"": \""https://punjab.gov.in/\"", \""source_verification\"": \""supplied_not_independently_verified\"", \""start_date\"": \""2023-06-26\"", \""state\"": \""Punjab\"", \""year\"": \""2023\""}""]",admin_units|gadm|location,"[""admin_units:1505"", ""gadm:IND.28_1"", ""location:(?<![A-Za-z])Punjab(?![A-Za-z])""]",district,state_government,direct_disaster_impact,none,https://punjab.gov.in/,376.592,0.2946,1278.3239705605308,S1,observed,matched,76128533B14984770113274,interim_s1_only,fs1-3016a20fd3ad,pending,,1160.9254,0.3244,376.592,S1,,incomplete,llm_qa,complete,44,45,0,0,45,False,local_state_plus_targeted_bigquery,14,45,0.204824353677059,612310.0,125416.0,486894.0,2011,census_2011_official;file=census_2011_district_urban_rural.xlsx;sha256=acb01ddb965be41cf22a20f0e641fdbcc1f4a16e6b7bc9cf91478ce289f853e8;catalog=https://censusindia.gov.in/nada/index.php/catalog/42557;crosswalk=district_name_crosswalk.csv;sha256=c8dc691ab763e799cc1aafb29e9c17ab287710bd63447ad37281418d902c30e9,matched_crosswalk,039,resolved,article_collection_incomplete;article_count_missing_or_invalid,False
E179::tenkasi,E179,2023-0846-IND,Tamil Nadu,Tenkasi,2023-12-18,2023-12-20,start:day|end:day,location,"[""location:Kanniyakumari and Tenkasi"", ""recovery_alias:Kanniyakumari and Tenkasi->Tenkasi""]",gadm|location,"[""gadm:IND.31.25_1"", ""gadm:IND.31.27_1"", ""gadm:IND.31.9_1"", ""location:(?<![A-Za-z])Tamil\\ Nadu(?![A-Za-z])"", ""location:Kanniyakumari and Tenkasi"", ""location:Thoothukudi"", ""location:Tirunelveli""]",district,,,,,35.9735,0.0125,2880.477474023877,S1,observed,matched,76128533B27604563137530,interim_s1_only,fs1-3016a20fd3ad,pending,,2416.5276,0.0149,35.9735,S1,175.0,partial,llm_qa_observed_lower_bound,complete,433,638,0,182,456,True,local_state_plus_targeted_bigquery,14,456,,,,,2011,census_2011_official,unmatched,,resolved,census_unmatched;census_invalid;census_population_inconsistent,False
E180::biswanath,E180,2024-0399-IND,Assam,Biswanath,2024-05-01,2024-07-08,start:month|end:day,external_recovery,"[""{\""canonical_district\"": \""Biswanath\"", \""circularity_risk\"": \""none\"", \""event_id\"": \""E180\"", \""evidence_note\"": \""ASDMA daily flood report within the May-Jul event period explicitly identifies affected districts.\"", \""evidence_scope\"": \""exact_or_direct_event\"", \""evidence_type\"": \""direct_disaster_impact\"", \""mapping_row\"": 1106, \""merge_rule\"": \""dedupe on event_id + canonical(state,district); preserve original source name\"", \""origin\"": \""prior_research_pass\"", \""source_class\"": \""state_government\"", \""source_record_id\"": \""2024-0399\"", \""source_title\"": \""Assam State Disaster Management Authority Daily Flood Report, 1 Jul 2024\"", \""source_url\"": \""https://www.asdma.gov.in/pdf/flood_report/2024/Daily_Flood_Report_01.07.2024.pdf\"", \""source_verification\"": \""supplied_not_independently_verified\"", \""state\"": \""Assam\"", \""year\"": \""2024\""}""]",location,"[""location:(?<![A-Za-z])Assam(?![A-Za-z])""]",district,state_government,direct_disaster_impact,none,https://www.asdma.gov.in/pdf/flood_report/2024/Daily_Flood_Report_01.07.2024.pdf,31.1083,0.0173,1795.9804068304836,S1,observed,matched,76128533B40714385808093,interim_s1_only,fs1-3016a20fd3ad,pending,,1560.1555,0.0199,31.1083,S1,,incomplete,llm_qa,complete,17,17,0,0,17,False,local_state_plus_targeted_bigquery,14,17,0.051213813753998,612491.0,31368.0,581123.0,2011,census_2011_recovery;method=official_retabulation;url=https://des.assam.gov.in/sites/default/files/swf_utility_folder/departments/ecostat_medhassu_in_oid_3/this_comm/statistical_abstract_assam_2021.pdf;table=Table 1.02; printed page 4; PDF page 19;notes=Official 2011 population retabulated to the district definition in the cited source. No parent-district population substitution; not an event-year population estimate.;population_source=https://des.assam.gov.in/sites/default/files/swf_utility_folder/departments/ecostat_medhassu_in_oid_3/this_comm/statistical_abstract_assam_2021.pdf;file=district_census_recovery.json;sha256=d452a6f74338bb2f237f3d014518ab361f6b2d7436bac837b8a1cb97d050bac0,matched_crosswalk,retabulated:assam:Biswanath,resolved,article_collection_incomplete;article_count_missing_or_invalid,False
E180::darrang,E180,2024-0399-IND,Assam,Darrang,2024-05-01,2024-07-08,start:month|end:day,external_recovery,"[""{\""canonical_district\"": \""Darrang\"", \""circularity_risk\"": \""none\"", \""event_id\"": \""E180\"", \""evidence_note\"": \""ASDMA daily flood report within the May-Jul event period explicitly identifies affected districts.\"", \""evidence_scope\"": \""exact_or_direct_event\"", \""evidence_type\"": \""direct_disaster_impact\"", \""mapping_row\"": 1108, \""merge_rule\"": \""dedupe on event_id + canonical(state,district); preserve original source name\"", \""origin\"": \""prior_research_pass\"", \""source_class\"": \""state_government\"", \""source_record_id\"": \""2024-0399\"", \""source_title\"": \""Assam State Disaster Management Authority Daily Flood Report, 1 Jul 2024\"", \""source_url\"": \""https://www.asdma.gov.in/pdf/flood_report/2024/Daily_Flood_Report_01.07.2024.pdf\"", \""source_verification\"": \""supplied_not_independently_verified\"", \""state\"": \""Assam\"", \""year\"": \""2024\""}""]",location,"[""location:(?<![A-Za-z])Assam(?![A-Za-z])""]",district,state_government,direct_disaster_impact,none,https://www.asdma.gov.in/pdf/flood_report/2024/Daily_Flood_Report_01.07.2024.pdf,37.6785,0.011,3426.9679336953163,S1,observed,matched,17578.0,interim_s1_only,fs1-3016a20fd3ad,pending,,3074.5271,0.0123,37.6785,S1,,incomplete,llm_qa,complete,17,17,0,0,17,False,local_state_plus_targeted_bigquery,14,17,0.0597673667205169,928500.0,55494.0,873006.0,2011,census_2011_official;file=census_2011_district_urban_rural.xlsx;sha256=acb01ddb965be41cf22a20f0e641fdbcc1f4a16e6b7bc9cf91478ce289f853e8;catalog=https://censusindia.gov.in/nada/index.php/catalog/42557,matched,325,resolved,article_collection_incomplete;article_count_missing_or_invalid,False
E180::golaghat,E180,2024-0399-IND,Assam,Golaghat,2024-05-01,2024-07-08,start:month|end:day,external_recovery,"[""{\""canonical_district\"": \""Golaghat\"", \""circularity_risk\"": \""none\"", \""event_id\"": \""E180\"", \""evidence_note\"": \""ASDMA daily flood report within the May-Jul event period explicitly identifies affected districts.\"", \""evidence_scope\"": \""exact_or_direct_event\"", \""evidence_type\"": \""direct_disaster_impact\"", \""mapping_row\"": 1111, \""merge_rule\"": \""dedupe on event_id + canonical(state,district); preserve original source name\"", \""origin\"": \""prior_research_pass\"", \""source_class\"": \""state_government\"", \""source_record_id\"": \""2024-0399\"", \""source_title\"": \""Assam State Disaster Management Authority Daily Flood Report, 1 Jul 2024\"", \""source_url\"": \""https://www.asdma.gov.in/pdf/flood_report/2024/Daily_Flood_Report_01.07.2024.pdf\"", \""source_verification\"": \""supplied_not_independently_verified\"", \""state\"": \""Assam\"", \""year\"": \""2024\""}""]",location,"[""location:(?<![A-Za-z])Assam(?![A-Za-z])""]",district,state_government,direct_disaster_impact,none,https://www.asdma.gov.in/pdf/flood_report/2024/Daily_Flood_Report_01.07.2024.pdf,32.7283,0.0093,3532.2679838886856,S1,observed,matched,17582.0,interim_s1_only,fs1-3016a20fd3ad,pending,,3111.5422,0.0105,32.7283,S1,,incomplete,llm_qa,complete,17,17,0,0,17,False,local_state_plus_targeted_bigquery,14,17,0.0916084912380681,1066888.0,97736.0,969152.0,2011,census_2011_official;file=census_2011_district_urban_rural.xlsx;sha256=acb01ddb965be41cf22a20f0e641fdbcc1f4a16e6b7bc9cf91478ce289f853e8;catalog=https://censusindia.gov.in/nada/index.php/catalog/42557,matched,313,resolved,article_collection_incomplete;article_count_missing_or_invalid,False
E180::karimganj,E180,2024-0399-IND,Assam,Karimganj,2024-05-01,2024-07-08,start:month|end:day,external_recovery,"[""{\""canonical_district\"": \""Karimganj\"", \""circularity_risk\"": \""none\"", \""event_id\"": \""E180\"", \""evidence_note\"": \""ASDMA daily flood report within the May-Jul event period explicitly identifies affected districts.\"", \""evidence_scope\"": \""exact_or_direct_event\"", \""evidence_type\"": \""direct_disaster_impact\"", \""mapping_row\"": 1114, \""merge_rule\"": \""dedupe on event_id + canonical(state,district); preserve original source name\"", \""origin\"": \""prior_research_pass\"", \""source_class\"": \""state_government\"", \""source_record_id\"": \""2024-0399\"", \""source_title\"": \""Assam State Disaster Management Authority Daily Flood Report, 1 Jul 2024\"", \""source_url\"": \""https://www.asdma.gov.in/pdf/flood_report/2024/Daily_Flood_Report_01.07.2024.pdf\"", \""source_verification\"": \""supplied_not_independently_verified\"", \""state\"": \""Assam\"", \""year\"": \""2024\""}""]",location,"[""location:(?<![A-Za-z])Assam(?![A-Za-z])""]",district,state_government,direct_disaster_impact,none,https://www.asdma.gov.in/pdf/flood_report/2024/Daily_Flood_Report_01.07.2024.pdf,64.8878,0.0349,1856.722473230466,S1,observed,matched,17585.0,interim_s1_only,fs1-3016a20fd3ad,pending,,1051.2523,0.0617,64.8878,S1,,incomplete,llm_qa,complete,17,17,0,0,17,False,local_state_plus_targeted_bigquery,14,17,0.0892823715741857,1228686.0,109700.0,1118986.0,2011,census_2011_official;file=census_2011_district_urban_rural.xlsx;sha256=acb01ddb965be41cf22a20f0e641fdbcc1f4a16e6b7bc9cf91478ce289f853e8;catalog=https://censusindia.gov.in/nada/index.php/catalog/42557,matched,317,resolved,article_collection_incomplete;article_count_missing_or_invalid,False
E180::majuli,E180,2024-0399-IND,Assam,Majuli,2024-05-01,2024-07-08,start:month|end:day,external_recovery,"[""{\""canonical_district\"": \""Majuli\"", \""circularity_risk\"": \""none\"", \""event_id\"": \""E180\"", \""evidence_note\"": \""ASDMA daily flood report within the May-Jul event period explicitly identifies affected districts.\"", \""evidence_scope\"": \""exact_or_direct_event\"", \""evidence_type\"": \""direct_disaster_impact\"", \""mapping_row\"": 1116, \""merge_rule\"": \""dedupe on event_id + canonical(state,district); preserve original source name\"", \""origin\"": \""prior_research_pass\"", \""source_class\"": \""state_government\"", \""source_record_id\"": \""2024-0399\"", \""source_title\"": \""Assam State Disaster Management Authority Daily Flood Report, 1 Jul 2024\"", \""source_url\"": \""https://www.asdma.gov.in/pdf/flood_report/2024/Daily_Flood_Report_01.07.2024.pdf\"", \""source_verification\"": \""supplied_not_independently_verified\"", \""state\"": \""Assam\"", \""year\"": \""2024\""}""]",location,"[""location:(?<![A-Za-z])Assam(?![A-Za-z])""]",district,state_government,direct_disaster_impact,none,https://www.asdma.gov.in/pdf/flood_report/2024/Daily_Flood_Report_01.07.2024.pdf,37.1837,0.0297,1250.5943287676694,S1,observed,matched,76128533B15157901669242,interim_s1_only,fs1-3016a20fd3ad,pending,,895.4552,0.0415,37.1837,S1,,incomplete,llm_qa,complete,17,17,0,0,17,False,local_state_plus_targeted_bigquery,14,17,0.0,167304.0,0.0,167304.0,2011,census_2011_recovery;method=official_retabulation;url=https://des.assam.gov.in/sites/default/files/swf_utility_folder/departments/ecostat_medhassu_in_oid_3/this_comm/statistical_abstract_assam_2021.pdf;table=Table 1.02; printed page 4; PDF page 19;notes=Official 2011 population retabulated to the district definition in the cited source. No parent-district population substitution; not an event-year population estimate.;population_source=https://des.assam.gov.in/sites/default/files/swf_utility_folder/departments/ecostat_medhassu_in_oid_3/this_comm/statistical_abstract_assam_2021.pdf;file=district_census_recovery.json;sha256=d452a6f74338bb2f237f3d014518ab361f6b2d7436bac837b8a1cb97d050bac0,matched_crosswalk,retabulated:assam:Majuli,resolved,article_collection_incomplete;article_count_missing_or_invalid,False
E180::morigaon,E180,2024-0399-IND,Assam,Morigaon,2024-05-01,2024-07-08,start:month|end:day,external_recovery,"[""{\""canonical_district\"": \""Morigaon\"", \""circularity_risk\"": \""none\"", \""event_id\"": \""E180\"", \""evidence_note\"": \""ASDMA daily flood report within the May-Jul event period explicitly identifies affected districts.\"", \""evidence_scope\"": \""exact_or_direct_event\"", \""evidence_type\"": \""direct_disaster_impact\"", \""mapping_row\"": 1117, \""merge_rule\"": \""dedupe on event_id + canonical(state,district); preserve original source name\"", \""origin\"": \""prior_research_pass\"", \""source_class\"": \""state_government\"", \""source_record_id\"": \""2024-0399\"", \""source_title\"": \""Assam State Disaster Management Authority Daily Flood Report, 1 Jul 2024\"", \""source_url\"": \""https://www.asdma.gov.in/pdf/flood_report/2024/Daily_Flood_Report_01.07.2024.pdf\"", \""source_verification\"": \""supplied_not_independently_verified\"", \""state\"": \""Assam\"", \""year\"": \""2024\""}""]",location,"[""location:(?<![A-Za-z])Assam(?![A-Za-z])""]",district,state_government,direct_disaster_impact,none,https://www.asdma.gov.in/pdf/flood_report/2024/Daily_Flood_Report_01.07.2024.pdf,17.3151,0.0115,1508.3262903435707,S1,observed,matched,76128533B17968019348564,interim_s1_only,fs1-3016a20fd3ad,pending,,1311.7575,0.0132,17.3151,S1,,incomplete,llm_qa,complete,17,17,0,0,17,False,local_state_plus_targeted_bigquery,14,17,0.0765575926210253,957423.0,73298.0,884125.0,2011,census_2011_official;file=census_2011_district_urban_rural.xlsx;sha256=acb01ddb965be41cf22a20f0e641fdbcc1f4a16e6b7bc9cf91478ce289f853e8;catalog=https://censusindia.gov.in/nada/index.php/catalog/42557,matched,304,resolved,article_collection_incomplete;article_count_missing_or_invalid,False
E180::nalbari,E180,2024-0399-IND,Assam,Nalbari,2024-05-01,2024-07-08,start:month|end:day,external_recovery,"[""{\""canonical_district\"": \""Nalbari\"", \""circularity_risk\"": \""none\"", \""event_id\"": \""E180\"", \""evidence_note\"": \""ASDMA daily flood report within the May-Jul event period explicitly identifies affected districts.\"", \""evidence_scope\"": \""exact_or_direct_event\"", \""evidence_type\"": \""direct_disaster_impact\"", \""mapping_row\"": 1119, \""merge_rule\"": \""dedupe on event_id + canonical(state,district); preserve original source name\"", \""origin\"": \""prior_research_pass\"", \""source_class\"": \""state_government\"", \""source_record_id\"": \""2024-0399\"", \""source_title\"": \""Assam State Disaster Management Authority Daily Flood Report, 1 Jul 2024\"", \""source_url\"": \""https://www.asdma.gov.in/pdf/flood_report/2024/Daily_Flood_Report_01.07.2024.pdf\"", \""source_verification\"": \""supplied_not_independently_verified\"", \""state\"": \""Assam\"", \""year\"": \""2024\""}""]",location,"[""location:(?<![A-Za-z])Assam(?![A-Za-z])""]",district,state_government,direct_disaster_impact,none,https://www.asdma.gov.in/pdf/flood_report/2024/Daily_Flood_Report_01.07.2024.pdf,25.7918,0.011,2339.8796955273547,S1,observed,matched,17590.0,interim_s1_only,fs1-3016a20fd3ad,pending,,2097.5834,0.0123,25.7918,S1,,incomplete,llm_qa,complete,17,17,0,0,17,False,local_state_plus_targeted_bigquery,14,17,0.1072133471740023,771639.0,82730.0,688909.0,2011,census_2011_official;file=census_2011_district_urban_rural.xlsx;sha256=acb01ddb965be41cf22a20f0e641fdbcc1f4a16e6b7bc9cf91478ce289f853e8;catalog=https://censusindia.gov.in/nada/index.php/catalog/42557,matched,323,resolved,article_collection_incomplete;article_count_missing_or_invalid,False
E180::sivasagar,E180,2024-0399-IND,Assam,Sivasagar,2024-05-01,2024-07-08,start:month|end:day,external_recovery,"[""{\""canonical_district\"": \""Sivasagar\"", \""circularity_risk\"": \""none\"", \""event_id\"": \""E180\"", \""evidence_note\"": \""ASDMA daily flood report within the May-Jul event period explicitly identifies affected districts.\"", \""evidence_scope\"": \""exact_or_direct_event\"", \""evidence_type\"": \""direct_disaster_impact\"", \""mapping_row\"": 1120, \""merge_rule\"": \""dedupe on event_id + canonical(state,district); preserve original source name\"", \""origin\"": \""prior_research_pass\"", \""source_class\"": \""state_government\"", \""source_record_id\"": \""2024-0399\"", \""source_title\"": \""Assam State Disaster Management Authority Daily Flood Report, 1 Jul 2024\"", \""source_url\"": \""https://www.asdma.gov.in/pdf/flood_report/2024/Daily_Flood_Report_01.07.2024.pdf\"", \""source_verification\"": \""supplied_not_independently_verified\"", \""state\"": \""Assam\"", \""year\"": \""2024\""}""]",location,"[""location:(?<![A-Za-z])Assam(?![A-Za-z])""]",district,state_government,direct_disaster_impact,none,https://www.asdma.gov.in/pdf/flood_report/2024/Daily_Flood_Report_01.07.2024.pdf,79.9422,0.0524,1526.6517657716288,S1,observed,matched,76128533B21722277889516,interim_s1_only,fs1-3016a20fd3ad,pending,,1387.3046,0.0576,79.9422,S1,,incomplete,llm_qa,complete,17,17,0,0,17,False,local_state_plus_targeted_bigquery,14,17,0.0956483210981277,1151050.0,110096.0,1040954.0,2011,census_2011_official;file=census_2011_district_urban_rural.xlsx;sha256=acb01ddb965be41cf22a20f0e641fdbcc1f4a16e6b7bc9cf91478ce289f853e8;catalog=https://censusindia.gov.in/nada/index.php/catalog/42557,matched,311,resolved,article_collection_incomplete;article_count_missing_or_invalid,False
E180::sonitpur,E180,2024-0399-IND,Assam,Sonitpur,2024-05-01,2024-07-08,start:month|end:day,external_recovery,"[""{\""canonical_district\"": \""Sonitpur\"", \""circularity_risk\"": \""none\"", \""event_id\"": \""E180\"", \""evidence_note\"": \""ASDMA daily flood report within the May-Jul event period explicitly identifies affected districts.\"", \""evidence_scope\"": \""exact_or_direct_event\"", \""evidence_type\"": \""direct_disaster_impact\"", \""mapping_row\"": 1121, \""merge_rule\"": \""dedupe on event_id + canonical(state,district); preserve original source name\"", \""origin\"": \""prior_research_pass\"", \""source_class\"": \""state_government\"", \""source_record_id\"": \""2024-0399\"", \""source_title\"": \""Assam State Disaster Management Authority Daily Flood Report, 1 Jul 2024\"", \""source_url\"": \""https://www.asdma.gov.in/pdf/flood_report/2024/Daily_Flood_Report_01.07.2024.pdf\"", \""source_verification\"": \""supplied_not_independently_verified\"", \""state\"": \""Assam\"", \""year\"": \""2024\""}""]",location,"[""location:(?<![A-Za-z])Assam(?![A-Za-z])""]",district,state_government,direct_disaster_impact,none,https://www.asdma.gov.in/pdf/flood_report/2024/Daily_Flood_Report_01.07.2024.pdf,95.73,0.0205,4676.158375740257,S1,observed,matched,17593.0,interim_s1_only,fs1-3016a20fd3ad,pending,,4081.5881,0.0235,95.73,S1,,incomplete,llm_qa,complete,17,17,0,0,17,False,local_state_plus_targeted_bigquery,14,17,0.0903508635161191,1924110.0,173845.0,1750265.0,2011,census_2011_official;file=census_2011_district_urban_rural.xlsx;sha256=acb01ddb965be41cf22a20f0e641fdbcc1f4a16e6b7bc9cf91478ce289f853e8;catalog=https://censusindia.gov.in/nada/index.php/catalog/42557,matched,306,resolved,article_collection_incomplete;article_count_missing_or_invalid,False
E180::tamulpur,E180,2024-0399-IND,Assam,Tamulpur,2024-05-01,2024-07-08,start:month|end:day,external_recovery,"[""{\""canonical_district\"": \""Tamulpur\"", \""circularity_risk\"": \""none\"", \""event_id\"": \""E180\"", \""evidence_note\"": \""ASDMA daily flood report within the May-Jul event period explicitly identifies affected districts.\"", \""evidence_scope\"": \""exact_or_direct_event\"", \""evidence_type\"": \""direct_disaster_impact\"", \""mapping_row\"": 1122, \""merge_rule\"": \""dedupe on event_id + canonical(state,district); preserve original source name\"", \""origin\"": \""prior_research_pass\"", \""source_class\"": \""state_government\"", \""source_record_id\"": \""2024-0399\"", \""source_title\"": \""Assam State Disaster Management Authority Daily Flood Report, 1 Jul 2024\"", \""source_url\"": \""https://www.asdma.gov.in/pdf/flood_report/2024/Daily_Flood_Report_01.07.2024.pdf\"", \""source_verification\"": \""supplied_not_independently_verified\"", \""state\"": \""Assam\"", \""year\"": \""2024\""}""]",location,"[""location:(?<![A-Za-z])Assam(?![A-Za-z])""]",district,state_government,direct_disaster_impact,none,https://www.asdma.gov.in/pdf/flood_report/2024/Daily_Flood_Report_01.07.2024.pdf,18.1546,0.0211,860.0009585836317,S1,observed,matched,OSM:relation/16702229,interim_s1_only,fs1-3016a20fd3ad,pending,,790.5555,0.023,18.1546,S1,,incomplete,llm_qa,complete,17,17,0,0,17,False,local_state_plus_targeted_bigquery,14,17,,,,,2011,census_2011_official,unmatched,,resolved,article_collection_incomplete;article_count_missing_or_invalid;census_unmatched;census_invalid;census_population_inconsistent,False
E180::tinsukia,E180,2024-0399-IND,Assam,Tinsukia,2024-05-01,2024-07-08,start:month|end:day,external_recovery,"[""{\""canonical_district\"": \""Tinsukia\"", \""circularity_risk\"": \""none\"", \""event_id\"": \""E180\"", \""evidence_note\"": \""ASDMA daily flood report within the May-Jul event period explicitly identifies affected districts.\"", \""evidence_scope\"": \""exact_or_direct_event\"", \""evidence_type\"": \""direct_disaster_impact\"", \""mapping_row\"": 1123, \""merge_rule\"": \""dedupe on event_id + canonical(state,district); preserve original source name\"", \""origin\"": \""prior_research_pass\"", \""source_class\"": \""state_government\"", \""source_record_id\"": \""2024-0399\"", \""source_title\"": \""Assam State Disaster Management Authority Daily Flood Report, 1 Jul 2024\"", \""source_url\"": \""https://www.asdma.gov.in/pdf/flood_report/2024/Daily_Flood_Report_01.07.2024.pdf\"", \""source_verification\"": \""supplied_not_independently_verified\"", \""state\"": \""Assam\"", \""year\"": \""2024\""}""]",location,"[""location:(?<![A-Za-z])Assam(?![A-Za-z])""]",district,state_government,direct_disaster_impact,none,https://www.asdma.gov.in/pdf/flood_report/2024/Daily_Flood_Report_01.07.2024.pdf,85.5982,0.0225,3799.190193815676,S1,observed,matched,70093.0,interim_s1_only,fs1-3016a20fd3ad,pending,,3303.9786,0.0259,85.5982,S1,,incomplete,llm_qa,complete,17,17,0,0,17,False,local_state_plus_targeted_bigquery,14,17,0.199365327513745,1327929.0,264743.0,1063186.0,2011,census_2011_official;file=census_2011_district_urban_rural.xlsx;sha256=acb01ddb965be41cf22a20f0e641fdbcc1f4a16e6b7bc9cf91478ce289f853e8;catalog=https://censusindia.gov.in/nada/index.php/catalog/42557,matched,309,resolved,article_collection_incomplete;article_count_missing_or_invalid,False
E183::shrawasti,E183,2024-0481-IND,Uttar Pradesh,Shrawasti,2024-07-09,2024-07-15,start:day|end:day,external_recovery,"[""{\""canonical_district\"": \""Shrawasti\"", \""circularity_risk\"": \""none\"", \""event_id\"": \""E183\"", \""evidence_note\"": \""Official MHA report explicitly names the initial six flood-affected districts during the exact event window.\"", \""evidence_scope\"": \""exact_or_direct_event\"", \""evidence_type\"": \""direct_disaster_impact\"", \""mapping_row\"": 1165, \""merge_rule\"": \""dedupe on event_id + canonical(state,district); preserve original source name\"", \""origin\"": \""prior_research_pass\"", \""source_class\"": \""official_government\"", \""source_record_id\"": \""2024-0481\"", \""source_title\"": \""Government of India MHA/NERC Situation Report, 10 Jul 2024\"", \""source_url\"": \""https://ndmindia.mha.gov.in/ndmi/viewUploadedDocument?uid=NEW2115\"", \""source_verification\"": \""supplied_not_independently_verified\"", \""state\"": \""Uttar Pradesh\"", \""year\"": \""2024\""}""]",location,"[""location:(?<![A-Za-z])Uttar\\ Pradesh(?![A-Za-z])"", ""location:Auraiya"", ""location:Chandauli"", ""location:Deoria"", ""location:Hathras"", ""location:Mainpuri"", ""location:Pratapgarh"", ""location:Prayagraj"", ""location:Sultanpur"", ""location:Varanasi and Siddharthnagar""]",district,official_government,direct_disaster_impact,none,https://ndmindia.mha.gov.in/ndmi/viewUploadedDocument?uid=NEW2115,395.7905,0.203,1950.0124338088456,S1,observed,matched,76128533B34832354589031,interim_s1_only,fs1-3016a20fd3ad,pending,,1867.7991,0.2119,395.7905,S1,,incomplete,llm_qa,complete,237,237,0,0,237,False,local_state_plus_targeted_bigquery,14,237,0.0345895373115761,1117361.0,38649.0,1078712.0,2011,census_2011_official;file=census_2011_district_urban_rural.xlsx;sha256=acb01ddb965be41cf22a20f0e641fdbcc1f4a16e6b7bc9cf91478ce289f853e8;catalog=https://censusindia.gov.in/nada/index.php/catalog/42557,matched,181,resolved,article_collection_incomplete;article_count_missing_or_invalid,False
E185::gomati,E185,2024-0624-IND,Tripura,Gomati,2024-08-19,2024-08-23,start:day|end:day,external_recovery,"[""{\""canonical_district\"": \""Gomati\"", \""circularity_risk\"": \""none\"", \""event_id\"": \""E185\"", \""evidence_note\"": \""Official MHA/SEOC report states all eight districts were affected by the current flood since 19 Aug.\"", \""evidence_scope\"": \""exact_or_direct_event\"", \""evidence_type\"": \""direct_disaster_impact\"", \""mapping_row\"": 1172, \""merge_rule\"": \""dedupe on event_id + canonical(state,district); preserve original source name\"", \""origin\"": \""prior_research_pass\"", \""source_class\"": \""official_government\"", \""source_record_id\"": \""2024-0624\"", \""source_title\"": \""Government of India MHA/NERC Situation Report, 27 Aug 2024\"", \""source_url\"": \""https://ndmindia.mha.gov.in/ndmi/viewUploadedDocument?uid=NEW2173\"", \""source_verification\"": \""supplied_not_independently_verified\"", \""state\"": \""Tripura\"", \""year\"": \""2024\""}""]",location,"[""location:(?<![A-Za-z])Tripura(?![A-Za-z])""]",district,official_government,direct_disaster_impact,none,https://ndmindia.mha.gov.in/ndmi/viewUploadedDocument?uid=NEW2173,71.8679,0.0444,1617.9532415826357,S1,observed,matched,76128533B94126463611805,interim_s1_only,fs1-3016a20fd3ad,pending,,610.8811,0.1176,71.8679,S1,69.0,partial,llm_qa_observed_lower_bound,complete,236,315,0,70,245,True,local_state_plus_targeted_bigquery,14,245,,,,,2011,census_2011_official,unmatched,,resolved,census_unmatched;census_invalid;census_population_inconsistent,False
E185::khowai,E185,2024-0624-IND,Tripura,Khowai,2024-08-19,2024-08-23,start:day|end:day,external_recovery,"[""{\""canonical_district\"": \""Khowai\"", \""circularity_risk\"": \""none\"", \""event_id\"": \""E185\"", \""evidence_note\"": \""Official MHA/SEOC report states all eight districts were affected by the current flood since 19 Aug.\"", \""evidence_scope\"": \""exact_or_direct_event\"", \""evidence_type\"": \""direct_disaster_impact\"", \""mapping_row\"": 1173, \""merge_rule\"": \""dedupe on event_id + canonical(state,district); preserve original source name\"", \""origin\"": \""prior_research_pass\"", \""source_class\"": \""official_government\"", \""source_record_id\"": \""2024-0624\"", \""source_title\"": \""Government of India MHA/NERC Situation Report, 27 Aug 2024\"", \""source_url\"": \""https://ndmindia.mha.gov.in/ndmi/viewUploadedDocument?uid=NEW2173\"", \""source_verification\"": \""supplied_not_independently_verified\"", \""state\"": \""Tripura\"", \""year\"": \""2024\""}""]",location,"[""location:(?<![A-Za-z])Tripura(?![A-Za-z])""]",district,official_government,direct_disaster_impact,none,https://ndmindia.mha.gov.in/ndmi/viewUploadedDocument?uid=NEW2173,4.2052,0.004,1046.189742159586,S1,observed,matched,76128533B67044589012853,interim_s1_only,fs1-3016a20fd3ad,pending,,465.6732,0.009,4.2052,S1,46.0,partial,llm_qa_observed_lower_bound,complete,236,289,0,46,243,True,local_state_plus_targeted_bigquery,14,243,,,,,2011,census_2011_official,unmatched,,resolved,census_unmatched;census_invalid;census_population_inconsistent,False
E185::sepahijala,E185,2024-0624-IND,Tripura,Sepahijala,2024-08-19,2024-08-23,start:day|end:day,external_recovery,"[""{\""canonical_district\"": \""Sepahijala\"", \""circularity_risk\"": \""none\"", \""event_id\"": \""E185\"", \""evidence_note\"": \""Official MHA/SEOC report states all eight districts were affected by the current flood since 19 Aug.\"", \""evidence_scope\"": \""exact_or_direct_event\"", \""evidence_type\"": \""direct_disaster_impact\"", \""mapping_row\"": 1175, \""merge_rule\"": \""dedupe on event_id + canonical(state,district); preserve original source name\"", \""origin\"": \""prior_research_pass\"", \""source_class\"": \""official_government\"", \""source_record_id\"": \""2024-0624\"", \""source_title\"": \""Government of India MHA/NERC Situation Report, 27 Aug 2024\"", \""source_url\"": \""https://ndmindia.mha.gov.in/ndmi/viewUploadedDocument?uid=NEW2173\"", \""source_verification\"": \""supplied_not_independently_verified\"", \""state\"": \""Tripura\"", \""year\"": \""2024\""}""]",location,"[""location:(?<![A-Za-z])Tripura(?![A-Za-z])""]",district,official_government,direct_disaster_impact,none,https://ndmindia.mha.gov.in/ndmi/viewUploadedDocument?uid=NEW2173,77.138,0.072,1071.1594978769108,S1,observed,matched,76128533B43965372582859,interim_s1_only,fs1-3016a20fd3ad,pending,,589.2958,0.1309,77.138,S1,35.0,partial,llm_qa_observed_lower_bound,complete,236,278,0,35,243,True,local_state_plus_targeted_bigquery,14,243,,,,,2011,census_2011_official,unmatched,,resolved,census_unmatched;census_invalid;census_population_inconsistent,False
E185::unakoti,E185,2024-0624-IND,Tripura,Unakoti,2024-08-19,2024-08-23,start:day|end:day,external_recovery,"[""{\""canonical_district\"": \""Unakoti\"", \""circularity_risk\"": \""none\"", \""event_id\"": \""E185\"", \""evidence_note\"": \""Official MHA/SEOC report states all eight districts were affected by the current flood since 19 Aug.\"", \""evidence_scope\"": \""exact_or_direct_event\"", \""evidence_type\"": \""direct_disaster_impact\"", \""mapping_row\"": 1177, \""merge_rule\"": \""dedupe on event_id + canonical(state,district); preserve original source name\"", \""origin\"": \""prior_research_pass\"", \""source_class\"": \""official_government\"", \""source_record_id\"": \""2024-0624\"", \""source_title\"": \""Government of India MHA/NERC Situation Report, 27 Aug 2024\"", \""source_url\"": \""https://ndmindia.mha.gov.in/ndmi/viewUploadedDocument?uid=NEW2173\"", \""source_verification\"": \""supplied_not_independently_verified\"", \""state\"": \""Tripura\"", \""year\"": \""2024\""}""]",location,"[""location:(?<![A-Za-z])Tripura(?![A-Za-z])""]",district,official_government,direct_disaster_impact,none,https://ndmindia.mha.gov.in/ndmi/viewUploadedDocument?uid=NEW2173,7.7144,0.0117,657.9288906587705,S1,observed,matched,76128533B4720703924950,interim_s1_only,fs1-3016a20fd3ad,pending,,280.4761,0.0275,7.7144,S1,22.0,partial,llm_qa_observed_lower_bound,complete,236,259,0,22,237,True,local_state_plus_targeted_bigquery,14,237,,,,,2011,census_2011_official,unmatched,,resolved,census_unmatched;census_invalid;census_population_inconsistent,False
E186::aravalli,E186,2024-0647-IND,Gujarat,Aravalli,2024-08-26,2024-08-27,start:day|end:day,external_recovery,"[""{\""canonical_district\"": \""Aravalli\"", \""circularity_risk\"": \""none\"", \""event_id\"": \""E186\"", \""evidence_note\"": \""Same 26-27 Aug episode. District list is the official significant-rainfall list while the report separately confirms widespread state flooding; use as medium-confidence spatial recovery.\"", \""evidence_scope\"": \""rainfall_proxy\"", \""evidence_type\"": \""same_episode_evidence\"", \""mapping_row\"": 1182, \""merge_rule\"": \""dedupe on event_id + canonical(state,district); preserve original source name\"", \""origin\"": \""prior_research_pass\"", \""source_class\"": \""official_government\"", \""source_record_id\"": \""2024-0647\"", \""source_title\"": \""Government of India MHA/NERC Situation Report, 27 Aug 2024\"", \""source_url\"": \""https://ndmindia.mha.gov.in/ndmi/viewUploadedDocument?uid=NEW2173\"", \""source_verification\"": \""supplied_not_independently_verified\"", \""state\"": \""Gujarat\"", \""year\"": \""2024\""}""]",location,"[""location:(?<![A-Za-z])Gujarat(?![A-Za-z])""]",district,official_government,same_episode_evidence,none,https://ndmindia.mha.gov.in/ndmi/viewUploadedDocument?uid=NEW2173,43.9633,0.0134,3271.526707635578,S1,observed,matched,76128533B62153454383166,interim_s1_only,fs1-3016a20fd3ad,pending,,2703.6543,0.0163,43.9633,S1,1.0,partial,llm_qa_observed_lower_bound,complete,265,276,0,5,271,True,local_state_plus_targeted_bigquery,14,271,,,,,2011,census_2011_official,unmatched,,resolved,census_unmatched;census_invalid;census_population_inconsistent,False
E186::botad,E186,2024-0647-IND,Gujarat,Botad,2024-08-26,2024-08-27,start:day|end:day,external_recovery,"[""{\""canonical_district\"": \""Botad\"", \""circularity_risk\"": \""none\"", \""event_id\"": \""E186\"", \""evidence_note\"": \""Same 26-27 Aug episode. District list is the official significant-rainfall list while the report separately confirms widespread state flooding; use as medium-confidence spatial recovery.\"", \""evidence_scope\"": \""rainfall_proxy\"", \""evidence_type\"": \""same_episode_evidence\"", \""mapping_row\"": 1183, \""merge_rule\"": \""dedupe on event_id + canonical(state,district); preserve original source name\"", \""origin\"": \""prior_research_pass\"", \""source_class\"": \""official_government\"", \""source_record_id\"": \""2024-0647\"", \""source_title\"": \""Government of India MHA/NERC Situation Report, 27 Aug 2024\"", \""source_url\"": \""https://ndmindia.mha.gov.in/ndmi/viewUploadedDocument?uid=NEW2173\"", \""source_verification\"": \""supplied_not_independently_verified\"", \""state\"": \""Gujarat\"", \""year\"": \""2024\""}""]",location,"[""location:(?<![A-Za-z])Gujarat(?![A-Za-z])""]",district,official_government,same_episode_evidence,none,https://ndmindia.mha.gov.in/ndmi/viewUploadedDocument?uid=NEW2173,172.2312,0.0654,2635.4766256069506,S1,observed,matched,76128533B48885555323596,interim_s1_only,fs1-3016a20fd3ad,pending,,2560.9719,0.0673,172.2312,S1,2.0,partial,llm_qa_observed_lower_bound,complete,265,281,0,7,274,True,local_state_plus_targeted_bigquery,14,274,,,,,2011,census_2011_official,unmatched,,resolved,census_unmatched;census_invalid;census_population_inconsistent,False
E186::devbhumi%20dwarka,E186,2024-0647-IND,Gujarat,Devbhumi Dwarka,2024-08-26,2024-08-27,start:day|end:day,external_recovery,"[""{\""canonical_district\"": \""Devbhumi Dwarka\"", \""circularity_risk\"": \""none\"", \""event_id\"": \""E186\"", \""evidence_note\"": \""Same 26-27 Aug episode. District list is the official significant-rainfall list while the report separately confirms widespread state flooding; use as medium-confidence spatial recovery.\"", \""evidence_scope\"": \""rainfall_proxy\"", \""evidence_type\"": \""same_episode_evidence\"", \""mapping_row\"": 1185, \""merge_rule\"": \""dedupe on event_id + canonical(state,district); preserve original source name\"", \""origin\"": \""prior_research_pass\"", \""source_class\"": \""official_government\"", \""source_record_id\"": \""2024-0647\"", \""source_title\"": \""Government of India MHA/NERC Situation Report, 27 Aug 2024\"", \""source_url\"": \""https://ndmindia.mha.gov.in/ndmi/viewUploadedDocument?uid=NEW2173\"", \""source_verification\"": \""supplied_not_independently_verified\"", \""state\"": \""Gujarat\"", \""year\"": \""2024\""}""]",location,"[""location:(?<![A-Za-z])Gujarat(?![A-Za-z])""]",district,official_government,same_episode_evidence,none,https://ndmindia.mha.gov.in/ndmi/viewUploadedDocument?uid=NEW2173,45.8783,0.0106,4320.429272751359,S1,observed,matched,76128533B74381554567803,interim_s1_only,fs1-3016a20fd3ad,pending,,3892.1695,0.0118,45.8783,S1,52.0,partial,llm_qa_observed_lower_bound,complete,265,335,0,53,282,True,local_state_plus_targeted_bigquery,14,282,,,,,2011,census_2011_official,unmatched,,resolved,census_unmatched;census_invalid;census_population_inconsistent,False
E186::mahisagar,E186,2024-0647-IND,Gujarat,Mahisagar,2024-08-26,2024-08-27,start:day|end:day,external_recovery,"[""{\""canonical_district\"": \""Mahisagar\"", \""circularity_risk\"": \""none\"", \""event_id\"": \""E186\"", \""evidence_note\"": \""Same 26-27 Aug episode. District list is the official significant-rainfall list while the report separately confirms widespread state flooding; use as medium-confidence spatial recovery.\"", \""evidence_scope\"": \""rainfall_proxy\"", \""evidence_type\"": \""same_episode_evidence\"", \""mapping_row\"": 1190, \""merge_rule\"": \""dedupe on event_id + canonical(state,district); preserve original source name\"", \""origin\"": \""prior_research_pass\"", \""source_class\"": \""official_government\"", \""source_record_id\"": \""2024-0647\"", \""source_title\"": \""Government of India MHA/NERC Situation Report, 27 Aug 2024\"", \""source_url\"": \""https://ndmindia.mha.gov.in/ndmi/viewUploadedDocument?uid=NEW2173\"", \""source_verification\"": \""supplied_not_independently_verified\"", \""state\"": \""Gujarat\"", \""year\"": \""2024\""}""]",location,"[""location:(?<![A-Za-z])Gujarat(?![A-Za-z])""]",district,official_government,same_episode_evidence,none,https://ndmindia.mha.gov.in/ndmi/viewUploadedDocument?uid=NEW2173,51.3858,0.0205,2507.754245036501,S1,observed,matched,76128533B49615943426842,interim_s1_only,fs1-3016a20fd3ad,pending,,1881.0732,0.0273,51.3858,S1,13.0,partial,llm_qa_observed_lower_bound,complete,265,294,0,15,279,True,local_state_plus_targeted_bigquery,14,279,,,,,2011,census_2011_official,unmatched,,resolved,census_unmatched;census_invalid;census_population_inconsistent,False
E186::morbi,E186,2024-0647-IND,Gujarat,Morbi,2024-08-26,2024-08-27,start:day|end:day,external_recovery,"[""{\""canonical_district\"": \""Morbi\"", \""circularity_risk\"": \""none\"", \""event_id\"": \""E186\"", \""evidence_note\"": \""Same 26-27 Aug episode. District list is the official significant-rainfall list while the report separately confirms widespread state flooding; use as medium-confidence spatial recovery.\"", \""evidence_scope\"": \""rainfall_proxy\"", \""evidence_type\"": \""same_episode_evidence\"", \""mapping_row\"": 1191, \""merge_rule\"": \""dedupe on event_id + canonical(state,district); preserve original source name\"", \""origin\"": \""prior_research_pass\"", \""source_class\"": \""official_government\"", \""source_record_id\"": \""2024-0647\"", \""source_title\"": \""Government of India MHA/NERC Situation Report, 27 Aug 2024\"", \""source_url\"": \""https://ndmindia.mha.gov.in/ndmi/viewUploadedDocument?uid=NEW2173\"", \""source_verification\"": \""supplied_not_independently_verified\"", \""state\"": \""Gujarat\"", \""year\"": \""2024\""}""]",location,"[""location:(?<![A-Za-z])Gujarat(?![A-Za-z])""]",district,official_government,same_episode_evidence,none,https://ndmindia.mha.gov.in/ndmi/viewUploadedDocument?uid=NEW2173,190.0684,0.0392,4845.3888221565,S1,observed,matched,76128533B2080752988715,interim_s1_only,fs1-3016a20fd3ad,pending,,4598.5249,0.0413,190.0684,S1,62.0,partial,llm_qa_observed_lower_bound,complete,265,368,0,72,296,True,local_state_plus_targeted_bigquery,14,296,,,,,2011,census_2011_official,unmatched,,resolved,census_unmatched;census_invalid;census_population_inconsistent,False
E186::panchmahal,E186,2024-0647-IND,Gujarat,Panchmahal,2024-08-26,2024-08-27,start:day|end:day,external_recovery,"[""{\""canonical_district\"": \""Panchmahal\"", \""circularity_risk\"": \""none\"", \""event_id\"": \""E186\"", \""evidence_note\"": \""Same 26-27 Aug episode. District list is the official significant-rainfall list while the report separately confirms widespread state flooding; use as medium-confidence spatial recovery.\"", \""evidence_scope\"": \""rainfall_proxy\"", \""evidence_type\"": \""same_episode_evidence\"", \""mapping_row\"": 1192, \""merge_rule\"": \""dedupe on event_id + canonical(state,district); preserve original source name\"", \""origin\"": \""prior_research_pass\"", \""source_class\"": \""official_government\"", \""source_record_id\"": \""2024-0647\"", \""source_title\"": \""Government of India MHA/NERC Situation Report, 27 Aug 2024\"", \""source_url\"": \""https://ndmindia.mha.gov.in/ndmi/viewUploadedDocument?uid=NEW2173\"", \""source_verification\"": \""supplied_not_independently_verified\"", \""state\"": \""Gujarat\"", \""year\"": \""2024\""}""]",location,"[""location:(?<![A-Za-z])Gujarat(?![A-Za-z])""]",district,official_government,same_episode_evidence,none,https://ndmindia.mha.gov.in/ndmi/viewUploadedDocument?uid=NEW2173,30.9697,0.0093,3329.087905817164,S1,observed,matched,76128533B16476001647323,interim_s1_only,fs1-3016a20fd3ad,pending,,2898.4087,0.0107,30.9697,S1,16.0,partial,llm_qa_observed_lower_bound,complete,265,300,0,24,276,True,local_state_plus_targeted_bigquery,14,276,,,,,2011,census_2011_official,unmatched,,resolved,census_unmatched;census_invalid;census_population_inconsistent,False
E187::palghar,E187,2024-0647-IND,Maharashtra,Palghar,2024-08-26,2024-08-27,start:day|end:day,external_recovery,"[""{\""canonical_district\"": \""Palghar\"", \""circularity_risk\"": \""none\"", \""event_id\"": \""E187\"", \""evidence_note\"": \""Same 26-27 Aug episode; official significant-rainfall districts used as medium-confidence proxy because exact flood footprint is not separately enumerated.\"", \""evidence_scope\"": \""rainfall_proxy\"", \""evidence_type\"": \""same_episode_evidence\"", \""mapping_row\"": 1198, \""merge_rule\"": \""dedupe on event_id + canonical(state,district); preserve original source name\"", \""origin\"": \""prior_research_pass\"", \""source_class\"": \""official_government\"", \""source_record_id\"": \""2024-0647\"", \""source_title\"": \""Government of India MHA/NERC Situation Report, 27 Aug 2024\"", \""source_url\"": \""https://ndmindia.mha.gov.in/ndmi/viewUploadedDocument?uid=NEW2173\"", \""source_verification\"": \""supplied_not_independently_verified\"", \""state\"": \""Maharashtra\"", \""year\"": \""2024\""}""]",location,"[""location:(?<![A-Za-z])Maharashtra(?![A-Za-z])""]",district,official_government,same_episode_evidence,none,https://ndmindia.mha.gov.in/ndmi/viewUploadedDocument?uid=NEW2173,9.514,0.0018,5355.281971404182,S1,observed,matched,76128533B37148244536449,interim_s1_only,fs1-3016a20fd3ad,pending,,2858.6379,0.0033,9.514,S1,0.0,partial,llm_qa_observed_lower_bound,complete,297,303,0,3,300,True,local_state_plus_targeted_bigquery,14,300,,,,,2011,census_2011_official,unmatched,,resolved,census_unmatched;census_invalid;census_population_inconsistent,False
E188::gomati,E188,2024-0647-IND,Tripura,Gomati,2024-08-26,2024-08-27,start:day|end:day,external_recovery,"[""{\""canonical_district\"": \""Gomati\"", \""circularity_risk\"": \""none\"", \""event_id\"": \""E188\"", \""evidence_note\"": \""Official SEOC report states all eight Tripura districts were affected by the ongoing flood.\"", \""evidence_scope\"": \""exact_or_direct_event\"", \""evidence_type\"": \""direct_disaster_impact\"", \""mapping_row\"": 1205, \""merge_rule\"": \""dedupe on event_id + canonical(state,district); preserve original source name\"", \""origin\"": \""prior_research_pass\"", \""source_class\"": \""official_government\"", \""source_record_id\"": \""2024-0647\"", \""source_title\"": \""Government of India MHA/NERC Situation Report, 27 Aug 2024\"", \""source_url\"": \""https://ndmindia.mha.gov.in/ndmi/viewUploadedDocument?uid=NEW2173\"", \""source_verification\"": \""supplied_not_independently_verified\"", \""state\"": \""Tripura\"", \""year\"": \""2024\""}""]",location,"[""location:(?<![A-Za-z])Tripura(?![A-Za-z])""]",district,official_government,direct_disaster_impact,none,https://ndmindia.mha.gov.in/ndmi/viewUploadedDocument?uid=NEW2173,26.723,0.0165,1617.9532415826357,S1,observed,matched,76128533B94126463611805,interim_s1_only,fs1-3016a20fd3ad,pending,,610.8811,0.0437,26.723,S1,38.0,partial,llm_qa_observed_lower_bound,complete,95,141,0,39,102,True,local_state_plus_targeted_bigquery,14,102,,,,,2011,census_2011_official,unmatched,,resolved,census_unmatched;census_invalid;census_population_inconsistent,False
E188::khowai,E188,2024-0647-IND,Tripura,Khowai,2024-08-26,2024-08-27,start:day|end:day,external_recovery,"[""{\""canonical_district\"": \""Khowai\"", \""circularity_risk\"": \""none\"", \""event_id\"": \""E188\"", \""evidence_note\"": \""Official SEOC report states all eight Tripura districts were affected by the ongoing flood.\"", \""evidence_scope\"": \""exact_or_direct_event\"", \""evidence_type\"": \""direct_disaster_impact\"", \""mapping_row\"": 1206, \""merge_rule\"": \""dedupe on event_id + canonical(state,district); preserve original source name\"", \""origin\"": \""prior_research_pass\"", \""source_class\"": \""official_government\"", \""source_record_id\"": \""2024-0647\"", \""source_title\"": \""Government of India MHA/NERC Situation Report, 27 Aug 2024\"", \""source_url\"": \""https://ndmindia.mha.gov.in/ndmi/viewUploadedDocument?uid=NEW2173\"", \""source_verification\"": \""supplied_not_independently_verified\"", \""state\"": \""Tripura\"", \""year\"": \""2024\""}""]",location,"[""location:(?<![A-Za-z])Tripura(?![A-Za-z])""]",district,official_government,direct_disaster_impact,none,https://ndmindia.mha.gov.in/ndmi/viewUploadedDocument?uid=NEW2173,2.8119,0.0027,1046.1897421595445,S1,observed,matched,76128533B67044589012853,interim_s1_only,fs1-3016a20fd3ad,pending,,465.6732,0.006,2.8119,S1,9.0,partial,llm_qa_observed_lower_bound,complete,95,105,0,9,96,True,local_state_plus_targeted_bigquery,14,96,,,,,2011,census_2011_official,unmatched,,resolved,census_unmatched;census_invalid;census_population_inconsistent,False
E188::sepahijala,E188,2024-0647-IND,Tripura,Sepahijala,2024-08-26,2024-08-27,start:day|end:day,external_recovery,"[""{\""canonical_district\"": \""Sepahijala\"", \""circularity_risk\"": \""none\"", \""event_id\"": \""E188\"", \""evidence_note\"": \""Official SEOC report states all eight Tripura districts were affected by the ongoing flood.\"", \""evidence_scope\"": \""exact_or_direct_event\"", \""evidence_type\"": \""direct_disaster_impact\"", \""mapping_row\"": 1208, \""merge_rule\"": \""dedupe on event_id + canonical(state,district); preserve original source name\"", \""origin\"": \""prior_research_pass\"", \""source_class\"": \""official_government\"", \""source_record_id\"": \""2024-0647\"", \""source_title\"": \""Government of India MHA/NERC Situation Report, 27 Aug 2024\"", \""source_url\"": \""https://ndmindia.mha.gov.in/ndmi/viewUploadedDocument?uid=NEW2173\"", \""source_verification\"": \""supplied_not_independently_verified\"", \""state\"": \""Tripura\"", \""year\"": \""2024\""}""]",location,"[""location:(?<![A-Za-z])Tripura(?![A-Za-z])""]",district,official_government,direct_disaster_impact,none,https://ndmindia.mha.gov.in/ndmi/viewUploadedDocument?uid=NEW2173,19.0437,0.0178,1071.1594978769108,S1,observed,matched,76128533B43965372582859,interim_s1_only,fs1-3016a20fd3ad,pending,,589.2958,0.0323,19.0437,S1,21.0,partial,llm_qa_observed_lower_bound,complete,95,120,0,21,99,True,local_state_plus_targeted_bigquery,14,99,,,,,2011,census_2011_official,unmatched,,resolved,census_unmatched;census_invalid;census_population_inconsistent,False
E188::unakoti,E188,2024-0647-IND,Tripura,Unakoti,2024-08-26,2024-08-27,start:day|end:day,external_recovery,"[""{\""canonical_district\"": \""Unakoti\"", \""circularity_risk\"": \""none\"", \""event_id\"": \""E188\"", \""evidence_note\"": \""Official SEOC report states all eight Tripura districts were affected by the ongoing flood.\"", \""evidence_scope\"": \""exact_or_direct_event\"", \""evidence_type\"": \""direct_disaster_impact\"", \""mapping_row\"": 1210, \""merge_rule\"": \""dedupe on event_id + canonical(state,district); preserve original source name\"", \""origin\"": \""prior_research_pass\"", \""source_class\"": \""official_government\"", \""source_record_id\"": \""2024-0647\"", \""source_title\"": \""Government of India MHA/NERC Situation Report, 27 Aug 2024\"", \""source_url\"": \""https://ndmindia.mha.gov.in/ndmi/viewUploadedDocument?uid=NEW2173\"", \""source_verification\"": \""supplied_not_independently_verified\"", \""state\"": \""Tripura\"", \""year\"": \""2024\""}""]",location,"[""location:(?<![A-Za-z])Tripura(?![A-Za-z])""]",district,official_government,direct_disaster_impact,none,https://ndmindia.mha.gov.in/ndmi/viewUploadedDocument?uid=NEW2173,7.2942,0.0111,657.9288906584868,S1,observed,matched,76128533B4720703924950,interim_s1_only,fs1-3016a20fd3ad,pending,,280.4761,0.026,7.2942,S1,2.0,partial,llm_qa_observed_lower_bound,complete,95,98,0,2,96,True,local_state_plus_targeted_bigquery,14,96,,,,,2011,census_2011_official,unmatched,,resolved,census_unmatched;census_invalid;census_population_inconsistent,False
E190::lohit,E190,2025-0402-IND,Arunachal Pradesh,Lohit,2025-05-31,2025-06-01,start:day|end:day,external_recovery,"[""{\""canonical_district\"": \""Lohit\"", \""circularity_risk\"": \""none\"", \""event_id\"": \""E190\"", \""evidence_note\"": \""Same 31 May-1 Jun Northeast flood episode; report says seven districts severely impacted but only six names were recoverable, so no seventh is invented.\"", \""evidence_scope\"": \""same_episode\"", \""evidence_type\"": \""same_episode_evidence\"", \""mapping_row\"": 1213, \""merge_rule\"": \""dedupe on event_id + canonical(state,district); preserve original source name\"", \""origin\"": \""prior_research_pass\"", \""source_class\"": \""humanitarian_network\"", \""source_record_id\"": \""2025-0402\"", \""source_title\"": \""Sphere India Situation Report 1: Rainfall in North East India, 1 Jun 2025\"", \""source_url\"": \""https://reliefweb.int/report/india/situation-report-1-rainfall-north-east-india-date-1-june-2025-time-1000pm\"", \""source_verification\"": \""supplied_not_independently_verified\"", \""state\"": \""Arunachal Pradesh\"", \""year\"": \""2025\""}""]",location,"[""location:(?<![A-Za-z])Arunachal\\ Pradesh(?![A-Za-z])""]",district,humanitarian_network,same_episode_evidence,none,https://reliefweb.int/report/india/situation-report-1-rainfall-north-east-india-date-1-june-2025-time-1000pm,,,5476.171129046326,NONE,missing,matched,17572.0,no_s1,fs1-3016a20fd3ad,pending,,1645.3618,,27.6123,NDWI,22.0,partial,llm_qa_observed_lower_bound,complete,21,47,0,22,25,True,local_state_plus_targeted_bigquery,14,25,0.2225409329838189,145726.0,32430.0,113296.0,2011,census_2011_official;file=census_2011_district_urban_rural.xlsx;sha256=acb01ddb965be41cf22a20f0e641fdbcc1f4a16e6b7bc9cf91478ce289f853e8;catalog=https://censusindia.gov.in/nada/index.php/catalog/42557,matched,259,resolved,satellite_missing_or_invalid,False
E190::lower%20dibang%20valley,E190,2025-0402-IND,Arunachal Pradesh,Lower Dibang Valley,2025-05-31,2025-06-01,start:day|end:day,external_recovery,"[""{\""canonical_district\"": \""Lower Dibang Valley\"", \""circularity_risk\"": \""none\"", \""event_id\"": \""E190\"", \""evidence_note\"": \""Same 31 May-1 Jun Northeast flood episode; report says seven districts severely impacted but only six names were recoverable, so no seventh is invented.\"", \""evidence_scope\"": \""same_episode\"", \""evidence_type\"": \""same_episode_evidence\"", \""mapping_row\"": 1214, \""merge_rule\"": \""dedupe on event_id + canonical(state,district); preserve original source name\"", \""origin\"": \""prior_research_pass\"", \""source_class\"": \""humanitarian_network\"", \""source_record_id\"": \""2025-0402\"", \""source_title\"": \""Sphere India Situation Report 1: Rainfall in North East India, 1 Jun 2025\"", \""source_url\"": \""https://reliefweb.int/report/india/situation-report-1-rainfall-north-east-india-date-1-june-2025-time-1000pm\"", \""source_verification\"": \""supplied_not_independently_verified\"", \""state\"": \""Arunachal Pradesh\"", \""year\"": \""2025\""}""]",location,"[""location:(?<![A-Za-z])Arunachal\\ Pradesh(?![A-Za-z])""]",district,humanitarian_network,same_episode_evidence,none,https://reliefweb.int/report/india/situation-report-1-rainfall-north-east-india-date-1-june-2025-time-1000pm,,,1481.008750945566,NONE,missing,matched,70084.0,no_s1,fs1-3016a20fd3ad,pending,,921.3496,,28.7023,NDWI,18.0,partial,llm_qa_observed_lower_bound,complete,21,40,0,18,22,True,local_state_plus_targeted_bigquery,14,22,0.2105954142011834,54080.0,11389.0,42691.0,2011,census_2011_official;file=census_2011_district_urban_rural.xlsx;sha256=acb01ddb965be41cf22a20f0e641fdbcc1f4a16e6b7bc9cf91478ce289f853e8;catalog=https://censusindia.gov.in/nada/index.php/catalog/42557,matched,258,resolved,satellite_missing_or_invalid,False
E190::namsai,E190,2025-0402-IND,Arunachal Pradesh,Namsai,2025-05-31,2025-06-01,start:day|end:day,external_recovery,"[""{\""canonical_district\"": \""Namsai\"", \""circularity_risk\"": \""none\"", \""event_id\"": \""E190\"", \""evidence_note\"": \""Same 31 May-1 Jun Northeast flood episode; report says seven districts severely impacted but only six names were recoverable, so no seventh is invented.\"", \""evidence_scope\"": \""same_episode\"", \""evidence_type\"": \""same_episode_evidence\"", \""mapping_row\"": 1216, \""merge_rule\"": \""dedupe on event_id + canonical(state,district); preserve original source name\"", \""origin\"": \""prior_research_pass\"", \""source_class\"": \""humanitarian_network\"", \""source_record_id\"": \""2025-0402\"", \""source_title\"": \""Sphere India Situation Report 1: Rainfall in North East India, 1 Jun 2025\"", \""source_url\"": \""https://reliefweb.int/report/india/situation-report-1-rainfall-north-east-india-date-1-june-2025-time-1000pm\"", \""source_verification\"": \""supplied_not_independently_verified\"", \""state\"": \""Arunachal Pradesh\"", \""year\"": \""2025\""}""]",location,"[""location:(?<![A-Za-z])Arunachal\\ Pradesh(?![A-Za-z])""]",district,humanitarian_network,same_episode_evidence,none,https://reliefweb.int/report/india/situation-report-1-rainfall-north-east-india-date-1-june-2025-time-1000pm,,,1281.1997378272836,NONE,missing,matched,76128533B1875965515331,no_s1,fs1-3016a20fd3ad,pending,,892.7445,,3.4753,NDWI,4.0,partial,llm_qa_observed_lower_bound,complete,21,27,0,4,23,True,local_state_plus_targeted_bigquery,14,23,0.1484731631057842,95950.0,14246.0,81704.0,2011,census_2011_recovery;method=official_retabulation;url=https://namsai.nic.in/demography/;table=district demography;notes=Official 2011 population retabulated to the district definition in the cited source. No parent-district population substitution; not an event-year population estimate.;population_source=https://namsai.nic.in/demography/;file=district_census_recovery.json;sha256=d452a6f74338bb2f237f3d014518ab361f6b2d7436bac837b8a1cb97d050bac0,matched_crosswalk,retabulated:arunachal pradesh:namsai,resolved,satellite_missing_or_invalid,False
E190::pakke%20kessang,E190,2025-0402-IND,Arunachal Pradesh,Pakke Kessang,2025-05-31,2025-06-01,start:day|end:day,external_recovery,"[""{\""canonical_district\"": \""Pakke Kessang\"", \""circularity_risk\"": \""none\"", \""event_id\"": \""E190\"", \""evidence_note\"": \""Same 31 May-1 Jun Northeast flood episode; report says seven districts severely impacted but only six names were recoverable, so no seventh is invented.\"", \""evidence_scope\"": \""same_episode\"", \""evidence_type\"": \""same_episode_evidence\"", \""mapping_row\"": 1217, \""merge_rule\"": \""dedupe on event_id + canonical(state,district); preserve original source name\"", \""origin\"": \""prior_research_pass\"", \""source_class\"": \""humanitarian_network\"", \""source_record_id\"": \""2025-0402\"", \""source_title\"": \""Sphere India Situation Report 1: Rainfall in North East India, 1 Jun 2025\"", \""source_url\"": \""https://reliefweb.int/report/india/situation-report-1-rainfall-north-east-india-date-1-june-2025-time-1000pm\"", \""source_verification\"": \""supplied_not_independently_verified\"", \""state\"": \""Arunachal Pradesh\"", \""year\"": \""2025\""}""]",location,"[""location:(?<![A-Za-z])Arunachal\\ Pradesh(?![A-Za-z])""]",district,humanitarian_network,same_episode_evidence,none,https://reliefweb.int/report/india/situation-report-1-rainfall-north-east-india-date-1-june-2025-time-1000pm,1.6036,0.0008,2124.67605931882,S1,observed,matched,76128533B24017517661394,interim_s1_only,fs1-3016a20fd3ad,pending,,147.7953,0.0109,1.6036,S1,8.0,partial,llm_qa_observed_lower_bound,complete,21,29,0,8,21,True,local_state_plus_targeted_bigquery,14,21,,,,,2011,census_2011_official,unmatched,,resolved,census_unmatched;census_invalid;census_population_inconsistent,False
E191::sribhumi%20%28karimganj%29,E191,2025-0402-IND,Assam,Sribhumi (Karimganj),2025-05-31,2025-06-01,start:day|end:day,external_recovery,"[""{\""canonical_district\"": \""Sribhumi (Karimganj)\"", \""circularity_risk\"": \""none\"", \""event_id\"": \""E191\"", \""evidence_note\"": \""Same Northeast flood episode; these are explicitly identified among the most affected, not necessarily an exhaustive state list.\"", \""evidence_scope\"": \""same_episode\"", \""evidence_type\"": \""same_episode_evidence\"", \""mapping_row\"": 1224, \""merge_rule\"": \""dedupe on event_id + canonical(state,district); preserve original source name\"", \""origin\"": \""prior_research_pass\"", \""source_class\"": \""humanitarian_network\"", \""source_record_id\"": \""2025-0402\"", \""source_title\"": \""Sphere India Situation Report 2: Rainfall in North East India, Jun 2025\"", \""source_url\"": \""https://reliefweb.int/attachments/305cd763-d6e9-4a42-85c0-258a74471606/SitRep_2_Rainfall_in_North_East%202.pdf\"", \""source_verification\"": \""supplied_not_independently_verified\"", \""state\"": \""Assam\"", \""year\"": \""2025\""}""]",location,"[""location:(?<![A-Za-z])Assam(?![A-Za-z])""]",district,humanitarian_network,same_episode_evidence,none,https://reliefweb.int/attachments/305cd763-d6e9-4a42-85c0-258a74471606/SitRep_2_Rainfall_in_North_East%202.pdf,284.231,0.1535,1851.5082949978823,S1,observed,matched,76128533B23092176497025,interim_s1_only,fs1-3016a20fd3ad,pending,,1121.9207,0.2533,284.231,S1,,incomplete,llm_qa,complete,147,147,0,0,147,False,local_state_plus_targeted_bigquery,14,147,0.0892823715741857,1228686.0,109700.0,1118986.0,2011,census_2011_recovery;method=census_name_link;url=https://sribhumi.assam.gov.in/about-us/district-profile;table=district demography;notes=Explicit district name equivalence; population retained from official 2011 PCA. Not an event-year population estimate.;population_source=census_2011_official;file=census_2011_district_urban_rural.xlsx;sha256=acb01ddb965be41cf22a20f0e641fdbcc1f4a16e6b7bc9cf91478ce289f853e8;catalog=https://censusindia.gov.in/nada/index.php/catalog/42557;file=district_census_recovery.json;sha256=d452a6f74338bb2f237f3d014518ab361f6b2d7436bac837b8a1cb97d050bac0,matched_crosswalk,317,resolved,article_collection_incomplete;article_count_missing_or_invalid,False
E192::kangpokpi,E192,2025-0402-IND,Manipur,Kangpokpi,2025-05-31,2025-06-01,start:day|end:day,external_recovery,"[""{\""canonical_district\"": \""Kangpokpi\"", \""circularity_risk\"": \""none\"", \""event_id\"": \""E192\"", \""evidence_note\"": \""Same Northeast flood episode; affected districts explicitly listed.\"", \""evidence_scope\"": \""exact_or_direct_event\"", \""evidence_type\"": \""direct_disaster_impact\"", \""mapping_row\"": 1228, \""merge_rule\"": \""dedupe on event_id + canonical(state,district); preserve original source name\"", \""origin\"": \""prior_research_pass\"", \""source_class\"": \""humanitarian_network\"", \""source_record_id\"": \""2025-0402\"", \""source_title\"": \""Sphere India Situation Report 2: Rainfall in North East India, Jun 2025\"", \""source_url\"": \""https://reliefweb.int/attachments/305cd763-d6e9-4a42-85c0-258a74471606/SitRep_2_Rainfall_in_North_East%202.pdf\"", \""source_verification\"": \""supplied_not_independently_verified\"", \""state\"": \""Manipur\"", \""year\"": \""2025\""}""]",location,"[""location:(?<![A-Za-z])Manipur(?![A-Za-z])""]",district,humanitarian_network,direct_disaster_impact,none,https://reliefweb.int/attachments/305cd763-d6e9-4a42-85c0-258a74471606/SitRep_2_Rainfall_in_North_East%202.pdf,2.9226,0.0016,1825.3176503754064,S1,observed,matched,76128533B56326354019534,interim_s1_only,fs1-3016a20fd3ad,pending,,156.0592,0.0187,2.9226,S1,7.0,partial,llm_qa_observed_lower_bound,complete,91,103,0,8,95,True,local_state_plus_targeted_bigquery,14,95,,,,,2011,census_2011_official,unmatched,,resolved,census_unmatched;census_invalid;census_population_inconsistent,False
E192::noney,E192,2025-0402-IND,Manipur,Noney,2025-05-31,2025-06-01,start:day|end:day,external_recovery,"[""{\""canonical_district\"": \""Noney\"", \""circularity_risk\"": \""none\"", \""event_id\"": \""E192\"", \""evidence_note\"": \""Same Northeast flood episode; affected districts explicitly listed.\"", \""evidence_scope\"": \""exact_or_direct_event\"", \""evidence_type\"": \""direct_disaster_impact\"", \""mapping_row\"": 1229, \""merge_rule\"": \""dedupe on event_id + canonical(state,district); preserve original source name\"", \""origin\"": \""prior_research_pass\"", \""source_class\"": \""humanitarian_network\"", \""source_record_id\"": \""2025-0402\"", \""source_title\"": \""Sphere India Situation Report 2: Rainfall in North East India, Jun 2025\"", \""source_url\"": \""https://reliefweb.int/attachments/305cd763-d6e9-4a42-85c0-258a74471606/SitRep_2_Rainfall_in_North_East%202.pdf\"", \""source_verification\"": \""supplied_not_independently_verified\"", \""state\"": \""Manipur\"", \""year\"": \""2025\""}""]",location,"[""location:(?<![A-Za-z])Manipur(?![A-Za-z])""]",district,humanitarian_network,direct_disaster_impact,none,https://reliefweb.int/attachments/305cd763-d6e9-4a42-85c0-258a74471606/SitRep_2_Rainfall_in_North_East%202.pdf,3.513,0.0032,1099.6192833435175,S1,observed,matched,76128533B36594996191182,interim_s1_only,fs1-3016a20fd3ad,pending,,32.9177,0.1067,3.513,S1,3.0,partial,llm_qa_observed_lower_bound,complete,91,95,0,3,92,True,local_state_plus_targeted_bigquery,14,92,,,,,2011,census_2011_official,unmatched,,resolved,census_unmatched;census_invalid;census_population_inconsistent,False
E192::pherzawl,E192,2025-0402-IND,Manipur,Pherzawl,2025-05-31,2025-06-01,start:day|end:day,external_recovery,"[""{\""canonical_district\"": \""Pherzawl\"", \""circularity_risk\"": \""none\"", \""event_id\"": \""E192\"", \""evidence_note\"": \""Same Northeast flood episode; affected districts explicitly listed.\"", \""evidence_scope\"": \""exact_or_direct_event\"", \""evidence_type\"": \""direct_disaster_impact\"", \""mapping_row\"": 1230, \""merge_rule\"": \""dedupe on event_id + canonical(state,district); preserve original source name\"", \""origin\"": \""prior_research_pass\"", \""source_class\"": \""humanitarian_network\"", \""source_record_id\"": \""2025-0402\"", \""source_title\"": \""Sphere India Situation Report 2: Rainfall in North East India, Jun 2025\"", \""source_url\"": \""https://reliefweb.int/attachments/305cd763-d6e9-4a42-85c0-258a74471606/SitRep_2_Rainfall_in_North_East%202.pdf\"", \""source_verification\"": \""supplied_not_independently_verified\"", \""state\"": \""Manipur\"", \""year\"": \""2025\""}""]",location,"[""location:(?<![A-Za-z])Manipur(?![A-Za-z])""]",district,humanitarian_network,direct_disaster_impact,none,https://reliefweb.int/attachments/305cd763-d6e9-4a42-85c0-258a74471606/SitRep_2_Rainfall_in_North_East%202.pdf,1.8308,0.0008,2338.6376768542173,S1,observed,matched,76128533B71254158898830,interim_s1_only,fs1-3016a20fd3ad,pending,,75.825,0.0241,1.8308,S1,3.0,partial,llm_qa_observed_lower_bound,complete,91,96,0,3,93,True,local_state_plus_targeted_bigquery,14,93,,,,,2011,census_2011_official,unmatched,,resolved,census_unmatched;census_invalid;census_population_inconsistent,False
E193::east%20garo%20hills,E193,2025-0402-IND,Meghalaya,East Garo Hills,2025-05-31,2025-06-01,start:day|end:day,external_recovery,"[""{\""canonical_district\"": \""East Garo Hills\"", \""circularity_risk\"": \""none\"", \""event_id\"": \""E193\"", \""evidence_note\"": \""Same Northeast flood episode; affected districts explicitly listed.\"", \""evidence_scope\"": \""exact_or_direct_event\"", \""evidence_type\"": \""direct_disaster_impact\"", \""mapping_row\"": 1234, \""merge_rule\"": \""dedupe on event_id + canonical(state,district); preserve original source name\"", \""origin\"": \""prior_research_pass\"", \""source_class\"": \""humanitarian_network\"", \""source_record_id\"": \""2025-0402\"", \""source_title\"": \""Sphere India Situation Report 2: Rainfall in North East India, Jun 2025\"", \""source_url\"": \""https://reliefweb.int/attachments/305cd763-d6e9-4a42-85c0-258a74471606/SitRep_2_Rainfall_in_North_East%202.pdf\"", \""source_verification\"": \""supplied_not_independently_verified\"", \""state\"": \""Meghalaya\"", \""year\"": \""2025\""}""]",location,"[""location:(?<![A-Za-z])Meghalaya(?![A-Za-z])""]",district,humanitarian_network,direct_disaster_impact,none,https://reliefweb.int/attachments/305cd763-d6e9-4a42-85c0-258a74471606/SitRep_2_Rainfall_in_North_East%202.pdf,5.1446,0.0017,2940.3760891953966,S1,observed,matched,17793.0,interim_s1_only,fs1-3016a20fd3ad,pending,,541.0851,0.0095,5.1446,S1,,incomplete,llm_qa,complete,8,8,0,0,8,False,local_state_plus_targeted_bigquery,14,8,0.139004834595193,317917.0,44192.0,273725.0,2011,census_2011_official;file=census_2011_district_urban_rural.xlsx;sha256=acb01ddb965be41cf22a20f0e641fdbcc1f4a16e6b7bc9cf91478ce289f853e8;catalog=https://censusindia.gov.in/nada/index.php/catalog/42557,matched,294,resolved,article_collection_incomplete;article_count_missing_or_invalid,False
E193::east%20jaintia%20hills,E193,2025-0402-IND,Meghalaya,East Jaintia Hills,2025-05-31,2025-06-01,start:day|end:day,external_recovery,"[""{\""canonical_district\"": \""East Jaintia Hills\"", \""circularity_risk\"": \""none\"", \""event_id\"": \""E193\"", \""evidence_note\"": \""Same Northeast flood episode; affected districts explicitly listed.\"", \""evidence_scope\"": \""exact_or_direct_event\"", \""evidence_type\"": \""direct_disaster_impact\"", \""mapping_row\"": 1235, \""merge_rule\"": \""dedupe on event_id + canonical(state,district); preserve original source name\"", \""origin\"": \""prior_research_pass\"", \""source_class\"": \""humanitarian_network\"", \""source_record_id\"": \""2025-0402\"", \""source_title\"": \""Sphere India Situation Report 2: Rainfall in North East India, Jun 2025\"", \""source_url\"": \""https://reliefweb.int/attachments/305cd763-d6e9-4a42-85c0-258a74471606/SitRep_2_Rainfall_in_North_East%202.pdf\"", \""source_verification\"": \""supplied_not_independently_verified\"", \""state\"": \""Meghalaya\"", \""year\"": \""2025\""}""]",location,"[""location:(?<![A-Za-z])Meghalaya(?![A-Za-z])""]",district,humanitarian_network,direct_disaster_impact,none,https://reliefweb.int/attachments/305cd763-d6e9-4a42-85c0-258a74471606/SitRep_2_Rainfall_in_North_East%202.pdf,4.4807,0.0022,2077.589780451139,S1,observed,matched,76128533B70185077694103,interim_s1_only,fs1-3016a20fd3ad,pending,,367.6072,0.0122,4.4807,S1,,incomplete,llm_qa,complete,8,8,0,0,8,False,local_state_plus_targeted_bigquery,14,8,0.0,122939.0,0.0,122939.0,2011,census_2011_recovery;method=official_retabulation;url=https://des.megplanning.gov.in/documents/shb-2023-Final-as-on-16-09-24.pdf;table=Table 1.03; printed page 4; PDF page 25;notes=Statistical Handbook 2023 Table 1.03 (PDF page 25): Census 2011 retabulated to source district definitions. Uses state handbook totals rather than conflicting provisional district webpages.;population_source=https://des.megplanning.gov.in/documents/shb-2023-Final-as-on-16-09-24.pdf;file=district_census_recovery.json;sha256=d452a6f74338bb2f237f3d014518ab361f6b2d7436bac837b8a1cb97d050bac0,matched_crosswalk,retabulated:meghalaya:east jaintia hills,resolved,article_collection_incomplete;article_count_missing_or_invalid,False
E193::eastern%20west%20khasi%20hills,E193,2025-0402-IND,Meghalaya,Eastern West Khasi Hills,2025-05-31,2025-06-01,start:day|end:day,external_recovery,"[""{\""canonical_district\"": \""Eastern West Khasi Hills\"", \""circularity_risk\"": \""none\"", \""event_id\"": \""E193\"", \""evidence_note\"": \""Same Northeast flood episode; affected districts explicitly listed.\"", \""evidence_scope\"": \""exact_or_direct_event\"", \""evidence_type\"": \""direct_disaster_impact\"", \""mapping_row\"": 1237, \""merge_rule\"": \""dedupe on event_id + canonical(state,district); preserve original source name\"", \""origin\"": \""prior_research_pass\"", \""source_class\"": \""humanitarian_network\"", \""source_record_id\"": \""2025-0402\"", \""source_title\"": \""Sphere India Situation Report 2: Rainfall in North East India, Jun 2025\"", \""source_url\"": \""https://reliefweb.int/attachments/305cd763-d6e9-4a42-85c0-258a74471606/SitRep_2_Rainfall_in_North_East%202.pdf\"", \""source_verification\"": \""supplied_not_independently_verified\"", \""state\"": \""Meghalaya\"", \""year\"": \""2025\""}""]",location,"[""location:(?<![A-Za-z])Meghalaya(?![A-Za-z])""]",district,humanitarian_network,direct_disaster_impact,none,https://reliefweb.int/attachments/305cd763-d6e9-4a42-85c0-258a74471606/SitRep_2_Rainfall_in_North_East%202.pdf,3.3526,0.0027,1229.5763041016378,S1,observed,matched,OSM:relation/14723470,interim_s1_only,fs1-3016a20fd3ad,pending,,145.3565,0.0231,3.3526,S1,,incomplete,llm_qa,complete,8,8,0,0,8,False,local_state_plus_targeted_bigquery,14,8,0.1257397485730294,114228.0,14363.0,99865.0,2011,census_2011_recovery;method=official_retabulation;url=https://des.megplanning.gov.in/documents/shb-2023-Final-as-on-16-09-24.pdf;table=Table 1.03; printed page 4; PDF page 25;notes=Statistical Handbook 2023 Table 1.03 (PDF page 25): Census 2011 retabulated to source district definitions. Uses state handbook totals rather than conflicting provisional district webpages.;population_source=https://des.megplanning.gov.in/documents/shb-2023-Final-as-on-16-09-24.pdf;file=district_census_recovery.json;sha256=d452a6f74338bb2f237f3d014518ab361f6b2d7436bac837b8a1cb97d050bac0,matched_crosswalk,retabulated:meghalaya:eastern west khasi hills,resolved,article_collection_incomplete;article_count_missing_or_invalid,False
E193::north%20garo%20hills,E193,2025-0402-IND,Meghalaya,North Garo Hills,2025-05-31,2025-06-01,start:day|end:day,external_recovery,"[""{\""canonical_district\"": \""North Garo Hills\"", \""circularity_risk\"": \""none\"", \""event_id\"": \""E193\"", \""evidence_note\"": \""Same Northeast flood episode; affected districts explicitly listed.\"", \""evidence_scope\"": \""exact_or_direct_event\"", \""evidence_type\"": \""direct_disaster_impact\"", \""mapping_row\"": 1238, \""merge_rule\"": \""dedupe on event_id + canonical(state,district); preserve original source name\"", \""origin\"": \""prior_research_pass\"", \""source_class\"": \""humanitarian_network\"", \""source_record_id\"": \""2025-0402\"", \""source_title\"": \""Sphere India Situation Report 2: Rainfall in North East India, Jun 2025\"", \""source_url\"": \""https://reliefweb.int/attachments/305cd763-d6e9-4a42-85c0-258a74471606/SitRep_2_Rainfall_in_North_East%202.pdf\"", \""source_verification\"": \""supplied_not_independently_verified\"", \""state\"": \""Meghalaya\"", \""year\"": \""2025\""}""]",location,"[""location:(?<![A-Za-z])Meghalaya(?![A-Za-z])""]",district,humanitarian_network,direct_disaster_impact,none,https://reliefweb.int/attachments/305cd763-d6e9-4a42-85c0-258a74471606/SitRep_2_Rainfall_in_North_East%202.pdf,1.1519,0.0011,1050.4969039025452,S1,observed,matched,76128533B35759455556328,interim_s1_only,fs1-3016a20fd3ad,pending,,187.6001,0.0061,1.1519,S1,,incomplete,llm_qa,complete,8,8,0,0,8,False,local_state_plus_targeted_bigquery,14,8,0.1138456532980089,172119.0,19595.0,152524.0,2011,census_2011_recovery;method=official_retabulation;url=https://des.megplanning.gov.in/documents/shb-2023-Final-as-on-16-09-24.pdf;table=Table 1.03; printed page 4; PDF page 25;notes=Statistical Handbook 2023 Table 1.03 (PDF page 25): Census 2011 retabulated to source district definitions. Uses state handbook totals rather than conflicting provisional district webpages.;population_source=https://des.megplanning.gov.in/documents/shb-2023-Final-as-on-16-09-24.pdf;file=district_census_recovery.json;sha256=d452a6f74338bb2f237f3d014518ab361f6b2d7436bac837b8a1cb97d050bac0,matched_crosswalk,retabulated:meghalaya:north garo hills,resolved,article_collection_incomplete;article_count_missing_or_invalid,False
E193::south%20garo%20hills,E193,2025-0402-IND,Meghalaya,South Garo Hills,2025-05-31,2025-06-01,start:day|end:day,external_recovery,"[""{\""canonical_district\"": \""South Garo Hills\"", \""circularity_risk\"": \""none\"", \""event_id\"": \""E193\"", \""evidence_note\"": \""Same Northeast flood episode; affected districts explicitly listed.\"", \""evidence_scope\"": \""exact_or_direct_event\"", \""evidence_type\"": \""direct_disaster_impact\"", \""mapping_row\"": 1240, \""merge_rule\"": \""dedupe on event_id + canonical(state,district); preserve original source name\"", \""origin\"": \""prior_research_pass\"", \""source_class\"": \""humanitarian_network\"", \""source_record_id\"": \""2025-0402\"", \""source_title\"": \""Sphere India Situation Report 2: Rainfall in North East India, Jun 2025\"", \""source_url\"": \""https://reliefweb.int/attachments/305cd763-d6e9-4a42-85c0-258a74471606/SitRep_2_Rainfall_in_North_East%202.pdf\"", \""source_verification\"": \""supplied_not_independently_verified\"", \""state\"": \""Meghalaya\"", \""year\"": \""2025\""}""]",location,"[""location:(?<![A-Za-z])Meghalaya(?![A-Za-z])""]",district,humanitarian_network,direct_disaster_impact,none,https://reliefweb.int/attachments/305cd763-d6e9-4a42-85c0-258a74471606/SitRep_2_Rainfall_in_North_East%202.pdf,1.7666,0.0009,1876.767998735909,S1,observed,matched,70198.0,interim_s1_only,fs1-3016a20fd3ad,pending,,250.9578,0.007,1.7666,S1,,incomplete,llm_qa,complete,8,8,0,0,8,False,local_state_plus_targeted_bigquery,14,8,0.0922548372138772,142334.0,13131.0,129203.0,2011,census_2011_official;file=census_2011_district_urban_rural.xlsx;sha256=acb01ddb965be41cf22a20f0e641fdbcc1f4a16e6b7bc9cf91478ce289f853e8;catalog=https://censusindia.gov.in/nada/index.php/catalog/42557,matched,295,resolved,article_collection_incomplete;article_count_missing_or_invalid,False
E193::south%20west%20garo%20hills,E193,2025-0402-IND,Meghalaya,South West Garo Hills,2025-05-31,2025-06-01,start:day|end:day,external_recovery,"[""{\""canonical_district\"": \""South West Garo Hills\"", \""circularity_risk\"": \""none\"", \""event_id\"": \""E193\"", \""evidence_note\"": \""Same Northeast flood episode; affected districts explicitly listed.\"", \""evidence_scope\"": \""exact_or_direct_event\"", \""evidence_type\"": \""direct_disaster_impact\"", \""mapping_row\"": 1241, \""merge_rule\"": \""dedupe on event_id + canonical(state,district); preserve original source name\"", \""origin\"": \""prior_research_pass\"", \""source_class\"": \""humanitarian_network\"", \""source_record_id\"": \""2025-0402\"", \""source_title\"": \""Sphere India Situation Report 2: Rainfall in North East India, Jun 2025\"", \""source_url\"": \""https://reliefweb.int/attachments/305cd763-d6e9-4a42-85c0-258a74471606/SitRep_2_Rainfall_in_North_East%202.pdf\"", \""source_verification\"": \""supplied_not_independently_verified\"", \""state\"": \""Meghalaya\"", \""year\"": \""2025\""}""]",location,"[""location:(?<![A-Za-z])Meghalaya(?![A-Za-z])""]",district,humanitarian_network,direct_disaster_impact,none,https://reliefweb.int/attachments/305cd763-d6e9-4a42-85c0-258a74471606/SitRep_2_Rainfall_in_North_East%202.pdf,3.6108,0.0062,586.0218511059741,S1,observed,matched,76128533B52906466328910,interim_s1_only,fs1-3016a20fd3ad,pending,,176.2683,0.0205,3.6108,S1,,incomplete,llm_qa,complete,8,8,0,0,8,False,local_state_plus_targeted_bigquery,14,8,0.0,177556.0,0.0,177556.0,2011,census_2011_recovery;method=official_retabulation;url=https://des.megplanning.gov.in/documents/shb-2023-Final-as-on-16-09-24.pdf;table=Table 1.03; printed page 4; PDF page 25;notes=Statistical Handbook 2023 Table 1.03 (PDF page 25): Census 2011 retabulated to source district definitions. Uses state handbook totals rather than conflicting provisional district webpages.;population_source=https://des.megplanning.gov.in/documents/shb-2023-Final-as-on-16-09-24.pdf;file=district_census_recovery.json;sha256=d452a6f74338bb2f237f3d014518ab361f6b2d7436bac837b8a1cb97d050bac0,matched_crosswalk,retabulated:meghalaya:south west garo hills,resolved,article_collection_incomplete;article_count_missing_or_invalid,False
E193::south%20west%20khasi%20hills,E193,2025-0402-IND,Meghalaya,South West Khasi Hills,2025-05-31,2025-06-01,start:day|end:day,external_recovery,"[""{\""canonical_district\"": \""South West Khasi Hills\"", \""circularity_risk\"": \""none\"", \""event_id\"": \""E193\"", \""evidence_note\"": \""Same Northeast flood episode; affected districts explicitly listed.\"", \""evidence_scope\"": \""exact_or_direct_event\"", \""evidence_type\"": \""direct_disaster_impact\"", \""mapping_row\"": 1242, \""merge_rule\"": \""dedupe on event_id + canonical(state,district); preserve original source name\"", \""origin\"": \""prior_research_pass\"", \""source_class\"": \""humanitarian_network\"", \""source_record_id\"": \""2025-0402\"", \""source_title\"": \""Sphere India Situation Report 2: Rainfall in North East India, Jun 2025\"", \""source_url\"": \""https://reliefweb.int/attachments/305cd763-d6e9-4a42-85c0-258a74471606/SitRep_2_Rainfall_in_North_East%202.pdf\"", \""source_verification\"": \""supplied_not_independently_verified\"", \""state\"": \""Meghalaya\"", \""year\"": \""2025\""}""]",location,"[""location:(?<![A-Za-z])Meghalaya(?![A-Za-z])""]",district,humanitarian_network,direct_disaster_impact,none,https://reliefweb.int/attachments/305cd763-d6e9-4a42-85c0-258a74471606/SitRep_2_Rainfall_in_North_East%202.pdf,5.1024,0.0038,1344.9013461709417,S1,observed,matched,76128533B27102120636500,interim_s1_only,fs1-3016a20fd3ad,pending,,249.2269,0.0205,5.1024,S1,,incomplete,llm_qa,complete,8,9,0,0,9,False,local_state_plus_targeted_bigquery,14,9,0.0,99171.0,0.0,99171.0,2011,census_2011_recovery;method=official_retabulation;url=https://des.megplanning.gov.in/documents/shb-2023-Final-as-on-16-09-24.pdf;table=Table 1.03; printed page 4; PDF page 25;notes=Statistical Handbook 2023 Table 1.03 (PDF page 25): Census 2011 retabulated to source district definitions. Uses state handbook totals rather than conflicting provisional district webpages.;population_source=https://des.megplanning.gov.in/documents/shb-2023-Final-as-on-16-09-24.pdf;file=district_census_recovery.json;sha256=d452a6f74338bb2f237f3d014518ab361f6b2d7436bac837b8a1cb97d050bac0,matched_crosswalk,retabulated:meghalaya:south west khasi hills,resolved,article_collection_incomplete;article_count_missing_or_invalid,False
E193::west%20jaintia%20hills,E193,2025-0402-IND,Meghalaya,West Jaintia Hills,2025-05-31,2025-06-01,start:day|end:day,external_recovery,"[""{\""canonical_district\"": \""West Jaintia Hills\"", \""circularity_risk\"": \""none\"", \""event_id\"": \""E193\"", \""evidence_note\"": \""Same Northeast flood episode; affected districts explicitly listed.\"", \""evidence_scope\"": \""exact_or_direct_event\"", \""evidence_type\"": \""direct_disaster_impact\"", \""mapping_row\"": 1244, \""merge_rule\"": \""dedupe on event_id + canonical(state,district); preserve original source name\"", \""origin\"": \""prior_research_pass\"", \""source_class\"": \""humanitarian_network\"", \""source_record_id\"": \""2025-0402\"", \""source_title\"": \""Sphere India Situation Report 2: Rainfall in North East India, Jun 2025\"", \""source_url\"": \""https://reliefweb.int/attachments/305cd763-d6e9-4a42-85c0-258a74471606/SitRep_2_Rainfall_in_North_East%202.pdf\"", \""source_verification\"": \""supplied_not_independently_verified\"", \""state\"": \""Meghalaya\"", \""year\"": \""2025\""}""]",location,"[""location:(?<![A-Za-z])Meghalaya(?![A-Za-z])""]",district,humanitarian_network,direct_disaster_impact,none,https://reliefweb.int/attachments/305cd763-d6e9-4a42-85c0-258a74471606/SitRep_2_Rainfall_in_North_East%202.pdf,8.6782,0.005,1728.3809971447447,S1,observed,matched,76128533B84622469201834,interim_s1_only,fs1-3016a20fd3ad,pending,,360.4319,0.0241,8.6782,S1,,incomplete,llm_qa,complete,8,8,0,0,8,False,local_state_plus_targeted_bigquery,14,8,0.104451016771681,272185.0,28430.0,243755.0,2011,census_2011_recovery;method=official_retabulation;url=https://des.megplanning.gov.in/documents/shb-2023-Final-as-on-16-09-24.pdf;table=Table 1.03; printed page 4; PDF page 25;notes=Statistical Handbook 2023 Table 1.03 (PDF page 25): Census 2011 retabulated to source district definitions. Uses state handbook totals rather than conflicting provisional district webpages.;population_source=https://des.megplanning.gov.in/documents/shb-2023-Final-as-on-16-09-24.pdf;file=district_census_recovery.json;sha256=d452a6f74338bb2f237f3d014518ab361f6b2d7436bac837b8a1cb97d050bac0,matched_crosswalk,retabulated:meghalaya:west jaintia hills,resolved,article_collection_incomplete;article_count_missing_or_invalid,False
E195::tuensang,E195,2025-0402-IND,Nagaland,Tuensang,2025-05-31,2025-06-01,start:day|end:day,external_recovery,"[""{\""canonical_district\"": \""Tuensang\"", \""circularity_risk\"": \""none\"", \""event_id\"": \""E195\"", \""evidence_note\"": \""Same Northeast flood episode; affected districts explicitly listed.\"", \""evidence_scope\"": \""exact_or_direct_event\"", \""evidence_type\"": \""direct_disaster_impact\"", \""mapping_row\"": 1250, \""merge_rule\"": \""dedupe on event_id + canonical(state,district); preserve original source name\"", \""origin\"": \""prior_research_pass\"", \""source_class\"": \""humanitarian_network\"", \""source_record_id\"": \""2025-0402\"", \""source_title\"": \""Sphere India Situation Report 2: Rainfall in North East India, Jun 2025\"", \""source_url\"": \""https://reliefweb.int/attachments/305cd763-d6e9-4a42-85c0-258a74471606/SitRep_2_Rainfall_in_North_East%202.pdf\"", \""source_verification\"": \""supplied_not_independently_verified\"", \""state\"": \""Nagaland\"", \""year\"": \""2025\""}""]",location,"[""location:(?<![A-Za-z])Nagaland(?![A-Za-z])""]",district,humanitarian_network,direct_disaster_impact,none,https://reliefweb.int/attachments/305cd763-d6e9-4a42-85c0-258a74471606/SitRep_2_Rainfall_in_North_East%202.pdf,0.479,0.0001,3789.750062415454,S1,observed,matched,17805.0,interim_s1_only,fs1-3016a20fd3ad,pending,,60.0488,0.008,0.479,S1,,incomplete,llm_qa,complete,39,39,0,0,39,False,local_state_plus_targeted_bigquery,14,39,0.1870536531770738,196596.0,36774.0,159822.0,2011,census_2011_official;file=census_2011_district_urban_rural.xlsx;sha256=acb01ddb965be41cf22a20f0e641fdbcc1f4a16e6b7bc9cf91478ce289f853e8;catalog=https://censusindia.gov.in/nada/index.php/catalog/42557,matched,267,resolved,article_collection_incomplete;article_count_missing_or_invalid,False
E197::gomati,E197,2025-0402-IND,Tripura,Gomati,2025-05-31,2025-06-01,start:day|end:day,external_recovery,"[""{\""canonical_district\"": \""Gomati\"", \""circularity_risk\"": \""none\"", \""event_id\"": \""E197\"", \""evidence_note\"": \""Same Northeast flood episode; affected districts explicitly listed.\"", \""evidence_scope\"": \""exact_or_direct_event\"", \""evidence_type\"": \""direct_disaster_impact\"", \""mapping_row\"": 1252, \""merge_rule\"": \""dedupe on event_id + canonical(state,district); preserve original source name\"", \""origin\"": \""prior_research_pass\"", \""source_class\"": \""humanitarian_network\"", \""source_record_id\"": \""2025-0402\"", \""source_title\"": \""Sphere India Situation Report 2: Rainfall in North East India, Jun 2025\"", \""source_url\"": \""https://reliefweb.int/attachments/305cd763-d6e9-4a42-85c0-258a74471606/SitRep_2_Rainfall_in_North_East%202.pdf\"", \""source_verification\"": \""supplied_not_independently_verified\"", \""state\"": \""Tripura\"", \""year\"": \""2025\""}""]",location,"[""location:(?<![A-Za-z])Tripura(?![A-Za-z])""]",district,humanitarian_network,direct_disaster_impact,none,https://reliefweb.int/attachments/305cd763-d6e9-4a42-85c0-258a74471606/SitRep_2_Rainfall_in_North_East%202.pdf,12.382,0.0077,1617.9532415825593,S1,observed,matched,76128533B94126463611805,interim_s1_only,fs1-3016a20fd3ad,pending,,610.8811,0.0203,12.382,S1,5.0,partial,llm_qa_observed_lower_bound,complete,74,84,0,7,77,True,local_state_plus_targeted_bigquery,14,77,,,,,2011,census_2011_official,unmatched,,resolved,census_unmatched;census_invalid;census_population_inconsistent,False
E197::khowai,E197,2025-0402-IND,Tripura,Khowai,2025-05-31,2025-06-01,start:day|end:day,external_recovery,"[""{\""canonical_district\"": \""Khowai\"", \""circularity_risk\"": \""none\"", \""event_id\"": \""E197\"", \""evidence_note\"": \""Same Northeast flood episode; affected districts explicitly listed.\"", \""evidence_scope\"": \""exact_or_direct_event\"", \""evidence_type\"": \""direct_disaster_impact\"", \""mapping_row\"": 1253, \""merge_rule\"": \""dedupe on event_id + canonical(state,district); preserve original source name\"", \""origin\"": \""prior_research_pass\"", \""source_class\"": \""humanitarian_network\"", \""source_record_id\"": \""2025-0402\"", \""source_title\"": \""Sphere India Situation Report 2: Rainfall in North East India, Jun 2025\"", \""source_url\"": \""https://reliefweb.int/attachments/305cd763-d6e9-4a42-85c0-258a74471606/SitRep_2_Rainfall_in_North_East%202.pdf\"", \""source_verification\"": \""supplied_not_independently_verified\"", \""state\"": \""Tripura\"", \""year\"": \""2025\""}""]",location,"[""location:(?<![A-Za-z])Tripura(?![A-Za-z])""]",district,humanitarian_network,direct_disaster_impact,none,https://reliefweb.int/attachments/305cd763-d6e9-4a42-85c0-258a74471606/SitRep_2_Rainfall_in_North_East%202.pdf,4.9627,0.0047,1046.189742159586,S1,observed,matched,76128533B67044589012853,interim_s1_only,fs1-3016a20fd3ad,pending,,465.6732,0.0107,4.9627,S1,13.0,partial,llm_qa_observed_lower_bound,complete,74,100,0,15,85,True,local_state_plus_targeted_bigquery,14,85,,,,,2011,census_2011_official,unmatched,,resolved,census_unmatched;census_invalid;census_population_inconsistent,False
E197::unakoti,E197,2025-0402-IND,Tripura,Unakoti,2025-05-31,2025-06-01,start:day|end:day,external_recovery,"[""{\""canonical_district\"": \""Unakoti\"", \""circularity_risk\"": \""none\"", \""event_id\"": \""E197\"", \""evidence_note\"": \""Same Northeast flood episode; affected districts explicitly listed.\"", \""evidence_scope\"": \""exact_or_direct_event\"", \""evidence_type\"": \""direct_disaster_impact\"", \""mapping_row\"": 1255, \""merge_rule\"": \""dedupe on event_id + canonical(state,district); preserve original source name\"", \""origin\"": \""prior_research_pass\"", \""source_class\"": \""humanitarian_network\"", \""source_record_id\"": \""2025-0402\"", \""source_title\"": \""Sphere India Situation Report 2: Rainfall in North East India, Jun 2025\"", \""source_url\"": \""https://reliefweb.int/attachments/305cd763-d6e9-4a42-85c0-258a74471606/SitRep_2_Rainfall_in_North_East%202.pdf\"", \""source_verification\"": \""supplied_not_independently_verified\"", \""state\"": \""Tripura\"", \""year\"": \""2025\""}""]",location,"[""location:(?<![A-Za-z])Tripura(?![A-Za-z])""]",district,humanitarian_network,direct_disaster_impact,none,https://reliefweb.int/attachments/305cd763-d6e9-4a42-85c0-258a74471606/SitRep_2_Rainfall_in_North_East%202.pdf,16.8552,0.0256,657.9288906584868,S1,observed,matched,76128533B4720703924950,interim_s1_only,fs1-3016a20fd3ad,pending,,280.4761,0.0601,16.8552,S1,7.0,partial,llm_qa_observed_lower_bound,complete,74,84,0,9,75,True,local_state_plus_targeted_bigquery,14,75,,,,,2011,census_2011_official,unmatched,,resolved,census_unmatched;census_invalid;census_population_inconsistent,False
E199::bageshwar,E199,2025-0469-IND,Uttarakhand,Bageshwar,2025-06-20,2025-07-07,start:day|end:day,external_recovery,"[""{\""canonical_district\"": \""Bageshwar\"", \""circularity_risk\"": \""none\"", \""event_id\"": \""E199\"", \""evidence_note\"": \""Official MHA reporting in the Jun-Jul 2025 period identifies these districts; verify exact report-day overlap before promoting to high.\"", \""evidence_scope\"": \""same_episode\"", \""evidence_type\"": \""same_episode_evidence\"", \""mapping_row\"": 1263, \""merge_rule\"": \""dedupe on event_id + canonical(state,district); preserve original source name\"", \""origin\"": \""prior_research_pass\"", \""source_class\"": \""official_government\"", \""source_record_id\"": \""2025-0469\"", \""source_title\"": \""Government of India MHA/ICR-ER Situation Report, Jun-Jul 2025\"", \""source_url\"": \""https://ndmindia.mha.gov.in/ndmi/viewUploadedDocument?uid=NEW2598\"", \""source_verification\"": \""supplied_not_independently_verified\"", \""state\"": \""Uttarakhand\"", \""year\"": \""2025\""}""]",location,"[""location:(?<![A-Za-z])Uttarakhand(?![A-Za-z])""]",district,official_government,same_episode_evidence,none,https://ndmindia.mha.gov.in/ndmi/viewUploadedDocument?uid=NEW2598,2.5144,0.0011,2283.823715697251,S1,observed,matched,70281.0,interim_s1_only,fs1-3016a20fd3ad,pending,,38.1041,0.066,2.5144,S1,,incomplete,llm_qa,complete,13,14,0,0,14,False,local_state_plus_targeted_bigquery,14,14,0.0349329352284357,259898.0,9079.0,250819.0,2011,census_2011_official;file=census_2011_district_urban_rural.xlsx;sha256=acb01ddb965be41cf22a20f0e641fdbcc1f4a16e6b7bc9cf91478ce289f853e8;catalog=https://censusindia.gov.in/nada/index.php/catalog/42557,matched,063,resolved,article_collection_incomplete;article_count_missing_or_invalid,False
E201::fazilka,E201,2025-0751-IND,Punjab,Fazilka,2025-08-15,2025-09-19,start:day|end:day,external_recovery,"[""{\""canonical_district\"": \""Fazilka\"", \""circularity_risk\"": \""none\"", \""event_id\"": \""E201\"", \""evidence_note\"": \""Official MHA report explicitly lists 12 affected Punjab districts during the Aug-Sep 2025 event.\"", \""evidence_scope\"": \""exact_or_direct_event\"", \""evidence_type\"": \""direct_disaster_impact\"", \""mapping_row\"": 1267, \""merge_rule\"": \""dedupe on event_id + canonical(state,district); preserve original source name\"", \""origin\"": \""prior_research_pass\"", \""source_class\"": \""official_government\"", \""source_record_id\"": \""2025-0751\"", \""source_title\"": \""Government of India MHA/ICR-ER Situation Report, 1 Sep 2025\"", \""source_url\"": \""https://ndmindia.mha.gov.in/ndmi/viewUploadedDocument?uid=NEW2672\"", \""source_verification\"": \""supplied_not_independently_verified\"", \""state\"": \""Punjab\"", \""year\"": \""2025\""}""]",location,"[""location:(?<![A-Za-z])Punjab(?![A-Za-z])""]",district,official_government,direct_disaster_impact,none,https://ndmindia.mha.gov.in/ndmi/viewUploadedDocument?uid=NEW2672,172.225,0.0528,3260.9663717370954,S1,observed,matched,76128533B7291413308870,interim_s1_only,fs1-3016a20fd3ad,pending,,3125.647,0.0551,172.225,S1,76.0,partial,llm_qa_observed_lower_bound,complete,87,169,0,77,92,True,local_state_plus_targeted_bigquery,14,92,,,,,2011,census_2011_official,unmatched,,resolved,census_unmatched;census_invalid;census_population_inconsistent,False
E201::pathankot,E201,2025-0751-IND,Punjab,Pathankot,2025-08-15,2025-09-19,start:day|end:day,external_recovery,"[""{\""canonical_district\"": \""Pathankot\"", \""circularity_risk\"": \""none\"", \""event_id\"": \""E201\"", \""evidence_note\"": \""Official MHA report explicitly lists 12 affected Punjab districts during the Aug-Sep 2025 event.\"", \""evidence_scope\"": \""exact_or_direct_event\"", \""evidence_type\"": \""direct_disaster_impact\"", \""mapping_row\"": 1275, \""merge_rule\"": \""dedupe on event_id + canonical(state,district); preserve original source name\"", \""origin\"": \""prior_research_pass\"", \""source_class\"": \""official_government\"", \""source_record_id\"": \""2025-0751\"", \""source_title\"": \""Government of India MHA/ICR-ER Situation Report, 1 Sep 2025\"", \""source_url\"": \""https://ndmindia.mha.gov.in/ndmi/viewUploadedDocument?uid=NEW2672\"", \""source_verification\"": \""supplied_not_independently_verified\"", \""state\"": \""Punjab\"", \""year\"": \""2025\""}""]",location,"[""location:(?<![A-Za-z])Punjab(?![A-Za-z])""]",district,official_government,direct_disaster_impact,none,https://ndmindia.mha.gov.in/ndmi/viewUploadedDocument?uid=NEW2672,29.641,0.0296,999.949013574026,S1,observed,matched,76128533B19630094725383,interim_s1_only,fs1-3016a20fd3ad,pending,,751.4754,0.0394,29.641,S1,89.0,partial,llm_qa_observed_lower_bound,complete,87,252,0,146,106,True,local_state_plus_targeted_bigquery,14,106,,,,,2011,census_2011_official,unmatched,,resolved,census_unmatched;census_invalid;census_population_inconsistent,False
E201::sri%20muktsar%20sahib,E201,2025-0751-IND,Punjab,Sri Muktsar Sahib,2025-08-15,2025-09-19,start:day|end:day,external_recovery,"[""{\""canonical_district\"": \""Sri Muktsar Sahib\"", \""circularity_risk\"": \""none\"", \""event_id\"": \""E201\"", \""evidence_note\"": \""Official MHA report explicitly lists 12 affected Punjab districts during the Aug-Sep 2025 event.\"", \""evidence_scope\"": \""exact_or_direct_event\"", \""evidence_type\"": \""direct_disaster_impact\"", \""mapping_row\"": 1277, \""merge_rule\"": \""dedupe on event_id + canonical(state,district); preserve original source name\"", \""origin\"": \""prior_research_pass\"", \""source_class\"": \""official_government\"", \""source_record_id\"": \""2025-0751\"", \""source_title\"": \""Government of India MHA/ICR-ER Situation Report, 1 Sep 2025\"", \""source_url\"": \""https://ndmindia.mha.gov.in/ndmi/viewUploadedDocument?uid=NEW2672\"", \""source_verification\"": \""supplied_not_independently_verified\"", \""state\"": \""Punjab\"", \""year\"": \""2025\""}""]",location,"[""location:(?<![A-Za-z])Punjab(?![A-Za-z])""]",district,official_government,direct_disaster_impact,none,https://ndmindia.mha.gov.in/ndmi/viewUploadedDocument?uid=NEW2672,135.0755,0.0512,2637.9147681685968,S1,observed,matched,76128533B50184713016881,interim_s1_only,fs1-3016a20fd3ad,pending,,2559.7405,0.0528,135.0755,S1,,incomplete,llm_qa,complete,87,87,0,0,87,False,local_state_plus_targeted_bigquery,14,87,0.279623149454039,901896.0,252191.0,649705.0,2011,census_2011_official;file=census_2011_district_urban_rural.xlsx;sha256=acb01ddb965be41cf22a20f0e641fdbcc1f4a16e6b7bc9cf91478ce289f853e8;catalog=https://censusindia.gov.in/nada/index.php/catalog/42557;crosswalk=district_name_crosswalk.csv;sha256=c8dc691ab763e799cc1aafb29e9c17ab287710bd63447ad37281418d902c30e9,matched_crosswalk,044,resolved,article_collection_incomplete;article_count_missing_or_invalid,False
E203::east%20champaran,E203,2025-0859-IND,Bihar,East Champaran,2025-10-03,2025-10-07,start:day|end:day,external_recovery,"[""{\""canonical_district\"": \""East Champaran\"", \""circularity_risk\"": \""none\"", \""end_date\"": \""2025-10-07\"", \""event_id\"": \""E203\"", \""evidence_note\"": \""MHA situation report explicitly lists 18 flood-affected Bihar districts.\"", \""evidence_scope\"": \""exact_event_period\"", \""evidence_type\"": \""direct_disaster_impact\"", \""mapping_row\"": 1285, \""merge_rule\"": \""dedupe on event_id + canonical(state,district); retain all source provenance\"", \""origin\"": \""exhaustive_followup\"", \""source_class\"": \""official_government\"", \""source_record_id\"": \""2025-0859-IND\"", \""source_title\"": \""MHA/NERC Bihar flood situation, 7 Oct 2025\"", \""source_url\"": \""https://ndmindia.mha.gov.in/ndmi/viewUploadedDocument?uid=NEW2220\"", \""source_verification\"": \""supplied_not_independently_verified\"", \""start_date\"": \""2025-10-03\"", \""state\"": \""Bihar\"", \""year\"": \""2025\""}""]",location,"[""location:(?<![A-Za-z])Bihar(?![A-Za-z])""]",district,official_government,direct_disaster_impact,none,https://ndmindia.mha.gov.in/ndmi/viewUploadedDocument?uid=NEW2220,346.3782,0.0823,4209.432168721379,S1,observed,matched,76128533B49017555803526,interim_s1_only,fs1-3016a20fd3ad,pending,,4047.632,0.0856,346.3782,S1,,incomplete,llm_qa,complete,69,70,0,0,70,False,local_state_plus_targeted_bigquery,14,70,0.0787044127599266,5099371.0,401343.0,4698028.0,2011,census_2011_official;file=census_2011_district_urban_rural.xlsx;sha256=acb01ddb965be41cf22a20f0e641fdbcc1f4a16e6b7bc9cf91478ce289f853e8;catalog=https://censusindia.gov.in/nada/index.php/catalog/42557;crosswalk=district_name_crosswalk.csv;sha256=c8dc691ab763e799cc1aafb29e9c17ab287710bd63447ad37281418d902c30e9,matched_crosswalk,204,resolved,article_collection_incomplete;article_count_missing_or_invalid,False
E204::alipurduar,E204,2025-0859-IND,West Bengal,Alipurduar,2025-10-03,2025-10-07,start:day|end:day,external_recovery,"[""{\""canonical_district\"": \""Alipurduar\"", \""circularity_risk\"": \""none\"", \""end_date\"": \""2025-10-07\"", \""event_id\"": \""E204\"", \""evidence_note\"": \""Same 3-7 Oct 2025 event; direct affected-district response. For Alipurduar/Cooch Behar support is primarily official-quoted response.\"", \""evidence_scope\"": \""exact_event_period\"", \""evidence_type\"": \""direct_disaster_impact\"", \""mapping_row\"": 1301, \""merge_rule\"": \""dedupe on event_id + canonical(state,district); retain all source provenance\"", \""origin\"": \""exhaustive_followup\"", \""source_class\"": \""humanitarian\"", \""source_record_id\"": \""2025-0859-IND\"", \""source_title\"": \""ReliefWeb / official response to North Bengal floods & landslides, Oct 2025\"", \""source_url\"": \""https://reliefweb.int/report/india/local-situation-report-darjeeling-floods-and-landslides-2025-09-october-2025\"", \""source_verification\"": \""supplied_not_independently_verified\"", \""start_date\"": \""2025-10-03\"", \""state\"": \""West Bengal\"", \""year\"": \""2025\""}""]",location,"[""location:(?<![A-Za-z])West\\ Bengal(?![A-Za-z])"", ""location:Darjeeling""]",district,humanitarian,direct_disaster_impact,none,https://reliefweb.int/report/india/local-situation-report-darjeeling-floods-and-landslides-2025-09-october-2025,47.8929,0.0171,2805.571892812931,S1,observed,matched,76128533B23858286755005,interim_s1_only,fs1-3016a20fd3ad,pending,,2397.164,0.02,47.8929,S1,112.0,partial,llm_qa_observed_lower_bound,complete,240,383,0,115,268,True,local_state_plus_targeted_bigquery,14,268,,,,,2011,census_2011_official,unmatched,,resolved,census_unmatched;census_invalid;census_population_inconsistent,False
E204::darjeeling,E204,2025-0859-IND,West Bengal,Darjeeling,2025-10-03,2025-10-07,start:day|end:day,external_recovery|location,"[""location:Darjeeling"", ""{\""canonical_district\"": \""Darjeeling\"", \""circularity_risk\"": \""none\"", \""end_date\"": \""2025-10-07\"", \""event_id\"": \""E204\"", \""evidence_note\"": \""Same 3-7 Oct 2025 event; direct affected-district response. For Alipurduar/Cooch Behar support is primarily official-quoted response.\"", \""evidence_scope\"": \""exact_event_period\"", \""evidence_type\"": \""direct_disaster_impact\"", \""mapping_row\"": 1303, \""merge_rule\"": \""dedupe on event_id + canonical(state,district); retain all source provenance\"", \""origin\"": \""exhaustive_followup\"", \""source_class\"": \""humanitarian\"", \""source_record_id\"": \""2025-0859-IND\"", \""source_title\"": \""ReliefWeb / official response to North Bengal floods & landslides, Oct 2025\"", \""source_url\"": \""https://reliefweb.int/report/india/local-situation-report-darjeeling-floods-and-landslides-2025-09-october-2025\"", \""source_verification\"": \""supplied_not_independently_verified\"", \""start_date\"": \""2025-10-03\"", \""state\"": \""West Bengal\"", \""year\"": \""2025\""}""]",location,"[""location:(?<![A-Za-z])West\\ Bengal(?![A-Za-z])"", ""location:Darjeeling""]",district,humanitarian,direct_disaster_impact,none,https://reliefweb.int/report/india/local-situation-report-darjeeling-floods-and-landslides-2025-09-october-2025,4.1148,0.002,2082.4452472301264,S1,observed,matched,76128533B17109302371020,interim_s1_only,fs1-3016a20fd3ad,pending,,826.6807,0.005,4.1148,S1,254.0,partial,llm_qa_observed_lower_bound,complete,240,541,0,266,275,True,local_state_plus_targeted_bigquery,14,275,,,,,2011,census_2011_official,unmatched,,resolved,census_unmatched;census_invalid;census_population_inconsistent,False
E204::kalimpong,E204,2025-0859-IND,West Bengal,Kalimpong,2025-10-03,2025-10-07,start:day|end:day,external_recovery,"[""{\""canonical_district\"": \""Kalimpong\"", \""circularity_risk\"": \""none\"", \""end_date\"": \""2025-10-07\"", \""event_id\"": \""E204\"", \""evidence_note\"": \""Same 3-7 Oct 2025 event; direct affected-district response. For Alipurduar/Cooch Behar support is primarily official-quoted response.\"", \""evidence_scope\"": \""exact_event_period\"", \""evidence_type\"": \""direct_disaster_impact\"", \""mapping_row\"": 1305, \""merge_rule\"": \""dedupe on event_id + canonical(state,district); retain all source provenance\"", \""origin\"": \""exhaustive_followup\"", \""source_class\"": \""humanitarian\"", \""source_record_id\"": \""2025-0859-IND\"", \""source_title\"": \""ReliefWeb / official response to North Bengal floods & landslides, Oct 2025\"", \""source_url\"": \""https://reliefweb.int/report/india/local-situation-report-darjeeling-floods-and-landslides-2025-09-october-2025\"", \""source_verification\"": \""supplied_not_independently_verified\"", \""start_date\"": \""2025-10-03\"", \""state\"": \""West Bengal\"", \""year\"": \""2025\""}""]",location,"[""location:(?<![A-Za-z])West\\ Bengal(?![A-Za-z])"", ""location:Darjeeling""]",district,humanitarian,direct_disaster_impact,none,https://reliefweb.int/report/india/local-situation-report-darjeeling-floods-and-landslides-2025-09-october-2025,0.3577,0.0003,1110.133398229132,S1,observed,matched,76128533B78458325839103,interim_s1_only,fs1-3016a20fd3ad,pending,,73.9352,0.0048,0.3577,S1,100.0,partial,llm_qa_observed_lower_bound,complete,240,377,0,106,271,True,local_state_plus_targeted_bigquery,14,271,,,,,2011,census_2011_official,unmatched,,resolved,census_unmatched;census_invalid;census_population_inconsistent,False
