model,fold_id,event_district_id,source_record_id,observed,expected,alpha,absolute_error,negative_log_probability,predictive_low_90,predictive_high_90,interval_covered,interval_width,observed_zero,predicted_zero_probability
nb2,0,E025::chittoor,2015-0504-IND,103.0,48.59774419657309,3.515544677421052,54.40225580342691,6.534229574200253,0.0,227.0,1.0,227.0,0.0,0.23131903584668126
nb2,0,E026::puducherry,2015-0504-IND,182.0,46.431990132718376,3.515544677421052,135.56800986728163,7.438700934625332,0.0,217.0,1.0,217.0,0.0,0.2343201508826034
nb2,0,E027::chennai,2015-0504-IND,3291.0,59.51874279991826,3.515544677421052,3231.481257200082,24.159153947830035,0.0,277.0,0.0,277.0,0.0,0.2184243028960469
nb2,0,E027::cuddalore,2015-0504-IND,388.0,42.640466106579055,3.515544677421052,345.3595338934209,9.424152512413123,0.0,199.0,0.0,199.0,0.0,0.2400303377583071
nb2,0,E027::kancheepuram,2015-0504-IND,214.0,44.079470673644764,3.515544677421052,169.92052932635522,7.804787535834396,0.0,206.0,0.0,206.0,0.0,0.23778949608698263
nb2,0,E027::nagapattinam,2015-0504-IND,39.0,38.95920347187004,3.515544677421052,0.0407965281299596,5.46106023377276,0.0,182.0,1.0,182.0,0.0,0.24623096222459448
nb2,0,E027::thiruvallur,2015-0504-IND,104.0,47.328992412838375,3.515544677421052,56.671007587161625,6.555711270469885,0.0,221.0,1.0,221.0,0.0,0.23305590916279123
nb2,0,E027::thiruvarur,2015-0504-IND,0.0,40.097886613520075,3.515544677421052,40.097886613520075,1.4096213890515077,0.0,187.0,1.0,187.0,1.0,0.24423573597416048
nb2,0,E037::golaghat,2016-0554-IND,89.0,40.642249880031464,3.515544677421052,48.357750119968536,6.398934632629939,0.0,190.0,1.0,190.0,0.0,0.24330724809193632
nb2,0,E037::jorhat,2016-0554-IND,109.0,49.089921070941664,3.515544677421052,59.910078929058336,6.606195544060979,0.0,229.0,1.0,229.0,0.0,0.2306607821036704
nb2,0,E079::amritsar,2018-0372-IND,14.0,43.33552377456169,3.515544677421052,29.335523774561693,4.5706221481272635,0.0,202.0,1.0,202.0,0.0,0.23893612829012426
nb2,0,E079::faridkot,2018-0372-IND,0.0,37.96499913466536,3.515544677421052,37.96499913466536,1.394186137322157,0.0,177.0,1.0,177.0,1.0,0.2480348205270249
nb2,0,E079::ferozepur,2018-0372-IND,1.0,39.01875198780167,3.515544677421052,38.01875198780167,2.6663747483840234,0.0,182.0,1.0,182.0,0.0,0.24612478567791202
nb2,0,E079::hoshiarpur,2018-0372-IND,5.0,42.05029922077724,3.515544677421052,37.05029922077724,3.780798028930224,0.0,196.0,1.0,196.0,0.0,0.24097744042034389
nb2,0,E079::jalandhar,2018-0372-IND,3.0,42.59987973189934,3.515544677421052,39.59987973189934,3.419182992169456,0.0,199.0,1.0,199.0,0.0,0.24009493413225996
nb2,0,E079::ludhiana,2018-0372-IND,3.0,43.88022152538745,3.515544677421052,40.88022152538745,3.4269704986774845,0.0,205.0,1.0,205.0,0.0,0.23809416051416302
nb2,0,E079::moga,2018-0372-IND,2.0,35.51847132673635,3.515544677421052,33.51847132673635,3.091347606367148,0.0,166.0,1.0,166.0,0.0,0.25274251768398925
nb2,0,E079::muktsar,2018-0372-IND,0.0,37.961594813675354,3.515544677421052,37.961594813675354,1.3941608191695714,0.0,177.0,1.0,177.0,1.0,0.2480411003899544
nb2,0,E079::tarn%20taran,2018-0372-IND,5.0,39.890197851402704,3.515544677421052,34.890197851402704,3.7677196389350867,0.0,186.0,1.0,186.0,0.0,0.2445942250006875
nb2,0,E081::baksa,2019-0331-IND,104.0,35.051966187340874,3.515544677421052,68.94803381265913,6.688276888347975,0.0,164.0,1.0,164.0,0.0,0.2536871849665139
nb2,0,E081::barpeta,2019-0331-IND,238.0,36.75885797076855,3.515544677421052,201.24114202923144,8.287591319411293,0.0,172.0,0.0,172.0,0.0,0.2503057975505116
nb2,0,E081::biswanath,2019-0331-IND,64.0,35.29790116648812,3.515544677421052,28.702098833511883,6.016573356546672,0.0,165.0,1.0,165.0,0.0,0.2531871867856333
nb2,0,E081::bongaigaon,2019-0331-IND,69.0,34.908124999669276,3.515544677421052,34.091875000330724,6.113440949068704,0.0,163.0,1.0,163.0,0.0,0.2539816976839491
nb2,0,E081::cachar,2019-0331-IND,55.0,38.19214531111352,3.515544677421052,16.80785468888648,5.825070981610998,0.0,178.0,1.0,178.0,0.0,0.247617424574629
nb2,0,E081::charaideo,2019-0331-IND,5.0,35.44429509389716,3.515544677421052,30.44429509389716,3.7387976646219174,0.0,165.0,1.0,165.0,0.0,0.25289166325640977
nb2,0,E081::chirang,2019-0331-IND,85.0,34.894372361681654,3.515544677421052,50.105627638318346,6.392395024312051,0.0,163.0,1.0,163.0,0.0,0.25400993697365015
nb2,0,E081::darrang,2019-0331-IND,71.0,35.12179507653783,3.515544677421052,35.87820492346217,6.148306513663739,0.0,164.0,1.0,164.0,0.0,0.2535447659970607
nb2,0,E081::dhemaji,2019-0331-IND,104.0,33.65473501870755,3.515544677421052,70.34526498129244,6.7115520894328435,0.0,157.0,1.0,157.0,0.0,0.25661522548232746
nb2,0,E081::dhubri,2019-0331-IND,181.0,38.31084117428112,3.515544677421052,142.6891588257189,7.607804103791996,0.0,179.0,0.0,179.0,0.0,0.24740057016205247
nb2,0,E081::dibrugarh,2019-0331-IND,66.0,36.87312379793339,3.515544677421052,29.12687620206661,6.044374489468342,0.0,172.0,1.0,172.0,0.0,0.2500866050496625
nb2,0,E081::goalpara,2019-0331-IND,107.0,36.331461345312846,3.515544677421052,70.66853865468715,6.712624917926977,0.0,170.0,1.0,170.0,0.0,0.251133423547878
nb2,0,E081::golaghat,2019-0331-IND,157.0,37.39466132073669,3.515544677421052,119.60533867926331,7.350078164555806,0.0,174.0,1.0,174.0,0.0,0.24909703807381228
nb2,0,E081::hailakandi,2019-0331-IND,27.0,35.87865477301124,3.515544677421052,8.878654773011242,5.105347340663424,0.0,167.0,1.0,167.0,0.0,0.25202390085887033
nb2,0,E081::hojai,2019-0331-IND,30.0,35.819236995804815,3.515544677421052,5.819236995804815,5.203973489210574,0.0,167.0,1.0,167.0,0.0,0.25214181296341526
nb2,0,E081::jorhat,2019-0331-IND,145.0,37.933564885803676,3.515544677421052,107.06643511419632,7.1907893457058165,0.0,177.0,1.0,177.0,0.0,0.248092833780935
nb2,0,E081::kamrup,2019-0331-IND,129.0,36.292609738589896,3.515544677421052,92.7073902614101,7.018603688022721,0.0,169.0,1.0,169.0,0.0,0.25120927206661653
nb2,0,E081::kamrup%20metropolitan,2019-0331-IND,0.0,39.485586074776776,3.515544677421052,39.485586074776776,1.4052753455324722,0.0,184.0,1.0,184.0,1.0,0.2452995050305341
nb2,0,E081::karbi%20anglong,2019-0331-IND,57.0,37.4548326938564,3.515544677421052,19.545167306143597,5.868195432822063,0.0,175.0,1.0,175.0,0.0,0.24898400120887143
nb2,0,E081::karimganj,2019-0331-IND,45.0,37.57735917983697,3.515544677421052,7.422640820163032,5.608551436906927,0.0,175.0,1.0,175.0,0.0,0.2487545391440117
nb2,0,E081::kokrajhar,2019-0331-IND,77.0,35.84017283474,3.515544677421052,41.15982716526,6.247955320524634,0.0,167.0,1.0,167.0,0.0,0.25210023824128447
nb2,0,E081::lakhimpur,2019-0331-IND,104.0,35.894262344370034,3.515544677421052,68.10573765562997,6.675330527420036,0.0,168.0,1.0,168.0,0.0,0.2519929695453865
nb2,0,E081::majuli,2019-0331-IND,55.0,31.062165459948638,3.515544677421052,23.937834540051362,5.860027290356003,0.0,145.0,1.0,145.0,0.0,0.26248170373604557
nb2,0,E081::morigaon,2019-0331-IND,253.0,34.92241406767783,3.515544677421052,218.07758593232217,8.534605613087873,0.0,163.0,0.0,163.0,0.0,0.2539523719141709
nb2,0,E081::nagaon,2019-0331-IND,141.0,39.20329408222777,3.515544677421052,101.79670591777223,7.1162129153225555,0.0,183.0,1.0,183.0,0.0,0.2457970502966999
nb2,0,E081::nalbari,2019-0331-IND,121.0,34.13218196214595,3.515544677421052,86.86781803785405,6.952616165724436,0.0,159.0,1.0,159.0,0.0,0.25559753926227563
nb2,0,E081::sivasagar,2019-0331-IND,31.0,36.55503383962769,3.515544677421052,5.55503383962769,5.236058488416617,0.0,171.0,1.0,171.0,0.0,0.25069895139281245
nb2,0,E081::sonitpur,2019-0331-IND,111.0,38.343756288151496,3.515544677421052,72.6562437118485,6.740002385414387,0.0,179.0,1.0,179.0,0.0,0.24734058672776887
nb2,0,E081::south%20salmara,2019-0331-IND,58.0,34.92123660993571,3.515544677421052,23.07876339006429,5.900115562993403,0.0,163.0,1.0,163.0,0.0,0.2539547878586785
nb2,0,E081::tinsukia,2019-0331-IND,32.0,38.030925458377915,3.515544677421052,6.030925458377915,5.268007878495256,0.0,177.0,1.0,177.0,0.0,0.24791334932612877
nb2,0,E081::udalguri,2019-0331-IND,51.0,36.83040238521101,3.515544677421052,14.16959761478899,5.745194683263114,0.0,172.0,1.0,172.0,0.0,0.2501684547127672
nb2,0,E081::west%20karbi%20anglong,2019-0331-IND,4.0,34.68171843412527,3.515544677421052,30.681718434125273,3.570922145718174,0.0,162.0,1.0,162.0,0.0,0.2544484078118305
nb2,0,E082::araria,2019-0331-IND,196.0,38.39021464281703,3.515544677421052,157.60978535718297,7.773289893467804,0.0,179.0,0.0,179.0,0.0,0.2472560341675228
nb2,0,E082::darbhanga,2019-0331-IND,248.0,40.466067116946306,3.515544677421052,207.5339328830537,8.246715729883427,0.0,189.0,0.0,189.0,0.0,0.24360600783058037
nb2,0,E082::east%20champaran,2019-0331-IND,126.0,40.779735544014514,3.515544677421052,85.22026445598549,6.903414491399759,0.0,190.0,1.0,190.0,0.0,0.24307525368016497
nb2,0,E082::katihar,2019-0331-IND,107.0,39.19994700922924,3.515544677421052,67.80005299077075,6.673235786066469,0.0,183.0,1.0,183.0,0.0,0.24580297696386083
nb2,0,E082::kishanganj,2019-0331-IND,148.0,36.58817089992765,3.515544677421052,111.41182910007235,7.258146049024243,0.0,171.0,1.0,171.0,0.0,0.2506348437893548
nb2,0,E082::madhubani,2019-0331-IND,240.0,40.640474028868425,3.515544677421052,199.35952597113157,8.161253804034938,0.0,190.0,0.0,190.0,0.0,0.2433102512234758
nb2,0,E082::muzaffarpur,2019-0331-IND,178.0,42.445103051630284,3.515544677421052,135.55489694836973,7.474781932056058,0.0,198.0,1.0,198.0,0.0,0.24034199588641678
nb2,0,E082::purnia,2019-0331-IND,30.0,39.61391401156595,3.515544677421052,9.613914011565953,5.209751616445528,0.0,185.0,1.0,185.0,0.0,0.24507482185433324
nb2,0,E082::saharsa,2019-0331-IND,94.0,38.665741330747466,3.515544677421052,55.334258669252534,6.492167616195761,0.0,180.0,1.0,180.0,0.0,0.24675725243666358
nb2,0,E082::sheohar,2019-0331-IND,149.0,34.94408253328346,3.515544677421052,114.05591746671654,7.311800386260475,0.0,163.0,1.0,163.0,0.0,0.2539079304006619
nb2,0,E082::sitamarhi,2019-0331-IND,271.0,39.89107310763915,3.515544677421052,231.10892689236084,8.494475914362702,0.0,186.0,0.0,186.0,0.0,0.2445927092400459
nb2,0,E082::supaul,2019-0331-IND,151.0,38.62179231664993,3.515544677421052,112.37820768335007,7.249646741573319,0.0,180.0,1.0,180.0,0.0,0.24683650835501475
nb2,0,E084::bagalkot,2019-0331-IND,129.0,37.14708838328525,3.515544677421052,91.85291161671475,7.002094044730018,0.0,173.0,1.0,173.0,0.0,0.24956457552189623
nb2,0,E084::belagavi,2019-0331-IND,376.0,40.65436514521771,3.515544677421052,335.3456348547823,9.430125703895559,0.0,190.0,0.0,190.0,0.0,0.2432867645026901
nb2,0,E084::chikkamagaluru,2019-0331-IND,68.0,38.73636101141419,3.515544677421052,29.26363898858581,6.069933515273865,0.0,181.0,1.0,181.0,0.0,0.24663013996692593
nb2,0,E084::dakshina%20kannada,2019-0331-IND,166.0,45.831340003934464,3.515544677421052,120.16865999606554,7.284755983359853,0.0,214.0,1.0,214.0,0.0,0.23518427359444533
nb2,0,E084::hassan,2019-0331-IND,49.0,42.52760514823885,3.515544677421052,6.472394851761152,5.691548768387509,0.0,198.0,1.0,198.0,0.0,0.24021015940714704
nb2,0,E084::haveri,2019-0331-IND,42.0,39.925390684286135,3.515544677421052,2.0746093157138645,5.5352758902802845,0.0,186.0,1.0,186.0,0.0,0.2445333117913934
nb2,0,E084::kodagu,2019-0331-IND,186.0,39.49230810449605,3.515544677421052,146.50769189550397,7.631836257462173,0.0,184.0,0.0,184.0,0.0,0.2452877126538357
nb2,0,E084::raichur,2019-0331-IND,150.0,38.4820051693765,3.515544677421052,111.51799483062351,7.240518511807833,0.0,180.0,1.0,180.0,0.0,0.24708936153874536
nb2,0,E084::shivamogga,2019-0331-IND,103.0,41.416990439467895,3.515544677421052,61.583009560532105,6.5929010382020845,0.0,193.0,1.0,193.0,0.0,0.24201282683440456
nb2,0,E084::udupi,2019-0331-IND,79.0,41.27405571932008,3.515544677421052,37.72594428067992,6.240001483481514,0.0,193.0,1.0,193.0,0.0,0.24224930436394976
nb2,0,E084::uttara%20kannada,2019-0331-IND,125.0,43.33715051253109,3.515544677421052,81.66284948746892,6.856846275058251,0.0,202.0,1.0,202.0,0.0,0.23893359368100495
nb2,0,E084::vijayapura,2019-0331-IND,103.0,35.989640081051675,3.515544677421052,67.01035991894832,6.659135746823655,0.0,168.0,1.0,168.0,0.0,0.2518043202234358
nb2,0,E084::yadgir,2019-0331-IND,73.0,38.208300017806245,3.515544677421052,34.791699982193755,6.16066091498306,0.0,178.0,1.0,178.0,0.0,0.2475878598438363
nb2,0,E085::alappuzha,2019-0331-IND,35.0,46.259083080110315,3.515544677421052,11.259083080110315,5.363298905576688,0.0,216.0,1.0,216.0,0.0,0.234567433723775
nb2,0,E085::ernakulam,2019-0331-IND,107.0,49.842144185873536,3.515544677421052,57.157855814126464,6.576403401302147,0.0,232.0,1.0,232.0,0.0,0.22967085053310943
nb2,0,E085::idukki,2019-0331-IND,167.0,47.34936834998608,3.515544677421052,119.65063165001392,7.271421838665959,0.0,221.0,1.0,221.0,0.0,0.23302754720792176
nb2,0,E085::kannur,2019-0331-IND,171.0,48.10892352625861,3.515544677421052,122.89107647374139,7.300679633578542,0.0,224.0,1.0,224.0,0.0,0.23198128149873462
nb2,0,E085::kasaragod,2019-0331-IND,71.0,44.29112232669904,3.515544677421052,26.70887767330096,6.095628386879539,0.0,207.0,1.0,207.0,0.0,0.2374677865626004
nb2,0,E085::kollam,2019-0331-IND,3.0,52.59135965290069,3.515544677421052,49.59135965290069,3.4749753936706105,0.0,245.0,1.0,245.0,0.0,0.22620895501206234
nb2,0,E085::kottayam,2019-0331-IND,36.0,46.5833875922414,3.515544677421052,10.583387592241401,5.389949101642267,0.0,217.0,1.0,217.0,0.0,0.2341045933314925
nb2,0,E085::kozhikode,2019-0331-IND,210.0,48.794467556298216,3.515544677421052,161.20553244370177,7.664146661203814,0.0,228.0,1.0,228.0,0.0,0.23105491450624913
nb2,0,E085::malappuram,2019-0331-IND,286.0,48.31010773961947,3.515544677421052,237.68989226038053,8.340598334045275,0.0,225.0,0.0,225.0,0.0,0.2317076847655598
nb2,0,E085::palakkad,2019-0331-IND,72.0,47.96580490657306,3.515544677421052,24.034195093426938,6.099343195615266,0.0,224.0,1.0,224.0,0.0,0.23217680388720144
nb2,0,E085::thiruvananthapuram,2019-0331-IND,15.0,54.56003856706592,3.515544677421052,39.56003856706592,4.6710415262584535,0.0,254.0,1.0,254.0,0.0,0.22386894964942447
nb2,0,E085::thrissur,2019-0331-IND,52.0,45.88603356794682,3.515544677421052,6.113966432053182,5.750136725122999,0.0,214.0,1.0,214.0,0.0,0.23510499214218494
nb2,0,E085::wayanad,2019-0331-IND,388.0,44.33801827835125,3.515544677421052,343.6619817216488,9.336731359284782,0.0,207.0,0.0,207.0,0.0,0.23739677040007262
nb2,0,E086::ahilyanagar,2019-0331-IND,0.0,48.52312390124879,3.515544677421052,48.52312390124879,1.4635228581666617,0.0,226.0,1.0,226.0,1.0,0.23141957866956034
nb2,0,E086::amravati,2019-0331-IND,2.0,42.280595518462825,3.515544677421052,40.280595518462825,3.138015781715436,0.0,197.0,1.0,197.0,0.0,0.24060585379246469
nb2,0,E086::aurangabad,2019-0331-IND,2.0,43.20024697798589,3.515544677421052,41.20024697798589,3.1438115720611863,0.0,202.0,1.0,202.0,0.0,0.2391473279781559
nb2,0,E086::bhandara,2019-0331-IND,0.0,40.24301360167266,3.515544677421052,40.24301360167266,1.410641822964087,0.0,188.0,1.0,188.0,1.0,0.24398663666281648
nb2,0,E086::buldhana,2019-0331-IND,1.0,43.504583090599645,3.515544677421052,42.504583090599645,2.6963709348669505,0.0,203.0,1.0,203.0,0.0,0.23867336557569147
nb2,0,E086::dhule,2019-0331-IND,3.0,51.5882311029419,3.515544677421052,48.5882311029419,3.4698409145252476,0.0,241.0,1.0,241.0,0.0,0.2274447683258924
nb2,0,E086::gadchiroli,2019-0331-IND,10.0,41.36545752581908,3.515544677421052,31.36545752581908,4.296590173486602,0.0,193.0,1.0,193.0,0.0,0.24209796499319944
nb2,0,E086::gondia,2019-0331-IND,0.0,42.26338601537568,3.515544677421052,42.26338601537568,1.42448011594934,0.0,197.0,1.0,197.0,1.0,0.24063353223029083
nb2,0,E086::hingoli,2019-0331-IND,2.0,40.640984021269006,3.515544677421052,38.640984021269006,3.127381217786111,0.0,190.0,1.0,190.0,0.0,0.24330938876117103
nb2,0,E086::kolhapur,2019-0331-IND,460.0,53.336461624349276,3.515544677421052,406.6635383756507,9.476206300304025,0.0,249.0,0.0,249.0,0.0,0.2253103482529373
nb2,0,E086::latur,2019-0331-IND,0.0,39.55860572146999,3.515544677421052,39.55860572146999,1.405797131893252,0.0,185.0,1.0,185.0,1.0,0.24517154448144093
nb2,0,E086::nagpur,2019-0331-IND,0.0,45.625487718702374,3.515544677421052,45.625487718702374,1.4461133508379056,0.0,213.0,1.0,213.0,1.0,0.23548375451932346
nb2,0,E086::nandurbar,2019-0331-IND,4.0,47.39884002233722,3.515544677421052,43.39884002233722,3.6504187711100187,0.0,221.0,1.0,221.0,0.0,0.23295875071725972
nb2,0,E086::nashik,2019-0331-IND,78.0,52.39475668129624,3.515544677421052,25.605243318703756,6.178085996824124,0.0,244.0,1.0,244.0,0.0,0.22644877698743596
nb2,0,E086::pune,2019-0331-IND,250.0,58.17361331677769,3.515544677421052,191.82638668322232,7.837359916393424,0.0,271.0,1.0,271.0,0.0,0.2198423302137517
nb2,0,E086::raigad,2019-0331-IND,87.0,46.18343152477095,3.515544677421052,40.81656847522905,6.332287910565807,0.0,215.0,1.0,215.0,0.0,0.23467599808256073
nb2,0,E086::ratnagiri,2019-0331-IND,72.0,48.209485005146874,3.515544677421052,23.790514994853126,6.098630625055447,0.0,225.0,1.0,225.0,0.0,0.2318443425432779
nb2,0,E086::sangli,2019-0331-IND,435.0,41.03427508053962,3.515544677421052,393.9657249194604,9.920403153485228,0.0,191.0,0.0,191.0,0.0,0.24264836368489665
nb2,0,E086::thane,2019-0331-IND,251.0,53.87365375769852,3.515544677421052,197.12634624230148,7.920823045660205,0.0,251.0,1.0,251.0,0.0,0.2246723757671354
nb2,0,E086::wardha,2019-0331-IND,0.0,39.816411871690406,3.515544677421052,39.816411871690406,1.4076317543968868,0.0,186.0,1.0,186.0,1.0,0.2447221596005385
nb2,0,E086::yavatmal,2019-0331-IND,0.0,41.82320257595253,3.515544677421052,41.82320257595253,1.4215219682296103,0.0,195.0,1.0,195.0,1.0,0.24134641565233436
nb2,0,E087::angul,2019-0331-IND,0.0,43.94509164301873,3.515544677421052,43.94509164301873,1.4355065528840285,0.0,205.0,1.0,205.0,1.0,0.23799477653486023
nb2,0,E087::bargarh,2019-0331-IND,0.0,41.26727284744861,3.515544677421052,41.26727284744861,1.417741470011284,0.0,193.0,1.0,193.0,1.0,0.2422605522037604
nb2,0,E087::bolangir,2019-0331-IND,7.0,45.12752079286209,3.515544677421052,38.12752079286209,4.045855250281518,0.0,210.0,1.0,210.0,0.0,0.2362154021067533
nb2,0,E087::boudh,2019-0331-IND,1.0,38.42845268914764,3.515544677421052,37.42845268914764,2.6621813065950466,0.0,179.0,1.0,179.0,0.0,0.24718654009559965
nb2,0,E087::cuttack,2019-0331-IND,0.0,40.71502368769725,3.515544677421052,40.71502368769725,1.4139355861251635,0.0,190.0,1.0,190.0,1.0,0.2431843245056436
nb2,0,E087::gajapati,2019-0331-IND,21.0,42.3253773093614,3.515544677421052,21.3253773093614,4.900710043800923,0.0,197.0,1.0,197.0,0.0,0.24053389752806068
nb2,0,E087::ganjam,2019-0331-IND,8.0,46.92508514602734,3.515544677421052,38.92508514602734,4.154960825871138,0.0,219.0,1.0,219.0,0.0,0.23362135955487787
nb2,0,E087::jagatsinghpur,2019-0331-IND,0.0,37.09486734393993,3.515544677421052,37.09486734393993,1.3876404606946702,0.0,173.0,1.0,173.0,1.0,0.2496637015027178
nb2,0,E087::kalahandi,2019-0331-IND,36.0,42.982373544610134,3.515544677421052,6.982373544610134,5.385508852513257,0.0,200.0,1.0,200.0,0.0,0.23948926118943975
nb2,0,E087::kandhamal,2019-0331-IND,24.0,43.587826224967614,3.515544677421052,19.587826224967614,5.019407496852676,0.0,203.0,1.0,203.0,0.0,0.2385444621022797
nb2,0,E087::kendrapara,2019-0331-IND,0.0,40.27957849182177,3.515544677421052,40.27957849182177,1.4108983460022508,0.0,188.0,1.0,188.0,1.0,0.24392405649647864
nb2,0,E087::khordha,2019-0331-IND,0.0,42.902138670709235,3.515544677421052,42.902138670709235,1.428718720313734,0.0,200.0,1.0,200.0,1.0,0.23961574042254288
nb2,0,E087::koraput,2019-0331-IND,27.0,40.68720617589208,3.515544677421052,13.68720617589208,5.115747529093773,0.0,190.0,1.0,190.0,0.0,0.24323127846730835
nb2,0,E087::malkangiri,2019-0331-IND,48.0,39.936888831464266,3.515544677421052,8.063111168535734,5.67309969413354,0.0,186.0,1.0,186.0,0.0,0.24451342516282698
nb2,0,E087::nabarangpur,2019-0331-IND,21.0,43.422979764632565,3.515544677421052,22.422979764632565,4.904400658877115,0.0,203.0,1.0,203.0,0.0,0.23880003565179367
nb2,0,E087::nayagarh,2019-0331-IND,2.0,42.25555409180736,3.515544677421052,40.25555409180736,3.137856307852712,0.0,197.0,1.0,197.0,0.0,0.24064613325385342
nb2,0,E087::nuapada,2019-0331-IND,5.0,40.45348458114094,3.515544677421052,35.45348458114094,3.771187240481539,0.0,189.0,1.0,189.0,0.0,0.2436274079672067
nb2,0,E087::puri,2019-0331-IND,1.0,39.43192495385339,3.515544677421052,38.43192495385339,2.6692735797363105,0.0,184.0,1.0,184.0,0.0,0.24539373398126071
nb2,0,E087::rayagada,2019-0331-IND,25.0,43.219991570367185,3.515544677421052,18.219991570367185,5.05393630051777,0.0,202.0,1.0,202.0,0.0,0.23911644934928541
nb2,0,E087::sambalpur,2019-0331-IND,8.0,41.40519918083133,3.515544677421052,33.40519918083133,4.126014791980966,0.0,193.0,1.0,193.0,0.0,0.24203229539020896
nb2,0,E087::subarnapur,2019-0331-IND,0.0,38.69317772040211,3.515544677421052,38.69317772040211,1.3995505050502526,0.0,181.0,1.0,181.0,1.0,0.24670783294718363
nb2,0,E087::sundargarh,2019-0331-IND,1.0,45.13813326061841,3.515544677421052,44.13813326061841,2.706554121883874,0.0,211.0,1.0,211.0,0.0,0.2361997022228373
nb2,0,E088::amritsar,2019-0331-IND,1.0,38.60424957153162,3.515544677421052,37.60424957153162,2.6634366253046675,0.0,180.0,1.0,180.0,0.0,0.2468681763680957
nb2,0,E088::bathinda,2019-0331-IND,14.0,36.73573577181202,3.515544677421052,22.735735771812017,4.540349639898737,0.0,171.0,1.0,171.0,0.0,0.2503502577894675
nb2,0,E088::faridkot,2019-0331-IND,2.0,34.58735868411103,3.515544677421052,32.58735868411103,3.0842798250209165,0.0,161.0,1.0,161.0,0.0,0.25464406662600336
nb2,0,E088::ferozepur,2019-0331-IND,1.0,40.50218467906132,3.515544677421052,39.50218467906132,2.6766481060140412,0.0,189.0,1.0,189.0,0.0,0.24354462688723086
nb2,0,E088::gurdaspur,2019-0331-IND,13.0,38.53246477823221,3.515544677421052,25.53246477823221,4.488995639875722,0.0,180.0,1.0,180.0,0.0,0.2469979530838956
nb2,0,E088::jalandhar,2019-0331-IND,0.0,38.55358415132849,3.515544677421052,38.55358415132849,1.3985299504963367,0.0,180.0,1.0,180.0,1.0,0.24695974027030335
nb2,0,E088::ludhiana,2019-0331-IND,7.0,40.55677091381977,3.515544677421052,33.55677091381977,4.02061935854558,0.0,189.0,1.0,189.0,0.0,0.24345199124337663
nb2,0,E088::mansa,2019-0331-IND,3.0,34.71262951757115,3.515544677421052,31.712629517571152,3.365888598199805,0.0,162.0,1.0,162.0,0.0,0.25438445983427577
nb2,0,E088::moga,2019-0331-IND,1.0,38.774613541115734,3.515544677421052,37.774613541115734,2.664647890813323,0.0,181.0,1.0,181.0,0.0,0.24656141032498688
nb2,0,E088::muktsar,2019-0331-IND,3.0,34.67620733166152,3.515544677421052,31.676207331661523,3.36561802123259,0.0,162.0,1.0,162.0,0.0,0.25445981665232226
nb2,0,E088::patiala,2019-0331-IND,28.0,41.6013319190723,3.515544677421052,13.601331919072301,5.150606745565121,0.0,194.0,1.0,194.0,0.0,0.24170937678414553
nb2,0,E088::sangrur,2019-0331-IND,32.0,36.37192391338789,3.515544677421052,4.371923913387889,5.266251020574959,0.0,170.0,1.0,170.0,0.0,0.25105453982235254
nb2,0,E089::bundi,2019-0331-IND,6.0,39.491163777001816,3.515544677421052,33.491163777001816,3.899405739257462,0.0,184.0,1.0,184.0,0.0,0.24528971995314
nb2,0,E089::churu,2019-0331-IND,1.0,36.11629079709348,3.515544677421052,35.11629079709348,2.645134019738708,0.0,169.0,1.0,169.0,0.0,0.2515547979428968
nb2,0,E089::dholpur,2019-0331-IND,0.0,35.54694311272192,3.515544677421052,35.54694311272192,1.3756101409840804,0.0,166.0,1.0,166.0,1.0,0.2526853750579311
nb2,0,E089::jhalawar,2019-0331-IND,0.0,43.931839884088376,3.515544677421052,43.931839884088376,1.4354213148301385,0.0,205.0,1.0,205.0,1.0,0.23801506361105124
nb2,0,E089::kota,2019-0331-IND,10.0,52.35234973725725,3.515544677421052,42.35234973725725,4.3488416729786135,0.0,244.0,1.0,244.0,0.0,0.22650065695648505
nb2,0,E089::sikar,2019-0331-IND,4.0,41.12999336686862,3.515544677421052,37.12999336686862,3.613960271017244,0.0,192.0,1.0,192.0,0.0,0.24248870694169716
nb2,0,E090::agra,2019-0331-IND,5.0,41.00093612382282,3.515544677421052,36.00093612382282,3.7745181648253507,0.0,191.0,1.0,191.0,0.0,0.24270408417876657
nb2,0,E090::ambedkar%20nagar,2019-0331-IND,2.0,39.81305662600036,3.515544677421052,37.81305662600036,3.1218567847187044,0.0,186.0,1.0,186.0,0.0,0.2447279843147654
nb2,0,E090::amroha,2019-0331-IND,0.0,42.453251960535816,3.515544677421052,42.453251960535816,1.4257466292768608,0.0,198.0,1.0,198.0,1.0,0.24032895956805334
nb2,0,E090::ayodhya,2019-0331-IND,0.0,40.743787490156265,3.515544677421052,40.743787490156265,1.4141350770234085,0.0,190.0,1.0,190.0,1.0,0.24313581628494402
nb2,0,E090::bahraich,2019-0331-IND,2.0,41.83716324397772,3.515544677421052,39.83716324397772,3.13517855308981,0.0,195.0,1.0,195.0,0.0,0.2413236593900303
nb2,0,E090::ballia,2019-0331-IND,0.0,40.72244952122548,3.515544677421052,40.72244952122548,1.4139871012751948,0.0,190.0,1.0,190.0,1.0,0.24317179715135848
nb2,0,E090::balrampur,2019-0331-IND,3.0,38.655725156615006,3.515544677421052,35.655725156615006,3.393768828998298,0.0,180.0,1.0,180.0,0.0,0.24677530510056603
nb2,0,E090::banda,2019-0331-IND,0.0,37.104461771480366,3.515544677421052,37.104461771480366,1.3877134634645232,0.0,173.0,1.0,173.0,1.0,0.24964547602623954
nb2,0,E090::barabanki,2019-0331-IND,5.0,39.56119182148375,3.515544677421052,34.56119182148375,3.765674973386182,0.0,185.0,1.0,185.0,0.0,0.24516701809107413
nb2,0,E090::farrukhabad,2019-0331-IND,0.0,39.53302298705122,3.515544677421052,39.53302298705122,1.4056144307955927,0.0,184.0,1.0,184.0,1.0,0.24521634168385695
nb2,0,E090::ghazipur,2019-0331-IND,0.0,42.02128559500981,3.515544677421052,42.02128559500981,1.4228569461287588,0.0,196.0,1.0,196.0,1.0,0.2410244384854188
nb2,0,E090::gonda,2019-0331-IND,3.0,40.81407457815636,3.515544677421052,37.81407457815636,3.4079546261346394,0.0,190.0,1.0,190.0,0.0,0.2430174653923189
nb2,0,E090::hamirpur,2019-0331-IND,0.0,34.446434769762035,3.515544677421052,34.446434769762035,1.3667366742310603,0.0,161.0,1.0,161.0,1.0,0.25493754784496625
nb2,0,E090::jalaun,2019-0331-IND,0.0,36.34251121289091,3.515544677421052,36.34251121289091,1.381856741178176,0.0,170.0,1.0,170.0,1.0,0.25111187018946934
nb2,0,E090::kanpur%20dehat,2019-0331-IND,0.0,36.35399307120984,3.515544677421052,36.35399307120984,1.3819458971831189,0.0,170.0,1.0,170.0,1.0,0.251089483056318
nb2,0,E090::kanpur%20nagar,2019-0331-IND,1.0,42.61644609154806,3.515544677421052,41.61644609154806,2.690677707727622,0.0,199.0,1.0,199.0,0.0,0.2400685580008957
nb2,0,E090::kushinagar,2019-0331-IND,1.0,42.0200542411623,3.515544677421052,41.0200542411623,2.6867897376989642,0.0,196.0,1.0,196.0,0.0,0.2410264340242709
nb2,0,E090::lakhimpur%20kheri,2019-0331-IND,1.0,42.14636718667182,3.515544677421052,41.14636718667182,2.687617635181668,0.0,197.0,1.0,197.0,0.0,0.24082211838799972
nb2,0,E090::mirzapur,2019-0331-IND,1.0,39.17119114038908,3.515544677421052,38.17119114038908,2.667447704172305,0.0,183.0,1.0,183.0,0.0,0.24585392162585004
nb2,0,E090::pilibhit,2019-0331-IND,1.0,39.53883487926915,3.515544677421052,38.53883487926915,2.6700188801563463,0.0,184.0,1.0,184.0,0.0,0.24520616139910004
nb2,0,E090::prayagraj,2019-0331-IND,5.0,42.44353268777006,3.515544677421052,37.44353268777006,3.783116736998502,0.0,198.0,1.0,198.0,0.0,0.24034450846251898
nb2,0,E090::sitapur,2019-0331-IND,1.0,44.6389761543675,3.515544677421052,43.6389761543675,2.7034809594100335,0.0,208.0,1.0,208.0,0.0,0.23694328980167387
nb2,0,E090::varanasi,2019-0331-IND,3.0,43.32462750586397,3.515544677421052,40.32462750586397,3.4236171667643998,0.0,202.0,1.0,202.0,0.0,0.2389531088214727
nb2,0,E091::almora,2019-0331-IND,0.0,41.03834816940286,3.515544677421052,41.03834816940286,1.4161699857003847,0.0,191.0,1.0,191.0,1.0,0.242641560156298
nb2,0,E091::chamoli,2019-0331-IND,20.0,37.43303647179017,3.515544677421052,17.433036471790167,4.842094336347028,0.0,175.0,1.0,175.0,0.0,0.24902492044517505
nb2,0,E091::champawat,2019-0331-IND,0.0,38.38914335562084,3.515544677421052,38.38914335562084,1.397323024258025,0.0,179.0,1.0,179.0,1.0,0.24725798240256625
nb2,0,E091::dehradun,2019-0331-IND,0.0,43.256810855047185,3.515544677421052,43.256810855047185,1.4310452486018421,0.0,202.0,1.0,202.0,1.0,0.2390589156096752
nb2,0,E091::haridwar,2019-0331-IND,1.0,43.77718783978262,3.515544677421052,42.77718783978262,2.698095818051781,0.0,204.0,1.0,204.0,0.0,0.238252398849696
nb2,0,E091::nainital,2019-0331-IND,0.0,42.16614925300116,3.515544677421052,42.16614925300116,1.4238293016101462,0.0,197.0,1.0,197.0,1.0,0.24079019095590012
nb2,0,E091::pithoragarh,2019-0331-IND,0.0,39.56109708162495,3.515544677421052,39.56109708162495,1.4058149178677806,0.0,185.0,1.0,185.0,1.0,0.24516718390537443
nb2,0,E091::rudraprayag,2019-0331-IND,0.0,39.48265410397468,3.515544677421052,39.48265410397468,1.4052543741513202,0.0,184.0,1.0,184.0,1.0,0.24530464935389215
nb2,0,E091::udham%20singh%20nagar,2019-0331-IND,0.0,37.18431708501243,3.515544677421052,37.18431708501243,1.388320346489999,0.0,174.0,1.0,174.0,1.0,0.24949401638824284
nb2,0,E091::uttarkashi,2019-0331-IND,2.0,37.63123270824855,3.515544677421052,35.63123270824855,3.1067643796195963,0.0,176.0,1.0,176.0,0.0,0.24865394890953404
nb2,0,E092::birbhum,2019-0331-IND,1.0,39.10015702676768,3.515544677421052,38.10015702676768,2.666948227664385,0.0,182.0,1.0,182.0,0.0,0.24597997222463988
nb2,0,E092::cooch%20behar,2019-0331-IND,1.0,38.136480188303295,3.515544677421052,37.136480188303295,2.6600841006142635,0.0,178.0,1.0,178.0,0.0,0.24771941957342586
nb2,0,E092::howrah,2019-0331-IND,0.0,47.90228035914084,3.515544677421052,47.90228035914084,1.4598813672356108,0.0,223.0,1.0,223.0,1.0,0.23226382719530167
nb2,0,E092::jalpaiguri,2019-0331-IND,6.0,39.76683364407549,3.515544677421052,33.76683364407549,3.9010729072026202,0.0,186.0,1.0,186.0,0.0,0.2448082912920041
nb2,0,E092::kolkata,2019-0331-IND,0.0,57.89869262294937,3.515544677421052,57.89869262294937,1.5135037790268908,0.0,270.0,1.0,270.0,1.0,0.22013731262653377
nb2,0,E092::malda,2019-0331-IND,0.0,40.28796459701367,3.515544677421052,40.28796459701367,1.4109571465953104,0.0,188.0,1.0,188.0,1.0,0.24390971403897188
nb2,0,E092::murshidabad,2019-0331-IND,0.0,43.16374180309319,3.515544677421052,43.16374180309319,1.4304365865549824,0.0,201.0,1.0,201.0,1.0,0.23920446598957282
nb2,0,E092::nadia,2019-0331-IND,0.0,47.96067083945782,3.515544677421052,47.96067083945782,1.4602258432299893,0.0,224.0,1.0,224.0,1.0,0.23218383166153192
nb2,0,E092::north%2024%20parganas,2019-0331-IND,0.0,49.91425706926594,3.515544677421052,49.91425706926594,1.4715170010679663,0.0,233.0,1.0,233.0,1.0,0.22957695240928028
nb2,0,E093::alappuzha,2019-0383-IND,43.0,43.04868053685964,3.515544677421052,0.04868053685964213,5.558359098769372,0.0,201.0,1.0,201.0,0.0,0.2393849644872818
nb2,0,E093::ernakulam,2019-0383-IND,48.0,49.936724440993835,3.515544677421052,1.9367244409938351,5.6682332813634435,0.0,233.0,1.0,233.0,0.0,0.22954773305682757
nb2,0,E093::idukki,2019-0383-IND,48.0,45.26262441979568,3.515544677421052,2.737375580204322,5.66851197969436,0.0,211.0,1.0,211.0,0.0,0.23601588344002997
nb2,0,E093::kannur,2019-0383-IND,72.0,51.509605048957404,3.515544677421052,20.490394951042596,6.090294940627448,0.0,240.0,1.0,240.0,0.0,0.22754292823664285
nb2,0,E093::kasaragod,2019-0383-IND,11.0,47.044500815990894,3.515544677421052,36.044500815990894,4.397992093948163,0.0,219.0,1.0,219.0,0.0,0.23345353836871102
nb2,0,E093::kottayam,2019-0383-IND,21.0,43.928543889027154,3.515544677421052,22.928543889027154,4.9060990631441985,0.0,205.0,1.0,205.0,0.0,0.23802011065234546
nb2,0,E093::kozhikode,2019-0383-IND,192.0,53.139311507358045,3.515544677421052,138.86068849264194,7.428564425703178,0.0,248.0,1.0,248.0,0.0,0.2255465475046301
nb2,0,E093::malappuram,2019-0383-IND,322.0,51.52491264220543,3.515544677421052,270.47508735779456,8.537339734937198,0.0,240.0,0.0,240.0,0.0,0.2275238026268448
nb2,0,E093::pathanamthitta,2019-0383-IND,11.0,45.394595171243076,3.515544677421052,34.394595171243076,4.390301655438547,0.0,212.0,1.0,212.0,0.0,0.23582172392058687
nb2,0,E093::thrissur,2019-0383-IND,30.0,47.249327963859315,3.515544677421052,17.249327963859315,5.224977619633149,0.0,220.0,1.0,220.0,0.0,0.23316694661151413
nb2,0,E093::wayanad,2019-0383-IND,422.0,43.99790159591205,3.515544677421052,378.002098404088,9.632865125572943,0.0,205.0,0.0,205.0,0.0,0.23791400742676597
nb2,0,E094::kolhapur,2019-0383-IND,470.0,57.2976666327791,3.515544677421052,412.7023333672209,9.392652186772377,0.0,267.0,0.0,267.0,0.0,0.22078847824867937
nb2,0,E094::sangli,2019-0383-IND,439.0,44.237495529608154,3.515544677421052,394.76250447039183,9.756930295520721,0.0,206.0,0.0,206.0,0.0,0.2375491131842965
nb2,0,E095::balangir,2019-0383-IND,11.0,41.568274823161886,3.515544677421052,30.568274823161886,4.3717205471585,0.0,194.0,1.0,194.0,0.0,0.24176366669639407
nb2,0,E095::kalahandi,2019-0383-IND,50.0,42.11402312368609,3.515544677421052,7.8859768763139115,5.713130577908059,0.0,196.0,1.0,196.0,0.0,0.2408743615676352
nb2,0,E095::kandhamal,2019-0383-IND,26.0,39.38757208282543,3.515544677421052,13.387572082825429,5.078707667869775,0.0,184.0,1.0,184.0,0.0,0.24547174116543802
nb2,0,E095::nuapada,2019-0383-IND,3.0,39.244802882491676,3.515544677421052,36.244802882491676,3.397710750199783,0.0,183.0,1.0,183.0,0.0,0.24572360418009284
nb2,0,E095::subarnapur,2019-0383-IND,14.0,36.86750923974743,3.515544677421052,22.867509239747427,4.540975854477946,0.0,172.0,1.0,172.0,0.0,0.2500973550427156
nb2,0,E096::birbhum,2019-0383-IND,0.0,39.09550636777085,3.515544677421052,39.09550636777085,1.4024715692352379,0.0,182.0,1.0,182.0,1.0,0.2459882350397148
nb2,0,E096::nadia,2019-0383-IND,0.0,47.35958188060084,3.515544677421052,47.35958188060084,1.4566595888037854,0.0,221.0,1.0,221.0,1.0,0.23301333651241243
nb2,0,E097::belagavi,2019-0499-IND,61.0,45.238769057148666,3.515544677421052,15.761230942851334,5.921050769670096,0.0,211.0,1.0,211.0,0.0,0.23605105731803827
nb2,0,E097::gadag,2019-0499-IND,24.0,38.55794251554661,3.515544677421052,14.557942515546607,5.005060126285438,0.0,180.0,1.0,180.0,0.0,0.24695185768805947
nb2,0,E097::koppal,2019-0499-IND,10.0,40.676815788671234,3.515544677421052,30.676815788671234,4.293003883219463,0.0,190.0,1.0,190.0,0.0,0.24324882719943838
nb2,0,E098::alappuzha,2019-0499-IND,9.0,43.614882498553676,3.515544677421052,34.614882498553676,4.2272845957977365,0.0,203.0,1.0,203.0,0.0,0.23850263261316215
nb2,0,E098::ernakulam,2019-0499-IND,40.0,48.82965009448178,3.515544677421052,8.829650094481778,5.491553823563199,0.0,228.0,1.0,228.0,0.0,0.2310078216650007
nb2,0,E098::kannur,2019-0499-IND,1.0,50.01606900154539,3.515544677421052,49.01606900154539,2.7349588854288407,0.0,233.0,1.0,233.0,0.0,0.22944467775946342
nb2,0,E098::kasaragod,2019-0499-IND,0.0,45.37495025679422,3.515544677421052,45.37495025679422,1.4445568081058011,0.0,212.0,1.0,212.0,1.0,0.23585058046201382
nb2,0,E098::kollam,2019-0499-IND,0.0,51.172605742505,3.515544677421052,51.172605742505,1.4785595284053816,0.0,239.0,1.0,239.0,1.0,0.22796583029060197
nb2,0,E098::kottayam,2019-0499-IND,2.0,43.31010608273199,3.515544677421052,41.31010608273199,3.1444961127917725,0.0,202.0,1.0,202.0,0.0,0.2389757471951567
nb2,0,E098::palakkad,2019-0499-IND,1.0,45.204974835539346,3.515544677421052,44.204974835539346,2.7069631380844905,0.0,211.0,1.0,211.0,0.0,0.2361009262334929
nb2,0,E098::thiruvananthapuram,2019-0499-IND,2.0,53.763511608437355,3.515544677421052,51.763511608437355,3.2030969378082945,0.0,251.0,1.0,251.0,0.0,0.22480251699134002
nb2,0,E098::thrissur,2019-0499-IND,1.0,45.96135903548428,3.515544677421052,44.96135903548428,2.711551096338388,0.0,214.0,1.0,214.0,0.0,0.2349960008202204
nb2,0,E139::bongaigaon,2021-0366-IND,3.0,35.429781868009144,3.515544677421052,32.429781868009144,3.3711649841944693,0.0,165.0,1.0,165.0,0.0,0.2529208914105518
nb2,0,E139::chirang,2021-0366-IND,0.0,35.81397270046173,3.515544677421052,35.81397270046173,1.3777221209532264,0.0,167.0,1.0,167.0,1.0,0.2521522717572161
nb2,0,E139::dhemaji,2021-0366-IND,3.0,35.86954019866567,3.515544677421052,32.86954019866567,3.374353159703263,0.0,167.0,1.0,167.0,0.0,0.25204197218752566
nb2,0,E139::dibrugarh,2021-0366-IND,3.0,39.0496196747039,3.515544677421052,36.0496196747039,3.39641064214039,0.0,182.0,1.0,182.0,0.0,0.24606982907296404
nb2,0,E160::baksa,2023-0330-IND,143.0,36.27048625563468,3.515544677421052,106.72951374436532,7.202057363539783,0.0,169.0,1.0,169.0,0.0,0.25125250915955194
nb2,0,E160::barpeta,2023-0330-IND,181.0,36.01000790059843,3.515544677421052,144.98999209940158,7.675534335037707,0.0,168.0,0.0,168.0,0.0,0.2517641168973713
nb2,0,E160::lakhimpur,2023-0330-IND,163.0,35.511162129529275,3.515544677421052,127.48883787047072,7.47302548341694,0.0,166.0,1.0,166.0,0.0,0.252757196594933
nb2,0,E160::nalbari,2023-0330-IND,218.0,34.08234783641334,3.515544677421052,183.91765216358667,8.180740055955502,0.0,159.0,0.0,159.0,0.0,0.2557029116031417
nb2,0,E161::mangan,2023-0330-IND,0.0,27.169635927846535,3.515544677421052,27.169635927846535,1.2998581817756547,0.0,127.0,1.0,127.0,1.0,0.27257044574974326
nb2,0,E184::kullu,2024-0561-IND,203.0,37.900014696144105,3.515544677421052,165.0999853038559,7.865738481277246,0.0,177.0,0.0,177.0,0.0,0.24815481974864878
nb2,0,E184::mandi,2024-0561-IND,176.0,45.28564467133128,3.515544677421052,130.71435532866872,7.398146005425145,0.0,211.0,1.0,211.0,0.0,0.23598196333082003
nb2,0,E184::shimla,2024-0561-IND,204.0,43.6370075156758,3.515544677421052,160.3629924843242,7.716654459630384,0.0,204.0,1.0,204.0,0.0,0.23846845153915244
nb2,0,E185::dhalai,2024-0624-IND,9.0,36.316813677294874,3.515544677421052,27.316813677294874,4.187278185855211,0.0,169.0,1.0,169.0,0.0,0.25116200748977696
nb2,0,E185::north%20tripura,2024-0624-IND,9.0,39.63836504781113,3.515544677421052,30.638365047811128,4.206124065205925,0.0,185.0,1.0,185.0,0.0,0.24503211698840466
nb2,0,E185::south%20tripura,2024-0624-IND,69.0,36.35464633810189,3.515544677421052,32.64535366189811,6.10270461218868,0.0,170.0,1.0,170.0,0.0,0.2510882095985265
nb2,0,E185::west%20tripura,2024-0624-IND,47.0,39.946512392498185,3.515544677421052,7.053487607501815,5.650970900286262,0.0,186.0,1.0,186.0,0.0,0.24449678633865868
poisson,0,E025::chittoor,2015-0504-IND,103.0,53.92339653493811,,49.07660346506189,20.8184553649523,42.0,66.0,0.0,24.0,0.0,3.813874863724156e-24
poisson,0,E026::puducherry,2015-0504-IND,182.0,55.50229574099141,,126.4977042590086,93.16367454361026,44.0,68.0,0.0,24.0,0.0,7.864284689933936e-25
poisson,0,E027::chennai,2015-0504-IND,3291.0,77.28184846364297,,3213.7181515363573,9137.396109861404,63.0,92.0,0.0,29.0,0.0,2.7347627826255346e-34
poisson,0,E027::cuddalore,2015-0504-IND,388.0,44.06670568094204,,343.93329431905795,503.983078085231,33.0,55.0,0.0,22.0,0.0,7.279019571821529e-20
poisson,0,E027::kancheepuram,2015-0504-IND,214.0,45.31637609957877,,168.68362390042122,167.11250658341103,35.0,57.0,0.0,22.0,0.0,2.086161470416481e-20
poisson,0,E027::nagapattinam,2015-0504-IND,39.0,38.77680570038481,,0.22319429961518722,2.753497171537205,29.0,49.0,1.0,20.0,0.0,1.4436012800803396e-17
poisson,0,E027::thiruvallur,2015-0504-IND,104.0,51.834949284846175,,52.165050715153825,23.494817746526394,40.0,64.0,0.0,24.0,0.0,3.0787013055335684e-23
poisson,0,E027::thiruvarur,2015-0504-IND,0.0,41.622964728758916,,41.622964728758916,41.622964728758916,31.0,53.0,0.0,22.0,1.0,8.382548943629942e-19
poisson,0,E037::golaghat,2016-0554-IND,89.0,42.802857074186235,,46.197142925813765,22.117854979833552,32.0,54.0,0.0,22.0,0.0,2.5760563749820275e-19
poisson,0,E037::jorhat,2016-0554-IND,109.0,60.19820216652014,,48.80179783347986,19.177467187406513,48.0,73.0,0.0,25.0,0.0,7.182125316329471e-27
poisson,0,E079::amritsar,2018-0372-IND,14.0,44.277703441498616,,30.277703441498616,16.402187235808515,34.0,55.0,0.0,21.0,0.0,5.894374481685734e-20
poisson,0,E079::faridkot,2018-0372-IND,0.0,38.68641226324915,,38.68641226324915,38.68641226324915,29.0,49.0,0.0,20.0,1.0,1.5801729730325412e-17
poisson,0,E079::ferozepur,2018-0372-IND,1.0,37.16847780954817,,36.16847780954817,33.553016778201645,27.0,47.0,0.0,20.0,0.0,7.209998702587633e-17
poisson,0,E079::hoshiarpur,2018-0372-IND,5.0,43.373146039936394,,38.373146039936394,29.31143530892641,33.0,54.0,0.0,21.0,0.0,1.4564044997460242e-19
poisson,0,E079::jalandhar,2018-0372-IND,3.0,43.33585176521371,,40.33585176521371,33.82067040116931,33.0,54.0,0.0,21.0,0.0,1.511745587967044e-19
poisson,0,E079::ludhiana,2018-0372-IND,3.0,44.14692012041842,,41.14692012041842,34.57611009413724,34.0,55.0,0.0,21.0,0.0,6.717941206151197e-20
poisson,0,E079::moga,2018-0372-IND,2.0,33.0668619308495,,31.066861930849498,26.76294584986524,24.0,43.0,0.0,19.0,0.0,4.357569570871533e-15
poisson,0,E079::muktsar,2018-0372-IND,0.0,37.59063816143847,,37.59063816143847,37.59063816143847,28.0,48.0,0.0,20.0,1.0,4.727083515715564e-17
poisson,0,E079::tarn%20taran,2018-0372-IND,5.0,40.46359864557737,,35.46359864557737,26.749076532979615,30.0,51.0,0.0,21.0,0.0,2.6722826394443893e-18
poisson,0,E081::baksa,2019-0331-IND,104.0,32.096392209075816,,71.90360779092418,53.60564329793431,23.0,42.0,0.0,19.0,0.0,1.1500427238291148e-14
poisson,0,E081::barpeta,2019-0331-IND,238.0,33.49699499850528,,204.50300500149473,265.8263748238416,24.0,43.0,0.0,19.0,0.0,2.834261463118496e-15
poisson,0,E081::biswanath,2019-0331-IND,64.0,33.600696814379354,,30.399303185620646,13.837900759272493,24.0,43.0,0.0,19.0,0.0,2.5550698977734073e-15
poisson,0,E081::bongaigaon,2019-0331-IND,69.0,32.4677851347583,,36.5322148652417,18.521195851006993,23.0,42.0,0.0,19.0,0.0,7.932682573960175e-15
poisson,0,E081::cachar,2019-0331-IND,55.0,35.83772258937119,,19.16227741062881,7.320110713257598,26.0,46.0,0.0,20.0,0.0,2.7281913992448133e-16
poisson,0,E081::charaideo,2019-0331-IND,5.0,34.600960807128935,,29.600960807128935,21.669045296559517,25.0,45.0,0.0,20.0,0.0,9.397095768837643e-16
poisson,0,E081::chirang,2019-0331-IND,85.0,33.50584294320042,,51.49415705679958,30.776257907797387,24.0,43.0,0.0,19.0,0.0,2.8092946896358664e-15
poisson,0,E081::darrang,2019-0331-IND,71.0,32.26841453413698,,38.73158546586302,20.309827951802276,23.0,42.0,0.0,19.0,0.0,9.682904043342825e-15
poisson,0,E081::dhemaji,2019-0331-IND,104.0,30.55257562651312,,73.44742437348688,57.188469374676544,22.0,40.0,0.0,18.0,0.0,5.38499119442917e-14
poisson,0,E081::dhubri,2019-0331-IND,181.0,35.72754364476754,,145.27245635523246,151.9322858800113,26.0,46.0,0.0,20.0,0.0,3.0459652412695294e-16
poisson,0,E081::dibrugarh,2019-0331-IND,66.0,34.313089791929,,31.686910208070998,14.500555361274763,25.0,44.0,0.0,19.0,0.0,1.2531828599576773e-15
poisson,0,E081::goalpara,2019-0331-IND,107.0,34.10175241157376,,72.89824758842624,52.710250716224586,25.0,44.0,0.0,19.0,0.0,1.5480932050520357e-15
poisson,0,E081::golaghat,2019-0331-IND,157.0,35.78182989092126,,121.21817010907874,114.40189907165087,26.0,46.0,0.0,20.0,0.0,2.8850193209772324e-16
poisson,0,E081::hailakandi,2019-0331-IND,27.0,34.419272145389144,,7.419272145389144,3.4341613765686674,25.0,44.0,1.0,19.0,0.0,1.1269380330044778e-15
poisson,0,E081::hojai,2019-0331-IND,30.0,33.43365086507756,,3.43365086507756,2.8050001024689166,24.0,43.0,1.0,19.0,0.0,3.0196034953393768e-15
poisson,0,E081::jorhat,2019-0331-IND,145.0,36.65836920252602,,108.34163079747398,94.45458719896052,27.0,47.0,0.0,20.0,0.0,1.20080514428817e-16
poisson,0,E081::kamrup,2019-0331-IND,129.0,33.0018310608133,,95.9981689391867,83.21048893861082,24.0,43.0,0.0,19.0,0.0,4.6503632466034784e-15
poisson,0,E081::kamrup%20metropolitan,2019-0331-IND,0.0,39.01796649292842,,39.01796649292842,39.01796649292842,29.0,50.0,0.0,21.0,1.0,1.1342595826477265e-17
poisson,0,E081::karbi%20anglong,2019-0331-IND,57.0,36.1837918379043,,20.8162081620957,8.028797325819035,27.0,46.0,0.0,19.0,0.0,1.9300958212500186e-16
poisson,0,E081::karimganj,2019-0331-IND,45.0,35.71739855718149,,9.28260144281851,3.937625588866034,26.0,46.0,1.0,20.0,0.0,3.077024106491956e-16
poisson,0,E081::kokrajhar,2019-0331-IND,77.0,33.591757452419806,,43.408242547580194,23.557082756463096,24.0,43.0,0.0,19.0,0.0,2.5780129879293885e-15
poisson,0,E081::lakhimpur,2019-0331-IND,104.0,33.27723254287777,,70.72276745712223,51.02898191993428,24.0,43.0,0.0,19.0,0.0,3.5308684200426936e-15
poisson,0,E081::majuli,2019-0331-IND,55.0,29.381641997418157,,25.618358002581843,11.788734285788351,21.0,39.0,0.0,18.0,0.0,1.7366608391304047e-13
poisson,0,E081::morigaon,2019-0331-IND,253.0,31.862851256780477,,221.1371487432195,306.75183373534196,23.0,41.0,0.0,18.0,0.0,1.4525781980121104e-14
poisson,0,E081::nagaon,2019-0331-IND,141.0,36.225774187143024,,104.77422581285697,90.23713702023343,27.0,46.0,0.0,19.0,0.0,1.850743223344399e-16
poisson,0,E081::nalbari,2019-0331-IND,121.0,31.06751892206309,,89.93248107793691,77.89999069188435,22.0,41.0,0.0,19.0,0.0,3.217717894435942e-14
poisson,0,E081::sivasagar,2019-0331-IND,31.0,34.140689787090096,,3.1406897870900963,2.787725763919809,25.0,44.0,1.0,19.0,0.0,1.488972981027912e-15
poisson,0,E081::sonitpur,2019-0331-IND,111.0,35.818347426385856,,75.18165257361414,53.641565287067976,26.0,46.0,0.0,20.0,0.0,2.7815659528885265e-16
poisson,0,E081::south%20salmara,2019-0331-IND,58.0,33.19802242382139,,24.801977576178608,10.509875942518967,24.0,43.0,0.0,19.0,0.0,3.821924039541421e-15
poisson,0,E081::tinsukia,2019-0331-IND,32.0,36.290616997637905,,4.290616997637905,2.9186813195364394,27.0,46.0,1.0,19.0,0.0,1.7345438883297684e-16
poisson,0,E081::udalguri,2019-0331-IND,51.0,35.46780289557939,,15.53219710442061,5.877503943032515,26.0,46.0,0.0,20.0,0.0,3.9493799516495405e-16
poisson,0,E081::west%20karbi%20anglong,2019-0331-IND,4.0,34.383857753453945,,30.383857753453945,23.411562772228294,25.0,44.0,0.0,19.0,0.0,1.1675629660187668e-15
poisson,0,E082::araria,2019-0331-IND,196.0,34.88483385208856,,161.11516614791145,180.75150186284037,25.0,45.0,0.0,20.0,0.0,7.074718366035228e-16
poisson,0,E082::darbhanga,2019-0331-IND,248.0,37.42156904988684,,210.57843095011316,262.1105688405308,28.0,48.0,0.0,20.0,0.0,5.597821650105872e-17
poisson,0,E082::east%20champaran,2019-0331-IND,126.0,37.2167800410488,,88.78321995895121,68.21431444856407,27.0,48.0,0.0,21.0,0.0,6.870016718960332e-17
poisson,0,E082::katihar,2019-0331-IND,107.0,35.991574072927406,,71.0084259270726,48.8289113688469,26.0,46.0,0.0,20.0,0.0,2.3391495309102946e-16
poisson,0,E082::kishanganj,2019-0331-IND,148.0,33.21994823731482,,114.78005176268519,109.75919167787205,24.0,43.0,0.0,19.0,0.0,3.7390372466112506e-15
poisson,0,E082::madhubani,2019-0331-IND,240.0,37.344760320110815,,202.65523967988918,247.51147934779954,28.0,48.0,0.0,20.0,0.0,6.044726631461044e-17
poisson,0,E082::muzaffarpur,2019-0331-IND,178.0,40.20396439584852,,137.79603560415148,130.54585667217577,30.0,51.0,0.0,21.0,0.0,3.4644963829218456e-18
poisson,0,E082::purnia,2019-0331-IND,30.0,36.51575982473339,,6.5157598247333866,3.2416778709606646,27.0,47.0,1.0,20.0,0.0,1.3848636168072567e-16
poisson,0,E082::saharsa,2019-0331-IND,94.0,36.39986392265597,,57.60013607734403,34.77193249462373,27.0,47.0,0.0,20.0,0.0,1.5550342408822994e-16
poisson,0,E082::sheohar,2019-0331-IND,149.0,32.82054259447368,,116.17945740552632,112.66287507391387,24.0,43.0,0.0,19.0,0.0,5.574673777776195e-15
poisson,0,E082::sitamarhi,2019-0331-IND,271.0,36.84849191764158,,234.15150808235842,310.29621604577073,27.0,47.0,0.0,20.0,0.0,9.928949314627142e-17
poisson,0,E082::supaul,2019-0331-IND,151.0,35.89073804038276,,115.10926195961724,105.27575412209728,26.0,46.0,0.0,20.0,0.0,2.5873222162155596e-16
poisson,0,E084::bagalkot,2019-0331-IND,129.0,33.86096847326573,,95.13903152673427,80.7543351282998,25.0,44.0,0.0,19.0,0.0,1.9695555765608063e-15
poisson,0,E084::belagavi,2019-0331-IND,376.0,37.19051509741686,,338.8094849025831,534.9637746389076,27.0,47.0,0.0,20.0,0.0,7.052847834971126e-17
poisson,0,E084::chikkamagaluru,2019-0331-IND,68.0,37.96127387359819,,30.038726126401812,12.631191551229946,28.0,48.0,0.0,20.0,0.0,3.263083826533263e-17
poisson,0,E084::dakshina%20kannada,2019-0331-IND,166.0,49.207245715434674,,116.79275428456532,88.52986639063766,38.0,61.0,0.0,23.0,0.0,4.261521816609561e-22
poisson,0,E084::hassan,2019-0331-IND,49.0,43.4877162327109,,5.512283767289098,3.2020130537453824,33.0,55.0,1.0,22.0,0.0,1.2987477541315768e-19
poisson,0,E084::haveri,2019-0331-IND,42.0,39.089670375642385,,2.9103296243576153,2.8955053878551382,29.0,50.0,1.0,21.0,0.0,1.0557761728150569e-17
poisson,0,E084::kodagu,2019-0331-IND,186.0,41.50740186456957,,144.49259813543043,138.01639394371577,31.0,52.0,0.0,21.0,0.0,9.409453753310577e-19
poisson,0,E084::raichur,2019-0331-IND,150.0,36.04648884008551,,113.95351115991448,103.34517538332076,26.0,46.0,0.0,20.0,0.0,2.214159000870707e-16
poisson,0,E084::shivamogga,2019-0331-IND,103.0,41.4900444551934,,61.5099555448066,35.38253123048973,31.0,52.0,0.0,21.0,0.0,9.574203169359151e-19
poisson,0,E084::udupi,2019-0331-IND,79.0,42.486630684770724,,36.513369315229276,15.591761444578374,32.0,53.0,0.0,21.0,0.0,3.5341968783284923e-19
poisson,0,E084::uttara%20kannada,2019-0331-IND,125.0,45.727194126259754,,79.27280587374025,49.76352605726533,35.0,57.0,0.0,22.0,0.0,1.3833495018923728e-20
poisson,0,E084::vijayapura,2019-0331-IND,103.0,31.630355666927013,,71.36964433307298,53.4704735091031,23.0,41.0,0.0,18.0,0.0,1.8327831068532192e-14
poisson,0,E084::yadgir,2019-0331-IND,73.0,36.939481226263865,,36.060518773736135,16.73082226718472,27.0,47.0,0.0,20.0,0.0,9.065403496010523e-17
poisson,0,E085::alappuzha,2019-0331-IND,35.0,49.975866328492316,,14.975866328492316,5.208134390600762,39.0,62.0,0.0,23.0,0.0,1.9758638939564803e-22
poisson,0,E085::ernakulam,2019-0331-IND,107.0,55.382953166212175,,51.617046833787825,22.10468314310718,43.0,68.0,0.0,25.0,0.0,8.861128782933291e-25
poisson,0,E085::idukki,2019-0331-IND,167.0,54.760964482770405,,112.2390355172296,77.44710419748502,43.0,67.0,0.0,24.0,0.0,1.6504991364183227e-24
poisson,0,E085::kannur,2019-0331-IND,171.0,52.977541891855275,,118.02245810814472,85.8448250120289,41.0,65.0,0.0,24.0,0.0,9.820777947993286e-24
poisson,0,E085::kasaragod,2019-0331-IND,71.0,47.9116372889715,,23.088362711028502,7.888912586982208,37.0,60.0,0.0,23.0,0.0,1.5568268261584918e-21
poisson,0,E085::kollam,2019-0331-IND,3.0,62.07202051590498,,59.07202051590498,51.47889398880466,49.0,75.0,0.0,26.0,0.0,1.102716846243923e-27
poisson,0,E085::kottayam,2019-0331-IND,36.0,50.89982018256922,,14.899820182569222,5.1445766562262705,39.0,63.0,0.0,24.0,0.0,7.843121897349722e-23
poisson,0,E085::kozhikode,2019-0331-IND,210.0,53.53597766608328,,156.46402233391672,134.14712763839447,42.0,66.0,0.0,24.0,0.0,5.6184991089509185e-24
poisson,0,E085::malappuram,2019-0331-IND,286.0,51.44872986217984,,234.55127013782015,259.8020818811959,40.0,64.0,0.0,24.0,0.0,4.53002417752738e-23
poisson,0,E085::palakkad,2019-0331-IND,72.0,52.26546847480431,,19.734531525195692,6.387673640110663,41.0,64.0,0.0,23.0,0.0,2.0016836752907317e-23
poisson,0,E085::thiruvananthapuram,2019-0331-IND,15.0,65.23604830146968,,50.23604830146968,30.46513662222555,52.0,79.0,0.0,27.0,0.0,4.659552415541832e-29
poisson,0,E085::thrissur,2019-0331-IND,52.0,47.84395344783984,,4.156046552160163,3.071663001151549,37.0,59.0,1.0,22.0,0.0,1.665846670566155e-21
poisson,0,E085::wayanad,2019-0331-IND,388.0,49.73454091514145,,338.26545908485855,462.7047928509519,38.0,62.0,0.0,24.0,0.0,2.515146697125438e-22
poisson,0,E086::ahilyanagar,2019-0331-IND,0.0,51.47358161269276,,51.47358161269276,51.47358161269276,40.0,64.0,0.0,24.0,1.0,4.4188325231695355e-23
poisson,0,E086::amravati,2019-0331-IND,2.0,41.48118335833968,,39.48118335833968,34.72385071617599,31.0,52.0,0.0,21.0,0.0,9.65941810224474e-19
poisson,0,E086::aurangabad,2019-0331-IND,2.0,42.33437761105524,,40.33437761105524,35.536325860687356,32.0,53.0,0.0,21.0,0.0,4.1154128445144707e-19
poisson,0,E086::bhandara,2019-0331-IND,0.0,40.52054920373351,,40.52054920373351,40.52054920373351,30.0,51.0,0.0,21.0,1.0,2.52434713818202e-18
poisson,0,E086::buldhana,2019-0331-IND,1.0,44.05238457386164,,43.05238457386164,40.26700508959928,33.0,55.0,0.0,22.0,0.0,7.384013208649282e-20
poisson,0,E086::dhule,2019-0331-IND,3.0,61.08395881428827,,58.08395881428827,50.538970407985595,49.0,74.0,0.0,25.0,0.0,2.96192293185189e-27
poisson,0,E086::gadchiroli,2019-0331-IND,10.0,42.95742763779221,,32.95742763779221,20.45974450756389,32.0,54.0,0.0,22.0,0.0,2.2071213923552444e-19
poisson,0,E086::gondia,2019-0331-IND,0.0,43.9661569943795,,43.9661569943795,43.9661569943795,33.0,55.0,0.0,22.0,1.0,8.048975896418703e-20
poisson,0,E086::hingoli,2019-0331-IND,2.0,41.31110398386149,,39.31110398386149,34.56198851357165,31.0,52.0,0.0,21.0,0.0,1.1450263960180228e-18
poisson,0,E086::kolhapur,2019-0331-IND,460.0,61.85154508784798,,398.14845491215203,528.821406508583,49.0,75.0,0.0,26.0,0.0,1.3747232291840288e-27
poisson,0,E086::latur,2019-0331-IND,0.0,37.21563839527384,,37.21563839527384,37.21563839527384,27.0,48.0,0.0,21.0,1.0,6.877864323261217e-17
poisson,0,E086::nagpur,2019-0331-IND,0.0,45.94673877453815,,45.94673877453815,45.94673877453815,35.0,57.0,0.0,22.0,1.0,1.1106696096110072e-20
poisson,0,E086::nandurbar,2019-0331-IND,4.0,53.249203614891364,,49.249203614891364,40.52732604968409,42.0,66.0,0.0,24.0,0.0,7.48453294379216e-24
poisson,0,E086::nashik,2019-0331-IND,78.0,57.8647431022645,,20.135256897735502,6.253947709362222,46.0,71.0,0.0,25.0,0.0,7.407324556292841e-26
poisson,0,E086::pune,2019-0331-IND,250.0,67.71263731641473,,182.2873626835853,147.93966187852203,54.0,82.0,0.0,28.0,0.0,3.915392083250632e-30
poisson,0,E086::raigad,2019-0331-IND,87.0,49.03168144527312,,37.96831855472688,15.073939722859095,38.0,61.0,0.0,23.0,0.0,5.079387079126466e-22
poisson,0,E086::ratnagiri,2019-0331-IND,72.0,54.99831362095497,,17.001686379045033,5.450921503373671,43.0,67.0,0.0,24.0,0.0,1.301774860852251e-24
poisson,0,E086::sangli,2019-0331-IND,435.0,39.35711601393221,,395.6428839860678,653.4750357464447,29.0,50.0,0.0,21.0,0.0,8.080192204701068e-18
poisson,0,E086::thane,2019-0331-IND,251.0,58.19764516829484,,192.80235483170514,177.74326178214648,46.0,71.0,0.0,25.0,0.0,5.309869451519232e-26
poisson,0,E086::wardha,2019-0331-IND,0.0,39.504015100927205,,39.504015100927205,39.504015100927205,29.0,50.0,0.0,21.0,1.0,6.976285229070906e-18
poisson,0,E086::yavatmal,2019-0331-IND,0.0,40.79620772851646,,40.79620772851646,40.79620772851646,31.0,52.0,0.0,21.0,1.0,1.916161460128557e-18
poisson,0,E087::angul,2019-0331-IND,0.0,47.327026092984404,,47.327026092984404,47.327026092984404,36.0,59.0,0.0,23.0,1.0,2.7934038213766665e-21
poisson,0,E087::bargarh,2019-0331-IND,0.0,41.744721557779236,,41.744721557779236,41.744721557779236,31.0,53.0,0.0,22.0,1.0,7.421604020658136e-19
poisson,0,E087::bolangir,2019-0331-IND,7.0,48.70637443820415,,41.70637443820415,30.030866404924613,38.0,60.0,0.0,22.0,0.0,7.032185979746192e-22
poisson,0,E087::boudh,2019-0331-IND,1.0,40.187196931473466,,39.187196931473466,36.493648470867086,30.0,51.0,0.0,21.0,0.0,3.523076953941734e-18
poisson,0,E087::cuttack,2019-0331-IND,0.0,39.016139233442956,,39.016139233442956,39.016139233442956,29.0,50.0,0.0,21.0,1.0,1.136334063959725e-17
poisson,0,E087::gajapati,2019-0331-IND,21.0,46.924166603733454,,25.924166603733454,11.485116237297802,36.0,58.0,0.0,22.0,0.0,4.179202125046782e-21
poisson,0,E087::ganjam,2019-0331-IND,8.0,49.369347519214855,,41.369347519214855,28.779312533605044,38.0,61.0,0.0,23.0,0.0,3.623804811084296e-22
poisson,0,E087::jagatsinghpur,2019-0331-IND,0.0,35.093987032179236,,35.093987032179236,35.093987032179236,26.0,45.0,0.0,19.0,1.0,5.739513529177289e-16
poisson,0,E087::kalahandi,2019-0331-IND,36.0,44.735822464356076,,8.735822464356076,3.6276321954405972,34.0,56.0,1.0,22.0,0.0,3.7280279552639796e-20
poisson,0,E087::kandhamal,2019-0331-IND,24.0,48.61502833479795,,24.615028334797948,10.185372738459982,37.0,60.0,0.0,23.0,0.0,7.704801539469579e-22
poisson,0,E087::kendrapara,2019-0331-IND,0.0,40.033187008831526,,40.033187008831526,40.033187008831526,30.0,51.0,0.0,21.0,1.0,4.109677938852537e-18
poisson,0,E087::khordha,2019-0331-IND,0.0,43.40240534743049,,43.40240534743049,43.40240534743049,33.0,55.0,0.0,22.0,1.0,1.4144084956971024e-19
poisson,0,E087::koraput,2019-0331-IND,27.0,40.90430432384626,,13.904304323846262,5.258489912865215,31.0,52.0,0.0,21.0,0.0,1.7198332699420638e-18
poisson,0,E087::malkangiri,2019-0331-IND,48.0,42.039401060173795,,5.960598939826205,3.260174356230955,32.0,53.0,1.0,21.0,0.0,5.527389854403791e-19
poisson,0,E087::nabarangpur,2019-0331-IND,21.0,46.45956690259197,,25.459566902591973,11.229475288567983,36.0,58.0,0.0,22.0,0.0,6.650686286251492e-21
poisson,0,E087::nayagarh,2019-0331-IND,2.0,45.01639075676129,,43.01639075676129,38.09548461234019,34.0,56.0,0.0,22.0,0.0,2.8159821602004093e-20
poisson,0,E087::nuapada,2019-0331-IND,5.0,43.04665435621248,,38.04665435621248,29.022723536240008,33.0,54.0,0.0,21.0,0.0,2.0187175038080256e-19
poisson,0,E087::puri,2019-0331-IND,1.0,38.04067050945258,,37.04067050945258,34.40201464549928,28.0,48.0,0.0,20.0,0.0,3.0140240254188155e-17
poisson,0,E087::rayagada,2019-0331-IND,25.0,46.88007914672896,,21.88007914672896,8.693863530939495,36.0,58.0,0.0,22.0,0.0,4.367574436460585e-21
poisson,0,E087::sambalpur,2019-0331-IND,8.0,43.130269615818364,,35.130269615818364,23.621072023552117,33.0,54.0,0.0,21.0,0.0,1.856786213479063e-19
poisson,0,E087::subarnapur,2019-0331-IND,0.0,39.70780081665928,,39.70780081665928,39.70780081665928,30.0,50.0,0.0,20.0,1.0,5.690117266960654e-18
poisson,0,E087::sundargarh,2019-0331-IND,1.0,47.8579819280757,,46.8579819280757,43.98974401263418,37.0,60.0,0.0,23.0,0.0,1.6426405275078865e-21
poisson,0,E088::amritsar,2019-0331-IND,1.0,35.56228723568771,,34.56228723568771,31.99100150664682,26.0,46.0,0.0,20.0,0.0,3.5933116850179137e-16
poisson,0,E088::bathinda,2019-0331-IND,14.0,33.96377454716861,,19.96377454716861,9.800872700213407,25.0,44.0,0.0,19.0,0.0,1.777133810595917e-15
poisson,0,E088::faridkot,2019-0331-IND,2.0,32.36304224667223,,30.36304224667223,26.102155226555148,23.0,42.0,0.0,19.0,0.0,8.808649603543075e-15
poisson,0,E088::ferozepur,2019-0331-IND,1.0,39.4039941994174,,38.4039941994174,35.73012701263194,29.0,50.0,0.0,21.0,0.0,7.71014870343445e-18
poisson,0,E088::gurdaspur,2019-0331-IND,13.0,35.65782016279696,,22.65782016279696,11.748393747193074,26.0,46.0,0.0,20.0,0.0,3.2659194306011273e-16
poisson,0,E088::jalandhar,2019-0331-IND,0.0,35.81908626359802,,35.81908626359802,35.81908626359802,26.0,46.0,0.0,20.0,1.0,2.779511587468715e-16
poisson,0,E088::ludhiana,2019-0331-IND,7.0,37.91019646946519,,30.91019646946519,20.988817046262536,28.0,48.0,0.0,20.0,0.0,3.434083615340777e-17
poisson,0,E088::mansa,2019-0331-IND,3.0,32.039153991808384,,29.039153991808384,23.43003730973195,23.0,42.0,0.0,19.0,0.0,1.2177894757154825e-14
poisson,0,E088::moga,2019-0331-IND,1.0,38.41420319956251,,37.41420319956251,34.76577593336711,29.0,49.0,0.0,20.0,0.0,2.0745481715808887e-17
poisson,0,E088::muktsar,2019-0331-IND,3.0,31.59831080632081,,28.59831080632081,23.030759284545184,23.0,41.0,0.0,18.0,0.0,1.892465536500394e-14
poisson,0,E088::patiala,2019-0331-IND,28.0,41.5793061361819,,13.579306136181899,5.096176617588156,31.0,52.0,0.0,21.0,0.0,8.756625647695678e-19
poisson,0,E088::sangrur,2019-0331-IND,32.0,32.91664147084051,,0.91664147084051,2.6672937375152586,24.0,43.0,1.0,19.0,0.0,5.063889804651085e-15
poisson,0,E089::bundi,2019-0331-IND,6.0,39.38611292827042,,33.38611292827042,23.924884397733763,29.0,50.0,0.0,21.0,0.0,7.849255963813188e-18
poisson,0,E089::churu,2019-0331-IND,1.0,31.990045452165013,,30.990045452165013,28.524620677380433,23.0,42.0,0.0,19.0,0.0,1.2790861143300275e-14
poisson,0,E089::dholpur,2019-0331-IND,0.0,32.33583883918244,,32.33583883918244,32.33583883918244,23.0,42.0,0.0,19.0,1.0,9.051563957168941e-15
poisson,0,E089::jhalawar,2019-0331-IND,0.0,46.93731940632379,,46.93731940632379,46.93731940632379,36.0,58.0,0.0,22.0,1.0,4.124593817903037e-21
poisson,0,E089::kota,2019-0331-IND,10.0,62.97289628039718,,52.97289628039718,36.65026469297427,50.0,76.0,0.0,26.0,0.0,4.479387522872048e-28
poisson,0,E089::sikar,2019-0331-IND,4.0,39.68126682099457,,35.68126682099457,28.135803819985025,30.0,50.0,0.0,20.0,0.0,5.843119720358014e-18
poisson,0,E090::agra,2019-0331-IND,5.0,37.99232022739672,,32.99232022739672,24.59289177006606,28.0,48.0,0.0,20.0,0.0,3.1633334268045585e-17
poisson,0,E090::ambedkar%20nagar,2019-0331-IND,2.0,37.71729377963487,,35.71729377963487,31.15020353975702,28.0,48.0,0.0,20.0,0.0,4.164735637702038e-17
poisson,0,E090::amroha,2019-0331-IND,0.0,43.23458180060375,,43.23458180060375,43.23458180060375,33.0,54.0,0.0,21.0,1.0,1.6728603844037581e-19
poisson,0,E090::ayodhya,2019-0331-IND,0.0,39.24414127360083,,39.24414127360083,39.24414127360083,29.0,50.0,0.0,21.0,1.0,9.046612699420523e-18
poisson,0,E090::bahraich,2019-0331-IND,2.0,40.120250751846605,,38.120250751846605,33.42963550616609,30.0,51.0,0.0,21.0,0.0,3.767007508905376e-18
poisson,0,E090::ballia,2019-0331-IND,0.0,38.41394671346349,,38.41394671346349,38.41394671346349,29.0,49.0,0.0,20.0,1.0,2.0750803325916782e-17
poisson,0,E090::balrampur,2019-0331-IND,3.0,36.04775295340008,,33.04775295340008,27.084978831432508,26.0,46.0,0.0,20.0,0.0,2.2113618213455607e-16
poisson,0,E090::banda,2019-0331-IND,0.0,33.91554373516858,,33.91554373516858,33.91554373516858,25.0,44.0,0.0,19.0,1.0,1.8649470471471506e-15
poisson,0,E090::barabanki,2019-0331-IND,5.0,36.430887698428286,,31.430887698428286,23.241294551409496,27.0,47.0,0.0,20.0,0.0,1.5075318686716398e-16
poisson,0,E090::farrukhabad,2019-0331-IND,0.0,37.91885268457168,,37.91885268457168,37.91885268457168,28.0,48.0,0.0,20.0,1.0,3.4044857364897316e-17
poisson,0,E090::ghazipur,2019-0331-IND,0.0,40.32774311125353,,40.32774311125353,40.32774311125353,30.0,51.0,0.0,21.0,1.0,3.0611435724582198e-18
poisson,0,E090::gonda,2019-0331-IND,3.0,38.402052213346856,,35.402052213346856,29.249478978910233,29.0,49.0,0.0,20.0,0.0,2.0999097498667027e-17
poisson,0,E090::hamirpur,2019-0331-IND,0.0,30.7461712033748,,30.7461712033748,30.7461712033748,22.0,40.0,0.0,18.0,1.0,4.4371846990497905e-14
poisson,0,E090::jalaun,2019-0331-IND,0.0,32.81678907053616,,32.81678907053616,32.81678907053616,24.0,43.0,0.0,19.0,1.0,5.595637769053113e-15
poisson,0,E090::kanpur%20dehat,2019-0331-IND,0.0,32.685010151231424,,32.685010151231424,32.685010151231424,24.0,42.0,0.0,18.0,1.0,6.3838173150806265e-15
poisson,0,E090::kanpur%20nagar,2019-0331-IND,1.0,40.64245703921809,,39.64245703921809,36.93764377913323,30.0,51.0,0.0,21.0,0.0,2.2346276947842248e-18
poisson,0,E090::kushinagar,2019-0331-IND,1.0,40.37280445997487,,39.37280445997487,36.67464805861094,30.0,51.0,0.0,21.0,0.0,2.926266018614238e-18
poisson,0,E090::lakhimpur%20kheri,2019-0331-IND,1.0,40.225955705913634,,39.225955705913634,36.531443254313984,30.0,51.0,0.0,21.0,0.0,3.3891392072346078e-18
poisson,0,E090::mirzapur,2019-0331-IND,1.0,36.50905361371578,,35.50905361371578,32.91149333967382,27.0,47.0,0.0,20.0,0.0,1.3941820151016205e-16
poisson,0,E090::pilibhit,2019-0331-IND,1.0,37.71646048056848,,36.71646048056848,34.0863638638825,28.0,48.0,0.0,20.0,0.0,4.168207554392273e-17
poisson,0,E090::prayagraj,2019-0331-IND,5.0,39.55375303737455,,34.55375303737455,25.952941864168377,30.0,50.0,0.0,20.0,0.0,6.637787077752569e-18
poisson,0,E090::sitapur,2019-0331-IND,1.0,44.283047515523684,,43.283047515523684,40.49244558630435,34.0,55.0,0.0,21.0,0.0,5.862958527484195e-20
poisson,0,E090::varanasi,2019-0331-IND,3.0,42.57716917610371,,39.57716917610371,33.11497412099874,32.0,54.0,0.0,22.0,0.0,3.228273876349696e-19
poisson,0,E091::almora,2019-0331-IND,0.0,44.117569008349825,,44.117569008349825,44.117569008349825,33.0,55.0,0.0,22.0,1.0,6.918042483679906e-20
poisson,0,E091::chamoli,2019-0331-IND,20.0,38.6634323513793,,18.6634323513793,7.901163755038624,29.0,49.0,0.0,20.0,0.0,1.616905649063695e-17
poisson,0,E091::champawat,2019-0331-IND,0.0,41.74881240809732,,41.74881240809732,41.74881240809732,31.0,53.0,0.0,22.0,1.0,7.39130536537545e-19
poisson,0,E091::dehradun,2019-0331-IND,0.0,45.006376468086415,,45.006376468086415,45.006376468086415,34.0,56.0,0.0,22.0,1.0,2.844323892745444e-20
poisson,0,E091::haridwar,2019-0331-IND,1.0,45.62049954817162,,44.62049954817162,41.80014238117429,35.0,57.0,0.0,22.0,0.0,1.5391068978084228e-20
poisson,0,E091::nainital,2019-0331-IND,0.0,44.87252218254437,,44.87252218254437,44.87252218254437,34.0,56.0,0.0,22.0,1.0,3.251705660658145e-20
poisson,0,E091::pithoragarh,2019-0331-IND,0.0,42.071776194508594,,42.071776194508594,42.071776194508594,32.0,53.0,0.0,21.0,1.0,5.35130562065315e-19
poisson,0,E091::rudraprayag,2019-0331-IND,0.0,44.16253600724242,,44.16253600724242,44.16253600724242,34.0,55.0,0.0,21.0,1.0,6.613849454367137e-20
poisson,0,E091::udham%20singh%20nagar,2019-0331-IND,0.0,34.273215525442005,,34.273215525442005,34.273215525442005,25.0,44.0,0.0,19.0,1.0,1.3041622354686623e-15
poisson,0,E091::uttarkashi,2019-0331-IND,2.0,39.54226336965127,,37.54226336965127,32.8806704329421,30.0,50.0,0.0,20.0,0.0,6.714492863849683e-18
poisson,0,E092::birbhum,2019-0331-IND,1.0,35.47203096149018,,34.47203096149018,31.90328643577351,26.0,46.0,0.0,20.0,0.0,3.9327169638356393e-16
poisson,0,E092::cooch%20behar,2019-0331-IND,1.0,34.46047654701868,,33.46047654701868,30.92066348702384,25.0,44.0,0.0,19.0,0.0,1.0814468796263415e-15
poisson,0,E092::howrah,2019-0331-IND,0.0,50.03700084829423,,50.03700084829423,50.03700084829423,39.0,62.0,0.0,23.0,1.0,1.8586886228254458e-22
poisson,0,E092::jalpaiguri,2019-0331-IND,6.0,36.30125263342116,,30.301252633421157,21.329390354532237,27.0,46.0,0.0,19.0,0.0,1.7161936673927585e-16
poisson,0,E092::kolkata,2019-0331-IND,0.0,70.98889053776702,,70.98889053776702,70.98889053776702,57.0,85.0,0.0,28.0,1.0,1.4788242480351586e-31
poisson,0,E092::malda,2019-0331-IND,0.0,37.08678281344648,,37.08678281344648,37.08678281344648,27.0,47.0,0.0,20.0,1.0,7.823748342894871e-17
poisson,0,E092::murshidabad,2019-0331-IND,0.0,40.24126588566695,,40.24126588566695,40.24126588566695,30.0,51.0,0.0,21.0,1.0,3.3376460672133582e-18
poisson,0,E092::nadia,2019-0331-IND,0.0,49.90846235508197,,49.90846235508197,49.90846235508197,39.0,62.0,0.0,23.0,1.0,2.1136360075986547e-22
poisson,0,E092::north%2024%20parganas,2019-0331-IND,0.0,51.04975883383457,,51.04975883383457,51.04975883383457,40.0,63.0,0.0,23.0,1.0,6.75105173290025e-23
poisson,0,E093::alappuzha,2019-0383-IND,43.0,43.85869574739958,,0.8586957473995795,2.809938012311548,33.0,55.0,1.0,22.0,0.0,8.962113783326287e-20
poisson,0,E093::ernakulam,2019-0383-IND,48.0,55.57387795920673,,7.573877959206733,3.3975646484705138,44.0,68.0,1.0,24.0,0.0,7.321017826509576e-25
poisson,0,E093::idukki,2019-0383-IND,48.0,50.45889275517339,,2.4588927551733875,2.9171844057395546,39.0,62.0,1.0,23.0,0.0,1.218937150219788e-22
poisson,0,E093::kannur,2019-0383-IND,72.0,59.97055546543112,,12.029444534568881,4.191478661400481,48.0,73.0,1.0,25.0,0.0,9.018175540768848e-27
poisson,0,E093::kasaragod,2019-0383-IND,11.0,53.45489561445429,,42.45489561445429,27.18998297774543,42.0,66.0,0.0,24.0,0.0,6.0930368392207694e-24
poisson,0,E093::kottayam,2019-0383-IND,21.0,45.756716884625305,,24.756716884625305,10.846745223102445,35.0,57.0,0.0,22.0,0.0,1.3431061787076516e-20
poisson,0,E093::kozhikode,2019-0383-IND,192.0,62.501994373893545,,129.49800562610645,89.53112053644779,50.0,76.0,0.0,26.0,0.0,7.173460900108568e-28
poisson,0,E093::malappuram,2019-0383-IND,322.0,57.83159925691334,,264.16840074308664,292.51729497833423,46.0,71.0,0.0,25.0,0.0,7.656945626311233e-26
poisson,0,E093::pathanamthitta,2019-0383-IND,11.0,50.43357469653921,,39.43357469653921,24.808654245490622,39.0,62.0,0.0,23.0,0.0,1.2501922623038826e-22
poisson,0,E093::thrissur,2019-0383-IND,30.0,50.45552385816388,,20.45552385816388,7.480993230689812,39.0,62.0,0.0,23.0,0.0,1.2230505488577211e-22
poisson,0,E093::wayanad,2019-0383-IND,422.0,49.04414913642459,,372.9558508635754,539.2498125328046,38.0,61.0,0.0,23.0,0.0,5.016451992630125e-22
poisson,0,E094::kolhapur,2019-0383-IND,470.0,70.44161045196151,,399.55838954803846,496.4729104745476,57.0,85.0,0.0,28.0,0.0,2.5562144429246576e-31
poisson,0,E094::sangli,2019-0383-IND,439.0,45.110875888409716,,393.88912411159026,608.9623377609792,34.0,56.0,0.0,22.0,0.0,2.5620967634347006e-20
poisson,0,E095::balangir,2019-0383-IND,11.0,41.95822540190226,,30.95822540190226,18.357113857562773,32.0,53.0,0.0,21.0,0.0,5.994793634700177e-19
poisson,0,E095::kalahandi,2019-0383-IND,50.0,43.108735417120414,,6.891264582879586,3.4002196456565343,33.0,54.0,1.0,21.0,0.0,1.8972042397632632e-19
poisson,0,E095::kandhamal,2019-0383-IND,26.0,40.44704239727112,,14.447042397271119,5.508912551565757,30.0,51.0,0.0,21.0,0.0,2.7168938928362066e-18
poisson,0,E095::nuapada,2019-0383-IND,3.0,40.74038483657269,,37.74038483657269,31.410484735057555,31.0,52.0,0.0,21.0,0.0,2.0261690392576223e-18
poisson,0,E095::subarnapur,2019-0383-IND,14.0,36.37238252051137,,22.372382520511373,11.250266997400477,27.0,47.0,0.0,20.0,0.0,1.5983613806949124e-16
poisson,0,E096::birbhum,2019-0383-IND,0.0,35.46437239181139,,35.46437239181139,35.46437239181139,26.0,46.0,0.0,20.0,1.0,3.962951579906236e-16
poisson,0,E096::nadia,2019-0383-IND,0.0,48.77880135368124,,48.77880135368124,48.77880135368124,38.0,61.0,0.0,23.0,1.0,6.540873323044714e-22
poisson,0,E097::belagavi,2019-0499-IND,61.0,45.15109684423018,,15.848903155769818,5.479255184787917,34.0,56.0,0.0,22.0,0.0,2.4610916597859913e-20
poisson,0,E097::gadag,2019-0499-IND,24.0,37.83422961615982,,13.834229616159817,5.421817295847092,28.0,48.0,0.0,20.0,0.0,3.7051248828009564e-17
poisson,0,E097::koppal,2019-0499-IND,10.0,40.86247412620712,,30.86247412620712,18.86476531069762,31.0,52.0,0.0,21.0,0.0,1.7933000891511545e-18
poisson,0,E098::alappuzha,2019-0499-IND,9.0,44.91146778799811,,35.91146778799811,23.471056743098018,34.0,56.0,0.0,22.0,0.0,3.127500339408427e-20
poisson,0,E098::ernakulam,2019-0499-IND,40.0,53.35759112971894,,13.35759112971894,4.597580570777879,42.0,66.0,0.0,24.0,0.0,6.715720371211439e-24
poisson,0,E098::kannur,2019-0499-IND,1.0,56.85138565657479,,55.85138565657479,52.81094506276896,45.0,70.0,0.0,25.0,0.0,2.0405954821518686e-25
poisson,0,E098::kasaragod,2019-0499-IND,0.0,50.06112858402956,,50.06112858402956,50.06112858402956,39.0,62.0,0.0,23.0,1.0,1.814379365468952e-22
poisson,0,E098::kollam,2019-0499-IND,0.0,59.06577302161924,,59.06577302161924,59.06577302161924,47.0,72.0,0.0,25.0,1.0,2.2287466703184795e-26
poisson,0,E098::kottayam,2019-0499-IND,2.0,44.594066881710205,,42.594066881710205,37.69201242103268,34.0,56.0,0.0,22.0,0.0,4.295787872899326e-20
poisson,0,E098::palakkad,2019-0499-IND,1.0,46.93309761026608,,45.93309761026608,43.084374477731394,36.0,58.0,0.0,22.0,0.0,4.142043821081987e-21
poisson,0,E098::thiruvananthapuram,2019-0499-IND,2.0,63.51748528608044,,61.51748528608044,55.90800201297984,51.0,77.0,0.0,26.0,0.0,2.5984037592836873e-28
poisson,0,E098::thrissur,2019-0499-IND,1.0,47.98662111130076,,46.98662111130076,44.115698866092316,37.0,60.0,0.0,23.0,0.0,1.4443593134904956e-21
poisson,0,E139::bongaigaon,2021-0366-IND,3.0,32.73736571978818,,29.73736571978818,24.06357386471403,24.0,42.0,0.0,18.0,0.0,6.058187573834637e-15
poisson,0,E139::chirang,2021-0366-IND,0.0,34.476656010494146,,34.476656010494146,34.476656010494146,25.0,44.0,0.0,19.0,1.0,1.0640904369241207e-15
poisson,0,E139::dhemaji,2021-0366-IND,3.0,33.665998356736644,,30.665998356736644,24.90829269440634,24.0,43.0,0.0,19.0,0.0,2.3935510020159536e-15
poisson,0,E139::dibrugarh,2021-0366-IND,3.0,37.37404728606916,,34.37404728606916,28.302877133160543,28.0,48.0,0.0,20.0,0.0,5.870262165863289e-17
poisson,0,E160::baksa,2023-0330-IND,143.0,32.899631098492755,,110.10036890150724,103.42237020340002,24.0,43.0,0.0,19.0,0.0,5.1507652528226626e-15
poisson,0,E160::barpeta,2023-0330-IND,181.0,31.086611263005217,,149.9133887369948,172.4765444690954,22.0,41.0,0.0,19.0,0.0,3.156866870019497e-14
poisson,0,E160::lakhimpur,2023-0330-IND,163.0,31.439941605983915,,131.5600583940161,140.15065424824718,23.0,41.0,0.0,18.0,0.0,2.2172101046220426e-14
poisson,0,E160::nalbari,2023-0330-IND,218.0,29.850302921159837,,188.14969707884018,248.9112875743798,21.0,39.0,0.0,18.0,0.0,1.0868713933594877e-13
poisson,0,E161::mangan,2023-0330-IND,0.0,24.562984793165718,,24.562984793165718,24.562984793165718,17.0,33.0,0.0,16.0,1.0,2.149964283699475e-11
poisson,0,E184::kullu,2024-0561-IND,203.0,37.424574112193014,,165.575425887807,181.24884714303676,28.0,48.0,0.0,20.0,0.0,5.581025097252352e-17
poisson,0,E184::mandi,2024-0561-IND,176.0,48.5821288637199,,127.4178711362801,102.63895498620587,37.0,60.0,0.0,23.0,0.0,7.9625012839597695e-22
poisson,0,E184::shimla,2024-0561-IND,204.0,46.128932376123345,,157.87106762387666,148.98998603417832,35.0,58.0,0.0,23.0,0.0,9.25676445554493e-21
poisson,0,E185::dhalai,2024-0624-IND,9.0,35.01991159089546,,26.01991159089546,15.818487850072692,26.0,45.0,0.0,19.0,0.0,6.180813499372636e-16
poisson,0,E185::north%20tripura,2024-0624-IND,9.0,39.21313185717474,,30.213131857174737,18.99385415376873,29.0,50.0,0.0,21.0,0.0,9.331537728049649e-18
poisson,0,E185::south%20tripura,2024-0624-IND,69.0,32.93256923503066,,36.06743076496934,18.005231661633026,24.0,43.0,0.0,19.0,0.0,4.983872303555937e-15
poisson,0,E185::west%20tripura,2024-0624-IND,47.0,37.12750382075994,,9.87249617924006,4.055398679976648,27.0,47.0,1.0,20.0,0.0,7.51155694203165e-17
nb2,1,E009::anantnag,2015-0333-IND,8.0,74.18585115800093,3.3887997385092143,66.18585115800093,4.255975076950263,0.0,342.0,1.0,342.0,0.0,0.19550937969717996
nb2,1,E012::barabanki,2015-0333-IND,3.0,62.53941158354043,3.3887997385092143,59.53941158354043,3.5189756072643674,0.0,288.0,1.0,288.0,0.0,0.2055696912859893
nb2,1,E024::barpeta,2015-0406-IND,46.0,56.68887498576456,3.3887997385092143,10.688874985764564,5.606216693636026,0.0,261.0,1.0,261.0,0.0,0.21158472816356313
nb2,1,E024::bongaigaon,2015-0406-IND,29.0,49.970117400936736,3.3887997385092143,20.970117400936736,5.1772410483128795,0.0,230.0,1.0,230.0,0.0,0.21956460794772825
nb2,1,E024::cachar,2015-0406-IND,32.0,57.23782300796286,3.3887997385092143,25.23782300796286,5.2799464251806105,0.0,264.0,1.0,264.0,0.0,0.2109869785904382
nb2,1,E024::darrang,2015-0406-IND,18.0,53.37214166755071,3.3887997385092143,35.37214166755071,4.791077874066285,0.0,246.0,1.0,246.0,0.0,0.21536219982659044
nb2,1,E024::dhemaji,2015-0406-IND,51.0,41.53075382474419,3.3887997385092143,9.469246175255812,5.70973393187644,0.0,192.0,1.0,192.0,0.0,0.23180201968740669
nb2,1,E024::dibrugarh,2015-0406-IND,59.0,50.56427609232876,3.3887997385092143,8.435723907671239,5.852103938014903,0.0,233.0,1.0,233.0,0.0,0.21880455402211813
nb2,1,E024::goalpara,2015-0406-IND,36.0,52.8282538369391,3.3887997385092143,16.828253836939098,5.3750578008666,0.0,243.0,1.0,243.0,0.0,0.21601051563632753
nb2,1,E024::jorhat,2015-0406-IND,29.0,52.30118139366097,3.3887997385092143,23.30118139366097,5.183029091370992,0.0,241.0,1.0,241.0,0.0,0.2166470420257621
nb2,1,E024::kamrup,2015-0406-IND,25.0,57.459797319004736,3.3887997385092143,32.459797319004736,5.071491740342481,0.0,265.0,1.0,265.0,0.0,0.21074736418784626
nb2,1,E024::kokrajhar,2015-0406-IND,25.0,54.01874315838176,3.3887997385092143,29.01874315838176,5.061500118424818,0.0,249.0,1.0,249.0,0.0,0.21460243240888183
nb2,1,E024::lakhimpur,2015-0406-IND,30.0,47.46571295914544,3.3887997385092143,17.465712959145442,5.201116122719109,0.0,219.0,1.0,219.0,0.0,0.22290104615778172
nb2,1,E024::morigaon,2015-0406-IND,41.0,49.802080994374805,3.3887997385092143,8.802080994374805,5.490760375684586,0.0,230.0,1.0,230.0,0.0,0.21978167497829937
nb2,1,E024::nalbari,2015-0406-IND,18.0,53.74935877164803,3.3887997385092143,35.74935877164803,4.792450135614977,0.0,248.0,1.0,248.0,0.0,0.21491753253710577
nb2,1,E024::sivasagar,2015-0406-IND,6.0,54.84041780352501,3.3887997385092143,48.84041780352501,3.969286929484423,0.0,253.0,1.0,253.0,0.0,0.21365368226761544
nb2,1,E024::sonitpur,2015-0406-IND,41.0,57.37330348747053,3.3887997385092143,16.37330348747053,5.50041038679762,0.0,264.0,1.0,264.0,0.0,0.21084058955143936
nb2,1,E024::tinsukia,2015-0406-IND,34.0,53.29624615161866,3.3887997385092143,19.29624615161866,5.324726043404691,0.0,246.0,1.0,246.0,0.0,0.21545215547813623
nb2,1,E028::tawang,2016-0139-IND,20.0,26.910157101898957,3.3887997385092143,6.910157101898957,4.783158701830852,0.0,124.0,1.0,124.0,0.0,0.26317075581151916
nb2,1,E029::barpeta,2016-0139-IND,1.0,59.73203542829173,3.3887997385092143,58.73203542829173,2.793886143448552,0.0,275.0,1.0,275.0,0.0,0.2083611761198627
nb2,1,E029::dhemaji,2016-0139-IND,0.0,49.933126673742606,3.3887997385092143,49.933126673742606,1.5158915085576141,0.0,230.0,1.0,230.0,1.0,0.21961231129438397
nb2,1,E029::dhubri,2016-0139-IND,1.0,66.69223535018075,3.3887997385092143,65.69223535018075,2.825746342594503,0.0,307.0,1.0,307.0,0.0,0.20172383824859375
nb2,1,E029::jorhat,2016-0139-IND,27.0,52.337948848226624,3.3887997385092143,25.337948848226624,5.121771116471746,0.0,241.0,1.0,241.0,0.0,0.2166023717186905
nb2,1,E029::lakhimpur,2016-0139-IND,15.0,57.23952729554726,3.3887997385092143,42.23952729554726,4.6621412522379595,0.0,264.0,1.0,264.0,0.0,0.21098513430585508
nb2,1,E030::mon,2016-0139-IND,3.0,48.297455395242785,3.3887997385092143,45.297455395242785,3.447279122892961,0.0,223.0,1.0,223.0,0.0,0.22176832448488004
nb2,1,E038::barpeta,2016-0267-IND,71.0,54.2736712111489,3.3887997385092143,16.7263287888511,6.0447547562635915,0.0,250.0,1.0,250.0,0.0,0.21430610032421718
nb2,1,E038::bongaigaon,2016-0267-IND,67.0,48.957326898859854,3.3887997385092143,18.042673101140146,5.991362183026595,0.0,226.0,1.0,226.0,0.0,0.22088738296286195
nb2,1,E038::darrang,2016-0267-IND,54.0,47.42387682856833,3.3887997385092143,6.576123171431668,5.762686320395108,0.0,219.0,1.0,219.0,0.0,0.22295869525748147
nb2,1,E038::dhubri,2016-0267-IND,82.0,61.004827050847155,3.3887997385092143,20.995172949152845,6.191120737626376,0.0,281.0,1.0,281.0,0.0,0.2070750820462794
nb2,1,E038::goalpara,2016-0267-IND,72.0,51.061382977788135,3.3887997385092143,20.938617022211865,6.066602590993614,0.0,235.0,1.0,235.0,0.0,0.21817743158739716
nb2,1,E038::golaghat,2016-0267-IND,82.0,54.90876477784228,3.3887997385092143,27.09123522215772,6.204024028986914,0.0,253.0,1.0,253.0,0.0,0.21357559073026725
nb2,1,E038::jorhat,2016-0267-IND,107.0,52.88925564635485,3.3887997385092143,54.11074435364515,6.536145335296322,0.0,244.0,1.0,244.0,0.0,0.2159373741914432
nb2,1,E038::lakhimpur,2016-0267-IND,71.0,54.008632375498436,3.3887997385092143,16.991367624501564,6.045202143954114,0.0,249.0,1.0,249.0,0.0,0.21461422245282552
nb2,1,E038::morigaon,2016-0267-IND,128.0,46.32641302920203,3.3887997385092143,81.67358697079797,6.840855189001976,0.0,214.0,1.0,214.0,0.0,0.22449476886285646
nb2,1,E038::nalbari,2016-0267-IND,38.0,47.45956897253763,3.3887997385092143,9.459568972537632,5.416589922214701,0.0,219.0,1.0,219.0,0.0,0.22290950831372147
nb2,1,E056::ambedkar%20nagar,2017-0517-IND,4.0,69.30555224271474,3.3887997385092143,65.30555224271474,3.7458882298919374,0.0,319.0,1.0,319.0,0.0,0.1994585473895527
nb2,1,E056::azamgarh,2017-0517-IND,3.0,70.57792262786977,3.3887997385092143,67.57792262786977,3.5528950130121677,0.0,325.0,1.0,325.0,0.0,0.19839512211546453
nb2,1,E056::bahraich,2017-0517-IND,33.0,68.64411850927964,3.3887997385092143,35.644118509279636,5.33191628611561,0.0,316.0,1.0,316.0,0.0,0.20002135981180236
nb2,1,E056::ballia,2017-0517-IND,68.0,67.74236554449459,3.3887997385092143,0.25763445550541064,5.990065267117782,0.0,312.0,1.0,312.0,0.0,0.2008000266946628
nb2,1,E056::balrampur,2017-0517-IND,45.0,55.65883163117175,3.3887997385092143,10.65883163117175,5.584511514072727,0.0,256.0,1.0,256.0,0.0,0.21272672708962453
nb2,1,E056::barabanki,2017-0517-IND,46.0,68.69829765358821,3.3887997385092143,22.698297653588213,5.620988648875823,0.0,316.0,1.0,316.0,0.0,0.1999749964004368
nb2,1,E056::basti,2017-0517-IND,20.0,63.30563286389402,3.3887997385092143,43.30563286389402,4.9086427142419335,0.0,292.0,1.0,292.0,0.0,0.20483575528351422
nb2,1,E056::bijnor,2017-0517-IND,4.0,81.41426074736752,3.3887997385092143,77.41426074736752,3.7906959408418723,0.0,375.0,1.0,375.0,0.0,0.19023794244684034
nb2,1,E056::budaun,2017-0517-IND,1.0,82.48502263087586,3.3887997385092143,81.48502263087586,2.887368462656964,0.0,380.0,1.0,380.0,0.0,0.18950847116839403
nb2,1,E056::deoria,2017-0517-IND,8.0,66.46538969841112,3.3887997385092143,58.465389698411116,4.227363660003265,0.0,306.0,1.0,306.0,0.0,0.2019258622213196
nb2,1,E056::faizabad,2017-0517-IND,19.0,68.95928613568385,3.3887997385092143,49.959286135683854,4.886012076059941,0.0,318.0,1.0,318.0,0.0,0.19975231619261685
nb2,1,E056::farrukhabad,2017-0517-IND,1.0,68.42271410174338,3.3887997385092143,67.42271410174338,2.833161158240647,0.0,315.0,1.0,315.0,0.0,0.2002113166374883
nb2,1,E056::ghazipur,2017-0517-IND,1.0,78.20784623953136,3.3887997385092143,77.20784623953136,2.8719083520433957,0.0,360.0,1.0,360.0,0.0,0.19249857923704422
nb2,1,E056::gonda,2017-0517-IND,56.0,68.1977182208237,3.3887997385092143,12.197718220823702,5.801718615148769,0.0,314.0,1.0,314.0,0.0,0.20040516856938878
nb2,1,E056::gorakhpur,2017-0517-IND,124.0,65.39032483255889,3.3887997385092143,58.60967516744111,6.6652360220801175,0.0,301.0,1.0,301.0,0.0,0.2028955287961493
nb2,1,E056::kushinagar,2017-0517-IND,6.0,69.69322359010071,3.3887997385092143,63.693223590100715,4.0328283445209,0.0,321.0,1.0,321.0,0.0,0.199131888384664
nb2,1,E056::lakhimpur%20kheri,2017-0517-IND,17.0,70.98740414028482,3.3887997385092143,53.98740414028482,4.8061645186449224,0.0,327.0,1.0,327.0,0.0,0.19805813151264495
nb2,1,E056::maharajganj,2017-0517-IND,17.0,58.618231413269164,3.3887997385092143,41.618231413269164,4.7647688467521325,0.0,270.0,1.0,270.0,0.0,0.20951594079405422
nb2,1,E056::mirzapur,2017-0517-IND,4.0,64.47447348619669,3.3887997385092143,60.474473486196686,3.725930603975712,0.0,297.0,1.0,297.0,0.0,0.20373794763696573
nb2,1,E056::muzaffarnagar,2017-0517-IND,0.0,73.24490833993922,3.3887997385092143,73.24490833993922,1.628395206179381,0.0,337.0,1.0,337.0,1.0,0.19624425312666754
nb2,1,E056::pilibhit,2017-0517-IND,2.0,53.09834800125841,3.3887997385092143,51.09834800125841,3.2000517709047993,0.0,245.0,1.0,245.0,0.0,0.21568749359516892
nb2,1,E056::sant%20kabir%20nagar,2017-0517-IND,1.0,58.14932054986659,3.3887997385092143,57.14932054986659,2.7861349933953306,0.0,268.0,1.0,268.0,0.0,0.21001058647408666
nb2,1,E056::shravasti,2017-0517-IND,4.0,52.19599936161936,3.3887997385092143,48.19599936161936,3.6681896684045934,0.0,241.0,1.0,241.0,0.0,0.21677505569660055
nb2,1,E056::siddharth%20nagar,2017-0517-IND,26.0,55.70922838088011,3.3887997385092143,29.709228380880113,5.099191842608661,0.0,257.0,1.0,257.0,0.0,0.21267022103837427
nb2,1,E056::sitapur,2017-0517-IND,6.0,78.40408814037227,3.3887997385092143,72.40408814037227,4.064632398074249,0.0,361.0,1.0,361.0,0.0,0.19235680894543278
nb2,1,E064::gajapati,2018-0286-IND,2.0,49.27753315145351,3.3887997385092143,47.27753315145351,3.1789984769684274,0.0,227.0,1.0,227.0,0.0,0.22046539102438095
nb2,1,E064::kandhamal,2018-0286-IND,5.0,55.241364001164364,3.3887997385092143,50.241364001164364,3.840884829071834,0.0,255.0,1.0,255.0,0.0,0.21319735054641584
nb2,1,E064::malkangiri,2018-0286-IND,15.0,45.893518699333725,3.3887997385092143,30.893518699333725,4.616331565553816,0.0,212.0,1.0,212.0,0.0,0.22511360828110152
nb2,1,E064::rayagada,2018-0286-IND,18.0,54.83647384809634,3.3887997385092143,36.83647384809634,4.796378493791674,0.0,253.0,1.0,253.0,0.0,0.21365819235769487
nb2,1,E067::barpeta,2018-0345-IND,6.0,55.44522335653093,3.3887997385092143,49.44522335653093,3.9721559745070882,0.0,256.0,1.0,256.0,0.0,0.21296696365393383
nb2,1,E067::darrang,2018-0345-IND,10.0,49.73315805796887,3.3887997385092143,39.73315805796887,4.320602878985224,0.0,229.0,1.0,229.0,0.0,0.21987098152303675
nb2,1,E067::dhemaji,2018-0345-IND,17.0,44.99148838708011,3.3887997385092143,27.99148838708011,4.7129140159190355,0.0,207.0,1.0,207.0,0.0,0.22642756825212587
nb2,1,E067::golaghat,2018-0345-IND,28.0,47.89632746006498,3.3887997385092143,19.89632746006498,5.14142903044843,0.0,221.0,1.0,221.0,0.0,0.22231144582200504
nb2,1,E067::lakhimpur,2018-0345-IND,17.0,49.83501546364445,3.3887997385092143,32.83501546364445,4.732128821332017,0.0,230.0,1.0,230.0,0.0,0.21973905647276043
nb2,1,E067::sivasagar,2018-0345-IND,18.0,46.655772150138155,3.3887997385092143,28.655772150138155,4.765866196082695,0.0,215.0,1.0,215.0,0.0,0.22402890053138624
nb2,1,E067::sonitpur,2018-0345-IND,9.0,56.649349938558274,3.3887997385092143,47.649349938558274,4.2733152812218345,0.0,261.0,1.0,261.0,0.0,0.21162805462992218
nb2,1,E067::udalguri,2018-0345-IND,5.0,50.549606721346144,3.3887997385092143,45.549606721346144,3.817304310663452,0.0,233.0,1.0,233.0,0.0,0.21882318055945604
nb2,1,E068::bankura,2018-0345-IND,2.0,55.30447444115279,3.3887997385092143,53.30447444115279,3.2115582449634634,0.0,255.0,1.0,255.0,0.0,0.21312591085931587
nb2,1,E077::ayodhya,2018-0370-IND,1.0,73.40496334363438,3.3887997385092143,72.40496334363438,2.85352451658779,0.0,338.0,1.0,338.0,0.0,0.19611839385821334
nb2,1,E077::azamgarh,2018-0370-IND,5.0,76.06007109459449,3.3887997385092143,71.06007109459449,3.927551302795875,0.0,350.0,1.0,350.0,0.0,0.19408082201750884
nb2,1,E077::bahraich,2018-0370-IND,3.0,73.23284177300563,3.3887997385092143,70.23284177300563,3.5632942567946086,0.0,337.0,1.0,337.0,0.0,0.19625375605167575
nb2,1,E077::ballia,2018-0370-IND,15.0,63.86036751290741,3.3887997385092143,48.86036751290741,4.686304766520583,0.0,294.0,1.0,294.0,0.0,0.2043115038713462
nb2,1,E077::balrampur,2018-0370-IND,2.0,68.930623425121,3.3887997385092143,66.930623425121,3.2741416002568156,0.0,318.0,1.0,318.0,0.0,0.1997767185830204
nb2,1,E077::barabanki,2018-0370-IND,11.0,69.14787134247399,3.3887997385092143,58.14787134247399,4.471279843141549,0.0,319.0,1.0,319.0,0.0,0.1995920870748159
nb2,1,E077::basti,2018-0370-IND,8.0,68.04376914947208,3.3887997385092143,60.043769149472084,4.233438806223262,0.0,313.0,1.0,313.0,0.0,0.2005382838291902
nb2,1,E077::bijnor,2018-0370-IND,2.0,79.97250968822635,3.3887997385092143,77.97250968822635,3.3166355513170585,0.0,368.0,1.0,368.0,0.0,0.19123995001794233
nb2,1,E077::budaun,2018-0370-IND,2.0,72.08386403769305,3.3887997385092143,70.08386403769305,3.2869128668807073,0.0,332.0,1.0,332.0,0.0,0.19716798817442144
nb2,1,E077::farrukhabad,2018-0370-IND,7.0,56.71884361867165,3.3887997385092143,49.71884361867165,4.089438766788872,0.0,261.0,1.0,261.0,0.0,0.21155190315737005
nb2,1,E077::gonda,2018-0370-IND,5.0,74.79712160170777,3.3887997385092143,69.79712160170777,3.9229558324485136,0.0,345.0,1.0,345.0,0.0,0.19503839129109263
nb2,1,E077::hardoi,2018-0370-IND,5.0,68.71667001292849,3.3887997385092143,63.71667001292849,3.899776789613081,0.0,317.0,1.0,317.0,0.0,0.19995928509120323
nb2,1,E077::kannauj,2018-0370-IND,5.0,56.78356552753157,3.3887997385092143,51.78356552753157,3.8482459163662366,0.0,262.0,1.0,262.0,0.0,0.2114810886464349
nb2,1,E077::kanpur%20dehat,2018-0370-IND,2.0,55.437430993975,3.3887997385092143,53.437430993975,3.2122375997590145,0.0,255.0,1.0,255.0,0.0,0.21297574994119695
nb2,1,E077::kasganj,2018-0370-IND,0.0,55.85060213503474,3.3887997385092143,55.85060213503474,1.548756538309144,0.0,257.0,1.0,257.0,1.0,0.21251206020777993
nb2,1,E077::kushinagar,2018-0370-IND,4.0,75.90109513030428,3.3887997385092143,71.90109513030428,3.77113099463391,0.0,350.0,1.0,350.0,0.0,0.19420022518720845
nb2,1,E077::lakhimpur%20kheri,2018-0370-IND,5.0,69.00249398500912,3.3887997385092143,64.00249398500912,3.9009078698952298,0.0,318.0,1.0,318.0,0.0,0.19971555530910048
nb2,1,E077::mau,2018-0370-IND,6.0,66.75490564239931,3.3887997385092143,60.75490564239931,4.021285434262898,0.0,308.0,1.0,308.0,0.0,0.20166818155418914
nb2,1,E077::moradabad,2018-0370-IND,5.0,89.35657137095625,3.3887997385092143,84.35657137095625,3.97204764291306,0.0,411.0,1.0,411.0,0.0,0.18510109305522152
nb2,1,E077::pilibhit,2018-0370-IND,1.0,51.42262088446708,3.3887997385092143,50.42262088446708,2.7507129324024575,0.0,237.0,1.0,237.0,0.0,0.2177266252178612
nb2,1,E077::sitapur,2018-0370-IND,6.0,77.86134444207264,3.3887997385092143,71.86134444207264,4.062747101728388,0.0,359.0,1.0,359.0,0.0,0.19275002535308686
nb2,1,E077::unnao,2018-0370-IND,18.0,62.393009278605454,3.3887997385092143,44.393009278605454,4.822610310324623,0.0,287.0,1.0,287.0,0.0,0.2057112442085132
nb2,1,E106::east%20siang,2020-0304-IND,0.0,27.24787632044243,3.3887997385092143,27.24787632044243,1.3385928164895464,0.0,126.0,1.0,126.0,1.0,0.26221439285795306
nb2,1,E107::baksa,2020-0304-IND,18.0,45.13295050175538,3.3887997385092143,27.13295050175538,4.759953228532181,0.0,208.0,1.0,208.0,0.0,0.2262192742426363
nb2,1,E107::barpeta,2020-0304-IND,59.0,47.78917501804061,3.3887997385092143,11.21082498195939,5.855421848684601,0.0,220.0,1.0,220.0,0.0,0.22245752025358387
nb2,1,E107::biswanath,2020-0304-IND,45.0,40.093460621388395,3.3887997385092143,4.906539378611605,5.580357772030344,0.0,185.0,1.0,185.0,0.0,0.23420630319585595
nb2,1,E107::bongaigaon,2020-0304-IND,27.0,44.28482438403057,3.3887997385092143,17.28482438403057,5.100281941400411,0.0,204.0,1.0,204.0,0.0,0.22748085273529386
nb2,1,E107::cachar,2020-0304-IND,12.0,47.20955028174876,3.3887997385092143,35.20955028174876,4.447710602267244,0.0,218.0,1.0,218.0,0.0,0.22325506172300771
nb2,1,E107::chirang,2020-0304-IND,17.0,43.84175652068638,3.3887997385092143,26.84175652068638,4.708230287153129,0.0,202.0,1.0,202.0,0.0,0.2281523392912015
nb2,1,E107::darrang,2020-0304-IND,31.0,44.048905820109795,3.3887997385092143,13.048905820109795,5.2232648167140505,0.0,203.0,1.0,203.0,0.0,0.2278373150081874
nb2,1,E107::dhemaji,2020-0304-IND,83.0,40.61503423352004,3.3887997385092143,42.38496576647996,6.285483775695541,0.0,187.0,1.0,187.0,0.0,0.23332118995679227
nb2,1,E107::dhubri,2020-0304-IND,30.0,55.294187259127504,3.3887997385092143,25.294187259127504,5.219652577923051,0.0,255.0,1.0,255.0,0.0,0.21313754856639983
nb2,1,E107::dibrugarh,2020-0304-IND,90.0,44.845456044139276,3.3887997385092143,45.154543955860724,6.36091446702911,0.0,207.0,1.0,207.0,0.0,0.22664347741996688
nb2,1,E107::goalpara,2020-0304-IND,59.0,43.10775020179131,3.3887997385092143,15.892249798208688,5.8645037922163645,0.0,199.0,1.0,199.0,0.0,0.22928418972801645
nb2,1,E107::golaghat,2020-0304-IND,44.0,48.68666353715424,3.3887997385092143,4.686663537154239,5.557382103605655,0.0,224.0,1.0,224.0,0.0,0.22124686413276085
nb2,1,E107::hojai,2020-0304-IND,33.0,42.02767483736252,3.3887997385092143,9.027674837362518,5.277278411662837,0.0,194.0,1.0,194.0,0.0,0.23099554601462888
nb2,1,E107::jorhat,2020-0304-IND,63.0,48.00268701710244,3.3887997385092143,14.997312982897562,5.92576092580283,0.0,221.0,1.0,221.0,0.0,0.22216686766862656
nb2,1,E107::kamrup,2020-0304-IND,24.0,46.83168599516211,3.3887997385092143,22.83168599516211,5.005568901933314,0.0,216.0,1.0,216.0,0.0,0.22378180627630906
nb2,1,E107::kamrup%20metropolitan,2020-0304-IND,0.0,55.87199387284286,3.3887997385092143,55.87199387284286,1.548868947288175,0.0,257.0,1.0,257.0,1.0,0.2124881732866376
nb2,1,E107::karbi%20anglong,2020-0304-IND,5.0,49.22005741362419,3.3887997385092143,44.22005741362419,3.8102690636512806,0.0,227.0,1.0,227.0,0.0,0.22054087650101067
nb2,1,E107::kokrajhar,2020-0304-IND,31.0,48.90636103222451,3.3887997385092143,17.90636103222451,5.2334422075673706,0.0,225.0,1.0,225.0,0.0,0.22095487740552416
nb2,1,E107::lakhimpur,2020-0304-IND,46.0,45.96928161297662,3.3887997385092143,0.030718387023377147,5.600235325905801,0.0,212.0,1.0,212.0,0.0,0.2250047612279094
nb2,1,E107::majuli,2020-0304-IND,50.0,27.87403669130705,3.3887997385092143,22.12596330869295,5.744624806422927,0.0,129.0,1.0,129.0,0.0,0.2604807669979972
nb2,1,E107::morigaon,2020-0304-IND,36.0,42.77434572853396,3.3887997385092143,6.774345728533959,5.360119167333955,0.0,197.0,1.0,197.0,0.0,0.22980652469979843
nb2,1,E107::nagaon,2020-0304-IND,44.0,54.801712304087864,3.3887997385092143,10.801712304087864,5.562509000075732,0.0,253.0,1.0,253.0,0.0,0.21369796182381876
nb2,1,E107::nalbari,2020-0304-IND,53.0,39.32109010845788,3.3887997385092143,13.67890989154212,5.755924670953215,0.0,181.0,1.0,181.0,0.0,0.23554457409111274
nb2,1,E107::sivasagar,2020-0304-IND,60.0,44.54611423957551,3.3887997385092143,15.453885760424491,5.879591337202748,0.0,205.0,1.0,205.0,0.0,0.22708889593220055
nb2,1,E107::sonitpur,2020-0304-IND,17.0,52.118885231948454,3.3887997385092143,35.118885231948454,4.740889841534723,0.0,240.0,1.0,240.0,0.0,0.21686912007554163
nb2,1,E107::south%20salmara,2020-0304-IND,29.0,39.51778539296009,3.3887997385092143,10.517785392960093,5.153444325578449,0.0,182.0,1.0,182.0,0.0,0.23520057656965143
nb2,1,E107::tinsukia,2020-0304-IND,81.0,46.88881856532962,3.3887997385092143,34.11118143467038,6.217731606382225,0.0,216.0,1.0,216.0,0.0,0.22370181287700514
nb2,1,E107::udalguri,2020-0304-IND,34.0,45.87078957615631,3.3887997385092143,11.870789576156312,5.3110067392175075,0.0,211.0,1.0,211.0,0.0,0.22514630785305895
nb2,1,E107::west%20karbi%20anglong,2020-0304-IND,22.0,37.65551576889791,3.3887997385092143,15.655515768897907,4.9017075863720905,0.0,174.0,1.0,174.0,0.0,0.23854904066781496
nb2,1,E108::darbhanga,2020-0304-IND,3.0,75.08176199505729,3.3887997385092143,72.08176199505729,3.570326268646031,0.0,346.0,1.0,346.0,0.0,0.19482076486970965
nb2,1,E108::east%20champaran,2020-0304-IND,0.0,78.88985424015033,3.3887997385092143,78.88985424015033,1.650219077591224,0.0,363.0,1.0,363.0,1.0,0.192007839397759
nb2,1,E108::gopalganj,2020-0304-IND,3.0,67.89492240142707,3.3887997385092143,64.89492240142707,3.542000586872924,0.0,313.0,1.0,313.0,0.0,0.20066735704618563
nb2,1,E108::khagaria,2020-0304-IND,0.0,64.68308414564567,3.3887997385092143,64.68308414564567,1.591869582890627,0.0,298.0,1.0,298.0,1.0,0.2035447120722478
nb2,1,E108::kishanganj,2020-0304-IND,2.0,62.709316913017965,3.3887997385092143,60.709316913017965,3.2471992972734416,0.0,289.0,1.0,289.0,0.0,0.20540594838625387
nb2,1,E108::madhepura,2020-0304-IND,0.0,71.3131251046974,3.3887997385092143,71.3131251046974,1.620540020872312,0.0,328.0,1.0,328.0,1.0,0.19779185850617353
nb2,1,E108::madhubani,2020-0304-IND,5.0,83.92605917963007,3.3887997385092143,78.92605917963007,3.9546735539372198,0.0,386.0,1.0,386.0,0.0,0.18854581024946282
nb2,1,E108::muzaffarpur,2020-0304-IND,2.0,80.30301392861699,3.3887997385092143,78.30301392861699,3.3178178358367316,0.0,370.0,1.0,370.0,0.0,0.191008203283415
nb2,1,E108::saharsa,2020-0304-IND,0.0,64.76812778167574,3.3887997385092143,64.76812778167574,1.5922555447279731,0.0,298.0,1.0,298.0,1.0,0.2034661667399198
nb2,1,E108::samastipur,2020-0304-IND,0.0,86.27442108376434,3.3887997385092143,86.27442108376434,1.676529722058439,0.0,397.0,1.0,397.0,1.0,0.1870218690715843
nb2,1,E108::saran,2020-0304-IND,2.0,72.06350094625384,3.3887997385092143,70.06350094625384,3.2868321387617025,0.0,332.0,1.0,332.0,0.0,0.19718436014819168
nb2,1,E108::sheohar,2020-0304-IND,0.0,54.27883760398565,3.3887997385092143,54.27883760398565,1.5403778474394263,0.0,250.0,1.0,250.0,1.0,0.21430011337826935
nb2,1,E108::sitamarhi,2020-0304-IND,1.0,82.70662817595037,3.3887997385092143,81.70662817595037,2.888147822237848,0.0,381.0,1.0,381.0,0.0,0.18935902479791222
nb2,1,E108::siwan,2020-0304-IND,0.0,72.84485834842084,3.3887997385092143,72.84485834842084,1.6267855664186788,0.0,336.0,1.0,336.0,1.0,0.19656039004432807
nb2,1,E108::supaul,2020-0304-IND,2.0,62.69601290288212,3.3887997385092143,60.69601290288212,3.2471389672698105,0.0,289.0,1.0,289.0,0.0,0.20541874921659511
nb2,1,E108::west%20champaran,2020-0304-IND,1.0,68.31950202378519,3.3887997385092143,67.31950202378519,2.83272409652327,0.0,315.0,1.0,315.0,0.0,0.20030013988326847
nb2,1,E109::jashpur,2020-0304-IND,0.0,51.10592899451253,3.3887997385092143,51.10592899451253,1.5227024873828308,0.0,236.0,1.0,236.0,1.0,0.21812161879262706
nb2,1,E109::raigarh,2020-0304-IND,0.0,54.134935718247974,3.3887997385092143,54.134935718247974,1.539598719853689,0.0,249.0,1.0,249.0,1.0,0.21446714556947336
nb2,1,E109::raipur,2020-0304-IND,0.0,67.4929168636722,3.3887997385092143,67.4929168636722,1.6043618697439501,0.0,311.0,1.0,311.0,1.0,0.20101778952418667
nb2,1,E110::ahmedabad,2020-0304-IND,3.0,63.97081748798291,3.3887997385092143,60.97081748798291,3.525307225759762,0.0,295.0,1.0,295.0,0.0,0.20420782383431565
nb2,1,E110::amreli,2020-0304-IND,13.0,48.7021428341724,3.3887997385092143,35.7021428341724,4.516345071874905,0.0,224.0,1.0,224.0,0.0,0.2212262360309895
nb2,1,E110::anand,2020-0304-IND,0.0,57.57595749149757,3.3887997385092143,57.57595749149757,1.5576880955231378,0.0,265.0,1.0,265.0,1.0,0.21062244773593233
nb2,1,E110::bharuch,2020-0304-IND,0.0,45.576107352698585,3.3887997385092143,45.576107352698585,1.4891152013135023,0.0,210.0,1.0,210.0,1.0,0.22557215321365756
nb2,1,E110::bhavnagar,2020-0304-IND,3.0,54.172555756564044,3.3887997385092143,51.172555756564044,3.4789832571386228,0.0,250.0,1.0,250.0,0.0,0.21442342344567425
nb2,1,E110::gandhinagar,2020-0304-IND,0.0,50.6834971660652,3.3887997385092143,50.6834971660652,1.5202673148523964,0.0,234.0,1.0,234.0,1.0,0.21865342983001343
nb2,1,E110::jamnagar,2020-0304-IND,1.0,48.7518225168713,3.3887997385092143,47.7518225168713,2.735378907343145,0.0,225.0,1.0,225.0,0.0,0.22116008860136502
nb2,1,E110::junagadh,2020-0304-IND,2.0,56.966812386961124,3.3887997385092143,54.966812386961124,3.219941861169396,0.0,263.0,1.0,263.0,0.0,0.21128115455039323
nb2,1,E110::kutch,2020-0304-IND,4.0,39.52731377568571,3.3887997385092143,35.52731377568571,3.593882473943862,0.0,182.0,1.0,182.0,0.0,0.23518396843603306
nb2,1,E110::narmada,2020-0304-IND,0.0,46.63000533433489,3.3887997385092143,46.63000533433489,1.4958182243726375,0.0,215.0,1.0,215.0,1.0,0.22406519410237064
nb2,1,E110::navsari,2020-0304-IND,0.0,58.13724077391569,3.3887997385092143,58.13724077391569,1.5605363398545564,0.0,268.0,1.0,268.0,1.0,0.2100233970694145
nb2,1,E110::patan,2020-0304-IND,0.0,46.03069540224462,3.3887997385092143,46.03069540224462,1.4920251740408816,0.0,212.0,1.0,212.0,1.0,0.22491669853989119
nb2,1,E110::porbandar,2020-0304-IND,1.0,39.60206559984801,3.3887997385092143,38.60206559984801,2.675840176317955,0.0,183.0,1.0,183.0,0.0,0.23505385304341628
nb2,1,E110::rajkot,2020-0304-IND,1.0,57.137207624148594,3.3887997385092143,56.137207624148594,2.7810694356214154,0.0,263.0,1.0,263.0,0.0,0.21109598448163303
nb2,1,E110::sabarkantha,2020-0304-IND,0.0,54.471830105832396,3.3887997385092143,54.471830105832396,1.541419547149739,0.0,251.0,1.0,251.0,1.0,0.214076993244509
nb2,1,E110::surat,2020-0304-IND,3.0,79.00892948364228,3.3887997385092143,76.00892948364228,3.5847296345590784,0.0,364.0,1.0,364.0,0.0,0.1919227198504748
nb2,1,E110::surendranagar,2020-0304-IND,0.0,49.550967126515744,3.3887997385092143,49.550967126515744,1.5136377443856004,0.0,228.0,1.0,228.0,1.0,0.22010782382776525
nb2,1,E110::tapi,2020-0304-IND,0.0,52.49144499120491,3.3887997385092143,52.49144499120491,1.5305513259726038,0.0,242.0,1.0,242.0,1.0,0.21641631848169984
nb2,1,E110::vadodara,2020-0304-IND,2.0,68.79918574378318,3.3887997385092143,66.79918574378318,3.273597073233573,0.0,317.0,1.0,317.0,0.0,0.1998887876681177
nb2,1,E111::bagalkot,2020-0304-IND,1.0,52.924891640395266,3.3887997385092143,51.924891640395266,2.7590004504795744,0.0,244.0,1.0,244.0,0.0,0.21589469672865041
nb2,1,E111::belagavi,2020-0304-IND,5.0,75.33235896044508,3.3887997385092143,70.33235896044508,3.9249120884964768,0.0,347.0,1.0,347.0,0.0,0.19463004604424974
nb2,1,E111::chamarajanagar,2020-0304-IND,0.0,56.53021001327221,3.3887997385092143,56.53021001327221,1.5523069669941285,0.0,260.0,1.0,260.0,1.0,0.2117588891245997
nb2,1,E111::chikkamagaluru,2020-0304-IND,0.0,54.343721474487104,3.3887997385092143,54.343721474487104,1.540728476245904,0.0,250.0,1.0,250.0,1.0,0.21422498675683602
nb2,1,E111::kodagu,2020-0304-IND,1.0,53.152483794453495,3.3887997385092143,52.152483794453495,2.760235951864315,0.0,245.0,1.0,245.0,0.0,0.2156230038483716
nb2,1,E111::mysuru,2020-0304-IND,1.0,71.17871342069837,3.3887997385092143,70.17871342069837,2.8445985917418355,0.0,328.0,1.0,328.0,0.0,0.1979015479895201
nb2,1,E111::raichur,2020-0304-IND,0.0,54.0600281484699,3.3887997385092143,54.0600281484699,1.5391923324121424,0.0,249.0,1.0,249.0,1.0,0.21455432003616157
nb2,1,E111::shivamogga,2020-0304-IND,0.0,64.8779279527303,3.3887997385092143,64.8779279527303,1.5927531160907098,0.0,299.0,1.0,299.0,1.0,0.20336495298468543
nb2,1,E111::vijayapura,2020-0304-IND,3.0,54.38463178728319,3.3887997385092143,51.38463178728319,3.4800666111979286,0.0,251.0,1.0,251.0,0.0,0.2141776775918344
nb2,1,E112::alappuzha,2020-0304-IND,1.0,62.579934311840304,3.3887997385092143,61.579934311840304,2.8073405392656245,0.0,288.0,1.0,288.0,0.0,0.20553058627881476
nb2,1,E112::ernakulam,2020-0304-IND,2.0,85.48910060450496,3.3887997385092143,83.48910060450496,3.335775255915574,0.0,394.0,1.0,394.0,0.0,0.1875254738803677
nb2,1,E112::idukki,2020-0304-IND,0.0,66.6986504053111,3.3887997385092143,66.6986504053111,1.6008839123254532,0.0,307.0,1.0,307.0,1.0,0.20171813802167626
nb2,1,E112::kannur,2020-0304-IND,0.0,79.71057971910687,3.3887997385092143,79.71057971910687,1.6532618424963559,0.0,367.0,1.0,367.0,1.0,0.19142449262614378
nb2,1,E112::kasaragod,2020-0304-IND,0.0,65.43316911883461,3.3887997385092143,65.43316911883461,1.59525648279263,0.0,301.0,1.0,301.0,1.0,0.20285649262994349
nb2,1,E112::kollam,2020-0304-IND,0.0,79.45688085775377,3.3887997385092143,79.45688085775377,1.6523246229502702,0.0,366.0,1.0,366.0,1.0,0.19160398350027183
nb2,1,E112::kottayam,2020-0304-IND,0.0,64.38403618618489,3.3887997385092143,64.38403618618489,1.5905083616057525,0.0,297.0,1.0,297.0,1.0,0.20382197012871672
nb2,1,E112::kozhikode,2020-0304-IND,2.0,79.73847194711591,3.3887997385092143,77.73847194711591,3.3157954762860595,0.0,367.0,1.0,367.0,0.0,0.19140480397268317
nb2,1,E112::malappuram,2020-0304-IND,1.0,85.8227818404167,3.3887997385092143,84.8227818404167,2.8988944511454675,0.0,395.0,1.0,395.0,0.0,0.18731076655306197
nb2,1,E112::palakkad,2020-0304-IND,0.0,80.16523486863437,3.3887997385092143,80.16523486863437,1.6549340276237925,0.0,369.0,1.0,369.0,1.0,0.19110466291831324
nb2,1,E112::pathanamthitta,2020-0304-IND,0.0,65.79860452098261,3.3887997385092143,65.79860452098261,1.5968925761424009,0.0,303.0,1.0,303.0,1.0,0.20252487182666287
nb2,1,E112::thiruvananthapuram,2020-0304-IND,3.0,89.18457002138427,3.3887997385092143,86.18457002138427,3.619079684750044,0.0,411.0,1.0,411.0,0.0,0.18520601747940868
nb2,1,E112::thrissur,2020-0304-IND,0.0,71.98420557130592,3.3887997385092143,71.98420557130592,1.6232925932034796,0.0,332.0,1.0,332.0,1.0,0.19724817072237225
nb2,1,E112::wayanad,2020-0304-IND,0.0,61.96564715332086,3.3887997385092143,61.96564715332086,1.5792632237813795,0.0,285.0,1.0,285.0,1.0,0.20612691167827973
nb2,1,E113::balaghat,2020-0304-IND,0.0,58.811513149733166,3.3887997385092143,58.811513149733166,1.5639219931062187,0.0,271.0,1.0,271.0,1.0,0.20931353302702968
nb2,1,E113::barwani,2020-0304-IND,1.0,58.70633022663256,3.3887997385092143,57.70633022663256,2.7888861481408056,0.0,271.0,1.0,271.0,0.0,0.20942357579011384
nb2,1,E113::betul,2020-0304-IND,0.0,55.389765817093256,3.3887997385092143,55.389765817093256,1.5463244866459218,0.0,255.0,1.0,255.0,1.0,0.2130295295182478
nb2,1,E113::bhopal,2020-0304-IND,0.0,85.27370525401341,3.3887997385092143,85.27370525401341,1.6730987101239287,0.0,393.0,1.0,393.0,1.0,0.18766464539244232
nb2,1,E113::chhatarpur,2020-0304-IND,0.0,50.496744520821885,3.3887997385092143,50.496744520821885,1.519184311580807,0.0,233.0,1.0,233.0,1.0,0.2188903604850429
nb2,1,E113::dhar,2020-0304-IND,0.0,61.00324927853934,3.3887997385092143,61.00324927853934,1.5746662409966636,0.0,281.0,1.0,281.0,1.0,0.20707665484671214
nb2,1,E113::dindori,2020-0304-IND,0.0,50.37672522003941,3.3887997385092143,50.37672522003941,1.5184861998951966,0.0,232.0,1.0,232.0,1.0,0.21904322375517432
nb2,1,E113::jhabua,2020-0304-IND,0.0,46.43514248982228,3.3887997385092143,46.43514248982228,1.4945902727157192,0.0,214.0,1.0,214.0,1.0,0.22434050432795594
nb2,1,E113::khandwa,2020-0304-IND,2.0,60.920589724707945,3.3887997385092143,58.920589724707945,3.238975344774273,0.0,281.0,1.0,281.0,0.0,0.2071591273236399
nb2,1,E113::mandsaur,2020-0304-IND,0.0,44.600872457535836,3.3887997385092143,44.600872457535836,1.4827738576164324,0.0,206.0,1.0,206.0,1.0,0.22700712879367188
nb2,1,E113::morena,2020-0304-IND,0.0,53.67273174752573,3.3887997385092143,53.67273174752573,1.5370822036051472,0.0,247.0,1.0,247.0,1.0,0.21500753529065011
nb2,1,E113::narsinghpur,2020-0304-IND,0.0,51.93410012889985,3.3887997385092143,51.93410012889985,1.527419065736058,0.0,239.0,1.0,239.0,1.0,0.2170952534560425
nb2,1,E113::neemuch,2020-0304-IND,0.0,39.05460375878093,3.3887997385092143,39.05460375878093,1.4438634213571973,0.0,180.0,1.0,180.0,1.0,0.2360141728389955
nb2,1,E113::panna,2020-0304-IND,0.0,45.34666799110168,3.3887997385092143,45.34666799110168,1.4876355126446394,0.0,209.0,1.0,209.0,1.0,0.22590617683731948
nb2,1,E113::raisen,2020-0304-IND,0.0,50.96464710798048,3.3887997385092143,50.96464710798048,1.5218902810076125,0.0,235.0,1.0,235.0,1.0,0.21829885052661246
nb2,1,E113::rajgarh,2020-0304-IND,0.0,62.500415373220434,3.3887997385092143,62.500415373220434,1.5817869773985345,0.0,288.0,1.0,288.0,1.0,0.20560735403285182
nb2,1,E113::rewa,2020-0304-IND,0.0,50.13085285514384,3.3887997385092143,50.13085285514384,1.5170508653319377,0.0,231.0,1.0,231.0,1.0,0.2193578498078861
nb2,1,E113::satna,2020-0304-IND,0.0,56.47213301405122,3.3887997385092143,56.47213301405122,1.5520052230564163,0.0,260.0,1.0,260.0,1.0,0.21182279572687976
nb2,1,E113::sehore,2020-0304-IND,0.0,67.05877885731536,3.3887997385092143,67.05877885731536,1.6024659347109231,0.0,309.0,1.0,309.0,1.0,0.20139926770826325
nb2,1,E113::seoni,2020-0304-IND,0.0,54.84495445063085,3.3887997385092143,54.84495445063085,1.5434231615006442,0.0,253.0,1.0,253.0,1.0,0.21364849492468657
nb2,1,E113::shahdol,2020-0304-IND,0.0,57.50942041749716,3.3887997385092143,57.50942041749716,1.5573486217429118,0.0,265.0,1.0,265.0,1.0,0.2106939606721623
nb2,1,E113::shivpuri,2020-0304-IND,0.0,50.724665560858085,3.3887997385092143,50.724665560858085,1.520505522080178,0.0,234.0,1.0,234.0,1.0,0.21860135120564725
nb2,1,E113::tikamgarh,2020-0304-IND,0.0,42.73243352057995,3.3887997385092143,42.73243352057995,1.4702302202082596,0.0,197.0,1.0,197.0,1.0,0.22987255778635232
nb2,1,E113::umaria,2020-0304-IND,0.0,47.93989708774617,3.3887997385092143,47.93989708774617,1.5039426398311753,0.0,221.0,1.0,221.0,1.0,0.22225217022782753
nb2,1,E113::vidisha,2020-0304-IND,1.0,73.65243653888629,3.3887997385092143,72.65243653888629,2.8545002683097174,0.0,339.0,1.0,339.0,0.0,0.1959244884712985
nb2,1,E114::kolhapur,2020-0304-IND,5.0,84.1665247769897,3.3887997385092143,79.1665247769897,3.955464832749495,0.0,388.0,1.0,388.0,0.0,0.1883872476210604
nb2,1,E115::koraput,2020-0304-IND,0.0,52.67008605736297,3.3887997385092143,52.67008605736297,1.5315482875134698,0.0,243.0,1.0,243.0,1.0,0.21620066725121118
nb2,1,E116::ambedkar%20nagar,2020-0304-IND,1.0,51.538356725019156,3.3887997385092143,50.538356725019156,2.751359744401856,0.0,238.0,1.0,238.0,0.0,0.21758305462332797
nb2,1,E116::ayodhya,2020-0304-IND,0.0,62.04140388693266,3.3887997385092143,62.04140388693266,1.5796220605987834,0.0,286.0,1.0,286.0,1.0,0.20605295902257317
nb2,1,E116::azamgarh,2020-0304-IND,0.0,58.13627081871289,3.3887997385092143,58.13627081871289,1.560531441432876,0.0,268.0,1.0,268.0,1.0,0.21002442585509576
nb2,1,E116::bahraich,2020-0304-IND,0.0,58.820414113133275,3.3887997385092143,58.820414113133275,1.5639664278226115,0.0,271.0,1.0,271.0,1.0,0.20930423244618818
nb2,1,E116::balrampur,2020-0304-IND,1.0,59.93693162611123,3.3887997385092143,58.93693162611123,2.7948748802004686,0.0,276.0,1.0,276.0,0.0,0.2081517654717562
nb2,1,E116::barabanki,2020-0304-IND,2.0,66.62797543555409,3.3887997385092143,64.62797543555409,3.264453716026627,0.0,307.0,1.0,307.0,0.0,0.2017809767328652
nb2,1,E116::gonda,2020-0304-IND,1.0,67.53537614623315,3.3887997385092143,66.53537614623315,2.82938233333029,0.0,311.0,1.0,311.0,0.0,0.20098065034691165
nb2,1,E116::gorakhpur,2020-0304-IND,0.0,58.39101506006075,3.3887997385092143,58.39101506006075,1.5618151530935067,0.0,269.0,1.0,269.0,1.0,0.2097549880278496
nb2,1,E116::kushinagar,2020-0304-IND,1.0,72.10760509064282,3.3887997385092143,71.10760509064282,2.848355759159953,0.0,332.0,1.0,332.0,0.0,0.1971489078416733
nb2,1,E116::lakhimpur%20kheri,2020-0304-IND,0.0,66.75297838224192,3.3887997385092143,66.75297838224192,1.6011231157371892,0.0,308.0,1.0,308.0,1.0,0.20166989212537398
nb2,1,E116::mau,2020-0304-IND,0.0,61.2027326661383,3.3887997385092143,61.2027326661383,1.5756249932915802,0.0,282.0,1.0,282.0,1.0,0.20687821477129362
nb2,1,E117::hooghly,2020-0304-IND,0.0,83.4302439223015,3.3887997385092143,83.4302439223015,1.666671930728145,0.0,384.0,1.0,384.0,1.0,0.18887460858739363
nb2,1,E117::howrah,2020-0304-IND,1.0,83.66870084281685,3.3887997385092143,82.66870084281685,2.8915076545254443,0.0,385.0,1.0,385.0,0.0,0.18871616277410153
nb2,1,E117::jalpaiguri,2020-0304-IND,0.0,70.61009257465746,3.3887997385092143,70.61009257465746,1.6176285842418294,0.0,325.0,1.0,325.0,1.0,0.1983685560700828
nb2,1,E117::kolkata,2020-0304-IND,12.0,104.15224909025447,3.3887997385092143,92.15224909025447,4.639375488140404,0.0,479.0,1.0,479.0,0.0,0.17694284848018518
nb2,1,E117::malda,2020-0304-IND,0.0,73.36984616646659,3.3887997385092143,73.36984616646659,1.6288961116498846,0.0,338.0,1.0,338.0,1.0,0.19614597792207009
nb2,1,E117::nadia,2020-0304-IND,0.0,79.64108481943673,3.3887997385092143,79.64108481943673,1.6530054088832282,0.0,367.0,1.0,367.0,1.0,0.19147358659483182
nb2,1,E117::north%2024%20parganas,2020-0304-IND,4.0,85.03267819541226,3.3887997385092143,81.03267819541226,3.8028678543540315,0.0,392.0,1.0,392.0,0.0,0.1878209169977167
nb2,1,E117::south%2024%20parganas,2020-0304-IND,4.0,81.79278895628666,3.3887997385092143,77.79278895628666,3.7919929678280133,0.0,377.0,1.0,377.0,0.0,0.18997865733902033
nb2,1,E142::jamnagar,2021-0585-IND,25.0,50.15138539800134,3.3887997385092143,25.151385398001338,5.050174867057901,0.0,231.0,1.0,231.0,0.0,0.21933149975451371
nb2,1,E142::junagadh,2021-0585-IND,8.0,58.07008576732372,3.3887997385092143,50.07008576732372,4.192816573127726,0.0,268.0,1.0,268.0,0.0,0.2100946775028668
nb2,1,E142::porbandar,2021-0585-IND,5.0,33.62350933389633,3.3887997385092143,28.62350933389633,3.712435106929923,0.0,155.0,1.0,155.0,0.0,0.24658825561267897
nb2,1,E142::rajkot,2021-0585-IND,35.0,63.43075416855972,3.3887997385092143,28.430754168559723,5.370898773280156,0.0,292.0,1.0,292.0,0.0,0.20471699361125623
nb2,1,E142::valsad,2021-0585-IND,3.0,61.30155313866642,3.3887997385092143,58.30155313866642,3.5133887085175646,0.0,282.0,1.0,282.0,0.0,0.20678021964784093
nb2,1,E179::kanyakumari,2023-0846-IND,194.0,67.25847588585097,3.3887997385092143,126.74152411414903,7.279682184135108,0.0,310.0,1.0,310.0,0.0,0.20122339910036743
nb2,1,E179::thoothukudi,2023-0846-IND,338.0,60.331722037004646,3.3887997385092143,277.6682779629954,8.438762671741458,0.0,278.0,0.0,278.0,0.0,0.2077508661031951
nb2,1,E179::tirunelveli,2023-0846-IND,318.0,59.10163874713646,3.3887997385092143,258.89836125286354,8.32436651545906,0.0,272.0,0.0,272.0,0.0,0.20901131244689994
poisson,1,E009::anantnag,2015-0333-IND,8.0,121.144172679864,,113.144172679864,93.37292481410287,103.0,140.0,0.0,37.0,0.0,2.442048530670349e-53
poisson,1,E012::barabanki,2015-0333-IND,3.0,62.82273373516584,,59.82273373516584,52.19354217403538,50.0,76.0,0.0,26.0,0.0,5.205151814369579e-28
poisson,1,E024::barpeta,2015-0406-IND,46.0,60.0191587028002,,14.019158702800198,4.6171978819665895,48.0,73.0,0.0,25.0,0.0,8.590344225745137e-27
poisson,1,E024::bongaigaon,2015-0406-IND,29.0,56.42974898931105,,27.42974898931105,10.7298899264798,44.0,69.0,0.0,25.0,0.0,3.1107950466815834e-25
poisson,1,E024::cachar,2015-0406-IND,32.0,60.89940363068229,,28.899403630682293,10.962214860612697,48.0,74.0,0.0,26.0,0.0,3.5622553877760336e-27
poisson,1,E024::darrang,2015-0406-IND,18.0,61.42375527029788,,43.42375527029788,23.69886070665303,49.0,75.0,0.0,26.0,0.0,2.1086379981169856e-27
poisson,1,E024::dhemaji,2015-0406-IND,51.0,38.42820841835058,,12.571791581649421,4.749420011744462,29.0,49.0,0.0,20.0,0.0,2.0456961813682377e-17
poisson,1,E024::dibrugarh,2015-0406-IND,59.0,49.81460108110941,,9.185398918890591,3.7582499505772446,39.0,62.0,1.0,23.0,0.0,2.321633342157401e-22
poisson,1,E024::goalpara,2015-0406-IND,36.0,58.80934084440831,,22.80934084440831,7.854210179851847,46.0,72.0,0.0,26.0,0.0,2.8802340938657466e-26
poisson,1,E024::jorhat,2015-0406-IND,29.0,56.36510726162439,,27.365107261624388,10.698487485945932,44.0,69.0,0.0,25.0,0.0,3.3185238588493996e-25
poisson,1,E024::kamrup,2015-0406-IND,25.0,63.58210909949276,,38.58210909949276,17.777411139829802,51.0,77.0,0.0,26.0,0.0,2.4357957609070087e-28
poisson,1,E024::kokrajhar,2015-0406-IND,25.0,63.800470928756134,,38.800470928756134,17.910061860437445,51.0,77.0,0.0,26.0,0.0,1.9579767605748774e-28
poisson,1,E024::lakhimpur,2015-0406-IND,30.0,46.176627976608884,,16.176627976608884,5.86065086150839,35.0,58.0,0.0,23.0,0.0,8.825621067520332e-21
poisson,1,E024::morigaon,2015-0406-IND,41.0,52.405174141548535,,11.405174141548535,4.120167408937299,41.0,65.0,1.0,24.0,0.0,1.7406924560627446e-23
poisson,1,E024::nalbari,2015-0406-IND,18.0,65.41352133459549,,47.41352133459549,26.555844806704968,52.0,79.0,0.0,27.0,0.0,3.901832685947881e-29
poisson,1,E024::sivasagar,2015-0406-IND,6.0,61.664299716584544,,55.664299716584544,43.513320012399056,49.0,75.0,0.0,26.0,0.0,1.657810563666886e-27
poisson,1,E024::sonitpur,2015-0406-IND,41.0,59.62144293801974,,18.62144293801974,6.047027821078288,47.0,73.0,0.0,26.0,0.0,1.278604795366274e-26
poisson,1,E024::tinsukia,2015-0406-IND,34.0,55.85145077799224,,21.85145077799224,7.660631268946958,44.0,68.0,0.0,24.0,0.0,5.546552407253168e-25
poisson,1,E028::tawang,2016-0139-IND,20.0,28.935808858775246,,8.935808858775246,3.969827540063392,20.0,38.0,1.0,18.0,0.0,2.712300994649561e-13
poisson,1,E029::barpeta,2016-0139-IND,1.0,66.50172663337705,,65.50172663337705,62.30449872164062,53.0,80.0,0.0,27.0,0.0,1.3142170163305602e-29
poisson,1,E029::dhemaji,2016-0139-IND,0.0,56.7687910997999,,56.7687910997999,56.7687910997999,45.0,69.0,0.0,24.0,1.0,2.2162935423046284e-25
poisson,1,E029::dhubri,2016-0139-IND,1.0,81.55900542379932,,80.55900542379932,77.1576786725789,67.0,97.0,0.0,30.0,0.0,3.7964177471185906e-36
poisson,1,E029::jorhat,2016-0139-IND,27.0,55.810913584056,,28.810913584056003,11.775277487476693,44.0,68.0,0.0,24.0,0.0,5.776013511261654e-25
poisson,1,E029::lakhimpur,2016-0139-IND,15.0,68.66081492005515,,53.660814920055145,33.122406450707636,55.0,83.0,0.0,28.0,0.0,1.5170048079871615e-30
poisson,1,E030::mon,2016-0139-IND,3.0,68.42346699371514,,65.42346699371514,57.538078911467665,55.0,82.0,0.0,27.0,0.0,1.9233833488328072e-30
poisson,1,E038::barpeta,2016-0267-IND,71.0,53.96579970267395,,17.034200297326052,5.494637142731349,42.0,66.0,0.0,24.0,0.0,3.6555352627019445e-24
poisson,1,E038::bongaigaon,2016-0267-IND,67.0,53.35418188849935,,13.645818111500652,4.6353078429563155,42.0,66.0,0.0,24.0,0.0,6.738654954469626e-24
poisson,1,E038::darrang,2016-0267-IND,54.0,46.93792243172276,,7.062077568277239,3.4214345094363168,36.0,58.0,1.0,22.0,0.0,4.122107332852561e-21
poisson,1,E038::dhubri,2016-0267-IND,82.0,67.15742639651684,,14.84257360348316,4.654479182606352,54.0,81.0,0.0,27.0,0.0,6.821820647257364e-30
poisson,1,E038::goalpara,2016-0267-IND,72.0,53.9868415258042,,18.013158474195798,5.775926505217221,42.0,66.0,0.0,24.0,0.0,3.579419749221182e-24
poisson,1,E038::golaghat,2016-0267-IND,82.0,62.3354444368501,,19.664555563149896,5.942261086606685,50.0,76.0,0.0,26.0,0.0,8.473453569854144e-28
poisson,1,E038::jorhat,2016-0267-IND,107.0,57.10029329178866,,49.89970670821134,20.554520261086395,45.0,70.0,0.0,25.0,0.0,1.590954313033554e-25
poisson,1,E038::lakhimpur,2016-0267-IND,71.0,60.49358416036537,,10.506415839634627,3.915158417294492,48.0,74.0,1.0,26.0,0.0,5.345276910225918e-27
poisson,1,E038::morigaon,2016-0267-IND,128.0,44.2521790493805,,83.7478209506195,55.5498669068014,34.0,55.0,0.0,21.0,0.0,6.046761324839237e-20
poisson,1,E038::nalbari,2016-0267-IND,38.0,49.306060393034564,,11.306060393034564,4.148472917932601,38.0,61.0,1.0,23.0,0.0,3.8605576920044627e-22
poisson,1,E056::ambedkar%20nagar,2017-0517-IND,4.0,83.13231377832548,,79.13231377832548,68.62863368703862,68.0,98.0,0.0,30.0,0.0,7.872177143280995e-37
poisson,1,E056::azamgarh,2017-0517-IND,3.0,73.09823720446657,,70.09823720446657,62.01458391884967,59.0,87.0,0.0,28.0,0.0,1.794068187120888e-32
poisson,1,E056::bahraich,2017-0517-IND,33.0,73.93581883807217,,40.935818838072166,16.98477152789053,60.0,88.0,0.0,28.0,0.0,7.763934514232596e-33
poisson,1,E056::ballia,2017-0517-IND,68.0,73.21029769015337,,5.210297690153368,3.2198853960728684,59.0,88.0,1.0,29.0,0.0,1.603879345581779e-32
poisson,1,E056::balrampur,2017-0517-IND,45.0,53.02058260120431,,8.02058260120431,3.4639077295030773,41.0,65.0,1.0,24.0,0.0,9.40705209293981e-24
poisson,1,E056::barabanki,2017-0517-IND,46.0,75.35602485399387,,29.356024853993873,9.486301403901209,61.0,90.0,0.0,29.0,0.0,1.8762652180329586e-33
poisson,1,E056::basti,2017-0517-IND,20.0,67.76325587392832,,47.763255873928316,25.77847034914339,55.0,82.0,0.0,27.0,0.0,3.722133092438415e-30
poisson,1,E056::bijnor,2017-0517-IND,4.0,105.75203590026675,,101.75203590026675,90.2857014516025,89.0,123.0,0.0,34.0,0.0,1.1816105460921206e-46
poisson,1,E056::budaun,2017-0517-IND,1.0,108.81339824845284,,107.81339824845284,104.12376377594688,92.0,126.0,0.0,34.0,0.0,5.532756837437352e-48
poisson,1,E056::deoria,2017-0517-IND,8.0,71.03102818486846,,63.03102818486846,47.53069670148873,57.0,85.0,0.0,28.0,0.0,1.417804712077721e-31
poisson,1,E056::faizabad,2017-0517-IND,19.0,81.5971131644356,,62.5971131644356,37.30291356594392,67.0,97.0,0.0,30.0,0.0,3.6544667383970615e-36
poisson,1,E056::farrukhabad,2017-0517-IND,1.0,85.99943207280921,,84.99943207280921,81.54509138038206,71.0,102.0,0.0,31.0,0.0,4.4763208087205665e-38
poisson,1,E056::ghazipur,2017-0517-IND,1.0,97.31114919803458,,96.31114919803458,92.73323562961022,81.0,114.0,0.0,33.0,0.0,5.474001040557644e-43
poisson,1,E056::gonda,2017-0517-IND,56.0,73.18382491769485,,17.18382491769485,5.130054229987778,59.0,88.0,0.0,29.0,0.0,1.6469054763083018e-32
poisson,1,E056::gorakhpur,2017-0517-IND,124.0,62.503828242967586,,61.496171757032414,26.780245698055126,50.0,76.0,0.0,26.0,0.0,7.160317767086057e-28
poisson,1,E056::kushinagar,2017-0517-IND,6.0,75.99417699423128,,69.99417699423128,56.589487893117216,62.0,91.0,0.0,29.0,0.0,9.91170287480268e-34
poisson,1,E056::lakhimpur%20kheri,2017-0517-IND,17.0,76.68945849927486,,59.68945849927486,36.4185395149979,63.0,91.0,0.0,28.0,0.0,4.9452853221115315e-34
poisson,1,E056::maharajganj,2017-0517-IND,17.0,56.05490969371088,,39.05490969371088,21.11234355408611,44.0,69.0,0.0,25.0,0.0,4.525452766947565e-25
poisson,1,E056::mirzapur,2017-0517-IND,4.0,70.28288647256365,,66.28288647256365,56.45082696885683,57.0,84.0,0.0,27.0,0.0,2.9959201414763384e-31
poisson,1,E056::muzaffarnagar,2017-0517-IND,0.0,81.47535319928215,,81.47535319928215,81.47535319928215,67.0,97.0,0.0,30.0,1.0,4.1276578868757274e-36
poisson,1,E056::pilibhit,2017-0517-IND,2.0,48.545810992944155,,46.545810992944155,41.47394235613179,37.0,60.0,0.0,23.0,0.0,8.256997749881593e-22
poisson,1,E056::sant%20kabir%20nagar,2017-0517-IND,1.0,61.80774997176975,,60.80774997176975,57.68372121109459,49.0,75.0,0.0,26.0,0.0,1.4362672191445469e-27
poisson,1,E056::shravasti,2017-0517-IND,4.0,54.532353778980244,,50.532353778980244,41.715230917923904,43.0,67.0,0.0,24.0,0.0,2.0744342229753767e-24
poisson,1,E056::siddharth%20nagar,2017-0517-IND,26.0,50.789315834264364,,24.789315834264364,9.93118122499218,39.0,63.0,0.0,24.0,0.0,8.759521713994793e-23
poisson,1,E056::sitapur,2017-0517-IND,6.0,92.6066468126411,,86.6066468126411,72.01573251118987,77.0,109.0,0.0,32.0,0.0,6.04566810642781e-41
poisson,1,E064::gajapati,2018-0286-IND,2.0,56.34711494320057,,54.34711494320057,48.977200043167215,44.0,69.0,0.0,25.0,0.0,3.3787721749510894e-25
poisson,1,E064::kandhamal,2018-0286-IND,5.0,67.98869578900967,,62.98869578900967,51.67948026699143,55.0,82.0,0.0,27.0,0.0,2.9708764218382656e-30
poisson,1,E064::malkangiri,2018-0286-IND,15.0,47.52141738071651,,32.52141738071651,17.502981239884612,36.0,59.0,0.0,23.0,0.0,2.2999090350125814e-21
poisson,1,E064::rayagada,2018-0286-IND,18.0,62.29411553830293,,44.29411553830293,24.31595532785147,50.0,76.0,0.0,26.0,0.0,8.830989465009035e-28
poisson,1,E067::barpeta,2018-0345-IND,6.0,55.2614345596031,,49.2614345596031,37.76823409557723,43.0,68.0,0.0,25.0,0.0,1.0006078569241821e-24
poisson,1,E067::darrang,2018-0345-IND,10.0,50.88844929935689,,40.88844929935689,26.696502187248292,39.0,63.0,0.0,24.0,0.0,7.932814093801203e-23
poisson,1,E067::dhemaji,2018-0345-IND,17.0,44.212775896971365,,27.212775896971365,13.304614836183504,34.0,55.0,0.0,21.0,0.0,6.289779175796732e-20
poisson,1,E067::golaghat,2018-0345-IND,28.0,45.235661960226864,,17.235661960226864,6.392603896455,34.0,57.0,0.0,23.0,0.0,2.2615262102997957e-20
poisson,1,E067::lakhimpur,2018-0345-IND,17.0,49.62073398444292,,32.62073398444292,16.75085834010646,38.0,61.0,0.0,23.0,0.0,2.8183118231729387e-22
poisson,1,E067::sivasagar,2018-0345-IND,18.0,41.89486512570534,,23.894865125705337,11.057371496796662,32.0,53.0,0.0,21.0,0.0,6.386916756229954e-19
poisson,1,E067::sonitpur,2018-0345-IND,9.0,56.04183639413212,,47.04183639413212,32.608777461715306,44.0,69.0,0.0,25.0,0.0,4.585003782675138e-25
poisson,1,E067::udalguri,2018-0345-IND,5.0,54.24153647432291,,49.24153647432291,39.0617933643055,42.0,67.0,0.0,25.0,0.0,2.774597682848423e-24
poisson,1,E068::bankura,2018-0345-IND,2.0,45.28096218638466,,43.28096218638466,38.34833600020768,35.0,57.0,0.0,22.0,0.0,2.1613643666089236e-20
poisson,1,E077::ayodhya,2018-0370-IND,1.0,92.43979465756105,,91.43979465756105,87.91323709351649,77.0,109.0,0.0,32.0,0.0,7.14343787233448e-41
poisson,1,E077::azamgarh,2018-0370-IND,5.0,85.06750437416312,,80.06750437416312,67.63777056488169,70.0,101.0,0.0,31.0,0.0,1.1367167538379632e-37
poisson,1,E077::bahraich,2018-0370-IND,3.0,84.16918236200975,,81.16918236200975,72.66245528408707,69.0,100.0,0.0,31.0,0.0,2.7911845587880096e-37
poisson,1,E077::ballia,2018-0370-IND,15.0,63.64330866476958,,48.64330866476958,29.243167161848746,51.0,77.0,0.0,26.0,0.0,2.291195970423162e-28
poisson,1,E077::balrampur,2018-0370-IND,2.0,83.54739794846121,,81.54739794846121,75.38971690719828,69.0,99.0,0.0,30.0,0.0,5.197878140031988e-37
poisson,1,E077::barabanki,2018-0370-IND,11.0,75.56770448906587,,64.56770448906587,45.494693306162944,62.0,90.0,0.0,28.0,0.0,1.5183186628026602e-33
poisson,1,E077::basti,2018-0370-IND,8.0,78.40832675428663,,70.40832675428663,54.1174886144941,64.0,93.0,0.0,29.0,0.0,8.865359580369424e-35
poisson,1,E077::bijnor,2018-0370-IND,2.0,100.55842846800888,,98.55842846800888,92.03009777585748,84.0,117.0,0.0,33.0,0.0,2.1282831540241432e-44
poisson,1,E077::budaun,2018-0370-IND,2.0,80.192495822184,,78.192495822184,72.11678311835847,66.0,95.0,0.0,29.0,0.0,1.4888178750297174e-35
poisson,1,E077::farrukhabad,2018-0370-IND,7.0,56.48770959257136,,49.48770959257136,36.774709357555714,44.0,69.0,0.0,25.0,0.0,2.9356172337575496e-25
poisson,1,E077::gonda,2018-0370-IND,5.0,88.49051853967116,,83.49051853967116,70.86353322680547,73.0,104.0,0.0,31.0,0.0,3.7072860540104445e-39
poisson,1,E077::hardoi,2018-0370-IND,5.0,70.31258049286028,,65.31258049286028,53.83531854971517,57.0,84.0,0.0,27.0,0.0,2.9082670547271496e-31
poisson,1,E077::kannauj,2018-0370-IND,5.0,58.54198386403743,,53.54198386403743,42.98075475820298,46.0,71.0,0.0,25.0,0.0,3.7630453150581284e-26
poisson,1,E077::kanpur%20dehat,2018-0370-IND,2.0,54.415632617826404,,52.415632617826404,47.11547684462842,43.0,67.0,0.0,24.0,0.0,2.3312616787075192e-24
poisson,1,E077::kasganj,2018-0370-IND,0.0,58.57172454552545,,58.57172454552545,58.57172454552545,46.0,71.0,0.0,25.0,1.0,3.6527776285911403e-26
poisson,1,E077::kushinagar,2018-0370-IND,4.0,90.48934770316258,,86.48934770316258,75.6464729781478,75.0,106.0,0.0,31.0,0.0,5.023143920210602e-40
poisson,1,E077::lakhimpur%20kheri,2018-0370-IND,5.0,71.27432994755674,,66.27432994755674,54.72914052129725,58.0,85.0,0.0,27.0,0.0,1.1116083552310355e-31
poisson,1,E077::mau,2018-0370-IND,6.0,77.38077105289021,,71.38077105289021,57.86759238257327,63.0,92.0,0.0,29.0,0.0,2.4771832017316676e-34
poisson,1,E077::moradabad,2018-0370-IND,5.0,119.81564497519517,,114.81564497519517,100.67336536996586,102.0,138.0,0.0,36.0,0.0,9.21990702525809e-53
poisson,1,E077::pilibhit,2018-0370-IND,1.0,44.75476706158489,,43.75476706158489,40.95356909602171,34.0,56.0,0.0,22.0,0.0,3.658066752990498e-20
poisson,1,E077::sitapur,2018-0370-IND,6.0,90.17995731469404,,84.17995731469404,69.74836532875423,75.0,106.0,0.0,31.0,0.0,6.844506810379185e-40
poisson,1,E077::unnao,2018-0370-IND,18.0,61.14648052858509,,43.14648052858509,23.503024233079387,49.0,74.0,0.0,25.0,0.0,2.782408674524665e-27
poisson,1,E106::east%20siang,2020-0304-IND,0.0,23.814666026190487,,23.814666026190487,23.814666026190487,16.0,32.0,0.0,16.0,1.0,4.5438287640640567e-11
poisson,1,E107::baksa,2020-0304-IND,18.0,40.01866579589914,,22.01866579589914,10.00588318093439,30.0,51.0,0.0,21.0,0.0,4.169790847148368e-18
poisson,1,E107::barpeta,2020-0304-IND,59.0,39.07007778406327,,19.929922215936728,7.347849548181529,29.0,50.0,0.0,21.0,0.0,1.0766655343036045e-17
poisson,1,E107::biswanath,2020-0304-IND,45.0,34.61028571968922,,10.389714280310777,4.247428272839649,25.0,45.0,1.0,20.0,0.0,9.309875963012294e-16
poisson,1,E107::bongaigaon,2020-0304-IND,27.0,40.962801462912275,,13.962801462912275,5.2784020058763375,31.0,52.0,0.0,21.0,0.0,1.6221139580790757e-18
poisson,1,E107::cachar,2020-0304-IND,12.0,37.80012621133813,,25.80012621133813,14.19959140846894,28.0,48.0,0.0,20.0,0.0,3.833661568346953e-17
poisson,1,E107::chirang,2020-0304-IND,17.0,44.72238147852295,,27.722381478522948,13.619395559709176,34.0,56.0,0.0,22.0,0.0,3.7784745929954616e-20
poisson,1,E107::darrang,2020-0304-IND,31.0,38.178005710442115,,7.178005710442115,3.360182189118923,28.0,49.0,1.0,21.0,0.0,2.6272584037798694e-17
poisson,1,E107::dhemaji,2020-0304-IND,83.0,34.57499012847622,,48.42500987152378,27.388284284555674,25.0,45.0,0.0,20.0,0.0,9.644341395055325e-16
poisson,1,E107::dhubri,2020-0304-IND,30.0,51.787995185049795,,21.787995185049795,8.031480457215409,40.0,64.0,0.0,24.0,0.0,3.22670648782808e-23
poisson,1,E107::dibrugarh,2020-0304-IND,90.0,36.22077086116622,,53.77922913883378,31.306464333380525,27.0,46.0,0.0,19.0,0.0,1.8600262987508398e-16
poisson,1,E107::goalpara,2020-0304-IND,59.0,35.65942295252897,,23.34057704747103,9.326459421655827,26.0,46.0,0.0,20.0,0.0,3.2606890411991077e-16
poisson,1,E107::golaghat,2020-0304-IND,44.0,45.820604245607996,,1.8206042456079956,2.8495853650933327,35.0,57.0,1.0,22.0,0.0,1.2599822256953783e-20
poisson,1,E107::hojai,2020-0304-IND,33.0,34.43672306592176,,1.4367230659217611,2.7001137268414297,25.0,44.0,1.0,19.0,0.0,1.1074425289435486e-15
poisson,1,E107::jorhat,2020-0304-IND,63.0,44.16149269578172,,18.838507304218282,6.536057281784522,34.0,55.0,0.0,21.0,0.0,6.620753360138024e-20
poisson,1,E107::kamrup,2020-0304-IND,24.0,38.45420912841603,,14.454209128416032,5.651702683165929,29.0,49.0,0.0,20.0,0.0,1.9931921568883034e-17
poisson,1,E107::kamrup%20metropolitan,2020-0304-IND,0.0,59.33793251706029,,59.33793251706029,59.33793251706029,47.0,72.0,0.0,25.0,1.0,1.6977093491755195e-26
poisson,1,E107::karbi%20anglong,2020-0304-IND,5.0,48.26067429319033,,43.26067429319033,33.66508087501283,37.0,60.0,0.0,23.0,0.0,1.0981343118379443e-21
poisson,1,E107::kokrajhar,2020-0304-IND,31.0,48.52045323872075,,17.520453238720748,6.271128607475347,37.0,60.0,0.0,23.0,0.0,8.469053941001067e-22
poisson,1,E107::lakhimpur,2020-0304-IND,46.0,40.673880285843154,,5.326119714156846,3.1694935984816084,30.0,51.0,1.0,21.0,0.0,2.1655002303596742e-18
poisson,1,E107::majuli,2020-0304-IND,50.0,21.877740817797676,,28.122259182202324,16.082021823427286,14.0,30.0,0.0,16.0,0.0,3.1522299157287525e-10
poisson,1,E107::morigaon,2020-0304-IND,36.0,35.529828191092776,,0.47017180890722443,2.716110054110942,26.0,46.0,1.0,20.0,0.0,3.7118607353807497e-16
poisson,1,E107::nagaon,2020-0304-IND,44.0,46.171511927668945,,2.171511927668945,2.8648118270448037,35.0,58.0,1.0,23.0,0.0,8.87088907476049e-21
poisson,1,E107::nalbari,2020-0304-IND,53.0,31.260667458421928,,21.739332541578072,9.146679815131115,22.0,41.0,0.0,19.0,0.0,2.6525563714990562e-14
poisson,1,E107::sivasagar,2020-0304-IND,60.0,37.0208141352598,,22.979185864740202,8.960169638625587,27.0,47.0,0.0,20.0,0.0,8.357275239149088e-17
poisson,1,E107::sonitpur,2020-0304-IND,17.0,45.67676594864529,,28.67676594864529,14.214813395999037,35.0,57.0,0.0,22.0,0.0,1.4548981690042904e-20
poisson,1,E107::south%20salmara,2020-0304-IND,29.0,34.395236725005816,,5.395236725005816,3.0526511548034705,25.0,44.0,1.0,19.0,0.0,1.1543526029567615e-15
poisson,1,E107::tinsukia,2020-0304-IND,81.0,39.90269971335952,,41.09730028664048,19.368310482465155,30.0,51.0,0.0,21.0,0.0,4.68249908783597e-18
poisson,1,E107::udalguri,2020-0304-IND,34.0,42.90191185179608,,8.90191185179608,3.6795821254631633,32.0,54.0,1.0,22.0,0.0,2.333116471053353e-19
poisson,1,E107::west%20karbi%20anglong,2020-0304-IND,22.0,36.41357120085111,,14.41357120085111,5.796038665093164,27.0,47.0,0.0,20.0,0.0,1.533864376018273e-16
poisson,1,E108::darbhanga,2020-0304-IND,3.0,84.19800464036136,,81.19800464036136,72.6902504402608,69.0,100.0,0.0,31.0,0.0,2.7118845535398436e-37
poisson,1,E108::east%20champaran,2020-0304-IND,0.0,87.7524040308111,,87.7524040308111,87.7524040308111,73.0,103.0,0.0,30.0,1.0,7.75559560166059e-39
poisson,1,E108::gopalganj,2020-0304-IND,3.0,75.51644690354333,,72.51644690354333,64.33515495583127,62.0,90.0,0.0,28.0,0.0,1.5981731014047488e-33
poisson,1,E108::khagaria,2020-0304-IND,0.0,75.88656068977767,,75.88656068977767,75.88656068977767,62.0,90.0,0.0,28.0,1.0,1.1037874244810805e-33
poisson,1,E108::kishanganj,2020-0304-IND,2.0,70.67487671610554,,68.67487671610554,62.851843578264635,57.0,85.0,0.0,28.0,0.0,2.024375315329662e-31
poisson,1,E108::madhepura,2020-0304-IND,0.0,89.55591782222474,,89.55591782222474,89.55591782222474,74.0,105.0,0.0,31.0,1.0,1.2774945852604225e-39
poisson,1,E108::madhubani,2020-0304-IND,5.0,103.78052259000332,,98.78052259000332,85.3566227853707,87.0,121.0,0.0,34.0,0.0,8.485778865720644e-46
poisson,1,E108::muzaffarpur,2020-0304-IND,2.0,92.6397008038191,,90.6397008038191,84.27541241607044,77.0,109.0,0.0,32.0,0.0,5.849101203057e-41
poisson,1,E108::saharsa,2020-0304-IND,0.0,73.57885945153276,,73.57885945153276,73.57885945153276,60.0,88.0,0.0,28.0,1.0,1.1094490317239508e-32
poisson,1,E108::samastipur,2020-0304-IND,0.0,111.68771617690484,,111.68771617690484,111.68771617690484,95.0,129.0,0.0,34.0,1.0,3.1234975382204054e-49
poisson,1,E108::saran,2020-0304-IND,2.0,76.92225134402594,,74.92225134402594,68.9298081467152,63.0,92.0,0.0,29.0,0.0,3.9182370393107855e-34
poisson,1,E108::sheohar,2020-0304-IND,0.0,65.80404777084995,,65.80404777084995,65.80404777084995,53.0,79.0,0.0,26.0,1.0,2.640372289529998e-29
poisson,1,E108::sitamarhi,2020-0304-IND,1.0,107.76451320773126,,106.76451320773126,103.08456479447452,91.0,125.0,0.0,34.0,0.0,1.579307031209317e-47
poisson,1,E108::siwan,2020-0304-IND,0.0,82.29320640489189,,82.29320640489189,82.29320640489189,68.0,97.0,0.0,29.0,1.0,1.8218581519919365e-36
poisson,1,E108::supaul,2020-0304-IND,2.0,65.79226473283586,,63.79226473283586,58.11240736505752,53.0,79.0,0.0,26.0,0.0,2.6716679132614344e-29
poisson,1,E108::west%20champaran,2020-0304-IND,1.0,68.55254295527337,,67.55254295527337,64.32494245359608,55.0,82.0,0.0,27.0,0.0,1.690475473359533e-30
poisson,1,E109::jashpur,2020-0304-IND,0.0,53.96678193018931,,53.96678193018931,53.96678193018931,42.0,66.0,0.0,24.0,1.0,3.651946458183334e-24
poisson,1,E109::raigarh,2020-0304-IND,0.0,52.95116248111737,,52.95116248111737,52.95116248111737,41.0,65.0,0.0,24.0,1.0,1.0083291537307377e-23
poisson,1,E109::raipur,2020-0304-IND,0.0,66.20692114751576,,66.20692114751576,66.20692114751576,53.0,80.0,0.0,27.0,1.0,1.7648162005756333e-29
poisson,1,E110::ahmedabad,2020-0304-IND,3.0,50.825426692189076,,47.825426692189076,40.83199589701667,39.0,63.0,0.0,24.0,0.0,8.448850922962301e-23
poisson,1,E110::amreli,2020-0304-IND,13.0,41.90477027893381,,28.90477027893381,15.896738427426197,32.0,53.0,0.0,21.0,0.0,6.323965651956561e-19
poisson,1,E110::anand,2020-0304-IND,0.0,55.53625630656833,,55.53625630656833,55.53625630656833,44.0,68.0,0.0,24.0,1.0,7.6016932481242565e-25
poisson,1,E110::bharuch,2020-0304-IND,0.0,36.039723468794136,,36.039723468794136,36.039723468794136,26.0,46.0,0.0,20.0,1.0,2.229189394377402e-16
poisson,1,E110::bhavnagar,2020-0304-IND,3.0,44.79478026339742,,41.79478026339742,35.18026487066001,34.0,56.0,0.0,22.0,0.0,3.514585504782278e-20
poisson,1,E110::gandhinagar,2020-0304-IND,0.0,46.7119112819614,,46.7119112819614,46.7119112819614,36.0,58.0,0.0,22.0,1.0,5.167431057430689e-21
poisson,1,E110::jamnagar,2020-0304-IND,1.0,38.33146944195711,,37.33146944195711,34.68519822669741,28.0,49.0,0.0,21.0,0.0,2.2534832696118548e-17
poisson,1,E110::junagadh,2020-0304-IND,2.0,50.61631948106063,,48.61631948106063,43.46091857425303,39.0,63.0,0.0,24.0,0.0,1.0413860485219236e-22
poisson,1,E110::kutch,2020-0304-IND,4.0,24.465758154640646,,20.465758154640646,14.854713930513347,17.0,33.0,0.0,16.0,0.0,2.3694974074564745e-11
poisson,1,E110::narmada,2020-0304-IND,0.0,48.561962049721494,,48.561962049721494,48.561962049721494,37.0,60.0,0.0,23.0,1.0,8.124709682132003e-22
poisson,1,E110::navsari,2020-0304-IND,0.0,63.73908045206471,,63.73908045206471,63.73908045206471,51.0,77.0,0.0,26.0,1.0,2.0819441647895036e-28
poisson,1,E110::patan,2020-0304-IND,0.0,38.21168526598041,,38.21168526598041,38.21168526598041,28.0,49.0,0.0,21.0,1.0,2.5402469860828428e-17
poisson,1,E110::porbandar,2020-0304-IND,1.0,34.08582107230518,,33.08582107230518,30.556939578817527,25.0,44.0,0.0,19.0,0.0,1.5729539094619542e-15
poisson,1,E110::rajkot,2020-0304-IND,1.0,46.8370749023233,,45.8370749023233,42.99039981425593,36.0,58.0,0.0,22.0,0.0,4.5594958151107804e-21
poisson,1,E110::sabarkantha,2020-0304-IND,0.0,47.36893610856683,,47.36893610856683,47.36893610856683,36.0,59.0,0.0,23.0,1.0,2.6787515443064674e-21
poisson,1,E110::surat,2020-0304-IND,3.0,84.14373203744607,,81.14373203744607,72.6379122098618,69.0,100.0,0.0,31.0,0.0,2.8631327810530907e-37
poisson,1,E110::surendranagar,2020-0304-IND,0.0,41.8850132671134,,41.8850132671134,41.8850132671134,32.0,53.0,0.0,21.0,1.0,6.450150731590536e-19
poisson,1,E110::tapi,2020-0304-IND,0.0,58.00445205175292,,58.00445205175292,58.00445205175292,46.0,71.0,0.0,25.0,1.0,6.441493132352216e-26
poisson,1,E110::vadodara,2020-0304-IND,2.0,68.59428370795314,,66.59428370795314,60.83101248173813,55.0,82.0,0.0,27.0,0.0,1.6213661265462085e-30
poisson,1,E111::bagalkot,2020-0304-IND,1.0,47.44982606960304,,46.44982606960304,43.590153210104866,36.0,59.0,0.0,23.0,0.0,2.4705996223721335e-21
poisson,1,E111::belagavi,2020-0304-IND,5.0,80.68804643243536,,75.68804643243536,63.5225859712638,66.0,96.0,0.0,30.0,0.0,9.070404995636519e-36
poisson,1,E111::chamarajanagar,2020-0304-IND,0.0,64.1785995525998,,64.1785995525998,64.1785995525998,51.0,78.0,0.0,27.0,1.0,1.341492836878557e-28
poisson,1,E111::chikkamagaluru,2020-0304-IND,0.0,57.26851225959833,,57.26851225959833,57.26851225959833,45.0,70.0,0.0,25.0,1.0,1.344624867531287e-25
poisson,1,E111::kodagu,2020-0304-IND,1.0,65.64637903859145,,64.64637903859145,61.462096594906924,53.0,79.0,0.0,26.0,0.0,3.091290552465548e-29
poisson,1,E111::mysuru,2020-0304-IND,1.0,80.36889039609876,,79.36889039609876,75.98226323016456,66.0,95.0,0.0,29.0,0.0,1.2480568960514086e-35
poisson,1,E111::raichur,2020-0304-IND,0.0,49.43547050773023,,49.43547050773023,49.43547050773023,38.0,61.0,0.0,23.0,1.0,3.391938334709863e-22
poisson,1,E111::shivamogga,2020-0304-IND,0.0,75.40550099434832,,75.40550099434832,75.40550099434832,61.0,90.0,0.0,29.0,1.0,1.785693891549048e-33
poisson,1,E111::vijayapura,2020-0304-IND,3.0,48.54809769756932,,45.54809769756932,38.69219213189742,37.0,60.0,0.0,23.0,0.0,8.238138006486362e-22
poisson,1,E112::alappuzha,2020-0304-IND,1.0,66.3152615718305,,65.3152615718305,62.120841511507884,53.0,80.0,0.0,27.0,0.0,1.5836085336427134e-29
poisson,1,E112::ernakulam,2020-0304-IND,2.0,117.08505380307267,,115.08505380307267,108.25239973108191,100.0,135.0,0.0,35.0,0.0,1.4145139015821896e-51
poisson,1,E112::idukki,2020-0304-IND,0.0,90.09870340306213,,90.09870340306213,90.09870340306213,75.0,106.0,0.0,31.0,1.0,7.42386875386621e-40
poisson,1,E112::kannur,2020-0304-IND,0.0,107.55541392753119,,107.55541392753119,107.55541392753119,91.0,125.0,0.0,34.0,1.0,1.9466023012304173e-47
poisson,1,E112::kasaragod,2020-0304-IND,0.0,82.83365598446217,,82.83365598446217,82.83365598446217,68.0,98.0,0.0,30.0,1.0,1.0612074496947488e-36
poisson,1,E112::kollam,2020-0304-IND,0.0,105.62060961219377,,105.62060961219377,105.62060961219377,89.0,123.0,0.0,34.0,1.0,1.347572284171649e-46
poisson,1,E112::kottayam,2020-0304-IND,0.0,71.92232799682714,,71.92232799682714,71.92232799682714,58.0,86.0,0.0,28.0,1.0,5.814733638463684e-32
poisson,1,E112::kozhikode,2020-0304-IND,2.0,102.2022267345588,,100.2022267345588,93.64146698403549,86.0,119.0,0.0,33.0,0.0,4.112793371874817e-45
poisson,1,E112::malappuram,2020-0304-IND,1.0,111.42982256677098,,110.42982256677098,106.71642756804236,94.0,129.0,0.0,35.0,0.0,4.0424340167034384e-49
poisson,1,E112::palakkad,2020-0304-IND,0.0,105.92259269184657,,105.92259269184657,105.92259269184657,89.0,123.0,0.0,34.0,1.0,9.963283429570988e-47
poisson,1,E112::pathanamthitta,2020-0304-IND,0.0,85.76098473870326,,85.76098473870326,85.76098473870326,71.0,101.0,0.0,30.0,1.0,5.681690405564581e-38
poisson,1,E112::thiruvananthapuram,2020-0304-IND,3.0,128.20824904229792,,125.20824904229792,115.43904084896525,110.0,147.0,0.0,37.0,0.0,2.088646326299466e-56
poisson,1,E112::thrissur,2020-0304-IND,0.0,81.53792020799457,,81.53792020799457,81.53792020799457,67.0,97.0,0.0,30.0,1.0,3.877315915103914e-36
poisson,1,E112::wayanad,2020-0304-IND,0.0,83.00516135294076,,83.00516135294076,83.00516135294076,68.0,98.0,0.0,30.0,1.0,8.939566408477325e-37
poisson,1,E113::balaghat,2020-0304-IND,0.0,61.34427724364079,,61.34427724364079,61.34427724364079,49.0,74.0,0.0,25.0,1.0,2.2830682619232426e-27
poisson,1,E113::barwani,2020-0304-IND,1.0,64.41745677280733,,63.41745677280733,60.25207210852855,52.0,78.0,0.0,26.0,0.0,1.0564622550480264e-28
poisson,1,E113::betul,2020-0304-IND,0.0,54.909166984985085,,54.909166984985085,54.909166984985085,43.0,67.0,0.0,24.0,1.0,1.4231535894967304e-24
poisson,1,E113::bhopal,2020-0304-IND,0.0,126.59922124692332,,126.59922124692332,126.59922124692332,108.0,145.0,0.0,37.0,1.0,1.0438949562183806e-55
poisson,1,E113::chhatarpur,2020-0304-IND,0.0,43.60827930244547,,43.60827930244547,43.60827930244547,33.0,55.0,0.0,22.0,1.0,1.1512375157446324e-19
poisson,1,E113::dhar,2020-0304-IND,0.0,62.295208722001426,,62.295208722001426,62.295208722001426,50.0,76.0,0.0,26.0,1.0,8.82134084610165e-28
poisson,1,E113::dindori,2020-0304-IND,0.0,54.91648447094943,,54.91648447094943,54.91648447094943,43.0,67.0,0.0,24.0,1.0,1.4127776921207886e-24
poisson,1,E113::jhabua,2020-0304-IND,0.0,41.754844496239585,,41.754844496239585,41.754844496239585,31.0,53.0,0.0,22.0,1.0,7.346854560294738e-19
poisson,1,E113::khandwa,2020-0304-IND,2.0,70.84899151290787,,68.84899151290787,63.021037229628305,57.0,85.0,0.0,28.0,0.0,1.7008810302566152e-31
poisson,1,E113::mandsaur,2020-0304-IND,0.0,35.694549576049134,,35.694549576049134,35.694549576049134,26.0,46.0,0.0,20.0,1.0,3.148140345062145e-16
poisson,1,E113::morena,2020-0304-IND,0.0,48.42857638780237,,48.42857638780237,48.42857638780237,37.0,60.0,0.0,23.0,1.0,9.284029427118472e-22
poisson,1,E113::narsinghpur,2020-0304-IND,0.0,52.43265091997106,,52.43265091997106,52.43265091997106,41.0,65.0,0.0,24.0,1.0,1.6935149462471612e-23
poisson,1,E113::neemuch,2020-0304-IND,0.0,30.26564150407292,,30.26564150407292,30.26564150407292,22.0,40.0,0.0,18.0,1.0,7.174619994784244e-14
poisson,1,E113::panna,2020-0304-IND,0.0,39.73616829288258,,39.73616829288258,39.73616829288258,30.0,50.0,0.0,20.0,1.0,5.530970962313502e-18
poisson,1,E113::raisen,2020-0304-IND,0.0,47.81874851182737,,47.81874851182737,47.81874851182737,37.0,59.0,0.0,22.0,1.0,1.7083678500295402e-21
poisson,1,E113::rajgarh,2020-0304-IND,0.0,71.79446032633459,,71.79446032633459,71.79446032633459,58.0,86.0,0.0,28.0,1.0,6.607878501513941e-32
poisson,1,E113::rewa,2020-0304-IND,0.0,39.7957823088084,,39.7957823088084,39.7957823088084,30.0,50.0,0.0,20.0,1.0,5.2108832184075234e-18
poisson,1,E113::satna,2020-0304-IND,0.0,52.385584170360964,,52.385584170360964,52.385584170360964,41.0,65.0,0.0,24.0,1.0,1.7751287730660073e-23
poisson,1,E113::sehore,2020-0304-IND,0.0,87.31718793543352,,87.31718793543352,87.31718793543352,72.0,103.0,0.0,31.0,1.0,1.1984698262821577e-38
poisson,1,E113::seoni,2020-0304-IND,0.0,55.608726575085555,,55.608726575085555,55.608726575085555,44.0,68.0,0.0,24.0,1.0,7.070284713622387e-25
poisson,1,E113::shahdol,2020-0304-IND,0.0,65.88726024741746,,65.88726024741746,65.88726024741746,53.0,80.0,0.0,27.0,1.0,2.4295533877462018e-29
poisson,1,E113::shivpuri,2020-0304-IND,0.0,44.2749063029095,,44.2749063029095,44.2749063029095,34.0,55.0,0.0,21.0,1.0,5.910884944268368e-20
poisson,1,E113::tikamgarh,2020-0304-IND,0.0,31.89247653541436,,31.89247653541436,31.89247653541436,23.0,41.0,0.0,18.0,1.0,1.41017634860524e-14
poisson,1,E113::umaria,2020-0304-IND,0.0,50.42743721617138,,50.42743721617138,50.42743721617138,39.0,62.0,0.0,23.0,1.0,1.2578888875528535e-22
poisson,1,E113::vidisha,2020-0304-IND,1.0,104.225826015651,,103.225826015651,99.57926606660347,88.0,121.0,0.0,33.0,0.0,5.436243352260721e-46
poisson,1,E114::kolhapur,2020-0304-IND,5.0,108.4374879819219,,103.4374879819219,89.79411042814579,92.0,126.0,0.0,34.0,0.0,8.057444782825237e-48
poisson,1,E115::koraput,2020-0304-IND,0.0,50.90944513474849,,50.90944513474849,50.90944513474849,39.0,63.0,0.0,24.0,1.0,7.76799435364124e-23
poisson,1,E116::ambedkar%20nagar,2020-0304-IND,1.0,42.12225621224775,,41.12225621224775,38.38167996012392,32.0,53.0,0.0,21.0,0.0,5.087876508622067e-19
poisson,1,E116::ayodhya,2020-0304-IND,0.0,62.62297864119295,,62.62297864119295,62.62297864119295,50.0,76.0,0.0,26.0,1.0,6.356029962037618e-28
poisson,1,E116::azamgarh,2020-0304-IND,0.0,46.287203853286705,,46.287203853286705,46.287203853286705,35.0,58.0,0.0,23.0,1.0,7.901740878696363e-21
poisson,1,E116::bahraich,2020-0304-IND,0.0,51.024969077216014,,51.024969077216014,51.024969077216014,40.0,63.0,0.0,23.0,1.0,6.920500278843681e-23
poisson,1,E116::balrampur,2020-0304-IND,1.0,60.210840606022494,,59.210840606022494,56.112988193407546,48.0,73.0,0.0,25.0,0.0,7.091925652150797e-27
poisson,1,E116::barabanki,2020-0304-IND,2.0,68.12116348645982,,66.12116348645982,60.37173479581471,55.0,82.0,0.0,27.0,0.0,2.6022834337877435e-30
poisson,1,E116::gonda,2020-0304-IND,1.0,69.2320414748034,,68.2320414748034,64.9945776922512,56.0,83.0,0.0,27.0,0.0,8.56853187396463e-31
poisson,1,E116::gorakhpur,2020-0304-IND,0.0,47.19193430007748,,47.19193430007748,47.19193430007748,36.0,59.0,0.0,23.0,1.0,3.1974469165900096e-21
poisson,1,E116::kushinagar,2020-0304-IND,1.0,79.09510884713144,,78.09510884713144,74.72445780932493,65.0,94.0,0.0,29.0,0.0,4.46098417023217e-35
poisson,1,E116::lakhimpur%20kheri,2020-0304-IND,0.0,64.81053248828162,,64.81053248828162,64.81053248828162,52.0,78.0,0.0,26.0,1.0,7.130883990266838e-29
poisson,1,E116::mau,2020-0304-IND,0.0,62.59204484056935,,62.59204484056935,62.59204484056935,50.0,76.0,0.0,26.0,1.0,6.555718769250764e-28
poisson,1,E117::hooghly,2020-0304-IND,0.0,97.13975731554248,,97.13975731554248,97.13975731554248,81.0,114.0,0.0,33.0,1.0,6.497397312164119e-43
poisson,1,E117::howrah,2020-0304-IND,1.0,101.04860627064697,,100.04860627064697,96.43300461936502,85.0,118.0,0.0,33.0,0.0,1.303610628437223e-44
poisson,1,E117::jalpaiguri,2020-0304-IND,0.0,73.96397531217018,,73.96397531217018,73.96397531217018,60.0,88.0,0.0,28.0,1.0,7.54837838413475e-33
poisson,1,E117::kolkata,2020-0304-IND,12.0,166.06463530298169,,154.06463530298169,124.70332481623885,145.0,188.0,0.0,43.0,0.0,7.569117526717784e-73
poisson,1,E117::malda,2020-0304-IND,0.0,79.80282525448774,,79.80282525448774,79.80282525448774,65.0,95.0,0.0,30.0,1.0,2.1982311193709245e-35
poisson,1,E117::nadia,2020-0304-IND,0.0,89.27841100718369,,89.27841100718369,89.27841100718369,74.0,105.0,0.0,31.0,1.0,1.686082211371759e-39
poisson,1,E117::north%2024%20parganas,2020-0304-IND,4.0,86.88141265165466,,82.88141265165466,72.20129001857823,72.0,102.0,0.0,30.0,0.0,1.8530276744204382e-38
poisson,1,E117::south%2024%20parganas,2020-0304-IND,4.0,84.12836818604312,,80.12836818604312,69.57704671624657,69.0,99.0,0.0,30.0,0.0,2.9074611831741385e-37
poisson,1,E142::jamnagar,2021-0585-IND,25.0,40.30805675372389,,15.30805675372389,5.897877766238153,30.0,51.0,0.0,21.0,0.0,3.122003428194195e-18
poisson,1,E142::junagadh,2021-0585-IND,8.0,52.178558247462064,,44.178558247462064,31.145787958526604,41.0,64.0,0.0,23.0,0.0,2.1834340537443465e-23
poisson,1,E142::porbandar,2021-0585-IND,5.0,23.588306986421998,,18.588306986421998,12.572043116352255,16.0,32.0,0.0,16.0,0.0,5.69807863543142e-11
poisson,1,E142::rajkot,2021-0585-IND,35.0,58.14993368393071,,23.149933683930712,8.080243438965965,46.0,71.0,0.0,25.0,0.0,5.569352135142886e-26
poisson,1,E142::valsad,2021-0585-IND,3.0,66.34541737673472,,63.345417376734716,55.552552773041576,53.0,80.0,0.0,27.0,0.0,1.5365664051301353e-29
poisson,1,E179::kanyakumari,2023-0846-IND,194.0,77.51630053989173,,116.48369946010827,65.03936126851202,63.0,92.0,0.0,29.0,0.0,2.1632086853504815e-34
poisson,1,E179::thoothukudi,2023-0846-IND,338.0,62.21946440027062,,275.7805355997294,300.07394055672097,50.0,75.0,0.0,25.0,0.0,9.51546341856524e-28
poisson,1,E179::tirunelveli,2023-0846-IND,318.0,51.453087302692275,,266.54691269730773,316.45244500236714,40.0,64.0,0.0,24.0,0.0,4.510327810692344e-23
nb2,2,E023::baksa,2015-0374-IND,30.0,43.52855629314405,3.430780174405306,13.52855629314405,5.200732640995714,0.0,201.0,1.0,201.0,0.0,0.2319697367387077
nb2,2,E023::barpeta,2015-0374-IND,43.0,46.70270735734794,3.430780174405306,3.70270735734794,5.542458776010659,0.0,216.0,1.0,216.0,0.0,0.22728914983252543
nb2,2,E023::bongaigaon,2015-0374-IND,74.0,37.32049978297388,3.430780174405306,36.67950021702612,6.169339317655165,0.0,173.0,1.0,173.0,0.0,0.2425325012650613
nb2,2,E023::cachar,2015-0374-IND,3.0,54.49074179840157,3.430780174405306,51.49074179840157,3.4817946102221162,0.0,252.0,1.0,252.0,0.0,0.2173539423927419
nb2,2,E023::goalpara,2015-0374-IND,46.0,40.28085993107988,3.430780174405306,5.719140068920119,5.611385370485444,0.0,186.0,1.0,186.0,0.0,0.2372352196935195
nb2,2,E023::kamrup,2015-0374-IND,22.0,46.59675805274358,3.430780174405306,24.59675805274358,4.938936204323605,0.0,216.0,1.0,216.0,0.0,0.22743872953965338
nb2,2,E023::kokrajhar,2015-0374-IND,84.0,41.48355240640027,3.430780174405306,42.51644759359973,6.302022726334349,0.0,192.0,1.0,192.0,0.0,0.23522379228272347
nb2,2,E023::lakhimpur,2015-0374-IND,42.0,44.51205632261934,3.430780174405306,2.512056322619337,5.51852686416207,0.0,206.0,1.0,206.0,0.0,0.23047382045143794
nb2,2,E023::nagaon,2015-0374-IND,44.0,59.50531049064742,3.430780174405306,15.505310490647418,5.5763843467158045,0.0,275.0,1.0,275.0,0.0,0.2118752265100029
nb2,2,E023::sonitpur,2015-0374-IND,40.0,50.67744346858889,3.430780174405306,10.67744346858889,5.476935725227988,0.0,234.0,1.0,234.0,0.0,0.221973318318072
nb2,2,E035::gopalganj,2016-0271-IND,56.0,54.22057012242636,3.430780174405306,1.7794298775736408,5.805014298211552,0.0,251.0,1.0,251.0,0.0,0.21766738706574754
nb2,2,E035::muzaffarpur,2016-0271-IND,73.0,68.2046271399344,3.430780174405306,4.795372860065598,6.070048282059117,0.0,315.0,1.0,315.0,0.0,0.20365093964311826
nb2,2,E036::bahraich,2016-0271-IND,13.0,57.81459340062224,3.430780174405306,44.81459340062224,4.560174410627501,0.0,267.0,1.0,267.0,0.0,0.21365395760398684
nb2,2,E036::ballia,2016-0271-IND,7.0,56.87450588001705,3.430780174405306,49.87450588001705,4.094127608519241,0.0,263.0,1.0,263.0,0.0,0.21467216142211434
nb2,2,E036::barabanki,2016-0271-IND,19.0,57.380281608098635,3.430780174405306,38.380281608098635,4.855229279103303,0.0,265.0,1.0,265.0,0.0,0.21412169408031514
nb2,2,E036::basti,2016-0271-IND,7.0,51.96168084870222,3.430780174405306,44.96168084870222,4.07130943256643,0.0,240.0,1.0,240.0,0.0,0.22036911684712218
nb2,2,E036::ghazipur,2016-0271-IND,0.0,58.04036158184568,3.430780174405306,58.04036158184568,1.5445279251557837,0.0,268.0,1.0,268.0,1.0,0.21341259416380517
nb2,2,E036::jalaun,2016-0271-IND,0.0,49.454426599026945,3.430780174405306,49.454426599026945,1.49811867523867,0.0,229.0,1.0,229.0,1.0,0.22355033556299236
nb2,2,E036::kushinagar,2016-0271-IND,7.0,61.206218491938515,3.430780174405306,54.206218491938515,4.112890980539573,0.0,283.0,1.0,283.0,0.0,0.21015013763242604
nb2,2,E036::lakhimpur%20kheri,2016-0271-IND,1.0,62.23292620654,3.430780174405306,61.23292620654,2.802219578896134,0.0,288.0,1.0,288.0,0.0,0.2091383790644989
nb2,2,E036::mirzapur,2016-0271-IND,0.0,52.79143514275484,3.430780174405306,52.79143514275484,1.5170435101303774,0.0,244.0,1.0,244.0,1.0,0.21935946323501884
nb2,2,E036::pilibhit,2016-0271-IND,6.0,48.87577008247507,3.430780174405306,42.87577008247507,3.9433713381949427,0.0,226.0,1.0,226.0,0.0,0.22431403937090574
nb2,2,E036::siddharthnagar,2016-0271-IND,4.0,50.70045493391791,3.430780174405306,46.70045493391791,3.6627791099360887,0.0,235.0,1.0,235.0,0.0,0.22194411581235957
nb2,2,E036::varanasi,2016-0271-IND,8.0,59.9074348919814,3.430780174405306,51.9074348919814,4.2049773302520235,0.0,277.0,1.0,277.0,0.0,0.21146171319885534
nb2,2,E051::barpeta,2017-0289-IND,100.0,45.28984082648852,3.430780174405306,54.71015917351148,6.504147523098972,0.0,210.0,1.0,210.0,0.0,0.2293205155023394
nb2,2,E051::bongaigaon,2017-0289-IND,44.0,35.99727780215467,3.430780174405306,8.00272219784533,5.570649150983058,0.0,167.0,1.0,167.0,0.0,0.24507760935597028
nb2,2,E051::cachar,2017-0289-IND,101.0,46.16869027666941,3.430780174405306,54.83130972333059,6.510873843743169,0.0,214.0,1.0,214.0,0.0,0.22804755222295023
nb2,2,E051::charaideo,2017-0289-IND,19.0,31.286196585496544,3.430780174405306,12.286196585496544,4.759589754736308,0.0,145.0,1.0,145.0,0.0,0.25521524243643356
nb2,2,E051::chirang,2017-0289-IND,49.0,32.93386601241799,3.430780174405306,16.066133987582013,5.697879633296367,0.0,153.0,1.0,153.0,0.0,0.2514594909380813
nb2,2,E051::darrang,2017-0289-IND,37.0,37.65034333432852,3.430780174405306,0.6503433343285181,5.391808994908388,0.0,174.0,1.0,174.0,0.0,0.24191603550216234
nb2,2,E051::dhemaji,2017-0289-IND,113.0,34.27313653481585,3.430780174405306,78.72686346518415,6.825411073589953,0.0,159.0,1.0,159.0,0.0,0.24857966814157903
nb2,2,E051::dhubri,2017-0289-IND,89.0,47.631402345088695,3.430780174405306,41.368597654911305,6.337759983430029,0.0,220.0,1.0,220.0,0.0,0.2259963822976457
nb2,2,E051::dibrugarh,2017-0289-IND,42.0,41.91955863073017,3.430780174405306,0.08044136926982759,5.518048184610914,0.0,194.0,1.0,194.0,0.0,0.23451298694608308
nb2,2,E051::goalpara,2017-0289-IND,72.0,39.44726530358544,3.430780174405306,32.55273469641456,6.120349354486052,0.0,183.0,1.0,183.0,0.0,0.23867509845343898
nb2,2,E051::golaghat,2017-0289-IND,143.0,39.08530299086086,3.430780174405306,103.91469700913913,7.135550084105289,0.0,181.0,1.0,181.0,0.0,0.23931252209061687
nb2,2,E051::jorhat,2017-0289-IND,144.0,39.84969717041418,3.430780174405306,104.15030282958583,7.133068327527751,0.0,185.0,1.0,185.0,0.0,0.23797515164710906
nb2,2,E051::karbi%20anglong,2017-0289-IND,66.0,38.37727145395012,3.430780174405306,27.622728546049878,6.020199086126533,0.0,178.0,1.0,178.0,0.0,0.24058154056116363
nb2,2,E051::karimganj,2017-0289-IND,151.0,42.96058717701918,3.430780174405306,108.03941282298082,7.160018951192768,0.0,199.0,1.0,199.0,0.0,0.2328535210562923
nb2,2,E051::kokrajhar,2017-0289-IND,29.0,38.671457104678694,3.430780174405306,9.671457104678694,5.160132889249569,0.0,179.0,1.0,179.0,0.0,0.24005065082231136
nb2,2,E051::lakhimpur,2017-0289-IND,179.0,38.730742379731495,3.430780174405306,140.2692576202685,7.571463972031355,0.0,179.0,1.0,179.0,0.0,0.23994429072348486
nb2,2,E051::majuli,2017-0289-IND,98.0,22.646926472628984,3.430780174405306,75.35307352737101,6.901444941310275,0.0,105.0,1.0,105.0,0.0,0.2801359299055585
nb2,2,E051::morigaon,2017-0289-IND,99.0,38.68209468423302,3.430780174405306,60.31790531576698,6.553056203887213,0.0,179.0,1.0,179.0,0.0,0.2400315512085121
nb2,2,E051::nagaon,2017-0289-IND,103.0,52.156306755888934,3.430780174405306,50.843693244111066,6.498457048815761,0.0,241.0,1.0,241.0,0.0,0.2201304439567551
nb2,2,E051::nalbari,2017-0289-IND,88.0,35.726612773419625,3.430780174405306,52.273387226580375,6.418599264262028,0.0,165.0,1.0,165.0,0.0,0.2456129983309255
nb2,2,E051::sivasagar,2017-0289-IND,93.0,40.1227752032978,3.430780174405306,52.8772247967022,6.449387119499143,0.0,186.0,1.0,186.0,0.0,0.2375053297340551
nb2,2,E051::sonitpur,2017-0289-IND,94.0,46.418671095711964,3.430780174405306,47.581328904288036,6.414393684477947,0.0,215.0,1.0,215.0,0.0,0.22769113960834672
nb2,2,E051::south%20salmara,2017-0289-IND,58.0,33.360971158389326,3.430780174405306,24.639028841610674,5.8935364439940345,0.0,155.0,1.0,155.0,0.0,0.25052504171912693
nb2,2,E044::navsari,2017-0294-IND,0.0,46.37295519634052,3.430780174405306,46.37295519634052,1.4794798049386546,0.0,215.0,1.0,215.0,1.0,0.22775613519013704
nb2,2,E044::patan,2017-0294-IND,0.0,41.85915827650549,3.430780174405306,41.85915827650549,1.4498269313531935,0.0,194.0,1.0,194.0,1.0,0.23461088836935517
nb2,2,E044::sabarkantha,2017-0294-IND,0.0,50.68481065661131,3.430780174405306,50.68481065661131,1.5052402202042563,0.0,235.0,1.0,235.0,1.0,0.22196396719760073
nb2,2,E044::surat,2017-0294-IND,0.0,70.21693609799681,3.430780174405306,70.21693609799681,1.5997876508071647,0.0,325.0,1.0,325.0,1.0,0.20193939510958714
nb2,2,E044::valsad,2017-0294-IND,4.0,50.338714253514816,3.430780174405306,46.338714253514816,3.6608682724707786,0.0,233.0,1.0,233.0,0.0,0.22240515976918335
nb2,2,E045::barmer,2017-0294-IND,0.0,47.768362267685376,3.430780174405306,47.768362267685376,1.4880681236099653,0.0,221.0,1.0,221.0,1.0,0.2258084684844613
nb2,2,E045::pali,2017-0294-IND,0.0,45.969397309268054,3.430780174405306,45.969397309268054,1.476948108365156,0.0,213.0,1.0,213.0,1.0,0.22833347513359842
nb2,2,E045::udaipur,2017-0294-IND,0.0,55.823027740706735,3.430780174405306,55.823027740706735,1.533232031298637,0.0,258.0,1.0,258.0,1.0,0.21583694701315198
nb2,2,E046::kolkata,2017-0294-IND,0.0,71.84774934103889,3.430780174405306,71.84774934103889,1.606452581760811,0.0,332.0,1.0,332.0,1.0,0.2005979582421052
nb2,2,E058::chennai,2017-0495-IND,281.0,72.48535814985563,3.430780174405306,208.51464185014436,7.858068617633717,0.0,335.0,1.0,335.0,0.0,0.20008409525370602
nb2,2,E059::dhalai,2018-0213-IND,7.0,31.559935226868358,3.430780174405306,24.559935226868358,3.952218566180479,0.0,146.0,1.0,146.0,0.0,0.2545739622238461
nb2,2,E059::north%20tripura,2018-0213-IND,6.0,37.82319584321322,3.430780174405306,31.82319584321322,3.8795376724052018,0.0,175.0,1.0,175.0,0.0,0.24159573751124538
nb2,2,E059::south%20tripura,2018-0213-IND,9.0,39.49268754295671,3.430780174405306,30.49268754295671,4.193599050730736,0.0,183.0,1.0,183.0,0.0,0.23859563851340873
nb2,2,E059::west%20tripura,2018-0213-IND,21.0,48.67648270863713,3.430780174405306,27.67648270863713,4.907036475215065,0.0,225.0,1.0,225.0,0.0,0.22457974831600266
nb2,2,E069::barpeta,2018-0295-IND,4.0,46.25275839008133,3.430780174405306,42.25275839008133,3.638375586124769,0.0,214.0,1.0,214.0,0.0,0.2279274154412251
nb2,2,E069::biswanath,2018-0295-IND,10.0,34.66073338216849,3.430780174405306,24.660733382168488,4.246905549868014,0.0,161.0,1.0,161.0,0.0,0.2477730056148186
nb2,2,E069::cachar,2018-0295-IND,3.0,45.66035033312659,3.430780174405306,42.66035033312659,3.4336461315316167,0.0,211.0,1.0,211.0,0.0,0.22878002130997113
nb2,2,E069::chirang,2018-0295-IND,3.0,32.89749076954702,3.430780174405306,29.89749076954702,3.3461794293993328,0.0,152.0,1.0,152.0,0.0,0.2515397915251591
nb2,2,E069::darrang,2018-0295-IND,1.0,39.66968803883509,3.430780174405306,38.66968803883509,2.6743874443926097,0.0,184.0,1.0,184.0,0.0,0.23828711477701459
nb2,2,E069::dhemaji,2018-0295-IND,22.0,35.730271960000515,3.430780174405306,13.730271960000515,4.9036431601062676,0.0,165.0,1.0,165.0,0.0,0.2456057256619412
nb2,2,E069::dibrugarh,2018-0295-IND,9.0,44.066034652946044,3.430780174405306,35.066034652946044,4.218469808073399,0.0,204.0,1.0,204.0,0.0,0.23114691569759901
nb2,2,E069::dima%20hasao,2018-0295-IND,1.0,26.069844037079047,3.430780174405306,25.069844037079047,2.556927099737469,0.0,121.0,1.0,121.0,0.0,0.2690062249777307
nb2,2,E069::golaghat,2018-0295-IND,27.0,40.04273924986035,3.430780174405306,13.042739249860347,5.097913745226483,0.0,185.0,1.0,185.0,0.0,0.23764260329240494
nb2,2,E069::hailakandi,2018-0295-IND,2.0,34.691860274415546,3.430780174405306,32.691860274415546,3.082382275982976,0.0,161.0,1.0,161.0,0.0,0.24770872610741534
nb2,2,E069::hojai,2018-0295-IND,4.0,37.73862313788967,3.430780174405306,33.73862313788967,3.5851369130102206,0.0,175.0,1.0,175.0,0.0,0.24175221694359086
nb2,2,E069::jorhat,2018-0295-IND,2.0,41.407410264803616,3.430780174405306,39.407410264803616,3.130862304288884,0.0,192.0,1.0,192.0,0.0,0.23534890694922073
nb2,2,E069::karimganj,2018-0295-IND,3.0,41.94491468551675,3.430780174405306,38.94491468551675,3.4107562703110865,0.0,194.0,1.0,194.0,0.0,0.23447194185295214
nb2,2,E069::kokrajhar,2018-0295-IND,2.0,39.11591314229404,3.430780174405306,37.11591314229404,3.115206425923709,0.0,181.0,1.0,181.0,0.0,0.23925832451503803
nb2,2,E069::lakhimpur,2018-0295-IND,10.0,40.691834450436566,3.430780174405306,30.691834450436566,4.28093636142347,0.0,188.0,1.0,188.0,0.0,0.23653932579770814
nb2,2,E069::majuli,2018-0295-IND,3.0,23.390220278340806,3.430780174405306,20.390220278340806,3.2584910349158824,0.0,109.0,1.0,109.0,0.0,0.2775440604877383
nb2,2,E069::nagaon,2018-0295-IND,1.0,52.0779577152354,3.430780174405306,51.0779577152354,2.751468289373332,0.0,241.0,1.0,241.0,0.0,0.22022638688218873
nb2,2,E069::nalbari,2018-0295-IND,1.0,36.70299428004863,3.430780174405306,35.70299428004863,2.652492273934687,0.0,170.0,1.0,170.0,0.0,0.24370558659594627
nb2,2,E069::sivasagar,2018-0295-IND,8.0,40.20103237024247,3.430780174405306,32.20103237024247,4.108360563571644,0.0,186.0,1.0,186.0,0.0,0.23737144611421457
nb2,2,E069::sonitpur,2018-0295-IND,2.0,48.029335247661024,3.430780174405306,46.029335247661024,3.1718943584093635,0.0,222.0,1.0,222.0,0.0,0.22545231160360968
nb2,2,E069::udalguri,2018-0295-IND,2.0,38.77673219876587,3.430780174405306,36.77673219876587,3.112816188426636,0.0,180.0,1.0,180.0,0.0,0.2398619268241843
nb2,2,E070::chamba,2018-0295-IND,3.0,34.62583732683094,3.430780174405306,31.62583732683094,3.3596610325968315,0.0,160.0,1.0,160.0,0.0,0.24784515670189278
nb2,2,E070::hamirpur,2018-0295-IND,4.0,33.648329636834035,3.430780174405306,29.648329636834035,3.555694726506781,0.0,156.0,1.0,156.0,0.0,0.24990491583446114
nb2,2,E070::kangra,2018-0295-IND,3.0,45.87922296905932,3.430780174405306,42.87922296905932,3.4349403917654557,0.0,212.0,1.0,212.0,0.0,0.22846337028367997
nb2,2,E070::kullu,2018-0295-IND,7.0,31.9861662804452,3.430780174405306,24.9861662804452,3.955239565512405,0.0,148.0,1.0,148.0,0.0,0.253589482900759
nb2,2,E070::mandi,2018-0295-IND,11.0,42.04182572224105,3.430780174405306,31.04182572224105,4.3615870806356485,0.0,195.0,1.0,195.0,0.0,0.2343153599451067
nb2,2,E070::shimla,2018-0295-IND,6.0,40.15814713226969,3.430780174405306,34.15814713226969,3.894199934068832,0.0,186.0,1.0,186.0,0.0,0.23744477344019005
nb2,2,E071::alappuzha,2018-0295-IND,971.0,51.588853413582775,3.430780174405306,919.4111465864172,12.980750638690944,0.0,239.0,0.0,239.0,0.0,0.22082954346417816
nb2,2,E071::ernakulam,2018-0295-IND,1284.0,60.14253702171598,3.430780174405306,1223.857462978284,13.960264646359352,0.0,278.0,0.0,278.0,0.0,0.21122160145387134
nb2,2,E071::idukki,2018-0295-IND,1414.0,44.26411946830753,3.430780174405306,1369.7358805316924,17.012563729508415,0.0,205.0,0.0,205.0,0.0,0.23084691013192685
nb2,2,E071::kannur,2018-0295-IND,241.0,57.24216032979521,3.430780174405306,183.7578396702048,7.777196486574624,0.0,265.0,1.0,265.0,0.0,0.21427139949661425
nb2,2,E071::kasaragod,2018-0295-IND,26.0,46.49991002746921,3.430780174405306,20.499910027469213,5.081248786731482,0.0,215.0,1.0,215.0,0.0,0.22757584239575473
nb2,2,E071::kollam,2018-0295-IND,88.0,58.232254601920374,3.430780174405306,29.767745398079626,6.284424317188404,0.0,269.0,1.0,269.0,0.0,0.21320839242950576
nb2,2,E071::kottayam,2018-0295-IND,267.0,50.39687469806178,3.430780174405306,216.60312530193823,8.12854683017975,0.0,233.0,0.0,233.0,0.0,0.22233074688942206
nb2,2,E071::kozhikode,2018-0295-IND,604.0,60.66103499730775,3.430780174405306,543.3389650026922,10.115967512453397,0.0,281.0,0.0,281.0,0.0,0.21069629342356805
nb2,2,E071::malappuram,2018-0295-IND,483.0,64.87428922064177,3.430780174405306,418.1257107793582,9.247050533205117,0.0,300.0,0.0,300.0,0.0,0.2066311898227613
nb2,2,E071::palakkad,2018-0295-IND,388.0,56.60250964810236,3.430780174405306,331.39749035189766,8.880021579471403,0.0,262.0,0.0,262.0,0.0,0.21497079950188558
nb2,2,E071::pathanamthitta,2018-0295-IND,719.0,45.45079082544674,3.430780174405306,673.5492091745533,11.85672674972836,0.0,210.0,0.0,210.0,0.0,0.22908502934268513
nb2,2,E071::thiruvananthapuram,2018-0295-IND,234.0,63.403134929156415,3.430780174405306,170.5968650708436,7.6351984962660975,0.0,293.0,1.0,293.0,0.0,0.20801105524162497
nb2,2,E071::thrissur,2018-0295-IND,789.0,58.176639195439115,3.430780174405306,730.8233608045609,11.341022532208072,0.0,269.0,0.0,269.0,0.0,0.21326748611984242
nb2,2,E071::wayanad,2018-0295-IND,814.0,38.74758035879828,3.430780174405306,775.2524196412018,13.402580458704865,0.0,179.0,0.0,179.0,0.0,0.23991412077834176
nb2,2,E073::dimapur,2018-0295-IND,6.0,31.508686840010576,3.430780174405306,25.508686840010576,3.8359311840479657,0.0,146.0,1.0,146.0,0.0,0.2546934776919411
nb2,2,E073::kiphire,2018-0295-IND,11.0,19.68562497390902,3.430780174405306,8.685624973909022,4.228369048181911,0.0,91.0,1.0,91.0,0.0,0.29165303159948647
nb2,2,E073::kohima,2018-0295-IND,9.0,28.910847412003722,3.430780174405306,19.910847412003722,4.127570041167496,0.0,134.0,1.0,134.0,0.0,0.2610994884546269
nb2,2,E073::mokokchung,2018-0295-IND,0.0,26.35324054996303,3.430780174405306,26.35324054996303,1.3161375687265908,0.0,122.0,1.0,122.0,1.0,0.2681690888906679
nb2,2,E073::peren,2018-0295-IND,0.0,21.004221324121108,3.430780174405306,21.004221324121108,1.2508212877988067,0.0,97.0,1.0,97.0,1.0,0.2862695905654802
nb2,2,E073::phek,2018-0295-IND,6.0,24.997608038475693,3.430780174405306,18.997608038475693,3.783461353674709,0.0,116.0,1.0,116.0,0.0,0.272281964558766
nb2,2,E073::tuensang,2018-0295-IND,6.0,26.36935298163692,3.430780174405306,20.36935298163692,3.7952594503979613,0.0,122.0,1.0,122.0,0.0,0.2681218394991064
nb2,2,E073::wokha,2018-0295-IND,5.0,24.89467542452384,3.430780174405306,19.89467542452384,3.6452563068685753,0.0,115.0,1.0,115.0,0.0,0.27260584845278907
nb2,2,E073::zunheboto,2018-0295-IND,1.0,24.02943403870156,3.430780174405306,23.02943403870156,2.53438362872419,0.0,111.0,1.0,111.0,0.0,0.275397756269311
nb2,2,E075::ayodhya,2018-0295-IND,0.0,52.61894713218379,3.430780174405306,52.61894713218379,1.5160948343293894,0.0,243.0,1.0,243.0,1.0,0.21956766299092798
nb2,2,E075::bahraich,2018-0295-IND,0.0,56.45388415206542,3.430780174405306,56.45388415206542,1.536490642933891,0.0,261.0,1.0,261.0,1.0,0.21513476292027275
nb2,2,E075::barabanki,2018-0295-IND,9.0,55.75192761850177,3.430780174405306,46.75192761850177,4.274225887041908,0.0,258.0,1.0,258.0,0.0,0.21591672510207918
nb2,2,E075::basti,2018-0295-IND,1.0,51.793958972608564,3.430780174405306,50.793958972608564,2.749913820001836,0.0,240.0,1.0,240.0,0.0,0.2205757197543882
nb2,2,E075::bijnor,2018-0295-IND,5.0,60.50200910165241,3.430780174405306,55.50200910165241,3.8679322638945317,0.0,280.0,1.0,280.0,0.0,0.2108567925782866
nb2,2,E075::farrukhabad,2018-0295-IND,2.0,47.65677321497069,3.430780174405306,45.65677321497069,3.169732607930852,0.0,221.0,1.0,221.0,0.0,0.22596152027355873
nb2,2,E075::gonda,2018-0295-IND,2.0,57.06657571600192,3.430780174405306,55.06657571600192,3.219957213687125,0.0,264.0,1.0,264.0,0.0,0.21446238172058088
nb2,2,E075::lakhimpur%20kheri,2018-0295-IND,2.0,59.44382052378021,3.430780174405306,57.44382052378021,3.2313876325028965,0.0,275.0,1.0,275.0,0.0,0.21193877455486895
nb2,2,E075::mau,2018-0295-IND,1.0,49.607220904320606,3.430780174405306,48.607220904320606,2.7376588108510607,0.0,230.0,1.0,230.0,0.0,0.22335059234003116
nb2,2,E075::pilibhit,2018-0295-IND,3.0,48.705409423185635,3.430780174405306,45.705409423185635,3.4511583769254273,0.0,225.0,1.0,225.0,0.0,0.2245410938959284
nb2,2,E075::sitapur,2018-0295-IND,1.0,63.18173182422649,3.430780174405306,62.18173182422649,2.8065395258226853,0.0,292.0,1.0,292.0,0.0,0.2082222829255265
nb2,2,E076::bankura,2018-0295-IND,6.0,56.6502000152521,3.430780174405306,50.6502000152521,3.981276946897084,0.0,262.0,1.0,262.0,0.0,0.21491830475125323
nb2,2,E076::birbhum,2018-0295-IND,0.0,55.52513423060174,3.430780174405306,55.52513423060174,1.5316805436495033,0.0,257.0,1.0,257.0,1.0,0.21617207527712642
nb2,2,E076::cooch%20behar,2018-0295-IND,0.0,54.88680304290888,3.430780174405306,54.88680304290888,1.5283279188683039,0.0,254.0,1.0,254.0,1.0,0.21689803538964741
nb2,2,E076::dakshin%20dinajpur,2018-0295-IND,1.0,46.86806542968674,3.430780174405306,45.86806542968674,2.7215436773082105,0.0,217.0,1.0,217.0,0.0,0.22705656476882224
nb2,2,E076::hooghly,2018-0295-IND,0.0,64.79267612146766,3.430780174405306,64.79267612146766,1.5764544918262635,0.0,300.0,1.0,300.0,1.0,0.20670668074872875
nb2,2,E076::howrah,2018-0295-IND,0.0,65.17242402309512,3.430780174405306,65.17242402309512,1.5781502475675462,0.0,301.0,1.0,301.0,1.0,0.20635645374174227
nb2,2,E076::jalpaiguri,2018-0295-IND,0.0,60.333503362692994,3.430780174405306,60.333503362692994,1.555767049069615,0.0,279.0,1.0,279.0,1.0,0.2110274521337659
nb2,2,E076::kolkata,2018-0295-IND,1.0,70.95555401834586,3.430780174405306,69.95555401834586,2.839712369615046,0.0,328.0,1.0,328.0,0.0,0.20132692804156047
nb2,2,E076::murshidabad,2018-0295-IND,1.0,69.98149400338595,3.430780174405306,68.98149400338595,2.8357568409318246,0.0,324.0,1.0,324.0,0.0,0.20213636922206263
nb2,2,E076::nadia,2018-0295-IND,0.0,65.0958158707594,3.430780174405306,65.0958158707594,1.577808949020477,0.0,301.0,1.0,301.0,1.0,0.20642689491963467
nb2,2,E076::north%2024%20parganas,2018-0295-IND,0.0,77.37438452675843,3.430780174405306,77.37438452675843,1.6279689254524232,0.0,358.0,1.0,358.0,1.0,0.1963279261023731
nb2,2,E076::purulia,2018-0295-IND,0.0,54.88390698169814,3.430780174405306,54.88390698169814,1.5283126200435975,0.0,254.0,1.0,254.0,1.0,0.21690135370005312
nb2,2,E076::south%2024%20parganas,2018-0295-IND,0.0,71.22759762443398,3.430780174405306,71.22759762443398,1.6039360233524562,0.0,329.0,1.0,329.0,1.0,0.20110341045386987
nb2,2,E076::uttar%20dinajpur,2018-0295-IND,0.0,55.747355685573275,3.430780174405306,55.747355685573275,1.5328386982100553,0.0,258.0,1.0,258.0,1.0,0.2159218595245061
nb2,2,E080::mumbai%20city,2019-0288-IND,668.0,61.811460496396506,3.430780174405306,606.1885395036035,10.440088838078214,0.0,286.0,0.0,286.0,0.0,0.20955109341485229
nb2,2,E080::pune,2019-0288-IND,11.0,83.40575315432224,3.430780174405306,72.40575315432224,4.522642542043852,0.0,386.0,1.0,386.0,0.0,0.19209434329585365
nb2,2,E080::ratnagiri,2019-0288-IND,71.0,48.97431986201828,3.430780174405306,22.025680137981723,6.0643581221515515,0.0,227.0,1.0,227.0,0.0,0.22418315683580012
nb2,2,E100::puducherry,2019-0574-IND,8.0,41.37381851141647,3.430780174405306,33.37381851141647,4.1150502082975375,0.0,192.0,1.0,192.0,0.0,0.23540419782630592
nb2,2,E101::coimbatore,2019-0574-IND,14.0,60.81014597513604,3.430780174405306,46.81014597513604,4.628329750742827,0.0,281.0,1.0,281.0,0.0,0.21054629155027105
nb2,2,E101::cuddalore,2019-0574-IND,16.0,50.480911817669195,3.430780174405306,34.480911817669195,4.693205360365709,0.0,234.0,1.0,234.0,0.0,0.22222342087553532
nb2,2,E101::nagapattinam,2019-0574-IND,5.0,43.68036983861565,3.430780174405306,38.68036983861565,3.7827362380861587,0.0,202.0,1.0,202.0,0.0,0.23173601121689894
nb2,2,E101::thiruvarur,2019-0574-IND,0.0,42.18563421248044,3.430780174405306,42.18563421248044,1.4520758701584058,0.0,195.0,1.0,195.0,1.0,0.2340838556926274
nb2,2,E101::thoothukudi,2019-0574-IND,5.0,44.677582516368965,3.430780174405306,39.677582516368965,3.7885328505913076,0.0,207.0,1.0,207.0,0.0,0.230226221528029
nb2,2,E118::east%20godavari,2020-0446-IND,31.0,62.973092447450846,3.430780174405306,31.973092447450846,5.273832371011815,0.0,291.0,1.0,291.0,0.0,0.20842220616637402
nb2,2,E118::guntur,2020-0446-IND,8.0,61.41438392017897,3.430780174405306,53.41438392017897,4.2112335174341675,0.0,284.0,1.0,284.0,0.0,0.20994324802449083
nb2,2,E118::krishna,2020-0446-IND,35.0,59.18300661235388,3.430780174405306,24.18300661235388,5.370226927250868,0.0,274.0,1.0,274.0,0.0,0.21220926009254742
nb2,2,E118::kurnool,2020-0446-IND,5.0,56.286836552588596,3.430780174405306,51.286836552588596,3.8487824414241536,0.0,260.0,1.0,260.0,0.0,0.21531971286241414
nb2,2,E118::nellore,2020-0446-IND,3.0,51.785432675816914,3.430780174405306,48.785432675816914,3.4678667047545937,0.0,240.0,1.0,240.0,0.0,0.2205862455480145
nb2,2,E118::srikakulam,2020-0446-IND,12.0,52.836806245735204,3.430780174405306,40.836806245735204,4.47866704908974,0.0,244.0,1.0,244.0,0.0,0.21930484364252145
nb2,2,E118::visakhapatnam,2020-0446-IND,22.0,62.65390520618047,3.430780174405306,40.65390520618047,4.9896991151408985,0.0,290.0,1.0,290.0,0.0,0.20872971253221928
nb2,2,E118::west%20godavari,2020-0446-IND,21.0,55.41607900017055,3.430780174405306,34.41607900017055,4.929414641763129,0.0,256.0,1.0,256.0,0.0,0.21629533980636353
nb2,2,E119::kalaburagi,2020-0446-IND,84.0,50.99654278465001,3.430780174405306,33.00345721534999,6.2524192001062096,0.0,236.0,1.0,236.0,0.0,0.2215698797762085
nb2,2,E119::koppal,2020-0446-IND,20.0,42.05459308317367,3.430780174405306,22.05459308317367,4.843132285746417,0.0,195.0,1.0,195.0,0.0,0.2342947658713447
nb2,2,E119::raichur,2020-0446-IND,48.0,46.04595667521582,3.430780174405306,1.9540433247841804,5.651398583703222,0.0,213.0,1.0,213.0,0.0,0.2282234486099592
nb2,2,E119::vijayapura,2020-0446-IND,58.0,47.93240707982332,3.430780174405306,10.06759292017668,5.8454815253403485,0.0,222.0,1.0,222.0,0.0,0.22558430147476707
nb2,2,E119::yadgir,2020-0446-IND,68.0,40.882894443846695,3.430780174405306,27.117105556153305,6.043315761435509,0.0,189.0,1.0,189.0,0.0,0.23621886976839523
nb2,2,E120::gajapati,2020-0446-IND,3.0,35.03045385254811,3.430780174405306,32.03045385254811,3.36272995376662,0.0,162.0,1.0,162.0,0.0,0.24701424077505668
nb2,2,E120::ganjam,2020-0446-IND,4.0,58.216535525248524,3.430780174405306,54.216535525248524,3.69990332285732,0.0,269.0,1.0,269.0,0.0,0.21322508724968983
nb2,2,E120::kalahandi,2020-0446-IND,2.0,46.42319187229654,3.430780174405306,44.42319187229654,3.1624585219687167,0.0,215.0,1.0,215.0,0.0,0.2276847167568445
nb2,2,E120::koraput,2020-0446-IND,0.0,44.80763978083777,3.430780174405306,44.80763978083777,1.4695346655232608,0.0,207.0,1.0,207.0,1.0,0.23003250233951664
nb2,2,E120::malkangiri,2020-0446-IND,1.0,34.325722550972266,3.430780174405306,33.325722550972266,2.6336784024212716,0.0,159.0,1.0,159.0,0.0,0.24846954340535574
nb2,2,E121::hyderabad,2020-0446-IND,291.0,65.54179115410246,3.430780174405306,225.45820884589756,8.017182755131506,0.0,303.0,1.0,303.0,0.0,0.20601830863598533
nb2,2,E121::nalgonda,2020-0446-IND,3.0,43.19525558362256,3.430780174405306,40.19525558362256,3.4186604367884987,0.0,200.0,1.0,200.0,0.0,0.23248656019081418
nb2,2,E121::ranga%20reddy,2020-0446-IND,6.0,51.83392524460414,3.430780174405306,45.83392524460414,3.958370593754684,0.0,240.0,1.0,240.0,0.0,0.22052641066096362
nb2,2,E122::darbhanga,2021-0316-IND,0.0,55.408252492705536,3.430780174405306,55.408252492705536,1.5310695377570567,0.0,256.0,1.0,256.0,1.0,0.21630419804868878
nb2,2,E122::east%20champaran,2021-0316-IND,7.0,62.19683402215613,3.430780174405306,55.19683402215613,4.1170203139249715,0.0,288.0,1.0,288.0,0.0,0.20917358098605301
nb2,2,E122::gopalganj,2021-0316-IND,8.0,50.94256472655641,3.430780174405306,42.94256472655641,4.164790092413689,0.0,236.0,1.0,236.0,0.0,0.22163789629911274
nb2,2,E122::madhubani,2021-0316-IND,0.0,59.9783061682257,3.430780174405306,59.9783061682257,1.5540542738273624,0.0,277.0,1.0,277.0,1.0,0.21138920444097775
nb2,2,E122::muzaffarpur,2021-0316-IND,8.0,61.441326510749604,3.430780174405306,53.441326510749604,4.211344186850931,0.0,284.0,1.0,284.0,0.0,0.20991653644820432
nb2,2,E122::saran,2021-0316-IND,3.0,57.219746984665925,3.430780174405306,54.219746984665925,3.495203317704146,0.0,265.0,1.0,265.0,0.0,0.2142957364055705
nb2,2,E122::sitamarhi,2021-0316-IND,1.0,56.495735798497336,3.430780174405306,55.495735798497336,2.774639274939707,0.0,261.0,1.0,261.0,0.0,0.21508853619789017
nb2,2,E122::siwan,2021-0316-IND,1.0,55.28104576405938,3.430780174405306,54.28104576405938,2.768449611414383,0.0,256.0,1.0,256.0,0.0,0.2164483996740601
nb2,2,E122::vaishali,2021-0316-IND,2.0,54.176097433457535,3.430780174405306,52.176097433457535,3.205427697793122,0.0,251.0,1.0,251.0,0.0,0.21771917519578826
nb2,2,E122::west%20champaran,2021-0316-IND,10.0,57.40663913876309,3.430780174405306,47.40663913876309,4.3599099820149085,0.0,266.0,1.0,266.0,0.0,0.21409317857005658
nb2,2,E124::surat,2021-0316-IND,1.0,67.06384907481596,3.430780174405306,66.06384907481596,2.823577038149387,0.0,310.0,1.0,310.0,0.0,0.20465032760068916
nb2,2,E124::valsad,2021-0316-IND,0.0,48.44073492432744,3.430780174405306,48.44073492432744,1.4921177450114045,0.0,224.0,1.0,224.0,1.0,0.22489587874648975
nb2,2,E125::bagalkot,2021-0316-IND,0.0,44.156140725950685,3.430780174405306,44.156140725950685,1.465293269883703,0.0,204.0,1.0,204.0,1.0,0.23101023319786054
nb2,2,E125::belagavi,2021-0316-IND,7.0,59.66413990419328,3.430780174405306,52.66413990419328,4.10634629372279,0.0,276.0,1.0,276.0,0.0,0.21171147084588163
nb2,2,E125::chikkamagaluru,2021-0316-IND,3.0,40.06128696759409,3.430780174405306,37.06128696759409,3.3984316156037626,0.0,185.0,1.0,185.0,0.0,0.23761075990137612
nb2,2,E125::dharwad,2021-0316-IND,0.0,44.99028828234058,3.430780174405306,44.99028828234058,1.4707127521200123,0.0,208.0,1.0,208.0,1.0,0.22976166369870407
nb2,2,E125::gadag,2021-0316-IND,0.0,36.62336027072309,3.430780174405306,36.62336027072309,1.411166283119732,0.0,170.0,1.0,170.0,1.0,0.24385870894280537
nb2,2,E125::haveri,2021-0316-IND,0.0,43.540981596262284,3.430780174405306,43.540981596262284,1.461230998919205,0.0,202.0,1.0,202.0,1.0,0.231950568014974
nb2,2,E125::kodagu,2021-0316-IND,5.0,34.510704346585264,3.430780174405306,29.510704346585264,3.7233669415576434,0.0,160.0,1.0,160.0,0.0,0.24808386772927865
nb2,2,E125::shivamogga,2021-0316-IND,3.0,46.63957110450082,3.430780174405306,43.63957110450082,3.4393926519301243,0.0,216.0,1.0,216.0,0.0,0.22737823337420865
nb2,2,E125::uttara%20kannada,2021-0316-IND,3.0,44.37997961400937,3.430780174405306,41.37997961400937,3.4259582191114712,0.0,205.0,1.0,205.0,0.0,0.23067223360270503
nb2,2,E126::idukki,2021-0316-IND,0.0,42.84447880657692,3.430780174405306,42.84447880657692,1.4565621730296527,0.0,198.0,1.0,198.0,1.0,0.23303603679263687
nb2,2,E126::kottayam,2021-0316-IND,1.0,48.0966696818576,3.430780174405306,47.0966696818576,2.7288821838532926,0.0,223.0,1.0,223.0,0.0,0.2253608214784068
nb2,2,E126::pathanamthitta,2021-0316-IND,0.0,42.46882641641659,3.430780174405306,42.46882641641659,1.4540126921495005,0.0,197.0,1.0,197.0,1.0,0.23363091570681627
nb2,2,E127::kolhapur,2021-0316-IND,1.0,62.56169450757393,3.430780174405306,61.56169450757393,2.80372373047141,0.0,289.0,1.0,289.0,0.0,0.20881892383885042
nb2,2,E127::pune,2021-0316-IND,3.0,76.26597837160854,3.430780174405306,73.26597837160854,3.57478464761109,0.0,353.0,1.0,353.0,0.0,0.19715222678788988
nb2,2,E127::raigad,2021-0316-IND,10.0,52.600192317150984,3.430780174405306,42.600192317150984,4.339172644485254,0.0,243.0,1.0,243.0,0.0,0.2195903536147703
nb2,2,E127::ratnagiri,2021-0316-IND,3.0,46.46535990914885,3.430780174405306,43.46535990914885,3.438378506585114,0.0,215.0,1.0,215.0,0.0,0.22762484554720427
nb2,2,E127::sangli,2021-0316-IND,0.0,51.53285404328776,3.430780174405306,51.53285404328776,1.5100493808345923,0.0,238.0,1.0,238.0,1.0,0.2208990695096333
nb2,2,E127::satara,2021-0316-IND,0.0,55.28923309508809,3.430780174405306,55.28923309508809,1.530446038170149,0.0,256.0,1.0,256.0,1.0,0.21643910567987415
nb2,2,E127::sindhudurg,2021-0316-IND,3.0,38.78896437562805,3.430780174405306,35.78896437562805,3.3898039925075065,0.0,180.0,1.0,180.0,0.0,0.23984004110315274
nb2,2,E127::thane,2021-0316-IND,9.0,82.08981983161914,3.430780174405306,73.08981983161914,4.371482160748674,0.0,380.0,1.0,380.0,0.0,0.1929837176286297
nb2,2,E129::ayodhya,2021-0316-IND,1.0,52.08595350604591,3.430780174405306,51.08595350604591,2.7515119346961545,0.0,241.0,1.0,241.0,0.0,0.22021658708317957
nb2,2,E129::ballia,2021-0316-IND,2.0,54.76314432668869,3.430780174405306,52.76314432668869,3.2084376884951573,0.0,253.0,1.0,253.0,0.0,0.21703992428181512
nb2,2,E129::barabanki,2021-0316-IND,5.0,54.3322216282354,3.430780174405306,49.3322216282354,3.8394612438358564,0.0,251.0,1.0,251.0,0.0,0.21753760978525807
nb2,2,E129::budaun,2021-0316-IND,2.0,53.11515785604989,3.430780174405306,51.11515785604989,3.1999079116404006,0.0,246.0,1.0,246.0,0.0,0.2189710659110691
nb2,2,E129::lakhimpur%20kheri,2021-0316-IND,2.0,56.92119284506311,3.430780174405306,54.92119284506311,3.219243435891714,0.0,263.0,1.0,263.0,0.0,0.21462108601470412
nb2,2,E130::bageshwar,2021-0316-IND,0.0,26.77434783897638,3.430780174405306,26.77434783897638,1.3207082316379501,0.0,124.0,1.0,124.0,1.0,0.2669461752740437
nb2,2,E130::chamoli,2021-0316-IND,22.0,28.256427516203704,3.430780174405306,6.256427516203704,4.882898530716328,0.0,131.0,1.0,131.0,0.0,0.2628301008154398
nb2,2,E130::pithoragarh,2021-0316-IND,1.0,31.211028731310247,3.430780174405306,30.211028731310247,2.607036658914037,0.0,145.0,1.0,145.0,0.0,0.2553925935742704
nb2,2,E131::jalpaiguri,2021-0316-IND,1.0,57.38842700676166,3.430780174405306,56.38842700676166,2.779105816442209,0.0,265.0,1.0,265.0,0.0,0.21411287999380488
nb2,2,E145::ariyalur,2021-0722-IND,5.0,34.39304789191968,3.430780174405306,29.39304789191968,3.7225231183367646,0.0,159.0,1.0,159.0,0.0,0.2483288667847216
nb2,2,E145::chennai,2021-0722-IND,404.0,67.55782876154687,3.430780174405306,336.4421712384531,8.706375375052076,0.0,312.0,0.0,312.0,0.0,0.20421490940693945
nb2,2,E145::coimbatore,2021-0722-IND,5.0,59.24697009442173,3.430780174405306,54.24697009442173,3.8623597014042526,0.0,274.0,1.0,274.0,0.0,0.2121427830977174
nb2,2,E145::cuddalore,2021-0722-IND,26.0,49.4232073421431,3.430780174405306,23.4232073421431,5.089331188514007,0.0,229.0,1.0,229.0,0.0,0.22359124501872357
nb2,2,E145::dharmapuri,2021-0722-IND,1.0,44.271903036538966,3.430780174405306,43.271903036538966,2.7054013771666883,0.0,205.0,1.0,205.0,0.0,0.23083515686381653
nb2,2,E145::dindigul,2021-0722-IND,3.0,49.88375710051543,3.430780174405306,46.88375710051543,3.4576637121906804,0.0,231.0,1.0,231.0,0.0,0.22299108598964507
nb2,2,E145::erode,2021-0722-IND,1.0,50.76542482215746,3.430780174405306,49.76542482215746,2.744213754418761,0.0,235.0,1.0,235.0,0.0,0.22186175810172237
nb2,2,E145::kanyakumari,2021-0722-IND,15.0,47.77391091031596,3.430780174405306,32.77391091031596,4.631063339496698,0.0,221.0,1.0,221.0,0.0,0.22580087013295358
nb2,2,E145::karur,2021-0722-IND,0.0,40.4346018988375,3.430780174405306,40.4346018988375,1.439805564088212,0.0,187.0,1.0,187.0,1.0,0.23697383042576478
nb2,2,E145::krishnagiri,2021-0722-IND,5.0,48.95041337205161,3.430780174405306,43.95041337205161,3.8121606564235075,0.0,227.0,1.0,227.0,0.0,0.2242148756169933
nb2,2,E145::madurai,2021-0722-IND,12.0,54.18316543336362,3.430780174405306,42.18316543336362,4.4843255468580265,0.0,251.0,1.0,251.0,0.0,0.21771094091099366
nb2,2,E145::nagapattinam,2021-0722-IND,20.0,41.99064849565446,3.430780174405306,21.99064849565446,4.842901445467082,0.0,194.0,1.0,194.0,0.0,0.23439799068687203
nb2,2,E145::namakkal,2021-0722-IND,1.0,46.591352154792645,3.430780174405306,45.591352154792645,2.7198650662987482,0.0,216.0,1.0,216.0,0.0,0.22744637331304993
nb2,2,E145::nilgiris,2021-0722-IND,1.0,37.9859726633236,3.430780174405306,36.9859726633236,2.662163358611877,0.0,176.0,1.0,176.0,0.0,0.24129582037227532
nb2,2,E145::perambalur,2021-0722-IND,3.0,32.847522069085194,3.430780174405306,29.847522069085194,3.3457803334142944,0.0,152.0,1.0,152.0,0.0,0.25165028600891415
nb2,2,E145::pudukkottai,2021-0722-IND,0.0,42.89720390867161,3.430780174405306,42.89720390867161,1.4569182302596928,0.0,199.0,1.0,199.0,1.0,0.23295307739689983
nb2,2,E145::ramanathapuram,2021-0722-IND,9.0,41.39508908796697,3.430780174405306,32.39508908796697,4.204183158626183,0.0,192.0,1.0,192.0,0.0,0.23536918050257719
nb2,2,E145::salem,2021-0722-IND,1.0,57.47552908202137,3.430780174405306,56.47552908202137,2.7795379866819796,0.0,266.0,1.0,266.0,0.0,0.21401872775528835
nb2,2,E145::thanjavur,2021-0722-IND,11.0,48.530284797615124,3.430780174405306,37.530284797615124,4.3930217139256715,0.0,225.0,1.0,225.0,0.0,0.22477556298585527
nb2,2,E145::theni,2021-0722-IND,9.0,42.52349547221843,3.430780174405306,33.52349547221843,4.210298198521632,0.0,197.0,1.0,197.0,0.0,0.23354392359913248
nb2,2,E145::thoothukudi,2021-0722-IND,13.0,44.0843530372451,3.430780174405306,31.0843530372451,4.501893680462746,0.0,204.0,1.0,204.0,0.0,0.23111909939578013
nb2,2,E145::tiruchirappalli,2021-0722-IND,2.0,50.788924789290114,3.430780174405306,48.788924789290114,3.187427052062189,0.0,235.0,1.0,235.0,0.0,0.22183200218827107
nb2,2,E145::tirunelveli,2021-0722-IND,12.0,52.560399703152456,3.430780174405306,40.560399703152456,4.477492850281827,0.0,243.0,1.0,243.0,0.0,0.2196385313747303
nb2,2,E145::tiruvallur,2021-0722-IND,42.0,55.64478904925367,3.430780174405306,13.644789049253667,5.528511462396372,0.0,257.0,1.0,257.0,0.0,0.21603718743883715
nb2,2,E145::tiruvannamalai,2021-0722-IND,4.0,48.148181028253276,3.430780174405306,44.148181028253276,3.6490239334750707,0.0,223.0,1.0,223.0,0.0,0.22529094178040832
nb2,2,E145::tiruvarur,2021-0722-IND,11.0,39.68519955676317,3.430780174405306,28.685199556763173,4.349388459027443,0.0,184.0,1.0,184.0,0.0,0.23826016128955804
nb2,2,E145::vellore,2021-0722-IND,17.0,58.145118289577454,3.430780174405306,41.145118289577454,4.769643792111678,0.0,269.0,1.0,269.0,0.0,0.21330101063902787
nb2,2,E145::virudhunagar,2021-0722-IND,0.0,47.30296863625386,3.430780174405306,47.30296863625386,1.4852317951659384,0.0,219.0,1.0,219.0,1.0,0.22644984461322826
nb2,2,E146::anantapur,2021-0748-IND,62.0,56.83173397846227,3.430780174405306,5.1682660215377325,5.907523369691013,0.0,263.0,1.0,263.0,0.0,0.2147190010680293
nb2,2,E146::chittoor,2021-0748-IND,113.0,57.02750589511931,3.430780174405306,55.97249410488069,6.591981013700386,0.0,264.0,1.0,264.0,0.0,0.21450498041823018
nb2,2,E146::nellore,2021-0748-IND,107.0,48.51716982061166,3.430780174405306,58.48283017938834,6.571339647242762,0.0,225.0,1.0,225.0,0.0,0.22479316594233406
nb2,2,E146::ysr%20kadapa,2021-0748-IND,147.0,51.12045990679437,3.430780174405306,95.87954009320563,7.0061309781450944,0.0,237.0,1.0,237.0,0.0,0.22141408376008867
nb2,2,E200::kishtwar,2025-0690-IND,996.0,22.929624063170266,3.430780174405306,973.0703759368297,19.874947306403776,0.0,106.0,0.0,106.0,0.0,0.2791375467772811
poisson,2,E023::baksa,2015-0374-IND,30.0,57.80911603940032,,27.809116039400323,10.752957982621552,46.0,71.0,0.0,25.0,0.0,7.831048260064967e-26
poisson,2,E023::barpeta,2015-0374-IND,43.0,48.386273937742835,,5.3862739377428355,3.113059834703087,37.0,60.0,1.0,23.0,0.0,9.68519187402356e-22
poisson,2,E023::bongaigaon,2015-0374-IND,74.0,40.97413221046622,,33.02586778953378,13.789416310533028,31.0,52.0,0.0,21.0,0.0,1.6038379303759543e-18
poisson,2,E023::cachar,2015-0374-IND,3.0,80.53094503432493,,77.53094503432493,69.15677994078678,66.0,96.0,0.0,30.0,0.0,1.0613410186378297e-35
poisson,2,E023::goalpara,2015-0374-IND,46.0,42.47430292058311,,3.5256970794168865,2.9775121847600303,32.0,53.0,1.0,21.0,0.0,3.5780352836092077e-19
poisson,2,E023::kamrup,2015-0374-IND,22.0,51.985149110566766,,29.985149110566766,13.535252619591247,40.0,64.0,0.0,24.0,0.0,2.649333312866767e-23
poisson,2,E023::kokrajhar,2015-0374-IND,84.0,51.53070343754994,,32.46929656245006,11.71171721659804,40.0,64.0,0.0,24.0,0.0,4.173494528563692e-23
poisson,2,E023::lakhimpur,2015-0374-IND,42.0,58.357533342432156,,16.357533342432156,5.332699568137961,46.0,71.0,0.0,25.0,0.0,4.525278288188703e-26
poisson,2,E023::nagaon,2015-0374-IND,44.0,76.53028503722234,,32.53028503722234,10.9893481920125,62.0,91.0,0.0,29.0,0.0,5.7985513816673345e-34
poisson,2,E023::sonitpur,2015-0374-IND,40.0,58.335226398691574,,18.335226398691574,6.007620622335764,46.0,71.0,0.0,25.0,0.0,4.627357723628921e-26
poisson,2,E035::gopalganj,2016-0271-IND,56.0,60.25939479223393,,4.259394792233927,3.087316470313901,48.0,73.0,1.0,25.0,0.0,6.755808940722915e-27
poisson,2,E035::muzaffarpur,2016-0271-IND,73.0,83.82040010496998,,10.820400104969977,3.7958707495438233,69.0,99.0,1.0,30.0,0.0,3.9560590320672626e-37
poisson,2,E036::bahraich,2016-0271-IND,13.0,60.02691627815291,,47.02691627815291,29.34677026983125,48.0,73.0,0.0,25.0,0.0,8.523961799352993e-27
poisson,2,E036::ballia,2016-0271-IND,7.0,59.867131193335425,,52.867131193335425,39.74739916873255,47.0,73.0,0.0,26.0,0.0,1.0000812278085629e-26
poisson,2,E036::barabanki,2016-0271-IND,19.0,61.42092836902408,,42.42092836902408,22.523550586382406,49.0,75.0,0.0,26.0,0.0,2.1146073429588426e-27
poisson,2,E036::basti,2016-0271-IND,7.0,53.58167130484542,,46.58167130484542,34.23838327160366,42.0,66.0,0.0,24.0,0.0,5.367546569924925e-24
poisson,2,E036::ghazipur,2016-0271-IND,0.0,59.21125395474479,,59.21125395474479,59.21125395474479,47.0,72.0,0.0,25.0,1.0,1.9269885799923983e-26
poisson,2,E036::jalaun,2016-0271-IND,0.0,59.45857842833779,,59.45857842833779,59.45857842833779,47.0,72.0,0.0,25.0,1.0,1.5047608614174774e-26
poisson,2,E036::kushinagar,2016-0271-IND,7.0,71.81009888042962,,64.81009888042962,50.41708440783523,58.0,86.0,0.0,28.0,0.0,6.505344666247716e-32
poisson,2,E036::lakhimpur%20kheri,2016-0271-IND,1.0,69.65916228255277,,68.65916228255277,65.41554804349038,56.0,84.0,0.0,28.0,0.0,5.5899793902426075e-31
poisson,2,E036::mirzapur,2016-0271-IND,0.0,56.03125642182461,,56.03125642182461,56.03125642182461,44.0,69.0,0.0,25.0,1.0,4.633770516176173e-25
poisson,2,E036::pilibhit,2016-0271-IND,6.0,49.992823409772825,,43.992823409772825,33.10079784185136,39.0,62.0,0.0,23.0,0.0,1.9426414829371688e-22
poisson,2,E036::siddharthnagar,2016-0271-IND,4.0,47.93302230516758,,43.93302230516758,35.6318574641869,37.0,60.0,0.0,23.0,0.0,1.523887518386173e-21
poisson,2,E036::varanasi,2016-0271-IND,8.0,65.2476185208676,,57.247618520867604,42.42670504143476,52.0,79.0,0.0,27.0,0.0,4.6059510594890195e-29
poisson,2,E051::barpeta,2017-0289-IND,100.0,44.32104951660431,,55.67895048339569,28.914452813422876,34.0,56.0,0.0,22.0,0.0,5.644334751537217e-20
poisson,2,E051::bongaigaon,2017-0289-IND,44.0,36.84723133153757,,7.1527686684624285,3.4661612579272827,27.0,47.0,1.0,20.0,0.0,9.941473502410631e-17
poisson,2,E051::cachar,2017-0289-IND,101.0,46.481134306645856,,54.518865693354144,27.09193221925574,36.0,58.0,0.0,22.0,0.0,6.508783980541979e-21
poisson,2,E051::charaideo,2017-0289-IND,19.0,32.21132745940911,,13.211327459409112,5.5771663189026555,23.0,42.0,0.0,19.0,0.0,1.0251755256922807e-14
poisson,2,E051::chirang,2017-0289-IND,49.0,37.02611652331946,,11.973883476680541,4.6223082038196,27.0,47.0,0.0,20.0,0.0,8.313078999066802e-17
poisson,2,E051::darrang,2017-0289-IND,37.0,36.40991657841591,,0.5900834215840902,2.7314057057445424,27.0,47.0,1.0,20.0,0.0,1.5394803270190074e-16
poisson,2,E051::dhemaji,2017-0289-IND,113.0,32.86646852733076,,80.13353147266923,62.697479234929624,24.0,43.0,0.0,19.0,0.0,5.324441734883015e-15
poisson,2,E051::dhubri,2017-0289-IND,89.0,47.56414186233801,,41.43585813766199,17.491927005841127,37.0,59.0,0.0,22.0,0.0,2.2037161414197917e-21
poisson,2,E051::dibrugarh,2017-0289-IND,42.0,40.60872920639798,,1.3912707936020183,2.8133225657368257,30.0,51.0,1.0,21.0,0.0,2.311282274001788e-18
poisson,2,E051::goalpara,2017-0289-IND,72.0,40.23321232540768,,31.766787674592322,13.193717999272266,30.0,51.0,0.0,21.0,0.0,3.3646345316801054e-18
poisson,2,E051::golaghat,2017-0289-IND,143.0,37.41856679494134,,105.58143320505866,89.53640871682609,28.0,48.0,0.0,20.0,0.0,5.614652991184936e-17
poisson,2,E051::jorhat,2017-0289-IND,144.0,39.306952214437395,,104.69304778556261,85.68268901119552,29.0,50.0,0.0,21.0,0.0,8.495864022233022e-18
poisson,2,E051::karbi%20anglong,2017-0289-IND,66.0,38.04921702297522,,27.95078297702478,11.415345087667724,28.0,48.0,0.0,20.0,0.0,2.9883743919245345e-17
poisson,2,E051::karimganj,2017-0289-IND,151.0,46.67864062767201,,104.32135937232799,76.37973674186158,36.0,58.0,0.0,22.0,0.0,5.342246862275865e-21
poisson,2,E051::kokrajhar,2017-0289-IND,29.0,41.238942513791315,,12.238942513791315,4.633874000302072,31.0,52.0,0.0,21.0,0.0,1.2307074419489186e-18
poisson,2,E051::lakhimpur,2017-0289-IND,179.0,36.8920081916778,,142.1079918083222,144.11606883429062,27.0,47.0,0.0,20.0,0.0,9.506144597142888e-17
poisson,2,E051::majuli,2017-0289-IND,98.0,22.137167347484798,,75.86283265251521,73.14497118523761,15.0,30.0,0.0,15.0,0.0,2.431926112953838e-10
poisson,2,E051::morigaon,2017-0289-IND,99.0,39.06018223109607,,59.93981776890393,35.349132106294185,29.0,50.0,0.0,21.0,0.0,1.0873726240416131e-17
poisson,2,E051::nagaon,2017-0289-IND,103.0,49.60467967550712,,53.39532032449288,25.09810425900755,38.0,61.0,0.0,23.0,0.0,2.8639230203331823e-22
poisson,2,E051::nalbari,2017-0289-IND,88.0,34.794767058993564,,53.205232941006436,31.60586432186131,25.0,45.0,0.0,20.0,0.0,7.741491961512461e-16
poisson,2,E051::sivasagar,2017-0289-IND,93.0,38.736755166539396,,54.263244833460604,30.373275108206585,29.0,49.0,0.0,20.0,0.0,1.50259169576349e-17
poisson,2,E051::sonitpur,2017-0289-IND,94.0,43.959141796740276,,50.040858203259724,24.59382672003388,33.0,55.0,0.0,22.0,0.0,8.105639574192462e-20
poisson,2,E051::south%20salmara,2017-0289-IND,58.0,34.94072104121884,,23.059278958781157,9.285141878001134,26.0,45.0,0.0,19.0,0.0,6.690177772692997e-16
poisson,2,E044::navsari,2017-0294-IND,0.0,57.25636572300643,,57.25636572300643,57.25636572300643,45.0,70.0,0.0,25.0,1.0,1.3610569973901584e-25
poisson,2,E044::patan,2017-0294-IND,0.0,40.02927419653782,,40.02927419653782,40.02927419653782,30.0,51.0,0.0,21.0,1.0,4.125789838077304e-18
poisson,2,E044::sabarkantha,2017-0294-IND,0.0,50.168231011877744,,50.168231011877744,50.168231011877744,39.0,62.0,0.0,23.0,1.0,1.6300994642859056e-22
poisson,2,E044::surat,2017-0294-IND,0.0,78.69621106770173,,78.69621106770173,78.69621106770173,64.0,94.0,0.0,30.0,1.0,6.647675117098813e-35
poisson,2,E044::valsad,2017-0294-IND,4.0,63.29907109092216,,59.29907109092216,49.885642303936166,51.0,77.0,0.0,26.0,0.0,3.2326799946428254e-28
poisson,2,E045::barmer,2017-0294-IND,0.0,38.94752649781033,,38.94752649781033,38.94752649781033,29.0,49.0,0.0,20.0,1.0,1.2170380550690506e-17
poisson,2,E045::pali,2017-0294-IND,0.0,40.79222481288242,,40.79222481288242,40.79222481288242,31.0,52.0,0.0,21.0,1.0,1.9238085883895447e-18
poisson,2,E045::udaipur,2017-0294-IND,0.0,58.927976875081036,,58.927976875081036,58.927976875081036,47.0,72.0,0.0,25.0,1.0,2.558025169839817e-26
poisson,2,E046::kolkata,2017-0294-IND,0.0,105.9306542449523,,105.9306542449523,105.9306542449523,89.0,123.0,0.0,34.0,1.0,9.883286772982866e-47
poisson,2,E058::chennai,2017-0495-IND,281.0,106.61623324955816,,174.38376675044185,101.67705300989282,90.0,124.0,0.0,34.0,0.0,4.9791844928041795e-47
poisson,2,E059::dhalai,2018-0213-IND,7.0,38.488505044290996,,31.488505044290996,21.46114902031419,29.0,49.0,0.0,20.0,0.0,1.9259927259582737e-17
poisson,2,E059::north%20tripura,2018-0213-IND,6.0,46.06575684445131,,40.06575684445131,29.66458882236156,35.0,57.0,0.0,22.0,0.0,9.860433256036328e-21
poisson,2,E059::south%20tripura,2018-0213-IND,9.0,45.10909880709548,,36.10909880709548,23.629170525262275,34.0,56.0,0.0,22.0,0.0,2.566653865689617e-20
poisson,2,E059::west%20tripura,2018-0213-IND,21.0,56.44129798885494,,35.44129798885494,17.124213275004266,44.0,69.0,0.0,25.0,0.0,3.0750751377364686e-25
poisson,2,E069::barpeta,2018-0295-IND,4.0,48.04275754350718,,44.04275754350718,35.73244578764185,37.0,60.0,0.0,23.0,0.0,1.3655119446763162e-21
poisson,2,E069::biswanath,2018-0295-IND,10.0,37.40557959788018,,27.405579597880177,16.291793366932772,28.0,48.0,0.0,20.0,0.0,5.688047156659927e-17
poisson,2,E069::cachar,2018-0295-IND,3.0,45.143084322012406,,42.143084322012406,35.50533250033473,34.0,56.0,0.0,22.0,0.0,2.480890424486911e-20
poisson,2,E069::chirang,2018-0295-IND,3.0,37.207381739298874,,34.207381739298874,28.149619682189446,27.0,48.0,0.0,21.0,0.0,6.934887569533972e-17
poisson,2,E069::darrang,2018-0295-IND,1.0,43.913642999232415,,42.913642999232415,40.131417952961684,33.0,55.0,0.0,22.0,0.0,8.482955038716818e-20
poisson,2,E069::dhemaji,2018-0295-IND,22.0,38.227156445299364,,16.227156445299364,6.540322172612342,28.0,49.0,0.0,21.0,0.0,2.5012488211201476e-17
poisson,2,E069::dibrugarh,2018-0295-IND,9.0,48.59253908484727,,39.59253908484727,26.443136543789066,37.0,60.0,0.0,23.0,0.0,7.88003985045813e-22
poisson,2,E069::dima%20hasao,2018-0295-IND,1.0,30.228196804496797,,29.228196804496797,26.819421646690706,21.0,40.0,0.0,19.0,0.0,7.448364643976878e-14
poisson,2,E069::golaghat,2018-0295-IND,27.0,41.001837950112176,,14.001837950112176,5.291720445839417,31.0,52.0,0.0,21.0,0.0,1.5600123279786645e-18
poisson,2,E069::hailakandi,2018-0295-IND,2.0,35.57185655015151,,33.57185655015151,29.121894172976695,26.0,46.0,0.0,20.0,0.0,3.559090154972231e-16
poisson,2,E069::hojai,2018-0295-IND,4.0,36.94385933649786,,32.94385933649786,25.68431538634202,27.0,47.0,0.0,20.0,0.0,9.025800915678485e-17
poisson,2,E069::jorhat,2018-0295-IND,2.0,45.20625826260451,,43.20625826260451,38.27693437438216,34.0,57.0,0.0,23.0,0.0,2.329010728270227e-20
poisson,2,E069::karimganj,2018-0295-IND,3.0,43.38463172965599,,40.38463172965599,33.86607538653252,33.0,54.0,0.0,21.0,0.0,1.4397723880363795e-19
poisson,2,E069::kokrajhar,2018-0295-IND,2.0,43.25610158455397,,41.25610158455397,36.41497216405998,33.0,54.0,0.0,21.0,0.0,1.6372453784048514e-19
poisson,2,E069::lakhimpur,2018-0295-IND,10.0,44.06317536406842,,34.06317536406842,21.311343858478878,33.0,55.0,0.0,22.0,0.0,7.304762230574453e-20
poisson,2,E069::majuli,2018-0295-IND,3.0,24.937987934607428,,21.937987934607428,17.080570621559346,17.0,33.0,0.0,16.0,0.0,1.477642760034272e-11
poisson,2,E069::nagaon,2018-0295-IND,1.0,49.77966686021348,,48.77966686021348,45.872060255538024,38.0,62.0,0.0,24.0,0.0,2.4041710963223834e-22
poisson,2,E069::nalbari,2018-0295-IND,1.0,38.48866528320356,,37.48866528320356,34.83830149348491,29.0,49.0,0.0,20.0,0.0,1.9256841317033248e-17
poisson,2,E069::sivasagar,2018-0295-IND,8.0,39.33514610837181,,31.33514610837181,20.562801633224765,29.0,50.0,0.0,21.0,0.0,8.259677684470666e-18
poisson,2,E069::sonitpur,2018-0295-IND,2.0,49.829552663820024,,47.829552663820024,42.70548337436641,39.0,62.0,0.0,23.0,0.0,2.287179461088861e-22
poisson,2,E069::udalguri,2018-0295-IND,2.0,43.99674193732985,,41.99674193732985,37.12165794929422,33.0,55.0,0.0,22.0,0.0,7.80652500075929e-20
poisson,2,E070::chamba,2018-0295-IND,3.0,42.02343387043872,,39.02343387043872,32.6005111037157,32.0,53.0,0.0,21.0,0.0,5.616355109360167e-19
poisson,2,E070::hamirpur,2018-0295-IND,4.0,41.93287010786063,,37.93287010786063,30.166643902909257,32.0,53.0,0.0,21.0,0.0,6.148736779579615e-19
poisson,2,E070::kangra,2018-0295-IND,3.0,50.77666258831703,,47.77666258831703,40.786111504061694,39.0,63.0,0.0,24.0,0.0,8.871062283576802e-23
poisson,2,E070::kullu,2018-0295-IND,7.0,36.23930839143456,,29.239308391434562,19.633458974402195,27.0,46.0,0.0,19.0,0.0,1.8258636289995829e-16
poisson,2,E070::mandi,2018-0295-IND,11.0,50.77103081878178,,39.77103081878178,25.07275340768519,39.0,63.0,0.0,24.0,0.0,8.921163007336027e-23
poisson,2,E070::shimla,2018-0295-IND,6.0,50.37040511892093,,44.37040511892093,33.43323351541226,39.0,62.0,0.0,23.0,0.0,1.331714123315522e-22
poisson,2,E071::alappuzha,2018-0295-IND,971.0,59.16288057318574,,911.8371194268143,1809.4102764947852,47.0,72.0,0.0,25.0,0.0,2.0224948926052793e-26
poisson,2,E071::ernakulam,2018-0295-IND,1284.0,73.04755052134998,,1210.9524494786501,2474.2917652434544,59.0,87.0,0.0,28.0,0.0,1.8873475949043237e-32
poisson,2,E071::idukki,2018-0295-IND,1414.0,56.17375280942646,,1357.8262471905734,3207.8995571428204,44.0,69.0,0.0,25.0,0.0,4.018362636973903e-25
poisson,2,E071::kannur,2018-0295-IND,241.0,74.63500156065624,,166.36499843934376,119.79383484715407,61.0,89.0,0.0,28.0,0.0,3.858608044265393e-33
poisson,2,E071::kasaragod,2018-0295-IND,26.0,59.01570370886888,,33.01570370886888,14.254512570640621,47.0,72.0,0.0,25.0,0.0,2.3431793622278312e-26
poisson,2,E071::kollam,2018-0295-IND,88.0,76.68530489279598,,11.314695107204017,3.955009848359083,63.0,91.0,1.0,28.0,0.0,4.965868809525753e-34
poisson,2,E071::kottayam,2018-0295-IND,267.0,57.654243931931276,,209.34575606806874,203.6206602165417,45.0,70.0,0.0,25.0,0.0,9.14281647194923e-26
poisson,2,E071::kozhikode,2018-0295-IND,604.0,78.65664621810332,,525.3433537818967,710.020679056907,64.0,94.0,0.0,30.0,0.0,6.915961746791596e-35
poisson,2,E071::malappuram,2018-0295-IND,483.0,80.38337432269142,,402.61662567730855,467.51257879660125,66.0,95.0,0.0,29.0,0.0,1.2301104130959099e-35
poisson,2,E071::palakkad,2018-0295-IND,388.0,66.43038406054104,,321.56961593945897,367.0921490940287,53.0,80.0,0.0,27.0,0.0,1.4114021406743854e-29
poisson,2,E071::pathanamthitta,2018-0295-IND,719.0,58.17037544825349,,660.8296245517465,1151.2931801702814,46.0,71.0,0.0,25.0,0.0,5.456660483594392e-26
poisson,2,E071::thiruvananthapuram,2018-0295-IND,234.0,87.1407938710404,,146.8592061289596,87.93200944032766,72.0,103.0,0.0,31.0,0.0,1.4296643018093832e-38
poisson,2,E071::thrissur,2018-0295-IND,789.0,67.6195307035673,,721.3804692964327,1221.3439649478664,54.0,81.0,0.0,27.0,0.0,4.297451129018478e-30
poisson,2,E071::wayanad,2018-0295-IND,814.0,44.43639783739903,,769.563602162601,1601.7382084110995,34.0,56.0,0.0,22.0,0.0,5.029416746820445e-20
poisson,2,E073::dimapur,2018-0295-IND,6.0,38.23260018087338,,32.23260018087338,22.94972003562343,28.0,49.0,0.0,21.0,0.0,2.4876696780990747e-17
poisson,2,E073::kiphire,2018-0295-IND,11.0,24.96187632684258,,13.961876326842582,7.073337318420382,17.0,33.0,0.0,16.0,0.0,1.4427625252639413e-11
poisson,2,E073::kohima,2018-0295-IND,9.0,36.59884427792342,,27.59884427792342,17.000521792779367,27.0,47.0,0.0,20.0,0.0,1.274453182290133e-16
poisson,2,E073::mokokchung,2018-0295-IND,0.0,33.611000227235586,,33.611000227235586,33.611000227235586,24.0,43.0,0.0,19.0,1.0,2.5288791166569455e-15
poisson,2,E073::peren,2018-0295-IND,0.0,25.960337638954567,,25.960337638954567,25.960337638954567,18.0,35.0,0.0,17.0,1.0,5.315799782600282e-12
poisson,2,E073::phek,2018-0295-IND,6.0,31.841378659537384,,25.841378659537384,17.656029913663282,23.0,41.0,0.0,18.0,0.0,1.4841061062820848e-14
poisson,2,E073::tuensang,2018-0295-IND,6.0,33.43605902324182,,27.436059023241818,18.957500660678292,24.0,43.0,0.0,19.0,0.0,3.012340561186292e-15
poisson,2,E073::wokha,2018-0295-IND,5.0,30.994272791383253,,25.994272791383253,18.61275234040553,22.0,40.0,0.0,18.0,0.0,3.462249459171307e-14
poisson,2,E073::zunheboto,2018-0295-IND,1.0,30.993059024440523,,29.993059024440523,27.559295747462674,22.0,40.0,0.0,18.0,0.0,3.466454374489704e-14
poisson,2,E075::ayodhya,2018-0295-IND,0.0,56.804534904785456,,56.804534904785456,56.804534904785456,45.0,69.0,0.0,24.0,1.0,2.1384738492578634e-25
poisson,2,E075::bahraich,2018-0295-IND,0.0,56.29736702630315,,56.29736702630315,56.29736702630315,44.0,69.0,0.0,25.0,1.0,3.5511102410397708e-25
poisson,2,E075::barabanki,2018-0295-IND,9.0,56.63337920243332,,47.63337920243332,33.10581973304953,45.0,69.0,0.0,24.0,0.0,2.5376745303035267e-25
poisson,2,E075::basti,2018-0295-IND,1.0,53.918602968289484,,52.918602968289484,49.931127411362894,42.0,66.0,0.0,24.0,0.0,3.832200815316544e-24
poisson,2,E075::bijnor,2018-0295-IND,5.0,68.58989558593412,,63.589895585934116,52.23666118263,55.0,82.0,0.0,27.0,0.0,1.6284965120060648e-30
poisson,2,E075::farrukhabad,2018-0295-IND,2.0,49.242907797030426,,47.242907797030426,42.14252427133577,38.0,61.0,0.0,23.0,0.0,4.112225017616162e-22
poisson,2,E075::gonda,2018-0295-IND,2.0,59.076638426686635,,57.076638426686635,51.61211449249407,47.0,72.0,0.0,25.0,0.0,2.2046615193647895e-26
poisson,2,E075::lakhimpur%20kheri,2018-0295-IND,2.0,60.587617011574345,,58.587617011574345,53.07258312723017,48.0,74.0,0.0,26.0,0.0,4.865553588839042e-27
poisson,2,E075::mau,2018-0295-IND,1.0,50.40902341586815,,49.40902341586815,46.48885322078673,39.0,62.0,0.0,23.0,0.0,1.281265972285409e-22
poisson,2,E075::pilibhit,2018-0295-IND,3.0,50.26269561056445,,47.26269561056445,40.3026655878067,39.0,62.0,0.0,23.0,0.0,1.483162207766956e-22
poisson,2,E075::sitapur,2018-0295-IND,1.0,68.97955269831472,,67.97955269831472,64.74574257533973,56.0,83.0,0.0,27.0,0.0,1.1029628860369427e-30
poisson,2,E076::bankura,2018-0295-IND,6.0,55.71474567922469,,49.71474567922469,38.172527816343255,44.0,68.0,0.0,24.0,0.0,6.359066854687996e-25
poisson,2,E076::birbhum,2018-0295-IND,0.0,53.030223775176154,,53.030223775176154,53.030223775176154,41.0,65.0,0.0,24.0,1.0,9.316792868739762e-24
poisson,2,E076::cooch%20behar,2018-0295-IND,0.0,59.65072363269005,,59.65072363269005,59.65072363269005,47.0,73.0,0.0,26.0,1.0,1.241709159700149e-26
poisson,2,E076::dakshin%20dinajpur,2018-0295-IND,1.0,50.640667924795345,,49.640667924795345,46.71591295737825,39.0,63.0,0.0,24.0,0.0,1.0163361198544877e-22
poisson,2,E076::hooghly,2018-0295-IND,0.0,64.68272259247328,,64.68272259247328,64.68272259247328,52.0,78.0,0.0,26.0,1.0,8.10308703378121e-29
poisson,2,E076::howrah,2018-0295-IND,0.0,72.46408709105872,,72.46408709105872,72.46408709105872,59.0,87.0,0.0,28.0,1.0,3.382570369206426e-32
poisson,2,E076::jalpaiguri,2018-0295-IND,0.0,65.50613246946357,,65.50613246946357,65.50613246946357,52.0,79.0,0.0,27.0,1.0,3.556707393287596e-29
poisson,2,E076::kolkata,2018-0295-IND,1.0,102.38127993793715,,101.38127993793715,97.75257605515017,86.0,119.0,0.0,33.0,0.0,3.4385478539964647e-45
poisson,2,E076::murshidabad,2018-0295-IND,1.0,70.12000608517353,,69.12000608517353,65.86979793833822,57.0,84.0,0.0,27.0,0.0,3.525886160224797e-31
poisson,2,E076::nadia,2018-0295-IND,0.0,68.93267971472835,,68.93267971472835,68.93267971472835,56.0,83.0,0.0,27.0,1.0,1.1558928493645646e-30
poisson,2,E076::north%2024%20parganas,2018-0295-IND,0.0,77.11956859778653,,77.11956859778653,77.11956859778653,63.0,92.0,0.0,29.0,1.0,3.216598915786025e-34
poisson,2,E076::purulia,2018-0295-IND,0.0,57.99443749533235,,57.99443749533235,57.99443749533235,46.0,71.0,0.0,25.0,1.0,6.506325922731078e-26
poisson,2,E076::south%2024%20parganas,2018-0295-IND,0.0,67.35739027942995,,67.35739027942995,67.35739027942995,54.0,81.0,0.0,27.0,1.0,5.5854360819293356e-30
poisson,2,E076::uttar%20dinajpur,2018-0295-IND,0.0,60.03648862241535,,60.03648862241535,60.03648862241535,48.0,73.0,0.0,25.0,1.0,8.442756783777674e-27
poisson,2,E080::mumbai%20city,2019-0288-IND,668.0,84.62503829125026,,583.3749617087498,800.9229828633232,70.0,100.0,0.0,30.0,0.0,1.769346287957416e-37
poisson,2,E080::pune,2019-0288-IND,11.0,105.00960991806303,,94.00960991806303,71.31734720495102,88.0,122.0,0.0,34.0,0.0,2.4825949393823465e-46
poisson,2,E080::ratnagiri,2019-0288-IND,71.0,60.991625732032766,,10.008374267967234,3.8310525864446348,48.0,74.0,1.0,26.0,0.0,3.248429922385738e-27
poisson,2,E100::puducherry,2019-0574-IND,8.0,50.298224955291886,,42.298224955291886,29.559069559446662,39.0,62.0,0.0,23.0,0.0,1.4313915608551399e-22
poisson,2,E101::coimbatore,2019-0574-IND,14.0,73.6834804313428,,59.6834804313428,38.67780082269687,60.0,88.0,0.0,28.0,0.0,9.99242831263687e-33
poisson,2,E101::cuddalore,2019-0574-IND,16.0,47.84074365406704,,31.84074365406704,16.626561294067958,37.0,59.0,0.0,22.0,0.0,1.6712022854472792e-21
poisson,2,E101::nagapattinam,2019-0574-IND,5.0,41.214457319295796,,36.214457319295796,27.408003559024905,31.0,52.0,0.0,21.0,0.0,1.2612135023637715e-18
poisson,2,E101::thiruvarur,2019-0574-IND,0.0,43.713743900573164,,43.713743900573164,43.713743900573164,33.0,55.0,0.0,22.0,1.0,1.0360059285025267e-19
poisson,2,E101::thoothukudi,2019-0574-IND,5.0,42.03224309497981,,37.03224309497981,28.127549755283656,32.0,53.0,0.0,21.0,0.0,5.567096659021679e-19
poisson,2,E118::east%20godavari,2020-0446-IND,31.0,62.734845921877444,,31.734845921877444,12.520640937800344,50.0,76.0,0.0,26.0,0.0,5.683326325187604e-28
poisson,2,E118::guntur,2020-0446-IND,8.0,59.83733984844943,,51.83733984844943,37.70890372500395,47.0,73.0,0.0,26.0,0.0,1.0303232308758022e-26
poisson,2,E118::krishna,2020-0446-IND,35.0,55.818681109262045,,20.818681109262045,7.181055703745102,44.0,68.0,0.0,24.0,0.0,5.731321976735983e-25
poisson,2,E118::kurnool,2020-0446-IND,5.0,50.85420068922809,,45.85420068922809,35.9968787894754,39.0,63.0,0.0,24.0,0.0,8.209207988065675e-23
poisson,2,E118::nellore,2020-0446-IND,3.0,47.97448021070624,,44.97448021070624,38.15423205818899,37.0,60.0,0.0,23.0,0.0,1.4620020187911299e-21
poisson,2,E118::srikakulam,2020-0446-IND,12.0,54.92940002367825,,42.92940002367825,26.84402982254366,43.0,67.0,0.0,24.0,0.0,1.394648215466342e-24
poisson,2,E118::visakhapatnam,2020-0446-IND,22.0,70.41274821133854,,48.41274821133854,25.28769431817878,57.0,84.0,0.0,27.0,0.0,2.6310675371074733e-31
poisson,2,E118::west%20godavari,2020-0446-IND,21.0,49.24219280659666,,28.242192806596663,12.79056420454009,38.0,61.0,0.0,23.0,0.0,4.1151662705237877e-22
poisson,2,E119::kalaburagi,2020-0446-IND,84.0,50.52120592703012,,33.47879407296988,12.364129952393235,39.0,62.0,0.0,23.0,0.0,1.1452994358452352e-22
poisson,2,E119::koppal,2020-0446-IND,20.0,40.73388614386763,,20.73388614386763,8.928296016007657,31.0,52.0,0.0,21.0,0.0,2.0393793676520202e-18
poisson,2,E119::raichur,2020-0446-IND,48.0,43.81196711946153,,4.188032880538472,3.0503546731546436,33.0,55.0,1.0,22.0,0.0,9.390839946765505e-20
poisson,2,E119::vijayapura,2020-0446-IND,58.0,46.0384459425132,,11.9615540574868,4.385081290972302,35.0,57.0,0.0,22.0,0.0,1.0133441665505031e-20
poisson,2,E119::yadgir,2020-0446-IND,68.0,41.784043179236924,,26.215956820763076,9.929497330659181,31.0,53.0,0.0,22.0,0.0,7.135437650927261e-19
poisson,2,E120::gajapati,2020-0446-IND,3.0,41.167668914198465,,38.167668914198465,31.806468743834166,31.0,52.0,0.0,21.0,0.0,1.3216259510731514e-18
poisson,2,E120::ganjam,2020-0446-IND,4.0,63.09380272583453,,59.09380272583453,49.693366351433646,50.0,76.0,0.0,26.0,0.0,3.969260788528513e-28
poisson,2,E120::kalahandi,2020-0446-IND,2.0,52.12976747176877,,50.12976747176877,44.915442375879365,41.0,64.0,0.0,23.0,0.0,2.2926071584151125e-23
poisson,2,E120::koraput,2020-0446-IND,0.0,50.873675240957304,,50.873675240957304,50.873675240957304,39.0,63.0,0.0,24.0,1.0,8.05088399065902e-23
poisson,2,E120::malkangiri,2020-0446-IND,1.0,36.785185362347114,,35.785185362347114,33.18009016990131,27.0,47.0,0.0,20.0,0.0,1.0577839701228086e-16
poisson,2,E121::hyderabad,2020-0446-IND,291.0,87.32633521949124,,203.67366478050877,150.35053698684845,72.0,103.0,0.0,31.0,0.0,1.1875570694813478e-38
poisson,2,E121::nalgonda,2020-0446-IND,3.0,39.97958399225004,,36.97958399225004,30.706236690613085,30.0,51.0,0.0,21.0,0.0,4.335980130349094e-18
poisson,2,E121::ranga%20reddy,2020-0446-IND,6.0,55.632250763058856,,49.632250763058856,38.09892347834071,44.0,68.0,0.0,24.0,0.0,6.90590305994628e-25
poisson,2,E122::darbhanga,2021-0316-IND,0.0,49.64286021395247,,49.64286021395247,49.64286021395247,38.0,62.0,0.0,24.0,1.0,2.7566380293189576e-22
poisson,2,E122::east%20champaran,2021-0316-IND,7.0,61.12440190465799,,54.12440190465799,40.85918512502935,49.0,74.0,0.0,25.0,0.0,2.8445236122147956e-27
poisson,2,E122::gopalganj,2021-0316-IND,8.0,50.83845284758757,,42.83845284758757,30.013831637820104,39.0,63.0,0.0,24.0,0.0,8.339508579184908e-23
poisson,2,E122::madhubani,2021-0316-IND,0.0,59.22027672345151,,59.22027672345151,59.22027672345151,47.0,72.0,0.0,25.0,1.0,1.9096800107675847e-26
poisson,2,E122::muzaffarpur,2021-0316-IND,8.0,61.237805997855396,,53.237805997855396,38.92429094975794,49.0,74.0,0.0,25.0,0.0,2.539561714979698e-27
poisson,2,E122::saran,2021-0316-IND,3.0,55.27080281861009,,52.27080281861009,45.02582791443257,43.0,68.0,0.0,25.0,0.0,9.912776753727181e-25
poisson,2,E122::sitamarhi,2021-0316-IND,1.0,58.710713353758635,,57.710713353758635,54.638091133292065,46.0,72.0,0.0,26.0,0.0,3.178785050147228e-26
poisson,2,E122::siwan,2021-0316-IND,1.0,55.60329539145539,,54.60329539145539,51.585052922324735,44.0,68.0,0.0,24.0,0.0,7.1087891960272775e-25
poisson,2,E122::vaishali,2021-0316-IND,2.0,50.111213839112736,,48.111213839112736,42.975871395335034,39.0,62.0,0.0,23.0,0.0,1.7257439049289462e-22
poisson,2,E122::west%20champaran,2021-0316-IND,10.0,56.0637222394865,,46.0637222394865,30.903245403016072,44.0,69.0,0.0,25.0,0.0,4.485747217732373e-25
poisson,2,E124::surat,2021-0316-IND,1.0,69.62230958606902,,68.62230958606902,65.3792245300609,56.0,84.0,0.0,28.0,0.0,5.79982820186973e-31
poisson,2,E124::valsad,2021-0316-IND,0.0,57.458006298870295,,57.458006298870295,57.458006298870295,45.0,70.0,0.0,25.0,1.0,1.112512561222294e-25
poisson,2,E125::bagalkot,2021-0316-IND,0.0,38.86254727330773,,38.86254727330773,38.86254727330773,29.0,49.0,0.0,20.0,1.0,1.3249825739171297e-17
poisson,2,E125::belagavi,2021-0316-IND,7.0,55.56732508251718,,48.56732508251718,35.96931899264512,44.0,68.0,0.0,24.0,0.0,7.369149080424307e-25
poisson,2,E125::chikkamagaluru,2021-0316-IND,3.0,40.22472369023977,,37.22472369023977,30.933037688219127,30.0,51.0,0.0,21.0,0.0,3.3933172530393115e-18
poisson,2,E125::dharwad,2021-0316-IND,0.0,42.123874208045635,,42.123874208045635,42.123874208045635,32.0,53.0,0.0,21.0,1.0,5.079651002022978e-19
poisson,2,E125::gadag,2021-0316-IND,0.0,31.05753149562675,,31.05753149562675,31.05753149562675,22.0,40.0,0.0,18.0,1.0,3.250015632369383e-14
poisson,2,E125::haveri,2021-0316-IND,0.0,41.831456512591494,,41.831456512591494,41.831456512591494,31.0,53.0,0.0,22.0,1.0,6.805017816819508e-19
poisson,2,E125::kodagu,2021-0316-IND,5.0,40.649704665223624,,35.649704665223624,26.912238554709294,30.0,51.0,0.0,21.0,0.0,2.218490497812966e-18
poisson,2,E125::shivamogga,2021-0316-IND,3.0,49.48729591413685,,46.48729591413685,39.5739074180581,38.0,61.0,0.0,23.0,0.0,3.2206272274874436e-22
poisson,2,E125::uttara%20kannada,2021-0316-IND,3.0,48.21248461205858,,45.21248461205858,38.377390068191126,37.0,60.0,0.0,23.0,0.0,1.1523488536912066e-21
poisson,2,E126::idukki,2021-0316-IND,0.0,51.569589343924825,,51.569589343924825,51.569589343924825,40.0,64.0,0.0,24.0,1.0,4.014319304579517e-23
poisson,2,E126::kottayam,2021-0316-IND,1.0,50.43319924423966,,49.43319924423966,46.51254957085646,39.0,62.0,0.0,23.0,0.0,1.2506617379909932e-22
poisson,2,E126::pathanamthitta,2021-0316-IND,0.0,47.33424571199347,,47.33424571199347,47.33424571199347,36.0,59.0,0.0,23.0,1.0,2.773309135319283e-21
poisson,2,E127::kolhapur,2021-0316-IND,1.0,76.06610582226315,,75.06610582226315,71.7345030465945,62.0,91.0,0.0,29.0,0.0,9.223802207900604e-34
poisson,2,E127::pune,2021-0316-IND,3.0,78.66927477018567,,75.66927477018567,67.36527623041508,64.0,94.0,0.0,30.0,0.0,6.829172329441977e-35
poisson,2,E127::raigad,2021-0316-IND,10.0,55.59338057575663,,45.59338057575663,30.517151751070813,44.0,68.0,0.0,24.0,0.0,7.179622098072145e-25
poisson,2,E127::ratnagiri,2021-0316-IND,3.0,51.84035737374505,,48.84035737374505,41.78761000556135,40.0,64.0,0.0,24.0,0.0,3.062096356172296e-23
poisson,2,E127::sangli,2021-0316-IND,0.0,49.30478730962427,,49.30478730962427,49.30478730962427,38.0,61.0,0.0,23.0,1.0,3.8654756337674566e-22
poisson,2,E127::satara,2021-0316-IND,0.0,59.95142039614798,,59.95142039614798,59.95142039614798,48.0,73.0,0.0,25.0,1.0,9.192400542265564e-27
poisson,2,E127::sindhudurg,2021-0316-IND,3.0,44.509031330548865,,41.509031330548865,34.913714440290924,34.0,56.0,0.0,22.0,0.0,4.677063844237232e-20
poisson,2,E127::thane,2021-0316-IND,9.0,90.14707558546296,,81.14707558546296,62.435920478298286,75.0,106.0,0.0,31.0,0.0,7.073307089767301e-40
poisson,2,E129::ayodhya,2021-0316-IND,1.0,56.304881623225256,,55.304881623225256,52.27410038449877,44.0,69.0,0.0,25.0,0.0,3.524525092393801e-25
poisson,2,E129::ballia,2021-0316-IND,2.0,54.92892362192796,,52.92892362192796,47.60999069906296,43.0,67.0,0.0,24.0,0.0,1.3953127866060878e-24
poisson,2,E129::barabanki,2021-0316-IND,5.0,53.215672908032865,,48.215672908032865,38.131399868340154,42.0,65.0,0.0,23.0,0.0,7.739749508416343e-24
poisson,2,E129::budaun,2021-0316-IND,2.0,45.09913617214833,,43.09913617214833,38.17455716727967,34.0,56.0,0.0,22.0,0.0,2.592352300696629e-20
poisson,2,E129::lakhimpur%20kheri,2021-0316-IND,2.0,53.61043752919478,,51.61043752919478,46.3400971514715,42.0,66.0,0.0,24.0,0.0,5.2153421893290645e-24
poisson,2,E130::bageshwar,2021-0316-IND,0.0,29.535348360364633,,29.535348360364633,29.535348360364633,21.0,39.0,0.0,18.0,1.0,1.4892279756912238e-13
poisson,2,E130::chamoli,2021-0316-IND,22.0,26.389177648474135,,4.389177648474135,2.8553712522731196,18.0,35.0,1.0,17.0,0.0,3.461989651060238e-12
poisson,2,E130::pithoragarh,2021-0316-IND,1.0,31.834959781259148,,30.834959781259148,28.374394731140757,23.0,41.0,0.0,18.0,0.0,1.493663042321154e-14
poisson,2,E131::jalpaiguri,2021-0316-IND,1.0,56.65288476323738,,55.65288476323738,52.61594185449611,45.0,69.0,0.0,24.0,0.0,2.488655392508286e-25
poisson,2,E145::ariyalur,2021-0722-IND,5.0,32.13295230960006,,27.132952309600057,19.571033775916963,23.0,42.0,0.0,19.0,0.0,1.1087563616653295e-14
poisson,2,E145::chennai,2021-0722-IND,404.0,86.75311579787495,,317.24688420212505,308.1657793321661,72.0,102.0,0.0,30.0,0.0,2.1066894533563512e-38
poisson,2,E145::coimbatore,2021-0722-IND,5.0,68.5814779702651,,63.5814779702651,52.22885722383861,55.0,82.0,0.0,27.0,0.0,1.642262426568194e-30
poisson,2,E145::cuddalore,2021-0722-IND,26.0,45.275673752204604,,19.275673752204604,7.405358503505475,35.0,57.0,0.0,22.0,0.0,2.172824877168568e-20
poisson,2,E145::dharmapuri,2021-0722-IND,1.0,46.200389346693015,,45.200389346693015,42.36740112122323,35.0,58.0,0.0,23.0,0.0,8.618384086863886e-21
poisson,2,E145::dindigul,2021-0722-IND,3.0,53.54412890796545,,50.54412890796545,43.39436991726317,42.0,66.0,0.0,24.0,0.0,5.572887511825837e-24
poisson,2,E145::erode,2021-0722-IND,1.0,55.15982072956394,,54.15982072956394,51.14958592665202,43.0,68.0,0.0,25.0,0.0,1.1076287868742555e-24
poisson,2,E145::kanyakumari,2021-0722-IND,15.0,51.25818313605124,,36.25818313605124,20.10432537659498,40.0,63.0,0.0,23.0,0.0,5.480925660319027e-23
poisson,2,E145::karur,2021-0722-IND,0.0,43.5778949823655,,43.5778949823655,43.5778949823655,33.0,55.0,0.0,22.0,1.0,1.186753923487524e-19
poisson,2,E145::krishnagiri,2021-0722-IND,5.0,55.50383156269737,,50.50383156269737,40.20906302780366,44.0,68.0,0.0,24.0,0.0,7.852215820992982e-25
poisson,2,E145::madurai,2021-0722-IND,12.0,55.486147631122314,,43.486147631122314,27.2797613583798,44.0,68.0,0.0,24.0,0.0,7.99230891581167e-25
poisson,2,E145::nagapattinam,2021-0722-IND,20.0,36.64074094656507,,16.640740946565067,6.953142168474351,27.0,47.0,0.0,20.0,0.0,1.222160924276367e-16
poisson,2,E145::namakkal,2021-0722-IND,1.0,49.85235821354997,,48.85235821354997,45.94329241207146,39.0,62.0,0.0,23.0,0.0,2.2356093535589927e-22
poisson,2,E145::nilgiris,2021-0722-IND,1.0,46.004313786921536,,45.004313786921536,42.17557861685277,35.0,57.0,0.0,22.0,0.0,1.048528835823632e-20
poisson,2,E145::perambalur,2021-0722-IND,3.0,33.85815911881565,,30.85815911881565,25.083378564653025,25.0,44.0,0.0,19.0,0.0,1.9750965358995617e-15
poisson,2,E145::pudukkottai,2021-0722-IND,0.0,39.38476669267945,,39.38476669267945,39.38476669267945,29.0,50.0,0.0,21.0,1.0,7.859830027547804e-18
poisson,2,E145::ramanathapuram,2021-0722-IND,9.0,39.682698861789646,,30.682698861789646,19.356288679906797,30.0,50.0,0.0,20.0,0.0,5.834758123051147e-18
poisson,2,E145::salem,2021-0722-IND,1.0,61.508266424919135,,60.508266424919135,57.38909484572602,49.0,75.0,0.0,26.0,0.0,1.9377569366547912e-27
poisson,2,E145::thanjavur,2021-0722-IND,11.0,45.07133916842127,,34.07133916842127,20.68293497156572,34.0,56.0,0.0,22.0,0.0,2.6654227927222277e-20
poisson,2,E145::theni,2021-0722-IND,9.0,46.195576182368654,,37.195576182368654,24.501447303578388,35.0,58.0,0.0,23.0,0.0,8.659965775158414e-21
poisson,2,E145::thoothukudi,2021-0722-IND,13.0,40.855420999035395,,27.855420999035395,15.177071124707833,31.0,52.0,0.0,21.0,0.0,1.8059931730848192e-18
poisson,2,E145::tiruchirappalli,2021-0722-IND,2.0,48.15235435304358,,46.15235435304358,41.096761467063914,37.0,60.0,0.0,23.0,0.0,1.223765523329024e-21
poisson,2,E145::tirunelveli,2021-0722-IND,12.0,49.54508308845106,,37.54508308845106,22.69770128963954,38.0,61.0,0.0,23.0,0.0,3.0397915908235827e-22
poisson,2,E145::tiruvallur,2021-0722-IND,42.0,52.40413277965122,,10.40413277965122,3.8986249409768305,41.0,65.0,1.0,24.0,0.0,1.7425060910227056e-23
poisson,2,E145::tiruvannamalai,2021-0722-IND,4.0,43.10604009166904,,39.10604009166904,31.22944140750158,33.0,54.0,0.0,21.0,0.0,1.9023247202178743e-19
poisson,2,E145::tiruvarur,2021-0722-IND,11.0,36.0885524276162,,25.0885524276162,14.1451274878942,27.0,46.0,0.0,19.0,0.0,2.1229551575492074e-16
poisson,2,E145::vellore,2021-0722-IND,17.0,58.55556108010732,,41.55556108010732,22.871041415854727,46.0,71.0,0.0,25.0,0.0,3.712298912719743e-26
poisson,2,E145::virudhunagar,2021-0722-IND,0.0,48.21453336759709,,48.21453336759709,48.21453336759709,37.0,60.0,0.0,23.0,1.0,1.1499903893782737e-21
poisson,2,E146::anantapur,2021-0748-IND,62.0,52.75470926571538,,9.245290734284623,3.7504022384543703,41.0,65.0,1.0,24.0,0.0,1.2272156119447441e-23
poisson,2,E146::chittoor,2021-0748-IND,113.0,52.515661292225275,,60.484338707774725,29.38826250576244,41.0,65.0,0.0,24.0,0.0,1.5586122572066077e-23
poisson,2,E146::nellore,2021-0748-IND,107.0,38.718920314094845,,68.28107968590515,43.74060096594255,29.0,49.0,0.0,20.0,0.0,1.5296305976426988e-17
poisson,2,E146::ysr%20kadapa,2021-0748-IND,147.0,47.238855804740865,,99.76114419525913,70.53030257021464,36.0,59.0,0.0,23.0,0.0,3.050883278293823e-21
poisson,2,E200::kishtwar,2025-0690-IND,996.0,19.615100340259822,,976.3848996597402,2939.7237683705266,13.0,27.0,0.0,14.0,0.0,3.0287969567046856e-09
nb2,3,E052::bishnupur,2017-0290-IND,12.0,39.06343574743062,3.6748747680316645,27.063435747430617,4.452251175263927,0.0,185.0,1.0,185.0,0.0,0.2583552552070944
nb2,3,E052::imphal%20east,2017-0290-IND,28.0,44.01006598425088,3.6748747680316645,16.01006598425088,5.185751083604183,0.0,208.0,1.0,208.0,0.0,0.25016037538491315
nb2,3,E052::imphal%20west,2017-0290-IND,14.0,40.08600599110434,3.6748747680316645,26.086005991104336,4.581659164419241,0.0,190.0,1.0,190.0,0.0,0.2565572858869767
nb2,3,E052::thoubal,2017-0290-IND,16.0,36.968189269028,3.6748747680316645,20.968189269028002,4.678709578318624,0.0,175.0,1.0,175.0,0.0,0.26223224634906267
nb2,3,E053::araria,2017-0342-IND,288.0,35.342521506416894,3.6748747680316645,252.6574784935831,8.856145694814137,0.0,167.0,0.0,167.0,0.0,0.2654367334117933
nb2,3,E053::darbhanga,2017-0342-IND,179.0,37.61209162901891,3.6748747680316645,141.38790837098108,7.608431323272761,0.0,178.0,0.0,178.0,0.0,0.2610118245870145
nb2,3,E053::east%20champaran,2017-0342-IND,152.0,36.62596013848686,3.6748747680316645,115.37403986151314,7.317095340425794,0.0,173.0,1.0,173.0,0.0,0.2628918698571989
nb2,3,E053::gopalganj,2017-0342-IND,121.0,44.185344671917775,3.6748747680316645,76.81465532808222,6.8197235193356045,0.0,209.0,1.0,209.0,0.0,0.24989160306142236
nb2,3,E053::katihar,2017-0342-IND,284.0,34.58721640552049,3.6748747680316645,249.4127835944795,8.856839756877232,0.0,164.0,0.0,164.0,0.0,0.2669895709188134
nb2,3,E053::khagaria,2017-0342-IND,85.0,37.82808141664231,3.6748747680316645,47.17191858335769,6.387397802073808,0.0,179.0,1.0,179.0,0.0,0.260608344931711
nb2,3,E053::kishanganj,2017-0342-IND,189.0,41.959504313119055,3.6748747680316645,147.04049568688094,7.608910770588957,0.0,198.0,1.0,198.0,0.0,0.2534088492273872
nb2,3,E053::madhepura,2017-0342-IND,138.0,37.653701373918786,3.6748747680316645,100.34629862608122,7.122892466233712,0.0,178.0,1.0,178.0,0.0,0.2609338682896102
nb2,3,E053::madhubani,2017-0342-IND,165.0,39.91754691923909,3.6748747680316645,125.0824530807609,7.395886907910427,0.0,189.0,1.0,189.0,0.0,0.25684947255972645
nb2,3,E053::muzaffarpur,2017-0342-IND,120.0,41.11396506038132,3.6748747680316645,78.88603493961868,6.842927551773742,0.0,194.0,1.0,194.0,0.0,0.2548073257289509
nb2,3,E053::nalanda,2017-0342-IND,3.0,38.962081003474424,3.6748747680316645,35.962081003474424,3.405480042682244,0.0,184.0,1.0,184.0,0.0,0.25853670068372026
nb2,3,E053::patna,2017-0342-IND,56.0,43.39872649725178,3.6748747680316645,12.60127350274822,5.862162674437461,0.0,205.0,1.0,205.0,0.0,0.2511085019662153
nb2,3,E053::purnea,2017-0342-IND,186.0,35.438527133481124,3.6748747680316645,150.56147286651887,7.752640513673581,0.0,168.0,0.0,168.0,0.0,0.2652423573185358
nb2,3,E053::saharsa,2017-0342-IND,121.0,37.54922982695997,3.6748747680316645,83.45077017304003,6.906553764854146,0.0,178.0,1.0,178.0,0.0,0.2611298036469712
nb2,3,E053::samastipur,2017-0342-IND,69.0,43.11531577596839,3.6748747680316645,25.88468422403161,6.096089861072286,0.0,204.0,1.0,204.0,0.0,0.25155379036902475
nb2,3,E053::saran,2017-0342-IND,62.0,44.288387676766675,3.6748747680316645,17.711612323233325,5.971307376834853,0.0,209.0,1.0,209.0,0.0,0.2497342253039964
nb2,3,E053::sheohar,2017-0342-IND,105.0,39.00067246733375,3.6748747680316645,65.99932753266626,6.670038398494094,0.0,184.0,1.0,184.0,0.0,0.258467543941783
nb2,3,E053::sitamarhi,2017-0342-IND,182.0,38.83242513669093,3.6748747680316645,143.16757486330908,7.609687045109352,0.0,184.0,1.0,184.0,0.0,0.25876968207692425
nb2,3,E053::siwan,2017-0342-IND,11.0,50.634068168069874,3.6748747680316645,39.634068168069874,4.435499129863298,0.0,239.0,1.0,239.0,0.0,0.2408485705074968
nb2,3,E053::supaul,2017-0342-IND,88.0,38.13480223755672,3.6748747680316645,49.86519776244328,6.431234975065612,0.0,180.0,1.0,180.0,0.0,0.26004034825078925
nb2,3,E053::west%20champaran,2017-0342-IND,187.0,37.54913363838583,3.6748747680316645,149.45086636161417,7.699702678010913,0.0,178.0,0.0,178.0,0.0,0.26112998436483525
nb2,3,E054::ayodhya,2017-0342-IND,35.0,52.544529828845484,3.6748747680316645,17.544529828845484,5.403618811765885,0.0,248.0,1.0,248.0,0.0,0.23844603711545612
nb2,3,E054::azamgarh,2017-0342-IND,0.0,44.02606510771054,3.6748747680316645,44.02606510771054,1.3857513635911307,0.0,208.0,1.0,208.0,1.0,0.25013578624465127
nb2,3,E054::bahraich,2017-0342-IND,8.0,41.01597205567647,3.6748747680316645,33.01597205567647,4.144087746785191,0.0,194.0,1.0,194.0,0.0,0.2549717495978523
nb2,3,E054::balrampur,2017-0342-IND,7.0,37.80551132037192,3.6748747680316645,30.80551132037192,4.023970802785221,0.0,179.0,1.0,179.0,0.0,0.26065037069574587
nb2,3,E054::barabanki,2017-0342-IND,1.0,48.318990846549895,3.6748747680316645,47.318990846549895,2.7180564050757323,0.0,228.0,1.0,228.0,0.0,0.24391842159782176
nb2,3,E054::basti,2017-0342-IND,0.0,46.25294077436212,3.6748747680316645,46.25294077436212,1.3990980504698023,0.0,219.0,1.0,219.0,1.0,0.24681948229245765
nb2,3,E054::ghazipur,2017-0342-IND,0.0,55.36503220580664,3.6748747680316645,55.36503220580664,1.4477691188373694,0.0,262.0,1.0,262.0,1.0,0.2350941706734352
nb2,3,E054::gonda,2017-0342-IND,8.0,46.320393406753546,3.6748747680316645,38.320393406753546,4.170937291500441,0.0,219.0,1.0,219.0,0.0,0.24672219667768103
nb2,3,E054::gorakhpur,2017-0342-IND,6.0,40.64600887057324,3.6748747680316645,34.64600887057324,3.923583319239184,0.0,192.0,1.0,192.0,0.0,0.25559702056499045
nb2,3,E054::maharajganj,2017-0342-IND,3.0,37.05489754832366,3.6748747680316645,34.05489754832366,3.3929907410578113,0.0,175.0,1.0,175.0,0.0,0.2620663456009872
nb2,3,E054::shrawasti,2017-0342-IND,10.0,39.54021093457738,3.6748747680316645,29.54021093457738,4.309775188246602,0.0,187.0,1.0,187.0,0.0,0.2575096402848627
nb2,3,E054::siddharthnagar,2017-0342-IND,22.0,35.04609735001724,3.6748747680316645,13.046097350017241,4.9472028466560625,0.0,166.0,1.0,166.0,0.0,0.26604111484875415
nb2,3,E054::sitapur,2017-0342-IND,2.0,51.512978139763824,3.6748747680316645,49.512978139763824,3.192765122613016,0.0,244.0,1.0,244.0,0.0,0.23972928252118794
nb2,3,E055::bankura,2017-0342-IND,1.0,38.20312031432907,3.6748747680316645,37.20312031432907,2.6560188232472655,0.0,181.0,1.0,181.0,0.0,0.25991461986007325
nb2,3,E055::birbhum,2017-0342-IND,1.0,39.942482388869905,3.6748747680316645,38.942482388869905,2.667742560173504,0.0,189.0,1.0,189.0,0.0,0.2568061246703029
nb2,3,E055::cooch%20behar,2017-0342-IND,66.0,36.898005046690855,3.6748747680316645,29.101994953309145,6.072549908915095,0.0,175.0,1.0,175.0,0.0,0.2623668915326106
nb2,3,E055::dakshin%20dinajpur,2017-0342-IND,32.0,34.44864243030411,3.6748747680316645,2.448642430304112,5.295499697342599,0.0,163.0,1.0,163.0,0.0,0.26727911478286154
nb2,3,E055::hooghly,2017-0342-IND,2.0,51.7011502878911,3.6748747680316645,49.7011502878911,3.193713878504544,0.0,244.0,1.0,244.0,0.0,0.2394927848165845
nb2,3,E055::howrah,2017-0342-IND,2.0,62.07959308424474,3.6748747680316645,60.07959308424474,3.241504755992646,0.0,293.0,1.0,293.0,0.0,0.22791688677769897
nb2,3,E055::jalpaiguri,2017-0342-IND,113.0,43.71466917746576,3.6748747680316645,69.28533082253423,6.7254255689516125,0.0,207.0,1.0,207.0,0.0,0.2506164132236104
nb2,3,E055::malda,2017-0342-IND,121.0,38.509925864605016,3.6748747680316645,82.49007413539499,6.891659566101753,0.0,182.0,1.0,182.0,0.0,0.25935347499391675
nb2,3,E055::murshidabad,2017-0342-IND,3.0,43.63727977075685,3.6748747680316645,40.63727977075685,3.4338849195846817,0.0,206.0,1.0,206.0,0.0,0.2507365324763549
nb2,3,E055::uttar%20dinajpur,2017-0342-IND,38.0,36.26164371473416,3.6748747680316645,1.7383562852658372,5.466262222290346,0.0,172.0,1.0,172.0,0.0,0.26360267239258617
nb2,3,E057::mumbai%20city,2017-0364-IND,843.0,95.99950746424372,3.6748747680316645,747.0004925357563,10.08548734290519,0.0,453.0,0.0,453.0,0.0,0.2025076532618831
nb2,3,E057::mumbai%20suburban,2017-0364-IND,2.0,97.38785429111124,3.6748747680316645,95.38785429111124,3.360437287874611,0.0,460.0,1.0,460.0,0.0,0.20172017254516064
nb2,3,E057::thane,2017-0364-IND,60.0,67.48492316479178,3.6748747680316645,7.48492316479178,5.923206512870429,0.0,319.0,1.0,319.0,0.0,0.22281857472474736
nb2,3,E061::biswanath,2018-0205-IND,26.0,36.56624434502606,3.6748747680316645,10.566244345026057,5.102178033172246,0.0,173.0,1.0,173.0,0.0,0.2630077655913461
nb2,3,E061::cachar,2018-0205-IND,71.0,38.49327032527832,3.6748747680316645,32.50672967472168,6.152227352704638,0.0,182.0,1.0,182.0,0.0,0.25938379268962697
nb2,3,E061::golaghat,2018-0205-IND,2.0,39.61689153757481,3.6748747680316645,37.61689153757481,3.124895162314468,0.0,187.0,1.0,187.0,0.0,0.2573748410938127
nb2,3,E061::hailakandi,2018-0205-IND,71.0,42.3168037860523,3.6748747680316645,28.683196213947703,6.132777973905686,0.0,200.0,1.0,200.0,0.0,0.2528285588232561
nb2,3,E061::hojai,2018-0205-IND,31.0,37.4025174274676,3.6748747680316645,6.4025174274676,5.267647177752697,0.0,177.0,1.0,177.0,0.0,0.26140612668426366
nb2,3,E061::karimganj,2018-0205-IND,75.0,41.594127477260116,3.6748747680316645,33.405872522739884,6.201905380513081,0.0,197.0,1.0,197.0,0.0,0.25400875292604375
nb2,3,E061::nagaon,2018-0205-IND,8.0,37.77207083286859,3.6748747680316645,29.772070832868593,4.126348337389936,0.0,179.0,1.0,179.0,0.0,0.26071269553831494
nb2,3,E061::west%20karbi%20anglong,2018-0205-IND,4.0,48.973471882384075,3.6748747680316645,44.973471882384075,3.6694659814567405,0.0,232.0,1.0,232.0,0.0,0.24303199358696642
nb2,3,E132::south%20goa,2021-0435-IND,0.0,63.20764992054486,3.6748747680316645,63.20764992054486,1.4836533599260746,0.0,299.0,1.0,299.0,1.0,0.22680756327162543
nb2,3,E134::sahibganj,2021-0435-IND,0.0,46.15239699782894,3.6748747680316645,46.15239699782894,1.3985093486053113,0.0,218.0,1.0,218.0,1.0,0.24696482816036994
nb2,3,E135::bagalkot,2021-0435-IND,0.0,35.03380547402371,3.6748747680316645,35.03380547402371,1.3240096926950438,0.0,166.0,1.0,166.0,1.0,0.2660663160816452
nb2,3,E135::belagavi,2021-0435-IND,0.0,42.19358997414682,3.6748747680316645,42.19358997414682,1.374255248388487,0.0,200.0,1.0,200.0,1.0,0.2530279686379551
nb2,3,E135::chikkamagaluru,2021-0435-IND,0.0,45.23082672588038,3.6748747680316645,45.23082672588038,1.3930532124695216,0.0,214.0,1.0,214.0,1.0,0.2483159845783162
nb2,3,E135::davanagere,2021-0435-IND,0.0,43.38668354800466,3.6748747680316645,43.38668354800466,1.3817951031385796,0.0,205.0,1.0,205.0,1.0,0.2511273487098951
nb2,3,E135::dharwad,2021-0435-IND,0.0,40.06862999190028,3.6748747680316645,40.06862999190028,1.3602861181212094,0.0,190.0,1.0,190.0,1.0,0.25658735215884887
nb2,3,E135::gadag,2021-0435-IND,0.0,31.080040605336656,3.6748747680316645,31.080040605336656,1.2916908679741086,0.0,147.0,1.0,147.0,1.0,0.2748057298210575
nb2,3,E135::haveri,2021-0435-IND,0.0,41.99366249179665,3.6748747680316645,41.99366249179665,1.3729710979098555,0.0,199.0,1.0,199.0,1.0,0.25335310334125094
nb2,3,E135::kodagu,2021-0435-IND,0.0,61.21183973501217,3.6748747680316645,61.21183973501217,1.4749605606568865,0.0,289.0,1.0,289.0,1.0,0.2287877501058661
nb2,3,E135::shivamogga,2021-0435-IND,0.0,52.5464813464412,3.6748747680316645,52.5464813464412,1.4336223080104282,0.0,248.0,1.0,248.0,1.0,0.2384436397237681
nb2,3,E135::uttara%20kannada,2021-0435-IND,0.0,54.60903806586717,3.6748747680316645,54.60903806586717,1.4440462440187851,0.0,258.0,1.0,258.0,1.0,0.23597102804378786
nb2,3,E136::pune,2021-0435-IND,0.0,55.24412033200169,3.6748747680316645,55.24412033200169,1.447177102261075,0.0,261.0,1.0,261.0,1.0,0.235233391525924
nb2,3,E136::raigarh,2021-0435-IND,0.0,53.90686017754972,3.6748747680316645,53.90686017754972,1.440542159495038,0.0,255.0,1.0,255.0,1.0,0.23679934086272972
nb2,3,E136::ratnagiri,2021-0435-IND,0.0,58.34824410598196,3.6748747680316645,58.34824410598196,1.4619821106612452,0.0,276.0,1.0,276.0,1.0,0.23177641263302878
nb2,3,E136::satara,2021-0435-IND,0.0,57.121425129189866,3.6748747680316645,57.121425129189866,1.456226729656083,0.0,270.0,1.0,270.0,1.0,0.23311422029931833
nb2,3,E137::bageshwar,2021-0435-IND,0.0,50.39690826860894,3.6748747680316645,50.39690826860894,1.4223161848424886,0.0,238.0,1.0,238.0,1.0,0.24115481041766668
nb2,3,E137::chamoli,2021-0435-IND,0.0,35.93594623780788,3.6748747680316645,35.93594623780788,1.3308755346283423,0.0,170.0,1.0,170.0,1.0,0.26424580363853106
nb2,3,E137::dehradun,2021-0435-IND,1.0,44.704962347484376,3.6748747680316645,43.704962347484376,2.697477691535983,0.0,211.0,1.0,211.0,0.0,0.24910267723914178
nb2,3,E137::pithoragarh,2021-0435-IND,0.0,44.22458214166212,3.6748747680316645,44.22458214166212,1.3869681042239836,0.0,209.0,1.0,209.0,1.0,0.24983162095245717
nb2,3,E137::uttarkashi,2021-0435-IND,0.0,38.7249471730487,3.6748747680316645,38.7249471730487,1.3510679310381168,0.0,183.0,1.0,183.0,1.0,0.25896355770134744
nb2,3,E138::hooghly,2021-0435-IND,1.0,58.098369256061325,3.6748747680316645,57.098369256061325,2.7670115708626066,0.0,275.0,1.0,275.0,0.0,0.2320459881449418
nb2,3,E140::lahaul%20and%20spiti,2021-0458-IND,8.0,27.468502873506047,3.6748747680316645,19.468502873506047,4.061834992372716,0.0,130.0,1.0,130.0,0.0,0.28411175790653603
nb2,3,E141::anantnag,2021-0458-IND,6.0,46.66200759720154,3.6748747680316645,40.66200759720154,3.9557636334176105,0.0,221.0,1.0,221.0,0.0,0.2462322299394961
nb2,3,E141::bandipora,2021-0458-IND,8.0,36.996467353917254,3.6748747680316645,28.996467353917254,4.121942875449514,0.0,175.0,1.0,175.0,0.0,0.26217808735363346
nb2,3,E141::ganderbal,2021-0458-IND,2.0,42.114114969465696,3.6748747680316645,40.114114969465696,3.1406097383233127,0.0,199.0,1.0,199.0,0.0,0.2531569822643912
nb2,3,E141::kishtwar,2021-0458-IND,60.0,42.615966113930476,3.6748747680316645,17.384033886069524,5.939210572875308,0.0,202.0,1.0,202.0,0.0,0.2523474321862359
nb2,3,E144::nainital,2021-0681-IND,155.0,53.63335744031443,3.6748747680316645,101.36664255968557,7.093759911298653,0.0,254.0,1.0,254.0,0.0,0.23712567792165154
nb2,3,E156::chamba,2022-0539-IND,49.0,49.998020312427805,3.6748747680316645,0.9980203124278049,5.719445281299289,0.0,236.0,1.0,236.0,0.0,0.24167402150997225
nb2,3,E156::kangra,2022-0539-IND,81.0,44.65427038608832,3.6748747680316645,36.34572961391168,6.2800608582181425,0.0,211.0,1.0,211.0,0.0,0.24917913035256026
nb2,3,E156::mandi,2022-0539-IND,79.0,51.85252619485491,3.6748747680316645,27.14747380514509,6.223728948988582,0.0,245.0,1.0,245.0,0.0,0.23930332239358088
nb2,3,E157::sahibganj,2022-0539-IND,0.0,39.99242401041299,3.6748747680316645,39.99242401041299,1.359771585284442,0.0,189.0,1.0,189.0,1.0,0.25671940874784605
nb2,3,E158::dehradun,2022-0539-IND,34.0,47.8078215366481,3.6748747680316645,13.807821536648099,5.369220159224184,0.0,226.0,1.0,226.0,0.0,0.24462137979148715
nb2,3,E158::pauri%20garhwal,2022-0539-IND,3.0,53.31512350501474,3.6748747680316645,50.31512350501474,3.4847094135998167,0.0,252.0,1.0,252.0,0.0,0.23750804868187095
nb2,3,E158::rudraprayag,2022-0539-IND,0.0,53.847488955885,3.6748747680316645,53.847488955885,1.4402437994273876,0.0,255.0,1.0,255.0,1.0,0.23687000287092577
nb2,3,E158::tehri%20garhwal,2022-0539-IND,5.0,53.54066379690525,3.6748747680316645,48.54066379690525,3.8541123138128626,0.0,253.0,1.0,253.0,0.0,0.2372367560306539
nb2,3,E158::uttarkashi,2022-0539-IND,1.0,42.516693086435765,3.6748747680316645,41.516693086435765,2.6842167660312706,0.0,201.0,1.0,201.0,0.0,0.25250661311053435
nb2,3,E174::ambala,2023-0359-IND,141.0,27.9927156747011,3.6748747680316645,113.0072843252989,7.428850516555186,0.0,133.0,0.0,133.0,0.0,0.28266811124495733
nb2,3,E174::faridabad,2023-0359-IND,36.0,30.10148939885008,3.6748747680316645,5.898510601149919,5.416682946564895,0.0,143.0,1.0,143.0,0.0,0.2771871811814539
nb2,3,E174::fatehabad,2023-0359-IND,46.0,24.921717716976044,3.6748747680316645,21.078282283023956,5.7191928644881065,0.0,118.0,1.0,118.0,0.0,0.29165518354932113
nb2,3,E174::kaithal,2023-0359-IND,37.0,25.267452027362275,3.6748747680316645,11.732547972637725,5.461744129291731,0.0,120.0,1.0,120.0,0.0,0.2905754733306428
nb2,3,E174::karnal,2023-0359-IND,90.0,25.72513694662705,3.6748747680316645,64.27486305337295,6.662675157388648,0.0,122.0,1.0,122.0,0.0,0.28917441040940006
nb2,3,E174::kurukshetra,2023-0359-IND,81.0,25.718965620996116,3.6748747680316645,55.281034379003884,6.491545290812401,0.0,122.0,1.0,122.0,0.0,0.2891930928608983
nb2,3,E174::palwal,2023-0359-IND,19.0,29.852847123121236,3.6748747680316645,10.852847123121236,4.800175295227327,0.0,141.0,1.0,141.0,0.0,0.27780787679920893
nb2,3,E174::panchkula,2023-0359-IND,62.0,43.85806200823796,3.6748747680316645,18.141937991762042,5.97238151768342,0.0,207.0,1.0,207.0,0.0,0.25039455632275054
nb2,3,E174::panipat,2023-0359-IND,50.0,28.817100224691167,3.6748747680316645,21.182899775308833,5.789217885939764,0.0,136.0,1.0,136.0,0.0,0.2804653762899743
nb2,3,E174::sirsa,2023-0359-IND,39.0,29.09318370570576,3.6748747680316645,9.906816294294241,5.504651188796599,0.0,138.0,1.0,138.0,0.0,0.27974537345444034
nb2,3,E174::sonipat,2023-0359-IND,26.0,28.354384432416232,3.6748747680316645,2.354384432416232,5.089111243752812,0.0,134.0,1.0,134.0,0.0,0.2816918098791534
nb2,3,E174::yamunanagar,2023-0359-IND,84.0,36.122959384364535,3.6748747680316645,47.877040615635465,6.387485085642981,0.0,171.0,1.0,171.0,0.0,0.26387562712629703
nb2,3,E175::hamirpur,2023-0359-IND,10.0,53.29641198008488,3.6748747680316645,43.29641198008488,4.372878520092832,0.0,252.0,1.0,252.0,0.0,0.23753062120146481
nb2,3,E175::mandi,2023-0359-IND,385.0,48.539016482956285,3.6748747680316645,336.4609835170437,9.096521931643649,0.0,229.0,0.0,229.0,0.0,0.24361873302479675
nb2,3,E175::solan,2023-0359-IND,58.0,51.28584546608762,3.6748747680316645,6.714154533912378,5.889717605128251,0.0,242.0,1.0,242.0,0.0,0.24001620680134034
nb2,3,E176::faridkot,2023-0359-IND,27.0,25.240333667673678,3.6748747680316645,1.7596663323263222,5.126299059989142,0.0,120.0,1.0,120.0,0.0,0.29065948888427434
nb2,3,E176::fatehgarh%20sahib,2023-0359-IND,100.0,25.302149135322182,3.6748747680316645,74.69785086467782,6.857511527321948,0.0,120.0,1.0,120.0,0.0,0.2904681433520591
nb2,3,E176::firozpur,2023-0359-IND,3.0,24.659001156038045,3.6748747680316645,21.659001156038045,3.2941376781205274,0.0,117.0,1.0,117.0,0.0,0.2924883161723846
nb2,3,E176::hoshiarpur,2023-0359-IND,44.0,27.868863317171986,3.6748747680316645,16.131136682828014,5.645033806207851,0.0,132.0,1.0,132.0,0.0,0.28300610204673127
nb2,3,E176::jalandhar,2023-0359-IND,153.0,27.105241843686372,3.6748747680316645,125.89475815631363,7.643876275939498,0.0,128.0,0.0,128.0,0.0,0.28513266818175437
nb2,3,E176::ludhiana,2023-0359-IND,125.0,27.098081119336925,3.6748747680316645,97.90191888066308,7.217456809341914,0.0,128.0,1.0,128.0,0.0,0.2851529656599683
nb2,3,E176::moga,2023-0359-IND,51.0,23.821840560489033,3.6748747680316645,27.178159439510967,5.8616658065043765,0.0,113.0,1.0,113.0,0.0,0.2952194846329198
nb2,3,E176::patiala,2023-0359-IND,204.0,25.326913056391557,3.6748747680316645,178.67308694360844,8.48661182621673,0.0,120.0,0.0,120.0,0.0,0.29039165332643596
nb2,3,E176::rupnagar,2023-0359-IND,85.0,26.797480664320393,3.6748747680316645,58.20251933567961,6.543912112287322,0.0,127.0,1.0,127.0,0.0,0.2860111796868993
nb2,3,E176::sangrur,2023-0359-IND,77.0,23.459921401615837,3.6748747680316645,53.54007859838416,6.46549331853948,0.0,111.0,1.0,111.0,0.0,0.2964378650981057
nb2,3,E176::sas%20nagar,2023-0359-IND,26.0,34.513817975470246,3.6748747680316645,8.513817975470246,5.097996946250992,0.0,163.0,1.0,163.0,0.0,0.2671427507563382
nb2,3,E176::sbs%20nagar,2023-0359-IND,40.0,26.38646134325784,3.6748747680316645,13.613538656742161,5.5440159951213595,0.0,125.0,1.0,125.0,0.0,0.28720446269523997
nb2,3,E176::tarn%20taran,2023-0359-IND,43.0,24.531398726440322,3.6748747680316645,18.468601273559678,5.640815362514261,0.0,116.0,1.0,116.0,0.0,0.29289701196857887
nb2,3,E162::dhemaji,2023-0428-IND,75.0,29.658978397862164,3.6748747680316645,45.341021602137836,6.306498541308189,0.0,140.0,1.0,140.0,0.0,0.27829637838347143
nb2,3,E162::lakhimpur,2023-0428-IND,116.0,32.10110444115378,3.6748747680316645,83.89889555884622,6.939002210080374,0.0,152.0,1.0,152.0,0.0,0.27241957566296654
nb2,3,E163::supaul,2023-0428-IND,6.0,33.76718785294652,3.6748747680316645,27.76718785294652,3.8816210364000283,0.0,160.0,1.0,160.0,0.0,0.26872468474668504
nb2,3,E164::raipur,2023-0428-IND,0.0,40.25787982088617,3.6748747680316645,40.25787982088617,1.361559715893557,0.0,190.0,1.0,190.0,1.0,0.2562607710893324
nb2,3,E166::bhavnagar,2023-0428-IND,9.0,30.296201207385938,3.6748747680316645,21.296201207385938,4.174196486982751,0.0,143.0,1.0,143.0,0.0,0.2767056098260788
nb2,3,E166::dang,2023-0428-IND,1.0,49.03663474293628,3.6748747680316645,48.03663474293628,2.7219639779522766,0.0,232.0,1.0,232.0,0.0,0.2429472393835697
nb2,3,E166::navsari,2023-0428-IND,64.0,45.35456954909645,3.6748747680316645,18.645430450903547,6.003863538366162,0.0,214.0,1.0,214.0,0.0,0.2481325452997722
nb2,3,E166::surat,2023-0428-IND,44.0,53.55062611969577,3.6748747680316645,9.550626119695771,5.616971978529696,0.0,253.0,1.0,253.0,0.0,0.23722480615288888
nb2,3,E166::tapi,2023-0428-IND,9.0,44.90145497596756,3.6748747680316645,35.90145497596756,4.254373734787325,0.0,212.0,1.0,212.0,0.0,0.24880736166007134
nb2,3,E166::valsad,2023-0428-IND,22.0,50.03277034274656,3.6748747680316645,28.03277034274656,4.992620362117917,0.0,237.0,1.0,237.0,0.0,0.2416285811632438
nb2,3,E167::bilaspur,2023-0428-IND,5.0,54.355325925740495,3.6748747680316645,49.355325925740495,3.8578220297228136,0.0,257.0,1.0,257.0,0.0,0.23626875198852748
nb2,3,E167::chamba,2023-0428-IND,74.0,49.821465895213926,3.6748747680316645,24.178534104786074,6.154983874924437,0.0,236.0,1.0,236.0,0.0,0.24190550904330976
nb2,3,E167::hamirpur,2023-0428-IND,5.0,53.29641198008488,3.6748747680316645,48.29641198008488,3.8529902519135577,0.0,252.0,1.0,252.0,0.0,0.23753062120146481
nb2,3,E167::kangra,2023-0428-IND,41.0,46.78390241028404,3.6748747680316645,5.783902410284043,5.543939838772225,0.0,221.0,1.0,221.0,0.0,0.2460584969722254
nb2,3,E167::mandi,2023-0428-IND,15.0,48.539016482956285,3.6748747680316645,33.539016482956285,4.6722909308359775,0.0,229.0,1.0,229.0,0.0,0.24361873302479675
nb2,3,E167::shimla,2023-0428-IND,148.0,55.53039702548965,3.6748747680316645,92.46960297451035,7.008613258662001,0.0,262.0,1.0,262.0,0.0,0.23490438754605591
nb2,3,E167::sirmaur,2023-0428-IND,35.0,44.84839095269802,3.6748747680316645,9.848390952698018,5.391693682244184,0.0,212.0,1.0,212.0,0.0,0.24888695212989437
nb2,3,E167::solan,2023-0428-IND,6.0,51.28584546608762,3.6748747680316645,45.28584546608762,3.9781951249381637,0.0,242.0,1.0,242.0,0.0,0.24001620680134034
nb2,3,E168::belagavi,2023-0428-IND,6.0,35.18338010213058,3.6748747680316645,29.183380102130577,3.8907822292223373,0.0,166.0,1.0,166.0,0.0,0.26576040895577724
nb2,3,E168::chikkamagaluru,2023-0428-IND,3.0,48.9855903136468,3.6748747680316645,45.9855903136468,3.463130932504097,0.0,232.0,1.0,232.0,0.0,0.24301572192194748
nb2,3,E168::shivamogga,2023-0428-IND,2.0,47.608012657104794,3.6748747680316645,45.608012657104794,3.172292417410845,0.0,225.0,1.0,225.0,0.0,0.2448987455307111
nb2,3,E168::uttara%20kannada,2023-0428-IND,14.0,43.865990572589695,3.6748747680316645,29.865990572589695,4.597885530043585,0.0,207.0,1.0,207.0,0.0,0.25038231603665584
nb2,3,E169::balaghat,2023-0428-IND,2.0,47.83222548144623,3.6748747680316645,45.83222548144623,3.1735104347327403,0.0,226.0,1.0,226.0,0.0,0.24458760382311262
nb2,3,E169::betul,2023-0428-IND,0.0,46.575104790175004,3.6748747680316645,46.575104790175004,1.400975845707566,0.0,220.0,1.0,220.0,1.0,0.24635644072870466
nb2,3,E169::dewas,2023-0428-IND,0.0,43.48293587415184,3.6748747680316645,43.48293587415184,1.3823943676849735,0.0,206.0,1.0,206.0,1.0,0.25097690207635254
nb2,3,E169::raisen,2023-0428-IND,0.0,38.767350455859464,3.6748747680316645,38.767350455859464,1.35136365669413,0.0,183.0,1.0,183.0,1.0,0.25888698685590245
nb2,3,E169::sagar,2023-0428-IND,0.0,39.39489410823022,3.6748747680316645,39.39489410823022,1.3557030608632563,0.0,186.0,1.0,186.0,1.0,0.2577660055403505
nb2,3,E170::amravati,2023-0428-IND,11.0,40.82764668242858,3.6748747680316645,29.82764668242858,4.391384964142352,0.0,193.0,1.0,193.0,0.0,0.2552891416745133
nb2,3,E170::beed,2023-0428-IND,0.0,39.83893925163454,3.6748747680316645,39.83893925163454,1.3587323138018128,0.0,188.0,1.0,188.0,1.0,0.25698634859585434
nb2,3,E170::chandrapur,2023-0428-IND,11.0,46.0743155527637,3.6748747680316645,35.0743155527637,4.415781179947203,0.0,218.0,1.0,218.0,0.0,0.24707797905080336
nb2,3,E170::gondia,2023-0428-IND,6.0,45.1819277555622,3.6748747680316645,39.1819277555622,3.9481835573990307,0.0,214.0,1.0,214.0,0.0,0.24838864858425277
nb2,3,E170::hingoli,2023-0428-IND,0.0,46.31016141019938,3.6748747680316645,46.31016141019938,1.3994325197795272,0.0,219.0,1.0,219.0,1.0,0.24673694255486261
nb2,3,E170::kolhapur,2023-0428-IND,8.0,66.80502136959969,3.6748747680316645,58.805021369599686,4.255758394876385,0.0,316.0,1.0,316.0,0.0,0.22343090364709972
nb2,3,E170::latur,2023-0428-IND,0.0,43.4888517867099,3.6748747680316645,43.4888517867099,1.3824311569931047,0.0,206.0,1.0,206.0,1.0,0.2509676689796089
nb2,3,E170::mumbai%20city,2023-0428-IND,136.0,77.87781253672038,3.6748747680316645,58.122187463279616,6.789675324068981,0.0,368.0,1.0,368.0,0.0,0.21433204085056318
nb2,3,E170::mumbai%20suburban,2023-0428-IND,1.0,78.52761291238009,3.6748747680316645,77.52761291238009,2.8474604434339077,0.0,371.0,1.0,371.0,0.0,0.21384964072576532
nb2,3,E170::nagpur,2023-0428-IND,4.0,50.766384918336705,3.6748747680316645,46.766384918336705,3.6784163739997275,0.0,240.0,1.0,240.0,0.0,0.24067850015622247
nb2,3,E170::nanded,2023-0428-IND,9.0,33.39041582781484,3.6748747680316645,24.39041582781484,4.193007082714439,0.0,158.0,1.0,158.0,0.0,0.26953983099910056
nb2,3,E170::nandurbar,2023-0428-IND,0.0,55.86769778475908,3.6748747680316645,55.86769778475908,1.4502165878867321,0.0,264.0,1.0,264.0,1.0,0.23451948851229484
nb2,3,E170::nashik,2023-0428-IND,0.0,55.833601249714725,3.6748747680316645,55.833601249714725,1.4500512666531273,0.0,264.0,1.0,264.0,1.0,0.23455826276845568
nb2,3,E170::pune,2023-0428-IND,6.0,58.72582170901645,3.6748747680316645,52.72582170901645,4.010862225219268,0.0,278.0,1.0,278.0,0.0,0.23137182726246266
nb2,3,E170::raigad,2023-0428-IND,54.0,46.77950483019726,3.6748747680316645,7.220495169802739,5.819223097507729,0.0,221.0,1.0,221.0,0.0,0.2460647547509199
nb2,3,E170::ratnagiri,2023-0428-IND,12.0,53.02429933422754,3.6748747680316645,41.02429933422754,4.513027479663925,0.0,251.0,1.0,251.0,0.0,0.23786002029636377
nb2,3,E170::satara,2023-0428-IND,5.0,51.42670657853401,3.6748747680316645,46.42670657853401,3.844246128060171,0.0,243.0,1.0,243.0,0.0,0.23983807577011051
nb2,3,E170::sindhudurg,2023-0428-IND,1.0,48.45164773842779,3.6748747680316645,47.45164773842779,2.7187829600806426,0.0,229.0,1.0,229.0,0.0,0.24373752857244788
nb2,3,E170::thane,2023-0428-IND,48.0,45.64528678030552,3.6748747680316645,2.3547132196944816,5.699177323414404,0.0,216.0,1.0,216.0,0.0,0.2477040581109624
nb2,3,E170::yavatmal,2023-0428-IND,51.0,37.77498341148558,3.6748747680316645,13.225016588514421,5.772783039759138,0.0,179.0,1.0,179.0,0.0,0.26070726443811276
nb2,3,E171::gurdaspur,2023-0428-IND,35.0,26.422935222064677,3.6748747680316645,8.577064777935323,5.395755016629676,0.0,125.0,1.0,125.0,0.0,0.2870976271254231
nb2,3,E171::kapurthala,2023-0428-IND,53.0,25.880513309885032,3.6748747680316645,27.119486690114968,5.886982493294566,0.0,123.0,1.0,123.0,0.0,0.2887058904241509
nb2,3,E171::mansa,2023-0428-IND,43.0,25.792122866917058,3.6748747680316645,17.207877133082942,5.631241205742343,0.0,122.0,1.0,122.0,0.0,0.288971986230779
nb2,3,E172::bageshwar,2023-0428-IND,1.0,48.53220397824201,3.6748747680316645,47.53220397824201,2.719223218197152,0.0,229.0,1.0,229.0,0.0,0.2436279862814
nb2,3,E172::champawat,2023-0428-IND,3.0,45.5434936753045,3.6748747680316645,42.5434936753045,3.444670738561523,0.0,215.0,1.0,215.0,0.0,0.2478536970375881
nb2,3,E172::dehradun,2023-0428-IND,18.0,43.266954100101,3.6748747680316645,25.266954100101003,4.801781114871695,0.0,205.0,1.0,205.0,0.0,0.25131508105277495
nb2,3,E172::pauri%20garhwal,2023-0428-IND,6.0,50.57716871766556,3.6748747680316645,44.57716871766556,3.9748725525251865,0.0,239.0,1.0,239.0,0.0,0.24092187792980405
nb2,3,E172::pithoragarh,2023-0428-IND,15.0,42.737264461220185,3.6748747680316645,27.737264461220185,4.649205024315907,0.0,202.0,1.0,202.0,0.0,0.25215356947438
nb2,3,E172::tehri%20garhwal,2023-0428-IND,5.0,50.11705910594355,3.6748747680316645,45.11705910594355,3.8379516279718877,0.0,237.0,1.0,237.0,0.0,0.24151852794672773
nb2,3,E172::udham%20singh%20nagar,2023-0428-IND,5.0,28.54806254821604,3.6748747680316645,23.54806254821604,3.7062782056183297,0.0,135.0,1.0,135.0,0.0,0.28117541665571244
nb2,3,E178::bhadradri%20kothagudem,2023-0486-IND,15.0,35.80986704559667,3.6748747680316645,20.80986704559667,4.619762333222996,0.0,169.0,1.0,169.0,0.0,0.264496741976323
nb2,3,E178::jayashankar%20bhupalpally,2023-0486-IND,23.0,31.5269343208375,3.6748747680316645,8.526934320837501,4.978306217551608,0.0,149.0,1.0,149.0,0.0,0.27374938185957326
nb2,3,E178::mancherial,2023-0486-IND,0.0,33.61495270688124,3.6748747680316645,33.61495270688124,1.3128481675955608,0.0,159.0,1.0,159.0,1.0,0.26905265700325076
nb2,3,E178::mulugu,2023-0486-IND,61.0,31.741385614002454,3.6748747680316645,29.258614385997546,6.010456871449406,0.0,150.0,1.0,150.0,0.0,0.27324915424614293
nb2,3,E178::nirmal,2023-0486-IND,17.0,31.940693404810766,3.6748747680316645,14.940693404810766,4.70988032211355,0.0,151.0,1.0,151.0,0.0,0.27278805728945965
nb2,3,E180::biswanath,2024-0399-IND,0.0,36.83265579902104,3.6748747680316645,36.83265579902104,1.337532570203043,0.0,174.0,1.0,174.0,1.0,0.26249255212685724
nb2,3,E180::cachar,2024-0399-IND,21.0,32.733613003834115,3.6748747680316645,11.733613003834115,4.898823145376213,0.0,155.0,1.0,155.0,0.0,0.27098895367088593
nb2,3,E180::dhemaji,2024-0399-IND,0.0,37.19519370670386,3.6748747680316645,37.19519370670386,1.3401784371873873,0.0,176.0,1.0,176.0,1.0,0.2617989497440078
nb2,3,E180::dibrugarh,2024-0399-IND,0.0,33.23515011362702,3.6748747680316645,33.23515011362702,1.3097810773360443,0.0,157.0,1.0,157.0,1.0,0.26987913257654195
nb2,3,E180::golaghat,2024-0399-IND,10.0,39.34787783469811,3.6748747680316645,29.34787783469811,4.308791493165717,0.0,186.0,1.0,186.0,0.0,0.2578492067037604
nb2,3,E180::jorhat,2024-0399-IND,0.0,40.41187371187106,3.6748747680316645,40.41187371187106,1.3625916705579895,0.0,191.0,1.0,191.0,1.0,0.25599645799431753
nb2,3,E180::kamrup,2024-0399-IND,5.0,27.01998170795289,3.6748747680316645,22.01998170795289,3.69412276557768,0.0,128.0,1.0,128.0,0.0,0.2853747824254651
nb2,3,E180::karimganj,2024-0399-IND,20.0,36.259927042010744,3.6748747680316645,16.259927042010744,4.866848454529451,0.0,172.0,1.0,172.0,0.0,0.26360604304025653
nb2,3,E180::lakhimpur,2024-0399-IND,0.0,43.03491177358348,3.6748747680316645,43.03491177358348,1.3795936869495944,0.0,204.0,1.0,204.0,1.0,0.25168079347846833
nb2,3,E180::morigaon,2024-0399-IND,3.0,42.50756664261968,3.6748747680316645,39.50756664261968,3.4272862194917284,0.0,201.0,1.0,201.0,0.0,0.2525212706307203
nb2,3,E180::nagaon,2024-0399-IND,13.0,37.719935494277095,3.6748747680316645,24.719935494277095,4.510558777041938,0.0,178.0,1.0,178.0,0.0,0.2608100021353036
nb2,3,E180::sonitpur,2024-0399-IND,6.0,36.324276875234666,3.6748747680316645,30.324276875234666,3.8979540627533935,0.0,172.0,1.0,172.0,0.0,0.26347983121335555
nb2,3,E180::tinsukia,2024-0399-IND,1.0,35.163365512067124,3.6748747680316645,34.163365512067124,2.6342343882576364,0.0,166.0,1.0,166.0,0.0,0.2658012471773045
nb2,3,E180::udalguri,2024-0399-IND,0.0,38.234511362517146,3.6748747680316645,38.234511362517146,1.3476240113453173,0.0,181.0,1.0,181.0,1.0,0.25985694489129335
nb2,3,E181::east%20jaintia%20hills,2024-0399-IND,7.0,39.395762209739814,3.6748747680316645,32.395762209739814,4.033084877801721,0.0,186.0,1.0,186.0,0.0,0.25776447050608686
nb2,3,E181::east%20khasi%20hills,2024-0399-IND,4.0,48.335773902334964,3.6748747680316645,44.335773902334964,3.6662108123010637,0.0,229.0,1.0,229.0,0.0,0.24389550126664128
nb2,3,E181::west%20garo%20hills,2024-0399-IND,1.0,45.890942820142946,3.6748747680316645,44.890942820142946,2.704403712014074,0.0,217.0,1.0,217.0,0.0,0.24734466785661724
nb2,3,E181::west%20jaintia%20hills,2024-0399-IND,0.0,39.46658318967072,3.6748747680316645,39.46658318967072,1.3561944084563478,0.0,187.0,1.0,187.0,1.0,0.2576393839441032
nb2,3,E190::lohit,2025-0402-IND,22.0,29.89130289402469,3.6748747680316645,7.89130289402469,4.933482956506431,0.0,142.0,1.0,142.0,0.0,0.2777114529313165
nb2,3,E190::lower%20dibang%20valley,2025-0402-IND,18.0,26.070061653109743,3.6748747680316645,8.070061653109743,4.739102027392322,0.0,123.0,1.0,123.0,0.0,0.2881391007306122
nb2,3,E190::lower%20subansiri,2025-0402-IND,31.0,45.781133303708245,3.6748747680316645,14.781133303708245,5.281285982286337,0.0,216.0,1.0,216.0,0.0,0.2475050157176404
nb2,3,E190::namsai,2025-0402-IND,4.0,37.355376775138055,3.6748747680316645,33.355376775138055,3.6031115891179315,0.0,177.0,1.0,177.0,0.0,0.26149520368384316
nb2,3,E191::bongaigaon,2025-0402-IND,7.0,31.37739041517649,3.6748747680316645,24.37739041517649,3.9838958116622067,0.0,149.0,1.0,149.0,0.0,0.2741007536702188
nb2,3,E191::cachar,2025-0402-IND,146.0,27.16015934395825,3.6748747680316645,118.83984065604176,7.53750590943007,0.0,129.0,0.0,129.0,0.0,0.2849772256001821
nb2,3,E191::dima%20hasao,2025-0402-IND,5.0,37.631593785801606,3.6748747680316645,32.631593785801606,3.769422781544159,0.0,178.0,1.0,178.0,0.0,0.26097527353512767
nb2,3,E191::hailakandi,2025-0402-IND,93.0,28.334392468938233,3.6748747680316645,64.66560753106177,6.654414001296904,0.0,134.0,1.0,134.0,0.0,0.28174536633265185
nb2,3,E191::kamrup,2025-0402-IND,85.0,26.269641927277313,3.6748747680316645,58.73035807272269,6.555720713625123,0.0,124.0,1.0,124.0,0.0,0.28754789369165024
nb2,3,E191::lakhimpur,2025-0402-IND,91.0,31.330210689354104,3.6748747680316645,59.669789310645896,6.563789161637224,0.0,148.0,1.0,148.0,0.0,0.2742120467556469
nb2,3,E192::bishnupur,2025-0402-IND,1.0,37.19792203345187,3.6748747680316645,36.19792203345187,2.6490060910764317,0.0,176.0,1.0,176.0,0.0,0.26179376235177376
nb2,3,E192::imphal%20east,2025-0402-IND,99.0,36.21281002797525,3.6748747680316645,62.78718997202475,6.6183068637940385,0.0,171.0,1.0,171.0,0.0,0.2636986349559313
nb2,3,E192::imphal%20west,2025-0402-IND,29.0,38.548650278288015,3.6748747680316645,9.548650278288015,5.206753517926654,0.0,182.0,1.0,182.0,0.0,0.25928304981185657
nb2,3,E192::senapati,2025-0402-IND,22.0,50.64738427479835,3.6748747680316645,28.64738427479835,4.994480687091862,0.0,239.0,1.0,239.0,0.0,0.24083142951424188
nb2,3,E192::tamenglong,2025-0402-IND,3.0,37.715052070048856,3.6748747680316645,34.715052070048856,3.397378442283486,0.0,178.0,1.0,178.0,0.0,0.2608191253709383
nb2,3,E192::ukhrul,2025-0402-IND,3.0,46.48467772641033,3.6748747680316645,43.48467772641033,3.44984338994508,0.0,220.0,1.0,220.0,0.0,0.24648600033377954
nb2,3,E193::east%20khasi%20hills,2025-0402-IND,10.0,46.23704966212666,3.6748747680316645,36.23704966212666,4.342177608678193,0.0,219.0,1.0,219.0,0.0,0.24684242785039845
nb2,3,E193::ri%20bhoi,2025-0402-IND,3.0,42.865450925391556,3.6748747680316645,39.865450925391556,3.4293938965986475,0.0,203.0,1.0,203.0,0.0,0.2519494524126711
nb2,3,E193::west%20garo%20hills,2025-0402-IND,2.0,33.262803807437706,3.6748747680316645,31.262803807437706,3.080283624369356,0.0,157.0,1.0,157.0,0.0,0.2698185548469169
nb2,3,E193::west%20khasi%20hills,2025-0402-IND,0.0,37.10626814916026,3.6748747680316645,37.10626814916026,1.3395318197537696,0.0,176.0,1.0,176.0,1.0,0.26196828825173035
nb2,3,E194::aizawl,2025-0402-IND,23.0,48.90174366347333,3.6748747680316645,25.901743663473333,5.026892449173235,0.0,231.0,1.0,231.0,0.0,0.24312840894441454
nb2,3,E194::kolasib,2025-0402-IND,5.0,36.69807683270613,3.6748747680316645,31.69807683270613,3.7635500017567125,0.0,174.0,1.0,174.0,0.0,0.2627522242633732
nb2,3,E196::mangan,2025-0402-IND,0.0,26.1934619856937,3.6748747680316645,26.1934619856937,1.2455836916794323,0.0,124.0,1.0,124.0,1.0,0.28777288845913856
nb2,3,E197::north%20tripura,2025-0402-IND,11.0,35.904836776549026,3.6748747680316645,24.904836776549026,4.3666491066108595,0.0,170.0,1.0,170.0,0.0,0.26430761811076825
nb2,3,E197::west%20tripura,2025-0402-IND,47.0,40.776863655516614,3.6748747680316645,6.223136344483386,5.6806974711739455,0.0,193.0,1.0,193.0,0.0,0.25537504511361936
nb2,3,E201::amritsar,2025-0751-IND,553.0,25.141618969773624,3.6748747680316645,527.8583810302264,12.983256651959712,0.0,119.0,0.0,119.0,0.0,0.2909662796218838
nb2,3,E201::firozpur,2025-0751-IND,26.0,23.610423921884642,3.6748747680316645,2.3895760781153577,5.089419308552082,0.0,112.0,1.0,112.0,0.0,0.29592835490052927
nb2,3,E201::gurdaspur,2025-0751-IND,638.0,31.402493242696167,3.6748747680316645,606.5975067573038,12.698813525602198,0.0,149.0,0.0,149.0,0.0,0.27404162415256733
nb2,3,E201::hoshiarpur,2025-0751-IND,366.0,36.490334330032866,3.6748747680316645,329.50966566996715,9.549440561064308,0.0,173.0,0.0,173.0,0.0,0.26315543635638267
nb2,3,E201::jalandhar,2025-0751-IND,129.0,32.082548999764064,3.6748747680316645,96.91745100023593,7.126439766547909,0.0,152.0,1.0,152.0,0.0,0.2724620806116602
nb2,3,E201::kapurthala,2025-0751-IND,439.0,31.697866433668523,3.6748747680316645,407.30213356633146,10.6771490716161,0.0,150.0,0.0,150.0,0.0,0.2733503213977495
nb2,3,E201::ludhiana,2025-0751-IND,196.0,31.529072470748513,3.6748747680316645,164.4709275292515,8.020776889813417,0.0,149.0,0.0,149.0,0.0,0.2737443732635722
nb2,3,E201::moga,2025-0751-IND,58.0,22.106555792187535,3.6748747680316645,35.893444207812465,6.065265014530674,0.0,105.0,1.0,105.0,0.0,0.3012124255856847
nb2,3,E201::sangrur,2025-0751-IND,99.0,21.649184010151192,3.6748747680316645,77.35081598984881,6.975151816821833,0.0,103.0,1.0,103.0,0.0,0.3029097403601452
nb2,3,E201::sri%20muktsar%20sahib,2025-0751-IND,13.0,30.112333136592987,3.6748747680316645,17.112333136592987,4.473257824092257,0.0,143.0,1.0,143.0,0.0,0.2771602587287555
poisson,3,E052::bishnupur,2017-0290-IND,12.0,29.334043981581573,,17.334043981581573,8.776273451305912,21.0,39.0,0.0,18.0,0.0,1.8213213011726995e-13
poisson,3,E052::imphal%20east,2017-0290-IND,28.0,38.51639759466145,,10.516397594661449,4.175786991116361,29.0,49.0,0.0,20.0,0.0,1.873014165131844e-17
poisson,3,E052::imphal%20west,2017-0290-IND,14.0,33.237161596009884,,19.237161596009884,9.37702272698311,24.0,43.0,0.0,19.0,0.0,3.6752266304049564e-15
poisson,3,E052::thoubal,2017-0290-IND,16.0,28.314523165746042,,12.314523165746042,5.492385526498403,20.0,37.0,0.0,17.0,0.0,5.048458974613402e-13
poisson,3,E053::araria,2017-0342-IND,288.0,31.87110376160186,,256.12889623839817,381.58489897554193,23.0,41.0,0.0,18.0,0.0,1.4406401167186482e-14
poisson,3,E053::darbhanga,2017-0342-IND,179.0,36.7242234315253,,142.2757765684747,144.76423249773646,27.0,47.0,0.0,20.0,0.0,1.1242746322621507e-16
poisson,3,E053::east%20champaran,2017-0342-IND,152.0,36.03340235023288,,115.96659764976712,106.2588231539672,26.0,46.0,0.0,20.0,0.0,2.243324994168416e-16
poisson,3,E053::gopalganj,2017-0342-IND,121.0,46.33874159435622,,74.66125840564378,44.79353823346746,35.0,58.0,0.0,23.0,0.0,7.504819082397668e-21
poisson,3,E053::katihar,2017-0342-IND,284.0,30.990217847374957,,253.00978215262504,379.87988577341565,22.0,40.0,0.0,18.0,0.0,3.476317189524652e-14
poisson,3,E053::khagaria,2017-0342-IND,85.0,33.939998062111776,,51.060001937888224,30.11609218264089,25.0,44.0,0.0,19.0,0.0,1.819894136791544e-15
poisson,3,E053::kishanganj,2017-0342-IND,189.0,40.618426263378836,,148.38157373662116,145.75094250436595,30.0,51.0,0.0,21.0,0.0,2.2889779559913474e-18
poisson,3,E053::madhepura,2017-0342-IND,138.0,34.31353808377354,,103.68646191622646,91.75319965340701,25.0,44.0,0.0,19.0,0.0,1.2526211942063416e-15
poisson,3,E053::madhubani,2017-0342-IND,165.0,41.23108293301595,,123.76891706698405,108.51775446164822,31.0,52.0,0.0,21.0,0.0,1.240418398534072e-18
poisson,3,E053::muzaffarpur,2017-0342-IND,120.0,43.6817220906569,,76.3182779093431,48.262539374507035,33.0,55.0,0.0,22.0,0.0,1.0697175869753262e-19
poisson,3,E053::nalanda,2017-0342-IND,3.0,37.77717544794874,,34.77717544794874,28.673819628810815,28.0,48.0,0.0,20.0,0.0,3.922664463379978e-17
poisson,3,E053::patna,2017-0342-IND,56.0,48.91493417600725,,7.08506582399275,3.4230971904383978,38.0,61.0,1.0,23.0,0.0,5.708394837426161e-22
poisson,3,E053::purnea,2017-0342-IND,186.0,32.51747196380596,,153.48252803619403,174.42799003200662,23.0,42.0,0.0,19.0,0.0,7.548164575355047e-15
poisson,3,E053::saharsa,2017-0342-IND,121.0,33.967923634971996,,87.032076365028,70.00068668756636,25.0,44.0,0.0,19.0,0.0,1.769775601860369e-15
poisson,3,E053::samastipur,2017-0342-IND,69.0,46.82124641067376,,22.17875358932624,7.614536004745538,36.0,58.0,0.0,22.0,0.0,4.632239952757062e-21
poisson,3,E053::saran,2017-0342-IND,62.0,48.65226327132238,,13.347736728677617,4.6671485426744965,37.0,60.0,0.0,23.0,0.0,7.423189188041281e-22
poisson,3,E053::sheohar,2017-0342-IND,105.0,32.48872274734981,,72.51127725265019,53.90750301384736,23.0,42.0,0.0,19.0,0.0,7.768317846432679e-15
poisson,3,E053::sitamarhi,2017-0342-IND,182.0,38.240599010384386,,143.7594009896156,143.70182484454315,28.0,49.0,0.0,21.0,0.0,2.4678506028370064e-17
poisson,3,E053::siwan,2017-0342-IND,11.0,60.173276543190326,,49.173276543190326,32.60607262140663,48.0,73.0,0.0,25.0,0.0,7.363393999239729e-27
poisson,3,E053::supaul,2017-0342-IND,88.0,35.46202115341318,,52.53797884658682,30.601532584894265,26.0,46.0,0.0,20.0,0.0,3.9722803866577407e-16
poisson,3,E053::west%20champaran,2017-0342-IND,187.0,36.616366726459155,,150.38363327354085,158.0759919420115,27.0,47.0,0.0,20.0,0.0,1.252316155848342e-16
poisson,3,E054::ayodhya,2017-0342-IND,35.0,62.184000028929056,,27.184000028929056,9.766754998856392,50.0,75.0,0.0,25.0,0.0,9.858978618921479e-28
poisson,3,E054::azamgarh,2017-0342-IND,0.0,48.933734556160225,,48.933734556160225,48.933734556160225,38.0,61.0,0.0,23.0,1.0,5.6020773802369975e-22
poisson,3,E054::bahraich,2017-0342-IND,8.0,42.09185065919936,,34.09185065919936,22.77762035465942,32.0,53.0,0.0,21.0,0.0,5.24495209154566e-19
poisson,3,E054::balrampur,2017-0342-IND,7.0,34.805084824972795,,27.805084824972795,18.481901743671216,25.0,45.0,0.0,20.0,0.0,7.662027710849065e-16
poisson,3,E054::barabanki,2017-0342-IND,1.0,55.400791836706425,,54.400791836706425,51.38619794997399,43.0,68.0,0.0,25.0,0.0,8.704459566194947e-25
poisson,3,E054::basti,2017-0342-IND,0.0,49.92827056113436,,49.92827056113436,49.92827056113436,39.0,62.0,0.0,23.0,1.0,2.0721806040897493e-22
poisson,3,E054::ghazipur,2017-0342-IND,0.0,70.76653675715882,,70.76653675715882,70.76653675715882,57.0,85.0,0.0,28.0,1.0,1.8470709713032558e-31
poisson,3,E054::gonda,2017-0342-IND,8.0,51.79630242070055,,43.79630242070055,30.8223552044228,40.0,64.0,0.0,24.0,0.0,3.200012506766268e-23
poisson,3,E054::gorakhpur,2017-0342-IND,6.0,42.4873330603157,,36.4873330603157,26.57134835712793,32.0,53.0,0.0,21.0,0.0,3.5317154164311186e-19
poisson,3,E054::maharajganj,2017-0342-IND,3.0,34.407316769452294,,31.407316769452294,25.584268523033344,25.0,44.0,0.0,19.0,0.0,1.140491859956745e-15
poisson,3,E054::shrawasti,2017-0342-IND,10.0,35.14281502336981,,25.142815023369813,14.653025712901986,26.0,45.0,0.0,19.0,0.0,5.4659965948418e-16
poisson,3,E054::siddharthnagar,2017-0342-IND,22.0,31.109761226059558,,9.109761226059558,3.95546659184971,22.0,41.0,1.0,19.0,0.0,3.0846249438720754e-14
poisson,3,E054::sitapur,2017-0342-IND,2.0,63.911285246826566,,61.911285246826566,56.289440519943106,51.0,77.0,0.0,26.0,0.0,1.752594667489692e-28
poisson,3,E055::bankura,2017-0342-IND,1.0,37.3712150687226,,36.3712150687226,33.750314311204086,28.0,48.0,0.0,20.0,0.0,5.886911590463489e-17
poisson,3,E055::birbhum,2017-0342-IND,1.0,40.23337865465018,,39.23337865465018,36.53868168875355,30.0,51.0,0.0,21.0,0.0,3.3640749411065776e-18
poisson,3,E055::cooch%20behar,2017-0342-IND,66.0,34.32983226709753,,31.67016773290247,14.485102138769335,25.0,44.0,0.0,19.0,0.0,1.2323761410566484e-15
poisson,3,E055::dakshin%20dinajpur,2017-0342-IND,32.0,28.913364968764512,,3.086635031235488,2.8135982205495225,20.0,38.0,1.0,18.0,0.0,2.7738638506095883e-13
poisson,3,E055::hooghly,2017-0342-IND,2.0,65.70628010046349,,63.70628010046349,58.029038264126534,53.0,79.0,0.0,26.0,0.0,2.9115558549520706e-29
poisson,3,E055::howrah,2017-0342-IND,2.0,88.79529566750911,,86.79529566750911,80.51577550431392,74.0,105.0,0.0,31.0,0.0,2.73333632266294e-39
poisson,3,E055::jalpaiguri,2017-0342-IND,113.0,47.474868472722235,,65.52513152727776,35.7504069457399,36.0,59.0,0.0,23.0,0.0,2.4094981279504813e-21
poisson,3,E055::malda,2017-0342-IND,121.0,38.29536279337779,,82.70463720662221,59.818754951438876,28.0,49.0,0.0,21.0,0.0,2.3363357600160577e-17
poisson,3,E055::murshidabad,2017-0342-IND,3.0,50.38760603478023,,47.38760603478023,40.42012980552525,39.0,62.0,0.0,23.0,0.0,1.3090033041309394e-22
poisson,3,E055::uttar%20dinajpur,2017-0342-IND,38.0,33.54109867531882,,4.458901324681179,3.023979794932032,24.0,43.0,1.0,19.0,0.0,2.7119765399826653e-15
poisson,3,E057::mumbai%20city,2017-0364-IND,843.0,179.2952142552937,,663.7047857447063,645.4904809020942,158.0,202.0,0.0,44.0,0.0,1.3585568521833732e-78
poisson,3,E057::mumbai%20suburban,2017-0364-IND,2.0,206.0632359881595,,204.0632359881595,196.10001698371948,183.0,230.0,0.0,47.0,0.0,3.2201320927388116e-90
poisson,3,E057::thane,2017-0364-IND,60.0,111.5980900862295,,51.598090086229504,17.332027357215637,95.0,129.0,0.0,34.0,0.0,3.416373028957029e-49
poisson,3,E061::biswanath,2018-0205-IND,26.0,28.030717727952236,,2.0307177279522364,2.6265942545153393,20.0,37.0,1.0,17.0,0.0,6.70523443930565e-13
poisson,3,E061::cachar,2018-0205-IND,71.0,34.09368110300323,,36.90631889699677,18.22844812812118,25.0,44.0,0.0,19.0,0.0,1.5606389050052748e-15
poisson,3,E061::golaghat,2018-0205-IND,2.0,34.06619481926587,,32.06619481926587,27.70273092322763,25.0,44.0,0.0,19.0,0.0,1.6041300354562638e-15
poisson,3,E061::hailakandi,2018-0205-IND,71.0,36.30578131090764,,34.69421868909236,15.977138225676079,27.0,46.0,0.0,19.0,0.0,1.7084391518717775e-16
poisson,3,E061::hojai,2018-0205-IND,31.0,30.429081891825707,,0.5709181081742933,2.6439428838069468,22.0,40.0,1.0,18.0,0.0,6.092810137916317e-14
poisson,3,E061::karimganj,2018-0205-IND,75.0,37.58466691854666,,37.41533308145334,17.48035619035987,28.0,48.0,0.0,20.0,0.0,4.755394521382675e-17
poisson,3,E061::nagaon,2018-0205-IND,8.0,34.70058518687946,,26.700585186879458,16.931135681738184,25.0,45.0,0.0,20.0,0.0,8.506038312759012e-16
poisson,3,E061::west%20karbi%20anglong,2018-0205-IND,4.0,42.959949059943284,,38.959949059943284,31.096929832513645,32.0,54.0,0.0,22.0,0.0,2.2015633176574287e-19
poisson,3,E132::south%20goa,2021-0435-IND,0.0,66.0038782544057,,66.0038782544057,66.0038782544057,53.0,80.0,0.0,27.0,1.0,2.1621204769249998e-29
poisson,3,E134::sahibganj,2021-0435-IND,0.0,40.83549349988029,,40.83549349988029,40.83549349988029,31.0,52.0,0.0,21.0,1.0,1.842343078988349e-18
poisson,3,E135::bagalkot,2021-0435-IND,0.0,26.76039087872974,,26.76039087872974,26.76039087872974,19.0,36.0,0.0,17.0,1.0,2.3884156476732213e-12
poisson,3,E135::belagavi,2021-0435-IND,0.0,40.541364743298814,,40.541364743298814,40.541364743298814,30.0,51.0,0.0,21.0,1.0,2.4723445985648608e-18
poisson,3,E135::chikkamagaluru,2021-0435-IND,0.0,39.399070137475846,,39.399070137475846,39.399070137475846,29.0,50.0,0.0,21.0,1.0,7.748207578458607e-18
poisson,3,E135::davanagere,2021-0435-IND,0.0,38.7649581183407,,38.7649581183407,38.7649581183407,29.0,49.0,0.0,20.0,1.0,1.460806181679722e-17
poisson,3,E135::dharwad,2021-0435-IND,0.0,33.62917668635952,,33.62917668635952,33.62917668635952,24.0,43.0,0.0,19.0,1.0,2.4833282793275264e-15
poisson,3,E135::gadag,2021-0435-IND,0.0,20.529521615962434,,20.529521615962434,20.529521615962434,13.0,28.0,0.0,15.0,1.0,1.2137857823150887e-09
poisson,3,E135::haveri,2021-0435-IND,0.0,35.91286451590054,,35.91286451590054,35.91286451590054,26.0,46.0,0.0,20.0,1.0,2.5307026007806616e-16
poisson,3,E135::kodagu,2021-0435-IND,0.0,61.539583559886026,,61.539583559886026,61.539583559886026,49.0,75.0,0.0,26.0,1.0,1.878012338814416e-27
poisson,3,E135::shivamogga,2021-0435-IND,0.0,53.30465436817912,,53.30465436817912,53.30465436817912,42.0,66.0,0.0,24.0,1.0,7.080806854256267e-24
poisson,3,E135::uttara%20kannada,2021-0435-IND,0.0,55.79735861008325,,55.79735861008325,55.79735861008325,44.0,68.0,0.0,24.0,1.0,5.85484026441911e-25
poisson,3,E136::pune,2021-0435-IND,0.0,69.10953608762972,,69.10953608762972,69.10953608762972,56.0,83.0,0.0,27.0,1.0,9.685227583968353e-31
poisson,3,E136::raigarh,2021-0435-IND,0.0,58.090037732411794,,58.090037732411794,58.090037732411794,46.0,71.0,0.0,25.0,1.0,5.913126353850464e-26
poisson,3,E136::ratnagiri,2021-0435-IND,0.0,63.283084511367186,,63.283084511367186,63.283084511367186,50.0,77.0,0.0,27.0,1.0,3.2847747898597044e-28
poisson,3,E136::satara,2021-0435-IND,0.0,65.04682698843953,,65.04682698843953,65.04682698843953,52.0,79.0,0.0,27.0,1.0,5.63017603166167e-29
poisson,3,E137::bageshwar,2021-0435-IND,0.0,40.743491920152245,,40.743491920152245,40.743491920152245,31.0,52.0,0.0,21.0,1.0,2.019883332870721e-18
poisson,3,E137::chamoli,2021-0435-IND,0.0,23.765503712471133,,23.765503712471133,23.765503712471133,16.0,32.0,0.0,16.0,1.0,4.7727960657110945e-11
poisson,3,E137::dehradun,2021-0435-IND,1.0,40.23962718615734,,39.23962718615734,36.5447749251663,30.0,51.0,0.0,21.0,0.0,3.3431199499865116e-18
poisson,3,E137::pithoragarh,2021-0435-IND,0.0,34.700080436627275,,34.700080436627275,34.700080436627275,25.0,45.0,0.0,20.0,1.0,8.510332821478461e-16
poisson,3,E137::uttarkashi,2021-0435-IND,0.0,26.551661134187686,,26.551661134187686,26.551661134187686,18.0,35.0,0.0,17.0,1.0,2.94279550536167e-12
poisson,3,E138::hooghly,2021-0435-IND,1.0,71.3093648079577,,70.3093648079577,67.04233714543217,58.0,85.0,0.0,27.0,0.0,1.0733376309358698e-31
poisson,3,E140::lahaul%20and%20spiti,2021-0458-IND,8.0,11.548041725765625,,3.548041725765625,2.580517628189023,6.0,17.0,1.0,11.0,0.0,9.654931607294181e-06
poisson,3,E141::anantnag,2021-0458-IND,6.0,41.33764089469236,,35.33764089469236,25.586251186496035,31.0,52.0,0.0,21.0,0.0,1.1150405580691713e-18
poisson,3,E141::bandipora,2021-0458-IND,8.0,24.98802811640846,,16.98802811640846,9.845456340536726,17.0,33.0,0.0,16.0,0.0,1.4055207947534474e-11
poisson,3,E141::ganderbal,2021-0458-IND,2.0,30.34324125435894,,28.34324125435894,24.211240836370273,22.0,40.0,0.0,18.0,0.0,6.638924965255505e-14
poisson,3,E141::kishtwar,2021-0458-IND,60.0,30.166050050945266,,29.833949949054734,14.391196182894411,21.0,39.0,0.0,18.0,0.0,7.925942585873958e-14
poisson,3,E144::nainital,2021-0681-IND,155.0,51.85871805100207,,103.14128194899793,70.00972553877061,40.0,64.0,0.0,24.0,0.0,3.006387187303426e-23
poisson,3,E156::chamba,2022-0539-IND,49.0,41.90201245522273,,7.0979875447772685,3.436397470686174,32.0,53.0,1.0,21.0,0.0,6.341430105252318e-19
poisson,3,E156::kangra,2022-0539-IND,81.0,38.52100434216916,,42.47899565783084,20.84108133427562,29.0,49.0,0.0,20.0,0.0,1.8644055059787666e-17
poisson,3,E156::mandi,2022-0539-IND,79.0,47.730478913622676,,31.269521086377324,11.641533547435415,37.0,59.0,0.0,22.0,0.0,1.8660204082310277e-21
poisson,3,E157::sahibganj,2022-0539-IND,0.0,30.988320604253204,,30.988320604253204,30.988320604253204,22.0,40.0,0.0,18.0,1.0,3.482918868916674e-14
poisson,3,E158::dehradun,2022-0539-IND,34.0,43.83930966689903,,9.839309666899027,3.8820867496329896,33.0,55.0,1.0,22.0,0.0,9.13754904937263e-20
poisson,3,E158::pauri%20garhwal,2022-0539-IND,3.0,48.16904090395141,,45.16904090395141,38.33665084380011,37.0,60.0,0.0,23.0,0.0,1.2035145271541342e-21
poisson,3,E158::rudraprayag,2022-0539-IND,0.0,44.00150150165622,,44.00150150165622,44.00150150165622,33.0,55.0,0.0,22.0,1.0,7.76945762510748e-20
poisson,3,E158::tehri%20garhwal,2022-0539-IND,5.0,47.99837198457175,,42.99837198457175,33.43002826063075,37.0,60.0,0.0,23.0,0.0,1.4274861615326016e-21
poisson,3,E158::uttarkashi,2022-0539-IND,1.0,30.265093556097426,,29.265093556097426,26.855098535527844,22.0,40.0,0.0,18.0,0.0,7.17855239056109e-14
poisson,3,E174::ambala,2023-0359-IND,141.0,16.25935637790565,,124.74064362209435,183.22614906957358,10.0,23.0,0.0,13.0,0.0,8.682629026473927e-08
poisson,3,E174::faridabad,2023-0359-IND,36.0,19.341718454914382,,16.658281545085618,8.419896719719869,12.0,27.0,0.0,15.0,0.0,3.98105708004234e-09
poisson,3,E174::fatehabad,2023-0359-IND,46.0,13.069578447053479,,32.93042155294652,27.78893889528438,7.0,19.0,0.0,12.0,0.0,2.108405787380152e-06
poisson,3,E174::kaithal,2023-0359-IND,37.0,13.565496171943687,,23.434503828056314,16.41751628290779,8.0,20.0,0.0,12.0,0.0,1.28404388883669e-06
poisson,3,E174::karnal,2023-0359-IND,90.0,14.486155738076963,,75.51384426192304,92.05138785955312,9.0,21.0,0.0,12.0,0.0,5.113785400669971e-07
poisson,3,E174::kurukshetra,2023-0359-IND,81.0,13.830391998564396,,67.1696080014356,79.12161780154024,8.0,20.0,0.0,12.0,0.0,9.85228740807238e-07
poisson,3,E174::palwal,2023-0359-IND,19.0,18.013459069987892,,0.986540930012108,2.4220783698119597,11.0,25.0,1.0,14.0,0.0,1.502637164282746e-08
poisson,3,E174::panchkula,2023-0359-IND,62.0,32.73647621205113,,29.26352378794887,13.316281809046288,24.0,42.0,0.0,18.0,0.0,6.063578775956589e-15
poisson,3,E174::panipat,2023-0359-IND,50.0,17.20811386525975,,32.79188613474025,23.416830370077495,11.0,24.0,0.0,13.0,0.0,3.362103698139422e-08
poisson,3,E174::sirsa,2023-0359-IND,39.0,17.622584812563623,,21.377415187436377,12.35627408471165,11.0,25.0,0.0,14.0,0.0,2.2213073776321626e-08
poisson,3,E174::sonipat,2023-0359-IND,26.0,17.05790135283242,,8.94209864716758,4.5676516240979375,11.0,24.0,0.0,13.0,0.0,3.907037409887775e-08
poisson,3,E174::yamunanagar,2023-0359-IND,84.0,25.39516196147437,,58.60483803852563,45.016182774101736,17.0,34.0,0.0,17.0,0.0,9.35451537423482e-12
poisson,3,E175::hamirpur,2023-0359-IND,10.0,44.78313329702948,,34.78313329702948,21.869230073848932,34.0,56.0,0.0,22.0,0.0,3.555759072092507e-20
poisson,3,E175::mandi,2023-0359-IND,385.0,41.36260745801785,,343.63739254198214,519.1418183966094,31.0,52.0,0.0,21.0,0.0,1.0875464719279304e-18
poisson,3,E175::solan,2023-0359-IND,58.0,42.986295592655786,,15.013704407344214,5.311468260809399,33.0,54.0,0.0,21.0,0.0,2.1443171875726594e-19
poisson,3,E176::faridkot,2023-0359-IND,27.0,12.788564995550814,,14.211435004449186,8.535215500734381,7.0,19.0,0.0,12.0,0.0,2.7925232070343137e-06
poisson,3,E176::fatehgarh%20sahib,2023-0359-IND,100.0,12.804756800119817,,87.19524319988018,121.56245966573714,7.0,19.0,0.0,12.0,0.0,2.747671313473566e-06
poisson,3,E176::firozpur,2023-0359-IND,3.0,13.890960827679406,,10.890960827679406,7.789005311608971,8.0,20.0,0.0,12.0,0.0,9.273258455657984e-07
poisson,3,E176::hoshiarpur,2023-0359-IND,44.0,16.713447954712496,,27.286552045287504,18.117317970848934,10.0,24.0,0.0,14.0,0.0,5.513682825305955e-08
poisson,3,E176::jalandhar,2023-0359-IND,153.0,16.475525052118353,,136.52447494788166,207.8802089057851,10.0,23.0,0.0,13.0,0.0,6.994720791169917e-08
poisson,3,E176::ludhiana,2023-0359-IND,125.0,17.28070784764884,,107.71929215235116,142.95484633471978,11.0,24.0,0.0,13.0,0.0,3.126683619353903e-08
poisson,3,E176::moga,2023-0359-IND,51.0,12.163258293415499,,38.836741706584505,37.153441465181245,7.0,18.0,0.0,11.0,0.0,5.218720539883205e-06
poisson,3,E176::patiala,2023-0359-IND,204.0,14.442343586647379,,189.55765641335262,354.20368797523446,9.0,21.0,0.0,12.0,0.0,5.342811776559993e-07
poisson,3,E176::rupnagar,2023-0359-IND,85.0,14.326428444918406,,70.6735715550816,83.81402195874605,8.0,21.0,0.0,13.0,0.0,5.999446446407854e-07
poisson,3,E176::sangrur,2023-0359-IND,77.0,12.485065048895397,,64.5149349511046,78.66095471184522,7.0,19.0,0.0,12.0,0.0,3.7827282519710795e-06
poisson,3,E176::sas%20nagar,2023-0359-IND,26.0,23.003436302342823,,2.9965636976571766,2.738404223648107,15.0,31.0,1.0,16.0,0.0,1.0226677228371886e-10
poisson,3,E176::sbs%20nagar,2023-0359-IND,40.0,13.791014459729132,,26.208985540270866,19.150964015210228,8.0,20.0,0.0,12.0,0.0,1.0247985925762633e-06
poisson,3,E176::tarn%20taran,2023-0359-IND,43.0,12.948412257197106,,30.051587742802894,24.359647247333953,7.0,19.0,0.0,12.0,0.0,2.3799947951451e-06
poisson,3,E162::dhemaji,2023-0428-IND,75.0,17.060052742535856,,57.93994725746414,56.19498242855654,11.0,24.0,0.0,13.0,0.0,3.8986408851702104e-08
poisson,3,E162::lakhimpur,2023-0428-IND,116.0,20.407068410447618,,95.59293158955238,109.27774813742492,13.0,28.0,0.0,15.0,0.0,1.371901078517978e-09
poisson,3,E163::supaul,2023-0428-IND,6.0,24.078235859495422,,18.078235859495422,11.569636934857565,16.0,32.0,0.0,16.0,0.0,3.4910416664374414e-11
poisson,3,E164::raipur,2023-0428-IND,0.0,34.65709895934395,,34.65709895934395,34.65709895934395,25.0,45.0,0.0,20.0,1.0,8.88409437104533e-16
poisson,3,E166::bhavnagar,2023-0428-IND,9.0,20.517901083096014,,11.517901083096014,6.128049005128327,13.0,28.0,0.0,15.0,0.0,1.2279728911252757e-09
poisson,3,E166::dang,2023-0428-IND,1.0,36.144665595902794,,35.144665595902794,32.557136221232085,27.0,46.0,0.0,19.0,0.0,2.0071100311468333e-16
poisson,3,E166::navsari,2023-0428-IND,64.0,37.90756279939396,,26.092437200606042,10.426121428285,28.0,48.0,0.0,20.0,0.0,3.443139778819344e-17
poisson,3,E166::surat,2023-0428-IND,44.0,59.001680471404605,,15.001680471404605,4.906050873845238,47.0,72.0,0.0,25.0,0.0,2.3762697980946932e-26
poisson,3,E166::tapi,2023-0428-IND,9.0,35.387934683471656,,26.387934683471656,16.092423758506264,26.0,45.0,0.0,19.0,0.0,4.2777484343571867e-16
poisson,3,E166::valsad,2023-0428-IND,22.0,46.04394823999379,,24.04394823999379,10.26401017981069,35.0,57.0,0.0,22.0,0.0,1.0077837570381192e-20
poisson,3,E167::bilaspur,2023-0428-IND,5.0,45.49710147945485,,40.49710147945485,31.196350121339446,35.0,57.0,0.0,22.0,0.0,1.741245010131728e-20
poisson,3,E167::chamba,2023-0428-IND,74.0,40.430193795581566,,33.569806204418434,14.234418993612955,30.0,51.0,0.0,21.0,0.0,2.763057560437804e-18
poisson,3,E167::hamirpur,2023-0428-IND,5.0,44.78313329702948,,39.78313329702948,30.561467141683494,34.0,56.0,0.0,22.0,0.0,3.555759072092507e-20
poisson,3,E167::kangra,2023-0428-IND,41.0,40.51270607798354,,0.4872939220164625,2.7806759950148745,30.0,51.0,1.0,21.0,0.0,2.5442237557370675e-18
poisson,3,E167::mandi,2023-0428-IND,15.0,41.36260745801785,,26.362607458017848,13.426219773830624,31.0,52.0,0.0,21.0,0.0,1.0875464719279304e-18
poisson,3,E167::shimla,2023-0428-IND,148.0,51.03362648220141,,96.96637351779859,64.03140651182198,40.0,63.0,0.0,23.0,0.0,6.860845306453685e-23
poisson,3,E167::sirmaur,2023-0428-IND,35.0,33.815769684309224,,1.184230315690776,2.719491454287713,25.0,44.0,1.0,19.0,0.0,2.060619592427606e-15
poisson,3,E167::solan,2023-0428-IND,6.0,42.986295592655786,,36.986295592655786,27.000258658177252,33.0,54.0,0.0,21.0,0.0,2.1443171875726594e-19
poisson,3,E168::belagavi,2023-0428-IND,6.0,27.956055296367865,,21.956055296367865,14.55150356682921,20.0,37.0,0.0,17.0,0.0,7.22502657761767e-13
poisson,3,E168::chikkamagaluru,2023-0428-IND,3.0,42.583963948953084,,39.583963948953084,33.121290170330866,32.0,54.0,0.0,22.0,0.0,3.2064128431500766e-19
poisson,3,E168::shivamogga,2023-0428-IND,2.0,42.39409940302797,,40.39409940302797,35.59322820852665,32.0,53.0,0.0,21.0,0.0,3.8768282727478334e-19
poisson,3,E168::uttara%20kannada,2023-0428-IND,14.0,36.082401263327,,22.082401263327,11.072348990285715,27.0,46.0,0.0,19.0,0.0,2.1360540489166253e-16
poisson,3,E169::balaghat,2023-0428-IND,2.0,42.60774460909053,,40.60774460909053,35.796819719475536,32.0,54.0,0.0,22.0,0.0,3.1310617296889377e-19
poisson,3,E169::betul,2023-0428-IND,0.0,40.37833744246115,,40.37833744246115,40.37833744246115,30.0,51.0,0.0,21.0,1.0,2.9101197496863103e-18
poisson,3,E169::dewas,2023-0428-IND,0.0,35.85328060124347,,35.85328060124347,35.85328060124347,26.0,46.0,0.0,20.0,1.0,2.68607464110982e-16
poisson,3,E169::raisen,2023-0428-IND,0.0,28.94881500173497,,28.94881500173497,28.94881500173497,20.0,38.0,0.0,18.0,1.0,2.6772528349114753e-13
poisson,3,E169::sagar,2023-0428-IND,0.0,31.594483775251707,,31.594483775251707,31.594483775251707,23.0,41.0,0.0,18.0,1.0,1.89972193728488e-14
poisson,3,E170::amravati,2023-0428-IND,11.0,34.2756493566349,,23.2756493566349,12.899170324171912,25.0,44.0,0.0,19.0,0.0,1.3009919842324802e-15
poisson,3,E170::beed,2023-0428-IND,0.0,32.48713266974538,,32.48713266974538,32.48713266974538,23.0,42.0,0.0,19.0,1.0,7.78067990037234e-15
poisson,3,E170::chandrapur,2023-0428-IND,11.0,41.032709999164624,,30.032709999164624,17.676952756705155,31.0,52.0,0.0,21.0,0.0,1.5125873702789711e-18
poisson,3,E170::gondia,2023-0428-IND,6.0,37.6388678111847,,31.638867811184703,22.449895614037864,28.0,48.0,0.0,20.0,0.0,4.504508435155842e-17
poisson,3,E170::hingoli,2023-0428-IND,0.0,38.80075260999155,,38.80075260999155,38.80075260999155,29.0,49.0,0.0,20.0,1.0,1.409442126181139e-17
poisson,3,E170::kolhapur,2023-0428-IND,8.0,82.37293601888285,,74.37293601888285,57.68748342888953,68.0,98.0,0.0,30.0,0.0,1.6822418340696275e-36
poisson,3,E170::latur,2023-0428-IND,0.0,37.56879740965157,,37.56879740965157,37.56879740965157,28.0,48.0,0.0,20.0,1.0,4.831462279612021e-17
poisson,3,E170::mumbai%20city,2023-0428-IND,136.0,104.7267775410464,,31.273222458953597,7.639462466856429,88.0,122.0,0.0,34.0,0.0,3.2941123435362037e-46
poisson,3,E170::mumbai%20suburban,2023-0428-IND,1.0,119.11691653709462,,118.11691653709462,114.33681103440401,101.0,137.0,0.0,36.0,0.0,1.8543019140920583e-52
poisson,3,E170::nagpur,2023-0428-IND,4.0,52.36159833177982,,48.36159833177982,39.70695829655645,41.0,65.0,0.0,24.0,0.0,1.8182214664824965e-23
poisson,3,E170::nanded,2023-0428-IND,9.0,24.64066295920733,,15.64066295920733,8.60290804225065,17.0,33.0,0.0,16.0,0.0,1.9892805957987645e-11
poisson,3,E170::nandurbar,2023-0428-IND,0.0,55.461428687052404,,55.461428687052404,55.461428687052404,44.0,68.0,0.0,24.0,1.0,8.1923323520986275e-25
poisson,3,E170::nashik,2023-0428-IND,0.0,63.41942713745512,,63.41942713745512,63.41942713745512,51.0,77.0,0.0,26.0,1.0,2.8661093026464777e-28
poisson,3,E170::pune,2023-0428-IND,6.0,72.34189030384981,,66.34189030384981,53.23272137381717,59.0,87.0,0.0,28.0,0.0,3.8222248401262616e-32
poisson,3,E170::raigad,2023-0428-IND,54.0,42.8996280527679,,11.100371947232098,4.241129902885383,32.0,54.0,1.0,22.0,0.0,2.33845092927923e-19
poisson,3,E170::ratnagiri,2023-0428-IND,12.0,50.59191327808232,,38.59191327808232,23.49362681115192,39.0,63.0,0.0,24.0,0.0,1.0671150239627783e-22
poisson,3,E170::satara,2023-0428-IND,5.0,51.17345014704474,,46.17345014704474,36.28483766114958,40.0,63.0,0.0,23.0,0.0,5.965584218448814e-23
poisson,3,E170::sindhudurg,2023-0428-IND,1.0,40.54826185098622,,39.54826185098622,36.84576893568416,30.0,51.0,0.0,21.0,0.0,2.4553512414995827e-18
poisson,3,E170::thane,2023-0428-IND,48.0,47.68912786263063,,0.3108721373693726,2.8572861745416986,37.0,59.0,1.0,22.0,0.0,1.944799895417518e-21
poisson,3,E170::yavatmal,2023-0428-IND,51.0,29.86278676723089,,21.13721323276911,9.045110459856122,21.0,39.0,0.0,18.0,0.0,1.073387399357416e-13
poisson,3,E171::gurdaspur,2023-0428-IND,35.0,15.845127530525348,,19.154872469474654,11.281131673332697,10.0,23.0,0.0,13.0,0.0,1.3138583589214719e-07
poisson,3,E171::kapurthala,2023-0428-IND,53.0,13.73929541093585,,39.26070458906415,35.19664334435285,8.0,20.0,0.0,12.0,0.0,1.0791947347223278e-06
poisson,3,E171::mansa,2023-0428-IND,43.0,13.578180864423635,,29.421819135576364,22.94730366355774,8.0,20.0,0.0,12.0,0.0,1.267859053816576e-06
poisson,3,E172::bageshwar,2023-0428-IND,1.0,35.986113646382094,,34.986113646382094,32.402980514384666,26.0,46.0,0.0,20.0,0.0,2.351957221004719e-16
poisson,3,E172::champawat,2023-0428-IND,3.0,32.25822566683065,,29.258225666830647,23.628665925589914,23.0,42.0,0.0,19.0,0.0,9.782066184872724e-15
poisson,3,E172::dehradun,2023-0428-IND,18.0,35.84830379853349,,17.848303798533493,7.816416469165148,26.0,46.0,0.0,20.0,0.0,2.699476025023707e-16
poisson,3,E172::pauri%20garhwal,2023-0428-IND,6.0,42.70918637141567,,36.70918637141567,26.761953375827545,32.0,54.0,0.0,22.0,0.0,2.829020094887723e-19
poisson,3,E172::pithoragarh,2023-0428-IND,15.0,30.832923283041406,,15.832923283041406,7.303448814380527,22.0,40.0,0.0,18.0,0.0,4.0684741151488413e-14
poisson,3,E172::tehri%20garhwal,2023-0428-IND,5.0,41.591594913955774,,36.591594913955774,27.739596149159283,31.0,52.0,0.0,21.0,0.0,8.649675907761782e-19
poisson,3,E172::udham%20singh%20nagar,2023-0428-IND,5.0,17.489109376890525,,12.489109376890525,7.9687092902393815,11.0,25.0,0.0,14.0,0.0,2.5384949525951155e-08
poisson,3,E178::bhadradri%20kothagudem,2023-0486-IND,15.0,24.69197707888124,,9.69197707888124,4.494072818971471,17.0,33.0,0.0,16.0,0.0,1.8897772104474666e-11
poisson,3,E178::jayashankar%20bhupalpally,2023-0486-IND,23.0,17.998606237965202,,5.001393762034798,3.12851236122626,11.0,25.0,1.0,14.0,0.0,1.5251221511817186e-08
poisson,3,E178::mancherial,2023-0486-IND,0.0,21.51428277188693,,21.51428277188693,21.51428277188693,14.0,29.0,0.0,15.0,1.0,4.5338349924624384e-10
poisson,3,E178::mulugu,2023-0486-IND,61.0,17.569792120026886,,43.43020787997311,35.47179410130086,11.0,25.0,0.0,14.0,0.0,2.34172684212344e-08
poisson,3,E178::nirmal,2023-0486-IND,17.0,19.445000795131477,,2.4450007951314774,2.501044100785073,13.0,27.0,1.0,14.0,0.0,3.590405115996015e-09
poisson,3,E180::biswanath,2024-0399-IND,0.0,23.753361351740228,,23.753361351740228,23.753361351740228,16.0,32.0,0.0,16.0,1.0,4.831102348824064e-11
poisson,3,E180::cachar,2024-0399-IND,21.0,21.594427952568772,,0.5944279525687719,2.4534252097425266,14.0,30.0,1.0,16.0,0.0,4.1846496189738864e-10
poisson,3,E180::dhemaji,2024-0399-IND,0.0,24.441333233568592,,24.441333233568592,24.441333233568592,17.0,33.0,0.0,16.0,1.0,2.4280847779375545e-11
poisson,3,E180::dibrugarh,2024-0399-IND,0.0,21.558414029915568,,21.558414029915568,21.558414029915568,14.0,29.0,0.0,15.0,1.0,4.338101890493033e-10
poisson,3,E180::golaghat,2024-0399-IND,10.0,28.177874296452938,,18.177874296452938,9.896916163845557,20.0,37.0,0.0,17.0,0.0,5.787682268939233e-13
poisson,3,E180::jorhat,2024-0399-IND,0.0,29.57199853316798,,29.57199853316798,29.57199853316798,21.0,39.0,0.0,18.0,1.0,1.4356355968084274e-13
poisson,3,E180::kamrup,2024-0399-IND,5.0,15.314029422619836,,10.314029422619836,6.457674345511421,9.0,22.0,0.0,13.0,0.0,2.2346089098313821e-07
poisson,3,E180::karimganj,2024-0399-IND,20.0,24.84388489214936,,4.843884892149362,2.9272685236834235,17.0,33.0,1.0,16.0,0.0,1.623446130281028e-11
poisson,3,E180::lakhimpur,2024-0399-IND,0.0,32.788818393636504,,32.788818393636504,32.788818393636504,24.0,42.0,0.0,18.0,1.0,5.7543609951009266e-15
poisson,3,E180::morigaon,2024-0399-IND,3.0,31.821593912727664,,28.821593912727664,23.2329180423775,23.0,41.0,0.0,18.0,0.0,1.5137611613797912e-14
poisson,3,E180::nagaon,2024-0399-IND,13.0,28.971899354868174,,15.971899354868174,7.761820366126365,20.0,38.0,0.0,18.0,0.0,2.616158064697089e-13
poisson,3,E180::sonitpur,2024-0399-IND,6.0,26.10001465941008,,20.10001465941008,13.10765061546991,18.0,35.0,0.0,17.0,0.0,4.622827156252943e-12
poisson,3,E180::tinsukia,2024-0399-IND,1.0,23.756053745560838,,22.756053745560838,20.588216353010353,16.0,32.0,0.0,16.0,0.0,4.818112613302048e-11
poisson,3,E180::udalguri,2024-0399-IND,0.0,26.140800102189363,,26.140800102189363,26.140800102189363,18.0,35.0,0.0,17.0,1.0,4.438076286452989e-12
poisson,3,E181::east%20jaintia%20hills,2024-0399-IND,7.0,22.593995525189982,,15.593995525189982,9.29536758249354,15.0,31.0,0.0,16.0,0.0,1.540112406122521e-10
poisson,3,E181::east%20khasi%20hills,2024-0399-IND,4.0,39.08655026053768,,35.08655026053768,27.601490392049193,29.0,50.0,0.0,21.0,0.0,1.0590754604009836e-17
poisson,3,E181::west%20garo%20hills,2024-0399-IND,1.0,34.84013402514247,,33.84013402514247,31.289364026290066,25.0,45.0,0.0,20.0,0.0,7.398131458834063e-16
poisson,3,E181::west%20jaintia%20hills,2024-0399-IND,0.0,24.600705669361556,,24.600705669361556,24.600705669361556,17.0,33.0,0.0,16.0,1.0,2.0703762490219317e-11
poisson,3,E190::lohit,2025-0402-IND,22.0,13.886899947053777,,8.113100052946223,4.477270489104214,8.0,20.0,0.0,12.0,0.0,9.3109926163627e-07
poisson,3,E190::lower%20dibang%20valley,2025-0402-IND,18.0,9.909992637478135,,8.090007362521865,5.021652948257428,5.0,15.0,0.0,10.0,0.0,4.967580136596106e-05
poisson,3,E190::lower%20subansiri,2025-0402-IND,31.0,27.268553396046364,,3.7314466039536356,2.88301836133936,19.0,36.0,1.0,17.0,0.0,1.436870837877569e-12
poisson,3,E190::namsai,2025-0402-IND,4.0,19.51171213521037,,15.51171213521037,10.80570633521116,13.0,27.0,0.0,14.0,0.0,3.3586990172102376e-09
poisson,3,E191::bongaigaon,2025-0402-IND,7.0,17.847058327173297,,10.847058327173297,6.199348822912739,11.0,25.0,0.0,14.0,0.0,1.7746840672065727e-08
poisson,3,E191::cachar,2025-0402-IND,146.0,15.209214327124572,,130.79078567287542,202.82948202828032,9.0,22.0,0.0,13.0,0.0,2.4815449348837225e-07
poisson,3,E191::dima%20hasao,2025-0402-IND,5.0,21.466436447986677,,16.466436447986677,10.92147509120862,14.0,29.0,0.0,15.0,0.0,4.756035684997538e-10
poisson,3,E191::hailakandi,2025-0402-IND,93.0,14.801542928673644,,78.19845707132636,95.90940738915525,9.0,21.0,0.0,12.0,0.0,3.7305389815234017e-07
poisson,3,E191::kamrup,2025-0402-IND,85.0,14.163682103866208,,70.83631789613379,84.6223908007208,8.0,21.0,0.0,13.0,0.0,7.059777582347534e-07
poisson,3,E191::lakhimpur,2025-0402-IND,91.0,18.444091031498623,,72.55590896850137,75.86588161787952,12.0,26.0,0.0,14.0,0.0,9.76861607389678e-09
poisson,3,E192::bishnupur,2025-0402-IND,1.0,21.268398319411556,,20.268398319411556,18.211175995366155,14.0,29.0,0.0,15.0,0.0,5.797649695593472e-10
poisson,3,E192::imphal%20east,2025-0402-IND,99.0,21.724863762435824,,77.27513623756417,76.09178651937012,14.0,30.0,0.0,16.0,0.0,3.6729206665070465e-10
poisson,3,E192::imphal%20west,2025-0402-IND,29.0,24.50889998746513,,4.491100012534869,2.9938857795987595,17.0,33.0,1.0,16.0,0.0,2.2694466504806027e-11
poisson,3,E192::senapati,2025-0402-IND,22.0,38.870260486667135,,16.870260486667135,6.81639401934649,29.0,49.0,0.0,20.0,0.0,1.3148020135174414e-17
poisson,3,E192::tamenglong,2025-0402-IND,3.0,20.634147263116834,,17.634147263116834,13.34506471963989,13.0,28.0,0.0,15.0,0.0,1.0932102747703137e-09
poisson,3,E192::ukhrul,2025-0402-IND,3.0,30.388059433974686,,27.388059433974686,21.93766965477456,22.0,40.0,0.0,18.0,0.0,6.347949630583253e-14
poisson,3,E193::east%20khasi%20hills,2025-0402-IND,10.0,35.15595803763579,,25.15595803763579,14.662429539740693,26.0,45.0,0.0,19.0,0.0,5.394626957057768e-16
poisson,3,E193::ri%20bhoi,2025-0402-IND,3.0,27.383043730452286,,24.383043730452286,19.245031260046307,19.0,36.0,0.0,17.0,0.0,1.281430952915643e-12
poisson,3,E193::west%20garo%20hills,2025-0402-IND,2.0,19.45033438221448,,17.45033438221448,14.207753039165803,13.0,27.0,0.0,14.0,0.0,3.571306355373499e-09
poisson,3,E193::west%20khasi%20hills,2025-0402-IND,0.0,22.25248856155322,,22.25248856155322,22.25248856155322,15.0,30.0,0.0,15.0,1.0,2.16704040589684e-10
poisson,3,E194::aizawl,2025-0402-IND,23.0,35.9233433887529,,12.923343388752897,5.158110645877265,26.0,46.0,0.0,20.0,0.0,2.5043221500898114e-16
poisson,3,E194::kolasib,2025-0402-IND,5.0,18.66628950865072,,13.66628950865072,8.820185266586734,12.0,26.0,0.0,14.0,0.0,7.822282003533004e-09
poisson,3,E196::mangan,2025-0402-IND,0.0,9.773689734291008,,9.773689734291008,9.773689734291008,5.0,15.0,0.0,10.0,1.0,5.692990781391065e-05
poisson,3,E197::north%20tripura,2025-0402-IND,11.0,22.35552770935167,,11.35552770935167,5.6800257871120365,15.0,30.0,0.0,15.0,0.0,1.954869072465445e-10
poisson,3,E197::west%20tripura,2025-0402-IND,47.0,30.56335319367745,,16.43664680632255,6.635396720463724,22.0,40.0,0.0,18.0,0.0,5.327265719008168e-14
poisson,3,E201::amritsar,2025-0751-IND,553.0,13.823266085621514,,539.1767339143785,1504.919733362577,8.0,20.0,0.0,12.0,0.0,9.9227446885104e-07
poisson,3,E201::firozpur,2025-0751-IND,26.0,12.148290899948762,,13.851709100051238,8.483091837199837,7.0,18.0,0.0,11.0,0.0,5.297418667339754e-06
poisson,3,E201::gurdaspur,2025-0751-IND,638.0,20.091721296621152,,617.9082787033789,1592.4633732350546,13.0,28.0,0.0,15.0,0.0,1.8805128652910758e-09
poisson,3,E201::hoshiarpur,2025-0751-IND,366.0,25.033192705817484,,340.9668072941825,644.6733048111581,17.0,34.0,0.0,17.0,0.0,1.3434532040815909e-11
poisson,3,E201::jalandhar,2025-0751-IND,129.0,20.74542383623257,,108.25457616376744,130.84070144772792,14.0,28.0,0.0,14.0,0.0,9.78085686002023e-10
poisson,3,E201::kapurthala,2025-0751-IND,439.0,18.3468074647931,,420.6531925352069,977.1524285817404,12.0,26.0,0.0,14.0,0.0,1.0766703602779295e-08
poisson,3,E201::ludhiana,2025-0751-IND,196.0,21.12759285380649,,174.8724071461935,265.2828258422809,14.0,29.0,0.0,15.0,0.0,6.674258260797903e-10
poisson,3,E201::moga,2025-0751-IND,58.0,10.080547915062287,,47.91945208493772,56.52159749910652,5.0,16.0,0.0,11.0,0.0,4.188646077725433e-05
poisson,3,E201::sangrur,2025-0751-IND,99.0,10.248172590737136,,88.75182740926286,138.99953678022771,5.0,16.0,0.0,11.0,0.0,3.542217254780799e-05
poisson,3,E201::sri%20muktsar%20sahib,2025-0751-IND,13.0,16.973889900947196,,3.9738899009471957,2.714262176583709,11.0,24.0,1.0,13.0,0.0,4.249455440183262e-08
nb2,4,E001::anantnag,2015-0107-IND,60.0,61.900388677787404,3.7602469443288182,1.9003886777874044,5.9376011726106945,0.0,295.0,1.0,295.0,0.0,0.23444929423447203
nb2,4,E001::budgam,2015-0107-IND,120.0,49.325475855294904,3.7602469443288182,70.67452414470509,6.773519461644295,0.0,235.0,1.0,235.0,0.0,0.24897205068394876
nb2,4,E001::shopian,2015-0107-IND,6.0,42.44782800409908,3.7602469443288182,36.44782800409908,3.942645511830506,0.0,202.0,1.0,202.0,0.0,0.25905607350087245
nb2,4,E001::srinagar,2015-0107-IND,253.0,59.78712348470672,3.7602469443288182,193.2128765152933,7.849160263976473,0.0,285.0,1.0,285.0,0.0,0.2366155935977461
nb2,4,E016::baksa,2015-0317-IND,0.0,46.22997238306917,3.7602469443288182,46.22997238306917,1.373273912845388,0.0,220.0,1.0,220.0,1.0,0.25327639585226863
nb2,4,E016::bongaigaon,2015-0317-IND,0.0,43.50182416342795,3.7602469443288182,43.50182416342795,1.3571933640154175,0.0,207.0,1.0,207.0,1.0,0.25738214215722555
nb2,4,E016::dhemaji,2015-0317-IND,7.0,48.623460468996385,3.7602469443288182,41.623460468996385,4.09004736210969,0.0,232.0,1.0,232.0,0.0,0.249917830748886
nb2,4,E016::dibrugarh,2015-0317-IND,0.0,54.241039578445985,3.7602469443288182,54.241039578445985,1.4155488906738292,0.0,258.0,1.0,258.0,1.0,0.2427923104328242
nb2,4,E016::jorhat,2015-0317-IND,1.0,53.63313922580309,3.7602469443288182,52.63313922580309,2.7419971570541257,0.0,255.0,1.0,255.0,0.0,0.24351754713780194
nb2,4,E016::kamrup,2015-0317-IND,1.0,64.05332212527193,3.7602469443288182,63.05332212527193,2.7881979302317927,0.0,305.0,1.0,305.0,0.0,0.23233614841155303
nb2,4,E016::karbi%20anglong,2015-0317-IND,0.0,53.00246051283269,3.7602469443288182,53.00246051283269,1.4094361366340658,0.0,252.0,1.0,252.0,1.0,0.24428098542583124
nb2,4,E016::kokrajhar,2015-0317-IND,3.0,46.78235607435152,3.7602469443288182,43.78235607435152,3.4558598161222873,0.0,223.0,1.0,223.0,0.0,0.2524821490106423
nb2,4,E016::lakhimpur,2015-0317-IND,4.0,48.46450355493801,3.7602469443288182,44.46450355493801,3.672832529760581,0.0,231.0,1.0,231.0,0.0,0.2501343720031828
nb2,4,E016::sonitpur,2015-0317-IND,4.0,55.25427753119779,3.7602469443288182,51.25427753119779,3.7048392556014416,0.0,263.0,1.0,263.0,0.0,0.2416059708128858
nb2,4,E016::tinsukia,2015-0317-IND,1.0,60.339209334949395,3.7602469443288182,59.339209334949395,2.772634482389357,0.0,287.0,1.0,287.0,0.0,0.23604044324965479
nb2,4,E017::kutch,2015-0317-IND,42.0,42.40149850224824,3.7602469443288182,0.4014985022482378,5.5817618063896,0.0,202.0,1.0,202.0,0.0,0.25913085005797304
nb2,4,E019::bishnupur,2015-0317-IND,5.0,32.42486062766816,3.7602469443288182,27.42486062766816,3.744394066514915,0.0,155.0,1.0,155.0,0.0,0.2781510265021973
nb2,4,E019::chandel,2015-0317-IND,68.0,38.31498286979682,3.7602469443288182,29.68501713020318,6.11554505804752,0.0,183.0,1.0,183.0,0.0,0.2661626234938916
nb2,4,E019::churachandpur,2015-0317-IND,7.0,41.248785065454655,3.7602469443288182,34.248785065454655,4.053367235193863,0.0,196.0,1.0,196.0,0.0,0.26102512810143913
nb2,4,E019::thoubal,2015-0317-IND,38.0,38.08738178302869,3.7602469443288182,0.0873817830286896,5.482000928656715,0.0,181.0,1.0,181.0,0.0,0.26658176274190276
nb2,4,E019::ukhrul,2015-0317-IND,3.0,42.61229552468148,3.7602469443288182,39.61229552468148,3.4328368585610054,0.0,203.0,1.0,203.0,0.0,0.2587914472133281
nb2,4,E020::balasore,2015-0317-IND,45.0,52.10579137511554,3.7602469443288182,7.105791375115537,5.653240384743602,0.0,248.0,1.0,248.0,0.0,0.2453863301162032
nb2,4,E020::bhadrak,2015-0317-IND,41.0,48.7767122547052,3.7602469443288182,7.7767122547052026,5.56149645147351,0.0,232.0,1.0,232.0,0.0,0.24970990360569742
nb2,4,E020::deogarh,2015-0317-IND,14.0,40.91456554000733,3.7602469443288182,26.91456554000733,4.598667431149125,0.0,195.0,1.0,195.0,0.0,0.2615868437727663
nb2,4,E020::jajpur,2015-0317-IND,47.0,54.57330060384782,3.7602469443288182,7.5733006038478194,5.696701536623845,0.0,260.0,1.0,260.0,0.0,0.24240023049851178
nb2,4,E020::jharsuguda,2015-0317-IND,14.0,44.65222282836163,3.7602469443288182,30.65222282836163,4.614201602272706,0.0,213.0,1.0,213.0,0.0,0.25561238912507406
nb2,4,E020::keonjhar,2015-0317-IND,37.0,57.37873988622832,3.7602469443288182,20.378739886228317,5.477537833949557,0.0,273.0,1.0,273.0,0.0,0.23920524288214223
nb2,4,E020::mayurbhanj,2015-0317-IND,45.0,62.17941950110323,3.7602469443288182,17.179419501103233,5.662990453759185,0.0,296.0,1.0,296.0,0.0,0.2341702339125379
nb2,4,E021::barmer,2015-0317-IND,22.0,48.70019338301513,3.7602469443288182,26.700193383015133,5.003051265560142,0.0,232.0,1.0,232.0,0.0,0.24981361899659024
nb2,4,E022::jalpaiguri,2015-0317-IND,0.0,58.01898415197812,3.7602469443288182,58.01898415197812,1.4333707813440175,0.0,276.0,1.0,276.0,1.0,0.2385036222008748
nb2,4,E022::malda,2015-0317-IND,0.0,58.656131441930434,3.7602469443288182,58.656131441930434,1.4362621549574137,0.0,279.0,1.0,279.0,1.0,0.23781501511086073
nb2,4,E031::namsai,2016-0239-IND,31.0,30.69196338744886,3.7602469443288182,0.30803661255113823,5.279206129122544,0.0,146.0,1.0,146.0,0.0,0.28220923123943137
nb2,4,E032::barpeta,2016-0239-IND,95.0,45.05018830667132,3.7602469443288182,49.94981169332868,6.49217915272123,0.0,215.0,1.0,215.0,0.0,0.25501347735180147
nb2,4,E032::bongaigaon,2016-0239-IND,27.0,39.98600994445059,3.7602469443288182,12.986009944450593,5.159607436979617,0.0,190.0,1.0,190.0,0.0,0.26317823306509636
nb2,4,E032::darrang,2016-0239-IND,0.0,41.0709370305063,3.7602469443288182,41.0709370305063,1.341996872557643,0.0,196.0,1.0,196.0,1.0,0.26132331785788454
nb2,4,E032::dhemaji,2016-0239-IND,111.0,41.12513663978605,3.7602469443288182,69.87486336021395,6.738523725281713,0.0,196.0,1.0,196.0,0.0,0.26123227202721216
nb2,4,E032::dhubri,2016-0239-IND,62.0,51.37851543138143,3.7602469443288182,10.62148456861857,5.975171640937275,0.0,245.0,1.0,245.0,0.0,0.24630060580786237
nb2,4,E032::goalpara,2016-0239-IND,10.0,43.62213737061507,3.7602469443288182,33.62213737061507,4.34151050841712,0.0,208.0,1.0,208.0,0.0,0.2571943116044112
nb2,4,E032::jorhat,2016-0239-IND,107.0,62.25885573371043,3.7602469443288182,44.74114426628957,6.56191245381699,0.0,296.0,1.0,296.0,0.0,0.2340910778296834
nb2,4,E032::lakhimpur,2016-0239-IND,163.0,55.355991943090366,3.7602469443288182,107.64400805690963,7.164595569752794,0.0,263.0,1.0,263.0,0.0,0.2414883946132485
nb2,4,E032::morigaon,2016-0239-IND,131.0,41.487177392983995,3.7602469443288182,89.512822607016,6.983885430930716,0.0,198.0,1.0,198.0,0.0,0.2606279534938685
nb2,4,E032::sonitpur,2016-0239-IND,50.0,50.02282040560476,3.7602469443288182,0.022820405604761618,5.755596013249221,0.0,238.0,1.0,238.0,0.0,0.24804919613658014
nb2,4,E033::chamoli,2016-0239-IND,110.0,42.75246038606892,3.7602469443288182,67.24753961393108,6.708793007364323,0.0,204.0,1.0,204.0,0.0,0.25856693577172263
nb2,4,E033::pithoragarh,2016-0239-IND,113.0,49.669402501655625,3.7602469443288182,63.330597498344375,6.689452600268661,0.0,236.0,1.0,236.0,0.0,0.24851486474163978
nb2,4,E047::barpeta,2017-0180-IND,4.0,46.87182017318213,3.7602469443288182,42.87182017318213,3.664737143594497,0.0,223.0,1.0,223.0,0.0,0.252354623545792
nb2,4,E047::biswanath,2017-0180-IND,40.0,38.9032534181625,3.7602469443288182,1.0967465818375004,5.533221308532671,0.0,185.0,1.0,185.0,0.0,0.26509363887618304
nb2,4,E047::cachar,2017-0180-IND,1.0,46.96988263253955,3.7602469443288182,45.96988263253955,2.707603203773309,0.0,224.0,1.0,224.0,0.0,0.25221519317447594
nb2,4,E047::darrang,2017-0180-IND,28.0,44.54357679374774,3.7602469443288182,16.54357679374774,5.202393417934009,0.0,212.0,1.0,212.0,0.0,0.2557770623682942
nb2,4,E047::dhemaji,2017-0180-IND,3.0,41.46363862799889,3.7602469443288182,38.46363862799889,3.426130890052327,0.0,197.0,1.0,197.0,0.0,0.26066704248007405
nb2,4,E047::dhubri,2017-0180-IND,2.0,55.46674745904763,3.7602469443288182,53.46674745904763,3.212846032692122,0.0,264.0,1.0,264.0,0.0,0.24136067655908874
nb2,4,E047::dibrugarh,2017-0180-IND,2.0,45.343582801863654,3.7602469443288182,43.343582801863654,3.161667761700237,0.0,216.0,1.0,216.0,0.0,0.25457618570130375
nb2,4,E047::goalpara,2017-0180-IND,3.0,48.20486653548692,3.7602469443288182,45.20486653548692,3.4632809295516123,0.0,230.0,1.0,230.0,0.0,0.25048999623280344
nb2,4,E047::golaghat,2017-0180-IND,1.0,45.065390053162794,3.7602469443288182,44.065390053162794,2.6968965703896446,0.0,215.0,1.0,215.0,0.0,0.25499073186418014
nb2,4,E047::hailakandi,2017-0180-IND,19.0,40.92129680062582,3.7602469443288182,21.921296800625818,4.853401654555096,0.0,195.0,1.0,195.0,0.0,0.2615754738024077
nb2,4,E047::hojai,2017-0180-IND,17.0,45.493875359969486,3.7602469443288182,28.493875359969486,4.7763706457538495,0.0,217.0,1.0,217.0,0.0,0.2543535581916959
nb2,4,E047::jorhat,2017-0180-IND,14.0,46.509632554821664,3.7602469443288182,32.509632554821664,4.621666599733233,0.0,221.0,1.0,221.0,0.0,0.2528728014593483
nb2,4,E047::kamrup,2017-0180-IND,27.0,47.02347819655709,3.7602469443288182,20.023478196557093,5.175747652563096,0.0,224.0,1.0,224.0,0.0,0.2521391429520669
nb2,4,E047::kamrup%20metropolitan,2017-0180-IND,12.0,56.43561333756208,3.7602469443288182,44.43561333756208,4.537454774888621,0.0,269.0,1.0,269.0,0.0,0.2402569510844718
nb2,4,E047::karbi%20anglong,2017-0180-IND,1.0,43.629866710750626,3.7602469443288182,42.629866710750626,2.6885317310820853,0.0,208.0,1.0,208.0,0.0,0.2571822670026251
nb2,4,E047::karimganj,2017-0180-IND,22.0,44.90922755324719,3.7602469443288182,22.90922755324719,4.991705284594944,0.0,214.0,1.0,214.0,0.0,0.2552248498316063
nb2,4,E047::kokrajhar,2017-0180-IND,1.0,52.415158057423916,3.7602469443288182,51.415158057423916,2.736033300128343,0.0,250.0,1.0,250.0,0.0,0.24500227729655188
nb2,4,E047::lakhimpur,2017-0180-IND,53.0,43.59290603129351,3.7602469443288182,9.40709396870649,5.819107564185907,0.0,208.0,1.0,208.0,0.0,0.25723988698418493
nb2,4,E047::majuli,2017-0180-IND,3.0,30.41876313862953,3.7602469443288182,27.41876313862953,3.3513026333437907,0.0,145.0,1.0,145.0,0.0,0.2828752704051823
nb2,4,E047::morigaon,2017-0180-IND,2.0,43.1222650659615,3.7602469443288182,41.1222650659615,3.14899029496048,0.0,205.0,1.0,205.0,0.0,0.2579790126832939
nb2,4,E047::nagaon,2017-0180-IND,1.0,51.96553524541969,3.7602469443288182,50.96553524541969,2.7337974902534015,0.0,247.0,1.0,247.0,0.0,0.24556139376593508
nb2,4,E047::nalbari,2017-0180-IND,3.0,44.02259122701665,3.7602469443288182,41.02259122701665,3.440846908963927,0.0,210.0,1.0,210.0,0.0,0.2565737960980612
nb2,4,E047::sivasagar,2017-0180-IND,1.0,48.90076865664595,3.7602469443288182,47.90076865664595,2.7180355399602383,0.0,233.0,1.0,233.0,0.0,0.24954218932726113
nb2,4,E047::sonitpur,2017-0180-IND,15.0,49.445792175769554,3.7602469443288182,34.445792175769554,4.6886689806608315,0.0,235.0,1.0,235.0,0.0,0.24881165745345288
nb2,4,E047::tinsukia,2017-0180-IND,0.0,51.915317691144644,3.7602469443288182,51.915317691144644,1.4039524776091197,0.0,247.0,1.0,247.0,1.0,0.2456242186065868
nb2,4,E047::udalguri,2017-0180-IND,11.0,49.39329504829136,3.7602469443288182,38.39329504829136,4.441716036568817,0.0,235.0,1.0,235.0,0.0,0.24888158067584212
nb2,4,E048::giridih,2017-0180-IND,0.0,48.19219139974758,3.7602469443288182,48.19219139974758,1.3842667419448418,0.0,229.0,1.0,229.0,1.0,0.25050741904621276
nb2,4,E049::bishnupur,2017-0180-IND,1.0,33.655672276186216,3.7602469443288182,32.655672276186216,2.6217751933440985,0.0,160.0,1.0,160.0,0.0,0.27543053348408375
nb2,4,E049::imphal%20east,2017-0180-IND,5.0,36.62226820059945,3.7602469443288182,31.62226820059945,3.77185505896285,0.0,174.0,1.0,174.0,0.0,0.26935740713323064
nb2,4,E049::imphal%20west,2017-0180-IND,4.0,37.30190163501712,3.7602469443288182,33.30190163501712,3.610173913852585,0.0,178.0,1.0,178.0,0.0,0.2680528127403124
nb2,4,E049::thoubal,2017-0180-IND,5.0,34.665605188003774,3.7602469443288182,29.665605188003774,3.7593950988962774,0.0,165.0,1.0,165.0,0.0,0.2732899487943807
nb2,4,E060::dakshina%20kannada,2018-0216-IND,87.0,65.17789922988143,3.7602469443288182,21.822100770118567,6.32054223482932,0.0,310.0,1.0,310.0,0.0,0.23126763806383266
nb2,4,E060::udupi,2018-0216-IND,60.0,54.28621212167372,3.7602469443288182,5.713787878326279,5.938844505105234,0.0,258.0,1.0,258.0,0.0,0.24273882774190667
nb2,4,E103::darrang,2020-0206-IND,41.0,40.81217134028419,3.7602469443288182,0.1878286597158123,5.557732462346321,0.0,194.0,1.0,194.0,0.0,0.26176009147370244
nb2,4,E103::goalpara,2020-0206-IND,70.0,39.086334141461684,3.7602469443288182,30.913665858538316,6.146358045294423,0.0,186.0,1.0,186.0,0.0,0.26476509099539186
nb2,4,E103::lakhimpur,2020-0206-IND,47.0,43.42170860363701,3.7602469443288182,3.5782913963629923,5.694741757595256,0.0,207.0,1.0,207.0,0.0,0.2575075798757787
nb2,4,E103::sonitpur,2020-0206-IND,21.0,46.88105539776429,3.7602469443288182,25.881055397764293,4.958026686395211,0.0,223.0,1.0,223.0,0.0,0.25234147676065805
nb2,4,E103::udalguri,2020-0206-IND,1.0,48.585623271909824,3.7602469443288182,47.585623271909824,2.716360533608968,0.0,231.0,1.0,231.0,0.0,0.2499692940860346
nb2,4,E143::alappuzha,2021-0677-IND,65.0,54.87430111120225,3.7602469443288182,10.12569888879775,6.0213652040873455,0.0,261.0,1.0,261.0,0.0,0.24204762649516426
nb2,4,E143::idukki,2021-0677-IND,220.0,58.58859301105638,3.7602469443288182,161.4114069889436,7.614730053291273,0.0,279.0,1.0,279.0,0.0,0.23788756071764033
nb2,4,E143::kollam,2021-0677-IND,35.0,70.78016897022184,3.7602469443288182,35.78016897022184,5.45265319978549,0.0,337.0,1.0,337.0,0.0,0.22627073070946482
nb2,4,E143::kottayam,2021-0677-IND,254.0,53.61351410814822,3.7602469443288182,200.38648589185178,7.957133739900469,0.0,255.0,1.0,255.0,0.0,0.24354113262895216
nb2,4,E143::pathanamthitta,2021-0677-IND,100.0,56.69631080104734,3.7602469443288182,43.30368919895266,6.499416585055968,0.0,270.0,1.0,270.0,0.0,0.23996403710677824
nb2,4,E143::thiruvananthapuram,2021-0677-IND,18.0,77.75746290918538,3.7602469443288182,59.75746290918538,4.9222837858037725,0.0,370.0,1.0,370.0,0.0,0.22070324581528034
nb2,4,E148::baksa,2022-0293-IND,21.0,41.57201742045866,3.7602469443288182,20.572017420458657,4.941377756761919,0.0,198.0,1.0,198.0,0.0,0.2604872974344353
nb2,4,E148::barpeta,2022-0293-IND,31.0,42.60409483112263,3.7602469443288182,11.60409483112263,5.291233840215101,0.0,203.0,1.0,203.0,0.0,0.2588046115751456
nb2,4,E148::biswanath,2022-0293-IND,42.0,35.20707985042428,3.7602469443288182,6.792920149575721,5.586111946370801,0.0,168.0,1.0,168.0,0.0,0.27217428025809537
nb2,4,E148::bongaigaon,2022-0293-IND,11.0,40.11408825880224,3.7602469443288182,29.11408825880224,4.400324852368659,0.0,191.0,1.0,191.0,0.0,0.2629559794651117
nb2,4,E148::cachar,2022-0293-IND,191.0,42.03730164439636,3.7602469443288182,148.96269835560364,7.631390517035705,0.0,200.0,1.0,200.0,0.0,0.25972227228070177
nb2,4,E148::chirang,2022-0293-IND,6.0,41.96090358989494,3.7602469443288182,35.96090358989494,3.94002994075032,0.0,200.0,1.0,200.0,0.0,0.2598471538428564
nb2,4,E148::darrang,2022-0293-IND,98.0,39.600374531470045,3.7602469443288182,58.399625468529955,6.577668224445334,0.0,189.0,1.0,189.0,0.0,0.2638528672893882
nb2,4,E148::dhemaji,2022-0293-IND,33.0,35.855935919811486,3.7602469443288182,2.855935919811486,5.342337292711194,0.0,171.0,1.0,171.0,0.0,0.2708654221253919
nb2,4,E148::dhubri,2022-0293-IND,29.0,47.89493164174885,3.7602469443288182,18.894931641748848,5.241119854255202,0.0,228.0,1.0,228.0,0.0,0.2509176841203304
nb2,4,E148::dibrugarh,2022-0293-IND,43.0,41.3058185981373,3.7602469443288182,1.6941814018627,5.605423022919691,0.0,197.0,1.0,197.0,0.0,0.2609298448365918
nb2,4,E148::dima%20hasao,2022-0293-IND,194.0,34.476988408933764,3.7602469443288182,159.52301159106622,7.87663476715551,0.0,164.0,0.0,164.0,0.0,0.27368373244157096
nb2,4,E148::goalpara,2022-0293-IND,46.0,39.1894912159818,3.7602469443288182,6.810508784018197,5.6760267099027875,0.0,187.0,1.0,187.0,0.0,0.26458082136598454
nb2,4,E148::golaghat,2022-0293-IND,28.0,42.117459730581345,3.7602469443288182,14.117459730581345,5.197160961925294,0.0,201.0,1.0,201.0,0.0,0.25959155106833864
nb2,4,E148::hailakandi,2022-0293-IND,36.0,37.70742630792341,3.7602469443288182,1.7074263079234129,5.428406914047015,0.0,180.0,1.0,180.0,0.0,0.26728853421861654
nb2,4,E148::hojai,2022-0293-IND,149.0,39.039515244741736,3.7602469443288182,109.96048475525826,7.236743666819923,0.0,186.0,1.0,186.0,0.0,0.26484892552294215
nb2,4,E148::kamrup,2022-0293-IND,50.0,40.87847757514892,3.7602469443288182,9.12152242485108,5.761336730457155,0.0,195.0,1.0,195.0,0.0,0.2616478411612691
nb2,4,E148::kamrup%20metropolitan,2022-0293-IND,32.0,48.87180568113794,3.7602469443288182,16.871805681137943,5.331483330913593,0.0,233.0,1.0,233.0,0.0,0.24958129696927664
nb2,4,E148::karimganj,2022-0293-IND,51.0,42.37202806468232,3.7602469443288182,8.627971935317682,5.780181073263696,0.0,202.0,1.0,202.0,0.0,0.25917846932363864
nb2,4,E148::kokrajhar,2022-0293-IND,12.0,44.23029734820705,3.7602469443288182,32.23029734820705,4.488512674573779,0.0,211.0,1.0,211.0,0.0,0.2562547397564929
nb2,4,E148::lakhimpur,2022-0293-IND,57.0,38.47463085476879,3.7602469443288182,18.52536914523121,5.909674967119421,0.0,183.0,1.0,183.0,0.0,0.26587048682450587
nb2,4,E148::majuli,2022-0293-IND,24.0,25.770260885668197,3.7602469443288182,1.770260885668197,5.0251645213184295,0.0,123.0,1.0,123.0,0.0,0.2955073498848445
nb2,4,E148::morigaon,2022-0293-IND,71.0,38.24204753947042,3.7602469443288182,32.75795246052958,6.1683561362668895,0.0,182.0,1.0,182.0,0.0,0.26629659614512924
nb2,4,E148::nagaon,2022-0293-IND,142.0,46.960093579220484,3.7602469443288182,95.03990642077952,7.0406107369495015,0.0,224.0,1.0,224.0,0.0,0.2522290952954193
nb2,4,E148::nalbari,2022-0293-IND,32.0,36.74795932319546,3.7602469443288182,4.7479593231954595,5.313220615293814,0.0,175.0,1.0,175.0,0.0,0.26911385365683266
nb2,4,E148::sivasagar,2022-0293-IND,11.0,39.70087475340183,3.7602469443288182,28.700874753401827,4.398343434202872,0.0,189.0,1.0,189.0,0.0,0.2636762577506152
nb2,4,E148::sonitpur,2022-0293-IND,36.0,44.348805951544215,3.7602469443288182,8.348805951544215,5.43349537229889,0.0,211.0,1.0,211.0,0.0,0.25607354282183964
nb2,4,E148::south%20salmara,2022-0293-IND,8.0,37.57758586263321,3.7602469443288182,29.577585862633207,4.136419828684197,0.0,179.0,1.0,179.0,0.0,0.26753211118068
nb2,4,E148::tinsukia,2022-0293-IND,15.0,45.32788366163427,3.7602469443288182,30.327883661634267,4.672961719620713,0.0,216.0,1.0,216.0,0.0,0.2545994943117733
nb2,4,E148::udalguri,2022-0293-IND,52.0,44.243038094152425,3.7602469443288182,7.756961905847575,5.79835827366255,0.0,211.0,1.0,211.0,0.0,0.2562352301546583
nb2,4,E148::west%20karbi%20anglong,2022-0293-IND,1.0,32.905232198559034,3.7602469443288182,31.905232198559034,2.616004590308239,0.0,157.0,1.0,157.0,0.0,0.27707405941387775
nb2,4,E150::bharuch,2022-0293-IND,0.0,46.95392495960486,3.7602469443288182,46.95392495960486,1.3773827570478847,0.0,224.0,1.0,224.0,1.0,0.2522378576584618
nb2,4,E150::navsari,2022-0293-IND,0.0,53.316394132445026,3.7602469443288182,53.316394132445026,1.4109988351272909,0.0,254.0,1.0,254.0,1.0,0.24389954601300426
nb2,4,E150::surat,2022-0293-IND,0.0,65.03446931666282,3.7602469443288182,65.03446931666282,1.4635961461110254,0.0,309.0,1.0,309.0,1.0,0.23140261902583054
nb2,4,E150::tapi,2022-0293-IND,0.0,40.64228414151407,3.7602469443288182,40.64228414151407,1.3392247445723005,0.0,194.0,1.0,194.0,1.0,0.26204874456382066
nb2,4,E150::vadodara,2022-0293-IND,0.0,57.360424424484826,3.7602469443288182,57.360424424484826,1.4303488281244334,0.0,273.0,1.0,273.0,1.0,0.239225459119237
nb2,4,E150::valsad,2022-0293-IND,0.0,56.193522673046246,3.7602469443288182,56.193522673046246,1.4249084213735517,0.0,267.0,1.0,267.0,1.0,0.24053048965161228
nb2,4,E151::chamba,2022-0293-IND,0.0,42.87879220363104,3.7602469443288182,42.87879220363104,1.3533805188529517,0.0,204.0,1.0,204.0,1.0,0.25836537367645834
nb2,4,E151::kullu,2022-0293-IND,0.0,37.99257625136842,3.7602469443288182,37.99257625136842,1.3214160898406535,0.0,181.0,1.0,181.0,1.0,0.26675728209687527
nb2,4,E151::mandi,2022-0293-IND,0.0,47.96726339118041,3.7602469443288182,47.96726339118041,1.3830294551016784,0.0,228.0,1.0,228.0,1.0,0.2508175604072605
nb2,4,E153::bhandara,2022-0293-IND,0.0,45.98224293768308,3.7602469443288182,45.98224293768308,1.371853200930062,0.0,219.0,1.0,219.0,1.0,0.2536364843761875
nb2,4,E153::kolhapur,2022-0293-IND,0.0,70.48013385592321,3.7602469443288182,70.48013385592321,1.4848976027647562,0.0,335.0,1.0,335.0,1.0,0.22652553507743128
nb2,4,E153::nandurbar,2022-0293-IND,0.0,44.80987243868863,3.7602469443288182,44.80987243868863,1.3650248243197056,0.0,213.0,1.0,213.0,1.0,0.25537433641521845
nb2,4,E154::east%20khasi%20hills,2022-0293-IND,2.0,50.174056503805424,3.7602469443288182,48.174056503805424,3.1873163568722966,0.0,239.0,1.0,239.0,0.0,0.24785118921487231
nb2,4,E154::ri%20bhoi,2022-0293-IND,0.0,39.366152259648075,3.7602469443288182,39.366152259648075,1.3307965955911936,0.0,188.0,1.0,188.0,1.0,0.26426666377116953
nb2,4,E159::ballia,2022-0590-IND,1.0,59.165132441508845,3.7602469443288182,58.165132441508845,2.7675190604975763,0.0,282.0,1.0,282.0,0.0,0.23727164244017784
nb2,4,E159::budaun,2022-0590-IND,2.0,57.634493689349426,3.7602469443288182,55.634493689349426,3.2226348055917895,0.0,274.0,1.0,274.0,0.0,0.2389237937408349
nb2,4,E182::barpeta,2024-0481-IND,41.0,41.208127483452664,3.7602469443288182,0.20812748345266385,5.557733054218034,0.0,196.0,1.0,196.0,0.0,0.26109315405945366
nb2,4,E182::biswanath,2024-0481-IND,31.0,37.245337241111855,3.7602469443288182,6.245337241111855,5.283378518635364,0.0,177.0,1.0,177.0,0.0,0.268160247562184
nb2,4,E182::cachar,2024-0481-IND,101.0,45.28271357424448,3.7602469443288182,55.71728642575552,6.5707069787493575,0.0,216.0,1.0,216.0,0.0,0.2546666153312941
nb2,4,E182::chirang,2024-0481-IND,36.0,36.29088309487934,3.7602469443288182,0.29088309487934083,5.428136283188998,0.0,173.0,1.0,173.0,0.0,0.2700046053206237
nb2,4,E182::darrang,2024-0481-IND,60.0,36.32740734613163,3.7602469443288182,23.67259265386837,5.977082423983938,0.0,173.0,1.0,173.0,0.0,0.26993290961401
nb2,4,E182::dhemaji,2024-0481-IND,86.0,39.235065536110774,3.7602469443288182,46.764934463889226,6.404499845334364,0.0,187.0,1.0,187.0,0.0,0.2644996060325531
nb2,4,E182::dhubri,2024-0481-IND,99.0,43.47398371040856,3.7602469443288182,55.52601628959144,6.557603159816908,0.0,207.0,1.0,207.0,0.0,0.2574256992503902
nb2,4,E182::dibrugarh,2024-0481-IND,82.0,44.25938057226942,3.7602469443288182,37.74061942773058,6.311719828212598,0.0,211.0,1.0,211.0,0.0,0.2562102156535562
nb2,4,E182::goalpara,2024-0481-IND,81.0,38.09488558047053,3.7602469443288182,42.90511441952947,6.335355859737219,0.0,181.0,1.0,181.0,0.0,0.2665678939571424
nb2,4,E182::golaghat,2024-0481-IND,80.0,38.082799290614,3.7602469443288182,41.917200709386,6.319387553925392,0.0,181.0,1.0,181.0,0.0,0.26659023395653847
nb2,4,E182::hailakandi,2024-0481-IND,31.0,40.88151233507629,3.7602469443288182,9.881512335076287,5.288429271957056,0.0,195.0,1.0,195.0,0.0,0.2616427090751502
nb2,4,E182::jorhat,2024-0481-IND,51.0,40.136268798477,3.7602469443288182,10.863731201523002,5.783573541276382,0.0,191.0,1.0,191.0,0.0,0.26291758035038154
nb2,4,E182::kamrup,2024-0481-IND,58.0,39.80758542874873,3.7602469443288182,18.19241457125127,5.924963080145171,0.0,190.0,1.0,190.0,0.0,0.26348934889293185
nb2,4,E182::kamrup%20metropolitan,2024-0481-IND,37.0,45.42555501670215,3.7602469443288182,8.425555016702148,5.460626794860706,0.0,216.0,1.0,216.0,0.0,0.2544546457997883
nb2,4,E182::karimganj,2024-0481-IND,71.0,46.77238797812388,3.7602469443288182,24.22761202187612,6.1320867222917155,0.0,223.0,1.0,223.0,0.0,0.25249637691316057
nb2,4,E182::majuli,2024-0481-IND,54.0,26.192512746960293,3.7602469443288182,27.807487253039707,5.921554760397119,0.0,125.0,1.0,125.0,0.0,0.29424575745752524
nb2,4,E182::morigaon,2024-0481-IND,58.0,36.63287518152504,3.7602469443288182,21.367124818474963,5.936360760551545,0.0,175.0,1.0,175.0,0.0,0.2693368132735653
nb2,4,E182::nagaon,2024-0481-IND,88.0,45.447661667479515,3.7602469443288182,42.552338332520485,6.392680867510796,0.0,216.0,1.0,216.0,0.0,0.2544219156021854
nb2,4,E182::nalbari,2024-0481-IND,47.0,34.27805317419212,3.7602469443288182,12.721946825807883,5.708546632564742,0.0,163.0,1.0,163.0,0.0,0.2741020016598447
nb2,4,E182::sivasagar,2024-0481-IND,73.0,39.207642171260574,3.7602469443288182,33.792357828739426,6.196739627479686,0.0,187.0,1.0,187.0,0.0,0.2645484613856091
nb2,4,E182::south%20salmara,2024-0481-IND,38.0,36.15500442866168,3.7602469443288182,1.8449955713383233,5.482332744004994,0.0,172.0,1.0,172.0,0.0,0.270272128284108
nb2,4,E183::auraiya,2024-0481-IND,0.0,39.95907890217957,3.7602469443288182,39.95907890217957,1.3347457942380752,0.0,190.0,1.0,190.0,1.0,0.2632250802839634
nb2,4,E183::ayodhya,2024-0481-IND,5.0,47.345253327813936,3.7602469443288182,42.345253327813936,3.8315458294177187,0.0,225.0,1.0,225.0,0.0,0.2516848379902831
nb2,4,E183::ballia,2024-0481-IND,16.0,51.06031527523998,3.7602469443288182,35.06031527523998,4.746790619478536,0.0,243.0,1.0,243.0,0.0,0.24670576353493517
nb2,4,E183::balrampur,2024-0481-IND,22.0,42.247969119028305,3.7602469443288182,20.247969119028305,4.98371497026354,0.0,201.0,1.0,201.0,0.0,0.25937938554199036
nb2,4,E183::barabanki,2024-0481-IND,12.0,46.11073049882678,3.7602469443288182,34.11073049882678,4.496595273037073,0.0,220.0,1.0,220.0,0.0,0.25344941660169135
nb2,4,E183::budaun,2024-0481-IND,3.0,48.39038168998962,3.7602469443288182,45.39038168998962,3.4642337313915887,0.0,230.0,1.0,230.0,0.0,0.25023565146665366
nb2,4,E183::chandauli,2024-0481-IND,0.0,42.06626746400828,3.7602469443288182,42.06626746400828,1.3483244341754554,0.0,200.0,1.0,200.0,1.0,0.25967499888152956
nb2,4,E183::deoria,2024-0481-IND,4.0,48.03461269908178,3.7602469443288182,44.03461269908178,3.6706714078464686,0.0,229.0,1.0,229.0,0.0,0.2507245042756955
nb2,4,E183::gonda,2024-0481-IND,10.0,49.21894246178615,3.7602469443288182,39.21894246178615,4.366537043567652,0.0,234.0,1.0,234.0,0.0,0.24911448170148565
nb2,4,E183::gorakhpur,2024-0481-IND,23.0,50.89177545601206,3.7602469443288182,27.891775456012063,5.047197325592967,0.0,242.0,1.0,242.0,0.0,0.2469216522040834
nb2,4,E183::hardoi,2024-0481-IND,3.0,48.75492550706759,3.7602469443288182,45.75492550706759,3.466096180680594,0.0,232.0,1.0,232.0,0.0,0.24973941297975882
nb2,4,E183::hathras,2024-0481-IND,0.0,40.95301256117509,3.7602469443288182,40.95301256117509,1.3412371236070635,0.0,195.0,1.0,195.0,1.0,0.2615219334138155
nb2,4,E183::kushinagar,2024-0481-IND,17.0,50.8373707433836,3.7602469443288182,33.8373707433836,4.795354053744096,0.0,242.0,1.0,242.0,0.0,0.2469915334542183
nb2,4,E183::lakhimpur%20kheri,2024-0481-IND,27.0,48.8324986157469,3.7602469443288182,21.8324986157469,5.180105693705758,0.0,232.0,1.0,232.0,0.0,0.24963441855607496
nb2,4,E183::maharajganj,2024-0481-IND,0.0,43.92528379486056,3.7602469443288182,43.92528379486056,1.359754005490397,0.0,209.0,1.0,209.0,1.0,0.25672392186184884
nb2,4,E183::mainpuri,2024-0481-IND,0.0,42.38549889255592,3.7602469443288182,42.38549889255592,1.3503223903224006,0.0,202.0,1.0,202.0,1.0,0.25915669756537063
nb2,4,E183::pilibhit,2024-0481-IND,34.0,42.90740206711734,3.7602469443288182,8.907402067117339,5.377814374717143,0.0,204.0,1.0,204.0,0.0,0.2583198304582385
nb2,4,E183::pratapgarh,2024-0481-IND,1.0,52.8919370000524,3.7602469443288182,51.8919370000524,2.7383838009612194,0.0,252.0,1.0,252.0,0.0,0.24441595292600704
nb2,4,E183::prayagraj,2024-0481-IND,3.0,59.78969514585763,3.7602469443288182,56.78969514585763,3.517083504190828,0.0,285.0,1.0,285.0,0.0,0.23661289900087526
nb2,4,E183::shahjahanpur,2024-0481-IND,17.0,45.55138877818102,3.7602469443288182,28.55138877818102,4.77657994031207,0.0,217.0,1.0,217.0,0.0,0.2542686086472816
nb2,4,E183::shrawasti,2024-0481-IND,0.0,36.81697052385499,3.7602469443288182,36.81697052385499,1.3131161158353164,0.0,175.0,1.0,175.0,1.0,0.2689805744750297
nb2,4,E183::siddharthnagar,2024-0481-IND,3.0,41.74854045942991,3.7602469443288182,38.74854045942991,3.427809907423267,0.0,199.0,1.0,199.0,0.0,0.26019579418102673
nb2,4,E183::sultanpur,2024-0481-IND,1.0,54.28354606157103,3.7602469443288182,53.28354606157103,2.745127959809963,0.0,258.0,1.0,258.0,0.0,0.24274198270559819
nb2,4,E183::unnao,2024-0481-IND,1.0,45.34077903413674,3.7602469443288182,44.34077903413674,2.6984716420841948,0.0,216.0,1.0,216.0,0.0,0.2545803477275213
nb2,4,E183::varanasi,2024-0481-IND,15.0,58.240239756509546,3.7602469443288182,43.240239756509546,4.719866249310693,0.0,277.0,1.0,277.0,0.0,0.23826342117381363
nb2,4,E186::ahmedabad,2024-0647-IND,63.0,52.135047976535944,3.7602469443288182,10.864952023464056,5.9912142415460075,0.0,248.0,1.0,248.0,0.0,0.24534988767900243
nb2,4,E186::amreli,2024-0647-IND,1.0,49.3395691504624,3.7602469443288182,48.3395691504624,2.7203503532125746,0.0,235.0,1.0,235.0,0.0,0.24895323750626086
nb2,4,E186::anand,2024-0647-IND,34.0,43.62533496420844,3.7602469443288182,9.625334964208442,5.378753561219938,0.0,208.0,1.0,208.0,0.0,0.25718932848064663
nb2,4,E186::dahod,2024-0647-IND,4.0,52.0147572063175,3.7602469443288182,48.0147572063175,3.690044055087484,0.0,248.0,1.0,248.0,0.0,0.24549988862862893
nb2,4,E186::jamnagar,2024-0647-IND,84.0,46.517277970352225,3.7602469443288182,37.482722029647775,6.330160831346667,0.0,221.0,1.0,221.0,0.0,0.25286181082378967
nb2,4,E186::junagadh,2024-0647-IND,15.0,54.462185505626515,3.7602469443288182,39.462185505626515,4.70684261662315,0.0,259.0,1.0,259.0,0.0,0.24253101485262712
nb2,4,E186::kheda,2024-0647-IND,39.0,46.69339323499604,3.7602469443288182,7.693393234996037,5.51192413362409,0.0,222.0,1.0,222.0,0.0,0.2526092647343001
nb2,4,E186::kutch,2024-0647-IND,73.0,35.88744947651944,3.7602469443288182,37.11255052348056,6.2188606865115545,0.0,171.0,1.0,171.0,0.0,0.2708026127328865
nb2,4,E186::rajkot,2024-0647-IND,56.0,51.60656553429819,3.7602469443288182,4.393434465701809,5.869547120741938,0.0,246.0,1.0,246.0,0.0,0.24601217333451372
nb2,4,E186::surendranagar,2024-0647-IND,6.0,39.24814926161986,3.7602469443288182,33.24814926161986,3.9249830561227417,0.0,187.0,1.0,187.0,0.0,0.26447631220281465
nb2,4,E186::vadodara,2024-0647-IND,349.0,56.188456742518746,3.7602469443288182,292.8115432574813,8.59379727826201,0.0,267.0,0.0,267.0,0.0,0.24053622950664766
nb2,4,E187::kolhapur,2024-0647-IND,1.0,66.77328213692981,3.7602469443288182,65.77328213692981,2.7990443810229944,0.0,318.0,1.0,318.0,0.0,0.22979103448166632
nb2,4,E187::nashik,2024-0647-IND,1.0,66.80523560610852,3.7602469443288182,65.80523560610852,2.7991692106210655,0.0,318.0,1.0,318.0,0.0,0.22976191559508333
nb2,4,E187::pune,2024-0647-IND,6.0,77.655821840966,3.7602469443288182,71.655821840966,4.08556350117107,0.0,369.0,1.0,369.0,0.0,0.22077976934558646
nb2,4,E187::raigad,2024-0647-IND,0.0,61.08249000930815,3.7602469443288182,61.08249000930815,1.4469938523399257,0.0,291.0,1.0,291.0,1.0,0.23527650197624553
nb2,4,E187::ratnagiri,2024-0647-IND,0.0,57.48894997935532,3.7602469443288182,57.48894997935532,1.4309413004097036,0.0,274.0,1.0,274.0,1.0,0.23908376664335507
nb2,4,E187::satara,2024-0647-IND,0.0,60.2994200600148,3.7602469443288182,60.2994200600148,1.4435774632478497,0.0,287.0,1.0,287.0,1.0,0.2360816726562399
nb2,4,E187::sindhudurg,2024-0647-IND,1.0,49.61729807197825,3.7602469443288182,48.61729807197825,2.721805123733788,0.0,236.0,1.0,236.0,0.0,0.24858387117564512
nb2,4,E188::dhalai,2024-0647-IND,13.0,36.87752916310573,3.7602469443288182,23.877529163105727,4.520079391752427,0.0,176.0,1.0,176.0,0.0,0.2688638778636155
nb2,4,E188::north%20tripura,2024-0647-IND,4.0,43.92050417397796,3.7602469443288182,39.92050417397796,3.6490585847719847,0.0,209.0,1.0,209.0,0.0,0.25673130663444776
nb2,4,E188::south%20tripura,2024-0647-IND,31.0,41.93287610612991,3.7602469443288182,10.93287610612991,5.290115136866114,0.0,200.0,1.0,200.0,0.0,0.2598930397792425
nb2,4,E188::west%20tripura,2024-0647-IND,34.0,51.25702295234793,3.7602469443288182,17.25702295234793,5.3907004278926625,0.0,244.0,1.0,244.0,0.0,0.24645492578801706
nb2,4,E198::chamba,2025-0469-IND,46.0,42.862643193433826,3.7602469443288182,3.1373568065661743,5.673121293526003,0.0,204.0,1.0,204.0,0.0,0.2583910977050039
nb2,4,E198::hamirpur,2025-0469-IND,20.0,41.01279148301344,3.7602469443288182,21.012791483013437,4.897574969868338,0.0,195.0,1.0,195.0,0.0,0.26142116035135365
nb2,4,E198::kinnaur,2025-0469-IND,12.0,25.270379451217817,3.7602469443288182,13.270379451217817,4.39452555034856,0.0,121.0,1.0,121.0,0.0,0.29703478990635795
nb2,4,E198::kullu,2025-0469-IND,77.0,39.0484074248531,3.7602469443288182,37.9515925751469,6.263909477814435,0.0,186.0,1.0,186.0,0.0,0.2648329933473422
nb2,4,E198::mandi,2025-0469-IND,312.0,47.56249246457304,3.7602469443288182,264.43750753542696,8.559200277389213,0.0,226.0,0.0,226.0,0.0,0.2513803165276561
nb2,4,E198::shimla,2025-0469-IND,39.0,48.80736137999966,3.7602469443288182,9.807361379999662,5.514066935897494,0.0,232.0,1.0,232.0,0.0,0.2496684185395062
nb2,4,E199::bageshwar,2025-0469-IND,0.0,36.90538956553859,3.7602469443288182,36.90538956553859,1.3137494579674578,0.0,176.0,1.0,176.0,1.0,0.26881027168014743
nb2,4,E199::chamoli,2025-0469-IND,7.0,35.22122464012452,3.7602469443288182,28.221224640124518,4.01931704404992,0.0,168.0,1.0,168.0,0.0,0.2721454253659999
nb2,4,E202::bageshwar,2025-0803-IND,0.0,37.49631719517979,3.7602469443288182,37.49631719517979,1.3179439599833738,0.0,179.0,1.0,179.0,1.0,0.26768510785431693
nb2,4,E202::champawat,2025-0803-IND,1.0,36.761462086111315,3.7602469443288182,35.761462086111315,2.644410535345561,0.0,175.0,1.0,175.0,0.0,0.26908775145010216
nb2,4,E202::dehradun,2025-0803-IND,128.0,48.962009411059654,3.7602469443288182,79.03799058894035,6.8669992732099585,0.0,233.0,1.0,233.0,0.0,0.24945959413008298
nb2,4,E202::haridwar,2025-0803-IND,0.0,51.24365578628045,3.7602469443288182,51.24365578628045,1.4005071543925078,0.0,244.0,1.0,244.0,1.0,0.24647193291586125
nb2,4,E202::nainital,2025-0803-IND,9.0,50.235892667314126,3.7602469443288182,41.235892667314126,4.289339280249132,0.0,239.0,1.0,239.0,0.0,0.2477704461358598
nb2,4,E202::pauri%20garhwal,2025-0803-IND,1.0,44.67171943828684,3.7602469443288182,43.67171943828684,2.694628680738506,0.0,213.0,1.0,213.0,0.0,0.2555828917510241
nb2,4,E202::pithoragarh,2025-0803-IND,8.0,39.6185101298575,3.7602469443288182,31.618510129857498,4.147492148217608,0.0,189.0,1.0,189.0,0.0,0.26382095586245174
nb2,4,E202::tehri%20garhwal,2025-0803-IND,0.0,45.56714161083304,3.7602469443288182,45.56714161083304,1.369455475675879,0.0,217.0,1.0,217.0,1.0,0.2542453646522571
nb2,4,E202::udham%20singh%20nagar,2025-0803-IND,0.0,47.854395429457,3.7602469443288182,47.854395429457,1.3824064137961545,0.0,228.0,1.0,228.0,1.0,0.25097387879889566
nb2,4,E203::araria,2025-0859-IND,2.0,46.88935363842965,3.7602469443288182,44.88935363842965,3.1701469966697053,0.0,223.0,1.0,223.0,0.0,0.25232966659747186
nb2,4,E203::darbhanga,2025-0859-IND,2.0,52.14006511417229,3.7602469443288182,50.14006511417229,3.1970873908760002,0.0,248.0,1.0,248.0,0.0,0.24534364084856317
nb2,4,E203::east%20champaran,2025-0859-IND,0.0,53.64129488136923,3.7602469443288182,53.64129488136923,1.4126065141398223,0.0,255.0,1.0,255.0,1.0,0.24350774885813237
nb2,4,E203::gopalganj,2025-0859-IND,1.0,50.06787519163338,3.7602469443288182,49.06787519163338,2.724148499978522,0.0,238.0,1.0,238.0,0.0,0.24799012908811013
nb2,4,E203::katihar,2025-0859-IND,0.0,51.99532152271594,3.7602469443288182,51.99532152271594,1.404359902128513,0.0,248.0,1.0,248.0,1.0,0.24552416566076543
nb2,4,E203::kishanganj,2025-0859-IND,2.0,46.59112229285873,3.7602469443288182,44.59112229285873,3.168531929174391,0.0,222.0,1.0,222.0,0.0,0.2527557731256807
nb2,4,E203::madhepura,2025-0859-IND,0.0,42.59061523071477,3.7602469443288182,42.59061523071477,1.3515982649405498,0.0,203.0,1.0,203.0,1.0,0.2588262569580413
nb2,4,E203::madhubani,2025-0859-IND,1.0,56.518697359328165,3.7602469443288182,55.518697359328165,2.755614633474303,0.0,269.0,1.0,269.0,0.0,0.2401634149092619
nb2,4,E203::muzaffarpur,2025-0859-IND,2.0,57.383325137330054,3.7602469443288182,55.383325137330054,3.2215188722073216,0.0,273.0,1.0,273.0,0.0,0.23920018304715013
nb2,4,E203::purnia,2025-0859-IND,0.0,49.68206987424363,3.7602469443288182,49.68206987424363,1.3923200712608736,0.0,237.0,1.0,237.0,1.0,0.2484981020101164
nb2,4,E203::saharsa,2025-0859-IND,0.0,43.996615114424024,3.7602469443288182,43.996615114424024,1.360182926766709,0.0,210.0,1.0,210.0,1.0,0.25661383112144237
nb2,4,E203::samastipur,2025-0859-IND,0.0,57.796890837763826,3.7602469443288182,57.796890837763826,1.4323554877791191,0.0,275.0,1.0,275.0,1.0,0.2387458963625871
nb2,4,E203::saran,2025-0859-IND,2.0,56.3572325704216,3.7602469443288182,54.3572325704216,3.2169107784837903,0.0,268.0,1.0,268.0,0.0,0.2403453515143903
nb2,4,E203::sheohar,2025-0859-IND,0.0,40.981943779520606,3.7602469443288182,40.981943779520606,1.3414237190510163,0.0,195.0,1.0,195.0,1.0,0.26147313916508064
nb2,4,E203::sitamarhi,2025-0859-IND,1.0,51.342592661378916,3.7602469443288182,50.342592661378916,2.7306684457685004,0.0,244.0,1.0,244.0,0.0,0.2463461870859215
nb2,4,E203::siwan,2025-0859-IND,0.0,53.41191493525722,3.7602469443288182,53.41191493525722,1.411472502149637,0.0,254.0,1.0,254.0,1.0,0.24378404619767902
nb2,4,E203::supaul,2025-0859-IND,3.0,43.3149745636937,3.7602469443288182,40.3149745636937,3.436857836999509,0.0,206.0,1.0,206.0,0.0,0.2576751475534617
nb2,4,E203::west%20champaran,2025-0859-IND,1.0,51.81888424133776,3.7602469443288182,50.81888424133776,2.73306416622502,0.0,247.0,1.0,247.0,0.0,0.2457450768874964
nb2,4,E204::cooch%20behar,2025-0859-IND,36.0,46.23005457266089,3.7602469443288182,10.23005457266089,5.435745779780559,0.0,220.0,1.0,220.0,0.0,0.2532762767884209
nb2,4,E204::jalpaiguri,2025-0859-IND,232.0,55.447862022160265,3.7602469443288182,176.55213797783972,7.752826593641952,0.0,264.0,1.0,264.0,0.0,0.24138243162294926
poisson,4,E001::anantnag,2015-0107-IND,60.0,109.69961364515972,,49.699613645159715,16.463036347650686,93.0,127.0,0.0,34.0,0.0,2.2806735558120073e-48
poisson,4,E001::budgam,2015-0107-IND,120.0,72.01204187563353,,47.98795812436647,16.60442746039449,58.0,86.0,0.0,28.0,0.0,5.315787148032749e-32
poisson,4,E001::shopian,2015-0107-IND,6.0,67.44404994219477,,61.444049942194766,48.755510967719864,54.0,81.0,0.0,27.0,0.0,5.1217841626957046e-30
poisson,4,E001::srinagar,2015-0107-IND,253.0,97.77043889484791,,155.22956110515207,89.00050774891194,82.0,114.0,0.0,32.0,0.0,3.458102761650522e-43
poisson,4,E016::baksa,2015-0317-IND,0.0,58.45880972614568,,58.45880972614568,58.45880972614568,46.0,71.0,0.0,25.0,1.0,4.089418122922456e-26
poisson,4,E016::bongaigaon,2015-0317-IND,0.0,54.4210514939706,,54.4210514939706,54.4210514939706,43.0,67.0,0.0,24.0,1.0,2.3186630265079315e-24
poisson,4,E016::dhemaji,2015-0317-IND,7.0,71.46134577544659,,64.46134577544659,50.10241034159702,58.0,86.0,0.0,28.0,0.0,9.220019940985665e-32
poisson,4,E016::dibrugarh,2015-0317-IND,0.0,76.93716640605241,,76.93716640605241,76.93716640605241,63.0,92.0,0.0,29.0,1.0,3.860229955805455e-34
poisson,4,E016::jorhat,2015-0317-IND,1.0,78.9488264350823,,77.9488264350823,74.58002655915126,65.0,94.0,0.0,29.0,0.0,5.163691959675318e-35
poisson,4,E016::kamrup,2015-0317-IND,1.0,108.31335115655538,,107.31335115655538,103.62832273076947,91.0,126.0,0.0,35.0,0.0,9.122403464668078e-48
poisson,4,E016::karbi%20anglong,2015-0317-IND,0.0,79.60868810789773,,79.60868810789773,79.60868810789773,65.0,95.0,0.0,30.0,1.0,2.6692302818361833e-35
poisson,4,E016::kokrajhar,2015-0317-IND,3.0,61.15727819227896,,58.15727819227896,50.60869103050333,49.0,74.0,0.0,25.0,0.0,2.7525267790529656e-27
poisson,4,E016::lakhimpur,2015-0317-IND,4.0,63.500987569123325,,59.500987569123325,50.07481956728179,51.0,77.0,0.0,26.0,0.0,2.641627051512594e-28
poisson,4,E016::sonitpur,2015-0317-IND,4.0,72.71318106830677,,68.71318106830677,58.74514419551543,59.0,87.0,0.0,28.0,0.0,2.6367363135314106e-32
poisson,4,E016::tinsukia,2015-0317-IND,1.0,97.97222403086155,,96.97222403086155,93.38754002062088,82.0,115.0,0.0,33.0,0.0,2.826205411375262e-43
poisson,4,E017::kutch,2015-0317-IND,42.0,38.975171981287716,,3.0248280187122845,2.904210624381946,29.0,50.0,1.0,21.0,0.0,1.183853267861656e-17
poisson,4,E019::bishnupur,2015-0317-IND,5.0,37.705582093873225,,32.705582093873225,24.344033088436582,28.0,48.0,0.0,20.0,0.0,4.213798456125731e-17
poisson,4,E019::chandel,2015-0317-IND,68.0,62.864756939386595,,5.135243060613405,3.23417091048195,50.0,76.0,1.0,26.0,0.0,4.9909469657122e-28
poisson,4,E019::churachandpur,2015-0317-IND,7.0,62.70501195580914,,55.70501195580914,42.261083657269694,50.0,76.0,0.0,26.0,0.0,5.855437097770133e-28
poisson,4,E019::thoubal,2015-0317-IND,38.0,46.6652980366336,,8.665298036633601,3.5994660336086497,36.0,58.0,1.0,22.0,0.0,5.414003925418057e-21
poisson,4,E019::ukhrul,2015-0317-IND,3.0,75.02966893031578,,72.02966893031578,63.867777536392495,61.0,90.0,0.0,29.0,0.0,2.6003320241949675e-33
poisson,4,E020::balasore,2015-0317-IND,45.0,60.56128132411047,,15.561281324110467,5.020705455743013,48.0,74.0,0.0,26.0,0.0,4.995393494766603e-27
poisson,4,E020::bhadrak,2015-0317-IND,41.0,58.445663108167594,,17.445663108167594,5.687877928994141,46.0,71.0,0.0,25.0,0.0,4.1435350888422944e-26
poisson,4,E020::deogarh,2015-0317-IND,14.0,59.45808859802093,,45.45808859802093,27.455506386206856,47.0,72.0,0.0,25.0,0.0,1.505498119457951e-26
poisson,4,E020::jajpur,2015-0317-IND,47.0,71.66757012157935,,24.667570121579345,7.684490509703252,58.0,86.0,0.0,28.0,0.0,7.501873986741652e-32
poisson,4,E020::jharsuguda,2015-0317-IND,14.0,61.58026320670458,,47.58026320670458,29.086704555488303,49.0,75.0,0.0,26.0,0.0,1.803148501039176e-27
poisson,4,E020::keonjhar,2015-0317-IND,37.0,80.60982324729859,,43.60982324729859,17.524476513752973,66.0,96.0,0.0,30.0,0.0,9.808409210980016e-36
poisson,4,E020::mayurbhanj,2015-0317-IND,45.0,88.52881926989106,,43.52881926989106,15.902986587782593,73.0,104.0,0.0,31.0,0.0,3.567979099284384e-39
poisson,4,E021::barmer,2015-0317-IND,22.0,50.381751375952426,,28.381751375952426,12.621093987750179,39.0,62.0,0.0,23.0,0.0,1.3166895500998693e-22
poisson,4,E022::jalpaiguri,2015-0317-IND,0.0,67.50567214631033,,67.50567214631033,67.50567214631033,54.0,81.0,0.0,27.0,1.0,4.815696290966493e-30
poisson,4,E022::malda,2015-0317-IND,0.0,68.66271790857641,,68.66271790857641,68.66271790857641,55.0,83.0,0.0,28.0,1.0,1.5141207103235948e-30
poisson,4,E031::namsai,2016-0239-IND,31.0,40.13921313303202,,9.139213133032023,3.7684707428575805,30.0,51.0,1.0,21.0,0.0,3.696249071044705e-18
poisson,4,E032::barpeta,2016-0239-IND,95.0,44.879742277804844,,50.120257722195156,24.31608186974791,34.0,56.0,0.0,22.0,0.0,3.228312587759442e-20
poisson,4,E032::bongaigaon,2016-0239-IND,27.0,42.63907652231242,,15.639076522312422,5.871794853191318,32.0,54.0,0.0,22.0,0.0,3.034480513355272e-19
poisson,4,E032::darrang,2016-0239-IND,0.0,42.65185275079321,,42.65185275079321,42.65185275079321,32.0,54.0,0.0,22.0,1.0,2.9959579078099874e-19
poisson,4,E032::dhemaji,2016-0239-IND,111.0,46.34713562375665,,64.65286437624334,35.565738821920284,35.0,58.0,0.0,23.0,0.0,7.442087065910147e-21
poisson,4,E032::dhubri,2016-0239-IND,62.0,58.28440993705047,,3.7155900629495306,3.0998435227586754,46.0,71.0,1.0,25.0,0.0,4.868580814645374e-26
poisson,4,E032::goalpara,2016-0239-IND,10.0,47.85421251631071,,37.85421251631071,24.277033590460263,37.0,60.0,0.0,23.0,0.0,1.648844000414656e-21
poisson,4,E032::jorhat,2016-0239-IND,107.0,105.10903528449164,,1.8909647155083604,3.273040373631531,89.0,122.0,1.0,33.0,0.0,2.247635991058763e-46
poisson,4,E032::lakhimpur,2016-0239-IND,163.0,81.4916431114634,,81.5083568885366,34.957673057179576,67.0,97.0,0.0,30.0,0.0,4.0609634008819467e-36
poisson,4,E032::morigaon,2016-0239-IND,131.0,43.28705610684159,,87.71294389315841,60.706249948534605,33.0,54.0,0.0,21.0,0.0,1.5873415885178631e-19
poisson,4,E032::sonitpur,2016-0239-IND,50.0,55.03843162521616,,5.0384316252161625,3.1146136751041524,43.0,68.0,1.0,25.0,0.0,1.2505839555175574e-24
poisson,4,E033::chamoli,2016-0239-IND,110.0,58.721030156747446,,51.278969843252554,21.036034637376275,46.0,72.0,0.0,26.0,0.0,3.1461587400330654e-26
poisson,4,E033::pithoragarh,2016-0239-IND,113.0,78.07376414658648,,34.926235853413516,10.13704720402177,64.0,93.0,0.0,29.0,0.0,1.2387824662655295e-34
poisson,4,E047::barpeta,2017-0180-IND,4.0,46.59398433787015,,42.59398433787015,34.406152402871825,36.0,58.0,0.0,22.0,0.0,5.814196591338938e-21
poisson,4,E047::biswanath,2017-0180-IND,40.0,39.94502525080639,,0.05497474919361167,2.76549936263752,30.0,51.0,1.0,21.0,0.0,4.4884454779463434e-18
poisson,4,E047::cachar,2017-0180-IND,1.0,46.50598529416452,,45.50598529416452,42.666404273850866,36.0,58.0,0.0,22.0,0.0,6.34902754533675e-21
poisson,4,E047::darrang,2017-0180-IND,28.0,48.66134285120232,,20.66134285120232,7.7743078479232395,37.0,60.0,0.0,23.0,0.0,7.356094804184344e-22
poisson,4,E047::dhemaji,2017-0180-IND,3.0,44.80072415429291,,41.80072415429291,35.18581071317509,34.0,56.0,0.0,22.0,0.0,3.4937571540429744e-20
poisson,4,E047::dhubri,2017-0180-IND,2.0,65.80473829352692,,63.804738293526924,58.12450178152975,53.0,79.0,0.0,26.0,0.0,2.638549681936777e-29
poisson,4,E047::dibrugarh,2017-0180-IND,2.0,46.10401395544248,,44.10401395544248,39.13536110234413,35.0,58.0,0.0,23.0,0.0,9.490326317463126e-21
poisson,4,E047::goalpara,2017-0180-IND,3.0,56.969360664250736,,53.969360664250736,46.63357936016021,45.0,70.0,0.0,25.0,0.0,1.8135144733466138e-25
poisson,4,E047::golaghat,2017-0180-IND,1.0,48.16125660172547,,47.16125660172547,44.28670170883678,37.0,60.0,0.0,23.0,0.0,1.2129196064647543e-21
poisson,4,E047::hailakandi,2017-0180-IND,19.0,43.94248452487197,,24.942484524871972,11.407618142265044,33.0,55.0,0.0,22.0,0.0,8.241788200566283e-20
poisson,4,E047::hojai,2017-0180-IND,17.0,51.01202029140466,,34.01202029140466,17.67205169353334,40.0,63.0,0.0,23.0,0.0,7.010695050802689e-23
poisson,4,E047::jorhat,2017-0180-IND,14.0,51.417904320064004,,37.417904320064004,21.449315274448896,40.0,63.0,0.0,23.0,0.0,4.6718391611006155e-23
poisson,4,E047::kamrup,2017-0180-IND,27.0,48.32142945096499,,21.32142945096499,8.176339400642256,37.0,60.0,0.0,23.0,0.0,1.0334032707564998e-21
poisson,4,E047::kamrup%20metropolitan,2017-0180-IND,12.0,76.92516119420507,,64.92516119420507,44.79837948972869,63.0,92.0,0.0,29.0,0.0,3.906852128785232e-34
poisson,4,E047::karbi%20anglong,2017-0180-IND,1.0,46.06214777746116,,45.06214777746116,42.23215625416312,35.0,57.0,0.0,22.0,0.0,9.896084515403331e-21
poisson,4,E047::karimganj,2017-0180-IND,22.0,46.02958811944276,,24.029588119442757,10.256512457885272,35.0,57.0,0.0,22.0,0.0,1.0223600615389643e-20
poisson,4,E047::kokrajhar,2017-0180-IND,1.0,71.27758588980926,,70.27758588980926,67.01100397520833,58.0,85.0,0.0,27.0,0.0,1.1079949083983186e-31
poisson,4,E047::lakhimpur,2017-0180-IND,53.0,44.93922621510856,,8.060773784891438,3.5888688648663276,34.0,56.0,1.0,22.0,0.0,3.041879694124041e-20
poisson,4,E047::majuli,2017-0180-IND,3.0,32.21008178825638,,29.21008178825638,23.58500274980663,23.0,42.0,0.0,19.0,0.0,1.0264533529821842e-14
poisson,4,E047::morigaon,2017-0180-IND,2.0,44.840084024627586,,42.840084024627586,37.92702626102989,34.0,56.0,0.0,22.0,0.0,3.3589144292992116e-20
poisson,4,E047::nagaon,2017-0180-IND,1.0,51.44195899820627,,50.44195899820627,47.50150483583319,40.0,64.0,0.0,24.0,0.0,4.5608004283574173e-23
poisson,4,E047::nalbari,2017-0180-IND,3.0,49.7573363888544,,46.7573363888544,39.82762210457658,38.0,62.0,0.0,24.0,0.0,2.4584612768273303e-22
poisson,4,E047::sivasagar,2017-0180-IND,1.0,56.82532694875612,,55.82532694875612,52.78534482542639,45.0,69.0,0.0,24.0,0.0,2.0944696607380857e-25
poisson,4,E047::sonitpur,2017-0180-IND,15.0,50.862300581956625,,35.862300581956625,19.824742076920245,39.0,63.0,0.0,24.0,0.0,8.142982854291771e-23
poisson,4,E047::tinsukia,2017-0180-IND,0.0,62.678315397688436,,62.678315397688436,62.678315397688436,50.0,76.0,0.0,26.0,1.0,6.01386241074705e-28
poisson,4,E047::udalguri,2017-0180-IND,11.0,63.35765970443,,52.35765970443,35.2232136365541,51.0,77.0,0.0,26.0,0.0,3.048723259089832e-28
poisson,4,E048::giridih,2017-0180-IND,0.0,45.02891249827523,,45.02891249827523,45.02891249827523,34.0,56.0,0.0,22.0,1.0,2.7809410054758126e-20
poisson,4,E049::bishnupur,2017-0180-IND,1.0,36.94107991724644,,35.94107991724644,33.331755708542985,27.0,47.0,0.0,20.0,0.0,9.050922295754445e-17
poisson,4,E049::imphal%20east,2017-0180-IND,5.0,37.64918724230793,,32.64918724230793,24.29512215097398,28.0,48.0,0.0,20.0,0.0,4.458263491756498e-17
poisson,4,E049::imphal%20west,2017-0180-IND,4.0,37.95475675303573,,33.95475675303573,26.587231228892097,28.0,48.0,0.0,20.0,0.0,3.284419184271074e-17
poisson,4,E049::thoubal,2017-0180-IND,5.0,33.92203272349251,,28.922032723492507,21.089200785685012,25.0,44.0,0.0,19.0,0.0,1.8528846063781706e-15
poisson,4,E060::dakshina%20kannada,2018-0216-IND,87.0,88.42857077766577,,1.4285707776657688,3.1644524279771105,73.0,104.0,1.0,31.0,0.0,3.944206719771533e-39
poisson,4,E060::udupi,2018-0216-IND,60.0,67.9491913964376,,7.949191396437598,3.4517503872589685,55.0,82.0,1.0,27.0,0.0,3.0905880906007987e-30
poisson,4,E103::darrang,2020-0206-IND,41.0,34.07258591398268,,6.927414086017322,3.438579413764657,25.0,44.0,1.0,19.0,0.0,1.5939105800008437e-15
poisson,4,E103::goalpara,2020-0206-IND,70.0,30.22134631936659,,39.77865368063341,22.061994432943024,21.0,40.0,0.0,19.0,0.0,7.499564727689683e-14
poisson,4,E103::lakhimpur,2020-0206-IND,47.0,38.04262530496492,,8.957374695035078,3.8261072100614157,28.0,48.0,1.0,20.0,0.0,3.008137979662083e-17
poisson,4,E103::sonitpur,2020-0206-IND,21.0,38.492749741126026,,17.492749741126026,7.21302063150987,29.0,49.0,0.0,20.0,0.0,1.9178347969465888e-17
poisson,4,E103::udalguri,2020-0206-IND,1.0,52.12685183060263,,51.12685183060263,48.17317162438854,41.0,64.0,0.0,23.0,0.0,2.2993013323863343e-23
poisson,4,E143::alappuzha,2021-0677-IND,65.0,50.849755168131715,,14.150244831868285,4.815446920365197,39.0,63.0,0.0,24.0,0.0,8.245783433582805e-23
poisson,4,E143::idukki,2021-0677-IND,220.0,70.11827644052623,,149.88172355947376,105.29210221781697,57.0,84.0,0.0,27.0,0.0,3.53198996753592e-31
poisson,4,E143::kollam,2021-0677-IND,35.0,85.66093970013345,,50.660939700133454,22.03322232531491,71.0,101.0,0.0,30.0,0.0,6.279521816052224e-38
poisson,4,E143::kottayam,2021-0677-IND,254.0,49.1986824514255,,204.8013175485745,215.81934172560022,38.0,61.0,0.0,23.0,0.0,4.298171047570766e-22
poisson,4,E143::pathanamthitta,2021-0677-IND,100.0,63.77068999234979,,36.22931000765021,11.980697519559442,51.0,77.0,0.0,26.0,0.0,2.0171640946901956e-28
poisson,4,E143::thiruvananthapuram,2021-0677-IND,18.0,99.91207103494187,,81.91207103494187,53.43028707133398,84.0,117.0,0.0,33.0,0.0,4.061990225369084e-44
poisson,4,E148::baksa,2022-0293-IND,21.0,31.79161140349482,,10.79161140349482,4.528498586450233,23.0,41.0,0.0,18.0,0.0,1.5598347691212006e-14
poisson,4,E148::barpeta,2022-0293-IND,31.0,28.84237907279016,,2.157620927209841,2.7173827908841375,20.0,38.0,1.0,18.0,0.0,2.977926152086348e-13
poisson,4,E148::biswanath,2022-0293-IND,42.0,24.482653220205957,,17.517346779794043,7.94001155207452,17.0,33.0,0.0,16.0,0.0,2.3298008754108783e-11
poisson,4,E148::bongaigaon,2022-0293-IND,11.0,31.333999717211086,,20.333999717211086,10.944566192675573,22.0,41.0,0.0,19.0,0.0,2.464999450824931e-14
poisson,4,E148::cachar,2022-0293-IND,191.0,27.79305517832456,,163.20694482167545,208.48863191233983,19.0,37.0,0.0,18.0,0.0,8.504122369684934e-13
poisson,4,E148::chirang,2022-0293-IND,6.0,38.858878978092235,,32.858878978092235,23.478510615147314,29.0,49.0,0.0,20.0,0.0,1.329851926805274e-17
poisson,4,E148::darrang,2022-0293-IND,98.0,28.64320649456339,,69.35679350543661,54.400495159412955,20.0,38.0,0.0,18.0,0.0,3.634238922949739e-13
poisson,4,E148::dhemaji,2022-0293-IND,33.0,24.76385023967832,,8.23614976032168,3.9086142987249843,17.0,33.0,1.0,16.0,0.0,1.7587191409085776e-11
poisson,4,E148::dhubri,2022-0293-IND,29.0,36.25299054084944,,7.252990540849439,3.384895116297699,27.0,46.0,1.0,19.0,0.0,1.8010520151826315e-16
poisson,4,E148::dibrugarh,2022-0293-IND,43.0,28.682118195838857,,14.317881804161143,5.895423335463281,20.0,38.0,0.0,18.0,0.0,3.495540499495522e-13
poisson,4,E148::dima%20hasao,2022-0293-IND,194.0,30.835376808670226,,163.16462319132978,197.19260689776064,22.0,40.0,0.0,18.0,0.0,4.0585042453041e-14
poisson,4,E148::goalpara,2022-0293-IND,46.0,27.369384421318557,,18.630615578681443,8.088407994169643,19.0,36.0,0.0,17.0,0.0,1.2990545031844507e-12
poisson,4,E148::golaghat,2022-0293-IND,28.0,31.756846544978515,,3.756846544978515,2.819556125652838,23.0,41.0,1.0,18.0,0.0,1.6150158275031166e-14
poisson,4,E148::hailakandi,2022-0293-IND,36.0,28.059105452833577,,7.9408945471664225,3.743524997767935,20.0,37.0,1.0,17.0,0.0,6.517564453593538e-13
poisson,4,E148::hojai,2022-0293-IND,149.0,27.70856269858131,,121.29143730141868,132.7785515244484,19.0,37.0,0.0,18.0,0.0,9.25388543486099e-13
poisson,4,E148::kamrup,2022-0293-IND,50.0,27.03125512152909,,22.96874487847091,10.659332393346748,19.0,36.0,0.0,17.0,0.0,1.8216924642708324e-12
poisson,4,E148::kamrup%20metropolitan,2022-0293-IND,32.0,42.657020855842774,,10.657020855842774,4.112840279899771,32.0,54.0,1.0,22.0,0.0,2.9805144237660094e-19
poisson,4,E148::karimganj,2022-0293-IND,51.0,31.01313384750375,,19.98686615249625,8.267776281668969,22.0,40.0,0.0,18.0,0.0,3.3975597536141074e-14
poisson,4,E148::kokrajhar,2022-0293-IND,12.0,37.268228043021224,,25.268228043021224,13.837748515808016,28.0,48.0,0.0,20.0,0.0,6.525506259602625e-17
poisson,4,E148::lakhimpur,2022-0293-IND,57.0,26.019283937606648,,30.980716062393352,16.66136902284038,18.0,35.0,0.0,17.0,0.0,5.011509556133343e-12
poisson,4,E148::majuli,2022-0293-IND,24.0,16.993060091982183,,7.0069399080178165,3.7904687503110175,11.0,24.0,1.0,13.0,0.0,4.1687684312867006e-08
poisson,4,E148::morigaon,2022-0293-IND,71.0,26.24598984702087,,44.754010152979134,28.954275405760146,18.0,35.0,0.0,17.0,0.0,3.994950820612024e-12
poisson,4,E148::nagaon,2022-0293-IND,142.0,31.425416044164333,,110.57458395583566,106.9886840390345,23.0,41.0,0.0,18.0,0.0,2.2496513704681964e-14
poisson,4,E148::nalbari,2022-0293-IND,32.0,25.383694231857326,,6.616305768142674,3.450229415823678,17.0,34.0,1.0,17.0,0.0,9.462407885922033e-12
poisson,4,E148::sivasagar,2022-0293-IND,11.0,27.21545342605037,,16.21545342605037,8.37612679294185,19.0,36.0,0.0,17.0,0.0,1.515230677699021e-12
poisson,4,E148::sonitpur,2022-0293-IND,36.0,30.54585950617851,,5.454140493821491,3.1733048384124842,22.0,40.0,1.0,18.0,0.0,5.4212791640760575e-14
poisson,4,E148::south%20salmara,2022-0293-IND,8.0,29.137286760946765,,21.137286760946765,12.765740175984249,21.0,38.0,0.0,17.0,0.0,2.2173647649507058e-13
poisson,4,E148::tinsukia,2022-0293-IND,15.0,35.41088335639346,,20.410883356393462,9.804866555193612,26.0,45.0,0.0,19.0,0.0,4.180697637404824e-16
poisson,4,E148::udalguri,2022-0293-IND,52.0,37.93568249116918,,14.064317508830818,5.230126490039218,28.0,48.0,0.0,20.0,0.0,3.3476683538459075e-17
poisson,4,E148::west%20karbi%20anglong,2022-0293-IND,1.0,25.46966244239291,,24.46966244239291,22.23217440663452,17.0,34.0,0.0,17.0,0.0,8.682926910782882e-12
poisson,4,E150::bharuch,2022-0293-IND,0.0,36.81698477429458,,36.81698477429458,36.81698477429458,27.0,47.0,0.0,20.0,1.0,1.0246762546833719e-16
poisson,4,E150::navsari,2022-0293-IND,0.0,51.1816675629326,,51.1816675629326,51.1816675629326,40.0,63.0,0.0,23.0,1.0,5.916763397130408e-23
poisson,4,E150::surat,2022-0293-IND,0.0,53.73872712424829,,53.73872712424829,53.73872712424829,42.0,66.0,0.0,24.0,1.0,4.587407765698703e-24
poisson,4,E150::tapi,2022-0293-IND,0.0,31.532970545446716,,31.532970545446716,31.532970545446716,23.0,41.0,0.0,18.0,1.0,2.0202489703566243e-14
poisson,4,E150::vadodara,2022-0293-IND,0.0,44.660915115627546,,44.660915115627546,44.660915115627546,34.0,56.0,0.0,22.0,1.0,4.0180099560563265e-20
poisson,4,E150::valsad,2022-0293-IND,0.0,53.99160775624159,,53.99160775624159,53.99160775624159,42.0,66.0,0.0,24.0,1.0,3.5624000021023454e-24
poisson,4,E151::chamba,2022-0293-IND,0.0,40.02702529027236,,40.02702529027236,40.02702529027236,30.0,51.0,0.0,21.0,1.0,4.13507879377448e-18
poisson,4,E151::kullu,2022-0293-IND,0.0,31.80946590645065,,31.80946590645065,31.80946590645065,23.0,41.0,0.0,18.0,1.0,1.5322318461356235e-14
poisson,4,E151::mandi,2022-0293-IND,0.0,43.41176059768988,,43.41176059768988,43.41176059768988,33.0,55.0,0.0,22.0,1.0,1.401238052703035e-19
poisson,4,E153::bhandara,2022-0293-IND,0.0,37.57442212513458,,37.57442212513458,37.57442212513458,28.0,48.0,0.0,20.0,1.0,4.80436296334023e-17
poisson,4,E153::kolhapur,2022-0293-IND,0.0,72.67876465574166,,72.67876465574166,72.67876465574166,59.0,87.0,0.0,28.0,1.0,2.729062981520981e-32
poisson,4,E153::nandurbar,2022-0293-IND,0.0,32.57966734429577,,32.57966734429577,32.57966734429577,23.0,42.0,0.0,19.0,1.0,7.093004740927067e-15
poisson,4,E154::east%20khasi%20hills,2022-0293-IND,2.0,50.5761310587228,,48.5761310587228,43.42231874569809,39.0,63.0,0.0,24.0,0.0,1.0840900669370792e-22
poisson,4,E154::ri%20bhoi,2022-0293-IND,0.0,39.632536574133745,,39.632536574133745,39.632536574133745,30.0,50.0,0.0,20.0,1.0,6.134908108180901e-18
poisson,4,E159::ballia,2022-0590-IND,1.0,51.214255038040996,,50.214255038040996,47.278237126035094,40.0,63.0,0.0,23.0,0.0,5.727058801760858e-23
poisson,4,E159::budaun,2022-0590-IND,2.0,46.647024812253406,,44.647024812253406,39.654953695895436,36.0,58.0,0.0,22.0,0.0,5.513844661890097e-21
poisson,4,E182::barpeta,2024-0481-IND,41.0,24.072289650296696,,16.927710349703304,7.682985183049809,16.0,32.0,0.0,16.0,0.0,3.5118619701021774e-11
poisson,4,E182::biswanath,2024-0481-IND,31.0,25.04544778194632,,5.954552218053681,3.296216677159432,17.0,34.0,1.0,17.0,0.0,1.3270895564636302e-11
poisson,4,E182::cachar,2024-0481-IND,101.0,29.62447526533688,,71.37552473466312,55.73028177740983,21.0,39.0,0.0,18.0,0.0,1.362240735511804e-13
poisson,4,E182::chirang,2024-0481-IND,36.0,25.155380648490024,,10.844619351509976,4.77248981646035,17.0,34.0,0.0,17.0,0.0,1.1889319397069222e-11
poisson,4,E182::darrang,2024-0481-IND,60.0,21.19688783817683,,38.803112161823165,26.59379901290161,14.0,29.0,0.0,15.0,0.0,6.227426040216895e-10
poisson,4,E182::dhemaji,2024-0481-IND,86.0,27.353585697245226,,58.64641430275478,43.01363864769726,19.0,36.0,0.0,17.0,0.0,1.3197408857874699e-12
poisson,4,E182::dhubri,2024-0481-IND,99.0,26.191257328577844,,72.80874267142215,62.04832183035441,18.0,35.0,0.0,17.0,0.0,4.219698952996325e-12
poisson,4,E182::dibrugarh,2024-0481-IND,82.0,30.20599993372284,,51.794000066277164,33.22096522945512,21.0,40.0,0.0,19.0,0.0,7.615543592163503e-14
poisson,4,E182::goalpara,2024-0481-IND,81.0,23.103099929432233,,57.89690007056777,46.833362196908666,16.0,31.0,0.0,15.0,0.0,9.256593362040559e-11
poisson,4,E182::golaghat,2024-0481-IND,80.0,22.743079895864263,,57.25692010413574,46.47533068370628,15.0,31.0,0.0,16.0,0.0,1.3268013347421452e-10
poisson,4,E182::hailakandi,2024-0481-IND,31.0,30.34966465824282,,0.6503353417571809,2.6455386944855697,22.0,40.0,1.0,18.0,0.0,6.596417137478317e-14
poisson,4,E182::jorhat,2024-0481-IND,51.0,25.46567924942301,,25.53432075057699,12.771358508883118,17.0,34.0,0.0,17.0,0.0,8.717581656663293e-12
poisson,4,E182::kamrup,2024-0481-IND,58.0,22.91024484007087,,35.089755159929126,21.734653617652665,15.0,31.0,0.0,16.0,0.0,1.1225535997963048e-10
poisson,4,E182::kamrup%20metropolitan,2024-0481-IND,37.0,32.52398348334949,,4.47601651665051,3.0214184290506765,23.0,42.0,1.0,19.0,0.0,7.499174228105267e-15
poisson,4,E182::karimganj,2024-0481-IND,71.0,34.94350666441764,,36.05649333558236,17.330211095877928,26.0,45.0,0.0,19.0,0.0,6.671567391074937e-16
poisson,4,E182::majuli,2024-0481-IND,54.0,15.872873891966487,,38.127126108033515,30.903959336959325,10.0,23.0,0.0,13.0,0.0,1.2779046686363935e-07
poisson,4,E182::morigaon,2024-0481-IND,58.0,21.429166717262785,,36.57083328273721,24.1297884967539,14.0,29.0,0.0,15.0,0.0,4.936636420128847e-10
poisson,4,E182::nagaon,2024-0481-IND,88.0,26.262593668179633,,61.73740633182037,47.82997156386459,18.0,35.0,0.0,17.0,0.0,3.929167014230741e-12
poisson,4,E182::nalbari,2024-0481-IND,47.0,19.51050586772672,,27.48949413227328,16.67843360702139,13.0,27.0,0.0,14.0,0.0,3.3627529511948693e-09
poisson,4,E182::sivasagar,2024-0481-IND,73.0,23.81409207356005,,49.18590792643995,35.65268289149951,16.0,32.0,0.0,16.0,0.0,4.546437455096369e-11
poisson,4,E182::south%20salmara,2024-0481-IND,38.0,24.028641382461796,,13.971358617538204,6.185472626136654,16.0,32.0,0.0,16.0,0.0,3.6685432199565586e-11
poisson,4,E183::auraiya,2024-0481-IND,0.0,23.699526550080606,,23.699526550080606,23.699526550080606,16.0,32.0,0.0,16.0,1.0,5.09831183839306e-11
poisson,4,E183::ayodhya,2024-0481-IND,5.0,29.85626992212434,,24.85626992212434,17.661787337786134,21.0,39.0,0.0,18.0,0.0,1.0804053413616324e-13
poisson,4,E183::ballia,2024-0481-IND,16.0,32.99191563519558,,16.991915635195582,7.723574930041938,24.0,43.0,0.0,19.0,0.0,4.696702936686471e-15
poisson,4,E183::balrampur,2024-0481-IND,22.0,23.918654216382684,,1.9186542163826843,2.5473449240771444,16.0,32.0,1.0,16.0,0.0,4.0950617909317746e-11
poisson,4,E183::barabanki,2024-0481-IND,12.0,26.126597496668026,,14.126597496668026,6.958365712970078,18.0,35.0,0.0,17.0,0.0,4.5015582709177646e-12
poisson,4,E183::budaun,2024-0481-IND,3.0,28.2303799358941,,25.2303799358941,20.000943302838454,20.0,37.0,0.0,17.0,0.0,5.491636359933577e-13
poisson,4,E183::chandauli,2024-0481-IND,0.0,24.292844842304394,,24.292844842304394,24.292844842304394,16.0,33.0,0.0,17.0,1.0,2.8167709639313433e-11
poisson,4,E183::deoria,2024-0481-IND,4.0,29.05247714211061,,25.05247714211061,18.754115967115194,20.0,38.0,0.0,18.0,0.0,2.413623310538921e-13
poisson,4,E183::gonda,2024-0481-IND,10.0,29.887013843740856,,19.887013843740856,11.017185752364039,21.0,39.0,0.0,18.0,0.0,1.0476948451243332e-13
poisson,4,E183::gorakhpur,2024-0481-IND,23.0,30.122007374598677,,7.122007374598677,3.4077938702418926,21.0,39.0,1.0,18.0,0.0,8.282823621206238e-14
poisson,4,E183::hardoi,2024-0481-IND,3.0,27.922430678419857,,24.922430678419857,19.72589914928558,20.0,37.0,0.0,17.0,0.0,7.472095863208269e-13
poisson,4,E183::hathras,2024-0481-IND,0.0,24.237893140316558,,24.237893140316558,24.237893140316558,16.0,33.0,0.0,17.0,1.0,2.9758891926287e-11
poisson,4,E183::kushinagar,2024-0481-IND,17.0,31.849719085655455,,14.849719085655455,6.517306980727287,23.0,41.0,0.0,18.0,0.0,1.4717795049609615e-14
poisson,4,E183::lakhimpur%20kheri,2024-0481-IND,27.0,28.154708252666577,,1.1547082526665768,2.5939527750539035,20.0,37.0,1.0,17.0,0.0,5.923325057006436e-13
poisson,4,E183::maharajganj,2024-0481-IND,0.0,24.633936864297752,,24.633936864297752,24.633936864297752,17.0,33.0,0.0,16.0,1.0,2.0027057848223446e-11
poisson,4,E183::mainpuri,2024-0481-IND,0.0,25.0038134530579,,25.0038134530579,25.0038134530579,17.0,33.0,0.0,16.0,1.0,1.3835083696908532e-11
poisson,4,E183::pilibhit,2024-0481-IND,34.0,25.147288493629265,,8.852711506370735,4.086613405624792,17.0,34.0,1.0,17.0,0.0,1.1985919936943189e-11
poisson,4,E183::pratapgarh,2024-0481-IND,1.0,35.83167731154161,,34.83167731154161,32.25284496827156,26.0,46.0,0.0,20.0,0.0,2.7447340262339133e-16
poisson,4,E183::prayagraj,2024-0481-IND,3.0,40.18979954260168,,37.18979954260168,30.90071934971326,30.0,51.0,0.0,21.0,0.0,3.5139196762412275e-18
poisson,4,E183::shahjahanpur,2024-0481-IND,17.0,25.96419038972896,,8.964190389728959,4.105052808216453,18.0,35.0,0.0,17.0,0.0,5.295358733290674e-12
poisson,4,E183::shrawasti,2024-0481-IND,0.0,20.805920705121302,,20.805920705121302,20.805920705121302,14.0,29.0,0.0,15.0,1.0,9.206688445118754e-10
poisson,4,E183::siddharthnagar,2024-0481-IND,3.0,22.227758246647323,,19.227758246647323,14.715492078019063,15.0,30.0,0.0,15.0,0.0,2.2213001626251427e-10
poisson,4,E183::sultanpur,2024-0481-IND,1.0,36.35305644253278,,35.35305644253278,32.75977815838705,27.0,47.0,0.0,20.0,0.0,1.6295518614168752e-16
poisson,4,E183::unnao,2024-0481-IND,1.0,25.466720886943236,,24.466720886943236,22.229348350372685,17.0,34.0,0.0,17.0,0.0,8.708505824208517e-12
poisson,4,E183::varanasi,2024-0481-IND,15.0,43.01768725239493,,28.01768725239493,14.492788197670563,33.0,54.0,0.0,21.0,0.0,2.0780490867111265e-19
poisson,4,E186::ahmedabad,2024-0647-IND,63.0,27.983461207357863,,35.01653879264214,19.10111674348738,20.0,37.0,0.0,17.0,0.0,7.029706825180731e-13
poisson,4,E186::amreli,2024-0647-IND,1.0,37.32954456520508,,36.32954456520508,33.709759472588615,28.0,48.0,0.0,20.0,0.0,6.13740500802724e-17
poisson,4,E186::anand,2024-0647-IND,34.0,25.907013840002975,,8.092986159997025,3.834374335153555,18.0,35.0,1.0,17.0,0.0,5.6069521096066224e-12
poisson,4,E186::dahod,2024-0647-IND,4.0,38.46439233617746,,34.46439233617746,27.043514410731284,29.0,49.0,0.0,20.0,0.0,1.9729980618852437e-17
poisson,4,E186::jamnagar,2024-0647-IND,84.0,29.72297876380832,,54.27702123619168,36.1256116955119,21.0,39.0,0.0,18.0,0.0,1.234452368120583e-13
poisson,4,E186::junagadh,2024-0647-IND,15.0,39.91827815517467,,24.91827815517467,12.515034767101092,30.0,51.0,0.0,21.0,0.0,4.610118301999149e-18
poisson,4,E186::kheda,2024-0647-IND,39.0,29.485657944687187,,9.514342055312813,4.1451632287054245,21.0,39.0,1.0,18.0,0.0,1.5650977220316114e-13
poisson,4,E186::kutch,2024-0647-IND,73.0,16.627438455954387,,56.37256154404561,54.68932722144196,10.0,24.0,0.0,14.0,0.0,6.008903512135614e-08
poisson,4,E186::rajkot,2024-0647-IND,56.0,32.391181812684195,,23.608818187315805,9.982350661015047,23.0,42.0,0.0,19.0,0.0,8.564233042448599e-15
poisson,4,E186::surendranagar,2024-0647-IND,6.0,21.343614109437237,,15.343614109437237,9.558349781510719,14.0,29.0,0.0,15.0,0.0,5.377571189663237e-10
poisson,4,E186::vadodara,2024-0647-IND,349.0,38.363158142817284,,310.63684185718273,463.79291834792673,28.0,49.0,0.0,21.0,0.0,2.1831928995236018e-17
poisson,4,E187::kolhapur,2024-0647-IND,1.0,57.8709630197025,,56.8709630197025,53.812747263168255,46.0,71.0,0.0,25.0,0.0,7.361394597467814e-26
poisson,4,E187::nashik,2024-0647-IND,1.0,51.363135928523135,,50.363135928523135,47.424215213207034,40.0,63.0,0.0,23.0,0.0,4.934844734780344e-23
poisson,4,E187::pune,2024-0647-IND,6.0,64.44301478733372,,58.44301478733372,46.027577949601664,52.0,78.0,0.0,26.0,0.0,1.029803303469466e-28
poisson,4,E187::raigad,2024-0647-IND,0.0,52.35979191117951,,52.35979191117951,52.35979191117951,41.0,65.0,0.0,24.0,1.0,1.8215089075521597e-23
poisson,4,E187::ratnagiri,2024-0647-IND,0.0,51.932278230333004,,51.932278230333004,51.932278230333004,40.0,64.0,0.0,24.0,1.0,2.7931749075130834e-23
poisson,4,E187::satara,2024-0647-IND,0.0,49.11044166079432,,49.11044166079432,49.11044166079432,38.0,61.0,0.0,23.0,1.0,4.694682029753674e-22
poisson,4,E187::sindhudurg,2024-0647-IND,1.0,44.058711092561964,,43.058711092561964,40.27318800507544,33.0,55.0,0.0,22.0,0.0,7.337445571835611e-20
poisson,4,E188::dhalai,2024-0647-IND,13.0,27.820622199249787,,14.820622199249787,7.137677883872627,19.0,37.0,0.0,18.0,0.0,8.272890875421678e-13
poisson,4,E188::north%20tripura,2024-0647-IND,4.0,35.23696005445549,,31.236960054455487,24.16663175166331,26.0,45.0,0.0,19.0,0.0,4.9748809140477675e-16
poisson,4,E188::south%20tripura,2024-0647-IND,31.0,29.821110906426874,,1.178889093573126,2.66162102598269,21.0,39.0,1.0,18.0,0.0,1.119067000078411e-13
poisson,4,E188::west%20tripura,2024-0647-IND,34.0,39.32115055113183,,5.321150551131829,3.062051186953447,29.0,50.0,1.0,21.0,0.0,8.376089198113477e-18
poisson,4,E198::chamba,2025-0469-IND,46.0,34.15925254952776,,11.840747450472243,4.684287145775777,25.0,44.0,0.0,19.0,0.0,1.4615884816161202e-15
poisson,4,E198::hamirpur,2025-0469-IND,20.0,32.00349329720645,,12.003493297206447,5.022208510373844,23.0,42.0,0.0,19.0,0.0,1.2620003036260948e-14
poisson,4,E198::kinnaur,2025-0469-IND,12.0,16.654670009837677,,4.654670009837677,2.8895966074556902,10.0,24.0,1.0,14.0,0.0,5.847479619384097e-08
poisson,4,E198::kullu,2025-0469-IND,77.0,28.915053846196894,,48.0849461538031,30.424093572988465,20.0,38.0,0.0,18.0,0.0,2.7691830882813045e-13
poisson,4,E198::mandi,2025-0469-IND,312.0,36.37259150886332,,275.6274084911367,398.7098540552186,27.0,47.0,0.0,20.0,0.0,1.5980273766868294e-16
poisson,4,E198::shimla,2025-0469-IND,39.0,40.72854921227971,,1.7285492122797095,2.790066718664299,31.0,51.0,1.0,20.0,0.0,2.0502924912128714e-18
poisson,4,E199::bageshwar,2025-0469-IND,0.0,29.203355395512936,,29.203355395512936,29.203355395512936,21.0,38.0,0.0,17.0,1.0,2.075601130991033e-13
poisson,4,E199::chamoli,2025-0469-IND,7.0,23.562083777154193,,16.562083777154193,9.969773535264576,16.0,32.0,0.0,16.0,0.0,5.849476942923829e-11
poisson,4,E202::bageshwar,2025-0803-IND,0.0,30.276332382293603,,30.276332382293603,30.276332382293603,22.0,40.0,0.0,18.0,1.0,7.098325560066113e-14
poisson,4,E202::champawat,2025-0803-IND,1.0,28.95267393567716,,27.95267393567716,25.58701137199677,20.0,38.0,0.0,18.0,0.0,2.6669414014412606e-13
poisson,4,E202::dehradun,2025-0803-IND,128.0,33.77259750003132,,94.22740249996869,79.6629081379426,25.0,44.0,0.0,19.0,0.0,2.1515293070351075e-15
poisson,4,E202::haridwar,2025-0803-IND,0.0,36.39685292083045,,36.39685292083045,36.39685292083045,27.0,47.0,0.0,20.0,1.0,1.5597235079734357e-16
poisson,4,E202::nainital,2025-0803-IND,9.0,41.690508793718934,,32.690508793718934,20.919874809502247,31.0,53.0,0.0,22.0,0.0,7.835055608012545e-19
poisson,4,E202::pauri%20garhwal,2025-0803-IND,1.0,34.83499853681153,,33.83499853681153,31.28437595033285,25.0,45.0,0.0,20.0,0.0,7.43622220017582e-16
poisson,4,E202::pithoragarh,2025-0803-IND,8.0,29.110317059046206,,21.110317059046206,12.746178766149736,21.0,38.0,0.0,17.0,0.0,2.2779801469779936e-13
poisson,4,E202::tehri%20garhwal,2025-0803-IND,0.0,37.46599541039173,,37.46599541039173,37.46599541039173,28.0,48.0,0.0,20.0,1.0,5.354574115618531e-17
poisson,4,E202::udham%20singh%20nagar,2025-0803-IND,0.0,32.30556647146806,,32.30556647146806,32.30556647146806,23.0,42.0,0.0,19.0,1.0,9.329765900019814e-15
poisson,4,E203::araria,2025-0859-IND,2.0,26.780480799725673,,24.780480799725673,20.898281392708807,19.0,36.0,0.0,17.0,0.0,2.3409113426107317e-12
poisson,4,E203::darbhanga,2025-0859-IND,2.0,31.174685086838668,,29.174685086838668,24.98861948729781,22.0,41.0,0.0,19.0,0.0,2.890721760548722e-14
poisson,4,E203::east%20champaran,2025-0859-IND,0.0,31.05045283795407,,31.05045283795407,31.05045283795407,22.0,40.0,0.0,18.0,1.0,3.2731029978362474e-14
poisson,4,E203::gopalganj,2025-0859-IND,1.0,31.85733138228833,,30.85733138228833,28.396063842071356,23.0,41.0,0.0,18.0,0.0,1.4606184174414505e-14
poisson,4,E203::katihar,2025-0859-IND,0.0,33.085289737422706,,33.085289737422706,33.085289737422706,24.0,43.0,0.0,19.0,1.0,4.2780044783315265e-15
poisson,4,E203::kishanganj,2025-0859-IND,2.0,30.201445030819748,,28.201445030819748,24.07881266750219,21.0,40.0,0.0,19.0,0.0,7.650310774239407e-14
poisson,4,E203::madhepura,2025-0859-IND,0.0,23.551804981221792,,23.551804981221792,23.551804981221792,16.0,32.0,0.0,16.0,1.0,5.909912593488056e-11
poisson,4,E203::madhubani,2025-0859-IND,1.0,36.167248188569246,,35.167248188569246,32.57909422543949,27.0,46.0,0.0,19.0,0.0,1.962292238495515e-16
poisson,4,E203::muzaffarpur,2025-0859-IND,2.0,36.772485643692896,,34.772485643692896,30.256133038647846,27.0,47.0,0.0,20.0,0.0,1.0713031923989014e-16
poisson,4,E203::purnia,2025-0859-IND,0.0,29.356942611156988,,29.356942611156988,29.356942611156988,21.0,39.0,0.0,18.0,1.0,1.7800894178075333e-13
poisson,4,E203::saharsa,2025-0859-IND,0.0,25.70535470760819,,25.70535470760819,25.70535470760819,18.0,34.0,0.0,16.0,1.0,6.8597185165315415e-12
poisson,4,E203::samastipur,2025-0859-IND,0.0,38.57570965899038,,38.57570965899038,38.57570965899038,29.0,49.0,0.0,20.0,1.0,1.7651522052006907e-17
poisson,4,E203::saran,2025-0859-IND,2.0,37.16260992320944,,35.16260992320944,30.62515081131621,27.0,47.0,0.0,20.0,0.0,7.252430526284845e-17
poisson,4,E203::sheohar,2025-0859-IND,0.0,28.99233008723448,,28.99233008723448,28.99233008723448,20.0,38.0,0.0,18.0,1.0,2.5632503514729976e-13
poisson,4,E203::sitamarhi,2025-0859-IND,1.0,31.23751150327954,,30.23751150327954,27.79589183886629,22.0,41.0,0.0,19.0,0.0,2.7146955169319444e-14
poisson,4,E203::siwan,2025-0859-IND,0.0,34.421231936705745,,34.421231936705745,34.421231936705745,25.0,44.0,0.0,19.0,1.0,1.124731632381631e-15
poisson,4,E203::supaul,2025-0859-IND,3.0,23.784427254746113,,20.784427254746113,16.069093575500734,16.0,32.0,0.0,16.0,0.0,4.683327062713617e-11
poisson,4,E203::west%20champaran,2025-0859-IND,1.0,30.745034652873485,,29.745034652873485,27.319306146362702,22.0,40.0,0.0,18.0,0.0,4.442230650490066e-14
poisson,4,E204::cooch%20behar,2025-0859-IND,36.0,25.914457816774906,,10.085542183225094,4.461315285242897,18.0,35.0,0.0,17.0,0.0,5.565369052018037e-12
poisson,4,E204::jalpaiguri,2025-0859-IND,232.0,36.00650865539877,,195.99349134460124,239.87391069751402,26.0,46.0,0.0,20.0,0.0,2.3044748795372236e-16
